Latitude,Longitude,Label,Rainfall_2023,Elevation,Slope
26.45391819521079,94.85766167591586,0,1819.61,849.0,40.83781051635742
27.29064126560108,93.6441927390412,0,2592.49,1552.0,34.01340866088867
25.89254186354491,90.8862654750004,0,3693.54,132.0,21.116670608520508
24.141501044332475,92.08223979282748,0,2322.27,271.0,16.03316879272461
25.795861809486414,89.92059801694182,0,3693.54,28.0,1.3868505954742432
27.98873072390111,97.08656009466549,0,1471.65,4243.0,21.274906158447266
25.262405557837656,94.39905584508904,0,1566.44,1528.0,13.10837459564209
25.858151506480592,90.95602620515866,0,3693.54,256.0,27.23851203918457
23.34068673615226,93.12971433699803,0,1327.95,1088.0,23.53673553466797
23.988491915571284,91.6886280285065,0,2322.27,81.0,16.855382919311523
26.0245931619226,90.667823569742,0,3693.54,49.0,9.893123626708984
27.440551233022116,94.63792935024178,0,2567.19,100.0,3.4812140464782715
26.747770512089573,94.84013686179384,0,1819.61,670.0,22.460145950317383
25.173764447508265,92.9107624601716,0,1648.99,1028.0,10.207988739013672
25.771725317464718,90.98197957294654,0,3693.54,658.0,8.955072402954102
27.64582578994305,91.85188212906208,0,853.16,3861.0,9.226242065429688
27.996297949000454,96.74812990724486,0,1471.65,1322.0,31.09321403503418
28.52222106649261,93.9577663730626,0,1535.18,3366.0,21.432649612426758
28.686305434508856,95.61205953974482,0,2348.99,2668.0,27.515920639038086
28.41770474801709,95.70557512540286,0,2348.99,2133.0,49.19759750366211
27.25391144833296,92.87220362001706,0,1971.8,1350.0,24.883438110351562
24.216803202571967,92.67852538570136,0,2141.49,633.0,7.0708160400390625
25.73948117654995,93.71377220455553,0,1306.28,431.0,22.329383850097656
27.690152027124203,94.31490347064565,0,2567.19,380.0,36.35805892944336
26.711747907093603,91.46400840829408,0,1154.3,96.0,0.0
25.98811537766961,93.9374655351359,0,1306.28,152.0,1.0298967361450195
23.65518488600566,92.81500032093244,0,2148.54,398.0,24.397180557250977
24.858512938936244,94.4560547596872,0,1566.44,1178.0,25.106319427490234
23.77129174812673,92.97475413113324,0,1381.49,716.0,17.678983688354492
28.706718057280685,94.83866899178282,0,2270.17,1641.0,47.05593490600586
27.793802434677648,96.34015385482596,0,2484.94,404.0,4.193916320800781
27.16990100027862,93.15280390633394,0,1941.04,1578.0,16.904626846313477
28.35321724061855,94.10991772609722,0,2030.02,2262.0,24.942598342895508
26.23211814446449,94.1631596865912,0,1566.44,357.0,15.22500991821289
25.663915180571983,93.41131933986397,0,1271.17,289.0,8.365970611572266
28.325218810174004,97.08035876140016,0,1044.44,3296.0,49.81489181518555
27.50121547697584,96.24008930755576,0,2174.9,249.0,2.1330714225769043
27.24143142420805,94.54277027359214,0,2567.19,91.0,5.568915367126465
28.037600465027072,95.61434175378942,0,2817.65,165.0,4.264996528625488
28.803447481411524,96.18169705566076,0,1891.54,3467.0,41.48576736450195
25.7323189142945,92.80496220707712,0,1218.05,126.0,3.217461347579956
26.831594448051348,95.48276435675308,0,1916.88,2131.0,16.12916374206543
27.945089724399867,94.59935333647074,0,2681.74,922.0,14.497854232788086
26.0417004731424,92.38011512718968,0,1218.05,646.0,8.97168254852295
26.38862493367516,90.712693436965,0,3717.5,42.0,8.013830184936523
26.75873033002304,93.07665759145723,0,1941.04,80.0,4.24284029006958
24.383829733367552,92.8524580905571,0,1625.06,420.0,19.423137664794922
27.1719490622644,95.843066248923,0,1916.88,667.0,20.25489616394043
27.341287023986663,93.15766258521676,0,1971.8,2304.0,22.281597137451172
24.05449972298268,94.16628883595634,0,1381.49,424.0,20.487590789794922
26.56448253655998,93.20436276660406,0,1427.25,75.0,2.129088878631592
23.81227397798446,91.97210438356,0,2322.27,123.0,16.840675354003906
27.226065111617483,96.02688263415898,0,1835.44,950.0,17.664993286132812
25.52017883804437,92.62311424222932,0,2535.22,719.0,0.0
26.59033772432554,91.7519144688297,0,1154.3,67.0,2.1291956901550293
26.663768309965405,91.52833149337216,0,1154.3,76.0,0.0
26.79657941307178,91.6531835703596,0,1154.3,162.0,9.719952583312988
26.063834163972903,92.31185193415932,0,1218.05,187.0,21.588844299316406
28.567885025819592,93.9158534861246,0,1535.18,4281.0,22.051006317138672
27.999117033498276,94.91252549625796,0,2724.38,512.0,20.744905471801758
28.022300975176535,95.05962827163576,0,2724.38,1678.0,18.649375915527344
27.627746226647297,95.05460201600494,0,2724.38,117.0,17.516265869140625
25.32881389272105,93.91671945706038,0,1306.28,2195.0,24.326416015625
27.88610913580844,95.44311968177163,0,2724.38,130.0,1.0472843647003174
28.08243613916641,88.66042976209948,0,1707.7,5193.0,13.166836738586426
29.071042667355226,95.67277944453458,0,1248.72,2908.0,23.939115524291992
26.336775606805386,94.98641382254458,0,1819.61,2020.0,32.25310134887695
27.19613375790209,93.90865454762331,0,2592.49,116.0,2.279146194458008
26.68235482071714,92.27355719630248,0,1421.55,84.0,1.3925845623016357
26.62634445928871,92.28431292519898,0,1421.55,76.0,2.070430040359497
24.61215937430696,92.36993772559352,0,3648.26,44.0,0.0
25.985420477804603,94.5366254114819,0,1566.44,1161.0,27.015188217163086
28.109633296273444,96.5749221111134,0,2484.94,1366.0,36.30684280395508
27.3703730438991,96.9152011913697,0,1689.08,2483.0,42.74497985839844
25.10169696057199,93.74546890544656,0,1271.17,1984.0,7.13944149017334
24.82039592119542,93.56668688572024,0,1648.99,261.0,30.383527755737305
28.24142892547052,97.13661994726527,0,1471.65,4310.0,22.196094512939453
24.005888018218062,91.9269557490911,0,2322.27,130.0,22.20465087890625
29.059983947632084,95.25501147490408,0,1289.76,3732.0,15.420494079589844
24.647756201407965,93.78596998175064,0,1648.99,772.0,2.1216177940368652
26.18105465433361,93.18096113872622,0,1427.25,307.0,6.8028740882873535
26.614331513431843,95.07591702989926,0,1819.61,614.0,17.280799865722656
26.38999687027628,91.30833960320903,0,1708.67,43.0,1.3906620740890503
25.243166199540383,91.70833719059613,0,3717.5,1194.0,20.59968376159668
27.8626256144147,92.82623774372328,0,1472.72,3841.0,6.325766563415527
26.637255702491405,91.73311424139324,0,1154.3,82.0,1.0356507301330566
23.894674049557352,92.6325376847691,0,2141.49,123.0,10.982389450073242
24.42723360377021,92.635604618665,0,2942.16,62.0,9.707917213439941
27.903176227320586,88.35271312465622,0,1690.33,4907.0,25.383995056152344
28.85949090411269,96.24526050497806,0,1891.54,3949.0,39.703819274902344
27.571677637364147,95.57351432822612,0,1916.88,128.0,2.133380651473999
25.596461216570784,91.50339178060884,0,3693.54,1562.0,11.078327178955078
24.72894129307527,93.7876403701149,0,1648.99,808.0,4.645094394683838
27.588021667925435,92.3428419752812,0,1194.49,4085.0,9.122466087341309
28.693931125349465,94.71871561650156,0,2270.17,1402.0,30.413358688354492
25.963377914662967,92.8076888073214,0,1218.05,77.0,2.0586981773376465
23.7759635593824,93.0017754572249,0,1381.49,653.0,26.346147537231445
27.07222994489476,93.572532491095,0,2204.32,334.0,25.893625259399414
27.573297540028545,93.5116375684224,0,2592.49,1885.0,13.467122077941895
26.251602347978743,94.05467783174308,0,1566.44,143.0,9.448296546936035
23.775339153717045,92.77400043449516,0,2141.49,697.0,34.666053771972656
26.31653879766525,90.7335290852095,0,3717.5,41.0,2.264652967453003
22.33575275517009,93.0015058251935,0,1506.81,1242.0,43.9359130859375
29.201578097586925,95.84617730759491,0,1248.72,3160.0,37.44948959350586
27.472804663819048,88.62583479661164,0,1707.7,3188.0,44.22324752807617
28.301332884193016,93.3980156889345,0,912.05,3779.0,16.28838348388672
25.889963893519862,94.23004141040995,0,1566.44,1301.0,31.250829696655273
24.21958174614191,92.36257403057812,0,2141.49,86.0,9.244449615478516
25.72793968055155,94.99065123386757,0,1669.48,2733.0,44.94938278198242
26.043317363163645,91.62222210713354,0,1708.67,353.0,26.763072967529297
24.471633940902542,93.87259793944206,0,1381.49,774.0,1.0172041654586792
25.97140094569606,93.8125835982125,0,1306.28,147.0,2.259148359298706
27.85796543837332,96.40621496363232,0,2484.94,1488.0,11.68188190460205
28.54810142383599,95.18209848495296,0,2270.17,1161.0,13.94361400604248
26.775996388401023,94.75128203978991,0,1819.61,113.0,2.7901859283447266
26.0358639915922,94.49820852759342,0,1566.44,1065.0,28.505245208740234
24.97148468045412,93.46863970453742,0,1648.99,748.0,5.176947116851807
26.562402223969134,92.75276015230688,0,1941.04,61.0,3.6157543659210205
28.9017898113315,94.56320739437196,0,1158.49,1565.0,19.483976364135742
26.526246610338365,93.40861266547496,0,1649.52,361.0,0.9307487607002258
27.502607628335333,91.9825315125534,0,853.16,3668.0,29.480310440063477
28.21284226018636,97.27647244081588,0,1471.65,4095.0,33.61476516723633
24.957277183913444,93.54106258493132,0,1648.99,455.0,13.22813606262207
25.33447553968745,90.16209969474112,0,3693.54,108.0,15.012845993041992
25.108392888799777,92.68653546099569,0,3573.05,1267.0,18.785648345947266
26.719035828328064,93.44942000147743,0,1941.04,79.0,2.9758994579315186
26.44100334709749,92.71863863837967,0,1218.05,64.0,2.1285810470581055
27.53951952431143,88.62863498025871,0,1707.7,1517.0,30.426729202270508
25.27362582056847,92.92596655532166,0,1648.99,700.0,14.814896583557129
26.166178484271843,91.7774328885182,0,1708.67,55.0,2.127462863922119
23.982665820250396,91.54851208000422,0,2414.95,68.0,6.6613945960998535
25.028212398934496,94.02634201380609,0,1271.17,807.0,9.324131965637207
26.91061986812855,94.71537895994268,0,1941.69,95.0,1.8609058856964111
28.39472706589355,94.79832020203914,0,2270.17,1372.0,31.10946273803711
23.968374622747604,93.52791005861437,0,1381.49,917.0,12.517807960510254
25.03447709507596,93.84379840095744,0,1271.17,1927.0,14.606481552124023
25.23852026179234,93.18083438480042,0,1271.17,440.0,14.5520601272583
27.94265142885837,96.4150875687438,0,2484.94,406.0,23.763164520263672
26.014703449415943,90.5544035295444,0,3693.54,59.0,1.3882397413253784
26.11017731400915,90.60230814165124,0,3717.5,38.0,1.3888516426086426
28.206041497577523,94.125294787695,0,2681.74,1068.0,30.451663970947266
26.965757749849995,93.63674072132068,0,2204.32,103.0,3.2488059997558594
22.29900804283642,92.87832593270409,0,2496.59,600.0,16.034250259399414
25.53980057792772,93.31390965978404,0,1271.17,420.0,23.785400390625
29.013209050313467,94.25065920088186,0,1158.49,3404.0,30.718536376953125
26.45189403446032,92.66435226577116,0,1218.05,66.0,3.6132314205169678
25.67571885613332,94.8102441887764,0,1669.48,1800.0,19.432247161865234
25.22183267518937,94.43699750231583,0,1566.44,1703.0,25.86194610595703
27.168833953478025,95.5006791737352,0,1916.88,259.0,10.775334358215332
26.381876489586883,90.57896170611669,0,3717.5,45.0,0.9307675361633301
27.43777455051761,96.1966968777706,0,2174.9,317.0,19.26116371154785
26.89674338879258,95.56139114795212,0,1916.88,1130.0,28.331344604492188
28.34912415560726,94.5136260708314,0,2030.02,1598.0,41.242733001708984
25.61776557570932,90.38694224634924,0,3693.54,595.0,11.735566139221191
28.92151844473964,94.64845341782072,0,1158.49,2782.0,51.86054611206055
26.19694504533333,89.73288249140141,0,2542.03,37.0,2.12758731842041
28.286815468303494,96.11863277770266,0,1891.54,1303.0,32.22803497314453
27.138315672370357,88.7367235372166,0,2542.03,2961.0,30.630172729492188
27.91609410489313,93.06667013095507,0,1472.72,1678.0,34.29788589477539
26.65765772372944,91.00761905822682,0,1708.67,60.0,1.3924225568771362
27.923530560278003,96.83388312625024,0,1471.65,2590.0,29.669036865234375
26.68296958057949,92.50986001571798,0,1421.55,80.0,1.860965609550476
27.51100535376748,91.9563935539806,0,853.16,3009.0,50.152610778808594
25.81514530495736,93.69730522341858,0,1306.28,160.0,3.2195074558258057
28.908962348474944,96.34388514314844,0,1011.98,4143.0,23.723979949951172
27.664943822544732,91.7186370314729,0,853.16,1736.0,13.685552597045898
25.97192750814842,90.13967322582928,0,3693.54,29.0,1.0297564268112183
26.324654749695945,93.56274019037453,0,1649.52,984.0,7.4247589111328125
28.022720369580647,96.11178299132716,0,2484.94,327.0,2.8019683361053467
26.100542906580085,94.1398530338622,0,1566.44,375.0,30.027935028076172
23.899619647601387,91.54378213742685,0,2414.95,120.0,11.586227416992188
25.67916082261501,94.76620838453212,0,1669.48,1755.0,20.46764373779297
26.417985811610794,92.51760163586788,0,1218.05,62.0,0.9307628870010376
26.21100796855148,94.352464439706,0,1566.44,859.0,42.023399353027344
26.89576429207412,95.47604870139192,0,1916.88,1657.0,29.09674072265625
28.4607063777351,96.01517142049764,0,1891.54,2861.0,19.72332000732422
28.25542460949088,94.6644630568593,0,2724.38,349.0,12.156091690063477
27.07275029564529,94.544718397436,0,1747.44,91.0,2.1312220096588135
27.62681102331725,93.81072138837608,0,2592.49,1669.0,13.431968688964844
26.01987898751252,93.94213207755584,0,1306.28,144.0,0.9308143854141235
26.01707412035524,95.11990509180168,0,1669.48,2281.0,54.74726104736328
26.623425105285072,91.26106849255066,0,1708.67,61.0,2.2696290016174316
27.76212333210847,92.5876854236386,0,1194.49,3292.0,73.43431854248047
25.305900696576423,94.39091178248108,0,1566.44,1218.0,15.035768508911133
25.350620063402864,92.02016352400967,0,3717.5,1311.0,10.300825119018555
24.00448181134948,94.1139606191744,0,1381.49,395.0,22.130353927612305
26.7631232859083,91.94810581314783,0,1154.3,131.0,2.1299142837524414
24.010810198131097,91.7697570485298,0,2322.27,162.0,5.3836822509765625
24.724093001630347,94.09418234386447,0,1648.99,978.0,39.75379180908203
27.773181535976,96.16577629684416,0,2174.9,208.0,7.696572780609131
28.305548160800488,95.25720241850384,0,2270.17,1925.0,20.410608291625977
26.658120072476827,95.13158492692146,0,1819.61,746.0,23.368131637573242
25.18794795564797,94.41047289441624,0,1566.44,1197.0,1.3830838203430176
25.625305176029627,89.93284791624681,0,3693.54,25.0,1.3857802152633667
25.368572968158883,90.95190042235237,0,3693.54,506.0,8.48826789855957
25.56379232966721,91.70722308839086,0,3717.5,1659.0,9.024989128112793
24.146284843133884,93.61747486904724,0,1381.49,927.0,9.284316062927246
28.431291585289816,94.54042642595256,0,2030.02,1750.0,16.557308197021484
22.736275507152502,92.53078243928312,0,2496.59,111.0,24.494258880615234
27.247480492615274,93.80368287054569,0,2204.32,338.0,36.01611328125
25.84222583172289,91.09284882984048,0,3717.5,343.0,18.647436141967773
27.151250163990717,93.32893098136584,0,1941.04,2070.0,21.63228416442871
27.27666947484112,93.97523785792151,0,2592.49,163.0,2.280508279800415
28.511560702536727,94.67508249608682,0,2270.17,1050.0,35.74020004272461
27.98850223395727,94.7143522063922,0,2724.38,826.0,17.629018783569336
28.11665309742838,93.14334001890651,0,1472.72,3513.0,22.815176010131836
26.80319475410362,92.25203450792272,0,1421.55,121.0,5.6617751121521
27.46966441190522,92.94345639695644,0,1971.8,1475.0,16.14481544494629
25.702694301412865,94.1680907928928,0,1566.44,1173.0,21.29380226135254
27.37598389010978,93.21530743990914,0,1971.8,2042.0,20.532995223999023
25.41686432838007,90.46520608878448,0,3693.54,494.0,13.840302467346191
27.400660965630788,96.1517965723594,0,2174.9,211.0,2.977832794189453
27.419089473538065,92.1192821316428,0,853.16,2222.0,28.720672607421875
26.398598103892223,90.62216069328136,0,3717.5,52.0,0.9307653903961182
26.711917127850025,93.84477062338183,0,2204.32,82.0,2.7902112007141113
28.79794406838888,94.74395385718574,0,1289.76,1197.0,28.951156616210938
25.830654576834327,92.19331815745286,0,1218.05,924.0,1.387069821357727
26.413819153872527,91.38842987439472,0,1708.67,49.0,0.9307634234428406
24.396498377119894,94.13773843086892,0,1381.49,1106.0,11.969704627990723
23.820351361550475,92.07487797340865,0,2141.49,184.0,8.044074058532715
27.280089083865505,93.7944400162573,0,2592.49,582.0,36.52555847167969
27.428226570693237,88.34805565249319,0,1690.33,1865.0,29.27198600769043
25.524392413621307,94.21342733788862,0,1566.44,1308.0,23.492809295654297
27.997457783542025,95.94170103740387,0,2817.65,212.0,4.578600883483887
25.761873420673865,90.99879921421086,0,3693.54,652.0,14.84062671661377
28.495092569689497,94.01172005111938,0,1535.18,3062.0,20.63388442993164
25.836993071733225,92.28063877053512,0,1218.05,812.0,9.580025672912598
25.290545956198876,94.29217796137944,0,1566.44,1680.0,40.653785705566406
26.61050952856761,92.67142734153904,0,1421.55,60.0,1.8609845638275146
27.046168675049667,94.470025927452,0,1747.44,87.0,0.0
27.816354078590663,96.18708429579596,0,2484.94,211.0,2.2897870540618896
27.52108519590168,93.32509481265012,0,1971.8,3051.0,24.7596492767334
27.677169079685545,95.59145242572887,0,2724.38,135.0,1.399374008178711
25.32756761915162,91.67345927997324,0,3717.5,1635.0,2.7907447814941406
26.98961054708029,93.66429418207638,0,2204.32,163.0,16.563913345336914
25.443113796986093,93.80362853148632,0,1306.28,1397.0,56.99876403808594
25.563733490930773,92.87674248184948,0,2535.22,202.0,10.903518676757812
25.974073130544912,93.44269423256009,0,1427.25,144.0,0.9308202862739563
27.7192091050964,93.71061542269766,0,2592.49,1225.0,24.236316680908203
27.343196591061016,95.63182827338274,0,1916.88,157.0,1.8607912063598633
28.721743061143545,94.09328039744932,0,2030.02,3876.0,28.38672637939453
23.883440616942742,92.57564480446553,0,2141.49,581.0,26.692291259765625
26.53927237264,90.94033868320686,0,1708.67,56.0,16.1430721282959
23.882082212190497,93.31805369019484,0,1381.49,1109.0,24.801847457885742
28.59449513970989,95.7212295572046,0,2348.99,2434.0,35.008731842041016
25.04732533548578,93.722745689171,0,1271.17,1199.0,16.559497833251953
28.709655872912297,95.92050022200344,0,2348.99,3047.0,45.05551528930664
23.725076140550648,91.37034379505522,0,2414.95,35.0,1.0113261938095093
25.35433961312016,93.843334646258,0,1271.17,1734.0,23.75540542602539
28.446401069713502,94.93759744861514,0,2270.17,1793.0,34.7767219543457
26.071971413116103,93.69285559189782,0,1306.28,171.0,6.754281997680664
25.695453798377955,93.57395934852548,0,1306.28,213.0,7.545022010803223
24.99088461506522,94.4962882579314,0,1566.44,1005.0,35.96953201293945
27.919032124182923,88.61848592133472,0,1707.7,4976.0,9.390299797058105
25.996621014253066,90.23075688658388,0,3693.54,32.0,0.0
24.394304130714072,93.00490055474758,0,1625.06,188.0,17.952184677124023
27.462382819881118,93.23820354672884,0,1971.8,2079.0,26.121929168701172
25.95893493201536,89.92803131458322,0,3693.54,31.0,5.076481342315674
27.94612021657281,94.24985094759008,0,2681.74,1081.0,32.456573486328125
23.09108785576748,91.79388552136882,0,2396.11,103.0,23.535076141357422
28.30343825000537,93.07131938496522,0,1472.72,4373.0,32.31184387207031
26.654178097402514,92.8930899384741,0,1941.04,70.0,3.6178576946258545
27.277618817785427,95.34015266327503,0,1916.88,124.0,2.1320998668670654
24.25210904366288,93.19545791678904,0,1381.49,935.0,28.468107223510742
25.31698821149523,91.75123018646308,0,3717.5,1620.0,9.229199409484863
25.83803222396297,93.63129927839022,0,1306.28,189.0,2.973522663116455
27.994376921023065,96.16688036269576,0,2484.94,337.0,1.8606164455413818
28.15201168334689,94.02598160767722,0,2320.86,1113.0,47.9410514831543
27.718733527349656,93.69505900447014,0,2592.49,1252.0,11.836087226867676
25.753067601801256,90.95880081782852,0,3693.54,704.0,15.79197883605957
26.85283610937489,93.81425447002256,0,2204.32,75.0,1.0376051664352417
26.640918900849293,90.8914107007842,0,1708.67,67.0,3.240347385406494
25.162774637226025,92.95044813028242,0,1648.99,725.0,10.164000511169434
27.457379246420647,95.77112293760864,0,2291.38,148.0,1.3978418111801147
25.576170519350672,91.92568936889424,0,3717.5,1567.0,14.83074951171875
23.569981171867934,93.0262623615506,0,1327.95,765.0,36.37266159057617
27.934176038301565,97.18097042899764,0,1471.65,3792.0,34.302005767822266
25.242813270081385,94.4347779460176,0,1566.44,1274.0,13.350276947021484
26.75547985171744,92.33783210985486,0,1421.55,98.0,1.3930720090866089
28.69880124324949,94.20589029653893,0,2030.02,2684.0,40.882240295410156
26.578024210212494,93.97147882516514,0,1747.44,99.0,3.2387301921844482
27.081765758716333,92.81091289483292,0,1421.55,419.0,28.831605911254883
27.71194414818259,94.20378837818232,0,2567.19,1456.0,20.953615188598633
24.826990839159865,93.84711317721266,0,1648.99,791.0,3.5778768062591553
27.792454281951244,93.778049217469,0,2320.86,1422.0,28.428955078125
25.946141322654466,94.03328515217764,0,1306.28,448.0,12.328325271606445
27.59332735994155,93.47018180915676,0,2592.49,2601.0,16.417591094970703
26.87846884535133,95.60961765453384,0,1916.88,1351.0,30.700550079345703
25.200679456302225,91.52387649247667,0,4780.93,103.0,15.343982696533203
26.571194967687227,92.1332194527109,0,1154.3,77.0,2.9754905700683594
28.30177181029767,96.11270760154072,0,1891.54,1907.0,21.410276412963867
27.41597920525961,95.90575665841422,0,2291.38,157.0,4.266388416290283
26.881787207366887,95.27981992961236,0,1941.69,873.0,35.32588577270508
26.028001290132448,94.85838942811404,0,1669.48,974.0,34.713226318359375
25.78314684359105,93.5361661215983,0,1306.28,218.0,4.823991775512695
26.195463570381467,90.81867532107592,0,3717.5,35.0,1.3894004821777344
28.53154642404493,94.48406317940484,0,2030.02,1878.0,44.97285461425781
27.689184034298105,93.97757106757092,0,2592.49,1416.0,25.239707946777344
27.48070024031131,93.21289349045972,0,1971.8,2284.0,28.570966720581055
27.39559352386056,92.21328620738193,0,1194.49,2016.0,21.29345703125
24.627523787375267,93.79923973381136,0,1648.99,773.0,5.068305015563965
25.57640307655635,93.51541790272852,0,1271.17,408.0,18.1546688079834
26.18461806560027,93.44173540621004,0,1427.25,679.0,22.28341293334961
26.502220209154267,93.26298117304236,0,1427.25,166.0,24.419532775878906
28.01707984607118,94.35974639403152,0,2681.74,1009.0,29.210535049438477
22.526104114036045,92.69166543852384,0,2496.59,438.0,22.42957305908203
27.269141850903765,95.36686106474204,0,1916.88,119.0,2.0821986198425293
25.210745262232454,91.1187548572093,0,4780.93,129.0,8.228692054748535
27.49905727843616,93.6182521650852,0,2592.49,1390.0,17.051694869995117
25.122797197404605,94.01392778269842,0,1271.17,1117.0,20.578514099121094
27.874354055842414,93.9781537695734,0,2320.86,1085.0,16.35348892211914
26.383304270339437,93.36702361867864,0,1427.25,403.0,35.59321594238281
25.83766570309162,90.59871947520436,0,3693.54,69.0,2.9735219478607178
25.16839731530148,90.48522345664422,0,4780.93,33.0,5.427159309387207
28.26475446095993,96.2190291475518,0,1891.54,2886.0,12.970672607421875
25.59077528956172,92.31397174292468,0,2535.22,1142.0,19.202884674072266
25.68306772310706,94.80804895538334,0,1669.48,1969.0,34.33506393432617
27.45107109246488,92.10245595991942,0,853.16,2537.0,43.989871978759766
26.891358240402617,95.04581486577024,0,1941.69,249.0,18.412023544311523
27.808126502619952,92.2209735083818,0,1194.49,4856.0,33.0626220703125
25.049590521108083,92.9999847076214,0,1648.99,743.0,15.953472137451172
23.906075996010244,91.964009125754,0,2322.27,87.0,17.090837478637695
26.86168245058101,90.42302763971004,0,1708.67,266.0,6.360256671905518
26.180830649623644,89.89591494787813,0,2542.03,36.0,3.607109308242798
24.582815918737374,93.69756655048045,0,1381.49,1022.0,36.673362731933594
22.811270825781357,92.91832759242445,0,1506.81,333.0,37.3662109375
27.36953375684542,96.07465531728327,0,2174.9,728.0,12.833145141601562
27.2225749767431,88.6466376189048,0,2542.03,898.0,10.654623031616211
22.5616269399469,93.10034036917318,0,1506.81,899.0,20.336280822753906
25.603824387834283,92.31494861205704,0,2535.22,1105.0,11.032974243164062
25.053248764028908,92.35479484314617,0,3573.05,27.0,8.560626983642578
26.059888482294564,94.0998612388027,0,1566.44,200.0,9.714781761169434
27.808312070047425,88.47568590311715,0,1707.7,4264.0,25.949460983276367
28.479091065994407,96.29041450051996,0,1891.54,4192.0,43.542640686035156
25.327883761735677,90.29301923955948,0,3693.54,40.0,3.207627773284912
25.70446806377798,93.05808586899737,0,1271.17,253.0,25.290637969970703
25.86524440450217,89.95667560155519,0,3693.54,16.0,0.0
26.736624428806845,93.42153998144978,0,1941.04,73.0,0.0
28.7521358995586,96.08617617593806,0,1891.54,3007.0,28.594270706176758
26.58905286108578,92.14164428933408,0,1154.3,73.0,1.3919689655303955
25.92768776042229,93.25331130478756,0,1427.25,232.0,4.11086368560791
28.655856959818408,94.77509898962327,0,2270.17,1270.0,25.116044998168945
27.40409808251081,88.74954595056923,0,1707.7,4139.0,12.59493350982666
24.64556141308448,92.3291168901955,0,3648.26,29.0,1.3798315525054932
28.17173219449963,94.69767330326869,0,2724.38,373.0,26.72390365600586
27.597664139485783,92.22821364562198,0,1194.49,4678.0,36.882808685302734
26.62984757015233,94.10688729322936,0,1747.44,94.0,4.983438014984131
24.394407753472933,94.3156226829888,0,1381.49,453.0,22.365211486816406
26.780202351214403,90.63710330105827,0,1708.67,305.0,5.936166286468506
25.808852142270997,94.4972119545982,0,1566.44,1006.0,23.181926727294922
27.693234196327445,96.18773900359636,0,2174.9,257.0,5.9413652420043945
26.94649393145192,95.3932570278548,0,1941.69,458.0,22.0008487701416
26.17168259223725,94.28437840046382,0,1566.44,612.0,14.225561141967773
24.81770945290237,93.13063907589488,0,1648.99,38.0,4.238683223724365
28.86301988973172,94.97410165617332,0,1289.76,2432.0,14.026363372802734
28.007278972479707,95.09092560282184,0,2724.38,1016.0,44.66493225097656
26.01960642386976,94.58829452170596,0,1566.44,1866.0,18.40793800354004
26.44752299442985,90.84852990357454,0,1708.67,43.0,2.78043794631958
28.335574760454243,96.5064968529286,0,1891.54,2636.0,71.5018539428711
26.419394110524408,94.25986906854912,0,1747.44,262.0,24.293344497680664
28.201121744387365,94.29335450812192,0,2681.74,1924.0,26.862316131591797
25.19552572742757,92.86205112958586,0,3573.05,745.0,23.988245010375977
25.213743018564944,91.01513891048192,0,4780.93,101.0,29.796279907226562
26.710813863915227,93.69663755051523,0,2204.32,70.0,0.9307246208190918
27.2499588931403,93.55567251602452,0,2204.32,1102.0,28.779924392700195
25.78873077100307,90.2700302833761,0,3693.54,203.0,6.417508125305176
26.86983783117221,92.5818514892668,0,1421.55,103.0,1.3938349485397339
25.75520243415986,94.95396008694776,0,1669.48,1951.0,12.968116760253906
23.42500166073282,92.54232244158648,0,2148.54,485.0,15.280004501342773
24.062931501451985,93.71529123715789,0,1381.49,1542.0,38.0059700012207
25.81491247589288,89.9878078794825,0,3693.54,53.0,1.8611903190612793
24.16122121978846,92.81952858765368,0,2141.49,348.0,29.796497344970703
27.24775599481377,92.63556394102255,0,1421.55,1796.0,39.1085090637207
27.29284353585517,96.5173036190114,0,1689.08,1651.0,10.783883094787598
24.279735163393354,93.690213593427,0,1381.49,874.0,18.76700782775879
29.127811035748515,95.77903535851443,0,1248.72,3541.0,8.885563850402832
27.12833791325052,93.6683599877519,0,2204.32,374.0,2.0795865058898926
24.730432750247417,92.30087008352965,0,3573.05,50.0,5.068913459777832
24.6721985982468,94.3413791362184,0,1271.17,1116.0,14.289000511169434
23.01804379395549,93.0139940060312,0,1506.81,697.0,1.861877202987671
25.598819337437533,90.80645585449211,0,3693.54,401.0,3.214195728302002
28.32569567723929,94.13480024527972,0,2030.02,2080.0,30.811973571777344
25.18449622206577,94.47422633257403,0,1566.44,2077.0,36.841251373291016
26.327954709870276,91.01435967177036,0,1708.67,41.0,3.8582208156585693
26.476345080524904,91.49869948871545,0,1708.67,58.0,2.0677402019500732
27.134267490403342,94.6215368921888,0,1747.44,93.0,0.9306687712669373
23.198295650627117,91.56839242010804,0,2396.11,76.0,10.559053421020508
26.75081702963459,94.0583603168742,0,1747.44,80.0,0.0
26.513399639743227,94.34764867252724,0,1747.44,158.0,2.128877878189087
23.58281024347385,91.47369380088344,0,2396.11,56.0,5.062358856201172
28.186138037066748,93.66676331441786,0,2320.86,1432.0,13.033791542053223
23.10873518051017,93.08143278398975,0,1506.81,1689.0,28.0738525390625
26.03579855545589,93.19747747226596,0,1427.25,102.0,2.775120735168457
28.22294877284226,95.17018353373868,0,2724.38,1517.0,28.761384963989258
24.225810791578542,92.15928910617257,0,2141.49,85.0,9.280373573303223
24.567415339418016,93.2317471874162,0,1625.06,298.0,19.85913848876953
26.671826074561867,92.17572231532168,0,1421.55,85.0,0.9307296872138977
24.97868824990809,92.5997888447675,0,3573.05,22.0,2.97133207321167
26.242408351975254,93.84543039716428,0,1306.28,126.0,0.9307856559753418
26.044935969449504,92.4723800560286,0,1218.05,330.0,17.938976287841797
27.35352573817209,96.53650109372242,0,1689.08,1507.0,24.94481658935547
24.778577547655185,93.51693195897352,0,1648.99,832.0,8.30944538116455
25.66291216795204,92.80445629312813,0,1218.05,233.0,1.027086853981018
28.48051999464349,93.42528833328193,0,912.05,3667.0,43.1138801574707
27.69049558809981,95.77681207213072,0,2174.9,141.0,3.133458375930786
28.65592019773806,95.98645899694392,0,1891.54,1576.0,39.2507438659668
25.79769722319588,92.22143957804468,0,3717.5,947.0,20.120088577270508
27.394996927097072,94.45767612871543,0,2567.19,95.0,2.1326088905334473
28.194252215976533,94.36532331940352,0,2681.74,2746.0,49.12681579589844
28.230097554461928,94.94309135779558,0,2724.38,717.0,35.196197509765625
27.735878687635555,95.08069339885114,0,2724.38,111.0,1.3997859954833984
29.075215398408357,95.6293907067146,0,1248.72,3537.0,32.5679817199707
24.207201321948737,92.9100203366937,0,1381.49,353.0,29.36534881591797
27.26310396621361,95.45686724840088,0,1916.88,173.0,8.475056648254395
24.170343790002644,91.8164551953112,0,2322.27,44.0,3.1806507110595703
28.93689906217412,95.5806596647348,0,1248.72,3629.0,20.337949752807617
25.5301017797779,91.05196440353106,0,3693.54,923.0,5.660721778869629
26.75290230970963,90.14099818897844,0,2542.03,176.0,3.6201324462890625
25.33824585420493,92.729438559908,0,2535.22,1078.0,7.1493821144104
26.662391345300247,93.49840541092932,0,1649.52,79.0,4.239465713500977
27.98876669032624,95.73741479457266,0,2817.65,157.0,1.860617995262146
25.873194711079197,93.18599305501796,0,1427.25,168.0,14.127814292907715
25.67607531758351,90.58661269503128,0,3693.54,281.0,6.800693988800049
23.978837877844292,91.42929927803632,0,2414.95,59.0,10.24329662322998
28.657763789900667,95.43567658866787,0,2348.99,1944.0,38.42314529418945
24.872088244713773,92.64529848262931,0,3573.05,21.0,1.0204572677612305
27.25714000614502,93.94020981119898,0,2592.49,131.0,9.767474174499512
26.967261921968777,94.6888808731751,0,1941.69,97.0,4.543461799621582
27.195526141599903,96.91816939382817,0,1689.08,1302.0,5.938492774963379
26.79034191661649,95.32816145935227,0,1941.69,763.0,40.85472106933594
25.39867615486594,92.0801853943019,0,3717.5,1267.0,24.875709533691406
28.338629114528548,95.74298035668836,0,2348.99,1363.0,47.98823165893555
24.173466378526737,93.68824230727591,0,1381.49,1104.0,27.314510345458984
24.92543819816834,94.03314543365596,0,1271.17,799.0,7.345109939575195
26.439366634338796,92.986180628319,0,1427.25,81.0,2.780332565307617
27.76299689742272,95.27479958651745,0,2724.38,118.0,0.9305847883224487
28.02183279434901,95.24404827120956,0,2724.38,332.0,9.101142883300781
27.81618901124352,96.44884999838364,0,2484.94,1760.0,23.722883224487305
24.227574029549363,91.77143792942138,0,2322.27,74.0,8.121258735656738
25.57691343149213,90.35953338445026,0,3693.54,804.0,18.93073844909668
27.820177531507785,96.86465378124096,0,1471.65,2876.0,40.02207946777344
23.639455373174787,91.48292610800635,0,2396.11,63.0,5.755132675170898
27.842529848161877,93.84815387211248,0,2320.86,1123.0,34.05250930786133
25.323035957500817,93.9082355546227,0,1306.28,2087.0,22.90248680114746
23.771601485395752,92.97483737163935,0,1381.49,703.0,26.01801109313965
25.21357169408501,93.13040380081505,0,1648.99,639.0,7.406460285186768
23.904540463056247,93.33841824786028,0,1381.49,692.0,24.2481689453125
26.42474868590073,92.11189772665348,0,1218.05,57.0,2.0668184757232666
28.77799739932905,95.47327246997676,0,1248.72,3044.0,33.71721649169922
27.36860455352792,92.4789516169956,0,1194.49,1712.0,47.36500930786133
26.757822200282583,90.33965388167562,0,1708.67,166.0,2.271836757659912
27.771602309342097,93.30764902817002,0,1472.72,1652.0,34.21350860595703
26.94672164446068,92.51820928535396,0,1421.55,169.0,3.624640703201294
27.634619587927293,91.68340057329624,0,853.16,3276.0,43.99299240112305
24.641385619561603,93.40991103632662,0,1648.99,647.0,30.50528907775879
24.65267077310674,93.2902797981004,0,1625.06,448.0,36.41100311279297
26.323011131673333,92.1091261255309,0,1218.05,54.0,3.4694294929504395
27.674848946444047,92.852028070871,0,1472.72,2247.0,22.916946411132812
23.490180786541597,92.68296098769206,0,2148.54,374.0,19.413890838623047
25.036690679011173,92.7653970976564,0,3573.05,347.0,18.419166564941406
28.23122817704886,95.63339385159686,0,2817.65,309.0,1.860552191734314
26.871179734463052,95.2298811210846,0,1941.69,1151.0,22.700057983398438
24.0781056530103,93.06091570775004,0,1381.49,868.0,29.917163848876953
22.356964355572817,92.910656494861,0,1506.81,1066.0,29.255722045898438
28.33729114345316,94.98315382639429,0,2270.17,771.0,57.965579986572266
24.229338406693035,91.99646769815456,0,2322.27,41.0,5.6597676277160645
26.935775179745946,93.54422129245322,0,2204.32,107.0,2.130640745162964
26.466210106196296,90.51374763013352,0,3717.5,60.0,3.8584792613983154
25.78803568766044,92.8281243223888,0,1218.05,102.0,3.8572335243225098
27.182849743523207,95.76400758734265,0,1916.88,748.0,21.265798568725586
27.207088681115437,96.03645027179633,0,1835.44,1161.0,38.66832733154297
26.178385934715003,94.80743241447436,0,1669.48,1645.0,9.250394821166992
23.16989301880656,91.6227666654134,0,2396.11,51.0,4.108202934265137
27.470817490693317,95.38344409940063,0,1916.88,124.0,1.0433320999145508
29.261325088628613,94.63596533668124,0,1289.76,3281.0,23.844261169433594
28.105769661233065,94.62916262330606,0,2681.74,754.0,29.166133880615234
28.447592827152224,94.76308356588218,0,2270.17,1679.0,50.184783935546875
24.939647094626284,93.18646157376128,0,1648.99,69.0,6.173063278198242
27.954727376217825,94.3234483950608,0,2681.74,311.0,15.037945747375488
26.639637083911797,90.37154316551248,0,1708.67,79.0,1.3923029899597168
28.23347863235396,93.3719675614157,0,1472.72,2157.0,13.529107093811035
24.11702148198021,93.15010502180778,0,1381.49,551.0,11.426745414733887
24.46549973778899,93.81380903756023,0,1381.49,775.0,5.400432586669922
27.794325073450157,88.63047256696773,0,1707.7,4398.0,21.22736167907715
25.195805131414865,90.72827092714704,0,4780.93,300.0,5.186038017272949
26.713951504151517,94.2973737730082,0,1747.44,105.0,1.3927948474884033
27.2523105940444,94.92595811208874,0,1941.69,104.0,4.158283710479736
23.93575563728988,91.770633506747,0,2322.27,202.0,10.050729751586914
25.561716536092582,89.97885486401603,0,3693.54,38.0,1.8612549304962158
26.65333694385903,93.6212688641723,0,1649.52,80.0,2.1294569969177246
23.960633547013312,94.05880296406352,0,1381.49,1151.0,24.814905166625977
26.5424524562352,94.6228510240806,0,1747.44,360.0,14.586342811584473
28.483691737972244,93.618614805156,0,1535.18,3418.0,41.4287109375
28.59881791742959,94.93717516174694,0,2270.17,2092.0,24.40747833251953
26.34954578824349,89.9335630882537,0,2542.03,54.0,3.232886791229248
27.07215101897069,94.57903550887256,0,1747.44,91.0,4.253971099853516
25.20411758489362,90.4791028785507,0,4780.93,99.0,19.62981605529785
26.57549932579908,93.53147586569509,0,1649.52,109.0,1.86099374294281
26.51475619136837,94.8655256951028,0,1819.61,651.0,14.604475021362305
28.219271958731536,96.96175639738748,0,1471.65,3141.0,61.198936462402344
28.135423853629216,95.57637547289964,0,2817.65,238.0,5.593807220458984
26.569223699359338,89.90584673604026,0,2542.03,67.0,1.3918370008468628
27.50339616673602,94.9772437166079,0,2357.98,113.0,3.637852430343628
22.4614004939904,92.90101779571326,0,1506.81,944.0,34.005836486816406
26.00965871947712,93.48248711286108,0,1427.25,180.0,8.909085273742676
25.165670259328152,94.5933959400499,0,1566.44,2329.0,27.866851806640625
26.84605360143898,92.16046988215794,0,1421.55,144.0,0.9307068586349487
25.72514433568036,90.85967774728836,0,3693.54,594.0,4.8230695724487305
23.906088406700658,94.11915532511829,0,1381.49,600.0,18.399993896484375
28.59705064974412,94.2509017187616,0,2030.02,2583.0,30.252920150756836
27.094191719146004,95.63664393556972,0,1916.88,1050.0,27.08527374267578
25.989394865052265,92.83850675197506,0,1218.05,75.0,1.0299087762832642
27.87704073205558,95.7913255671595,0,2817.65,132.0,1.8606481552124023
25.754228405046543,91.35295443548682,0,3717.5,757.0,19.289392471313477
25.744525293147227,93.1938446181849,0,1271.17,144.0,9.364863395690918
28.265476106196484,94.36736061351564,0,2681.74,2397.0,26.025840759277344
27.562374788240906,96.06709648185948,0,2174.9,186.0,3.12982177734375
26.553118259125338,92.13154439860392,0,1154.3,70.0,2.0691123008728027
27.46480658282453,94.74986630976872,0,2567.19,101.0,0.0
23.1632012061404,92.84143459165728,0,2496.59,832.0,5.107633113861084
26.534613997772503,92.87705303000077,0,1941.04,74.0,2.975390672683716
23.708163080337496,91.71288696870172,0,2396.11,158.0,3.17034912109375
26.148408764917644,93.77878265671038,0,1306.28,137.0,4.516883850097656
27.20419857533189,93.07948901174436,0,1941.04,1455.0,15.937145233154297
25.055806873306576,92.70272453045584,0,3573.05,505.0,32.347938537597656
22.816019169634554,93.00073904831196,0,1506.81,1105.0,21.364295959472656
25.74828121371536,89.9647491277409,0,3693.54,26.0,3.0808217525482178
26.178193794283075,92.4597918353386,0,1218.05,63.0,2.97442364692688
27.142464275497048,93.89911566965488,0,2204.32,98.0,0.0
25.97942235553095,94.7708897185195,0,1669.48,2111.0,37.714778900146484
28.11757262739327,95.86894015917032,0,2817.65,654.0,33.207069396972656
28.57484853708729,96.06007189751824,0,1891.54,2780.0,31.407140731811523
26.03026848966148,91.67350852729264,0,1708.67,361.0,17.01202964782715
24.370153017835253,93.243743847855,0,1625.06,486.0,23.950912475585938
25.44324305189733,91.4970052902652,0,3693.54,1602.0,7.373891830444336
26.893276602392078,94.77832303118684,0,1941.69,102.0,0.9307006001472473
27.75713033348505,95.56180133735089,0,2724.38,127.0,0.9305855631828308
22.44629137049509,93.14427977425956,0,1506.81,809.0,25.992555618286133
27.602018184834822,95.3463696333509,0,2724.38,117.0,2.133513927459717
27.54771991389964,93.82764502177038,0,2592.49,1613.0,21.464941024780273
27.56771805802108,96.36448661443112,0,2174.9,562.0,37.89029312133789
27.629402564927013,96.53381665304056,0,2174.9,2454.0,54.38896179199219
26.883571562875524,93.60486961082046,0,2204.32,82.0,2.7901437282562256
27.353896017909992,92.4510692911988,0,1194.49,1917.0,28.60177230834961
24.82831699771497,94.50361677720936,0,1566.44,1431.0,15.310555458068848
26.89957096468393,95.70406919327596,0,1916.88,1952.0,21.749521255493164
26.4108660481082,90.08148255505614,0,2542.03,49.0,3.0981786251068115
27.79460689627416,95.6610239730046,0,2817.65,123.0,6.395025730133057
25.202357561988567,91.4886763973947,0,4780.93,77.0,25.482759475708008
26.12899669293185,90.3174829837828,0,3693.54,28.0,1.8611096143722534
28.29671583273359,95.77251032432952,0,2348.99,1218.0,37.41207504272461
26.276031973741272,90.36623854281788,0,3717.5,47.0,2.1279077529907227
26.63895961573317,95.16225978635646,0,1819.61,1087.0,20.805795669555664
26.66168957974904,93.28885462776664,0,1941.04,75.0,1.0358712673187256
24.87580006352536,94.60744150493916,0,1566.44,409.0,6.344241619110107
26.42444228176105,90.17562472371604,0,2542.03,49.0,3.6126062870025635
25.919254247784277,91.234681861864,0,3717.5,124.0,21.808931350708008
27.321888021834692,95.55096482191465,0,1916.88,162.0,6.81512451171875
27.03893256076286,92.27336509353108,0,1421.55,2365.0,33.723567962646484
24.756878707183542,94.33184033617324,0,1566.44,1027.0,35.03200912475586
27.16202790953158,92.69965979715424,0,1421.55,615.0,27.099016189575195
26.835020307184717,94.53834473804244,0,1747.44,104.0,1.8609256744384766
26.46760623013433,93.96375986393696,0,1747.44,100.0,1.3911688327789307
27.22658286916237,93.7242602282834,0,2204.32,843.0,5.886563301086426
27.977102695694047,95.88442317501836,0,2817.65,176.0,7.475824356079102
24.97949691955508,92.59608799191312,0,3573.05,24.0,7.164102077484131
26.421283856392343,93.47247927813136,0,1649.52,298.0,11.21445083618164
28.57173927142377,96.30648497542629,0,1891.54,2905.0,7.202761173248291
28.599744560465528,96.13688349430252,0,1891.54,2781.0,31.426958084106445
28.05055309332101,97.18046807018322,0,1471.65,4554.0,50.48469924926758
28.992994071803608,96.0492124859386,0,1011.98,4253.0,0.9304168224334717
25.461038548341648,90.20305242417224,0,3693.54,114.0,4.950106143951416
26.18396599408341,90.86411067214644,0,3717.5,34.0,0.0
25.76191358183897,93.44677883649776,0,1271.17,208.0,5.450546741485596
25.609556619433604,90.60856048364862,0,3693.54,504.0,21.160669326782227
27.41824126106825,92.30532644523858,0,1194.49,1888.0,33.069435119628906
26.983078624252062,93.39153783981536,0,1941.04,558.0,32.11343002319336
28.43596817604525,95.31801085542284,0,2270.17,1975.0,34.23051834106445
25.993931444914704,90.97374401352528,0,3717.5,51.0,1.3881068229675293
25.607653293897727,89.88382013125496,0,3693.54,23.0,2.7906384468078613
27.70067226685561,92.2617411014111,0,1194.49,4173.0,47.88687515258789
26.319555907532195,93.32828118523848,0,1427.25,484.0,13.570356369018555
26.813421840581796,92.60033736654466,0,1421.55,93.0,2.073812246322632
26.0913391530019,90.1924980439218,0,3693.54,33.0,1.861119270324707
28.326569613785832,93.23064980975542,0,912.05,4118.0,41.47064208984375
24.595837168058143,92.32075096163696,0,3648.26,26.0,2.757479429244995
25.46529614285935,92.40591138429586,0,2535.22,1236.0,9.570685386657715
25.191665758520752,92.58405907783856,0,3573.05,1038.0,37.03001022338867
25.790040962905653,91.22277728568535,0,3717.5,698.0,7.6746039390563965
25.73048253124573,92.79119444073324,0,1218.05,234.0,18.3400936126709
25.25402765862721,93.17268097876271,0,1271.17,350.0,6.119020462036133
24.065803202347947,93.6928459979195,0,1381.49,1560.0,31.39834976196289
26.211436643268097,94.346682586045,0,1566.44,661.0,23.61141586303711
27.06690200412738,93.73976092686456,0,2204.32,331.0,32.38051986694336
27.26665542887334,88.10791063506589,0,1690.33,1630.0,33.201358795166016
26.638214455355243,94.62062548495916,0,1747.44,274.0,9.009258270263672
23.91412212610674,92.18280647734406,0,2141.49,154.0,16.557270050048828
25.73030415125557,92.2070346144993,0,2535.22,786.0,3.080357074737549
25.47797146584516,90.36220700604676,0,3693.54,1162.0,13.130735397338867
26.29441380171321,95.05839164906308,0,1819.61,2284.0,20.88832664489746
28.07258621544483,96.51173038845016,0,2484.94,875.0,44.3920783996582
25.045463738126365,94.20608667799088,0,1566.44,1607.0,23.129478454589844
28.766164672360286,96.45117282809169,0,1011.98,3278.0,34.26224136352539
24.119456232481216,92.99116475050543,0,1381.49,310.0,38.02085494995117
25.22022869057439,93.58650210178963,0,1271.17,475.0,31.4040584564209
28.973838486831664,94.20246925249415,0,1158.49,4084.0,29.03274917602539
28.723664691856115,94.18409875659398,0,1158.49,3016.0,30.26021957397461
25.4484223534098,93.4101550340698,0,1271.17,379.0,4.7554931640625
27.523379588263605,93.58664460517704,0,2592.49,1839.0,23.61016845703125
22.72438454199425,92.99882090305098,0,1506.81,891.0,28.766937255859375
25.39591409570128,94.47234301709688,0,1566.44,1338.0,25.155502319335938
26.55310692814191,90.15056168227056,0,2542.03,64.0,1.3917309045791626
26.28369412983237,90.40182496621335,0,3717.5,43.0,5.661330223083496
25.584804042209203,92.39260812958136,0,2535.22,1025.0,6.352249622344971
24.233852891042364,92.3300017252174,0,2141.49,96.0,13.18763542175293
22.19096337007698,92.99234581224988,0,1506.81,927.0,26.102693557739258
25.023389980173228,92.47729210884188,0,3573.05,51.0,8.380988121032715
26.094149342684545,91.35046060616364,0,1708.67,46.0,1.030823826789856
23.866329548628663,91.55116641205136,0,2322.27,128.0,10.567598342895508
23.312563091098287,91.7550818386544,0,2396.11,64.0,7.08286190032959
23.69203208596856,93.22409187703336,0,1327.95,944.0,23.48404884338379
27.46861202688826,92.71825616575994,0,1194.49,2187.0,28.714618682861328
28.95776340255733,96.3682517080278,0,1011.98,4556.0,41.86697006225586
24.987344824432444,93.8956285567418,0,1271.17,884.0,2.971353530883789
25.942966457919685,95.03861964023444,0,1669.48,2566.0,16.9875545501709
25.174689935481197,94.33548425533908,0,1566.44,1503.0,15.705697059631348
28.157957743567906,94.8815639240599,0,2724.38,970.0,35.99661636352539
24.27437852929599,92.83242372325618,0,2141.49,253.0,13.721519470214844
24.400475221875872,93.3717835421176,0,1381.49,294.0,14.542407035827637
28.02090106864064,94.30906139760847,0,2681.74,529.0,30.892990112304688
26.92387168790808,93.66465847505972,0,2204.32,85.0,3.247706174850464
26.05671311981251,90.91090920364708,0,3717.5,40.0,2.0603249073028564
28.70879182220301,95.13626745575954,0,2270.17,2732.0,33.77764892578125
26.489545229786916,94.20396732860156,0,1747.44,117.0,5.240610122680664
24.911644112342618,93.38164221815472,0,1648.99,256.0,4.4789228439331055
24.94741644316069,93.5141477064472,0,1648.99,844.0,26.739723205566406
26.09015746300724,91.53659696847012,0,1708.67,73.0,14.574259757995605
27.999634848933685,95.83039825025736,0,2817.65,162.0,5.545709133148193
25.283338533347468,92.63232515173154,0,2535.22,1359.0,4.088959217071533
23.16331382805093,92.9774989030638,0,1506.81,807.0,40.66423416137695
28.02664589835934,93.37361333914492,0,1472.72,1394.0,14.969857215881348
28.666816899911804,96.35798676472996,0,1891.54,4032.0,26.59209442138672
23.75738026809824,91.89699019986396,0,2322.27,112.0,10.237614631652832
28.176516600465117,94.32315205204048,0,2681.74,2323.0,33.10482406616211
28.16351435863724,94.32968652163116,0,2681.74,2121.0,27.617473602294922
23.120387799199488,91.7725652678362,0,2396.11,101.0,6.854790210723877
27.875656164673195,97.19195464081574,0,1471.65,3107.0,42.41995620727539
26.30368959684556,94.18069966499024,0,1747.44,453.0,20.835004806518555
26.621257251920657,92.396441182334,0,1421.55,78.0,2.782721519470215
26.19378861295448,91.1226582405721,0,1708.67,47.0,4.223254680633545
28.333528623658445,94.33886680625363,0,2030.02,3036.0,37.160972595214844
26.49875254806932,93.57570950104406,0,1649.52,598.0,16.19334602355957
26.28328201001836,94.39527582360952,0,1747.44,1205.0,9.259162902832031
24.02574147842461,92.056758751773,0,2322.27,125.0,14.027313232421875
27.583864367712835,93.8735770738253,0,2592.49,1807.0,12.305418014526367
25.44757332830863,91.1499572858784,0,3693.54,991.0,9.283878326416016
25.16235756262459,93.91121816780408,0,1271.17,2526.0,30.475643157958984
23.263568906478792,93.14265914478752,0,1506.81,833.0,32.091041564941406
25.722810976337414,93.29139785987428,0,1271.17,170.0,7.165812015533447
24.51856645586003,93.6274483645576,0,1381.49,865.0,31.855424880981445
25.896423949958585,90.78535553013482,0,3693.54,64.0,3.2215144634246826
28.73388293725669,94.57193238525764,0,2030.02,2338.0,27.927001953125
27.03171244218528,95.43007262783236,0,1916.88,506.0,24.312156677246094
29.08033608739646,94.40365314391336,0,1158.49,2902.0,48.9248161315918
26.72553635354482,94.20752235990707,0,1747.44,100.0,1.3928723335266113
26.142985612359865,94.23137050158392,0,1566.44,811.0,29.530351638793945
27.821385677013847,94.85163681491488,0,2724.38,429.0,33.177433013916016
22.5867417206177,92.83784084496952,0,2496.59,363.0,5.915893077850342
24.8145070278936,93.1510639419397,0,1648.99,35.0,2.241443157196045
24.87906957696954,93.68643208589788,0,1648.99,1301.0,16.940916061401367
25.959365583426727,92.1813036312725,0,1218.05,712.0,28.493793487548828
28.07948922506157,93.47503830213532,0,2320.86,1657.0,25.07367515563965
27.227665179138988,94.50890549111344,0,2567.19,93.0,3.255729913711548
28.51997768982313,95.09631718741812,0,2270.17,772.0,26.785781860351562
27.45922289618957,92.69509740356328,0,1194.49,2662.0,21.977323532104492
26.60285261960805,92.1668029613935,0,1421.55,77.0,2.9755775928497314
26.032597867840504,93.4929214474486,0,1427.25,321.0,6.568300724029541
23.709984119620028,93.10854235772804,0,1327.95,1352.0,19.251970291137695
28.13402102705602,93.99559096523332,0,2320.86,1605.0,17.178865432739258
26.56372472937548,90.9069584616171,0,1708.67,53.0,1.3918004035949707
28.017733267479404,96.44936108881546,0,2484.94,612.0,36.94296646118164
27.45853501031651,93.47625413594788,0,1971.8,1793.0,25.402362823486328
26.776807811252898,91.43550077028767,0,1154.3,138.0,1.860940933227539
23.377971033112733,92.3984663870133,0,2148.54,149.0,10.09748363494873
26.13881393726632,94.57182595362258,0,1566.44,1374.0,24.461463928222656
27.66116915538611,88.528029829514,0,1707.7,4635.0,44.58620071411133
24.92929368106587,94.31651403066697,0,1566.44,1113.0,26.780689239501953
25.754824365810613,91.21306738758302,0,3693.54,882.0,16.286884307861328
25.27857773404115,94.17305253896949,0,1566.44,1790.0,20.831764221191406
29.02001399416193,95.68026203475692,0,1248.72,2432.0,39.55945587158203
26.33676918357912,93.64525582947198,0,1649.52,524.0,21.384798049926758
26.43998718218829,93.1856389771899,0,1427.25,716.0,9.601522445678711
22.54317064286385,93.0709097976422,0,1506.81,639.0,36.977561950683594
24.177685022317945,91.75645282844872,0,2322.27,75.0,6.489992141723633
26.440496603520295,92.07245861988704,0,1218.05,58.0,0.9307599067687988
26.360143167036927,95.0713216352894,0,1819.61,2108.0,20.325937271118164
26.7024067759849,92.48144667952312,0,1421.55,82.0,2.1296615600585938
27.833112187015285,95.79111627769858,0,2817.65,135.0,1.0467747449874878
25.839203092151227,91.82395991902432,0,1708.67,630.0,12.966935157775879
25.57391073107413,94.29195759818042,0,1566.44,2004.0,18.79655647277832
29.09639551459055,95.64365292752832,0,1248.72,3435.0,18.429174423217773
28.03010398300404,88.78855992511039,0,1707.7,5298.0,1.40187406539917
26.805392708487965,92.13565377757595,0,1154.3,126.0,2.1300911903381348
23.572602540217375,91.64312895005595,0,2396.11,51.0,12.672743797302246
28.157926297085783,95.7223704781299,0,2817.65,204.0,0.93053138256073
24.61073259299818,93.50953771986596,0,1625.06,901.0,22.16999053955078
26.51453490923196,93.0809534703183,0,1427.25,468.0,33.542301177978516
26.64005489396934,90.0921858411703,0,2542.03,103.0,5.2472076416015625
23.340215121051276,93.35574478600654,0,1327.95,827.0,22.801074981689453
25.594716282213763,92.80855956636952,0,2535.22,268.0,4.755669116973877
26.219016299721503,93.38502765317556,0,1427.25,582.0,26.034732818603516
28.24843949752974,96.91068382841009,0,1471.65,3344.0,32.65153884887695
26.127551931160617,91.60497633733108,0,1708.67,59.0,3.227281332015991
26.786034813086488,94.28843938870452,0,1747.44,100.0,4.988064765930176
25.638465425806118,91.87553668547788,0,3717.5,997.0,11.025863647460938
27.446112389552557,93.62860995425991,0,2592.49,1261.0,24.612443923950195
26.06910170815022,94.3464666780742,0,1566.44,528.0,12.01494312286377
28.17915344105384,96.23135697716567,0,2484.94,2082.0,9.730363845825195
26.308914685865037,91.95487730300532,0,1708.67,52.0,1.3901342153549194
27.988402998179883,95.83244576263832,0,2817.65,160.0,2.292799711227417
26.083856765538584,91.91798370630724,0,1708.67,70.0,3.857769727706909
25.864128652154736,91.7988620959188,0,1708.67,862.0,28.358867645263672
24.92979172859647,94.3146183234967,0,1566.44,1079.0,22.921836853027344
25.59321592375216,94.26415203897614,0,1566.44,1533.0,26.047544479370117
26.29070026115938,93.5703912491636,0,1649.52,654.0,26.733993530273438
26.25163081863989,93.19561334736188,0,1427.25,243.0,23.254283905029297
27.957390384279904,93.32992755653105,0,1472.72,2726.0,53.335479736328125
22.949889215220757,92.5994855739284,0,2496.59,112.0,5.015048027038574
25.82319625543842,93.61922973314076,0,1306.28,178.0,1.387024164199829
24.10158057916696,92.66959752487271,0,2141.49,339.0,16.5576229095459
25.02132621854633,93.16657490447008,0,1648.99,124.0,14.057429313659668
28.823618391299444,95.06802567210786,0,1289.76,2124.0,10.578577995300293
23.30958648489345,93.3603404380955,0,1327.95,732.0,21.556116104125977
26.385297167769103,93.21130082376696,0,1427.25,622.0,11.967941284179688
26.589144672059938,92.01281502247396,0,1154.3,71.0,1.3919689655303955
27.969971138423546,94.28753282463008,0,2681.74,219.0,9.394576072692871
26.2071118348932,92.31347944770935,0,1218.05,63.0,4.249405860900879
27.06781356429603,94.2223287458486,0,2592.49,88.0,0.930677592754364
23.52441530133349,91.89329290423348,0,2396.11,94.0,1.3734283447265625
27.7084770948262,95.34799473302644,0,2724.38,119.0,3.4841580390930176
27.44632403623197,94.30799365199924,0,2567.19,99.0,0.9306272268295288
23.50616971176972,93.38757521926486,0,1327.95,923.0,20.443038940429688
24.3023642022994,92.74422697669134,0,2942.16,108.0,20.49492645263672
26.81416662081191,92.0199007279684,0,1154.3,162.0,2.0738275051116943
23.97319573628513,91.84062878647414,0,2322.27,61.0,7.960297107696533
22.76726568072856,92.58190384448186,0,2496.59,96.0,16.685087203979492
28.530693785044303,95.62135154880882,0,2348.99,1687.0,52.6300163269043
27.68553901544453,96.05611458637324,0,2174.9,269.0,4.191638469696045
25.71353626149164,91.1425829555668,0,3693.54,1071.0,24.164997100830078
25.797040455401387,94.04884277415552,0,1306.28,972.0,11.581721305847168
28.425748167691637,95.5578593374074,0,2348.99,1559.0,59.04594039916992
28.060691673655388,95.07178673890884,0,2724.38,1477.0,27.729366302490234
27.538636471528097,94.6223130458618,0,2567.19,104.0,0.9306148886680603
27.290913553540623,88.51259185160279,0,1707.7,1928.0,58.20011520385742
23.209716677660257,91.6484692804394,0,2396.11,47.0,14.504711151123047
26.508556342905106,92.80153868450924,0,1941.04,72.0,3.8585593700408936
27.27431566900261,95.78553758288407,0,1916.88,206.0,17.1804256439209
27.20269224062725,94.29861794622153,0,2567.19,87.0,2.1317782402038574
26.70643788384985,94.36896079094534,0,1747.44,117.0,2.1296777725219727
25.86565500895252,91.25572461000124,0,3717.5,347.0,20.03148651123047
25.77937032707963,92.75100109339502,0,1218.05,183.0,2.7905728816986084
26.435961019555503,94.21669560075796,0,1747.44,292.0,28.580867767333984
25.40031168891709,91.95322963162464,0,3717.5,1243.0,32.47111892700195
24.36792006263843,92.82113078973155,0,2942.16,286.0,4.235405445098877
28.269415939066384,96.61875922754896,0,1044.44,2620.0,59.57114028930664
28.94610873884675,94.82454021769064,0,1289.76,520.0,13.0011625289917
24.57922536342003,92.81641479331006,0,2942.16,79.0,3.189985752105713
26.62960073032771,91.5307485988014,0,1708.67,73.0,1.0355831384658813
25.288950085433484,91.23782627511444,0,3693.54,746.0,2.765787363052368
25.782128799284425,94.32507933555516,0,1566.44,1036.0,23.02626609802246
28.44890009887073,96.11772665210104,0,1891.54,4174.0,39.00859832763672
24.14511030049292,93.21125581398496,0,1381.49,1305.0,22.924348831176758
28.741594647172885,96.2636975391206,0,1891.54,3816.0,40.57587432861328
24.437847799091045,92.63867667000304,0,2942.16,55.0,14.069987297058105
28.984713433955317,95.25771043901672,0,1289.76,3913.0,43.60916519165039
28.08811355605025,96.55793026316162,0,2484.94,1023.0,26.707935333251953
23.15203939959168,93.10999560086393,0,1506.81,932.0,39.818599700927734
25.73176507831221,90.94522129576696,0,3693.54,711.0,2.7712717056274414
27.507043725983237,95.48034482405504,0,1916.88,128.0,2.2844345569610596
22.60482605152002,93.13203951880244,0,1506.81,499.0,29.92483139038086
28.04575440525756,93.87825624873273,0,2320.86,2221.0,18.808399200439453
26.730591809266468,90.95924821034652,0,1708.67,83.0,3.6196186542510986
28.09339696404437,93.6050154297044,0,2320.86,1021.0,36.76529312133789
27.20010846306188,93.64208307975608,0,2204.32,1082.0,39.061283111572266
25.455908666352062,89.97001874665337,0,3693.54,48.0,3.85664439201355
23.42083868463183,93.01941149631416,0,1327.95,1054.0,28.506593704223633
28.59541199137721,93.61699903836043,0,1535.18,2757.0,10.11036491394043
23.65772892683995,92.38677218630836,0,2148.54,297.0,11.079713821411133
28.8709926515002,95.01231541276556,0,1289.76,2232.0,30.0147762298584
24.600095732394745,92.6023818848144,0,2942.16,32.0,2.238283634185791
28.058130014840213,95.16943782954932,0,2724.38,1661.0,32.737491607666016
25.209838668466794,91.24453555798804,0,4780.93,84.0,10.761771202087402
29.0273250811869,95.49195950628628,0,1248.72,2981.0,58.22538375854492
27.54283951019253,93.85332895749492,0,2592.49,1586.0,7.686426162719727
27.59869691639108,92.2282008336138,0,1194.49,4695.0,33.5671501159668
26.72902498071161,91.3630126347771,0,1154.3,100.0,1.0364792346954346
23.485805470373545,93.12063732405964,0,1327.95,925.0,23.28154754638672
23.575589325488647,92.54689656383586,0,2148.54,438.0,27.224021911621094
27.286115514688653,92.93085869042534,0,1971.8,464.0,17.33232307434082
25.296050480067123,90.4169615746302,0,3693.54,43.0,8.926403045654297
28.275696758681853,94.23852967444844,0,2030.02,2143.0,40.52350616455078
23.101111271741164,93.1652812562523,0,1506.81,540.0,24.4544734954834
26.46640478327317,94.82177296391636,0,1819.61,1363.0,18.496477127075195
27.745077248434253,94.8721033002856,0,2724.38,292.0,14.585027694702148
25.514786343278605,91.7182935193548,0,3717.5,1762.0,7.671253681182861
28.325468607848794,95.3132342916766,0,2270.17,1970.0,25.027238845825195
26.742842678852128,93.0273019449388,0,1941.04,73.0,1.8609498739242554
28.42324960893564,93.25890544792108,0,912.05,2764.0,25.237573623657227
25.227919770629423,94.23923828074108,0,1566.44,1246.0,24.045185089111328
27.32073190817891,96.94455653121643,0,1689.08,1861.0,40.21394348144531
25.95055851515636,90.8716367781154,0,3717.5,56.0,3.4656710624694824
26.48022046335975,93.29790890646277,0,1427.25,345.0,15.15192699432373
28.898833456797583,94.857989508276,0,1289.76,1784.0,10.61347770690918
26.492258852399203,93.84700436502744,0,1649.52,101.0,1.3913309574127197
25.936862290082782,92.60483765031007,0,1218.05,343.0,7.228219985961914
25.85526151053437,91.16653594061955,0,3717.5,68.0,0.9308355450630188
24.032486806972848,92.13568815070848,0,2141.49,149.0,11.745383262634277
24.565333983159785,93.23598072005755,0,1625.06,474.0,10.057795524597168
24.420869247404056,92.7249101808071,0,2942.16,142.0,25.35127067565918
24.483938926568904,92.4719681231274,0,2942.16,39.0,8.137203216552734
27.53805099919164,93.19166772881404,0,1971.8,1743.0,24.135820388793945
22.58887221389972,92.57201057317457,0,2496.59,209.0,24.53535270690918
25.18525275943984,92.54938280678309,0,3573.05,542.0,19.693561553955078
25.724632599219397,89.87885010717913,0,3693.54,29.0,3.5970141887664795
26.30499156150876,92.22514111389364,0,1218.05,56.0,0.9307775497436523
24.455019514480224,93.35239273108654,0,1625.06,346.0,28.63495445251465
27.236246295446826,93.64085308328454,0,2204.32,1103.0,25.73444366455078
26.689739772767595,90.69425949970018,0,1708.67,141.0,3.6186764240264893
25.58347819172783,92.29056735656032,0,2535.22,1235.0,7.170013904571533
23.830853431980614,93.12743408660052,0,1381.49,656.0,40.65922927856445
25.83211451284919,93.24812978007598,0,1271.17,267.0,24.882535934448242
28.97918955361425,94.43544162327076,0,1158.49,3697.0,27.47522735595703
27.731306936927677,93.46417125068554,0,1971.8,1736.0,34.6820182800293
28.73084484659461,94.10485658066156,0,2030.02,3264.0,34.83945846557617
25.471193415540174,91.09605575370026,0,3693.54,898.0,5.818984031677246
26.211552239783455,92.00678820748423,0,1708.67,55.0,2.063044309616089
29.03680885426421,95.0871592946702,0,1289.76,2465.0,38.631622314453125
24.683570372057552,94.32267379521832,0,1271.17,571.0,29.36716079711914
28.94469810695165,95.21756315940026,0,1289.76,3761.0,26.58555030822754
24.07458747059547,91.6744805421738,0,2322.27,62.0,1.3765186071395874
27.360791290953248,94.03552982742389,0,2592.49,211.0,15.585848808288574
26.53227909815189,91.70830476616126,0,1708.67,60.0,1.3915938138961792
27.548612579783114,92.1742525520434,0,1194.49,4353.0,11.37192440032959
25.511257245711512,90.85317820683696,0,3693.54,549.0,20.674243927001953
28.62198406014345,93.48308668068282,0,1535.18,4355.0,34.935203552246094
25.10681345771158,94.21787558547632,0,1566.44,1116.0,18.817718505859375
25.03873819454954,94.55162140795908,0,1566.44,1727.0,24.107622146606445
26.931447621547644,94.48903509681944,0,1747.44,89.0,1.3942490816116333
26.330433561627785,94.71872819324744,0,1819.61,1142.0,25.271289825439453
28.448792237042788,95.51491942898478,0,2348.99,1351.0,27.4894962310791
25.531361585699,92.30231368543988,0,2535.22,1322.0,11.524641990661621
25.473019463232887,90.7703200680992,0,3693.54,143.0,25.939233779907227
23.661754419758548,92.4467246698705,0,2148.54,386.0,22.138093948364258
27.30256180569697,92.32409203712544,0,1194.49,2593.0,22.984512329101562
27.3258091846199,88.9144689415971,0,1707.7,4365.0,12.959433555603027
26.51938049449829,92.39734181311928,0,1421.55,53.0,0.0
25.986453012911245,92.07668593037444,0,1218.05,537.0,9.378992080688477
28.653265821093743,96.3702530212702,0,1891.54,3383.0,45.18876266479492
26.57812985046108,91.16796670782674,0,1708.67,53.0,1.8609930276870728
25.36457910127,92.78357214113169,0,2535.22,1011.0,8.930477142333984
25.79744944200724,92.14038795277048,0,1708.67,820.0,30.301761627197266
26.244317872208004,91.16451919710153,0,1708.67,40.0,2.777799606323242
29.079894835367902,95.6528426445505,0,1248.72,3214.0,16.68785858154297
27.17550963127922,92.22732305527958,0,1421.55,2071.0,21.84579849243164
25.991791149847824,90.72942379036354,0,3693.54,51.0,2.774557590484619
25.00842716754726,93.00828867109192,0,1648.99,362.0,25.7296085357666
27.193159965475974,93.10648567790702,0,1941.04,1568.0,34.8130989074707
24.74481891283067,93.7242965111066,0,1648.99,1953.0,18.285470962524414
24.52772092588144,93.40373551100124,0,1625.06,510.0,47.05324935913086
25.7271259838242,90.15078752074652,0,3693.54,182.0,7.171452522277832
25.800818683933333,94.07268854091608,0,1306.28,1187.0,12.904555320739746
28.464492085361737,93.36759001953476,0,912.05,3062.0,45.57647705078125
25.90481528057636,91.0412308799362,0,3717.5,75.0,3.6009678840637207
24.366638608780548,92.6211532952627,0,2942.16,49.0,2.1205947399139404
26.29670216665678,92.18461189456436,0,1218.05,56.0,1.3900548219680786
27.34487789354873,94.39660729540108,0,2567.19,94.0,1.3970645666122437
27.52872172170695,93.59884570818808,0,2592.49,1563.0,16.630382537841797
23.58662359043532,92.34429008905154,0,2148.54,280.0,23.709705352783203
26.618507710806995,91.27921704391404,0,1708.67,58.0,1.0354830026626587
22.89340493524532,93.11200978182724,0,1506.81,864.0,36.0386848449707
25.745004092236368,90.54254295294878,0,3693.54,228.0,1.861208200454712
28.40659318937014,95.32379750176624,0,2270.17,1715.0,30.425350189208984
27.432820963798267,92.19157432826906,0,1194.49,2406.0,29.73395347595215
24.01880281724973,93.32711667952846,0,1381.49,498.0,20.3896484375
24.46469319843996,92.46898906826462,0,2942.16,46.0,9.563440322875977
28.657267743493765,93.44531966032972,0,912.05,4802.0,35.17954635620117
26.715238824023327,93.34412835517244,0,1941.04,65.0,4.535159587860107
22.33073448513865,92.87676770341685,0,2496.59,357.0,29.050058364868164
25.63434282827139,90.23129028971144,0,3693.54,444.0,9.711908340454102
24.38257253094463,92.74110900792232,0,2942.16,239.0,9.288762092590332
25.427211053665957,90.46890713066956,0,3693.54,436.0,4.147202014923096
27.253414251940438,96.14228889195664,0,1835.44,727.0,14.380671501159668
27.718474728683503,95.59347689615691,0,2724.38,128.0,2.797661066055298
25.40280509866273,94.05170438016458,0,1306.28,1126.0,28.52934455871582
22.20393832284256,92.96655094879254,0,1506.81,999.0,5.570546627044678
24.15243636829694,92.11020006130558,0,2322.27,52.0,7.1271562576293945
22.952120371126007,93.11773272157488,0,1506.81,891.0,35.308372497558594
27.94029155922724,94.50191619730016,0,2681.74,1056.0,21.158397674560547
25.47375499458048,92.9609183838249,0,1271.17,309.0,18.80295753479004
28.162179196011376,96.17127197593702,0,2484.94,2026.0,23.200674057006836
27.28055617265402,95.83639817741692,0,2291.38,411.0,16.537059783935547
26.75107555916202,90.5987391651193,0,1708.67,163.0,3.24320125579834
27.41386145641141,94.5420922021898,0,2567.19,90.0,1.3975398540496826
29.271350307530632,95.9030915189683,0,1248.72,4135.0,26.03406524658203
27.215405672890626,95.7543593720817,0,1916.88,383.0,6.372047424316406
25.483845805755703,92.0256726580518,0,3717.5,1411.0,36.735191345214844
25.89776587086304,90.9548053305927,0,3717.5,454.0,25.056800842285156
25.54520225751359,91.40786429193976,0,3693.54,1727.0,8.855114936828613
27.341550740157476,94.2178604450588,0,2567.19,94.0,3.860177755355835
28.63397420678862,96.20145544030368,0,1891.54,2411.0,40.765968322753906
25.411653239702147,92.230567498264,0,2535.22,1329.0,5.561405658721924
23.39835652073995,93.16483213865035,0,1327.95,978.0,13.148092269897461
27.65792091070008,95.71005972410752,0,2174.9,137.0,1.8607070446014404
26.32832998962739,95.08481837728392,0,1819.61,1426.0,36.95376205444336
28.289730531050854,93.524083075598,0,1535.18,3335.0,23.76764678955078
28.13278998460644,93.38129907246248,0,1472.72,1994.0,35.03325653076172
24.01462032895038,93.58331905972123,0,1381.49,917.0,18.030736923217773
27.41621583106794,88.25426601186969,0,1690.33,2521.0,32.23764419555664
26.32819542621531,93.86691798648936,0,1306.28,125.0,4.25038480758667
27.030547823254956,94.9576932157853,0,1941.69,102.0,1.8608741760253906
28.421701346810966,94.36230441703944,0,2030.02,2116.0,23.070125579833984
28.236721501419566,94.61607516533876,0,2724.38,632.0,26.70639991760254
27.5179112643337,88.5275885429851,0,1707.7,1000.0,29.029674530029297
24.314262057406637,93.9880280268172,0,1381.49,884.0,2.120405435562134
25.652653241114617,90.2541942647184,0,3693.54,363.0,19.6851749420166
26.421534807879368,94.40528207533993,0,1747.44,696.0,31.383895874023438
23.85010448560216,93.29320347778572,0,1381.49,1388.0,28.025571823120117
28.788598877142377,94.18038402647473,0,1158.49,2738.0,33.90982437133789
25.99796091656586,94.14422763390483,0,1566.44,399.0,21.128623962402344
27.09381276322244,94.35456173890076,0,2567.19,92.0,3.628095865249634
23.951948020628485,93.87842262047728,0,1381.49,1846.0,22.843835830688477
25.19067422787868,93.90461287938258,0,1271.17,1601.0,37.545230865478516
24.286376448315224,92.13441893377758,0,3648.26,52.0,3.5668110847473145
28.996281510476663,95.18831367874655,0,1289.76,3468.0,38.657772064208984
27.47663305574449,96.21469171466607,0,2174.9,411.0,14.361424446105957
27.3869342100318,93.94568614276214,0,2592.49,1217.0,27.143287658691406
25.00095880035112,94.102270735909,0,1271.17,1112.0,21.89968490600586
27.94894777749581,92.72124814581856,0,1472.72,4844.0,20.574644088745117
25.08514615844783,93.89507777179308,0,1271.17,1377.0,28.689226150512695
27.46198533986733,94.65445552359265,0,2567.19,101.0,1.0432484149932861
25.975116609510653,91.41583962438774,0,3717.5,66.0,3.223468065261841
26.70120787451525,93.67059676959128,0,2204.32,80.0,0.0
25.75337799109454,91.03464850859764,0,3693.54,661.0,13.684834480285645
28.434077926900557,96.02388215538404,0,1891.54,2439.0,46.46615982055664
27.69694290103598,91.8173802929449,0,853.16,4455.0,45.32545471191406
25.85529117974087,92.28659474955214,0,1218.05,812.0,18.803306579589844
28.209174578033736,93.904147844845,0,2320.86,1812.0,31.049274444580078
23.89185168547796,91.93526665855327,0,2322.27,220.0,11.870739936828613
25.62754458952864,92.22038714535633,0,2535.22,1089.0,18.102924346923828
26.6455658901896,89.94081841221036,0,2542.03,78.0,1.0357259511947632
25.613613250615145,92.51715264883954,0,2535.22,910.0,10.183184623718262
26.36171107189725,94.732557218692,0,1819.61,1072.0,52.793190002441406
23.396680199456693,92.63620304741416,0,2148.54,447.0,27.4360408782959
23.79999234435704,92.37608476279522,0,2141.49,483.0,26.672348022460938
26.042337829293075,93.91948089633074,0,1306.28,134.0,2.060072660446167
27.81759176277776,92.1939047725461,0,1194.49,4519.0,32.568851470947266
25.09966197167068,94.63818943650826,0,1566.44,1391.0,32.564151763916016
22.58039384016858,92.86322446672102,0,2496.59,707.0,24.91593360900879
26.350543363415632,90.70287159470932,0,3717.5,41.0,4.164683818817139
27.0119305938244,95.28593762047544,0,1941.69,409.0,19.875280380249023
23.71049545191278,91.89577637867976,0,2322.27,153.0,15.756379127502441
28.1710626811383,94.3974438310092,0,2681.74,2090.0,23.067352294921875
28.0504100132957,95.240613047569,0,2724.38,671.0,32.65134048461914
27.768433028922043,91.81367909263165,0,853.16,4359.0,17.821704864501953
28.125708585276072,96.81676717451111,0,1471.65,4276.0,17.17888069152832
28.34015714290939,95.58157529828104,0,2348.99,1328.0,40.62616729736328
26.293328840888982,93.04795809557866,0,1427.25,343.0,2.264277696609497
28.151376005584748,94.26201234444564,0,2681.74,2629.0,21.488187789916992
25.711647033147884,92.32600939152512,0,2535.22,895.0,4.822852611541748
27.722765300074663,92.72507263257592,0,1194.49,2423.0,36.68989562988281
23.07219492732578,92.5729668644011,0,2496.59,85.0,2.791569232940674
22.49492260997144,92.8731727799288,0,2496.59,484.0,17.834686279296875
28.096743878126546,95.56226154537798,0,2817.65,207.0,0.9305396676063538
27.63299576218867,92.2712916278618,0,1194.49,4463.0,2.0890374183654785
22.62014240661465,93.12485004373772,0,1506.81,501.0,22.103975296020508
24.631684410032225,93.8318023740511,0,1648.99,773.0,2.2387478351593018
28.531455496024485,94.71901833058467,0,2270.17,1400.0,40.02821350097656
28.987112809951466,95.68799817478528,0,1248.72,2819.0,34.81903076171875
24.92191277067009,93.03002326015152,0,1648.99,47.0,5.091425895690918
25.646769614298183,92.44045765429354,0,2535.22,806.0,1.8612332344055176
28.194987005878005,95.97180106512292,0,2484.94,2984.0,36.200721740722656
26.270039541977265,92.6236262731722,0,1218.05,59.0,2.127882957458496
24.467071842059088,92.57930602096329,0,2942.16,40.0,5.067364692687988
26.041040289342217,91.05889241072232,0,3717.5,48.0,3.4665770530700684
24.63759390298333,93.17688925821922,0,1625.06,597.0,28.693159103393555
23.888485474419568,91.58637992207156,0,2322.27,77.0,0.9310806393623352
25.37789409673316,90.33496359973164,0,3693.54,98.0,4.947811603546143
26.19105715110572,91.20114700091982,0,1708.67,39.0,3.4680886268615723
22.56287490575617,92.64441399931223,0,2496.59,190.0,23.889440536499023
27.862451198294146,95.543350495411,0,2724.38,129.0,2.0934159755706787
24.210873890364,92.7925744832088,0,2141.49,481.0,21.675870895385742
22.52959956680503,93.065333699077,0,1506.81,842.0,30.92973518371582
24.67504929868348,92.39416915391244,0,3573.05,51.0,2.7584116458892822
25.625537995363693,92.81362349228274,0,2535.22,248.0,10.900053977966309
26.02403332060639,93.43916296391409,0,1427.25,273.0,17.200653076171875
27.39326891738715,94.97970365825906,0,2357.98,109.0,1.8607778549194336
25.61500736343179,90.43314956578996,0,3693.54,548.0,4.1506829261779785
25.924824676855504,92.81017191287778,0,1218.05,76.0,2.058027505874634
23.23445223549484,93.26463160561916,0,1506.81,1305.0,25.68790626525879
27.92230231673888,88.18874938085966,0,1690.33,5510.0,0.9305633306503296
26.790968766616807,94.54051138523928,0,1747.44,103.0,1.0370413064956665
29.00278076643832,95.3848043999394,0,1248.72,2752.0,27.986581802368164
24.976581657694275,94.57090342857876,0,1566.44,997.0,24.761205673217773
22.875548431511085,92.67513762587222,0,2496.59,265.0,12.089731216430664
27.991356922977403,95.26871683744234,0,2724.38,181.0,0.9305539727210999
23.08152199932236,91.55876354090287,0,2396.11,63.0,15.710838317871094
27.263521178199944,95.49377757072484,0,1916.88,188.0,2.7899930477142334
23.262387237563363,93.19668077075782,0,1327.95,886.0,34.140525817871094
26.8552750664452,94.044297485101,0,2204.32,86.0,2.1303012371063232
28.65828860313369,96.17491929971877,0,1891.54,2007.0,27.102828979492188
27.536976491795382,93.11000072657129,0,1971.8,909.0,31.918561935424805
26.51151523601723,95.09072594477628,0,1819.61,1587.0,30.17567253112793
26.092435226850164,91.77418080064987,0,1708.67,189.0,30.115516662597656
26.95316587034485,93.81492430678811,0,2204.32,86.0,2.275071859359741
26.748589578496105,90.85968665452629,0,1708.67,193.0,3.4738259315490723
26.87320589620829,93.54605567374144,0,2204.32,81.0,1.8609156608581543
27.317293442447475,95.15495904447836,0,1916.88,113.0,1.8607981204986572
26.208949202980914,89.98254375921445,0,2542.03,31.0,2.2629237174987793
28.56211721723746,96.18412928818958,0,1891.54,4193.0,25.03342056274414
27.818659237677583,92.55565638515536,0,1194.49,4830.0,31.239919662475586
25.2850175694252,91.61682881185176,0,3717.5,385.0,11.144620895385742
28.05255923251996,92.93884745450208,0,1472.72,4232.0,15.281643867492676
25.89554200172042,91.41901681730792,0,3717.5,193.0,3.22149395942688
26.29286497391209,94.7764703986869,0,1819.61,1923.0,11.077832221984863
25.79064421331455,93.79311457979092,0,1306.28,482.0,24.497478485107422
24.65928622311733,93.1222326437126,0,1625.06,60.0,5.164483547210693
27.283869795666483,88.36247198085877,0,1690.33,2194.0,16.59746742248535
25.78673393621905,93.05250593863292,0,1218.05,101.0,2.973388195037842
24.105473691359684,92.34517323915226,0,2141.49,118.0,5.9225969314575195
26.79270814561381,90.33998473599462,0,2542.03,184.0,2.976104259490967
28.166642160924063,94.12064159777157,0,2681.74,1378.0,41.383121490478516
27.303409967724196,93.59871907595247,0,2592.49,1863.0,22.12241554260254
25.40534896715585,93.07502027244716,0,1271.17,253.0,15.709403038024902
25.468175663338272,90.30325119583286,0,3693.54,947.0,32.22122573852539
26.339516615576667,92.28430831011524,0,1218.05,56.0,2.265019655227661
24.495493148914097,94.20526003294496,0,1381.49,926.0,24.175355911254883
28.180333190405573,94.97469599893904,0,2724.38,1427.0,29.2396240234375
25.946565091766395,93.63132480129208,0,1306.28,192.0,3.6018948554992676
26.68973004577639,92.32083726167816,0,1421.55,83.0,0.9307273626327515
27.55287830614915,93.23340154390912,0,1971.8,1657.0,38.63785171508789
26.19234193202897,90.65365180280136,0,3717.5,30.0,0.0
27.166523437597863,95.03943844050488,0,1941.69,106.0,2.977158784866333
24.43323003357631,92.68659206685992,0,2942.16,109.0,8.134041786193848
28.600832347645603,94.44065749847212,0,2030.02,2808.0,19.04916000366211
27.68075450178417,96.90522502817836,0,1689.08,4245.0,27.47936248779297
26.38559444843729,90.54301066270384,0,3717.5,244.0,15.470857620239258
29.04052550774673,94.80161327632784,0,1289.76,2086.0,51.70583724975586
26.01579660422916,93.58293218626764,0,1649.52,302.0,14.572301864624023
24.36095083827393,92.0660080519443,0,3648.26,91.0,13.017555236816406
25.00699043946019,93.76341584376615,0,1271.17,1576.0,16.755016326904297
22.47722253999365,93.05140929777066,0,1506.81,1362.0,37.30055618286133
27.68053480495645,96.77802869090516,0,1689.08,2691.0,36.231597900390625
28.16140198547342,94.18654292791564,0,2681.74,1367.0,45.20758819580078
28.91606872808516,94.7281562544007,0,1289.76,1686.0,33.176673889160156
22.828573533088917,92.86170906768436,0,2496.59,573.0,36.03248977661133
22.902726754860318,92.96158963373516,0,1506.81,823.0,22.536542892456055
25.587737563724676,93.5551211119869,0,1271.17,280.0,23.32709503173828
24.20100155882218,93.65220906175388,0,1381.49,841.0,2.232506275177002
23.58491539286515,91.89400260209824,0,2396.11,119.0,19.022167205810547
27.978807862176662,88.77768681526264,0,1707.7,5439.0,15.723411560058594
28.83613137269838,95.27380508838812,0,1289.76,2778.0,23.067537307739258
27.78261737620074,88.48029018463869,0,1707.7,3545.0,50.59416580200195
27.94751832800277,95.95298125542092,0,2484.94,178.0,6.948004245758057
23.703531502301917,92.78203205744944,0,2148.54,520.0,31.879966735839844
27.40531217063838,95.9367280983248,0,2291.38,169.0,3.8603053092956543
28.64626462012169,94.2998704407296,0,2030.02,2597.0,23.296987533569336
26.527182394743352,92.32484445326224,0,1421.55,63.0,6.204062461853027
22.59447080895716,92.6605470556903,0,2496.59,160.0,13.40401554107666
25.741808784130846,93.2471880389193,0,1271.17,156.0,1.3865113258361816
25.87422829265628,91.16311431530126,0,3717.5,63.0,4.212423324584961
27.312989272213088,95.14379777965144,0,1916.88,112.0,2.281125545501709
26.265407195041277,89.76102715712723,0,2542.03,30.0,2.127863883972168
26.166848074147747,94.52833127441608,0,1566.44,1061.0,30.898311614990234
27.21774695939875,88.74236061306037,0,2542.03,1325.0,17.593149185180664
26.233576439418883,91.49550533772975,0,1708.67,52.0,1.0320501327514648
29.01610247815152,96.32755956080128,0,1011.98,3508.0,9.69194221496582
25.03828578271297,94.25780742568816,0,1566.44,1121.0,21.25779151916504
24.2213749935523,92.28285973678234,0,2141.49,133.0,12.210351943969727
26.448895661350846,93.00984748295922,0,1427.25,80.0,3.099194049835205
22.826221034208157,92.91737210110804,0,1506.81,483.0,40.082557678222656
27.678749741304497,96.171678418744,0,2174.9,285.0,5.0152459144592285
27.4231621487654,92.7115351922703,0,1194.49,2190.0,18.170259475708008
26.0286379752686,92.560816760223,0,1218.05,89.0,6.15834379196167
27.15369455215676,95.57912114935894,0,1916.88,839.0,41.2815055847168
27.227439407194925,93.21977543488264,0,1941.04,2073.0,21.477344512939453
25.902050714837355,94.23542895547156,0,1566.44,923.0,4.6443586349487305
24.494338363343413,93.9796077935438,0,1381.49,785.0,2.970151424407959
27.92566647105412,95.1119260161596,0,2724.38,546.0,9.499205589294434
28.66809064373413,96.4767392912364,0,1891.54,4659.0,38.599124908447266
28.42364030275182,94.45249776897828,0,2030.02,3671.0,37.51486587524414
25.281426002259067,93.36743409118807,0,1271.17,1484.0,19.849767684936523
25.929113369998465,93.2119823150569,0,1427.25,214.0,5.076291084289551
22.493716286225705,93.09980603261462,0,1506.81,574.0,29.019922256469727
27.539565582208112,93.27684495265798,0,1971.8,2323.0,43.12140655517578
24.625242991509364,94.18677298205596,0,1381.49,1606.0,13.200152397155762
27.57344596066908,93.3647053157438,0,1971.8,2386.0,40.71047592163086
28.760170956196568,94.22667241143772,0,1158.49,2704.0,26.748870849609375
27.98131862817457,97.04775320226038,0,1471.65,3226.0,25.072874069213867
23.632026851802525,92.33772919475751,0,2148.54,401.0,30.38078498840332
26.14011006941,90.72555248951288,0,3717.5,40.0,3.6061952114105225
28.761801220165065,95.47521758020518,0,1248.72,2585.0,45.58137893676758
24.1113902837428,92.06315315671064,0,2322.27,75.0,17.86956024169922
25.57513098926772,91.36086689222752,0,3693.54,1519.0,2.769315242767334
24.33063763457826,92.7320734438622,0,2942.16,196.0,21.808225631713867
28.53757070419101,94.86687260281695,0,2270.17,1847.0,20.37760353088379
27.971152184290425,96.83228437126525,0,1471.65,2059.0,33.36956024169922
24.100433810144143,92.40614969549708,0,2141.49,349.0,13.085168838500977
25.423377296881974,90.11192689632136,0,3693.54,124.0,15.716185569763184
22.932223706667735,92.49969386649131,0,2496.59,77.0,18.627063751220703
27.271436003742224,96.06598370582932,0,1835.44,458.0,21.574899673461914
25.87372990850418,92.53501278483334,0,1218.05,561.0,2.126293897628784
24.99769495641926,94.32119704984984,0,1566.44,1330.0,24.92547035217285
26.61211666444464,91.45466667542348,0,1708.67,68.0,2.2694473266601562
25.330838416150836,91.92907223328088,0,3717.5,809.0,30.57773780822754
27.799466606886064,96.54101847670093,0,2484.94,3232.0,18.200054168701172
24.020632302285712,93.87181427650331,0,1381.49,1430.0,18.67241096496582
24.235919516179155,92.99943225711408,0,1625.06,633.0,17.69576644897461
23.29631858263791,91.73327160095228,0,2396.11,100.0,15.715322494506836
22.570424321176795,92.7350505319174,0,2496.59,687.0,14.356860160827637
24.51218282929708,93.80228249368768,0,1381.49,768.0,0.0
25.44747942820679,91.05505566208925,0,3693.54,646.0,14.193982124328613
25.05405750531734,93.7629612448836,0,1271.17,1513.0,22.228351593017578
26.187435101352616,90.00875526537016,0,2542.03,52.0,2.2625815868377686
26.842111167616864,91.79151089604316,0,1154.3,250.0,4.143252372741699
26.755680472392672,94.54599745841894,0,1747.44,106.0,4.2538957595825195
24.28597020686308,92.68475340769146,0,2942.16,203.0,19.054458618164062
28.46725355651048,95.64954630180902,0,2348.99,1994.0,38.35039520263672
27.708674167882755,93.31912206677076,0,1971.8,1764.0,32.32611846923828
29.15373150907463,94.6240470786168,0,1289.76,3180.0,37.902488708496094
24.963673540183724,92.99004848742894,0,1648.99,88.0,18.249326705932617
25.49584397464077,94.1823506786017,0,1566.44,1214.0,25.79401206970215
26.45512246927756,89.89632827349926,0,2542.03,47.0,0.9307580590248108
25.237972238110835,93.13077811033828,0,1648.99,421.0,18.28137969970703
28.18168582359925,95.04431567326915,0,2724.38,584.0,18.993627548217773
25.9634634894738,89.86488739766298,0,2542.03,27.0,7.684207439422607
28.197116671305796,96.8035208329212,0,1471.65,3386.0,32.370391845703125
25.496693537936057,92.0491433563792,0,3717.5,1309.0,17.733409881591797
28.822340354950924,94.28038102801304,0,1158.49,2060.0,33.99283981323242
26.627861529422987,91.258551030906,0,1708.67,55.0,2.975646495819092
27.70668307515885,95.81228068237928,0,2174.9,137.0,2.0904364585876465
28.112811609674463,93.17260808806222,0,1472.72,2733.0,23.782428741455078
27.87191823457956,97.02530025208225,0,1471.65,2261.0,28.92338752746582
25.669223838274,93.660078915044,0,1306.28,330.0,8.948830604553223
23.08850854688574,91.65044531768471,0,2396.11,30.0,1.3710514307022095
24.08691805403016,94.22602569838251,0,1381.49,254.0,12.164538383483887
26.375352436707768,93.49636281946955,0,1649.52,422.0,15.718692779541016
25.31245022057904,90.53450499681269,0,3693.54,195.0,17.38863754272461
25.592176963146947,89.97674331025287,0,3693.54,30.0,4.499495506286621
22.848444964148324,92.62032930367565,0,2496.59,101.0,12.421908378601074
28.77760029003157,96.49001475906076,0,1011.98,4139.0,37.08399200439453
25.202730416685316,91.4582827578702,0,4780.93,74.0,11.691352844238281
23.32368294443036,92.73920041338232,0,2148.54,554.0,23.347143173217773
26.75802953874459,93.38784765483008,0,1941.04,78.0,1.393088698387146
27.52011749180613,93.22823355141256,0,1971.8,2475.0,35.459869384765625
25.59866397554113,92.07901175607635,0,3717.5,986.0,14.916150093078613
26.611947502584027,94.13324816942358,0,1747.44,91.0,2.790250539779663
26.41002276393539,91.36512914297133,0,1708.67,49.0,2.066556453704834
28.8671904819986,94.78799979350784,0,1289.76,356.0,45.55974578857422
26.256214086348184,94.48824322136244,0,1747.44,930.0,13.731987953186035
25.58065723953017,91.86900904808245,0,3717.5,1462.0,5.201877117156982
25.40742157776089,90.69581372360722,0,3693.54,554.0,14.918879508972168
27.52147211196325,92.56790488294644,0,1194.49,2666.0,26.2376651763916
26.608192666111627,92.16682271608258,0,1421.55,75.0,2.269379138946533
25.432510321176192,92.86988179986156,0,2535.22,287.0,5.073165416717529
26.318094822738857,90.9733263785326,0,1708.67,37.0,2.778752565383911
27.22305159326665,93.90719121298925,0,2592.49,147.0,2.1318655014038086
25.701476815786872,90.02334995896767,0,3693.54,38.0,5.565299987792969
27.749242899119853,95.33186156084658,0,2724.38,118.0,1.399879813194275
24.813149856058104,93.55230584053665,0,1648.99,376.0,29.343576431274414
26.514137362998465,92.71604432567432,0,1941.04,74.0,1.3914750814437866
25.618112806506595,93.25390136175852,0,1271.17,435.0,8.041810989379883
23.276766438767293,92.75055331825006,0,2148.54,754.0,2.2196044921875
22.794926165036177,92.8732059281126,0,2496.59,497.0,28.77187156677246
25.769118204138778,90.54588815693724,0,3693.54,90.0,9.034379005432129
27.341829352659907,93.31266447241713,0,1971.8,2431.0,14.020008087158203
25.5094516047868,91.20978099213932,0,3693.54,1358.0,8.254389762878418
28.5033645557118,93.76573192754071,0,1535.18,2821.0,27.74744987487793
25.218126769587077,94.19284217634102,0,1566.44,1157.0,16.131622314453125
28.755620637562878,95.72767010405003,0,1248.72,2686.0,23.211463928222656
28.45388254226182,94.2902242769956,0,2030.02,3769.0,13.051087379455566
28.814739329880226,96.0520635256887,0,1891.54,3943.0,25.807397842407227
26.102835135597854,91.03484081916524,0,3717.5,40.0,2.061131715774536
24.625254645222935,92.56388761183467,0,2942.16,26.0,0.9309905171394348
26.506015743268357,95.10419913584406,0,1819.61,1986.0,17.4006404876709
25.72078728566309,89.9978686218693,0,3693.54,42.0,6.142528057098389
24.085891394705545,93.11375772103708,0,1381.49,828.0,29.965383529663086
28.250023633712303,96.93393040464665,0,1044.44,3352.0,38.77511978149414
26.76481670297764,91.42911927006878,0,1154.3,136.0,4.253972053527832
25.93897572090468,90.34591476035828,0,3693.54,207.0,10.297051429748535
27.25203151604367,92.53064445626164,0,1421.55,2078.0,26.496854782104492
26.24054625298785,89.8111578765785,0,2542.03,31.0,1.3896912336349487
23.7037309145835,91.36048421217627,0,2414.95,51.0,9.072319984436035
25.970453172073228,94.12926894489884,0,1566.44,444.0,11.589681625366211
25.632743752334267,94.49235353438095,0,1566.44,1411.0,35.21372985839844
25.498628227074583,92.28461412791351,0,2535.22,1318.0,3.7186217308044434
29.037523616805807,94.66046520069348,0,1289.76,3261.0,32.80659103393555
26.056359959518808,92.66482724356568,0,1218.05,85.0,14.704628944396973
25.36389751619165,94.5870668972972,0,1566.44,1452.0,34.42528533935547
24.76267022284962,92.52004946300796,0,3573.05,33.0,7.475209712982178
26.318074643838724,92.6357399015041,0,1218.05,60.0,5.573818206787109
26.721167020090483,94.32271777797644,0,1747.44,106.0,3.473538398742676
24.9868221202813,92.95299650937709,0,1648.99,277.0,21.252952575683594
24.99947088563223,93.36773070298372,0,1648.99,195.0,22.78667449951172
23.57458004370316,91.46485771604642,0,2396.11,41.0,4.114816188812256
26.04811587864495,92.5624390264442,0,1218.05,172.0,7.174713134765625
27.27509699063561,88.81536182066102,0,1707.7,3035.0,35.71217727661133
24.72078522628479,92.41966667380252,0,3573.05,25.0,7.333950519561768
26.96749424152249,94.2278553570656,0,2592.49,84.0,2.2753124237060547
25.402151052376617,90.72871708309214,0,3693.54,439.0,13.735692024230957
23.878151040923942,93.22791365304415,0,1381.49,899.0,7.05248498916626
25.24634147882088,93.03675044206643,0,1648.99,659.0,11.587667465209961
26.485111792720485,90.53704877950848,0,1708.67,66.0,2.267374277114868
24.99971918772387,93.6928714398548,0,1271.17,1268.0,29.18646812438965
24.717866813884378,92.5139823303286,0,3573.05,89.0,10.725035667419434
24.466539674722693,93.74858491161356,0,1381.49,788.0,1.3787814378738403
25.694327103428613,91.7590542274822,0,3717.5,914.0,5.930370330810547
25.69069569040168,92.1402534544996,0,3717.5,962.0,23.907238006591797
28.041146022100047,93.63125897990938,0,2320.86,1251.0,44.790443420410156
26.234198931788832,91.1829715880819,0,1708.67,39.0,2.2633283138275146
28.234425970907605,93.09890393024996,0,1472.72,3560.0,34.43671798706055
28.139544706868275,93.7281381395718,0,2320.86,1751.0,32.4494514465332
25.75704979884881,91.49130439636356,0,3717.5,633.0,11.99317455291748
27.44697309329679,93.26226113970688,0,1971.8,2433.0,20.199861526489258
26.562296243921327,91.34548411507612,0,1708.67,62.0,2.2686307430267334
26.07973507093485,93.49137136484948,0,1427.25,844.0,11.72985553741455
25.694692388933603,90.1534033570071,0,3693.54,294.0,8.562448501586914
27.211204952099298,95.88585293635066,0,1916.88,365.0,13.697185516357422
27.23318529451333,95.78527191327456,0,1916.88,276.0,4.757781505584717
25.450719591443,94.19575470037329,0,1566.44,1334.0,22.48737144470215
25.33759441936215,93.90527264939078,0,1306.28,2048.0,15.373382568359375
28.066189834296495,92.9637507308473,0,1472.72,4439.0,22.28190040588379
26.94501544072437,94.89860885112202,0,1941.69,115.0,3.6246016025543213
26.03229731452164,91.46727725155633,0,1708.67,48.0,2.126925230026245
27.339065651767083,93.45385075901554,0,2592.49,1615.0,26.892501831054688
24.917553264120897,94.2807024531648,0,1566.44,865.0,13.614706039428711
22.50459751554864,92.90471605024544,0,1506.81,793.0,30.435014724731445
28.689135521658734,94.82845669882244,0,2270.17,1161.0,27.461435317993164
23.529618013434096,91.21851556610022,0,2396.11,41.0,1.3734575510025024
25.307608587119685,90.35320136713324,0,3693.54,179.0,26.302833557128906
26.85813036245228,92.82261404967744,0,1421.55,82.0,1.0376533269882202
27.57043994867497,96.46570462972088,0,2174.9,956.0,27.22599983215332
26.499874129457687,92.59193322390172,0,1421.55,65.0,1.861013412475586
26.639220591155397,91.08128940788262,0,1708.67,50.0,3.6175127029418945
24.45553769292188,92.24551391348028,0,3648.26,28.0,4.923124313354492
23.926321068168768,92.14170119568384,0,2141.49,203.0,14.607954025268555
23.456230604493367,92.83779534887742,0,2148.54,737.0,33.086578369140625
26.40056297037911,91.01983972082598,0,1708.67,42.0,3.7181599140167236
28.010746968657298,88.66786020191398,0,1707.7,5681.0,6.382444381713867
27.618251656285647,95.0688869627554,0,2724.38,113.0,2.0887582302093506
26.98953225806406,94.71987630423396,0,1941.69,98.0,1.0388556718826294
26.79441257050662,92.48245791586736,0,1421.55,102.0,0.9307136535644531
24.031687692098863,91.40383433065428,0,2414.95,29.0,3.1775336265563965
27.173013271273387,94.03402195573028,0,2592.49,94.0,5.509232044219971
26.309011964403066,92.86246474514232,0,1427.25,83.0,2.1280410289764404
25.5862806712382,93.7621931341301,0,1306.28,1083.0,27.803604125976562
26.400143950332453,90.4345913128972,0,3717.5,46.0,4.165651798248291
24.6245872472318,94.02962564086504,0,1648.99,779.0,2.0362346172332764
27.699361493844176,93.20481007377678,0,1971.8,2442.0,33.25598907470703
28.29402609009855,93.04691415803566,0,1472.72,4191.0,24.4655704498291
25.29767016462705,90.27779210788076,0,3693.54,65.0,12.892678260803223
23.01040050994617,92.95502726069245,0,1506.81,590.0,30.601350784301758
26.47038150703951,92.35728766507904,0,1218.05,52.0,0.0
26.65770217816745,94.18432304774132,0,1747.44,94.0,2.270193099975586
23.60102142233373,93.15018350534272,0,1327.95,816.0,23.13230323791504
28.38656588905525,94.77159995626066,0,2270.17,1499.0,27.267070770263672
25.81442736334806,90.19991187860948,0,3693.54,147.0,7.172332286834717
27.1680686422049,93.6864299076194,0,2204.32,712.0,42.07764434814453
25.263795994078404,93.33084118499308,0,1271.17,1500.0,10.183368682861328
25.124903325816717,92.66150978424278,0,3573.05,970.0,10.887669563293457
23.687977803620377,91.8904641393421,0,2396.11,162.0,18.938016891479492
26.05020844224488,93.02875508868829,0,1427.25,81.0,3.4666690826416016
24.863826253067096,94.1148005329222,0,1271.17,982.0,31.03789520263672
25.640091577998145,94.60516182337388,0,1566.44,856.0,19.20543098449707
23.614366186021662,93.40572165196184,0,1327.95,1205.0,12.081384658813477
25.656670048736387,91.7273183636256,0,3717.5,1005.0,11.986262321472168
22.3166783896286,93.0456981417831,0,1506.81,984.0,20.746639251708984
27.31812744088801,94.0825895014678,0,2567.19,109.0,2.792099714279175
28.431457844332694,96.0405220496555,0,1891.54,1665.0,54.155128479003906
27.727177932929717,95.72394671160612,0,2174.9,136.0,0.0
24.490349827642376,93.5889413323848,0,1381.49,799.0,10.900055885314941
26.364678026177952,92.78916610303035,0,1218.05,70.0,3.4698550701141357
25.526194860148824,91.40145827518332,0,3693.54,1526.0,1.8612639904022217
26.77697837849876,91.42329030641686,0,1154.3,146.0,2.2721526622772217
23.00255712116393,91.63253876194828,0,2396.11,53.0,18.301048278808594
27.446438563890087,93.86886347363254,0,2592.49,2132.0,28.536283493041992
28.218369633043167,94.29496271347432,0,2681.74,2487.0,39.78954315185547
23.105698655216624,92.85341486444182,0,2496.59,688.0,37.71444320678711
27.61672258417588,96.66022446996728,0,1689.08,2865.0,22.810171127319336
27.2880053802446,94.86864017566587,0,2567.19,104.0,4.159612655639648
28.255603452650316,95.4572744579678,0,2348.99,1567.0,47.80924606323242
25.353521780328357,90.02263053755193,0,3693.54,62.0,3.208249568939209
27.124145226563904,94.7588397432366,0,1941.69,100.0,4.757632255554199
24.69146127247566,93.33071774321029,0,1648.99,538.0,38.679168701171875
26.60891006144189,92.44807211425574,0,1421.55,68.0,1.0353955030441284
28.03214896106206,92.92460014369354,0,1472.72,3345.0,13.50521469116211
27.193729110821145,88.39812393280465,0,2181.41,2255.0,28.76019859313965
23.705338302043607,91.21488518590984,0,2414.95,33.0,5.481996536254883
26.11158158975114,92.51943654079967,0,1218.05,74.0,4.515721321105957
24.461808788166824,92.53026856243636,0,2942.16,35.0,2.7559127807617188
26.252529807108957,92.22590672716748,0,1218.05,56.0,1.3897686004638672
27.11202112735735,94.87523730240446,0,1941.69,102.0,1.3954700231552124
26.362538345751485,93.71722296151545,0,1649.52,643.0,18.060604095458984
25.607976286393672,91.49646302192704,0,3693.54,1437.0,21.076887130737305
26.927633316648254,94.40813679865695,0,1747.44,88.0,1.0382877588272095
27.399979804504227,96.92380559022584,0,1689.08,3223.0,33.48805618286133
26.358489295201668,92.1473672505475,0,1218.05,58.0,4.975511074066162
25.64930585724969,89.91392651066528,0,3693.54,22.0,2.254108190536499
27.748647615390613,94.97627902406536,0,2724.38,112.0,1.860682725906372
24.2495992262166,92.70010840336975,0,2141.49,319.0,21.754358291625977
24.058743307319325,91.86644121484538,0,2322.27,92.0,13.838102340698242
26.676383739082716,90.73910602501496,0,1708.67,133.0,1.0360043048858643
24.118947441352194,93.0598968395573,0,1381.49,768.0,21.45215606689453
24.765407144252716,94.03203251823297,0,1648.99,1016.0,19.387876510620117
28.165826101226312,93.01699750008255,0,1472.72,4134.0,9.727363586425781
25.573428873032125,91.967070113438,0,3717.5,1367.0,13.41415786743164
27.979433309808083,95.67586536722008,0,2817.65,154.0,5.090278625488281
24.198225382000047,92.57935995941598,0,2141.49,207.0,27.20591926574707
24.117970321071137,93.96501408885408,0,1381.49,1616.0,19.363201141357422
24.700035310608342,92.88750047966096,0,2942.16,28.0,2.121809959411621
25.763578695576356,91.58447872304424,0,3717.5,670.0,12.184755325317383
24.31122211240658,93.27812141896632,0,1381.49,842.0,26.594018936157227
26.09857283459715,91.30613326612584,0,1708.67,49.0,2.261164665222168
25.909893133011487,93.52732334429122,0,1427.25,199.0,5.534102916717529
25.32620205659764,89.96317806117106,0,3693.54,61.0,6.5679850578308105
27.92169236584351,94.60628316390012,0,2681.74,1016.0,44.38761520385742
27.05027070391787,94.6632456785798,0,1941.69,94.0,2.1311261653900146
26.37695777840998,90.05835480189445,0,2542.03,46.0,1.0333200693130493
27.92271014589697,96.59021595104171,0,1471.65,2410.0,28.120771408081055
27.935221075770805,93.7667599966947,0,2320.86,1416.0,28.59963035583496
24.69780077805411,94.1439652407262,0,1648.99,968.0,9.705862998962402
27.199255049428903,93.74092527504062,0,2204.32,631.0,38.7567024230957
25.13516363083671,92.79112700254916,0,3573.05,1131.0,15.77442455291748
28.342182473094557,93.52431148306,0,1535.18,2134.0,24.112451553344727
27.12026360856926,97.09007928386694,0,1689.08,1958.0,32.61976623535156
28.28026546120829,95.2604648150284,0,2270.17,1722.0,30.624103546142578
26.80931479129877,93.79626393935972,0,2204.32,71.0,0.0
25.781656972322413,91.94509023916692,0,1708.67,1024.0,8.37369441986084
23.98816345383049,92.49211792307744,0,2141.49,742.0,34.456844329833984
27.54850166604316,96.1435057467534,0,2174.9,304.0,27.14283561706543
26.60923696319993,94.97547613518906,0,1819.61,393.0,6.205957889556885
26.826865246285355,92.39702024194064,0,1421.55,128.0,1.3935484886169434
25.935429042013784,90.6788003313771,0,3693.54,68.0,9.283722877502441
25.34303776480644,90.24291710010884,0,3693.54,100.0,24.67422866821289
27.71134940871477,92.85595617087073,0,1472.72,3184.0,36.240745544433594
27.554091101627957,91.72601098363027,0,853.16,2618.0,30.50750732421875
24.87550719923101,93.4438879896114,0,1648.99,868.0,17.862651824951172
25.14227941032769,93.3966379671514,0,1271.17,612.0,43.62770462036133
23.2335654920654,92.8412986002965,0,2496.59,494.0,18.032135009765625
28.37715753657326,94.23587603017572,0,2030.02,1895.0,38.96232986450195
25.634874178548905,90.46298923909144,0,3693.54,444.0,11.43414306640625
27.29212045672977,97.0008134368541,0,1689.08,2713.0,41.71760940551758
27.24164163666266,95.39684849187232,0,1916.88,125.0,1.0411871671676636
25.341798321449065,93.52849963259344,0,1271.17,1372.0,20.297664642333984
29.133949545666443,96.10890657501768,0,1011.98,2209.0,13.092302322387695
26.010087382311976,93.47213934768874,0,1427.25,163.0,8.980734825134277
24.81429361446919,92.79155483144272,0,3573.05,25.0,0.9309670329093933
25.35030772040886,91.32017866082754,0,3693.54,855.0,37.144126892089844
23.85993336067504,93.35916481348976,0,1381.49,652.0,39.491703033447266
26.349720498149388,89.90056651374391,0,2542.03,38.0,2.7791635990142822
25.06762333869268,93.99640575822212,0,1271.17,1101.0,21.01837730407715
25.084049660373147,94.11904314064373,0,1566.44,818.0,4.755064487457275
28.4287086890727,93.30940545558134,0,912.05,2533.0,36.34107971191406
25.27197884592984,94.49673359964866,0,1566.44,1310.0,29.852298736572266
24.82625753526765,94.01396247416996,0,1271.17,879.0,25.49050521850586
25.87069169444592,92.11405573501716,0,1708.67,916.0,34.14144515991211
27.716341986950464,94.77124690888652,0,2357.98,220.0,22.9233341217041
24.2777323607904,92.01312716202312,0,3648.26,29.0,2.120274782180786
27.13066721110126,94.68716681273445,0,1941.69,92.0,1.3955966234207153
25.148150483142807,92.26248031102088,0,3573.05,240.0,8.436325073242188
22.114236467758072,93.04494144105064,0,1506.81,645.0,24.37310028076172
26.734898895709865,94.37754467690836,0,1747.44,109.0,3.242783308029175
27.890440780428012,93.23219559614824,0,1472.72,2729.0,25.22249984741211
24.3909725056209,93.0815731042126,0,1625.06,784.0,29.82085418701172
27.03543426550231,93.49992352819272,0,2204.32,252.0,6.215966701507568
26.899938709575537,95.53998129519636,0,1916.88,1573.0,27.77644920349121
25.81862845858052,91.75595258869376,0,1708.67,448.0,23.3580322265625
25.061620063277648,94.06535012167728,0,1271.17,942.0,26.361785888671875
28.180382212619595,95.26505700455162,0,2724.38,993.0,45.07563018798828
28.59897482498926,94.17430455063167,0,2030.02,2155.0,23.957494735717773
26.037752611667024,92.56271043740044,0,1218.05,85.0,10.921117782592773
24.01531028969414,92.23110185677342,0,2141.49,94.0,12.928444862365723
25.495513167057453,92.36401509677614,0,2535.22,1176.0,3.5920376777648926
27.668103027192856,96.20929833201662,0,2174.9,304.0,5.593599796295166
27.01019560325488,92.8190337661516,0,1421.55,152.0,2.7879109382629395
26.031648482016397,94.92809732810464,0,1669.48,940.0,27.131454467773438
24.571315397024605,92.9745408461595,0,1625.06,56.0,19.17344093322754
26.894263971298543,92.888776937494,0,1941.04,88.0,1.860910177230835
28.567248606490928,94.02314021785116,0,1535.18,3434.0,27.840606689453125
26.506622142020536,93.69002460696365,0,1649.52,160.0,14.21511173248291
25.33696816364586,93.034766411785,0,1271.17,507.0,10.506515502929688
26.32624608484005,90.16781848229004,0,3717.5,38.0,0.9307748079299927
25.32771108299042,91.51585178128047,0,3693.54,1521.0,12.26693344116211
23.481851169904424,93.04314163088068,0,1327.95,1114.0,35.5394287109375
26.16519114863878,93.20195015012357,0,1427.25,460.0,17.5474796295166
23.561914481105735,92.68378670172382,0,2148.54,423.0,34.698707580566406
23.030866355062603,93.0118028293154,0,1506.81,1122.0,41.389244079589844
26.35499071853704,91.18177742827716,0,1708.67,40.0,1.3904340267181396
26.51956142224525,92.87439387741355,0,1941.04,71.0,2.975348711013794
26.27415457746956,92.43069813802155,0,1218.05,60.0,2.778183937072754
28.14936219472312,96.73648908567232,0,1471.65,3278.0,47.98260498046875
25.732996960831866,90.50431411235648,0,3693.54,226.0,24.652902603149414
25.732150521645703,94.95779615665182,0,1669.48,2235.0,38.65795135498047
27.341147382381404,88.64320356862487,0,1707.7,1842.0,11.44345474243164
25.161655981111192,94.21277124151892,0,1566.44,1082.0,14.542086601257324
28.28582388872826,96.37462398594975,0,1891.54,4139.0,24.763463973999023
27.167027005399888,92.9345168101519,0,1941.04,1241.0,17.657730102539062
27.380491982059464,96.1273562206098,0,2174.9,212.0,5.1986823081970215
23.562129655814587,91.83049681544756,0,2396.11,106.0,2.745697498321533
24.081957070440723,91.38911073477377,0,2414.95,25.0,4.233367443084717
25.35217154491921,90.41482048740308,0,3693.54,130.0,13.117650985717773
25.10618701784606,93.61616176575964,0,1271.17,1546.0,41.07094955444336
25.756715686890427,92.85308208480411,0,1218.05,100.0,2.1258323192596436
25.62921869095292,90.01927397130801,0,3693.54,161.0,9.836516380310059
23.224991860830706,91.78582318834128,0,2396.11,42.0,2.116619825363159
25.051810410637696,93.21910250433504,0,1648.99,470.0,19.709518432617188
25.507371799805437,93.31418587452076,0,1271.17,521.0,13.413626670837402
27.474146624918188,92.65617212153028,0,1194.49,2319.0,20.998416900634766
28.29054933739425,94.45955949715092,0,2030.02,1577.0,26.96799087524414
27.296803665114275,94.14600095181876,0,2567.19,93.0,2.9775326251983643
24.642048572116163,93.49299246863416,0,1648.99,927.0,31.987234115600586
24.529188522182157,93.40891156328848,0,1625.06,452.0,23.844831466674805
24.425744243448342,94.07905500660549,0,1381.49,1059.0,17.529747009277344
23.918959788812035,91.7146486650476,0,2322.27,96.0,10.12960147857666
25.79770219390751,94.74016048502448,0,1669.48,894.0,28.171951293945312
26.35674950761158,92.72696584296196,0,1218.05,67.0,2.2652974128723145
27.392915066657096,88.18439738160623,0,1690.33,2648.0,25.29926872253418
22.882978696972888,92.54231593754407,0,2496.59,97.0,15.475988388061523
26.641931795845338,93.39042322891046,0,1649.52,82.0,2.2699337005615234
28.11501941203384,92.74790720681251,0,1472.72,4671.0,28.30791473388672
26.212122383369334,91.9370560341879,0,1708.67,272.0,3.4683024883270264
24.586150348488893,94.06927722787462,0,1381.49,794.0,1.861499309539795
23.55646198336937,91.55557019905471,0,2396.11,56.0,10.270930290222168
25.28909180433212,93.48579942178095,0,1271.17,1437.0,25.683818817138672
27.12928355235153,95.60290728981045,0,1916.88,644.0,27.748065948486328
27.205356074910917,94.80323430291656,0,1941.69,97.0,2.2793009281158447
26.301096415409937,91.04468513893949,0,1708.67,43.0,1.861065149307251
27.63008328180363,95.33344603137668,0,2724.38,122.0,3.86076021194458
26.676676084618222,93.69297906521496,0,1649.52,82.0,2.270502805709839
26.68958095350509,93.9848615829731,0,1747.44,89.0,2.1296072006225586
27.79926954625124,94.88282641090196,0,2724.38,259.0,18.83478355407715
26.25367667488372,92.17627782402964,0,1218.05,53.0,1.032226800918579
22.23283996400724,92.95180755494286,0,1506.81,723.0,19.326290130615234
28.195607798327675,93.78285908046396,0,2320.86,1783.0,13.879097938537598
23.657150316104484,91.73782878408416,0,2396.11,222.0,15.474885940551758
26.80315073334704,93.71919653610612,0,2204.32,82.0,3.1087427139282227
28.952657568509427,95.37201668576652,0,1248.72,3627.0,32.873199462890625
26.27740999012102,90.3359398168329,0,3717.5,45.0,3.6092817783355713
28.370639423186542,94.06533661530908,0,2030.02,1066.0,43.1020622253418
28.385608398008745,93.72723257059452,0,1535.18,1075.0,5.563283443450928
25.847084319568744,90.52009692159643,0,3693.54,129.0,15.074067115783691
26.94049159555161,93.22801659662956,0,1941.04,123.0,3.248142719268799
27.50396445404881,93.55898408548514,0,2592.49,1459.0,8.492289543151855
26.128053562053683,92.04552636897122,0,1708.67,57.0,2.2616331577301025
24.45495060719331,94.01955013412912,0,1381.49,796.0,2.1209142208099365
26.828554633765687,95.07733736235684,0,1819.61,288.0,11.64301586151123
26.121160038915956,93.97486966366134,0,1306.28,128.0,1.3889212608337402
25.53330581232698,91.22633291645256,0,3693.54,1399.0,13.737407684326172
25.81726433544553,90.81192998146088,0,3693.54,280.0,35.00292205810547
24.514331740949984,93.89420429863102,0,1381.49,772.0,1.3790608644485474
26.295631404836303,90.85035468720312,0,3717.5,41.0,3.8581604957580566
26.321252719600484,92.6811269497516,0,1218.05,65.0,1.8610599040985107
24.25201056645464,92.56639048309944,0,2942.16,202.0,5.14854097366333
24.82946780708937,92.86422817618973,0,1648.99,27.0,1.380922555923462
27.376915222081436,92.26653718107062,0,1194.49,1690.0,33.72856521606445
26.25406999966477,91.74366228780126,0,1708.67,102.0,26.87803840637207
28.333712344507703,96.69184348995542,0,1044.44,2853.0,50.01578903198242
25.451410517338797,92.74115602988417,0,2535.22,660.0,6.40118408203125
25.73608796692015,90.4188497413521,0,3693.54,302.0,10.244906425476074
27.58141029551984,96.32902275422528,0,2174.9,550.0,5.56656551361084
25.84696777098742,91.98543177650916,0,1708.67,831.0,11.319147109985352
27.688697127872157,95.36917274011832,0,2724.38,118.0,0.0
25.48229143757016,91.2047926797094,0,3693.54,1331.0,8.005794525146484
26.53932522754531,90.1449426900966,0,2542.03,60.0,5.080267906188965
27.24689457347584,92.58241519693856,0,1421.55,1815.0,27.661161422729492
27.92514834308574,93.41485612375452,0,1472.72,1745.0,26.965723037719727
25.426714140621616,93.07020235528113,0,1271.17,294.0,10.067938804626465
25.524733772513837,91.0926250639989,0,3693.54,1035.0,11.078378677368164
28.698576663948792,94.18774742261414,0,2030.02,3413.0,26.325397491455078
26.48017229816891,91.91399820871796,0,1708.67,64.0,1.3912526369094849
29.112233164736413,94.69181915484268,0,1289.76,4097.0,41.825992584228516
23.9729736021445,92.8941191819068,0,1381.49,515.0,28.001468658447266
24.37891693132138,94.176351023317,0,1381.49,747.0,10.489261627197266
26.60636778245337,92.5232212709237,0,1421.55,64.0,3.472344160079956
26.050101127297538,91.85686870259586,0,1708.67,168.0,13.318221092224121
25.69946958515146,93.10218694615672,0,1271.17,307.0,20.470508575439453
24.974753684752805,94.16831367141891,0,1566.44,1107.0,29.44416618347168
28.08114176170111,97.03704699804464,0,1471.65,2594.0,55.56122589111328
27.379833749561445,94.59236775441212,0,2567.19,96.0,2.282259464263916
28.03573367446489,96.97791614561804,0,1471.65,1141.0,22.527061462402344
28.00778829138182,96.78775897318368,0,1471.65,2459.0,39.6103515625
26.247419032299167,94.3578211062942,0,1566.44,620.0,16.55365753173828
25.541008486726657,93.61771994633668,0,1271.17,806.0,17.00735855102539
27.13235958624955,92.7068586631712,0,1421.55,514.0,29.73063850402832
23.956547352708967,92.9972237656704,0,1381.49,408.0,14.008293151855469
28.90227250652784,96.49266683356348,0,1011.98,3894.0,36.4224967956543
22.869504518422342,92.4890301558822,0,2496.59,104.0,23.554128646850586
27.154996391095768,92.66090130809812,0,1421.55,222.0,9.765141487121582
27.252220636433783,94.55810161334558,0,2567.19,98.0,4.260442733764648
25.34486836699298,92.60134674625436,0,2535.22,982.0,15.441645622253418
25.771511421835573,92.2719078435933,0,2535.22,687.0,8.975193977355957
26.720075238277857,94.44587764576464,0,1747.44,112.0,1.3928353786468506
25.87160472698743,90.93777805775132,0,3693.54,253.0,12.57673168182373
24.81819376422411,94.20553757461946,0,1271.17,1329.0,17.85500144958496
26.01458715721941,90.75468569483029,0,3717.5,57.0,2.1268551349639893
27.443856113949757,95.94702039894985,0,2291.38,165.0,0.9306275844573975
28.137329918927545,93.74209787911232,0,2320.86,1753.0,37.80122756958008
23.61317721236042,91.83276253072708,0,2396.11,122.0,10.989906311035156
26.0897026875722,92.8106932291979,0,1218.05,71.0,3.0896899700164795
26.21238829810837,93.05484804874013,0,1427.25,82.0,1.389509916305542
27.95871187946962,96.2380503728711,0,2484.94,387.0,8.376103401184082
25.66273328144735,90.52878740853204,0,3693.54,413.0,12.228365898132324
27.41860548026061,94.09011206767042,0,2567.19,294.0,20.425350189208984
25.18072131729129,93.77181955350628,0,1271.17,1230.0,44.191158294677734
27.352949314889823,92.1440664111218,0,853.16,3205.0,21.487642288208008
23.53457324380347,91.67332008081132,0,2396.11,33.0,0.0
25.411995731702525,90.9533719351316,0,3693.54,313.0,35.65101623535156
26.028467639278112,94.313131861538,0,1566.44,763.0,23.022829055786133
27.66641564765673,95.92579728349372,0,2174.9,160.0,1.399298071861267
28.45257173400421,95.08485051252096,0,2270.17,522.0,26.00580596923828
28.406393220213275,94.12529580079212,0,2030.02,2087.0,37.21658706665039
27.830054110671195,88.72208169217018,0,1707.7,4336.0,54.623905181884766
25.741978972769022,90.70960802630474,0,3693.54,413.0,8.21870231628418
28.02827446154833,92.989694474692,0,1472.72,3348.0,28.316251754760742
25.02959277209388,94.49836133552496,0,1566.44,985.0,29.606897354125977
24.783478735537397,93.41912067625854,0,1648.99,881.0,32.617862701416016
26.09063501355056,92.34777164758124,0,1218.05,198.0,5.842092514038086
22.114254796616333,92.60330276930648,0,2496.59,275.0,13.754164695739746
24.21724342368969,93.25107278145974,0,1381.49,987.0,21.892675399780273
25.95706171396728,90.21835709107636,0,3693.54,36.0,2.126624822616577
25.751745781194145,89.91392285919034,0,3693.54,26.0,2.2556989192962646
25.85285087111748,92.9555635894894,0,1218.05,91.0,2.9735612869262695
24.97755068305872,93.4650462183214,0,1648.99,598.0,19.19432830810547
27.75820875240911,96.92223373113126,0,1471.65,3584.0,20.245407104492188
26.6721425924867,92.21767735481056,0,1421.55,86.0,0.0
24.520807639980728,94.1975834804121,0,1381.49,1369.0,21.42528533935547
25.61087891127975,94.87813948462664,0,1669.48,1179.0,32.640987396240234
29.12668181432493,95.6778656766092,0,1248.72,3918.0,35.29998016357422
24.664646162340304,92.81424590532949,0,2942.16,32.0,9.571439743041992
27.153470654731137,92.36882490904262,0,1421.55,2617.0,39.147518157958984
28.052401327862395,96.64156317132148,0,2484.94,2100.0,25.781253814697266
28.01659184655332,93.771826602841,0,2320.86,1159.0,23.467065811157227
22.27185008491673,92.72010812659892,0,2496.59,547.0,29.9959774017334
23.2889905427114,91.3308520791286,0,2396.11,31.0,5.060757160186768
25.4473774487509,94.05820847334924,0,1306.28,1850.0,41.321895599365234
25.17453551694205,92.65827588051896,0,3573.05,1162.0,23.844635009765625
27.503026505436356,92.85193790791388,0,1971.8,1484.0,35.749122619628906
25.439767091166235,91.57450901778134,0,3717.5,1579.0,11.968780517578125
25.964948076579443,93.112255000775,0,1427.25,143.0,8.517439842224121
27.152514156371986,88.72606979948941,0,2542.03,2051.0,36.67596435546875
27.38336219176888,92.40881696992405,0,1194.49,2154.0,9.77037239074707
24.93172079605085,92.97254822584496,0,1648.99,70.0,18.417327880859375
26.54117313933825,91.04303205936864,0,1708.67,49.0,4.235227584838867
25.27059937480172,91.94894040855876,0,3717.5,877.0,35.61998748779297
27.790135225660805,93.95917849858516,0,2320.86,381.0,22.463579177856445
25.47746548550506,91.29715203899912,0,3693.54,1514.0,8.85460376739502
26.746868689733407,94.87515976505216,0,1819.61,338.0,14.145233154296875
28.18375683828074,94.06698998928574,0,2681.74,1796.0,35.693790435791016
26.368416466242145,94.53170003638674,0,1747.44,930.0,8.412894248962402
25.97052255484423,94.46727965071425,0,1566.44,1254.0,15.379118919372559
28.67045344078852,93.83971695566952,0,1535.18,3700.0,28.232858657836914
27.54353674360658,94.74357058688668,0,2567.19,108.0,2.7952158451080322
26.06067070929975,90.60523338029591,0,3693.54,53.0,7.180539608001709
27.963105591994324,96.87977267265128,0,1471.65,3390.0,41.569244384765625
22.90998430521457,92.799012425677,0,2496.59,716.0,35.84050369262695
24.535827654600386,92.68237286784392,0,2942.16,74.0,20.231456756591797
27.694199073559133,88.17242739879954,0,1690.33,6737.0,66.12234497070312
27.784655940187484,94.14238544485757,0,2681.74,481.0,39.18898391723633
29.02535125137948,94.48166888415328,0,1158.49,2305.0,34.64598846435547
27.53879941497603,91.6582243946818,0,853.16,1849.0,29.670045852661133
28.52990134728703,93.59694930157832,0,1535.18,4074.0,18.858339309692383
25.728208024113187,92.54823506187556,0,1218.05,769.0,28.297080993652344
26.19433846387824,92.8794950802879,0,1218.05,416.0,14.926880836486816
28.112552064405328,94.0322535103194,0,2320.86,939.0,20.57447052001953
23.870425070245403,93.25357478019744,0,1381.49,1505.0,32.001075744628906
27.845450211415294,94.6380846070245,0,2681.74,872.0,32.165626525878906
27.214774452475503,92.27741999508468,0,1421.55,1801.0,44.75253677368164
23.146889163027925,91.690386013698,0,2396.11,59.0,5.739063739776611
26.319429467371236,91.75152948866348,0,1708.67,73.0,6.360926628112793
24.42876903951042,92.77087085317449,0,2942.16,121.0,14.148609161376953
22.125213124951447,92.78303553225174,0,2496.59,123.0,19.678083419799805
25.34767040153645,93.19846943805582,0,1271.17,521.0,11.561492919921875
26.110486789850924,92.02063415324116,0,1708.67,78.0,11.077961921691895
28.054347644261888,92.9959012973199,0,1472.72,3375.0,42.92466354370117
27.97569006464636,94.72875949671035,0,2724.38,906.0,12.417728424072266
26.125963339939343,91.32928576822536,0,1708.67,47.0,6.358602046966553
25.711537421767893,92.52166590902914,0,1218.05,829.0,16.75741958618164
27.492020479391105,94.70659676815856,0,2567.19,101.0,4.852734565734863
26.49706344479619,94.99111770454618,0,1819.61,1378.0,29.207902908325195
26.74675819809461,90.94099599593191,0,1708.67,96.0,3.2430858612060547
27.74756738864236,92.61800259401582,0,1194.49,3119.0,16.51650047302246
26.25752369895517,89.88743412149502,0,2542.03,40.0,3.468761920928955
27.687594324234627,93.95651125609604,0,2592.49,775.0,23.633243560791016
26.586994915410948,91.7575844540995,0,1154.3,68.0,0.9307408332824707
29.01800645901667,94.55533065200798,0,1158.49,3145.0,54.85332489013672
25.829341205164965,90.41180322190634,0,3693.54,142.0,7.6838202476501465
26.27327586052925,92.82905496655675,0,1218.05,102.0,16.695842742919922
27.90794345853445,93.2589743224854,0,1472.72,1929.0,25.48652458190918
26.653463583379803,94.92437676136636,0,1819.61,340.0,35.7073974609375
25.420669611211068,93.58699042823032,0,1271.17,1018.0,24.524269104003906
27.6148375995634,93.9776751940682,0,2592.49,2046.0,32.34754180908203
25.996604753116912,92.47406157354789,0,1218.05,531.0,18.900270462036133
26.921083094228,95.23098537393273,0,1941.69,441.0,11.215291976928711
28.056661727351067,94.86283303114456,0,2724.38,592.0,18.102956771850586
29.39577578866657,96.12270382981654,0,1011.98,3934.0,28.00104331970215
25.74848261121842,93.54292901476136,0,1306.28,214.0,5.8292388916015625
27.97952583106171,96.78128049853592,0,1471.65,2334.0,37.439796447753906
25.83023216338988,90.719085954378,0,3693.54,417.0,20.367382049560547
26.124277182061668,94.7472768246376,0,1669.48,1149.0,30.104076385498047
26.213915440318534,91.98234511473366,0,1708.67,59.0,2.0630834102630615
27.34930677999346,95.6214324119118,0,1916.88,146.0,0.9306401610374451
27.06810164902398,94.73450293227424,0,1941.69,97.0,2.2769930362701416
26.580920755429897,93.67582523414404,0,1649.52,230.0,9.88978385925293
22.638150150983964,92.99537892272733,0,1506.81,886.0,25.35662078857422
28.66111227457108,95.87519144258836,0,2348.99,1432.0,39.1941032409668
27.057378148164183,92.44196505224326,0,1421.55,1722.0,53.36787796020508
25.26887838120849,92.806575608419,0,3573.05,1075.0,8.963780403137207
27.02503461678504,92.81294117737691,0,1421.55,174.0,12.288477897644043
23.8370288560403,91.6760629366936,0,2322.27,81.0,9.52297306060791
27.645295607501573,94.96967972645156,0,2724.38,108.0,0.930600643157959
26.25387355664564,93.51729346235484,0,1649.52,891.0,18.441429138183594
26.09772206944222,92.5530722463216,0,1218.05,182.0,2.9742090702056885
26.214792192861587,92.62252781330886,0,1218.05,62.0,4.9713521003723145
26.491557546649524,91.3377464386934,0,1708.67,50.0,2.128788709640503
24.39847908770099,92.24913859339011,0,3648.26,62.0,10.193378448486328
29.04847387470864,96.47907085652538,0,1011.98,4086.0,24.333576202392578
23.57978066496768,91.7728415373356,0,2396.11,111.0,4.229877471923828
27.66331375398637,95.1688703425634,0,2724.38,110.0,1.399276614189148
27.410841902681803,96.31905379823192,0,2174.9,1681.0,10.093513488769531
27.01695310421162,94.1364126056487,0,2592.49,82.0,2.7880008220672607
28.664338121132023,96.2795907063508,0,1891.54,2171.0,17.848588943481445
24.544307907331035,94.16204482488284,0,1381.49,1034.0,13.281161308288574
26.13171026261619,90.14580001852148,0,3693.54,33.0,0.9308000206947327
25.548271812982648,92.93082252332134,0,1271.17,208.0,21.078166961669922
27.796540161570437,92.20112251941195,0,1194.49,4378.0,28.15622901916504
24.33676653601523,92.9482811558738,0,1625.06,638.0,38.331932067871094
27.617881386716903,94.399370266924,0,2567.19,529.0,25.36261558532715
27.98893028940565,96.81051263632833,0,1471.65,2926.0,32.74031066894531
24.235691906321588,93.94305632567928,0,1381.49,1077.0,22.578968048095703
26.150131341589496,93.5200599168464,0,1649.52,1237.0,12.322757720947266
25.694058186013937,94.1410805294598,0,1566.44,1193.0,13.604819297790527
25.08265208385104,94.69088401183558,0,1566.44,1588.0,25.957807540893555
27.38732480924598,93.5321566048084,0,2592.49,1452.0,13.430314064025879
25.789209255678003,90.4898768798141,0,3693.54,206.0,16.4051513671875
25.652804873939125,94.5902228611568,0,1566.44,963.0,6.317803382873535
27.33065399885361,96.3597032153758,0,2174.9,752.0,18.860830307006836
28.076972589961567,88.6625860774551,0,1707.7,5298.0,27.49919891357422
27.092557954537376,93.63954295901128,0,2204.32,306.0,8.31787395477295
25.418925857563213,93.84457933917574,0,1306.28,1253.0,28.496017456054688
26.124109919295485,93.32249539487611,0,1427.25,481.0,26.32002067565918
27.83103568436788,93.87170629084264,0,2320.86,1232.0,46.51207733154297
28.19769282289904,96.48785779027658,0,2484.94,2013.0,44.49723815917969
26.59764146570296,93.19674905581812,0,1941.04,70.0,0.9307394027709961
25.40070134439212,92.68378160105856,0,2535.22,760.0,8.005095481872559
23.00124027952876,92.8774504787406,0,2496.59,492.0,17.799495697021484
23.77547326327603,92.82438031407466,0,2148.54,388.0,32.854061126708984
27.43669683727657,93.8847488199749,0,2592.49,1483.0,37.912841796875
25.491954429151612,94.35631469042472,0,1566.44,1764.0,19.5513858795166
25.67829252152505,93.99531155118284,0,1306.28,2104.0,17.1267032623291
28.51685219119966,96.00303154351025,0,1891.54,3766.0,30.738384246826172
24.21713410038431,93.89546558193302,0,1381.49,788.0,2.7911579608917236
27.69325143475513,94.74121501263012,0,2357.98,426.0,19.75893783569336
23.2443581972773,92.89880485294532,0,1327.95,601.0,26.00560188293457
27.820842265127432,96.52236045897985,0,2484.94,2013.0,36.59064483642578
24.321995678575508,93.82408033880148,0,1381.49,1102.0,7.508077144622803
22.6335531105432,93.08541796768009,0,1506.81,1001.0,17.84163475036621
27.413865277984517,94.37554001348178,0,2567.19,97.0,3.480923891067505
27.90391586700366,94.6442255093598,0,2681.74,884.0,20.07933235168457
24.44153035106586,92.81842852203872,0,2942.16,49.0,9.076925277709961
23.560908629230894,93.12436906741634,0,1327.95,775.0,23.59886360168457
24.346895308145747,92.47946824155358,0,2942.16,328.0,19.020998001098633
25.73064099594102,93.51315215110812,0,1271.17,211.0,2.9732418060302734
27.07407580703538,94.3955175657733,0,1747.44,87.0,0.9306767582893372
29.05425921353855,94.30271047156288,0,1158.49,4502.0,35.629886627197266
25.339236402015576,90.95041522070524,0,3693.54,369.0,4.19470739364624
25.20368411895461,91.63461203163504,0,4943.24,158.0,11.9555082321167
28.21127354738528,93.86361360616978,0,2320.86,2312.0,25.766407012939453
25.187070356518632,91.41626321511548,0,4780.93,23.0,5.558431625366211
28.15412752267604,96.71426714964544,0,1471.65,3598.0,33.33656692504883
21.998740071861228,92.90965162512563,0,1506.81,133.0,21.846715927124023
28.09516817619204,96.57734032637563,0,2484.94,649.0,24.6165828704834
25.95420814102082,94.63918305756384,0,1566.44,1625.0,27.462167739868164
23.6318291283066,92.50372127602608,0,2148.54,169.0,18.834205627441406
23.857240119296648,93.18610722424197,0,1381.49,1075.0,33.602943420410156
23.698639455802088,91.92264116377106,0,2322.27,189.0,9.284473419189453
25.62730744601737,92.89433003659136,0,2535.22,187.0,4.244818210601807
27.14920098750166,93.4299683460402,0,1941.04,1274.0,39.446537017822266
28.608398078870128,96.29965127174624,0,1891.54,3945.0,27.988157272338867
26.52237257889612,93.64388483181136,0,1649.52,460.0,5.481626987457275
25.45480831182597,92.7305114341208,0,2535.22,779.0,14.179434776306152
27.785988982685108,95.65212457330809,0,2817.65,134.0,2.289259433746338
27.271139675686605,95.40143588930069,0,1916.88,127.0,2.977458953857422
28.65239961436389,96.18899805324052,0,1891.54,2046.0,27.695293426513672
26.059684234129133,94.0574480898054,0,1306.28,613.0,21.52068519592285
27.501207292338066,88.48129887645723,0,1707.7,1747.0,23.969676971435547
26.83613818438721,92.74696935357186,0,1421.55,90.0,3.6220641136169434
25.658900620078136,92.72461253250806,0,1218.05,551.0,12.092564582824707
26.38413008702833,90.55218411867446,0,3717.5,97.0,11.222699165344238
27.85244876667895,95.46251004029196,0,2724.38,128.0,0.9305727481842041
28.12634389968952,96.83089510687115,0,1471.65,3634.0,32.363094329833984
26.16491134278283,91.9399437411126,0,1708.67,204.0,13.631596565246582
24.41598486857625,93.6279825426652,0,1381.49,1589.0,29.440879821777344
28.271260457644797,95.35127884903264,0,2348.99,1493.0,17.40976905822754
25.50559796192005,94.00982687444385,0,1306.28,1711.0,25.62381935119629
25.70889103673792,90.73150384168775,0,3693.54,348.0,14.783515930175781
24.54444711669085,92.29924426048773,0,3648.26,44.0,6.084407329559326
27.672542743224724,94.5179759237072,0,2567.19,545.0,34.92048263549805
29.255883366086504,96.06115152078904,0,1011.98,4440.0,31.55836296081543
29.124140062057688,94.87414769520132,0,1289.76,2235.0,22.90296745300293
25.91145810768356,92.74643422534976,0,1218.05,81.0,4.962692737579346
24.628651565740498,92.58579767906164,0,2942.16,32.0,3.191128730773926
24.37301556620948,93.8711130792888,0,1381.49,770.0,4.235441207885742
26.40149303360002,92.96471061991166,0,1427.25,124.0,18.96295166015625
25.8164233768706,92.26463728826708,0,1218.05,894.0,24.10942840576172
25.27454897986394,91.10657562828884,0,3693.54,547.0,2.765610694885254
25.672795146072104,94.05904926800562,0,1306.28,1416.0,33.28554916381836
26.05247554513972,93.81505346308892,0,1306.28,137.0,3.2254021167755127
27.26249257019736,94.94404810676774,0,2357.98,103.0,2.2802681922912598
27.71163650363821,91.87359737684012,0,853.16,4606.0,28.247846603393555
27.66016425411308,95.03193109662551,0,2724.38,111.0,3.132596492767334
25.17486400251895,93.59342131284632,0,1271.17,746.0,35.97226333618164
25.562452949295835,93.27931710939843,0,1271.17,395.0,13.854570388793945
27.72558484753652,94.93485427189928,0,2724.38,124.0,2.0907962322235107
26.35011182556885,93.40269924280716,0,1427.25,714.0,31.113014221191406
25.781745971976964,95.01354779982584,0,1669.48,2399.0,33.23923110961914
27.19581560349765,88.45042858263871,0,2542.03,876.0,39.70096969604492
28.32588937742265,93.92384617065711,0,1535.18,1305.0,22.135107040405273
26.126459156539063,92.44170509900202,0,1218.05,81.0,5.4652814865112305
24.37468912014915,92.97577353652116,0,1625.06,560.0,11.079200744628906
23.85911380987118,91.87644430699558,0,2322.27,112.0,13.734857559204102
26.548306724531017,93.14271130628634,0,1427.25,385.0,23.524240493774414
28.82042620382353,94.2258349709787,0,1158.49,2452.0,51.13333511352539
23.50929591456952,91.83046947035662,0,2396.11,92.0,0.0
28.51905278294803,94.10324782122214,0,2030.02,3575.0,36.57444381713867
28.48977657307348,95.04687427367084,0,2270.17,1155.0,20.68648338317871
27.622829984440703,93.038869311532,0,1971.8,698.0,30.8767032623291
25.800284988677653,91.6774146185581,0,3717.5,663.0,8.222615242004395
25.876370200403414,89.99859972148127,0,3693.54,28.0,2.2576520442962646
27.551564000490544,93.21300790522996,0,1971.8,1501.0,37.65471267700195
27.644629642841217,92.1676196983683,0,1194.49,4321.0,2.133702516555786
28.303781317141365,96.39726683060223,0,1891.54,4010.0,35.93022155761719
28.136309433580127,96.81898010920632,0,1471.65,4339.0,57.54515075683594
26.01115193167811,92.06979059659076,0,1218.05,467.0,12.853180885314941
26.208234722656822,92.19824816421496,0,1218.05,60.0,2.7773334980010986
24.19188117397403,92.1504372972636,0,2141.49,82.0,7.633634567260742
28.0178557124168,96.30607720461003,0,2484.94,1246.0,35.982177734375
26.005927926290028,93.87208581705086,0,1306.28,142.0,1.0300517082214355
24.11378229286591,93.20635472234184,0,1381.49,1145.0,28.76140022277832
27.64671057075565,96.83458637486169,0,1689.08,3629.0,43.418853759765625
24.917855780810985,94.48266451811526,0,1566.44,1562.0,35.124420166015625
25.37932295978948,91.5244964050077,0,3717.5,1508.0,22.940109252929688
26.540217389462647,95.08776163645484,0,1819.61,1451.0,32.80437469482422
23.52266258923987,91.47082999865992,0,2396.11,21.0,2.96789288520813
25.894937778960653,90.18939241577549,0,3693.54,70.0,4.213123798370361
26.32019800787806,92.2479860385412,0,1218.05,55.0,1.390208125114441
28.45830972723089,96.26678536903373,0,1891.54,3695.0,33.020721435546875
26.51947831592718,92.0128905443762,0,1154.3,65.0,3.61476993560791
26.863552078739684,93.23676192457712,0,1941.04,103.0,2.0747275352478027
24.614114316783255,93.505529479607,0,1625.06,729.0,21.326278686523438
26.45535511456102,92.53480660072236,0,1218.05,62.0,2.2668919563293457
27.21731507858142,92.4380661269504,0,1421.55,1430.0,25.16468620300293
27.66136452405395,94.05329179547437,0,2567.19,2134.0,20.041545867919922
26.296000247539634,94.61001641990936,0,1747.44,1044.0,16.678781509399414
22.361025555876576,92.65405709939064,0,2496.59,115.0,6.118827819824219
25.76004118344057,94.5272310818383,0,1566.44,2074.0,39.54804229736328
23.866133077053785,91.45944457884836,0,2414.95,55.0,1.3753352165222168
25.529980751532857,94.0941078599696,0,1306.28,2716.0,28.697025299072266
28.657685759978484,93.52226226674844,0,1535.18,4165.0,31.99152183532715
24.77643205436125,92.71125661530616,0,2942.16,24.0,3.194563865661621
27.93494130587487,93.88136684043307,0,2320.86,570.0,56.27886199951172
26.130943536841624,90.662519657546,0,3717.5,94.0,29.37314796447754
27.55754723015465,88.36149752824178,0,1690.33,3104.0,41.662506103515625
24.728782029335743,92.93282730021495,0,2942.16,28.0,2.7590487003326416
24.06535527490908,93.48198189400556,0,1381.49,1159.0,27.355810165405273
26.049433976208928,92.2328300824817,0,1218.05,144.0,9.382704734802246
26.471264291999795,91.64881297083218,0,1708.67,55.0,2.975217342376709
26.391152612212917,92.83216079496232,0,1427.25,72.0,2.7797021865844727
26.880297939920347,95.40512907323888,0,1941.69,725.0,18.861751556396484
25.053114127054968,93.702330662778,0,1271.17,899.0,23.616910934448242
25.074479101625148,92.46062447816324,0,3573.05,260.0,23.39116859436035
24.01938072252016,93.70083850275324,0,1381.49,1476.0,28.204748153686523
26.42744081744476,94.7158458559572,0,1819.61,499.0,21.275346755981445
28.53617020633307,93.42359935691697,0,912.05,3550.0,22.596332550048828
26.93931132082976,93.84037105980715,0,2204.32,82.0,3.1124672889709473
28.39101297846665,96.2436911910734,0,1891.54,3666.0,41.47502136230469
28.38571185031588,93.23343968238214,0,912.05,3988.0,29.822072982788086
25.885785929443948,90.9865261958502,0,3717.5,148.0,26.846525192260742
24.617041270271773,92.5686252420966,0,2942.16,24.0,1.3796628713607788
27.45594642369579,96.80309901751868,0,1689.08,2163.0,4.165868282318115
26.24290969548892,92.3077499972133,0,1218.05,59.0,1.8610801696777344
26.40938886818449,94.4905817113754,0,1747.44,575.0,21.837677001953125
26.581687988349387,94.19387552364644,0,1747.44,101.0,1.3919193744659424
26.18222321370088,90.444168923314,0,3717.5,34.0,1.3893145322799683
22.98602653916902,93.00550723648634,0,1506.81,1032.0,27.80984878540039
24.32123315090172,93.53803219157834,0,1381.49,1198.0,13.702380180358887
28.562855092587963,94.03485719977722,0,1535.18,3496.0,23.067455291748047
24.635137942170413,94.31701788698965,0,1381.49,795.0,34.23329544067383
27.04793886555963,92.81533174072464,0,1421.55,155.0,4.995904445648193
28.883326186761064,96.25929995522785,0,1891.54,4586.0,15.496705055236816
28.97061557271708,94.31438081156313,0,1158.49,3416.0,40.761505126953125
26.22135580739876,92.33019655837973,0,1218.05,60.0,4.2495198249816895
29.058113886540568,95.53878659802854,0,1248.72,3355.0,19.426956176757812
27.75057600490165,96.68747073273892,0,1471.65,3551.0,21.27216339111328
27.19770705474109,93.39360513152462,0,1941.04,1324.0,6.288957118988037
27.998585173067458,94.15334271628912,0,2681.74,1266.0,22.20889663696289
25.965115664316293,92.78554408837292,0,1218.05,72.0,2.058727264404297
25.939935674981104,90.8482218557266,0,3693.54,69.0,5.836403846740723
24.00874332748226,91.86673663580426,0,2322.27,109.0,6.869976997375488
26.605383277445,91.59439595823532,0,1708.67,65.0,0.0
26.82646573639356,92.2338742105,0,1421.55,128.0,0.9307094216346741
27.88800258149543,96.96197724450774,0,1471.65,2516.0,41.56930160522461
24.319106954104317,92.4340145350041,0,2942.16,131.0,8.074835777282715
28.17526782850272,94.58594688347564,0,2681.74,705.0,17.295936584472656
28.56397651819028,93.35192512238908,0,912.05,3986.0,34.29173278808594
26.726584473788662,91.49442441853712,0,1154.3,105.0,0.9307225346565247
27.317447410402085,88.17937965917648,0,1690.33,1588.0,27.77983856201172
23.169581596966616,93.27904355489189,0,1506.81,1428.0,9.175016403198242
29.03924595435413,95.2357439172462,0,1289.76,3184.0,20.312965393066406
24.562578081501695,92.42135747855058,0,2942.16,22.0,1.861505150794983
28.35999024325781,96.12419381779368,0,1891.54,1847.0,40.24348068237305
27.015288662138754,94.2189090085856,0,2592.49,83.0,2.787978410720825
27.668577065475763,95.8447114890098,0,2174.9,143.0,1.3993135690689087
25.96515072203737,91.11528602154206,0,3717.5,51.0,0.0
22.59320278960413,92.57924332503912,0,2496.59,461.0,26.73328399658203
27.336663845645266,95.91618784293044,0,2291.38,212.0,9.451118469238281
28.77005556932998,94.81931621445338,0,1289.76,1206.0,44.464088439941406
26.75977856164816,90.67597808649244,0,1708.67,212.0,2.7845544815063477
26.607058121922357,89.96503714068108,0,2542.03,69.0,2.1292645931243896
27.6472279057066,93.69653351682,0,2592.49,1501.0,27.06696128845215
28.812122402575632,96.51055760134317,0,1011.98,4510.0,16.5238037109375
25.2745558725948,92.05061341254124,0,3717.5,891.0,4.088662147521973
28.837461670484164,95.21083033584252,0,1289.76,2181.0,35.58522415161133
29.054077288119306,94.62245945668356,0,1289.76,3242.0,24.318683624267578
25.248724946003243,90.55507792705644,0,4780.93,144.0,17.398269653320312
24.053900249714548,92.36170157520031,0,2141.49,141.0,20.06659698486328
24.5958573327579,92.46786623088975,0,2942.16,18.0,2.121427297592163
27.36593510763027,93.20037072197393,0,1971.8,2175.0,20.45922088623047
28.709796873470804,96.46332638718904,0,1891.54,4081.0,39.59431457519531
25.253457541661653,93.73623921898503,0,1271.17,968.0,17.26474952697754
28.690022163484983,94.84577695846406,0,2270.17,1681.0,25.204442977905273
26.489036459703936,90.66521182123478,0,1708.67,52.0,2.1287784576416016
27.668523243050185,95.67494102520652,0,2174.9,139.0,1.0452038049697876
27.282273242973737,92.1366448632835,0,1194.49,2945.0,32.90808868408203
24.345164779851416,93.50543762870127,0,1381.49,862.0,20.984516143798828
27.46286697590916,93.20108070277392,0,1971.8,1451.0,25.22386360168457
27.77758408599209,96.88300486854384,0,1471.65,3498.0,21.80193519592285
25.37946160185271,93.64280166213366,0,1271.17,882.0,16.739151000976562
26.316607103375745,93.65539105959402,0,1649.52,362.0,7.562726020812988
27.416301517479944,96.3238144522961,0,2174.9,1549.0,22.93145179748535
23.22298207130745,91.785700701426,0,2396.11,40.0,1.8618289232254028
26.4379622046242,90.5938533149794,0,3717.5,61.0,6.248414993286133
26.38448778111867,95.034692953103,0,1819.61,1133.0,29.428590774536133
27.64649937922699,91.99343758184416,0,853.16,3182.0,62.210777282714844
27.143677118889308,93.68040168428844,0,2204.32,631.0,34.455196380615234
25.562563090041827,90.68970349563412,0,3693.54,368.0,8.497645378112793
26.56294114075085,94.11909453342376,0,1747.44,94.0,6.363891124725342
27.123764138558908,95.16475604798092,0,1941.69,112.0,0.0
26.051410279868094,91.05565449924424,0,3717.5,50.0,5.570096015930176
26.298518047692383,89.83500276281714,0,2542.03,33.0,0.0
24.9553323797988,92.7569363487944,0,3573.05,26.0,2.12275767326355
27.83779669902928,96.36861300065344,0,2484.94,584.0,60.32856750488281
26.044264290839656,90.80949560571707,0,3717.5,43.0,2.2603001594543457
25.270064096437565,90.15708380274675,0,3693.54,98.0,12.79509162902832
24.261264573598417,92.00594374892542,0,3648.26,27.0,2.2333710193634033
24.482713396456436,93.86745738020366,0,1381.49,772.0,0.9310081005096436
27.42637998936094,93.72716801809015,0,2592.49,640.0,20.006200790405273
24.882218326457146,93.65229286660023,0,1648.99,691.0,12.567994117736816
26.300457544094897,93.23446906197007,0,1427.25,333.0,9.214512825012207
26.07607657885487,93.126217310763,0,1427.25,94.0,3.466928720474243
24.513802142356298,94.31737781060284,0,1381.49,741.0,23.204744338989258
28.292112524042025,93.1051681373678,0,1472.72,4119.0,28.1551456451416
26.6720897429365,94.9361658485272,0,1819.61,338.0,23.322708129882812
23.00354213942555,91.58037702635738,0,2396.11,81.0,5.101836204528809
28.387753762711476,94.67562600060062,0,2030.02,487.0,16.9668025970459
27.657114385563915,93.35720304532158,0,1971.8,2276.0,47.19672393798828
27.15527461136637,93.21624483943076,0,1941.04,1435.0,31.960834503173828
27.29149299081641,93.57845597190962,0,2592.49,1878.0,26.537107467651367
25.14437696904244,92.24685061070323,0,3573.05,267.0,24.118757247924805
27.049226376017486,95.61795208012494,0,1916.88,846.0,21.788036346435547
26.208762605460905,93.69206804885494,0,1649.52,313.0,22.7969913482666
23.856985372415423,91.92134297625988,0,2322.27,139.0,18.021163940429688
25.276497169332064,90.63756240211458,0,3693.54,79.0,8.004034042358398
28.86814343290297,94.09181045443836,0,1158.49,3559.0,29.309465408325195
28.06229008908727,94.39212555926608,0,2681.74,1345.0,28.85976791381836
27.303957925602063,96.3951789758091,0,2174.9,983.0,17.53067970275879
26.95405011131177,94.00164742286906,0,2204.32,85.0,6.9392595291137695
27.050689548921177,95.35799783223408,0,1916.88,548.0,18.28506851196289
27.925972731146103,96.20954889824678,0,2484.94,247.0,1.047669529914856
22.931827588304888,92.84212576431273,0,2496.59,535.0,3.5405383110046387
27.972254548256423,96.93820942386066,0,1471.65,2588.0,32.572696685791016
23.198060908761395,91.35885313038722,0,2396.11,47.0,4.128741264343262
27.79603982015204,88.2227507304011,0,1690.33,5759.0,41.745731353759766
24.01443003272995,93.17663705801785,0,1381.49,899.0,28.314546585083008
28.614241280858987,94.7395001081543,0,2270.17,2112.0,23.079538345336914
26.652500963432683,93.7580379150466,0,1649.52,89.0,2.783132553100586
24.970029943303093,92.53363627823276,0,3573.05,22.0,2.790879249572754
28.078642108894925,97.2837640182855,0,1471.65,4227.0,57.43621063232422
27.43423035687175,92.08502924620414,0,853.16,3061.0,32.75120544433594
26.31921815992581,91.38936997804154,0,1708.67,47.0,3.4693896770477295
27.946404658671312,93.91714484669129,0,2320.86,1874.0,49.030643463134766
28.235121891402216,93.39585203109694,0,1472.72,3232.0,13.0381498336792
26.58846483281744,90.92326353063883,0,1708.67,52.0,2.269057035446167
23.5931548499106,93.01527513162448,0,1327.95,645.0,30.433218002319336
23.992562511688167,92.72726774966314,0,2141.49,686.0,5.543290138244629
27.381288292012595,88.55729921367013,0,1707.7,1304.0,40.090423583984375
26.23600872274177,90.65117285634788,0,3717.5,36.0,2.7776918411254883
28.933090637205623,95.28238328039971,0,1289.76,3354.0,12.850090980529785
26.46117699358768,91.53676760485644,0,1708.67,57.0,1.0340702533721924
25.025554653826138,94.44538981543482,0,1566.44,1961.0,24.00768280029297
26.26535167062318,92.6377335127224,0,1218.05,67.0,9.44832992553711
25.044650130358576,93.34049516894378,0,1648.99,426.0,16.755212783813477
25.519103039763607,90.91621578799928,0,3693.54,579.0,9.557234764099121
27.293779354393543,92.22095101309677,0,1194.49,2701.0,11.653029441833496
26.80879944846941,93.8498313099648,0,2204.32,80.0,4.254340648651123
25.24007703273216,91.06432964300846,0,4780.93,471.0,6.79887056350708
25.77539671838791,91.76792000619405,0,1708.67,714.0,11.308990478515625
28.25620323681469,95.62764666893987,0,2348.99,361.0,5.602725505828857
23.822666118208893,93.29947333884768,0,1381.49,1490.0,28.513347625732422
26.730121918592666,92.06028132913336,0,1154.3,103.0,3.619605779647827
26.16955728886064,90.80554649711596,0,3717.5,39.0,0.0
27.432836274110155,94.71290395728604,0,2567.19,101.0,6.80860710144043
28.5147356711409,94.27192046500808,0,2030.02,1993.0,38.06610107421875
26.78677673224979,92.04244635101485,0,1154.3,126.0,2.272313117980957
25.51826047005338,90.1618087238481,0,3693.54,175.0,3.592529535293579
25.813278081502155,90.29816385492154,0,3693.54,165.0,7.660449981689453
23.617893450248594,93.33917760429208,0,1327.95,1500.0,29.296192169189453
28.869224578587,95.276378033502,0,1289.76,3335.0,41.59919357299805
22.70020692274549,93.00703276092428,0,1506.81,1190.0,19.701438903808594
27.822026738413783,93.53021120801236,0,2320.86,655.0,23.698734283447266
28.04774995759322,96.49810578871704,0,2484.94,1175.0,29.973543167114258
27.627772107264537,96.27553411179116,0,2174.9,331.0,5.291805267333984
24.63949042671039,92.99586784722172,0,2942.16,84.0,15.685359954833984
27.648494225299405,95.44381487730249,0,2724.38,116.0,0.9306001663208008
29.00548859480797,95.6358887345774,0,1248.72,2809.0,30.92282485961914
26.69733539268125,93.89856788593882,0,1747.44,85.0,4.240682601928711
26.64825733613614,91.13039866089792,0,1708.67,50.0,4.838187217712402
28.98958700906502,95.79264092275368,0,1248.72,2182.0,17.726152420043945
28.407687499115525,93.97104427246492,0,1535.18,2356.0,20.426332473754883
23.580733782795505,92.61971467786265,0,2148.54,666.0,35.318058013916016
24.95014267286463,93.25701295608272,0,1648.99,75.0,7.645846366882324
25.091310503100512,94.36894185262396,0,1566.44,1714.0,18.330307006835938
27.647322680173943,94.5927811424054,0,2567.19,650.0,6.941395282745361
23.74640528354397,92.39396110604775,0,2148.54,216.0,31.54571533203125
26.208667583004143,94.46226826956114,0,1566.44,728.0,14.154851913452148
23.340917992018884,91.6893716310818,0,2396.11,98.0,17.96327018737793
28.1342319679728,96.70492597297496,0,1471.65,1853.0,28.417131423950195
27.39607924378602,93.15707401781066,0,1971.8,1588.0,33.19872283935547
29.141506317501594,94.39332588887018,0,1158.49,3443.0,32.09725570678711
28.279965751308072,97.1182450449446,0,1044.44,4155.0,35.427734375
25.36610145506984,93.1447992771736,0,1271.17,298.0,12.895339965820312
26.640276934168863,91.64556391316827,0,1154.3,70.0,1.0356782674789429
24.02084752778784,92.41091956188392,0,2141.49,82.0,8.844159126281738
22.753784820688814,92.99760584495962,0,1506.81,453.0,17.270376205444336
26.38913303878477,91.69104180711324,0,1708.67,62.0,5.934031009674072
28.304546859087115,96.34499550616596,0,1891.54,2697.0,31.962305068969727
26.627898599670026,90.00113120091875,0,2542.03,69.0,2.975646495819092
26.2966028796866,91.77101168508682,0,1708.67,90.0,18.111942291259766
29.265905088093085,96.07990154090848,0,1011.98,4416.0,37.480926513671875
26.19906600598454,95.01258337201232,0,1669.48,1278.0,32.90544891357422
24.278552748312997,92.22706084030033,0,3648.26,135.0,6.489907264709473
24.502407590937228,92.72497766488966,0,2942.16,46.0,2.2368595600128174
26.037440553832656,95.08303359246209,0,1669.48,1739.0,31.252771377563477
23.506663641444785,93.22539997534004,0,1327.95,1190.0,24.467491149902344
24.64412234294482,93.8352771781872,0,1648.99,773.0,1.0185964107513428
27.657036256494894,94.10969772335858,0,2567.19,1615.0,32.964508056640625
25.781684934144835,95.00928711695435,0,1669.48,2173.0,17.493982315063477
27.87639993243405,96.95682351269538,0,1471.65,1553.0,46.02524948120117
26.82888309277261,93.43222240439124,0,1941.04,82.0,3.474667549133301
25.07832378999168,92.368329060505,0,3573.05,282.0,21.62632179260254
26.0474211080617,89.81842252624004,0,2542.03,30.0,2.260352849960327
27.63348843865153,88.22005530770278,0,1690.33,5410.0,26.088411331176758
26.66862933340032,93.45225850093588,0,1649.52,77.0,1.3924943208694458
26.218087282941635,93.88272052629836,0,1306.28,120.0,2.9745311737060547
26.091021980770478,93.73988487167492,0,1306.28,160.0,2.261045455932617
26.91094648394532,94.96540481654806,0,1941.69,136.0,7.475565433502197
23.919032711528335,91.85514198476892,0,2322.27,77.0,5.380356788635254
27.90079294791879,97.2133646454814,0,1471.65,3481.0,30.86908721923828
27.66312205198074,95.41342309216002,0,2724.38,129.0,2.1337833404541016
25.362781681380763,91.30822645152335,0,3693.54,1367.0,5.520543098449707
25.43993426657372,94.27218782123356,0,1566.44,2423.0,28.80569839477539
24.001247837335463,93.73876633267572,0,1381.49,779.0,7.613857269287109
26.841257784123574,92.4522757332234,0,1421.55,126.0,4.245760440826416
25.62305872185116,92.04908089482078,0,3717.5,1086.0,4.204044818878174
24.16758371825896,93.58210769995024,0,1381.49,1138.0,31.593502044677734
23.102314550457077,91.72473000178032,0,2396.11,72.0,4.020223617553711
26.68151219106793,91.54868571456224,0,1154.3,79.0,4.253279685974121
23.69058887331735,93.13485597056784,0,1327.95,1307.0,20.619815826416016
26.571231724032486,91.24266106321156,0,1708.67,53.0,4.981714248657227
27.59855962221964,96.0877493754699,0,2174.9,310.0,18.84418296813965
24.680882791326603,93.19243135562814,0,1648.99,395.0,33.699222564697266
27.083336981256537,94.23511561492543,0,2592.49,83.0,1.039720058441162
22.742795832938107,92.56936430842644,0,2496.59,233.0,18.745527267456055
27.27135422563752,88.69166791387362,0,1707.7,2027.0,27.447555541992188
26.57331358212025,94.58807769326036,0,1747.44,226.0,27.25724220275879
25.22080175913683,92.79583760831588,0,3573.05,1038.0,7.677848815917969
25.326865285087848,90.96025800523876,0,3693.54,319.0,14.554606437683105
23.692636821229257,91.35623661769746,0,2414.95,30.0,3.1700069904327393
25.786879242680676,93.78182331340923,0,1306.28,325.0,22.65140724182129
25.28653077368292,93.94578052770233,0,1306.28,2032.0,25.897708892822266
25.576572758897164,89.89083642042176,0,3693.54,24.0,2.1251285076141357
23.993404168757944,93.1630708849038,0,1381.49,371.0,9.045737266540527
28.708537988335557,95.27423434078187,0,2270.17,3762.0,28.234113693237305
28.91167965078262,96.0758927780098,0,1011.98,3091.0,40.288780212402344
27.818335387990093,94.2761642094189,0,2681.74,1210.0,35.99846267700195
26.16824946102141,90.97696438323068,0,3717.5,40.0,5.226712226867676
28.1631944406936,93.01026822546906,0,1472.72,4201.0,24.19561004638672
26.47405351219153,94.94003684096484,0,1819.61,1194.0,29.613832473754883
24.878477943668035,94.27904676046106,0,1566.44,760.0,26.688608169555664
26.469383921601118,92.61497243102684,0,1218.05,63.0,1.3911815881729126
26.659128747762608,91.24765029131991,0,1708.67,58.0,4.1707353591918945
27.075622620683816,93.7680597200859,0,2204.32,272.0,18.4204044342041
24.384113583192637,94.16503174565328,0,1381.49,935.0,28.8663330078125
28.395737348608773,94.17209100338712,0,2030.02,3477.0,40.1032600402832
23.54256409239176,93.04271976426963,0,1327.95,682.0,20.092741012573242
27.76219177557232,95.62462314420608,0,2724.38,129.0,1.0460964441299438
27.56987968079396,96.56501774585948,0,1689.08,1044.0,36.77600860595703
27.273064330608232,88.60961088942857,0,1707.7,1033.0,26.743654251098633
26.26653419507793,90.96039374003448,0,3717.5,47.0,3.468855142593384
25.641872345016484,92.7072286715854,0,2535.22,619.0,4.755726337432861
29.04072788585892,94.43276217076183,0,1158.49,2781.0,32.68522644042969
28.5184962624835,94.24275596955869,0,2030.02,2383.0,28.203845977783203
23.684950180245597,93.02824911188426,0,1327.95,511.0,18.5393009185791
25.919654644538173,94.95798770920878,0,1669.48,1489.0,32.579261779785156
23.97084048807637,91.8944819816082,0,2322.27,109.0,15.2915678024292
28.585881235075853,94.16259748550094,0,2030.02,1959.0,24.53948974609375
28.22239104563169,94.38663595217233,0,2681.74,2336.0,34.28983688354492
26.42621009654555,92.3145108510969,0,1218.05,65.0,0.0
26.80119312270087,90.52531932660082,0,1708.67,161.0,2.1300737857818604
24.44920045808452,92.55072073663356,0,2942.16,33.0,5.3998212814331055
27.81001631967561,96.24437158990936,0,2484.94,239.0,3.27146577835083
25.45652423692744,90.17516240494491,0,3693.54,123.0,11.119691848754883
24.12341276446332,92.01773989459303,0,2322.27,57.0,7.06572961807251
26.516796368326577,93.17611656279468,0,1427.25,211.0,4.131543159484863
27.07245256662401,94.61986772309464,0,1747.44,90.0,2.131220817565918
24.57778913429948,94.3664394168246,0,1381.49,788.0,14.779476165771484
28.357928883785544,95.81880095741658,0,2348.99,2409.0,51.31217956542969
26.03437420339278,94.14247708698446,0,1566.44,395.0,8.563447952270508
28.270887670804523,95.2051744528693,0,2270.17,494.0,20.880233764648438
26.503388505755577,92.00245243425697,0,1154.3,64.0,2.267672061920166
24.992346300848588,94.06437397382508,0,1271.17,1250.0,35.67048645019531
27.385470885419974,94.21395849122004,0,2567.19,95.0,2.7930281162261963
28.4435862583078,94.04734873852202,0,1535.18,1748.0,39.25815963745117
22.959479397479367,92.58359829352489,0,2496.59,130.0,11.8311185836792
25.953188817176,93.74803195809916,0,1306.28,157.0,5.661057949066162
26.75149374050808,94.40497799665567,0,1747.44,103.0,4.253860950469971
28.750489129466228,94.38543228393353,0,2030.02,2447.0,31.45442008972168
27.821474693453936,91.61778392911366,0,853.16,4526.0,26.561574935913086
28.01092302566946,97.10330197202155,0,1471.65,3648.0,33.81077194213867
24.54848610806495,93.56860320127556,0,1381.49,974.0,32.95893859863281
28.830473062772803,95.5631743962074,0,1248.72,2278.0,18.245677947998047
28.139036006262323,95.11834497850876,0,2724.38,511.0,23.676612854003906
27.303961695577367,96.8952291353214,0,1689.08,1224.0,45.94801330566406
25.15435344224567,91.66706912556776,0,4943.24,54.0,2.7641494274139404
25.2483750383394,94.50247776737584,0,1566.44,1340.0,33.49919509887695
26.156307910591803,93.18378499568745,0,1427.25,343.0,2.974365711212158
25.52001108371956,90.64482024625184,0,3693.54,327.0,14.323938369750977
28.63165670357013,96.16853972987292,0,1891.54,2473.0,42.49077606201172
28.422808252866748,94.92333964928451,0,2270.17,1489.0,26.151737213134766
27.518943944266205,93.40117107265242,0,1971.8,1675.0,29.174057006835938
22.16180067873397,92.619230084983,0,2496.59,211.0,30.691843032836914
28.055001961978093,94.78925999466132,0,2724.38,915.0,18.220643997192383
27.577013688544724,91.86683801997454,0,853.16,2645.0,19.7889347076416
28.86099391973652,94.53162216907656,0,1158.49,2399.0,42.622039794921875
23.29790651202484,91.749280431124,0,2396.11,58.0,6.1361823081970215
25.363876085311304,90.71906323416654,0,3693.54,94.0,19.922683715820312
27.93907270735953,93.06422433091362,0,1472.72,1530.0,39.50596237182617
26.479464356753937,90.52185794475184,0,3717.5,62.0,4.25161600112915
26.885845392721937,94.2752353081818,0,1747.44,82.0,1.3939430713653564
27.64302950980295,95.85463164525449,0,2174.9,147.0,2.796602487564087
27.579606438695095,94.8464591519036,0,2357.98,107.0,2.133416175842285
23.529028604738063,91.7730030544522,0,2396.11,132.0,3.1664328575134277
25.1647655334144,94.3843487338819,0,1566.44,1299.0,19.971111297607422
27.487250428225696,93.55527713745724,0,2592.49,955.0,24.817930221557617
28.0916124252655,92.83491901269385,0,1472.72,4290.0,26.51975440979004
26.578966283213813,94.76801634407587,0,1819.61,1109.0,14.397004127502441
23.89945262763713,92.59719415741692,0,2141.49,354.0,31.117341995239258
27.37891068591745,95.08424888305056,0,2724.38,113.0,1.8607817888259888
24.422476326731072,92.3093862755121,0,3648.26,36.0,2.235697031021118
26.09681855570691,94.20151300231764,0,1566.44,715.0,12.093092918395996
27.494433154101745,88.67951455584253,0,1707.7,3613.0,19.051008224487305
28.748652780388472,96.5282986481472,0,1011.98,4091.0,29.288677215576172
28.92945312536112,94.57868411758896,0,1158.49,1636.0,47.93577194213867
28.17616963471572,95.63747092605205,0,2817.65,244.0,2.9801394939422607
24.25589276650896,93.34087834853187,0,1381.49,954.0,31.823715209960938
25.45804318822528,90.47317562998757,0,3693.54,875.0,22.02226448059082
26.363297641352144,90.21591731210168,0,3717.5,50.0,0.9307699799537659
27.545694749262648,96.67147154558772,0,1689.08,1480.0,20.04402732849121
26.340239226706903,94.24619628159483,0,1747.44,401.0,17.317840576171875
23.353132603147287,92.59619915686991,0,2148.54,469.0,21.021669387817383
28.260464666080384,94.17540645780832,0,2030.02,1756.0,31.86273765563965
26.572566281313687,91.95117791813854,0,1154.3,72.0,3.2385873794555664
26.05046397150781,95.12650542132184,0,1669.48,2028.0,24.31119155883789
26.5510381582378,94.72611771830636,0,1819.61,631.0,12.895340919494629
25.111039659797143,92.40550817319004,0,3573.05,571.0,8.226244926452637
28.713242377361563,94.40278719598712,0,2030.02,2819.0,33.33485412597656
27.978638686622293,93.09700037688552,0,1472.72,2231.0,41.57109832763672
24.65619907383784,92.28908774238828,0,3648.26,21.0,1.3798938989639282
25.22424511813122,94.30459487763126,0,1566.44,1780.0,23.027132034301758
28.14805057707971,95.68997998515484,0,2817.65,196.0,2.7896370887756348
26.4501374106257,92.52420543522204,0,1218.05,61.0,0.9307587146759033
26.401218419902204,90.72000094352389,0,1708.67,42.0,1.033535122871399
25.813504440459734,92.0236532682453,0,1708.67,859.0,5.211631774902344
23.246763543802825,91.36763362412336,0,2396.11,49.0,4.024526119232178
24.0461917347472,92.2452148781382,0,2141.49,125.0,18.73996925354004
24.97103006246457,92.88660906628564,0,1648.99,57.0,2.04189395904541
27.82748182866477,92.89633606049414,0,1472.72,3111.0,39.59775924682617
26.967604475864345,93.491058180597,0,2204.32,164.0,10.632676124572754
28.5942659584697,94.711098242726,0,2270.17,1852.0,36.4154167175293
26.974214968960187,93.84944021099332,0,2204.32,84.0,2.0767486095428467
23.494812409917017,93.1280780449241,0,1327.95,884.0,16.05562973022461
27.99839699001691,95.101898193196,0,2724.38,633.0,11.32132339477539
25.63449235424297,93.19000935365554,0,1271.17,265.0,5.66080379486084
27.80545842812256,96.96699612662772,0,1471.65,2474.0,37.94493103027344
25.849469437271956,94.18079421985716,0,1566.44,1367.0,25.91512680053711
28.644885398975514,95.41048415266606,0,2348.99,2968.0,21.089908599853516
26.56843901781908,91.650238538169,0,1708.67,70.0,2.78202223777771
25.86540339825808,92.14891537564596,0,1218.05,791.0,17.417598724365234
27.988163736329643,93.9396759461954,0,2320.86,2320.0,18.31237030029297
24.50115386724086,93.01189267584355,0,1625.06,399.0,14.069612503051758
27.36001076286654,94.17789213267508,0,2567.19,95.0,3.4803383350372314
27.567426483290447,88.17026624789054,0,1690.33,4937.0,49.6867790222168
24.1506688313784,93.76203383830162,0,1381.49,870.0,18.74853515625
28.4880812690922,94.52160082427096,0,2030.02,2388.0,18.41217613220215
26.75746967358911,93.30910391390348,0,1941.04,77.0,3.473918914794922
25.299174619644692,93.04528893018772,0,1271.17,385.0,38.12353515625
28.191700875973265,93.96460101104525,0,2320.86,878.0,45.95498275756836
26.78323523674154,92.02227984520134,0,1154.3,131.0,4.1732001304626465
28.227230618598327,96.98171265474518,0,1471.65,2808.0,27.805734634399414
26.81028337762248,92.00624822745708,0,1154.3,156.0,3.4744720458984375
26.477664903421,91.40999374087907,0,1708.67,53.0,3.6138195991516113
26.17585878062403,93.72028332861088,0,1649.52,173.0,3.718276023864746
29.04495082572493,95.92522919329004,0,1011.98,3371.0,53.20994567871094
27.2445018916132,92.5459981869636,0,1421.55,2112.0,22.972858428955078
24.968301800802724,94.49438708199284,0,1566.44,1191.0,26.154666900634766
25.419551971905243,91.12971719304564,0,3693.54,893.0,10.282184600830078
26.730075601664502,94.6809962434987,0,1747.44,161.0,2.1297762393951416
25.886228323002893,90.13429135733708,0,3693.54,86.0,15.335420608520508
25.886968598643303,93.45736656199186,0,1427.25,199.0,9.583808898925781
26.02943998729588,91.13106774360396,0,3717.5,42.0,5.5371198654174805
25.05424499242229,93.74557014765996,0,1271.17,1880.0,13.751476287841797
26.42406294758253,93.04863864783546,0,1427.25,171.0,18.754467010498047
22.6925589339558,93.09999488469056,0,1506.81,357.0,33.0233154296875
23.36409970132209,91.7583289635371,0,2396.11,73.0,6.2449631690979
27.17661203565552,93.27365393324104,0,1941.04,1299.0,1.3959107398986816
25.224358541730595,92.9972130586141,0,1648.99,639.0,30.097057342529297
25.48247090155132,90.82942896056235,0,3693.54,438.0,9.283866882324219
28.36318684925737,93.24869023819524,0,912.05,4453.0,21.04059410095215
28.17423432005037,93.21835127935071,0,1472.72,1927.0,46.925376892089844
28.28764543148671,93.90531166730756,0,2320.86,2155.0,34.189029693603516
28.698825175077012,95.38899499544794,0,2270.17,3100.0,20.295854568481445
28.9794266176062,94.36124019778882,0,1158.49,3909.0,22.398935317993164
27.025037416466112,94.80865088044096,0,1941.69,98.0,1.0391825437545776
25.59707545534626,93.4467376245433,0,1271.17,266.0,5.119501113891602
27.352837342813466,94.27432119132668,0,2567.19,95.0,0.0
27.440318736658423,88.2047947229365,0,1690.33,3214.0,37.12114715576172
22.80736020614323,93.00083669483315,0,1506.81,1074.0,42.06399917602539
23.556669132542527,92.85794574858592,0,1327.95,806.0,37.84632110595703
28.25309308960824,93.03791173650404,0,1472.72,4073.0,22.180959701538086
26.729122488019936,93.77795701802694,0,2204.32,85.0,2.129772901535034
25.400932819256543,90.90890543139982,0,3693.54,376.0,1.8612957000732422
22.72438553248565,92.70782136573318,0,2496.59,300.0,26.440933227539062
25.534537573612496,89.90861222755741,0,3693.54,47.0,4.097405433654785
24.499115701598623,94.36577510212771,0,1381.49,299.0,12.16539478302002
25.32317881989208,93.35951552963814,0,1271.17,849.0,18.03388214111328
24.179820808366944,92.64254303948292,0,2141.49,124.0,3.042088508605957
27.55809439230369,91.91189300162196,0,853.16,1871.0,13.431330680847168
25.239547307728184,93.30427763528331,0,1271.17,1282.0,28.717872619628906
23.436889098277508,93.06837380622152,0,1327.95,936.0,20.516645431518555
25.73082054468642,92.05902624238873,0,3717.5,879.0,1.3864414691925049
27.334477223851152,88.1990784111583,0,1690.33,1686.0,42.66875457763672
26.62169126644052,91.0038076091796,0,1708.67,60.0,0.0
26.22651928423136,92.3077060946007,0,1218.05,59.0,2.2632038593292236
27.711452775359252,93.96046646718553,0,2592.49,897.0,27.667343139648438
24.273468538459653,92.20948129646531,0,3648.26,77.0,10.41800594329834
25.577945467102108,93.15059313258406,0,1271.17,310.0,19.291152954101562
25.48960207338365,91.4579512281852,0,3693.54,1575.0,5.523651123046875
28.606764305106516,94.10698695624085,0,2030.02,1921.0,0.0
27.605736493943212,96.2583761048044,0,2174.9,411.0,15.853551864624023
27.12675836060599,95.84556338844398,0,1916.88,1062.0,44.867183685302734
27.926063400729912,96.18093021611156,0,2484.94,232.0,2.789727210998535
25.859509370924883,90.76428775229894,0,3693.54,223.0,16.542217254638672
26.29031919721476,91.65361681270296,0,1708.67,57.0,2.264228582382202
26.32884381381422,94.16566361160088,0,1747.44,182.0,16.157506942749023
25.26108399105396,90.2590678719726,0,3693.54,91.0,13.733190536499023
25.22472546410146,90.28166362125518,0,4780.93,84.0,16.868154525756836
25.288401548796735,90.54022968889376,0,3693.54,71.0,7.406386375427246
27.95843628132049,93.1823662604005,0,1472.72,1357.0,32.458187103271484
26.4086139968844,91.14123906302738,0,1708.67,42.0,2.2661361694335938
27.447119332900584,95.02029774062932,0,2357.98,106.0,2.283411741256714
23.778817248849016,91.89719448088498,0,2322.27,134.0,6.865970134735107
28.449150808996308,93.24505314544318,0,912.05,3297.0,39.80100631713867
23.844740380071094,92.34604843245708,0,2141.49,222.0,25.94272232055664
26.12002851086988,93.4653287439681,0,1427.25,903.0,8.244277000427246
25.999646987331055,91.28097202323052,0,3717.5,72.0,8.061808586120605
26.14334309163276,93.6374118958138,0,1649.52,829.0,24.343002319335938
25.360829265833143,90.18143575174687,0,3693.54,75.0,6.178041458129883
28.308863178149885,96.98175327599296,0,1044.44,2327.0,39.905731201171875
27.840567970036872,93.05104017480018,0,1472.72,2611.0,38.86172103881836
25.570540085429165,90.98844105405703,0,3693.54,867.0,9.560894012451172
23.783255543520333,93.20574365281908,0,1381.49,799.0,23.098068237304688
25.65661255909324,92.44556942812764,0,2535.22,829.0,3.856998920440674
27.58332682062298,92.59427067350904,0,1194.49,3013.0,35.65530014038086
24.196221769529703,92.5479477317622,0,2141.49,128.0,19.978158950805664
22.249431921577948,92.68317622009842,0,2496.59,265.0,14.660917282104492
28.34245586146554,94.22160012785508,0,2030.02,1726.0,20.842382431030273
27.14070314925278,93.75327994857328,0,2204.32,130.0,0.9306679368019104
25.53700772052376,92.81815660918136,0,2535.22,317.0,5.116964340209961
26.151215858384443,94.04616261011104,0,1306.28,362.0,13.817375183105469
26.56940128849029,94.03917009239312,0,1747.44,96.0,3.7180721759796143
26.78859005900568,94.74363520864264,0,1819.61,105.0,0.9307144284248352
27.093689349881423,92.88129689295266,0,1941.04,1176.0,34.00910186767578
23.76807884069188,92.24459378054208,0,2141.49,170.0,6.3324127197265625
27.13703415274511,93.7162600712627,0,2204.32,157.0,4.8465256690979
24.09437737053195,92.1907673402492,0,2141.49,61.0,9.273395538330078
24.323875658900025,92.27476090131157,0,3648.26,51.0,8.28144359588623
28.30509216408306,96.86784025001108,0,1044.44,3172.0,22.506805419921875
22.24451831546202,92.62224169147687,0,2496.59,231.0,7.140009880065918
27.267298311247536,96.87601847199592,0,1689.08,1334.0,26.010971069335938
25.70365526041973,94.93524320228946,0,1669.48,1531.0,37.72956848144531
22.77457309074937,92.47840526247056,0,2496.59,72.0,7.475041389465332
23.809344648006853,93.24980834309557,0,1381.49,1886.0,20.36237907409668
27.896496371150864,97.19149146383256,0,1471.65,2817.0,42.705101013183594
27.888237399748515,93.23071104105163,0,1472.72,2812.0,7.265132427215576
27.59293580093132,92.36165442985155,0,1194.49,4131.0,17.028034210205078
27.97602134351426,97.32007110767796,0,1471.65,4001.0,59.38500213623047
27.845732900640684,96.9954886836493,0,1471.65,1388.0,16.883506774902344
28.15015992434948,96.5630353615177,0,1471.65,1640.0,45.803993225097656
26.877608912956735,94.16230689351885,0,1747.44,85.0,0.9307026863098145
26.25081707962013,89.8444456767809,0,2542.03,32.0,0.0
28.09300831947377,93.33806305024352,0,1472.72,1499.0,18.8592529296875
27.99071843988746,95.22538053645664,0,2724.38,219.0,2.2928435802459717
28.984836940521188,96.30385108768051,0,1011.98,4132.0,32.20603942871094
26.235465203003024,91.82091415220565,0,1708.67,53.0,1.8610820770263672
27.188702788449994,95.4191243453142,0,1916.88,190.0,5.662119388580322
27.16785344750888,94.95937843425412,0,1941.69,106.0,0.0
27.697582741713084,93.90770877402454,0,2592.49,816.0,12.992827415466309
28.340832648880426,96.25684902809408,0,1891.54,3853.0,42.016380310058594
28.004525378594693,96.5500233026967,0,2484.94,1728.0,33.8095817565918
23.98988712665514,91.75487437838622,0,2322.27,431.0,15.802572250366211
25.61108215195537,90.4732738123768,0,3693.54,502.0,2.253514051437378
22.503749983579567,92.62137113564704,0,2496.59,115.0,8.176115989685059
26.655841263337667,91.7245549861464,0,1154.3,78.0,0.9307318329811096
28.163701167625952,97.06812638587834,0,1471.65,1674.0,55.67464828491211
27.512714085470545,92.35285099819876,0,1194.49,3084.0,34.40994644165039
25.382505601041636,94.53650332916769,0,1566.44,1441.0,22.256948471069336
23.05006551101905,92.98842521067454,0,1506.81,543.0,28.99231719970703
25.028207286332083,92.92515517377912,0,1648.99,178.0,12.299445152282715
26.991210082618068,94.78974867963956,0,1941.69,91.0,3.4763810634613037
25.41730204356671,93.79010014142476,0,1271.17,1471.0,50.733943939208984
28.60268365126337,94.05127068751362,0,1535.18,2439.0,14.475220680236816
24.55766578527004,92.84996866091424,0,2942.16,42.0,2.757032871246338
29.11960321994764,94.33353289085376,0,1158.49,3098.0,33.0403938293457
25.46503763898446,92.5678267643033,0,2535.22,742.0,4.818952560424805
28.269413768287105,95.1947464144789,0,2270.17,389.0,5.929852485656738
27.204913746743063,93.19233178787223,0,1941.04,1653.0,28.970012664794922
28.271702588455543,93.8154158971741,0,1535.18,3329.0,20.02147674560547
24.79195396630069,92.8467993639008,0,2942.16,23.0,1.3806991577148438
28.650500903380824,93.4538904413398,0,1535.18,4159.0,21.488576889038086
27.58164624403252,92.44635206479838,0,1194.49,3409.0,39.07844161987305
27.48320553440802,95.55709186208485,0,1916.88,137.0,3.8604626655578613
23.341255517060443,93.2317444405444,0,1327.95,912.0,23.88067626953125
27.70281303583257,94.38031046964572,0,2567.19,693.0,49.49883270263672
27.826923789915444,97.12901929200268,0,1471.65,2331.0,23.223339080810547
27.22785051902115,97.03564036839144,0,1689.08,1781.0,42.33085632324219
24.5899493019228,94.04654865992694,0,1381.49,781.0,2.121406078338623
26.285266420381348,90.5924808935817,0,3717.5,35.0,2.1279451847076416
27.38506242035551,95.22235535134108,0,1916.88,120.0,2.0843615531921387
26.03053026226627,89.95706350492533,0,3693.54,26.0,3.8576722145080566
28.690245789489744,95.21251578308248,0,2270.17,2592.0,50.019508361816406
24.45226316540575,93.615896950063,0,1381.49,928.0,27.692594528198242
27.60592037215044,91.74372243909468,0,853.16,3504.0,31.724763870239258
25.618200949101777,94.1050293706124,0,1566.44,1845.0,20.34089469909668
28.84151211956598,95.454045871076,0,1248.72,2819.0,34.6029167175293
26.442729580163785,91.65915740829824,0,1708.67,52.0,2.1285879611968994
28.799747326111145,95.83960043456544,0,1248.72,2050.0,47.14872360229492
23.57294920248516,91.34750591012114,0,2396.11,51.0,6.039119720458984
24.572989809194997,93.4865967809454,0,1625.06,854.0,24.178770065307617
27.7467547444152,93.39500751401664,0,1971.8,1177.0,12.649893760681152
22.96316383116872,92.92351730726122,0,1506.81,623.0,24.204631805419922
24.843906767272053,94.11144433310685,0,1271.17,909.0,15.371825218200684
26.38479406634113,94.3045541063186,0,1747.44,228.0,3.233783721923828
25.52222471317676,92.83286437776204,0,2535.22,233.0,7.659943103790283
28.575748365356294,95.11622097683116,0,2270.17,1587.0,13.058363914489746
23.3028769692311,93.11936790596374,0,1506.81,1014.0,24.316293716430664
26.18382528335907,91.0828422371332,0,3717.5,45.0,2.7770187854766846
27.367626939392,94.52192221463513,0,2567.19,97.0,3.1243300437927246
28.69537129034796,94.48618963582702,0,2030.02,3872.0,6.485930919647217
27.48746087423869,94.5683814043958,0,2567.19,105.0,5.5756425857543945
23.82769808592365,93.276532567382,0,1381.49,1606.0,32.07562255859375
24.743732780383617,94.1937368577184,0,1271.17,1384.0,33.368160247802734
24.631744790608877,94.04151463452536,0,1648.99,777.0,2.036346912384033
27.44558199769796,94.3271565461234,0,2567.19,98.0,0.0
24.05513171114779,94.13613796084512,0,1381.49,509.0,30.236534118652344
25.4702652319256,92.0871556700358,0,3717.5,1108.0,7.678704738616943
26.226023656227888,94.43443127321044,0,1566.44,1021.0,20.405256271362305
25.488735767346142,93.04557139874385,0,1271.17,200.0,8.937919616699219
26.750446270697186,92.80308881123771,0,1941.04,76.0,3.2431867122650146
24.12265979789157,94.16512732743664,0,1381.49,642.0,23.76581382751465
28.53247117898931,94.01464678879825,0,1535.18,2775.0,20.253376007080078
28.21498011703641,95.11992341509011,0,2724.38,1640.0,25.407772064208984
25.51450892035233,92.666986350891,0,2535.22,636.0,3.4613757133483887
28.103507660808848,94.32760701551445,0,2681.74,1382.0,19.351762771606445
26.35945538188174,91.0186316854471,0,1708.67,44.0,1.861050009727478
25.21764560725954,93.2715596469138,0,1271.17,1527.0,16.16808319091797
26.665361036425423,90.79681341110758,0,1708.67,115.0,1.392472267150879
28.05847105862756,95.21214372330444,0,2724.38,1040.0,38.68317794799805
25.61096337231276,90.38917028295997,0,3693.54,619.0,11.968628883361816
25.85588281921946,92.157967866989,0,1218.05,686.0,20.818492889404297
26.018754989312654,92.90162720031556,0,1218.05,69.0,6.192503929138184
23.26960134486719,92.79452015016804,0,2148.54,948.0,23.025529861450195
28.62877156655491,95.59895658520144,0,2348.99,3412.0,18.65523338317871
27.556022548472985,88.3761971455379,0,1690.33,2801.0,36.72724914550781
28.83454950368972,95.70785505965723,0,1248.72,3229.0,32.28953552246094
25.134303638624225,92.7028600591198,0,3573.05,1415.0,10.894721984863281
26.97896474650662,94.46740656849856,0,1747.44,88.0,1.3945691585540771
27.63342544521617,95.33074425774636,0,2724.38,123.0,0.9306021928787231
26.879590198192385,92.47090400373862,0,1421.55,140.0,0.9307024478912354
25.248784842661745,94.11839690931976,0,1566.44,1324.0,15.564291000366211
27.357947824221498,95.28505642882612,0,1916.88,120.0,2.281890392303467
26.3402323448836,93.8919902003809,0,1566.44,109.0,5.474064350128174
25.393597529933658,91.52430449877946,0,3717.5,1567.0,13.329570770263672
28.27346428904018,96.2542629840999,0,1891.54,3232.0,33.30244827270508
27.85474412895241,96.95374863663804,0,1471.65,2129.0,40.44544219970703
28.407971611873663,94.20488189478056,0,2030.02,2622.0,43.42227554321289
27.77312473319122,97.04500881995686,0,1471.65,2546.0,26.121723175048828
28.125145883445345,96.70107518687288,0,1471.65,1921.0,31.740169525146484
28.23295497173373,95.80968703553135,0,2817.65,919.0,28.611051559448242
25.922307554803226,92.7373028918,0,1218.05,77.0,3.465388774871826
27.83327093704719,88.5792522215024,0,1707.7,4505.0,41.57870864868164
22.16360972679208,92.97426344340732,0,1506.81,791.0,28.718143463134766
27.98469739823112,93.20911610232754,0,1472.72,1472.0,41.012298583984375
26.687667818689917,93.7521127018943,0,2204.32,86.0,2.9758124351501465
26.621317487406984,94.88005356862114,0,1819.61,423.0,18.025882720947266
22.611112562047367,93.12797225640146,0,1506.81,490.0,21.009225845336914
24.510835403637422,94.12498809660552,0,1381.49,977.0,14.944382667541504
27.746039017146067,94.95735346206092,0,2724.38,124.0,2.7980473041534424
25.89682446342121,91.68529377663737,0,1708.67,553.0,16.793371200561523
27.5442408739432,96.17256245763402,0,2174.9,297.0,6.228231906890869
25.34247427625958,91.28091851757834,0,3693.54,1180.0,13.006681442260742
28.74217777982675,95.05405837632888,0,2270.17,2065.0,27.14995574951172
27.611313947571364,96.77679698998952,0,1689.08,4057.0,5.9408860206604
23.22433380250118,91.74602627794792,0,2396.11,159.0,3.440582036972046
25.504367959289336,92.65359850436624,0,2535.22,729.0,3.856729745864868
24.57071939791557,92.6664600114762,0,2942.16,56.0,16.752792358398438
26.44994920661597,91.10715196528282,0,1708.67,44.0,3.470729351043701
26.4733930738136,92.92974881609344,0,1427.25,70.0,8.217522621154785
26.884772470767626,93.3199947807981,0,1941.04,114.0,2.7901432514190674
28.35233653854934,95.162451826867,0,2270.17,1304.0,22.183691024780273
25.97232794213036,92.68614866267916,0,1218.05,75.0,0.0
25.107445147274497,92.35670524978516,0,3573.05,115.0,15.088726997375488
28.36742180634983,95.23025881262636,0,2270.17,1128.0,36.23597717285156
26.69208094285457,95.2988296986868,0,1819.61,1100.0,29.957040786743164
27.296787112336,92.82691161049544,0,1194.49,979.0,34.539283752441406
27.208035546523696,94.35655704916752,0,2567.19,88.0,2.2793476581573486
25.841398468081845,92.36979377990964,0,1218.05,664.0,12.925853729248047
27.790493395371303,96.26651207954392,0,2484.94,264.0,3.485067367553711
26.75996493898289,94.5569943144548,0,1747.44,109.0,3.473944902420044
27.74766261944057,92.99823436957126,0,1971.8,1583.0,43.588531494140625
26.595458478308664,95.101668146815,0,1819.61,1388.0,28.506420135498047
26.01192781124584,90.08885426730942,0,3693.54,28.0,3.087655544281006
27.107866607977535,94.3636076361386,0,2567.19,84.0,2.2776591777801514
27.872311599257657,95.9148040005512,0,2484.94,149.0,2.7897489070892334
25.97792805091182,91.12545677884692,0,3717.5,49.0,1.3880058526992798
24.887921514923733,94.0685653478478,0,1271.17,997.0,30.579130172729492
22.11230905935115,92.93058302342337,0,1506.81,130.0,27.80888557434082
26.886913438636693,95.566946575264,0,1916.88,1455.0,23.665481567382812
26.277262460242447,93.0789847918027,0,1427.25,325.0,27.087112426757812
25.506889757273424,93.10416173826836,0,1271.17,199.0,9.199738502502441
24.265508913015307,93.16521691457892,0,1625.06,646.0,23.768041610717773
22.958816346149607,93.01068295035948,0,1506.81,1000.0,33.127197265625
23.832719407256747,91.37944553920195,0,2414.95,23.0,3.557783603668213
28.334312341394007,96.62583101900728,0,1044.44,1970.0,55.30146026611328
25.873981813705388,93.4391744794214,0,1427.25,186.0,6.150361061096191
26.10401760181909,92.30277129983708,0,1218.05,60.0,2.7904481887817383
26.0019683716408,92.9478892474874,0,1218.05,72.0,3.718365430831909
27.77119555230039,92.12781535158432,0,1194.49,4786.0,21.135093688964844
26.549260816910035,92.853091377659,0,1941.04,68.0,2.268418073654175
28.62123480072786,93.36286561279218,0,912.05,4048.0,27.385190963745117
28.467651847940957,96.09911410763716,0,1891.54,4082.0,37.358943939208984
25.82721184953434,92.441235524423,0,1218.05,747.0,16.12325096130371
27.49310179406174,95.84964671025956,0,2291.38,158.0,5.5757951736450195
27.79379930676658,92.17270954198246,0,1194.49,5237.0,19.711490631103516
25.99625334323954,94.9229639772892,0,1669.48,1346.0,22.523061752319336
24.687213009187985,92.29529584657678,0,3648.26,22.0,2.2395641803741455
27.030713823724746,93.90889814213244,0,2204.32,85.0,1.394919991493225
27.99543531278917,97.08517484038735,0,1471.65,4071.0,40.61467742919922
25.591137158176416,90.43484710174238,0,3693.54,612.0,9.609726905822754
23.750823156916457,92.71603373814544,0,2141.49,859.0,31.750228881835938
25.29174219087212,93.531641274693,0,1271.17,1035.0,25.505908966064453
28.011393002932408,93.92283278849708,0,2320.86,2164.0,6.850461959838867
25.86326133530172,92.25518003889154,0,1218.05,780.0,24.441038131713867
25.218902415376046,94.55852125655524,0,1566.44,2092.0,31.289878845214844
27.68151463629226,91.9207045765788,0,853.16,4003.0,31.628225326538086
26.29313922087759,90.1927437859988,0,3717.5,39.0,1.8610671758651733
27.862329374045675,95.50469196341524,0,2724.38,129.0,1.4006788730621338
24.96019187092929,93.5647846347399,0,1648.99,1057.0,24.520708084106445
27.42766037299933,95.84545719241916,0,2291.38,154.0,4.186274528503418
27.105990829289524,92.73425005952303,0,1421.55,369.0,20.695253372192383
26.27245477901148,90.69657797124944,0,3717.5,40.0,2.064117670059204
25.070875610747454,94.31920203141246,0,1566.44,1248.0,29.220375061035156
25.46839207436785,93.43204506949176,0,1271.17,423.0,8.25289249420166
25.47181911342941,94.40331260820356,0,1566.44,1145.0,20.75864028930664
27.854047522852955,88.85871164932925,0,1707.7,4840.0,26.058940887451172
23.15394842128892,93.04498077730754,0,1506.81,1086.0,27.045246124267578
28.042661041480127,94.7284004304472,0,2724.38,688.0,22.894624710083008
25.76861304971517,92.26063379374202,0,2535.22,740.0,8.380910873413086
26.03000532540443,90.45109904916433,0,3693.54,50.0,4.217679500579834
26.500866379245608,94.92877330498266,0,1819.61,790.0,17.181812286376953
25.806786745270344,94.88502519360247,0,1669.48,1282.0,18.474950790405273
28.781816463302302,94.96076393530936,0,1289.76,939.0,37.39137268066406
23.95114770818924,92.80924780682402,0,2141.49,210.0,22.56888771057129
24.495449100846283,93.26428455894312,0,1625.06,243.0,11.75568962097168
28.260646328929905,95.2792488775928,0,2270.17,1035.0,34.90624237060547
23.46274873757308,92.57246793328278,0,2148.54,742.0,25.680572509765625
24.21351222982104,92.26585686510543,0,2141.49,97.0,12.209966659545898
27.348158843209067,93.5528348717296,0,2592.49,1675.0,11.267118453979492
28.214717735476288,96.37165370254868,0,2484.94,2878.0,28.774093627929688
24.876503529892307,93.69720125419252,0,1648.99,1314.0,38.95817947387695
27.749836901254245,92.7248564099321,0,1472.72,3402.0,29.760412216186523
26.493152856660515,91.87231632772288,0,1708.67,65.0,6.203274726867676
23.49464762119566,93.11043033972724,0,1327.95,777.0,27.212921142578125
27.533100452132054,94.53097806645502,0,2567.19,111.0,2.0871450901031494
27.73047648314769,95.45625512951338,0,2724.38,123.0,1.0457940101623535
28.393635467711974,94.2820046289353,0,2030.02,2917.0,44.88905334472656
26.8445929951678,95.1096866692804,0,1819.61,387.0,28.532466888427734
27.58376808090625,92.69203866691582,0,1194.49,2553.0,36.29166030883789
26.1922824910813,90.45032757512652,0,3717.5,28.0,0.0
23.47880627025019,92.74138665709144,0,2148.54,908.0,24.56175422668457
28.317340882323755,96.16968190347797,0,1891.54,2415.0,20.31938934326172
27.28153168772984,92.80398962633832,0,1194.49,800.0,38.937862396240234
27.718859036403064,88.77796631536756,0,1707.7,4050.0,42.40262985229492
24.710727532548965,92.58784530412242,0,2942.16,22.0,0.9309799075126648
28.03945421857729,93.7238175509466,0,2320.86,1019.0,33.75788497924805
25.501946185121238,91.62831043290296,0,3717.5,1630.0,6.4036126136779785
26.33447163566415,94.7161383996501,0,1819.61,1174.0,20.808088302612305
25.679017857295392,91.36018301480192,0,3693.54,1427.0,23.553865432739258
27.7672694177968,96.18165776059512,0,2174.9,209.0,1.0461442470550537
27.56116139549976,92.4297922853772,0,1194.49,2987.0,24.73216438293457
25.23046559218051,90.27243777970484,0,4780.93,54.0,17.98305892944336
25.488118866630124,94.2695803140153,0,1566.44,1996.0,30.144893646240234
24.532226284684008,93.57677128390992,0,1381.49,656.0,8.88188648223877
26.74529429427849,90.14071665020911,0,2542.03,168.0,2.9759719371795654
25.65398543698354,93.55874226191324,0,1271.17,253.0,3.8569939136505127
26.151309357729694,90.87458742237946,0,3717.5,42.0,2.262005090713501
26.14209812077971,89.78848763247746,0,2542.03,29.0,3.2276511192321777
28.574260849894763,96.1663926931329,0,1891.54,3212.0,43.5355224609375
27.54788826470452,95.18993077680815,0,2724.38,119.0,2.087423086166382
28.692315894689926,94.31245145461756,0,2030.02,2234.0,16.63225555419922
26.547905276918307,92.82390989804634,0,1941.04,71.0,3.4717371463775635
25.47823043481324,93.99641450189056,0,1306.28,1825.0,26.36307144165039
25.09450734433735,94.64816019638393,0,1566.44,1060.0,35.85852813720703
28.359909576430063,94.63220705173036,0,2030.02,906.0,29.286989212036133
26.45506672170401,90.3478388377986,0,3717.5,55.0,1.861025094985962
25.938979855509277,92.15748869132582,0,1218.05,563.0,5.836361885070801
25.667592653803126,92.23196628873092,0,2535.22,1000.0,2.2543885707855225
27.88053442955141,93.46690003991787,0,2320.86,1187.0,43.270904541015625
27.284046985815475,96.92808097609748,0,1689.08,1350.0,4.183319568634033
22.542142445407848,92.92126192848262,0,1506.81,573.0,18.111618041992188
25.79946830976668,91.99344335179256,0,1708.67,846.0,7.220085620880127
26.08179317884713,90.0470526611993,0,3693.54,28.0,0.9308064579963684
28.810737068237746,95.71657735764737,0,1248.72,2889.0,24.91033363342285
26.012892305002296,89.93850052809086,0,3693.54,32.0,1.3882273435592651
25.88260292126045,93.96784086925014,0,1306.28,693.0,26.38048553466797
24.974412079883468,92.59356435805913,0,3573.05,19.0,1.3817909955978394
27.68923244472835,95.4762003733558,0,2724.38,117.0,0.0
26.018718871037382,92.94521722826155,0,1218.05,74.0,3.603489637374878
28.99698271903468,96.1758934394752,0,1011.98,4438.0,30.867347717285156
28.656120324109807,95.824648819673,0,2348.99,1758.0,35.58308029174805
26.300033359742613,91.5439441208885,0,1708.67,48.0,3.0952324867248535
28.223604730593355,94.29127423313751,0,2681.74,2533.0,40.376190185546875
25.463766202504196,93.3822049530374,0,1271.17,441.0,10.188426971435547
24.19210521746166,93.95230704841777,0,1381.49,850.0,25.679323196411133
25.60807616859355,91.54671854051934,0,3717.5,1482.0,17.14247703552246
26.85315468158762,91.829187176781,0,1154.3,242.0,2.2734107971191406
28.29522196384672,96.81953294486884,0,1044.44,3400.0,28.84748077392578
27.548966689777327,93.03767511787514,0,1971.8,2051.0,22.972383499145508
27.15760960514241,94.54741427131312,0,2567.19,96.0,2.789905548095703
24.9039384238929,93.85529455512945,0,1271.17,809.0,0.9309558868408203
26.355975698105325,95.09144162029044,0,1819.61,1930.0,26.39161491394043
27.559678651038706,95.35275731196072,0,2724.38,121.0,1.0441709756851196
26.09633927309732,90.16645929424924,0,3693.54,27.0,0.0
27.224176046428763,93.50465981210696,0,2204.32,1227.0,25.29097557067871
24.909413741749177,94.59418422254012,0,1566.44,890.0,14.26060676574707
28.229885195445878,94.77250723113804,0,2724.38,342.0,12.541297912597656
26.20027560552023,91.72392833603472,0,1708.67,55.0,4.223473072052002
26.615369656987,90.15987113749271,0,2542.03,79.0,2.7826409339904785
28.874148527460218,94.06376310225303,0,1158.49,4567.0,22.228361129760742
25.62049883426378,94.35815218452836,0,1566.44,1837.0,19.454416275024414
27.35439527323603,95.9045235715001,0,2291.38,156.0,1.3971296548843384
27.11376175440859,92.97247716399004,0,1941.04,710.0,28.15920066833496
26.136149043103984,95.00015021883188,0,1669.48,1168.0,15.471233367919922
24.630427658184363,92.54515289182665,0,2942.16,26.0,2.757887840270996
27.416474903327032,93.59223021748254,0,2592.49,1615.0,29.187639236450195
26.45451292459537,92.8310287185798,0,1941.04,69.0,1.3910833597183228
24.51683848860552,92.31404759297284,0,3648.26,32.0,1.8615163564682007
24.29558465672633,92.40914962985624,0,2942.16,86.0,9.112786293029785
23.74131599117112,93.30762697239628,0,1327.95,1504.0,8.193086624145508
25.514511735295123,89.87696341295722,0,3693.54,25.0,1.0258214473724365
26.07676969922775,94.36518673555406,0,1566.44,799.0,21.42497444152832
28.24706075602325,94.97128029356254,0,2724.38,885.0,38.691375732421875
27.73218069665776,88.50499814798752,0,1707.7,4904.0,44.651283264160156
22.567049791712435,92.7847538732974,0,2496.59,565.0,25.41041374206543
26.05980844832544,94.88806646190058,0,1669.48,1299.0,11.229107856750488
27.400076074535704,93.76638502359302,0,2592.49,954.0,29.80434799194336
28.08821535574104,94.79353852624622,0,2724.38,402.0,11.352202415466309
23.38441435412652,92.69271635165008,0,2148.54,690.0,11.584141731262207
25.02183205977747,93.18660848316132,0,1648.99,207.0,15.002694129943848
28.31524094229458,94.23418287488992,0,2030.02,2027.0,36.73040008544922
23.349632566393645,92.51226781399158,0,2148.54,319.0,6.099481582641602
27.37458971912988,96.39208006427322,0,2174.9,1180.0,25.799959182739258
26.54356334325396,92.36089284080208,0,1421.55,60.0,1.391668677330017
22.92967369780977,93.02302894118831,0,1506.81,317.0,6.2881927490234375
27.283271315878466,95.48589663093368,0,1916.88,164.0,4.183302402496338
25.83089102959272,92.95382747795745,0,1218.05,85.0,4.50689172744751
26.44839593982528,93.02230219800532,0,1427.25,86.0,2.06723952293396
24.2067151733992,91.9341389280267,0,2322.27,104.0,3.042726516723633
27.491192496846075,88.45664221040808,0,1707.7,1754.0,33.644378662109375
26.99597406786093,94.99832194483344,0,1941.69,111.0,5.9373674392700195
24.261689741028604,92.62255086291948,0,2942.16,114.0,9.247325897216797
23.601806251054107,92.95272020649882,0,1327.95,1506.0,10.136086463928223
24.37529042122924,92.8404075407244,0,2942.16,231.0,18.060039520263672
26.92899226656931,92.35412831977392,0,1421.55,258.0,16.827434539794922
27.59663767914211,95.46531233961744,0,2724.38,125.0,2.285977363586426
26.073751038032057,89.97559303132851,0,3693.54,28.0,2.127091884613037
26.54880561099069,94.15870885962828,0,1747.44,94.0,2.268413543701172
26.92250415399817,94.64441251473076,0,1747.44,105.0,3.6240761280059814
27.99363330770176,93.58267751291622,0,2320.86,1366.0,43.47828674316406
27.104779802327453,95.3542215210127,0,1916.88,208.0,11.02736759185791
27.50038247009645,93.2927324960542,0,1971.8,2882.0,29.17012596130371
27.25104403915832,93.130188372917,0,1971.8,1574.0,11.035069465637207
27.442195551547577,95.56394902995602,0,1916.88,147.0,1.8607648611068726
24.390000029614544,92.36675401391216,0,2942.16,96.0,7.080331325531006
28.559618386896663,93.7240142933427,0,1535.18,3873.0,37.42805099487305
25.451443142897567,92.03936827065236,0,3717.5,1189.0,6.179998874664307
27.59862030535589,95.83962638207254,0,2174.9,151.0,0.0
25.184919287111125,92.33765006206409,0,3573.05,674.0,19.929767608642578
28.116896537443765,95.615174823564,0,2817.65,212.0,1.4024977684020996
24.80434281393217,92.60949861019807,0,3573.05,22.0,1.3807735443115234
28.11037720352282,94.53492079566225,0,2681.74,692.0,25.539165496826172
27.11595194384475,93.7858933023834,0,2204.32,171.0,8.314116477966309
28.03839210720076,96.57405104314768,0,2484.94,1147.0,40.97481918334961
26.35966201678171,90.88589914290456,0,1708.67,42.0,1.3904647827148438
27.88601488290969,95.1591439292888,0,2724.38,307.0,13.497980117797852
22.57275022302125,92.9823120342752,0,1506.81,872.0,3.533910036087036
25.856792988497578,90.71120378265718,0,3693.54,320.0,25.23855209350586
27.255950460789848,95.99855464496562,0,1835.44,374.0,5.8877410888671875
25.688693821222397,93.82739870389894,0,1306.28,377.0,0.9308568835258484
26.095231205087995,93.52563200929735,0,1427.25,869.0,16.417739868164062
27.583899252268136,88.18240881300979,0,1690.33,4581.0,1.8607269525527954
27.40419547986911,92.5015507607669,0,1194.49,1330.0,35.026737213134766
23.58017413926429,91.73426748477225,0,2396.11,98.0,1.8617439270019531
27.85103578065863,95.1362462350137,0,2724.38,298.0,16.39360237121582
24.687124036339824,92.7599213709975,0,2942.16,29.0,1.3800777196884155
22.427651814194626,93.1746594767638,0,1506.81,577.0,20.47408103942871
26.59232948673763,93.92791295800654,0,1747.44,93.0,1.8609893321990967
23.83653537529761,93.1671589691263,0,1381.49,920.0,19.703237533569336
25.23765335942827,94.0459190054366,0,1306.28,1559.0,33.223873138427734
24.03192825615286,92.64911157890025,0,2141.49,272.0,19.292619705200195
25.355384688163035,93.33486041455804,0,1271.17,489.0,24.291446685791016
27.345279288338727,93.71189725303682,0,2592.49,1606.0,29.737533569335938
28.996796313561116,94.71998029612918,0,1289.76,3621.0,46.05836868286133
26.163201104860093,90.82086699600993,0,3717.5,37.0,6.435997009277344
25.980379156675497,94.10307787734524,0,1566.44,433.0,29.170154571533203
24.57589273006396,94.4222310211913,0,1381.49,427.0,33.084285736083984
28.664392371768383,94.40407899577794,0,2030.02,2113.0,23.843156814575195
27.60066317343165,96.76571932698684,0,1689.08,3049.0,58.53921127319336
26.27114550285408,90.49466829377688,0,3717.5,59.0,22.573457717895508
27.798003815994303,95.72930320281336,0,2817.65,128.0,3.7174224853515625
28.910344808154456,96.40300841353492,0,1011.98,4235.0,24.741634368896484
23.241644909570883,91.53501144093366,0,2396.11,50.0,9.714775085449219
24.0100739107828,92.1206223529668,0,2141.49,139.0,5.383652210235596
26.048027478311425,90.46761892715207,0,3693.54,47.0,1.8611304759979248
27.774141129140254,92.6144665121605,0,1194.49,3514.0,44.66435241699219
22.39407462826473,93.04822101554824,0,1506.81,1414.0,13.068371772766113
27.920606367352303,93.21773289352612,0,1472.72,2180.0,24.52566146850586
24.66981617154524,94.23935867179743,0,1648.99,855.0,14.841546058654785
25.62705055043312,93.11509863960656,0,1271.17,335.0,6.137754440307617
28.396724214369296,94.59438825614129,0,2030.02,1678.0,37.3466911315918
28.51047630772032,94.1858900243476,0,2030.02,2351.0,16.3265380859375
24.447610063843378,92.9365190462488,0,1625.06,96.0,8.445082664489746
25.94920813009101,94.96263951148607,0,1669.48,951.0,35.140953063964844
24.914914418570103,93.69928546870364,0,1648.99,1184.0,12.103038787841797
27.36042687109017,93.37768323688933,0,1971.8,2741.0,15.367182731628418
28.763470930389587,95.02141507753645,0,1289.76,2229.0,48.350624084472656
24.814379613444835,92.90473665302017,0,1648.99,25.0,2.241443157196045
26.027793334304345,89.99066639034021,0,3693.54,27.0,1.388323187828064
27.20323773779215,92.59816061917545,0,1421.55,1193.0,31.8687686920166
27.56737008060684,94.60072352782792,0,2567.19,103.0,0.9306110739707947
23.530687873113965,92.33996182591416,0,2148.54,176.0,25.47232437133789
26.06956124307315,95.02146479358797,0,1669.48,1952.0,33.186378479003906
24.8937459386136,93.47825241615458,0,1648.99,1177.0,27.092273712158203
26.764021418862797,91.39031252573396,0,1154.3,125.0,4.253965377807617
27.71725131205473,93.3250553156483,0,1971.8,1673.0,21.779407501220703
27.66277442460023,93.86864567509944,0,2592.49,1272.0,24.516902923583984
27.66742113508268,95.90325539468422,0,2174.9,158.0,1.8607045412063599
26.242883964887326,90.5410472882166,0,3717.5,34.0,1.3897056579589844
23.81663282923958,93.22116327383964,0,1381.49,1140.0,15.736822128295898
28.24852313818525,95.12226349382,0,2724.38,1376.0,41.64506149291992
28.52171019868853,93.37521955164812,0,912.05,4255.0,3.493375301361084
26.421690950652028,90.66364569293228,0,1708.67,50.0,2.9750816822052
24.905410447494315,94.44919577155297,0,1566.44,2214.0,22.180273056030273
24.894682893740477,92.64482460277624,0,3573.05,20.0,0.930957019329071
23.67636573563284,91.77623997221204,0,2396.11,196.0,10.172414779663086
28.591000352439337,95.78018923277712,0,2348.99,1262.0,33.8317985534668
27.04920614501832,95.78513572373286,0,1916.88,1421.0,33.104793548583984
25.933304587947703,92.76171623511316,0,1218.05,71.0,2.126530885696411
28.953967274210363,95.03741022819982,0,1289.76,1416.0,30.424495697021484
25.515526551064166,89.98343978491225,0,3693.54,50.0,5.9294538497924805
26.78175964779121,92.05833864673816,0,1154.3,125.0,2.7901837825775146
22.729277651843677,92.51449121073284,0,2496.59,58.0,3.7199652194976807
27.189572326395083,95.36890255756236,0,1916.88,129.0,2.131721019744873
24.19142354036325,93.30433921399502,0,1381.49,1014.0,28.36536407470703
25.26440233738621,93.48002732490475,0,1271.17,1629.0,39.811058044433594
26.48870962058993,93.08957842807676,0,1427.25,153.0,11.031655311584473
24.87488986601907,93.69960558512469,0,1648.99,1460.0,32.453369140625
26.847841091485247,92.13310468624675,0,1154.3,159.0,1.0375596284866333
29.027098638943457,96.03953891756318,0,1011.98,3792.0,37.1142578125
25.348294720160293,93.39609958636916,0,1271.17,617.0,10.06699275970459
23.133488282853744,93.28458327878172,0,1506.81,1347.0,7.073690891265869
28.77817996274436,96.07716069041368,0,1891.54,3860.0,36.429874420166016
24.060824857726693,92.24453009663036,0,2141.49,107.0,12.02442741394043
26.81516710809343,94.29416683661948,0,1747.44,91.0,2.785294532775879
27.71611185072136,93.9349313934089,0,2592.49,650.0,12.146255493164062
27.741094295674465,95.31691384881074,0,2724.38,121.0,1.3998230695724487
25.17727406270317,92.68064058259569,0,3573.05,1457.0,14.131891250610352
27.955567565657294,97.22624521040882,0,1471.65,3601.0,38.17025375366211
25.83702763371756,91.07835486371908,0,3717.5,102.0,13.619349479675293
26.12706185290797,94.6900726932066,0,1669.48,2078.0,15.424711227416992
27.489216719202496,92.24741401025268,0,1194.49,2724.0,31.590734481811523
26.50876078244835,92.7075355366258,0,1941.04,73.0,4.528441905975342
25.269508096380267,93.09353193534868,0,1271.17,588.0,31.1924991607666
27.29424624241769,88.19995808080056,0,1690.33,2152.0,17.612077713012695
24.48734454363776,94.3698827478944,0,1381.49,335.0,23.59721565246582
25.932462436454045,90.03081258564723,0,3693.54,36.0,9.585247039794922
28.29854566945904,95.6556019891846,0,2348.99,480.0,2.2983057498931885
26.89972555927324,92.7217567850006,0,1421.55,97.0,2.130488395690918
26.70611565211576,91.90902774043596,0,1154.3,94.0,4.240994930267334
26.405485932642996,93.94965619977538,0,1747.44,102.0,3.234314441680908
25.704652672783503,89.86789087812168,0,3693.54,28.0,2.973174810409546
27.44706984952928,92.03534734846995,0,853.16,4074.0,28.374675750732422
26.40912356429107,90.30191164850989,0,3717.5,46.0,3.4703102111816406
28.780281660818364,96.34044598049832,0,1891.54,3065.0,40.35512924194336
27.72603134342704,97.01232729397276,0,1471.65,3639.0,19.604772567749023
29.013561221081886,94.66200470276904,0,1289.76,3295.0,23.91312026977539
28.934039487280412,95.03784916364276,0,1289.76,1267.0,21.196788787841797
24.841157955196092,93.09726995862763,0,1648.99,43.0,3.4549598693847656
27.570527263037043,95.06148547105364,0,2724.38,111.0,2.0878536701202393
25.87893427786039,91.2641334934426,0,3717.5,356.0,18.021867752075195
27.584994101730075,88.74853887345031,0,1707.7,4727.0,32.30155944824219
23.90413530750427,91.43921669822451,0,2414.95,61.0,2.024797201156616
23.86174735846197,94.11283711013373,0,1381.49,247.0,7.608816146850586
27.655205310184822,93.52379494114555,0,2592.49,2207.0,30.438831329345703
25.84357467667015,92.94513989301856,0,1218.05,92.0,6.188597202301025
25.584499193627146,91.89697470119268,0,3717.5,1437.0,6.204752445220947
27.95309847154433,93.46715118113045,0,2320.86,1511.0,45.125526428222656
25.369379851155777,92.0588559795638,0,3717.5,1397.0,14.555676460266113
28.670235809539573,96.29395105062316,0,1891.54,2784.0,35.48799514770508
27.815223605967407,94.65571038282548,0,2724.38,719.0,26.872844696044922
24.9840526493092,93.2896775875004,0,1648.99,467.0,9.718842506408691
26.44551764320476,90.55245084014076,0,3717.5,69.0,10.577044486999512
26.45080071809224,92.17627715262849,0,1218.05,60.0,3.613206148147583
27.25377202416839,94.52953191324752,0,2567.19,97.0,4.757810115814209
24.905079883455777,94.3809001374865,0,1566.44,705.0,28.397764205932617
23.864123474850608,91.74616992366803,0,2322.27,156.0,24.162538528442383
28.39173341753341,95.7870099448024,0,2348.99,762.0,6.24948263168335
27.628249293070365,94.33918896298168,0,2567.19,244.0,13.69345474243164
23.222457414755205,92.53805062810385,0,2496.59,897.0,14.286404609680176
26.2194294094713,91.23544318833169,0,1708.67,40.0,4.756443023681641
26.039664451939807,91.99776981281435,0,1708.67,225.0,4.248064041137695
25.16925741768362,93.7332803962385,0,1271.17,854.0,20.4327392578125
24.592854545855865,93.54710975360192,0,1625.06,1088.0,15.873605728149414
25.646061074739787,93.8578456289589,0,1306.28,924.0,17.264591217041016
26.71709689760305,93.20557857653274,0,1941.04,75.0,0.9307237863540649
27.078964016417395,92.12663977918032,0,1154.3,1155.0,45.490509033203125
26.696985455364192,95.03095073993887,0,1819.61,895.0,8.864145278930664
24.83179466636485,93.93022162332709,0,1648.99,777.0,2.2416985034942627
28.087806335293006,93.76385924799116,0,2320.86,1156.0,36.57791519165039
26.054218419999437,95.09764277293633,0,1669.48,1559.0,23.61733055114746
25.8427480411756,94.10249938189388,0,1566.44,1030.0,14.222769737243652
22.634437682612308,92.626300101673,0,2496.59,105.0,6.491262435913086
25.972468493137725,93.99498351431784,0,1306.28,433.0,4.215734958648682
25.78088287712523,94.98449076619566,0,1669.48,2101.0,38.429439544677734
28.75886878029766,96.52079091149872,0,1011.98,3591.0,33.48147964477539
26.53642354371312,92.92071560444276,0,1941.04,71.0,4.235063552856445
27.525097044581624,96.41442298605313,0,2174.9,579.0,3.6383748054504395
28.354575977671576,94.87995803850116,0,2270.17,1405.0,50.49202346801758
28.115213363624616,94.26820473478556,0,2681.74,1655.0,22.36925506591797
25.238945078234085,94.11223532603282,0,1566.44,1042.0,21.3782958984375
27.78706588586596,94.02625313651326,0,2320.86,1161.0,28.316532135009766
29.21170752037981,94.44693837893996,0,1158.49,4486.0,20.04531478881836
26.081211102584103,90.05646890428208,0,3693.54,33.0,2.1271209716796875
25.863899599528228,89.93281250538803,0,3693.54,24.0,0.0
25.906262332465545,91.27452190609684,0,3717.5,275.0,27.484758377075195
24.480871516715197,93.3676531205648,0,1625.06,357.0,13.838289260864258
28.09686332632194,93.46031575234348,0,2320.86,1464.0,52.61943435668945
26.27866322596361,92.5435698347469,0,1218.05,62.0,4.756518363952637
27.481902635035823,92.61833236821822,0,1194.49,2713.0,29.052053451538086
23.995667955066928,93.312345627589,0,1381.49,838.0,14.817647933959961
22.668839833301472,92.60936053792084,0,2496.59,167.0,2.0062155723571777
25.827063187676547,91.73329856448352,0,1708.67,690.0,10.913232803344727
24.13098556452304,94.0594621009266,0,1381.49,1489.0,22.736995697021484
24.29096212346365,93.50261238690696,0,1381.49,1261.0,26.19928550720215
25.13953181835474,93.75459618260604,0,1271.17,1171.0,23.28158950805664
24.52279263187785,93.78541068863044,0,1381.49,768.0,0.0
26.2873065391105,90.81270861273794,0,3717.5,38.0,2.2641794681549072
25.65611397139951,93.11341416599248,0,1271.17,291.0,11.166708946228027
26.93854450890652,95.33864589121012,0,1941.69,644.0,25.774765014648438
25.57506145578941,94.39320279035007,0,1566.44,1127.0,39.04633712768555
25.57777669305034,93.67941567227436,0,1306.28,656.0,21.15522003173828
25.261929912347977,90.83672019871722,0,3693.54,759.0,9.283939361572266
27.70074502234685,93.8303323832043,0,2592.49,1523.0,14.70529842376709
28.081614733391454,94.91858576908098,0,2724.38,1089.0,33.76665496826172
26.742145367177063,90.41438561779,0,1708.67,131.0,0.9307205080986023
28.83340480309753,96.10760872466597,0,1891.54,3911.0,31.731233596801758
26.064092341324468,92.70307165713253,0,1218.05,67.0,3.0890207290649414
28.787310018601293,95.448188984084,0,1248.72,2428.0,23.11309814453125
25.875880968558924,90.09043040963228,0,3693.54,32.0,3.4649271965026855
25.486334408862284,89.86914980516566,0,3693.54,24.0,1.3849163055419922
26.72488561926867,94.39476871606162,0,1747.44,109.0,1.8609546422958374
25.765255780868618,92.87821608154256,0,1218.05,101.0,3.5979015827178955
23.762468975864746,92.95401517935362,0,1381.49,856.0,34.30033874511719
26.19137899245115,95.11067661725022,0,1669.48,1875.0,31.558792114257812
28.665071933404366,96.07219909419398,0,1891.54,1753.0,22.227725982666016
24.8481100694473,93.1542948011158,0,1648.99,82.0,10.134462356567383
28.799111293364025,94.10020305870384,0,1158.49,3354.0,23.72000503540039
24.31565898265644,91.94138325795312,0,3648.26,53.0,1.8615658283233643
25.227171448211376,91.67343447178152,0,3717.5,720.0,23.355247497558594
26.38842852355096,92.64544439736989,0,1218.05,65.0,1.8610424995422363
26.566334275447733,91.41971523236712,0,1708.67,60.0,2.129096746444702
27.23084814222665,93.07822597499744,0,1941.04,1184.0,20.345752716064453
27.89407797745617,95.78754986109944,0,2817.65,137.0,1.0473618507385254
29.206899410661222,96.34226399391795,0,1011.98,3445.0,49.64803695678711
27.123921044123907,94.39854275923504,0,2567.19,89.0,0.9306701421737671
28.117823249726975,92.90031899536147,0,1472.72,5025.0,19.862247467041016
25.896765874722533,89.98064074575647,0,3693.54,33.0,4.155974864959717
22.542075365595934,92.8066240184996,0,2496.59,638.0,7.409001350402832
28.2762536796646,93.3875480915541,0,912.05,3260.0,25.47696876525879
27.02055657666931,93.56181301104326,0,2204.32,492.0,48.58739471435547
28.321101520204078,96.53791413692332,0,1891.54,2641.0,11.449325561523438
27.54351699913012,95.74598240789038,0,2291.38,148.0,2.9782497882843018
27.066629427382235,93.94535508199988,0,2204.32,93.0,3.859633207321167
26.9247938903697,95.56047532566832,0,1916.88,1342.0,11.646546363830566
29.145094103909283,94.58757536263778,0,1158.49,3752.0,60.84383773803711
24.299787294976618,92.21015925593176,0,3648.26,53.0,3.1835832595825195
25.18301672851441,90.57013616933916,0,4780.93,82.0,26.283964157104492
26.72061389724433,91.56621228782384,0,1154.3,95.0,5.081478118896484
28.743213487575552,94.31061647131432,0,2030.02,2280.0,28.941699981689453
26.63693564261826,92.89351807516526,0,1941.04,64.0,8.265317916870117
28.07991561920924,92.73243054086124,0,1472.72,4913.0,18.222673416137695
26.394654935844,94.96634649686742,0,1819.61,1259.0,30.616331100463867
25.172002736487904,93.0644287560203,0,1648.99,440.0,25.695846557617188
25.89153980839878,93.73125510920671,0,1306.28,151.0,1.3874566555023193
26.933849659308784,94.6049816277616,0,1747.44,94.0,0.0
24.446517992235236,92.25105342567912,0,3648.26,37.0,5.498772144317627
28.09777705088168,97.01544905237662,0,1471.65,1616.0,41.747215270996094
27.42223023902317,94.89546939844764,0,2357.98,105.0,2.282984495162964
27.880787835052967,88.5787244225657,0,1707.7,4528.0,27.558244705200195
24.3211555690243,93.81715576593706,0,1381.49,947.0,36.839237213134766
25.555535989026275,91.45486574015332,0,3693.54,1755.0,11.734949111938477
28.786495570606117,96.39521215050576,0,1891.54,3499.0,57.90202331542969
27.728972189692488,93.7104391343032,0,2592.49,1096.0,5.662622451782227
26.92958869333535,94.93956629502834,0,1941.69,125.0,3.6242446899414062
27.09388292997138,95.7596727868487,0,1916.88,1033.0,17.401853561401367
23.734310949200424,93.01438657951788,0,1327.95,561.0,34.54960632324219
29.01375736055508,94.56548852206215,0,1158.49,3754.0,42.69218063354492
27.044677121164284,95.62446897733544,0,1916.88,1217.0,48.14614486694336
27.91270843752868,96.73155971891208,0,1471.65,2654.0,43.556007385253906
27.47818584927737,94.64502241619157,0,2567.19,98.0,1.397984266281128
27.9725765571401,96.03147525824122,0,2484.94,227.0,1.8606224060058594
24.393791462191366,94.180407310923,0,1381.49,715.0,4.645299911499023
25.304280428720748,92.85151212940777,0,3573.05,747.0,19.8521728515625
25.895712145908867,92.79012318733392,0,1218.05,80.0,2.1263818740844727
22.97970013335638,92.94350538851312,0,1506.81,395.0,29.804407119750977
22.582773780415515,92.8273029475299,0,2496.59,723.0,16.59111213684082
28.349265128793903,95.03779068361688,0,2270.17,241.0,11.076401710510254
26.12201105281293,91.34384570862234,0,1708.67,47.0,4.160269260406494
24.371632719823022,93.75934244417856,0,1381.49,1065.0,11.373449325561523
23.731654538254023,93.34442003835086,0,1327.95,999.0,28.308780670166016
28.84885201857698,94.96798936725284,0,1289.76,1927.0,42.186973571777344
26.79775918928977,92.3024487776278,0,1421.55,111.0,2.272496461868286
28.95857888858117,96.13290789965131,0,1011.98,2994.0,37.94716262817383
28.331280941983284,95.83053241180728,0,2348.99,2046.0,45.65364074707031
24.604444051802936,93.9193716552884,0,1648.99,777.0,3.052255153656006
27.565681070186223,88.7189641301813,0,1707.7,3916.0,12.979811668395996
28.823525198402315,94.84614321600044,0,1289.76,696.0,25.488140106201172
28.18994839736713,94.87300756527122,0,2270.17,499.0,25.387983322143555
26.693865368356946,94.991727633495,0,1819.61,609.0,7.71950101852417
24.9493846631268,94.0897464872825,0,1271.17,1200.0,24.87401580810547
24.026440239002028,93.10316513041906,0,1381.49,362.0,12.289888381958008
25.899194802955133,90.11752375624911,0,3693.54,34.0,3.6008450984954834
26.27807061347699,92.5533312356686,0,1218.05,60.0,0.9307810664176941
27.22259254504904,93.28906347138216,0,1941.04,1618.0,42.7882194519043
27.36688418181103,95.52401207264492,0,1916.88,141.0,2.1324870586395264
29.17347322407736,94.59763155467012,0,1158.49,4363.0,39.32415008544922
26.748980319213132,93.59763007870224,0,2204.32,78.0,1.0366604328155518
23.05031706841112,91.54020090641072,0,2396.11,24.0,3.1561403274536133
25.38645315036192,92.75406989627255,0,2535.22,937.0,7.4062886238098145
26.733051684718628,93.15132557769692,0,1941.04,81.0,1.392922282218933
23.74220304354093,92.0440003728852,0,2141.49,177.0,19.91708755493164
27.293102076278355,88.04850561261598,0,1690.33,3331.0,40.42399215698242
24.302341773645374,92.02246093065324,0,3648.26,30.0,3.4500091075897217
28.21420130897776,95.16829620956356,0,2724.38,1558.0,30.45076560974121
24.248890393846963,92.35190772747993,0,2141.49,93.0,6.271994590759277
25.38887111735411,91.3400508262695,0,3693.54,1499.0,6.350002288818359
27.41176435739455,93.32088244304056,0,1971.8,2774.0,24.803049087524414
25.480018454160724,92.83454486154297,0,2535.22,541.0,11.30390453338623
28.21736484950185,94.96790472684972,0,2724.38,1095.0,33.51424789428711
24.821212458376785,94.48944799371937,0,1566.44,1430.0,31.68382453918457
24.621986618849952,93.74803622433876,0,1648.99,845.0,0.0
27.971572707998185,93.33859683548803,0,1472.72,2621.0,15.132402420043945
22.632215405430237,92.93784960440463,0,1506.81,342.0,10.926112174987793
26.56398269969357,93.47022288688495,0,1649.52,367.0,20.35767364501953
27.6809963139619,94.847099428686,0,2357.98,122.0,8.317182540893555
26.937577226017208,95.22791468096528,0,1941.69,608.0,9.443565368652344
26.521891984263725,92.75212048537348,0,1941.04,67.0,3.101149320602417
29.20736615383497,95.74389045378084,0,1248.72,3955.0,19.499454498291016
27.852792798716838,93.31304455358084,0,1472.72,2223.0,47.9300422668457
27.592858728551203,95.60859686114529,0,1916.88,134.0,1.3987828493118286
26.091467110790976,90.77236285783948,0,3717.5,48.0,3.4670822620391846
24.68224238892303,92.9153300216976,0,2942.16,27.0,2.0371668338775635
27.57925016537029,92.84310879000633,0,1971.8,2140.0,39.233238220214844
25.722594465758736,91.07342666539084,0,3693.54,807.0,2.1256980895996094
26.066413624183717,94.72815256132688,0,1669.48,1341.0,32.19816589355469
26.545156259629557,93.2666998077117,0,1427.25,220.0,6.254039764404297
28.080702478473327,96.23549557097674,0,2484.94,2104.0,23.95094108581543
27.63121169833633,93.65038062829974,0,2592.49,1626.0,15.380152702331543
26.075842208238228,92.08043549690012,0,1218.05,429.0,0.9308071732521057
26.440962941271604,93.48045134074673,0,1649.52,379.0,23.35871124267578
27.42210323486768,92.78385892998956,0,1194.49,1275.0,31.216548919677734
26.539894854352703,92.6851342725533,0,1421.55,74.0,2.1289877891540527
28.01784659208119,92.73308800158108,0,1472.72,5821.0,46.44098663330078
23.98107742646549,93.15963927103554,0,1381.49,668.0,43.38499450683594
26.54133537758734,94.868733797147,0,1819.61,644.0,14.961597442626953
27.16903524734148,94.87286000667592,0,1941.69,102.0,2.9771666526794434
27.20829617360651,92.13175015505892,0,1154.3,3105.0,33.6642951965332
27.367781902652005,95.3328080386291,0,1916.88,125.0,1.860784649848938
23.650901403162266,93.30074784622845,0,1327.95,1722.0,46.62411880493164
25.560883627935084,91.39946163512658,0,3693.54,1667.0,14.555914878845215
27.635930712537625,94.77622935199469,0,2357.98,116.0,2.1336631774902344
25.700067278390243,90.12014804726988,0,3693.54,194.0,16.120132446289062
25.537266086230986,93.83190013699628,0,1306.28,1171.0,36.569583892822266
28.46349089335389,95.09662027264292,0,2270.17,431.0,14.539264678955078
27.82433281763405,96.26139605966816,0,2484.94,240.0,0.0
26.76059934972421,91.57357031351958,0,1154.3,114.0,2.2718825340270996
27.624782805656206,94.61366011707698,0,2567.19,154.0,16.59650421142578
27.64043535052463,88.61241567688187,0,1707.7,1888.0,23.869083404541016
26.9998220329049,95.26607813764689,0,1941.69,485.0,15.726481437683105
25.626224184891267,90.77702468816078,0,3693.54,365.0,17.476335525512695
24.94118464772159,92.9815081747376,0,1648.99,122.0,4.754899024963379
26.68976136489069,93.02431770019184,0,1941.04,70.0,0.9307273626327515
26.51792425168527,91.82410481444089,0,1708.67,66.0,2.0684852600097656
27.18380581931656,93.02171159409508,0,1941.04,1330.0,22.56000328063965
22.691172494878614,93.075803092285,0,1506.81,748.0,34.14707565307617
25.915307048731155,91.01789290647076,0,3717.5,59.0,2.25826358795166
26.54617517074133,92.36928204098406,0,1421.55,54.0,1.0348312854766846
25.916599932604445,92.27400632467284,0,1218.05,677.0,8.382607460021973
28.945511470900747,96.02839937972747,0,1011.98,3869.0,21.135211944580078
25.813213906391987,90.5316898435196,0,3693.54,154.0,11.606908798217773
26.51085281470125,92.51105907069258,0,1421.55,64.0,1.8610105514526367
27.091425070294253,93.72211012296034,0,2204.32,278.0,40.59995651245117
27.187400318558797,92.74814617761552,0,1421.55,407.0,15.103072166442871
29.045799736148854,94.30894981711614,0,1158.49,3876.0,32.3980712890625
26.01864873574436,94.91882818626092,0,1669.48,1194.0,24.743125915527344
26.44641677720834,93.26793270191423,0,1427.25,705.0,16.12000846862793
28.758995109096254,94.804208308583,0,1289.76,830.0,31.344491958618164
24.91879923233952,94.01773268099714,0,1271.17,1018.0,32.32619094848633
27.828265609319157,92.87017718885072,0,1472.72,2803.0,40.02816390991211
27.33459080900116,92.2803497787849,0,1194.49,1766.0,32.53096008300781
23.099199170804752,91.3944281453977,0,2396.11,23.0,5.65902853012085
29.18681383735184,94.51093741216378,0,1158.49,3827.0,43.264156341552734
26.60147434788383,94.01159137914112,0,1747.44,104.0,3.8587350845336914
26.479810008644804,94.83489860470976,0,1819.61,827.0,9.273721694946289
28.726492733722043,94.22637936386676,0,1158.49,3348.0,14.649591445922852
27.821717790512107,95.36992318354238,0,2724.38,119.0,3.71740984916687
27.39708190968241,88.6350240058462,0,1707.7,1861.0,38.72821807861328
24.730617044902964,92.7131732785174,0,2942.16,24.0,4.175164699554443
26.162312353680427,94.1133152577391,0,1566.44,298.0,11.43690299987793
26.78049689717496,91.41293912153448,0,1154.3,147.0,1.0369478464126587
27.271122013845947,95.34387133266544,0,1916.88,126.0,2.0822348594665527
27.779418301318923,95.88148436565538,0,2174.9,144.0,4.279752731323242
25.29746683023782,91.97911285122716,0,3717.5,1060.0,5.6605424880981445
26.19990043158999,91.9858382953482,0,1708.67,51.0,2.2627813816070557
25.4792810179328,92.5544432251134,0,2535.22,761.0,9.283867835998535
26.13733447864054,94.04479795455222,0,1306.28,488.0,11.968161582946777
28.54133723549647,93.96443038267806,0,1535.18,3382.0,10.337254524230957
26.77361892717392,92.3413394423252,0,1421.55,105.0,2.976050853729248
25.40045149695097,92.29216470141677,0,2535.22,1317.0,3.209381580352783
25.872962995558343,90.65037251603938,0,3693.54,118.0,22.184329986572266
27.31567746891497,88.74436601406606,0,1707.7,3051.0,35.97486877441406
28.25090351223891,93.3355532578101,0,912.05,2922.0,14.445165634155273
25.328489368850303,92.61625334822368,0,2535.22,1082.0,12.308719635009766
25.94102164465843,92.75668016651944,0,1218.05,71.0,2.7739148139953613
26.245662992789573,92.8329574548161,0,1218.05,222.0,14.135120391845703
27.23311351845087,88.18832727880297,0,2181.41,2017.0,15.721136093139648
26.23679275720588,93.35139048949132,0,1427.25,888.0,14.592954635620117
24.06271247393993,93.85881326703527,0,1381.49,1327.0,26.27419662475586
27.784545973191445,92.76054920241862,0,1472.72,3209.0,29.186355590820312
28.546289443559104,94.03712435947224,0,1535.18,3381.0,30.4901123046875
26.51758650896676,90.3039757224582,0,3717.5,55.0,0.0
28.95901756877031,94.99381305821753,0,1289.76,933.0,23.168807983398438
26.585088953963027,93.0839440770793,0,1941.04,73.0,2.7822418212890625
26.467496400857147,92.51354904249504,0,1218.05,63.0,2.9752066135406494
25.208269610206823,94.15766101891118,0,1566.44,1936.0,8.921192169189453
25.346159597202348,94.35588905747096,0,1566.44,1135.0,24.796472549438477
28.32056744055374,94.2884070301534,0,2030.02,2029.0,20.643945693969727
25.08279708578968,93.389103987016,0,1648.99,350.0,31.26532745361328
26.55548466405969,94.7929446243472,0,1819.61,1045.0,39.09339141845703
28.08360564384304,94.02307588640645,0,2320.86,1711.0,16.160465240478516
26.430578880066903,91.29739055741456,0,1708.67,51.0,2.7802164554595947
27.662797652894756,88.18411520033531,0,1690.33,5291.0,37.85292053222656
28.193026733583363,94.66358990523622,0,2724.38,1067.0,28.851917266845703
26.555377281152627,92.2156420130306,0,1421.55,67.0,2.7902727127075195
26.681410918287497,92.43262696139972,0,1421.55,78.0,3.8588874340057373
25.191474320239557,94.32948283302376,0,1566.44,1567.0,23.399646759033203
23.708097280140795,92.05526275290366,0,2141.49,297.0,12.262275695800781
27.325952612109337,95.3990847139864,0,1916.88,120.0,2.0832552909851074
24.61678913176579,92.44177434419385,0,2942.16,20.0,0.0
25.44161222480396,93.74846657072294,0,1271.17,1280.0,7.406233787536621
27.234666838797683,93.17910806359146,0,1941.04,1389.0,39.24822235107422
26.07661199665785,91.8338406654551,0,1708.67,289.0,17.06270980834961
25.01308737852301,92.83228809274208,0,3573.05,615.0,28.03006935119629
25.11059008017653,92.62012051625403,0,3573.05,810.0,35.638267517089844
26.88946471358926,92.52380461957064,0,1421.55,131.0,2.1304450035095215
25.906846520632065,91.01321547858038,0,3717.5,61.0,2.1264259815216064
27.73168804708749,95.33846879967987,0,2724.38,121.0,3.643388509750366
24.853497029760508,92.85521417739628,0,1648.99,28.0,4.933621883392334
25.17316099441051,91.73298917667616,0,4943.24,107.0,15.472672462463379
25.44049083197669,93.42584339228895,0,1271.17,432.0,11.69324779510498
26.91968928210122,93.26475499608568,0,1941.04,133.0,3.1119272708892822
27.857089085749838,95.9050363288557,0,2484.94,144.0,4.181055545806885
25.461213460905224,94.1450971754024,0,1566.44,1448.0,13.599040985107422
24.74929116145627,94.02799402505696,0,1648.99,953.0,11.078932762145996
26.288476210233235,93.79572062921656,0,1649.52,161.0,10.575654983520508
26.274400188145684,91.83436515457775,0,1708.67,53.0,1.3899106979370117
23.9324306035826,92.04898023592304,0,2141.49,108.0,10.846599578857422
27.608594362253907,96.3140962153477,0,2174.9,522.0,15.399550437927246
27.9617669143154,93.06290244532455,0,1472.72,1758.0,49.03068161010742
27.417316363863687,88.60873178794334,0,1707.7,1472.0,26.514659881591797
23.444434136414763,93.06058143858262,0,1327.95,1032.0,6.103687286376953
23.32670126031527,93.0644567245578,0,1327.95,1316.0,41.81611251831055
27.40870512906063,95.14119690100776,0,2724.38,114.0,3.260565996170044
28.140449809517506,94.50835895271688,0,2681.74,1561.0,20.06031608581543
24.98041347757349,94.04149358582444,0,1271.17,834.0,3.5810775756835938
27.356294305264964,92.4321772789254,0,1194.49,2036.0,27.04266357421875
27.54958662270534,95.73506856904083,0,2291.38,147.0,1.3984825611114502
23.981817813773677,92.48504618032004,0,2141.49,897.0,26.082653045654297
29.16071930356269,94.7443674784374,0,1289.76,3647.0,34.71921157836914
28.63403708774497,94.50533272589364,0,2030.02,3305.0,61.7421989440918
27.770026337129387,92.25217638038336,0,1194.49,5259.0,31.220497131347656
27.28295432863421,95.91207563707044,0,2291.38,362.0,18.846355438232422
26.6712511269834,92.77014051506256,0,1941.04,74.0,2.975767135620117
29.094843065527307,95.64270036414553,0,1248.72,3541.0,28.779001235961914
27.237817894496203,92.37026185362406,0,1421.55,1962.0,32.23597717285156
26.933173530163074,94.9124768192919,0,1941.69,248.0,0.0
27.27033290773149,95.7259128910828,0,1916.88,407.0,7.235581398010254
25.285398823156548,91.90395811276716,0,3717.5,1146.0,18.609848022460938
27.61677948709935,93.49624550797478,0,2592.49,2497.0,24.582170486450195
28.745553693800165,94.11498950521974,0,2030.02,3720.0,35.18242263793945
29.00131215926197,95.84231925505712,0,1248.72,2482.0,42.23063278198242
28.46731374543375,96.18824485336108,0,1891.54,2291.0,30.23496437072754
24.816509959616788,93.68923770164112,0,1648.99,588.0,41.22427749633789
25.46554266183256,91.1148925921704,0,3693.54,935.0,15.475536346435547
28.822433890639903,94.42010605822676,0,2030.02,3618.0,10.4884614944458
23.750025178460746,91.6828866796852,0,2396.11,72.0,4.117736339569092
25.969273058362607,93.13550875247388,0,1427.25,131.0,4.247503280639648
26.640854551482963,91.57536722816332,0,1154.3,74.0,4.5327277183532715
22.58783882409791,92.76211419521424,0,2496.59,352.0,16.257978439331055
28.092070122492977,94.81143423314742,0,2724.38,318.0,0.9305403232574463
23.30915490434357,91.48438622637052,0,2396.11,29.0,2.116903066635132
27.40861772874068,92.38919217691344,0,1194.49,2183.0,25.648229598999023
25.206563925357774,92.65611198147836,0,3573.05,1167.0,17.843420028686523
25.75153806146287,91.8700032502891,0,1708.67,753.0,6.801015377044678
28.57305049752729,96.2429946025262,0,1891.54,4223.0,28.257291793823242
26.927147728238623,93.90798862095774,0,2204.32,83.0,0.9306961894035339
28.705845911120583,94.91255579728328,0,2270.17,1505.0,38.58018493652344
25.195655381920552,91.0336557881937,0,4780.93,133.0,23.215614318847656
27.46474151552712,94.30021755663428,0,2567.19,107.0,4.187038421630859
27.834465834473963,95.6325258509425,0,2724.38,128.0,3.137573480606079
25.25887662277952,94.38012721275712,0,1566.44,1797.0,9.181471824645996
28.919031046048502,94.53406826650976,0,1158.49,2214.0,39.72995376586914
28.815492315647045,96.31946499067006,0,1891.54,2165.0,30.16097640991211
24.432051275899536,94.16965016114688,0,1381.49,1099.0,35.254539489746094
27.581619483586277,88.613953188666,0,1707.7,3595.0,35.01560592651367
26.178404682539075,93.39272643315364,0,1427.25,549.0,5.571860313415527
27.649829240484976,95.22296547099592,0,2724.38,115.0,6.486913204193115
25.33132229951944,94.27496008428557,0,1566.44,1726.0,8.027063369750977
27.3927798493763,93.37033209121786,0,1971.8,2850.0,15.721611022949219
27.881334531325034,93.16890159330656,0,1472.72,2275.0,10.335428237915039
28.35393196469537,95.8336685549328,0,2348.99,2601.0,32.81304168701172
27.77668079393964,94.89784395282165,0,2724.38,488.0,17.34018898010254
26.36580139835314,89.839286853024,0,2542.03,43.0,0.930769681930542
24.650604309210625,93.55259624105648,0,1648.99,822.0,16.918556213378906
25.43903382126728,94.28201695491396,0,1566.44,2435.0,4.1474223136901855
27.894209013049693,93.1519720111714,0,1472.72,2054.0,18.955394744873047
25.82396348623121,94.16603159001102,0,1566.44,1097.0,19.322294235229492
27.848974919754824,93.91134658315184,0,2320.86,1339.0,27.800071716308594
27.009012760704916,94.42762708437984,0,1747.44,84.0,2.276003122329712
27.30279592940184,88.41172997588441,0,1690.33,1596.0,8.477884292602539
25.41941453329311,91.51874090842296,0,3693.54,1559.0,18.85474395751953
26.88429063679991,91.94668359521845,0,1154.3,370.0,4.643723964691162
27.43744042876472,92.7337704073974,0,1194.49,1856.0,23.226707458496094
24.114413776458893,92.5143462515643,0,2141.49,503.0,24.0275821685791
23.55564283473473,92.41451078809251,0,2148.54,453.0,25.915042877197266
27.90825243810826,96.7913133484968,0,1471.65,957.0,13.729969024658203
25.19963544917058,91.44713353060143,0,4780.93,116.0,16.227130889892578
26.04681200556572,91.6249446171376,0,1708.67,340.0,7.179940700531006
25.478844526034568,93.74381468815108,0,1271.17,1034.0,24.455625534057617
27.716894618188743,95.61384976736556,0,2724.38,128.0,1.0456641912460327
27.80908176632707,95.0600626103146,0,2724.38,217.0,14.167724609375
28.922042960812057,95.28284419813232,0,1289.76,3831.0,9.476740837097168
27.30378801009359,94.0816880957449,0,2592.49,105.0,4.262311935424805
26.839589256087127,94.21374551922182,0,1747.44,83.0,1.3936339616775513
22.04364939440412,92.92892039295155,0,1506.81,85.0,14.765291213989258
27.461260564995687,94.91410980193028,0,2357.98,109.0,1.3978687524795532
25.374402369492547,90.1547449431305,0,3693.54,93.0,16.599895477294922
28.25697552162926,96.31731816241202,0,1891.54,2930.0,30.838722229003906
26.601666917238084,91.26146306044753,0,1708.67,54.0,4.134581089019775
28.775784295614034,96.17493302192632,0,1891.54,3295.0,22.793514251708984
29.204350522631444,94.68428547225558,0,1289.76,3084.0,22.97026824951172
27.128542374219112,93.60846309054158,0,2204.32,974.0,16.328859329223633
24.768995774459977,93.60659171614012,0,1648.99,495.0,17.813119888305664
27.55935429377956,96.83689996070164,0,1689.08,2210.0,29.395023345947266
26.51901581265752,91.48354163979226,0,1708.67,58.0,2.1289007663726807
27.81791254453283,92.24927283328944,0,1194.49,5086.0,10.92599105834961
25.27128829797531,91.12537636217398,0,3693.54,567.0,2.97206449508667
25.309726073599123,89.86446012977662,0,3693.54,26.0,1.3838274478912354
25.71524456027188,92.41098465862171,0,2535.22,870.0,6.413933277130127
23.77080953838824,91.54602611932562,0,2414.95,135.0,12.806568145751953
25.214947787934587,92.11416378820608,0,3573.05,316.0,38.56190490722656
23.92249187810227,93.30792929080144,0,1381.49,1281.0,16.305891036987305
26.292520404955845,93.70000555237186,0,1649.52,350.0,12.255565643310547
27.56668266632659,96.28444653653534,0,2174.9,597.0,18.847003936767578
25.434473980530274,93.04543872831638,0,1271.17,213.0,6.8961334228515625
26.830572811605396,92.77514173226774,0,1421.55,88.0,2.7854983806610107
24.75320609751701,94.36525503400674,0,1566.44,1210.0,26.786821365356445
27.75568507231127,93.89638272201692,0,2592.49,1280.0,48.31985855102539
26.01923706473991,93.14648019112228,0,1427.25,110.0,1.030168056488037
25.43383287854441,93.12325654815486,0,1271.17,218.0,15.56429672241211
28.744963710005973,96.50003291388666,0,1011.98,3265.0,22.95746612548828
27.02357584956125,92.87438167142784,0,1941.04,249.0,2.2762491703033447
24.443055231854327,92.29740242609384,0,3648.26,43.0,8.134649276733398
25.79571245371912,94.66799147692716,0,1566.44,1459.0,15.564313888549805
26.595347860888616,92.68389218919212,0,1421.55,59.0,2.9755570888519287
25.248784011938557,92.36379102022134,0,2535.22,827.0,15.089637756347656
28.33905998620204,96.30860510711672,0,1891.54,3606.0,12.965384483337402
25.64681490589961,92.75909367776,0,2535.22,283.0,14.884408950805664
28.99264005237535,94.42197975095382,0,1158.49,4180.0,19.315567016601562
26.788311165825125,95.31299908309008,0,1941.69,1020.0,8.269389152526855
27.65050837021268,95.04327190797012,0,2724.38,113.0,1.3991870880126953
25.76996330404881,94.10904814971887,0,1566.44,1226.0,25.986129760742188
25.406275750773517,94.4747210136346,0,1566.44,1253.0,27.42059326171875
26.98262309052,94.74631569721224,0,1941.69,96.0,5.262411594390869
28.91893054553404,94.95631315844692,0,1289.76,1744.0,12.034428596496582
26.062695501627537,91.15994514393616,0,3717.5,50.0,2.974116086959839
26.709975490946213,91.06635259350578,0,1708.67,61.0,0.0
24.99367016098097,93.6634099377123,0,1271.17,1309.0,19.892780303955078
23.59965217481394,91.5873896778156,0,2396.11,131.0,14.11469841003418
26.655809208946238,93.7057366804342,0,1649.52,86.0,1.3924096822738647
25.617335701740263,92.13735236106136,0,2535.22,961.0,11.151885986328125
27.323084857937587,94.96452011234246,0,2357.98,105.0,2.2812952995300293
26.087868128478814,90.7941601607059,0,3717.5,42.0,4.64423942565918
25.57587836695691,93.87773457538331,0,1306.28,1508.0,38.284114837646484
27.979209996698728,96.00183951530433,0,2484.94,218.0,6.848781585693359
24.82504978129204,92.59280528298125,0,3573.05,26.0,2.9709534645080566
25.75238900962562,90.35351552789793,0,3693.54,366.0,13.128863334655762
27.75391197452437,96.99194764495032,0,1471.65,2844.0,35.217716217041016
27.647799851753916,95.88529868420756,0,2174.9,147.0,1.399167537689209
25.930370813053717,91.78613261813383,0,1708.67,294.0,3.0855281352996826
25.73568148183989,90.07603927184772,0,3693.54,169.0,12.957429885864258
27.962237527381923,94.42761349653404,0,2681.74,510.0,23.698352813720703
24.63972166576881,92.40678931227598,0,3573.05,21.0,2.9705018997192383
27.279971529587748,93.16955495822435,0,1971.8,1564.0,25.067306518554688
25.831354661337443,94.41020906964904,0,1566.44,1472.0,16.541400909423828
27.20208329281923,95.73947920021762,0,1916.88,668.0,36.249427795410156
28.00865289077148,97.10384558769525,0,1471.65,3579.0,50.3218879699707
27.266407319431963,88.7367519336463,0,1707.7,2420.0,44.368080139160156
27.92739468475581,96.71148913766534,0,1471.65,1830.0,33.35898971557617
27.970178990201635,97.23800343069202,0,1471.65,4221.0,33.772220611572266
25.718992367468807,90.09974991325404,0,3693.54,204.0,9.615169525146484
28.42118294374777,95.98517309982032,0,1891.54,1981.0,35.147518157958984
24.036812443099837,92.28485928867832,0,2141.49,339.0,22.00998878479004
24.428262598216435,92.7343444780016,0,2942.16,159.0,12.8597412109375
26.92573011750549,93.50798858423188,0,2204.32,109.0,3.717885732650757
27.85350026500451,96.31452587601515,0,2484.94,281.0,1.8606544733047485
24.495418564148807,93.85611249119673,0,1381.49,771.0,3.1880595684051514
28.306281126214053,94.59247403753936,0,2030.02,1445.0,28.606029510498047
27.8675836212048,93.58832749147422,0,2320.86,1519.0,42.62471008300781
26.24860287072372,95.01333776070292,0,1669.48,2107.0,36.912269592285156
28.129193562411448,95.57109199547644,0,2817.65,230.0,1.0496371984481812
23.39741558626041,92.45954123083014,0,2148.54,298.0,43.351871490478516
27.812982144721204,93.587985058584,0,2320.86,861.0,21.472543716430664
28.657814743064478,94.5147617963855,0,2030.02,1969.0,61.1865348815918
28.029838562667877,88.50578500674985,0,1707.7,5442.0,27.102008819580078
22.58951270974582,92.63903814120746,0,2496.59,95.0,4.09898567199707
26.605915618006755,94.3506040767672,0,1747.44,169.0,10.082751274108887
28.193935527012123,94.63704148134242,0,2724.38,427.0,27.101261138916016
28.507341244087517,94.08598635439432,0,2030.02,3209.0,31.050342559814453
26.685197540591197,95.2707624286966,0,1819.61,1525.0,25.799644470214844
27.84879527482287,91.60940019744568,0,853.16,4695.0,34.7844352722168
26.300297997428917,90.60481769973896,0,3717.5,47.0,5.472414016723633
28.770341121228054,96.382656475711,0,1891.54,3721.0,29.005329132080078
24.450931945162356,93.89170001461146,0,1381.49,762.0,4.46542501449585
27.327388673132287,95.85393485880644,0,2291.38,150.0,1.3969440460205078
25.429195546760035,90.9115955216316,0,3693.54,411.0,12.252352714538574
26.03928689241571,92.68059891094636,0,1218.05,65.0,3.2250688076019287
26.304833943493357,94.0474177927205,0,1566.44,125.0,4.756551265716553
25.644238551000047,91.37112304706795,0,3693.54,1709.0,10.572224617004395
27.80891207672073,95.71512487669511,0,2817.65,124.0,2.798931837081909
23.830996130233338,92.82657072466496,0,2141.49,354.0,19.802907943725586
26.200681998194995,92.37454442839896,0,1218.05,64.0,2.9744839668273926
25.64879607624928,94.4962654146166,0,1566.44,1769.0,19.946130752563477
25.66491093803514,94.9144905428896,0,1669.48,2332.0,20.648653030395508
27.29859960954396,92.69181710786616,0,1194.49,1232.0,17.26401710510254
28.75995296477736,94.79207957341588,0,1289.76,896.0,27.602758407592773
25.724380888144697,93.4495726307538,0,1271.17,248.0,12.815020561218262
25.581747325318,93.03649777533612,0,1271.17,159.0,8.156478881835938
23.815108705885528,92.71823218061108,0,2141.49,753.0,43.43749237060547
27.25604033132678,94.43185615412968,0,2567.19,90.0,2.2801601886749268
27.325701684111788,94.04688934700953,0,2592.49,129.0,2.789968252182007
28.119322750804088,96.14523552609222,0,2484.94,1289.0,42.40906524658203
26.864469366832587,94.20436775747928,0,1747.44,84.0,3.622722864151001
23.484664995407453,91.67440287705485,0,2396.11,51.0,4.031692028045654
27.085739990688907,94.8135763902832,0,1941.69,98.0,2.976929187774658
27.37606946550229,95.09187639676745,0,2724.38,114.0,6.935527324676514
26.58184750726936,89.94656755930714,0,2542.03,66.0,0.9307414889335632
26.20890311197804,94.61272765103264,0,1566.44,1766.0,34.538917541503906
22.979126326695816,92.7522889638508,0,2496.59,533.0,18.768360137939453
28.309012566938183,93.9241268641325,0,1535.18,1455.0,34.375328063964844
25.46602817049089,91.2253469323034,0,3693.54,1222.0,12.853754043579102
26.808685240566103,92.03587250470892,0,1154.3,146.0,5.082071304321289
27.73230492326572,92.75495500160396,0,1472.72,2894.0,23.290067672729492
27.593753562835357,95.44514333535516,0,2724.38,126.0,2.0882949829101562
27.898983402257013,88.32857171905871,0,1690.33,5192.0,18.79703140258789
26.53200831338292,94.20095945036094,0,1747.44,107.0,2.2681374549865723
24.5255575904356,93.59221147098803,0,1381.49,1258.0,30.045352935791016
24.11087071591499,92.33509637493736,0,2141.49,81.0,6.133906841278076
24.842517921071483,92.70868129190352,0,3573.05,21.0,3.058056592941284
24.815528260321397,93.0638424917389,0,1648.99,76.0,20.5709228515625
25.44009897275261,91.40784668742737,0,3693.54,1541.0,25.72849464416504
28.308791822926928,93.2289169543329,0,912.05,4255.0,28.906064987182617
26.737215056815693,90.27452938350288,0,2542.03,162.0,1.0365546941757202
26.66792309274571,91.56130035020055,0,1154.3,77.0,2.7902283668518066
26.595640370486144,90.88051999286046,0,1708.67,52.0,2.1292173862457275
26.15979425283718,94.39555524279682,0,1566.44,696.0,31.30794334411621
27.348698220495116,92.9095806983188,0,1971.8,1256.0,40.48415756225586
25.38044916862155,94.01387079783991,0,1306.28,1290.0,22.272682189941406
27.8426558942553,95.54140708058,0,2724.38,134.0,1.0468679666519165
27.85727272117691,88.63187442821908,0,1707.7,5283.0,30.861717224121094
28.742013547558823,94.94679021027348,0,2270.17,540.0,35.600589752197266
25.365620845993814,90.27012776814904,0,3693.54,111.0,10.94057846069336
22.34711409613191,92.90825696968432,0,1506.81,881.0,37.787078857421875
26.03801596301197,94.69226472020416,0,1669.48,1614.0,21.122310638427734
27.771198744824737,96.64254295084744,0,1471.65,2821.0,32.148868560791016
23.994228046928093,93.08101032397902,0,1381.49,328.0,33.7568244934082
23.230126128294327,93.08580000771876,0,1506.81,854.0,22.773103713989258
27.69735554298012,92.0258923550175,0,853.16,3538.0,36.52198791503906
27.499431137063148,88.3333138414279,0,1690.33,3060.0,35.81032943725586
22.9228217302273,92.77279766586778,0,2496.59,909.0,8.452584266662598
25.68048280087275,92.7285272754626,0,1218.05,470.0,4.245233058929443
23.344488533731383,91.45087068496582,0,2396.11,67.0,3.853207588195801
26.189668174084243,91.13849715930156,0,1708.67,39.0,10.132646560668945
25.57325811159341,94.79283225650364,0,1669.48,1295.0,19.27574348449707
22.99392489117174,92.9381766154423,0,1506.81,595.0,18.14441680908203
26.696746790185955,93.04339678650032,0,1941.04,71.0,1.3926804065704346
25.43030397404137,91.03672427116231,0,3693.54,602.0,9.194067001342773
27.541985888150265,88.30169399257393,0,1690.33,4339.0,31.250581741333008
27.73775534644942,94.15853209497185,0,2567.19,1781.0,30.84161376953125
25.33639912265016,91.74701517520243,0,3717.5,1317.0,34.975242614746094
26.743950505453032,93.6231837996851,0,2204.32,77.0,1.0366151332855225
27.749475511750024,94.7027423329805,0,2357.98,581.0,31.322751998901367
27.43674520272621,96.20698794863468,0,2174.9,411.0,16.016613006591797
28.182390243817924,95.5532748558756,0,2817.65,281.0,4.642860412597656
26.329026750825545,92.67736463518816,0,1218.05,68.0,4.522643566131592
27.37215207266625,95.1581985862272,0,2724.38,111.0,0.9306371212005615
26.76826469216752,92.78955183824851,0,1421.55,77.0,2.129936456680298
25.601575172130875,93.4056061965602,0,1271.17,273.0,8.499552726745605
27.859909785633977,95.5342331990668,0,2724.38,129.0,2.29054856300354
26.316788281862596,89.9066996468171,0,2542.03,47.0,4.124448299407959
28.70350404810375,94.9433214224357,0,2270.17,1651.0,43.928062438964844
27.208436406678626,94.85542273881735,0,1941.69,97.0,2.2793524265289307
27.4753862858031,88.36841648633433,0,1690.33,2917.0,36.4962158203125
28.573200407574568,96.18947993511382,0,1891.54,3906.0,29.85704803466797
25.77659309052599,92.1905503308444,0,3717.5,963.0,2.256089448928833
25.33522305789201,91.92414160291148,0,3717.5,916.0,38.11898422241211
27.854257863374603,96.41791276088811,0,2484.94,2005.0,33.9215202331543
27.731995619570487,95.38596103910837,0,2724.38,121.0,7.605517387390137
25.71009320963269,94.77273429827429,0,1669.48,1312.0,31.928865432739258
27.32815727766369,93.35787480252522,0,1971.8,2110.0,28.92515754699707
24.52863180494837,92.77201142088734,0,2942.16,104.0,17.31561851501465
24.723851187173608,92.79195571993264,0,2942.16,29.0,6.164565563201904
25.135970715850043,93.0206639885606,0,1648.99,682.0,16.12781524658203
25.39602837743995,92.64354867652968,0,2535.22,761.0,3.4602291584014893
25.28648409775167,91.11098639609784,0,3693.54,584.0,5.10645866394043
27.79405721370533,92.27237291507586,0,1194.49,4902.0,35.69430160522461
28.61602113316366,94.68664235214624,0,2270.17,1167.0,29.831226348876953
26.333375241417524,92.82779405005552,0,1218.05,65.0,2.7789506912231445
26.64501613588688,91.6162301344317,0,1154.3,69.0,1.3923379182815552
23.77088286475049,93.29425085512273,0,1381.49,1015.0,25.566883087158203
26.54834439801599,94.71295321775196,0,1819.61,326.0,25.800968170166016
23.75455387718711,92.80685519099704,0,2148.54,176.0,23.09393310546875
23.770253843597608,91.82569738627392,0,2322.27,113.0,8.836601257324219
28.807883934354894,96.40689536640264,0,1011.98,3178.0,31.748069763183594
24.852776918453984,93.91007374369087,0,1648.99,868.0,22.525842666625977
28.635950410862087,95.58094939795228,0,2348.99,3559.0,16.56106185913086
23.978431671811887,93.14933868010657,0,1381.49,898.0,29.492788314819336
27.091444028918392,94.39225136576158,0,2567.19,92.0,1.3953304290771484
27.52910030233956,94.93135344067286,0,2357.98,106.0,5.01060152053833
24.14453428833602,93.68174708629591,0,1381.49,1157.0,27.019935607910156
27.61713795539274,92.5229770341912,0,1194.49,3369.0,30.505264282226562
25.11606578090727,93.71849656665636,0,1271.17,1501.0,33.0079345703125
27.607928264795916,96.32051828722524,0,2174.9,570.0,3.131112813949585
23.641438557329824,91.32287492704612,0,2414.95,35.0,2.0207371711730957
25.635992381637923,94.723887637083,0,1566.44,1619.0,35.5955810546875
25.822401364461868,95.02426370064369,0,1669.48,2345.0,17.526674270629883
28.737448638975515,95.8582845787429,0,2348.99,1157.0,30.744935989379883
27.635239134881456,93.37223835543888,0,1971.8,3073.0,36.225341796875
25.507804891519815,91.03771939567966,0,3693.54,758.0,21.694509506225586
27.16957226432593,94.8155052731423,0,1941.69,98.0,1.3958615064620972
27.23342579463842,93.12732948175407,0,1941.04,1165.0,25.756750106811523
26.45546067276871,94.46137449033968,0,1747.44,650.0,21.835670471191406
24.124649453346144,93.67063661792996,0,1381.49,1104.0,21.452362060546875
27.95140051938328,95.49563604924008,0,2724.38,134.0,1.4013125896453857
26.86530954140349,94.43694175087188,0,1747.44,94.0,3.24617338180542
26.38698622810407,91.8328779479194,0,1708.67,59.0,2.7796478271484375
23.6564695939168,91.84525708502208,0,2396.11,158.0,7.563539505004883
25.59616066670748,92.98462933960953,0,1271.17,282.0,10.571944236755371
29.121752835341635,94.4981272372094,0,1158.49,2585.0,40.640254974365234
25.57164848491993,90.82642584986463,0,3693.54,440.0,7.381150245666504
27.11544308516141,93.02300082803592,0,1941.04,1146.0,28.965059280395508
26.69516606040771,93.64064189765963,0,1649.52,78.0,1.3926712274551392
22.88689494834942,92.4935208575793,0,2496.59,270.0,3.437756061553955
25.99436780610639,94.515724565348,0,1566.44,1699.0,33.270782470703125
27.129631365561945,94.06795401983288,0,2592.49,86.0,0.930669367313385
26.457024279682155,90.41975163432387,0,3717.5,51.0,2.266918897628784
25.462125310140305,94.40722108547853,0,1566.44,976.0,17.875837326049805
26.60904251833167,91.17586347026722,0,1708.67,49.0,2.782560348510742
25.44540790316971,91.70149040602762,0,3717.5,1730.0,3.856626033782959
24.04400701911087,93.0627589561377,0,1381.49,897.0,48.86418151855469
25.24200954013525,92.64205187569829,0,3573.05,1163.0,20.683990478515625
26.95678494865716,95.1993454046705,0,1941.69,349.0,16.53162384033203
25.47741974750897,92.68704719148494,0,2535.22,604.0,4.199239730834961
25.245057027258,92.67737258327814,0,3573.05,1290.0,12.81583023071289
25.712947588632893,91.7093034699852,0,3717.5,789.0,8.216769218444824
25.368726320480945,93.03794403252272,0,1271.17,229.0,7.167884349822998
25.85334544209974,90.03357300354689,0,3693.54,50.0,8.44702434539795
24.321423256928128,94.0644661085398,0,1381.49,939.0,9.70353889465332
28.90377745558166,96.30600011132384,0,1011.98,3635.0,26.18254852294922
25.86567071733593,94.64491124103132,0,1566.44,1829.0,23.449657440185547
25.85480892671419,91.67660888480522,0,3717.5,486.0,7.6781792640686035
26.634239428555016,91.06275766782548,0,1708.67,60.0,1.3922662734985352
26.313263102410925,93.18859441712073,0,1427.25,396.0,22.766887664794922
22.400251027329222,92.6829152027066,0,2496.59,370.0,6.59791898727417
28.047203110996296,93.70288884967412,0,2320.86,930.0,26.25612449645996
26.453766379796157,92.56978912570608,0,1218.05,67.0,2.128633499145508
25.654956295489544,93.70221270830936,0,1306.28,338.0,3.5954935550689697
24.33513094620048,93.0791179887954,0,1625.06,377.0,24.139427185058594
28.950065110195293,95.31458132212003,0,1248.72,3912.0,17.01007080078125
24.93962363993251,92.68732940071612,0,3573.05,21.0,2.122699499130249
27.021737157224752,92.39178315807794,0,1421.55,788.0,30.396146774291992
24.873679608489,92.8021386583274,0,3573.05,22.0,3.855644702911377
28.412479451611446,95.29502932617476,0,2270.17,1427.0,27.709108352661133
23.759814107984308,91.72442739378114,0,2396.11,130.0,8.040396690368652
27.2968736783392,96.9590108744542,0,1689.08,1620.0,13.420024871826172
28.980703109341466,94.916715616277,0,1289.76,729.0,15.586082458496094
27.41341641419112,95.26280554040294,0,1916.88,118.0,3.4809176921844482
26.057938037112997,91.41055695639596,0,1708.67,54.0,2.790465831756592
26.62522259762732,94.132666571587,0,1747.44,89.0,1.392207384109497
25.21360080141512,91.37157564426695,0,4780.93,38.0,9.445810317993164
22.419630343464352,92.6484911429651,0,2496.59,91.0,2.208237409591675
27.668954210684184,96.89440131634495,0,1689.08,4027.0,21.03545379638672
25.94395786132668,93.66158152355962,0,1306.28,203.0,1.8611572980880737
28.369113317457,93.41047435553652,0,912.05,2676.0,32.88760757446289
26.671314883885383,90.55786752017202,0,1708.67,93.0,2.270416259765625
27.834463257137664,96.18279470528172,0,2484.94,216.0,2.1345443725585938
22.718167063279694,92.98386816004518,0,1506.81,1084.0,21.574634552001953
23.58295903200247,91.23385449502952,0,2414.95,67.0,1.3737528324127197
28.71875531380216,96.2207107369834,0,1891.54,2633.0,36.706565856933594
27.482951588934142,93.44346397230626,0,1971.8,2391.0,7.245643615722656
28.06658972462704,94.73242191691418,0,2724.38,580.0,23.06732940673828
28.094754306956304,97.20816981705016,0,1471.65,4128.0,24.657318115234375
25.994770483813525,92.10443441924934,0,1218.05,505.0,19.984373092651367
25.444634161625125,92.53534384866064,0,2535.22,834.0,4.9496541023254395
26.518156456104418,93.66571945259614,0,1649.52,358.0,5.0801262855529785
28.54978405728884,95.28062977155236,0,2270.17,2032.0,16.977516174316406
25.732970285304724,91.90713579109728,0,3717.5,830.0,6.900078296661377
23.410512099234506,92.90609145168584,0,1327.95,1011.0,7.485171318054199
28.75525040467803,94.49295483799688,0,2030.02,3743.0,24.213895797729492
27.196533200385804,93.85678747314483,0,2204.32,194.0,14.920546531677246
28.4861955572608,95.18873655522658,0,2270.17,770.0,35.11703109741211
27.67849197837448,93.39672403425932,0,1971.8,1928.0,30.930416107177734
27.52158058288397,92.5269973589375,0,1194.49,2058.0,18.23402214050293
24.85570716119264,92.98516995591515,0,1648.99,30.0,2.760557174682617
28.01389318906728,88.66898553814133,0,1707.7,5581.0,25.35205078125
27.651626478096325,88.4031815054845,0,1707.7,4248.0,41.837406158447266
25.15753351932371,93.36880631415605,0,1271.17,979.0,13.41084098815918
26.271527585429663,92.12226927921031,0,1218.05,53.0,2.7781479358673096
27.76796808949745,95.00773324665084,0,2724.38,129.0,2.7897911071777344
26.75806464812052,90.76943102397038,0,1708.67,270.0,2.9760074615478516
26.431215307145333,91.9139161614845,0,1708.67,63.0,2.780223846435547
27.16136409416588,92.4099144895102,0,1421.55,2212.0,14.951637268066406
25.76754921433782,94.51871751518983,0,1566.44,1674.0,28.681575775146484
25.71743714441413,92.7271989426042,0,1218.05,224.0,26.965551376342773
27.55935793745568,94.64009886430068,0,2567.19,108.0,2.9782960414886475
26.29907329602608,93.9228488001165,0,1566.44,114.0,0.9307783246040344
26.451354174670985,91.96802921664134,0,1708.67,65.0,5.9343671798706055
28.16172888238401,96.30676748057084,0,2484.94,2246.0,45.67708206176758
25.40280263664023,94.10390904853296,0,1566.44,1338.0,20.228322982788086
28.165891992001537,96.78479643102138,0,1471.65,3411.0,32.45671463012695
27.244976461832525,92.68964804412798,0,1421.55,1281.0,35.74092102050781
26.384720150096857,93.32104682862978,0,1427.25,570.0,14.951053619384766
25.42290878939061,91.14115070528575,0,3693.54,977.0,18.100242614746094
29.13364727612745,94.5588595810322,0,1158.49,3520.0,19.061229705810547
27.14036673851228,92.62966244819684,0,1421.55,457.0,23.03456687927246
26.48031493949857,94.11330310675966,0,1747.44,93.0,1.0342415571212769
26.698032939924754,90.21017320846092,0,2542.03,137.0,2.129642963409424
26.57715189932385,92.31393168907528,0,1421.55,69.0,0.930742084980011
23.993492803020818,91.48910649923276,0,2414.95,127.0,10.563094139099121
23.71405639728373,92.67840183274755,0,2148.54,404.0,11.600777626037598
26.965176935306364,94.02515198587336,0,2204.32,83.0,1.394477367401123
22.74100908497903,93.01086647845352,0,1506.81,751.0,21.477148056030273
29.117820079511127,95.52430640618964,0,1248.72,3479.0,10.568883895874023
23.050258966132294,92.59319571793591,0,2496.59,95.0,3.8527684211730957
26.992683563809955,95.34338998922586,0,1941.69,298.0,22.388261795043945
28.11409975603568,93.84471091464113,0,2320.86,1603.0,43.697330474853516
25.14260435765061,94.09713917056632,0,1306.28,938.0,17.241912841796875
27.72415763403305,95.77470972923167,0,2174.9,140.0,0.0
27.7758940250056,96.8161726844788,0,1471.65,2421.0,25.98971939086914
23.70828096107824,92.93923702443256,0,1327.95,854.0,19.243852615356445
26.59047959545489,92.1398562665552,0,1154.3,75.0,2.1291966438293457
25.77955359378259,93.38119065734824,0,1271.17,253.0,6.417060375213623
28.451468837127717,95.90894379504388,0,2348.99,2424.0,69.02751922607422
24.617711009890737,93.59013457375202,0,1648.99,1107.0,16.104259490966797
24.42130620903133,92.37571086937064,0,2942.16,74.0,4.754314422607422
28.07269894034128,95.25312244262386,0,2724.38,613.0,16.3272762298584
26.008939311330003,94.63493873598246,0,1566.44,1952.0,18.231430053710938
27.359700633295567,93.72403476577246,0,2592.49,1097.0,16.564847946166992
23.56443581943389,91.51169594456938,0,2396.11,63.0,5.75265645980835
28.23669649196584,93.049267978468,0,1472.72,3096.0,19.765535354614258
27.206234395198475,95.33541014697384,0,1916.88,121.0,0.9306592345237732
25.72520504836778,93.6997910376026,0,1306.28,328.0,17.15595054626465
26.543371706757128,93.58811252577712,0,1649.52,422.0,23.956998825073242
26.469002244543447,90.56366643143612,0,1708.67,65.0,2.2671127319335938
28.36212150796493,96.76343951514365,0,1044.44,3436.0,48.2608642578125
23.84704460924801,92.00377364432224,0,2322.27,116.0,5.133033752441406
26.14682024514426,92.06693463955315,0,1218.05,56.0,2.061906099319458
28.410326325543885,93.46680570383693,0,1535.18,2958.0,18.102794647216797
24.21420029538523,93.30627451589926,0,1381.49,1075.0,23.551799774169922
25.08581196337945,94.60081001816732,0,1566.44,1787.0,22.413898468017578
25.729469845154156,93.69760936167904,0,1306.28,418.0,12.296404838562012
29.08139637504797,95.493294533069,0,1248.72,3619.0,20.687362670898438
26.081651748873668,93.58177601176097,0,1649.52,840.0,19.874296188354492
22.26159958701545,92.84251766570505,0,2496.59,308.0,13.575029373168945
26.546075728912307,93.71573195567696,0,1649.52,134.0,19.67917251586914
29.22350553091325,96.12300429078589,0,1011.98,3626.0,39.436363220214844
27.044238226437347,94.10466899285916,0,2592.49,83.0,0.0
26.64580646981292,93.86345782528582,0,1649.52,89.0,2.7830443382263184
25.28087823207638,91.65101774225091,0,3717.5,927.0,35.850616455078125
22.914219399986653,92.9201634701922,0,1506.81,567.0,23.388090133666992
22.96830267897261,92.54993090225037,0,2496.59,486.0,9.695657730102539
26.523167987774105,93.498775091226,0,1649.52,412.0,31.242273330688477
24.13132328737971,93.64366811055484,0,1381.49,960.0,25.03116226196289
25.63102956142713,92.08042786759678,0,3717.5,1030.0,17.58490753173828
25.039201433420832,93.68314671421165,0,1271.17,1599.0,22.413793563842773
26.31555842467758,90.33807627484818,0,3717.5,191.0,8.988781929016113
27.520707641130468,88.16712043436216,0,1690.33,4157.0,23.115407943725586
27.806669455080304,93.542117952899,0,2320.86,976.0,18.93483543395996
28.83337839564741,96.55652316005772,0,1011.98,4554.0,24.52398109436035
25.585450759533156,93.26769230595951,0,1271.17,559.0,18.66582679748535
27.775990297669026,91.84106392805394,0,853.16,5014.0,7.6873674392700195
26.285181211119195,93.7249514709358,0,1649.52,414.0,11.205216407775879
24.503848076303367,94.35748213612644,0,1381.49,634.0,27.348678588867188
27.006247804139072,95.34285896166604,0,1941.69,220.0,5.083414077758789
27.36965310768081,92.67167214022405,0,1194.49,2624.0,29.358198165893555
23.624093531606967,91.21433072627086,0,2414.95,27.0,4.035933494567871
25.677219926334928,91.81587669825528,0,3717.5,892.0,5.528282642364502
25.71772380018928,91.44381709537282,0,3717.5,675.0,22.514320373535156
25.505708387048788,92.12216197367336,0,2535.22,1345.0,12.394227027893066
27.181837270349927,93.66992292626246,0,2204.32,982.0,34.52030944824219
27.089935740461677,95.64698720226116,0,1916.88,952.0,18.64084243774414
26.81339671224753,93.8206503069688,0,2204.32,73.0,9.949986457824707
23.510978274784247,91.56348733765098,0,2396.11,32.0,2.7914133071899414
28.058608011890247,94.77431416222107,0,2724.38,866.0,6.241008281707764
25.996570910562912,94.87201963987812,0,1669.48,887.0,26.101318359375
28.29175617544182,97.1077510951686,0,1044.44,4156.0,24.621782302856445
24.787978026076235,93.83898686639093,0,1648.99,780.0,2.970863103866577
24.112371604744084,93.5621574512901,0,1381.49,721.0,16.418153762817383
26.05009527734502,92.49665611953128,0,1218.05,232.0,5.56776237487793
25.875400932324283,90.61573566969032,0,3693.54,60.0,3.220991373062134
24.33255250315372,92.78577709471983,0,2942.16,204.0,17.36544418334961
29.33093211590825,95.9882054980122,0,1248.72,4076.0,31.107881546020508
24.794126578917712,94.46719991538552,0,1566.44,789.0,25.084348678588867
25.8414446520526,92.10355649428509,0,1708.67,1115.0,21.808481216430664
25.335841181538385,92.44163820596616,0,2535.22,1010.0,8.853543281555176
25.9639132160264,91.16886521490568,0,3717.5,88.0,21.189069747924805
25.49563597588983,91.80781764911626,0,3717.5,1740.0,10.312499046325684
23.16890677721451,92.75890594937432,0,2496.59,666.0,28.175668716430664
27.623112980566752,92.40954782071552,0,1194.49,4465.0,13.6376371383667
23.71497042746666,91.43283870488033,0,2414.95,39.0,2.118290901184082
28.097070604790595,96.76750196846211,0,1471.65,3312.0,24.22673797607422
25.363149335870723,91.4682473951352,0,3693.54,1596.0,4.947407245635986
29.010614668018924,94.70790398005448,0,1289.76,3922.0,18.300260543823242
27.84101037438161,92.7138815750731,0,1472.72,3661.0,38.92390823364258
27.77789538940677,88.48649341289743,0,1707.7,3337.0,26.554067611694336
24.32339470210809,93.7628344253819,0,1381.49,1012.0,26.227710723876953
27.84158003489644,94.77653884464551,0,2724.38,438.0,16.874608993530273
26.488717263264324,94.4301867651733,0,1747.44,478.0,14.2404203414917
23.291167625667924,93.05313454797522,0,1506.81,1289.0,20.826265335083008
26.16192367865268,92.24287396320209,0,1218.05,60.0,2.9743804931640625
24.223001537849985,92.51196645369237,0,2141.49,62.0,5.774768352508545
24.228135087831664,93.79085162003288,0,1381.49,1133.0,32.08207321166992
26.34160319436815,95.1204745747958,0,1819.61,2004.0,39.901451110839844
23.63872873121309,93.00191443217936,0,1327.95,926.0,48.0540771484375
26.53617722631121,90.45963017177392,0,1708.67,66.0,1.8610039949417114
25.46505518444121,92.84306114524384,0,2535.22,476.0,22.784626007080078
25.300909676326157,90.65585050174452,0,3693.54,77.0,11.685420036315918
28.67559999360248,96.30638332502754,0,1891.54,2769.0,48.92258071899414
26.194619786842203,94.18258319698316,0,1566.44,539.0,23.62042999267578
26.676091127802803,90.96822974330058,0,1708.67,72.0,1.3925440311431885
25.720475032917268,90.1292494142133,0,3693.54,235.0,10.572672843933105
27.31597016364066,93.14300851300165,0,1971.8,1498.0,35.088985443115234
28.97314817618648,96.12523105808349,0,1011.98,3178.0,23.253692626953125
26.855384168944976,95.35578586849354,0,1941.69,434.0,31.76691436767578
26.58632298027201,92.6629707684922,0,1421.55,65.0,3.4721367359161377
27.372304547515427,94.47569592649836,0,2567.19,95.0,1.3972522020339966
23.63143483427458,93.23370515132572,0,1327.95,1142.0,2.224475383758545
26.353958585849277,93.89940433430591,0,1566.44,116.0,3.611006736755371
27.358420740041847,93.95153437306472,0,2592.49,319.0,16.325193405151367
27.602994153903516,95.66010616456936,0,2291.38,141.0,1.8607218265533447
26.94828215924534,95.66046567574124,0,1916.88,1394.0,11.599688529968262
29.06964203424392,94.55593429874187,0,1158.49,3740.0,37.99712371826172
25.58184518366473,94.69585013388831,0,1566.44,1705.0,30.39034080505371
25.75139929313511,93.87336245191976,0,1306.28,433.0,4.755859375
27.11257957466241,97.06807419462064,0,1689.08,2003.0,15.366355895996094
27.979155819585824,96.65860344894269,0,1471.65,1227.0,45.01518630981445
25.661558106063477,94.264672239085,0,1566.44,1374.0,29.49152374267578
25.18116894859024,92.27858361932854,0,3573.05,659.0,16.090299606323242
26.07549818278074,89.83840786489463,0,2542.03,29.0,0.0
24.954831996964547,93.99956735787192,0,1271.17,802.0,3.8557815551757812
27.11645258333266,93.88302490289408,0,2204.32,100.0,4.846169948577881
23.62704382950057,92.92526153101736,0,1327.95,808.0,27.147266387939453
26.38448298716945,91.73150396412206,0,1708.67,56.0,1.3906258344650269
23.482970124301104,92.7806457973902,0,2148.54,716.0,30.418289184570312
26.304382287297592,94.62266538753704,0,1747.44,879.0,27.16963005065918
27.6477550643115,96.17064115943644,0,2174.9,399.0,4.274880409240723
27.626613450106547,91.62704975740368,0,853.16,2287.0,40.73952102661133
23.5910991348288,93.04995704294524,0,1327.95,892.0,27.981143951416016
25.467425524238603,93.23498916536406,0,1271.17,250.0,6.401957035064697
26.105277973788784,93.40231425989847,0,1427.25,459.0,26.75294303894043
25.4949813302712,92.12905071042456,0,2535.22,1324.0,5.43993616104126
26.325208788647583,93.61456543723006,0,1649.52,545.0,23.967266082763672
24.598870327936755,93.95347595571025,0,1381.49,770.0,1.0182297229766846
26.5495648471974,90.98228659516568,0,1708.67,46.0,1.3917070627212524
27.873627611666286,96.58767927191826,0,1471.65,2272.0,33.41793441772461
25.45920675693915,89.93268404061915,0,3693.54,65.0,10.899707794189453
26.761192624464933,92.49409110624735,0,1421.55,92.0,1.3931090831756592
26.35017249218885,91.9414181281156,0,1708.67,56.0,3.469707489013672
25.87930950556117,94.2155906585535,0,1566.44,1301.0,28.49138832092285
26.6507630500641,90.66316433071798,0,1708.67,104.0,5.247684001922607
23.710548157976888,91.89604319196424,0,2322.27,161.0,17.067846298217773
27.966895732274285,92.82850190337908,0,1472.72,4540.0,4.264362812042236
26.834219137175925,92.1401822360095,0,1154.3,150.0,1.8609259128570557
27.130594612888828,93.66565824515332,0,2204.32,467.0,25.326902389526367
27.782900627539203,91.69156317406512,0,853.16,3978.0,40.65932846069336
28.946110985066834,94.62459669840862,0,1158.49,2623.0,28.43843650817871
27.081172948856917,94.44016033934138,0,1747.44,87.0,0.0
25.958010175383414,90.13959275341524,0,3693.54,29.0,2.126629114151001
27.2318704920875,93.28213380599108,0,1941.04,1340.0,17.59322738647461
24.394594264581528,93.82396496511213,0,1381.49,773.0,2.7551307678222656
23.57196724527252,92.31699818522372,0,2148.54,100.0,19.233367919921875
26.18582016354695,92.4496334702423,0,1218.05,62.0,1.8610949516296387
27.62892875863226,96.19096511449004,0,2174.9,439.0,13.458089828491211
27.386718765662977,94.56899940270088,0,2567.19,100.0,0.9306352138519287
26.340986682281635,91.84553380056693,0,1708.67,53.0,1.0330017805099487
28.05143795948106,94.63902434255984,0,2681.74,1147.0,29.447986602783203
24.007604865523856,91.42570336521014,0,2414.95,39.0,3.7193593978881836
27.263758223036568,88.83400997736952,0,1707.7,2380.0,53.90334701538086
23.359051646080356,92.691902592831,0,2148.54,330.0,20.360456466674805
26.4008113388284,93.94318060069318,0,1566.44,102.0,3.470224618911743
26.437800515820967,93.1517299931472,0,1427.25,628.0,10.080573081970215
28.32981832101259,93.69911965705568,0,1535.18,2336.0,24.07398223876953
28.0954370018324,92.72907220480508,0,1472.72,5140.0,36.013519287109375
27.946802699470386,95.70571626261057,0,2817.65,142.0,2.13504695892334
28.076457929473104,96.92227371846076,0,1471.65,3391.0,47.442203521728516
27.64002636799676,93.75707644787931,0,2592.49,1775.0,21.270904541015625
23.68055320007534,91.83393756257964,0,2396.11,179.0,6.490408420562744
26.920940858122783,92.70694543148343,0,1421.55,105.0,0.9306970238685608
26.368486797125875,93.1838464791163,0,1427.25,596.0,3.4698948860168457
26.760719984907777,90.85376433166746,0,1708.67,228.0,1.860945224761963
24.445189898792854,93.2311851284828,0,1625.06,323.0,30.51158905029297
24.488642974707744,92.29528567620116,0,3648.26,48.0,5.924396991729736
27.78613836961796,93.1462382776306,0,1472.72,2225.0,40.18588638305664
26.77130210976652,93.22168400042354,0,1941.04,81.0,1.3931775093078613
24.87796280921265,93.17890912606543,0,1648.99,66.0,6.797397136688232
23.58468613860496,92.8886468217062,0,1327.95,543.0,26.785755157470703
27.37321609184573,95.96056762122458,0,2291.38,195.0,3.717649459838867
27.46213998202997,92.98808457038008,0,1971.8,1628.0,30.795713424682617
27.449025401109285,96.0485037517144,0,2174.9,182.0,2.283440113067627
27.49338803679716,94.88234808932876,0,2357.98,103.0,8.317403793334961
26.53153834823256,92.55873081820324,0,1421.55,63.0,4.234899044036865
25.043494180569347,93.23796916772376,0,1648.99,329.0,19.541545867919922
24.65745317466133,92.54994482930825,0,2942.16,30.0,0.9309865236282349
28.023680866179163,93.1144740892622,0,1472.72,2462.0,11.761428833007812
25.85121199334148,94.56375060088288,0,1566.44,1306.0,19.779953002929688
24.213516180574565,92.67054865227368,0,2141.49,517.0,14.704153060913086
27.4099973740167,96.26790833866065,0,2174.9,718.0,5.893999099731445
27.577996252794662,94.22392446581291,0,2567.19,210.0,39.412109375
26.91462716108032,94.75536886641558,0,1941.69,100.0,2.7866251468658447
25.771920367542062,93.17993617790404,0,1271.17,124.0,6.416694641113281
27.30267260481942,88.82778871061517,0,1707.7,3817.0,29.512601852416992
28.974323503603237,96.44909556906732,0,1011.98,4293.0,37.06403732299805
29.11995892760015,94.84510552306614,0,1289.76,2873.0,34.29849624633789
27.166672232104336,94.92693286733704,0,1941.69,104.0,1.0404906272888184
24.698847816581974,94.2271250850529,0,1648.99,961.0,21.599210739135742
25.585636648042644,93.62775431953465,0,1271.17,464.0,9.446678161621094
28.36671368240616,93.6632518737369,0,1535.18,2149.0,30.301815032958984
27.90932823071408,88.43327368934,0,1707.7,4708.0,40.81671142578125
23.14417778199805,91.74955570692022,0,2396.11,125.0,7.921970844268799
22.239259739942028,93.10647111920356,0,1506.81,1200.0,35.70226287841797
25.625306424081536,94.79113073862888,0,1669.48,1204.0,24.876588821411133
28.28997604621185,96.57161423633409,0,1044.44,1277.0,36.91139221191406
28.11111563907741,94.66141554435264,0,2724.38,806.0,23.271503448486328
24.628938456975824,93.25835287606692,0,1625.06,337.0,23.16597557067871
23.88886970940293,93.33218764168076,0,1381.49,1201.0,49.69118881225586
24.06298787543557,92.15887308487908,0,2141.49,98.0,12.706911087036133
25.191202638027203,92.42868376808084,0,3573.05,155.0,2.247084379196167
26.157217912803144,89.76555997093661,0,2542.03,30.0,5.143581390380859
26.83924323765028,93.91623327176724,0,2204.32,81.0,4.2456817626953125
26.12714269128909,93.71308594345597,0,1306.28,191.0,1.3889604806900024
28.701843428847457,94.16698435116535,0,2030.02,3258.0,30.326135635375977
29.31522679431394,96.03784544603975,0,1011.98,4378.0,19.90679931640625
28.84727509632613,94.59602563579084,0,1158.49,2276.0,48.523197174072266
28.4703203609686,95.8077870505691,0,2348.99,886.0,5.9460368156433105
25.67379714088551,90.27103886462594,0,3693.54,471.0,16.2780704498291
27.33584509475641,96.89502333442152,0,1689.08,1232.0,18.297706604003906
22.01873335310613,92.61355257562704,0,2496.59,238.0,10.855819702148438
26.51012293564581,92.48604770316877,0,1421.55,60.0,2.128864288330078
26.12485088890493,94.2646601371067,0,1566.44,1060.0,22.901885986328125
28.125212551015174,94.63384216898102,0,2681.74,608.0,12.403538703918457
24.183740655868792,94.08885891067352,0,1381.49,1400.0,11.625020980834961
27.48759693622495,96.7307333231207,0,1689.08,1637.0,41.81364822387695
27.6070061338832,95.2784375776869,0,2724.38,117.0,1.3988819122314453
25.651997944315568,90.72305009760102,0,3693.54,361.0,3.2154924869537354
25.87431475554073,92.23404902604048,0,1218.05,659.0,8.319273948669434
24.448597743216588,93.11310964002423,0,1625.06,570.0,35.188148498535156
25.75994706435364,91.77434288780448,0,1708.67,631.0,23.44169807434082
28.809555673919377,94.06777777786311,0,1158.49,3472.0,25.488162994384766
29.383329105391837,95.92711894426378,0,1248.72,3964.0,29.0761661529541
25.41596105611141,93.13755644393665,0,1271.17,287.0,10.360382080078125
26.1086766033412,91.731701907828,0,1708.67,49.0,1.388840913772583
25.25858717046973,90.7822518179158,0,3693.54,171.0,10.896056175231934
27.80456927977898,95.892720869709,0,2484.94,142.0,2.289578914642334
24.6277472285941,92.94302517392116,0,2942.16,37.0,0.9309901595115662
25.674143150660772,91.81530512886336,0,3717.5,892.0,5.660834789276123
25.326465168552648,94.61669358871376,0,1566.44,2097.0,31.518718719482422
26.14844710185917,94.82890634868504,0,1669.48,1200.0,36.1424560546875
26.014438321533763,93.54035124765818,0,1427.25,374.0,6.908867359161377
25.09962102486944,94.60715584583517,0,1566.44,1664.0,32.07478332519531
25.06353128301776,94.56082625775792,0,1566.44,1841.0,26.045042037963867
25.18941432791379,93.60751101138452,0,1271.17,497.0,33.93989944458008
26.238826908894712,93.7013689110214,0,1649.52,498.0,15.514878273010254
26.937323365603675,92.91419754481733,0,1941.04,111.0,2.1306467056274414
25.005808357986453,94.47777077340078,0,1566.44,1336.0,29.766883850097656
25.62881353502045,91.68111191760585,0,3717.5,1557.0,14.535345077514648
24.176138513251377,92.3840066914166,0,2141.49,123.0,16.062034606933594
28.377618149650964,95.29601541763816,0,2270.17,1980.0,2.980757474899292
24.233922605457828,93.73584769051888,0,1381.49,1286.0,25.985734939575195
28.69673302901821,94.99597908973796,0,2270.17,618.0,14.391669273376465
22.791192845681508,92.83813061226348,0,2496.59,848.0,21.920936584472656
26.543286365988497,94.11020062021991,0,1747.44,92.0,3.471691370010376
22.819336563114742,92.79024585701116,0,2496.59,511.0,29.33708953857422
23.320652248278208,92.43766152231274,0,2148.54,483.0,25.624025344848633
27.17801335653138,93.6062447951148,0,2204.32,1324.0,33.90862274169922
27.906198325443,94.41170664475806,0,2681.74,708.0,42.718971252441406
26.231001610942037,92.99998133462267,0,1427.25,324.0,28.87635040283203
27.228630601070925,94.14662667975858,0,2592.49,86.0,2.2796950340270996
27.49020736448482,94.2010864331586,0,2567.19,160.0,2.086338758468628
23.571752756277583,93.13604215762116,0,1327.95,1090.0,31.958242416381836
26.867143000472733,94.52359726283098,0,1747.44,95.0,2.1303513050079346
25.25309612281374,94.53669777365862,0,1566.44,1193.0,20.126201629638672
28.93499429699748,94.89346823247288,0,1289.76,826.0,17.442293167114258
24.06603943374449,92.5497536376146,0,2141.49,156.0,31.62351417541504
28.62335959455521,94.7463901388688,0,2270.17,1869.0,17.234493255615234
22.618311117652187,92.61351168867922,0,2496.59,115.0,18.733469009399414
28.329302568216352,95.0289415941034,0,2270.17,240.0,9.122474670410156
26.96195083885273,93.8220587131986,0,2204.32,84.0,0.9306915998458862
28.41437974657477,93.27427487409253,0,912.05,2908.0,55.19944381713867
26.679514512393716,90.26462176889665,0,2542.03,131.0,1.8609665632247925
29.215896787665507,95.61939309733152,0,1248.72,3644.0,39.163333892822266
26.50991525799577,90.3025064249742,0,3717.5,55.0,1.0345076322555542
28.638784656785724,94.0438564104757,0,1535.18,2177.0,23.82095718383789
26.50395787838812,93.53235976448632,0,1649.52,634.0,13.481745719909668
27.24700791963185,92.08011266183394,0,1154.3,3448.0,33.436649322509766
24.827280777074638,94.1991189145396,0,1271.17,1210.0,29.068191528320312
25.379344820491276,90.26042585629224,0,3693.54,54.0,6.7223029136657715
27.540483954731425,94.44748881615718,0,2567.19,128.0,2.2850117683410645
25.52235553110556,93.90163040519688,0,1306.28,2094.0,24.573341369628906
28.78924374995797,94.06705054840718,0,1158.49,4142.0,25.079343795776367
27.98415639846724,93.32048546113684,0,1472.72,2958.0,22.583898544311523
26.207700010421156,91.53286306890918,0,1708.67,48.0,0.0
25.93839947590299,92.8872343597594,0,1218.05,73.0,4.214582443237305
23.16446865576628,92.90359467489046,0,1506.81,678.0,15.711009979248047
26.357150081139743,91.6211765554543,0,1708.67,47.0,2.1282379627227783
26.732012580667888,94.79878189128858,0,1819.61,455.0,35.83279037475586
26.37450609758948,92.02063813866302,0,1708.67,55.0,2.1283082962036133
24.801464420004425,92.33440456282302,0,3573.05,21.0,2.7909421920776367
28.376161050683955,95.42995248661894,0,2348.99,933.0,44.98335266113281
25.31170996226538,91.91276229874504,0,3717.5,1279.0,26.362550735473633
24.40397048143081,92.9529934221778,0,1625.06,215.0,13.980905532836914
26.632307129853647,90.30875943527415,0,1708.67,93.0,1.0356056690216064
25.809579475060463,92.62241484748245,0,1218.05,448.0,6.903392314910889
23.9757999475643,92.018600331602,0,2322.27,87.0,9.228577613830566
26.556780880743748,93.55054798858716,0,1649.52,145.0,23.469932556152344
28.01968992414971,97.058891802345,0,1471.65,3514.0,41.26664733886719
27.763633922427445,96.97095398079314,0,1471.65,2923.0,35.48548126220703
24.94932889226892,92.70816838968422,0,3573.05,49.0,5.926624298095703
24.19505756736615,92.78460950350149,0,2141.49,333.0,22.02126121520996
26.46970298857052,90.75212400548624,0,1708.67,46.0,0.930756151676178
26.256884638721885,94.77281541904406,0,1819.61,1587.0,26.474315643310547
27.21598922314977,92.57120969124772,0,1421.55,1755.0,38.31015396118164
25.88593822626433,92.59673924900363,0,1218.05,418.0,9.182635307312012
25.62521230530039,90.92236901330116,0,3693.54,727.0,14.704493522644043
26.76763016543662,95.3034657080126,0,1941.69,901.0,23.99652862548828
25.21172334443955,91.84775596714184,0,4943.24,742.0,18.765392303466797
24.13912695306337,93.84608194388016,0,1381.49,822.0,7.066590785980225
24.04332047750568,91.70989678944616,0,2322.27,84.0,7.582723617553711
25.89260440231112,93.42263537664246,0,1427.25,171.0,6.220282554626465
24.31939756392899,92.53077946407552,0,2942.16,39.0,2.754258632659912
27.46134076173669,88.55242808527234,0,1707.7,1534.0,26.369915008544922
29.083858131253933,94.8505509066038,0,1289.76,2733.0,33.74415588378906
22.831187452606525,92.93816990047522,0,1506.81,951.0,38.78831481933594
28.78851799301622,96.40041949006176,0,1891.54,3018.0,50.88799285888672
28.14492341625256,93.475805545014,0,2320.86,2353.0,20.17658233642578
27.17914261187669,93.76912018755117,0,2204.32,285.0,31.839670181274414
28.081122483406112,94.11810338798468,0,2681.74,1189.0,30.904024124145508
25.02324234239525,94.36491667071074,0,1566.44,1517.0,22.553070068359375
25.085162473280675,93.25229644975371,0,1648.99,1009.0,24.109771728515625
28.26167565579514,95.75375696942974,0,2348.99,706.0,29.75950050354004
27.37181050289482,95.7389233864588,0,2291.38,151.0,0.9306371808052063
22.90623049242477,92.6900230442421,0,2496.59,447.0,34.83106231689453
27.298120952624537,95.0494554234924,0,2357.98,109.0,2.791825294494629
27.46876491444213,92.59031092941756,0,1194.49,2636.0,23.59882354736328
26.684901643274884,92.06780174469267,0,1154.3,86.0,2.270639657974243
26.211671733746904,93.40109238749618,0,1427.25,673.0,19.436279296875
25.735889709397597,93.76518273907791,0,1306.28,398.0,22.184526443481445
26.8986653478969,92.322341043828,0,1421.55,188.0,3.8593053817749023
28.763068980967603,96.44883268298344,0,1011.98,3060.0,13.58723258972168
27.82967445810307,93.49859946838475,0,2320.86,867.0,37.430015563964844
27.602521711672203,96.64931966917344,0,1689.08,1876.0,26.11063575744629
25.45824086941318,94.31151524011524,0,1566.44,2334.0,33.71022033691406
28.07083661325944,96.06372191739504,0,2484.94,667.0,11.351851463317871
28.694138621445504,96.25883372059504,0,1891.54,3645.0,28.23402976989746
25.26660651970031,92.31471696660452,0,2535.22,1014.0,4.94476842880249
23.17788490956033,92.5977655275488,0,2496.59,684.0,17.869482040405273
25.053452020862053,92.65126952213215,0,3573.05,473.0,27.487287521362305
26.121077280492248,94.09299750087013,0,1566.44,283.0,8.643086433410645
25.836021801170656,93.32477662342804,0,1427.25,196.0,12.296891212463379
26.580148981363408,93.7173364086092,0,1649.52,102.0,4.133815288543701
24.261317103463107,92.70052781480553,0,2942.16,351.0,29.813810348510742
25.844103865363817,92.99370611889478,0,1218.05,114.0,4.246514797210693
25.36556653954646,93.65151324686904,0,1271.17,495.0,8.193743705749512
28.145390239714224,93.45077994498988,0,2320.86,1776.0,20.767934799194336
27.69526226799455,93.28049616508468,0,1971.8,1847.0,27.522541046142578
24.914987165318934,94.35945090502764,0,1566.44,1038.0,24.318315505981445
26.846651846804978,94.26622681132248,0,1747.44,87.0,2.2733051776885986
28.75240333199316,95.5078857526459,0,1248.72,2727.0,28.188987731933594
27.55419011980608,96.1702733762738,0,2174.9,496.0,28.709413528442383
29.273662579984432,96.2020530068784,0,1011.98,4260.0,43.40032958984375
26.622323420866724,91.4005831803572,0,1708.67,69.0,2.7827324867248535
27.8432270421538,94.25860110062492,0,2681.74,822.0,16.7713565826416
28.183621924992977,97.25703129387762,0,1471.65,4651.0,42.891075134277344
27.346986470916427,94.1927289118963,0,2567.19,96.0,2.7899599075317383
27.684502759552487,94.1434368383056,0,2567.19,748.0,29.2928524017334
27.504317606055697,93.74146878380272,0,2592.49,1108.0,17.79665184020996
24.889535295800524,94.13878872298385,0,1271.17,931.0,13.789521217346191
25.194941158105227,91.32640854509312,0,4780.93,113.0,20.465219497680664
25.718848676377444,94.94857715727936,0,1669.48,1605.0,28.491737365722656
27.54735399494357,95.6467693918418,0,1916.88,142.0,1.0440527200698853
25.390809242417564,92.11568880952044,0,2535.22,1350.0,16.821386337280273
27.6427975309902,93.1920864103566,0,1971.8,1922.0,21.861392974853516
25.853520679104,92.456193016701,0,1218.05,715.0,15.33463191986084
27.749552861297644,93.56106705511615,0,2592.49,1490.0,23.680679321289062
27.74887637423376,88.83929327330483,0,1707.7,5132.0,34.640071868896484
26.99754578898382,93.28820852587896,0,1941.04,535.0,24.661468505859375
23.60386432732622,92.61215513522907,0,2148.54,704.0,19.628387451171875
22.243214242112884,92.7751153034754,0,2496.59,218.0,10.980154037475586
28.081095041416614,96.5158764321339,0,2484.94,524.0,7.780461311340332
23.721104725851,92.75057397170322,0,2148.54,716.0,21.0280704498291
24.41335482106686,94.00036899980472,0,1381.49,958.0,21.619340896606445
28.076890838952995,96.06810964767108,0,2484.94,687.0,19.740570068359375
26.111911950731287,92.28032486623238,0,1218.05,64.0,2.127244710922241
25.223283990263692,94.2113030622375,0,1566.44,1077.0,17.098417282104492
27.088677477582795,94.96055633075396,0,1941.69,102.0,2.790062665939331
28.58401442627898,95.10094621407218,0,2270.17,1324.0,32.270851135253906
26.18514041500049,90.68001054261926,0,3717.5,31.0,0.0
25.640417679464598,91.81577715968908,0,3717.5,1026.0,5.930093288421631
28.545950301156847,95.418648483112,0,2348.99,3821.0,3.4936559200286865
28.69109765811959,95.04615956188871,0,2270.17,1441.0,53.865821838378906
24.712992205935134,93.22779270120787,0,1648.99,371.0,10.724687576293945
26.06089743504808,90.1207614439684,0,3693.54,28.0,0.9308091402053833
28.790310930244495,96.55264122591062,0,1011.98,4033.0,39.78123092651367
26.31030916458635,93.51418876655984,0,1649.52,656.0,8.564278602600098
24.502566406429587,93.1008290842957,0,1625.06,424.0,24.448566436767578
28.17618960927172,94.64520697507936,0,2724.38,586.0,21.635679244995117
23.121176903535385,92.41028593735555,0,2496.59,236.0,21.494218826293945
23.612512802410954,92.36704630468329,0,2148.54,202.0,19.506616592407227
23.224532089005447,93.20249423002726,0,1506.81,742.0,31.1185302734375
26.55879453221964,94.22661796573958,0,1747.44,116.0,2.0692169666290283
25.11023972384668,92.45630948307866,0,3573.05,610.0,12.854126930236816
28.8461798317358,95.27143395626598,0,1289.76,3154.0,39.5567512512207
27.936258254520517,95.99293213351788,0,2484.94,183.0,3.486696243286133
28.861267324850363,94.96519736751588,0,1289.76,2231.0,24.16988754272461
28.26244275769037,96.32402258911736,0,1891.54,2746.0,53.89143371582031
25.232136302871616,93.11256590722488,0,1648.99,523.0,16.814382553100586
28.727630779734568,96.07641238757196,0,1891.54,2567.0,49.630680084228516
25.319968338256864,92.69644912273388,0,2535.22,991.0,15.090099334716797
27.27494082125025,95.1432038890084,0,1916.88,119.0,2.9774701595306396
28.93426958789088,94.4598556720278,0,1158.49,2929.0,30.37155532836914
27.42161707251782,95.36292880941824,0,1916.88,126.0,3.481008529663086
28.74880759971564,95.9825320225133,0,1891.54,3116.0,11.770045280456543
24.13974367915283,92.73302552020584,0,2141.49,241.0,8.939363479614258
26.878367720764874,92.36960980453112,0,1421.55,173.0,1.037838339805603
23.027180793715274,92.44428632764534,0,2496.59,175.0,12.888227462768555
27.59679088315266,93.57774308099572,0,2592.49,2072.0,29.964595794677734
28.3389108851222,93.83836252844904,0,1535.18,2350.0,17.72878646850586
28.12714155206857,93.8871290565492,0,2320.86,2226.0,40.826961517333984
26.156698908484497,91.8943213597435,0,1708.67,78.0,6.910260200500488
26.522650655872745,90.74698725333032,0,1708.67,51.0,2.1289167404174805
26.544366173388596,92.0980849555922,0,1154.3,66.0,0.9307463765144348
27.192908018860265,94.34523939790472,0,2567.19,86.0,3.717745065689087
26.85253778312668,94.83584499991076,0,1941.69,127.0,2.2734017372131348
27.123658085093957,94.5069482157038,0,1747.44,89.0,0.0
27.283947569717345,94.8220166108003,0,2567.19,101.0,2.132127523422241
24.17418233378733,94.10831478100312,0,1381.49,870.0,23.89748764038086
26.48748343248033,94.4168733872909,0,1747.44,368.0,20.574859619140625
28.7031774878534,95.82156458550368,0,2348.99,1583.0,52.34065628051758
25.21301371352315,91.04538860413724,0,4780.93,303.0,19.409786224365234
25.69607436970252,94.20970389813527,0,1566.44,955.0,20.706165313720703
28.598131122264743,93.81137795075426,0,1535.18,4485.0,24.75937843322754
26.35419147245377,91.05995227316475,0,1708.67,41.0,2.128225564956665
26.74149826103349,90.84534870958734,0,1708.67,191.0,1.860950231552124
25.985008948043745,91.646899254584,0,1708.67,368.0,15.116913795471191
24.567832071914182,94.06785101970723,0,1381.49,791.0,1.3793736696243286
25.51758295094833,90.7981307579004,0,3693.54,255.0,11.734573364257812
27.88983081415282,93.54034583572596,0,2320.86,1323.0,31.263179779052734
27.69887298772969,94.66738403087112,0,2357.98,369.0,19.44831085205078
28.125534371097576,94.8643616708998,0,2724.38,563.0,3.8617889881134033
28.43737988564077,95.97018840691412,0,1891.54,1810.0,53.3471565246582
23.335687828115702,92.91670456026124,0,1327.95,737.0,31.64590072631836
25.82325682287109,90.67496746866948,0,3693.54,187.0,12.965479850769043
26.93804462665799,94.69463291138136,0,1941.69,97.0,4.992598533630371
27.54235637953109,88.70456996542833,0,1707.7,3158.0,46.234859466552734
28.293014698895647,94.62981814347316,0,2030.02,577.0,31.34374237060547
24.386655487198052,93.06791713379556,0,1625.06,495.0,9.560342788696289
25.81279260669158,92.50130511446169,0,1218.05,583.0,14.91334056854248
27.144895922289177,93.49764747087704,0,2204.32,1215.0,33.14457321166992
26.081037211029063,92.86827273268314,0,1218.05,69.0,3.2261180877685547
26.69377626219659,91.153046550448,0,1708.67,53.0,2.7902183532714844
22.41119505839854,93.12489895758692,0,1506.81,1240.0,31.172311782836914
24.893691588282557,94.30012253299888,0,1566.44,1053.0,33.9339485168457
27.715448973968567,91.75142231956224,0,853.16,3494.0,62.54631423950195
27.42453114183048,92.69052764256112,0,1194.49,2437.0,32.57064437866211
26.42233183189315,92.7465686885614,0,1218.05,71.0,6.921856880187988
27.902526199378023,93.78451322071976,0,2320.86,2283.0,29.952735900878906
27.261558497529848,92.0717146072764,0,1154.3,3776.0,7.309669494628906
25.417001113410183,92.28060019244988,0,2535.22,1343.0,3.0723652839660645
27.89395338597852,95.79000138256984,0,2817.65,138.0,1.8606436252593994
28.382553603030846,96.14784927936182,0,1891.54,2747.0,21.123746871948242
26.843712486937136,93.04097611964568,0,1941.04,77.0,3.1098475456237793
26.7975470155548,94.66406187242605,0,1747.44,104.0,0.0
25.184463319715828,92.9961770041841,0,1648.99,517.0,12.621932029724121
28.365138032654155,94.61464404433518,0,2030.02,731.0,15.945281982421875
25.576331418055965,92.7684501104805,0,2535.22,468.0,15.041528701782227
27.324382827401934,95.51612072003296,0,1916.88,177.0,0.9306434988975525
28.99600014181165,95.46247151099716,0,1248.72,2479.0,29.730863571166992
27.8097073098811,94.9627231936338,0,2724.38,413.0,44.012760162353516
25.084211551125318,93.59931043608825,0,1271.17,1333.0,20.181304931640625
23.63923875325598,91.78650953223188,0,2396.11,129.0,8.492382049560547
25.54465912359837,93.9729313246427,0,1306.28,1728.0,19.977092742919922
27.452290244148397,94.81939898156196,0,2357.98,98.0,5.6623616218566895
27.07121257554079,92.61401633110016,0,1421.55,994.0,34.000797271728516
24.353428694462615,93.49118002679042,0,1381.49,742.0,21.30681610107422
24.76916346969457,92.69955679765508,0,2942.16,39.0,11.9674654006958
25.62050610899877,93.99949982825042,0,1306.28,2219.0,34.75505828857422
24.73936143811461,92.68920959350628,0,2942.16,36.0,5.5687479972839355
27.390145971651854,92.30394457209994,0,1194.49,2155.0,17.689477920532227
25.04055340531321,94.18912054073331,0,1566.44,1154.0,19.43260383605957
28.77315076504889,94.22820539337036,0,1158.49,2697.0,37.9647216796875
22.38414088022022,92.80768512948278,0,2496.59,166.0,25.299585342407227
26.026505167626222,93.5496283823895,0,1427.25,460.0,12.562042236328125
28.316699971765665,93.36445804248818,0,912.05,3846.0,44.81388473510742
25.1568818560415,94.25394075389045,0,1566.44,1825.0,11.439143180847168
26.830500749806184,92.47350806227986,0,1421.55,114.0,1.3935726881027222
27.287988678922943,88.53092486824019,0,1707.7,1552.0,9.931218147277832
26.88761351962717,94.40919092604756,0,1747.44,88.0,1.0379220247268677
24.156024852280066,93.21076151337468,0,1381.49,1171.0,31.66118812561035
25.0402179017518,93.81385599540155,0,1271.17,1599.0,35.312198638916016
26.904877693770995,95.6656069144348,0,1916.88,2220.0,8.299027442932129
25.100491775994552,93.90722351864478,0,1271.17,1430.0,14.124713897705078
25.7854347289992,94.921251752035,0,1669.48,1791.0,22.28824806213379
25.809740389376444,93.1004109157057,0,1218.05,141.0,5.566773414611816
27.79261999037494,96.46708995538364,0,2484.94,1915.0,45.16429138183594
23.69787310674274,91.4164406338318,0,2414.95,43.0,2.747202157974243
26.3075031526864,90.98727674129285,0,1708.67,43.0,5.232706546783447
26.170936823038875,91.44331729219958,0,1708.67,49.0,2.1274819374084473
24.107005477562844,92.14235130878392,0,2322.27,91.0,6.151988983154297
27.670078281542693,88.75059945174964,0,1707.7,3066.0,41.92163848876953
23.74327296646702,92.5918451958976,0,2148.54,487.0,38.109127044677734
28.25519234894433,94.84278012049992,0,2270.17,308.0,26.499340057373047
23.208239459958943,92.62679192137988,0,2496.59,431.0,11.849061965942383
25.80054448138126,92.25984708634736,0,1218.05,979.0,13.3379545211792
28.136375610747287,92.99325841423467,0,1472.72,4451.0,22.610002517700195
23.68762593676997,92.8626642799024,0,2148.54,805.0,29.196544647216797
27.96034188520739,94.23319405613384,0,2681.74,577.0,21.286388397216797
28.77885592643144,96.58134769667925,0,1011.98,4964.0,34.92319107055664
27.248352498845858,93.4021835073786,0,1971.8,1398.0,19.973176956176758
29.147852109837743,96.06777492848406,0,1011.98,3735.0,22.537567138671875
26.185442031278143,92.60493692434494,0,1218.05,64.0,0.930793046951294
28.1276579330919,97.14145379555004,0,1471.65,3805.0,28.795093536376953
28.26631967612133,97.18207156988623,0,1044.44,3135.0,11.76426887512207
25.01296975614192,92.86966872007142,0,1648.99,96.0,22.65473747253418
28.11218189157313,94.56265100457786,0,2681.74,540.0,8.484570503234863
26.76880988181234,92.26079031573714,0,1421.55,108.0,3.6205050945281982
26.77859462408938,94.903532392818,0,1941.69,388.0,22.98617935180664
28.12073619347697,95.13996592324388,0,2724.38,745.0,38.31119155883789
25.967993890387923,94.68657862386456,0,1669.48,1746.0,43.815406799316406
28.94743147851452,95.39489047573744,0,1248.72,3652.0,37.327884674072266
27.11876136949127,97.13550373090014,0,1689.08,2331.0,29.71979522705078
24.716141891450253,93.26634057940775,0,1648.99,738.0,23.44646644592285
23.54141581533713,92.6953221172712,0,2148.54,572.0,17.575462341308594
25.160385334034117,93.51273687380612,0,1271.17,357.0,32.07876968383789
26.77261670780682,91.07745493520886,0,1708.67,81.0,4.5370354652404785
23.18267474789851,91.54371801047512,0,2396.11,97.0,7.540618419647217
23.690189766563183,92.80301358282364,0,2148.54,564.0,27.393505096435547
26.259686757197933,90.52732402683166,0,3717.5,35.0,5.2306437492370605
25.8536429444108,94.02690685862268,0,1306.28,903.0,41.70218276977539
27.211421433480396,92.99011807082344,0,1941.04,968.0,34.539249420166016
26.48825774959481,92.74875629335595,0,1941.04,66.0,1.3913054466247559
24.163982167264862,93.07883223617284,0,1381.49,585.0,23.983600616455078
25.396204106361157,89.98070483170784,0,3693.54,90.0,17.00600242614746
27.651395119750823,95.7481514642091,0,2174.9,139.0,0.9305998086929321
29.221773878473016,94.62623649399004,0,1289.76,4233.0,11.21969985961914
26.71913693052727,92.26492816555836,0,1421.55,91.0,1.3928298950195312
23.08210417695139,93.06133057894236,0,1506.81,1184.0,18.151491165161133
26.05806001878238,92.33924993236378,0,1218.05,198.0,20.52802848815918
24.10548782347019,92.45829892390448,0,2141.49,77.0,4.123744010925293
26.3842349264923,92.31443355758748,0,1218.05,57.0,2.128347873687744
28.41043077470232,93.8324880563028,0,1535.18,1057.0,41.65754318237305
23.69439817053079,92.85848120994116,0,2148.54,874.0,42.008419036865234
27.8504991775511,92.6294431573104,0,1194.49,5314.0,41.00662612915039
25.17088545553353,92.79638070868204,0,3573.05,1222.0,11.078630447387695
25.52868535961535,90.73109686023916,0,3693.54,390.0,7.157470226287842
24.447579261117745,93.5987991047977,0,1381.49,771.0,17.630910873413086
27.299614835679343,88.54678270924127,0,1707.7,1866.0,33.21092987060547
23.443539570282823,91.54193245415968,0,2396.11,65.0,7.150054454803467
25.650923500125987,94.50429837448834,0,1566.44,1359.0,37.66099166870117
27.49516025349459,95.29671562552085,0,2724.38,121.0,1.3981038331985474
26.101090532506344,92.59293840248016,0,1218.05,63.0,4.515387058258057
26.21158242996007,91.08959984813882,0,1708.67,37.0,0.9307896494865417
27.8494716076097,91.55625582932944,0,853.16,4740.0,27.688879013061523
27.956601439358774,95.13705491765792,0,2724.38,579.0,22.153554916381836
27.895310842975288,96.97134881603002,0,1471.65,2681.0,31.27669334411621
24.715977063249547,93.70591403647371,0,1648.99,1533.0,28.649667739868164
26.155304479498938,92.28917595725189,0,1218.05,59.0,5.077746868133545
27.36702245337736,95.84771354064044,0,2291.38,156.0,1.860784888267517
25.356670652765715,94.22090044234903,0,1566.44,1590.0,24.214111328125
25.28575049560018,91.09861236311276,0,3693.54,534.0,8.024741172790527
26.42108114956809,90.8910836487641,0,1708.67,43.0,1.3908653259277344
25.83574413941923,91.68409479981148,0,3717.5,510.0,16.330991744995117
27.642612497638243,92.758599841296,0,1194.49,1394.0,31.40854263305664
28.02022376887106,94.44200458696598,0,2681.74,709.0,28.856853485107422
27.696039982844937,96.30566390071014,0,2174.9,403.0,2.7898199558258057
26.98112953599055,95.2634368474874,0,1941.69,525.0,13.426101684570312
26.359922692242883,90.78493325591324,0,1708.67,43.0,6.361416816711426
29.25704368185506,95.78695704611346,0,1248.72,4235.0,39.3536376953125
27.33388515805609,88.16658238774502,0,1690.33,2364.0,20.092676162719727
26.22831216731613,94.78515268488334,0,1669.48,1546.0,17.40009117126465
26.61333599139783,94.40826914537324,0,1747.44,169.0,2.269465446472168
27.10040637728377,93.80075574805797,0,2204.32,196.0,19.53253936767578
24.783143642557288,93.62065117293764,0,1648.99,1015.0,25.481842041015625
24.26778760699054,94.24470100385716,0,1381.49,303.0,28.398962020874023
26.90440210718908,93.69518859561792,0,2204.32,76.0,2.274263381958008
28.9704564778474,94.51128130341544,0,1158.49,1866.0,32.8096923828125
25.86432515892562,92.93929491639868,0,1218.05,81.0,0.0
27.572064283077168,93.40074921762157,0,1971.8,2125.0,32.776092529296875
26.12317828023095,93.11420278970644,0,1427.25,99.0,8.193201065063477
24.57020196963938,92.88906828780074,0,2942.16,63.0,4.170124053955078
27.769552382440057,88.41824209754678,0,1707.7,4114.0,28.823436737060547
25.03752758267965,93.37602826146036,0,1648.99,238.0,4.75501012802124
27.599843668829752,88.33982263428555,0,1690.33,3028.0,25.80840492248535
27.862151246488057,93.18803939971158,0,1472.72,3238.0,21.845468521118164
28.788566746055537,94.5695598449906,0,1158.49,1701.0,21.352340698242188
27.85778778574744,96.3302292945154,0,2484.94,311.0,1.8606534004211426
24.27098811340145,92.47669334779609,0,2942.16,40.0,3.44972825050354
25.736453492510638,92.76502491394538,0,1218.05,203.0,3.8571410179138184
25.388864415090005,94.13656787244946,0,1566.44,1152.0,24.46368980407715
28.31967073476463,93.68843879278856,0,1535.18,3242.0,39.56761932373047
26.87886902062323,94.91586949990526,0,1941.69,129.0,1.0378433465957642
26.555041501320197,90.49430116308524,0,1708.67,70.0,2.7902727127075195
26.718295440934654,90.19119439606928,0,2542.03,189.0,1.0363836288452148
25.46929437936475,94.41339350629173,0,1566.44,948.0,22.376026153564453
25.343754852697305,93.74921086867472,0,1271.17,1247.0,4.817058563232422
25.97593181424608,91.82759628291808,0,1708.67,339.0,10.574187278747559
25.77976521804436,89.8774187601191,0,3693.54,21.0,0.0
23.987540553727516,92.1463719122829,0,2141.49,141.0,15.50881576538086
22.38479221076185,92.78598560566378,0,2496.59,396.0,19.343677520751953
22.423557745517154,93.09408291517704,0,1506.81,1264.0,21.395355224609375
27.59481275633781,94.94121135302797,0,2357.98,109.0,2.088310956954956
27.37101122754619,88.83101332693528,0,1707.7,4098.0,15.8455171585083
25.38749306630828,89.93414951024842,0,3693.54,46.0,0.9308951497077942
25.334347671417213,90.53703643756585,0,3693.54,179.0,1.8613125085830688
27.681432664909696,95.22706585662756,0,2724.38,111.0,0.0
26.63491287090004,93.75880023668822,0,1649.52,85.0,2.269819974899292
26.13409827424956,90.0154838172597,0,3693.54,29.0,0.930799663066864
26.751231681002405,90.8620381642584,0,1708.67,196.0,3.4738519191741943
26.45031969376339,93.86031290494503,0,1649.52,108.0,2.0672740936279297
26.42116067854966,93.35754433159708,0,1427.25,478.0,9.71728515625
22.600240314671897,93.09979680896596,0,1506.81,1391.0,21.461666107177734
27.86550538022749,96.41817998714832,0,2484.94,1585.0,47.162208557128906
25.86425094514709,92.90506314687713,0,1218.05,79.0,1.0288207530975342
25.478362651906707,91.6523337496094,0,3717.5,1772.0,17.44675636291504
28.415985937709262,93.6013179359296,0,1535.18,2699.0,42.084625244140625
26.76442387200035,91.27373208392204,0,1154.3,118.0,3.473991632461548
27.287774707826,93.35003235746092,0,1971.8,1449.0,31.007524490356445
26.56088061400053,92.43999538760907,0,1421.55,63.0,0.0
28.939095621484707,96.09735989285711,0,1011.98,3490.0,26.861745834350586
29.02874292091457,95.31152302990778,0,1248.72,3407.0,18.42329216003418
23.182082721271463,92.60528537181084,0,2496.59,663.0,18.587007522583008
27.10548050474575,94.27678369737428,0,2592.49,84.0,2.131361961364746
25.479887079562484,92.28933084072712,0,2535.22,1359.0,4.199321746826172
23.70040324272568,91.89237691264974,0,2396.11,147.0,5.063007831573486
25.9253622236871,91.6489936491044,0,1708.67,415.0,15.060128211975098
27.697273460446286,92.95863198754697,0,1971.8,2389.0,26.12177276611328
24.43737317247743,93.28208773571504,0,1625.06,321.0,19.603376388549805
26.54981408228625,92.04438198798437,0,1154.3,64.0,0.0
23.06328558039077,92.52815806151892,0,2496.59,312.0,21.490558624267578
27.604911258719603,92.06704985472948,0,853.16,4094.0,12.634866714477539
26.14521567194748,91.15624575881615,0,3717.5,49.0,2.2619078159332275
25.76103514421566,93.80228025675274,0,1306.28,360.0,33.236202239990234
25.54993574708813,93.1733650292597,0,1271.17,326.0,8.497037887573242
27.99750842754426,94.27646731615606,0,2681.74,592.0,27.545095443725586
23.565794847678152,92.98011459391644,0,1327.95,898.0,20.76038932800293
25.637815448672036,94.27283360034812,0,1566.44,1456.0,35.34787368774414
24.134431398698734,92.12924170297612,0,2322.27,48.0,3.854433536529541
25.193818113339983,93.12781217071924,0,1648.99,624.0,13.761067390441895
28.64065156987039,95.44286689605444,0,2348.99,1875.0,32.739505767822266
26.82485684554613,95.27222222150972,0,1941.69,772.0,29.63144874572754
26.987405637545383,93.74271411814505,0,2204.32,96.0,2.130859613418579
25.27779080114294,90.275490141456,0,3693.54,41.0,5.51847505569458
26.74931665329881,93.9410515776692,0,2204.32,85.0,2.2716994285583496
25.38111013037887,94.2707314456067,0,1566.44,1758.0,14.312784194946289
26.292821483720083,94.32542507086433,0,1747.44,623.0,6.339921951293945
25.977578755914585,93.54261925851148,0,1427.25,179.0,13.046252250671387
27.42175202286296,95.92912566237044,0,2291.38,160.0,2.7935261726379395
27.265795254453025,88.65686054071159,0,1707.7,2102.0,12.97376537322998
27.261020760100177,88.43149346221362,0,1690.33,586.0,22.2329158782959
23.681416566293706,93.41891530091812,0,1327.95,1375.0,15.791879653930664
25.95105090571773,92.38769162284854,0,1218.05,472.0,7.6887383460998535
27.815082560683585,95.08699235985316,0,2724.38,139.0,2.134457588195801
27.246928229594264,95.73442183869264,0,1916.88,348.0,26.767765045166016
29.059303896289325,95.57954340583696,0,1248.72,3760.0,21.631256103515625
23.83129182538059,91.88574247165256,0,2322.27,155.0,6.866880893707275
26.204291529582108,92.77338772143638,0,1218.05,88.0,0.9307906031608582
27.969918190666863,96.81309945729916,0,1471.65,2467.0,25.758316040039062
25.32290449070051,93.76229132901004,0,1271.17,1741.0,11.560381889343262
26.40014137621912,92.39086932458132,0,1218.05,63.0,2.1284139156341553
24.92622165426672,93.87516163648336,0,1271.17,812.0,4.138095378875732
26.68396904124373,94.67854456737253,0,1747.44,242.0,17.179224014282227
25.933804730846383,91.23469608728412,0,3717.5,57.0,4.214432716369629
27.131000055420063,94.03636479300825,0,2592.49,89.0,0.9306691884994507
28.08066453113785,94.80706140286472,0,2724.38,355.0,0.0
24.9587977628759,92.74892277277824,0,3573.05,19.0,1.3816975355148315
28.997686977287863,96.11521683208436,0,1011.98,3310.0,23.171560287475586
27.17131964166637,93.97133999531869,0,2592.49,95.0,3.2542312145233154
28.46628608609013,94.28343550038824,0,2030.02,3650.0,21.706602096557617
23.576652609578705,92.59731298394672,0,2148.54,662.0,12.557313919067383
29.02332868470573,95.92855398740969,0,1011.98,3449.0,20.044431686401367
28.887716709263163,95.66089263708314,0,1248.72,3227.0,54.659976959228516
26.933934003406627,92.37013431191072,0,1421.55,308.0,22.51918601989746
26.70458102795204,92.10295945519226,0,1154.3,95.0,1.0362578630447388
24.15393080558383,94.04110094226868,0,1381.49,1453.0,38.583126068115234
22.2606884060707,92.65749126880552,0,2496.59,113.0,4.752127647399902
28.541943828180194,93.5117044072433,0,1535.18,4752.0,32.264564514160156
25.27025766180628,91.75862458025132,0,3717.5,438.0,30.051876068115234
22.39477157119059,92.74415326425122,0,2496.59,546.0,5.570416450500488
28.249064158173294,93.22959042521956,0,1472.72,2556.0,28.020572662353516
26.602095828153946,91.85396838481536,0,1154.3,75.0,0.9307388663291931
27.864796114439446,96.46416674753796,0,2484.94,946.0,35.61524963378906
27.577924428449048,92.7129541364824,0,1194.49,2485.0,19.521427154541016
22.91056018915102,92.65695623595902,0,2496.59,743.0,17.565540313720703
25.66118553603171,93.34663465375544,0,1271.17,327.0,13.803677558898926
25.833949399127665,92.28984455474588,0,1218.05,788.0,8.510943412780762
24.036513161323736,94.0675974647976,0,1381.49,933.0,15.358391761779785
26.681686668187663,92.99173991243782,0,1941.04,72.0,2.7835183143615723
26.36130230052771,93.99851247825156,0,1566.44,109.0,1.3904756307601929
28.02724975545712,88.55935731074459,0,1707.7,5608.0,27.98012351989746
23.372371469481205,92.54500087152414,0,2148.54,508.0,30.745223999023438
25.690523323710693,90.8773900483514,0,3693.54,528.0,15.386171340942383
28.5037663034036,95.88146746437604,0,2348.99,1632.0,39.10599899291992
26.41733769282019,90.60747392535984,0,3717.5,53.0,3.718151330947876
23.27381067963904,93.28295177150412,0,1327.95,1029.0,37.40541076660156
25.234235785380747,92.18649565142968,0,3573.05,807.0,7.677894115447998
27.2114091629103,92.6962280057613,0,1421.55,1229.0,38.727195739746094
26.529087316521547,92.80036889415275,0,1941.04,75.0,2.268092155456543
27.13162896600367,92.55157734827132,0,1421.55,1249.0,31.6253719329834
27.49832587202741,95.26513176848854,0,2724.38,121.0,3.6377320289611816
28.353113205834852,95.32863585856308,0,2270.17,1766.0,30.196945190429688
26.406218850822157,90.57670495667573,0,3717.5,193.0,23.2131404876709
26.832649992458137,94.26341069840568,0,1747.44,89.0,3.859178066253662
27.59001531634503,95.9953132977065,0,2174.9,160.0,5.527431488037109
25.1254810808408,94.19436892394988,0,1566.44,1300.0,34.72817611694336
27.40132534347674,94.85923367212072,0,2357.98,103.0,1.3974535465240479
27.95487419784134,93.93473596136224,0,2320.86,2221.0,37.85744094848633
23.946277946699187,93.24301785793556,0,1381.49,919.0,14.537394523620605
24.14487030373327,92.4283825560899,0,2141.49,74.0,8.521458625793457
25.000377498909597,92.49536373387218,0,3573.05,31.0,2.2442116737365723
28.36382951702337,94.43156302086408,0,2030.02,2831.0,32.382347106933594
22.273544516505755,92.98993298646757,0,1506.81,1010.0,28.27214813232422
22.89175927435171,92.69924099909306,0,2496.59,360.0,24.552799224853516
25.880199668628943,92.82274688764689,0,1218.05,82.0,2.773144006729126
26.54307564196988,94.47501092526548,0,1747.44,377.0,23.56096839904785
27.62839236428435,88.37874611799415,0,1690.33,3123.0,71.93769836425781
24.23953416568277,93.50075140967375,0,1381.49,900.0,28.10444450378418
23.26667859991333,91.6308713158978,0,2396.11,55.0,7.080503463745117
27.278071824236648,94.78606472517174,0,2567.19,98.0,1.3966044187545776
28.50815133469608,94.72232389342072,0,2270.17,1574.0,25.18390464782715
23.08289292597372,92.84793177351614,0,2496.59,554.0,11.821510314941406
27.14367302398136,88.43305035223933,0,2181.41,1167.0,32.193119049072266
26.44836457243723,93.90645557064748,0,1747.44,103.0,0.9307588934898376
25.24760899926253,90.57025685950757,0,4780.93,89.0,25.197933197021484
27.790577079004787,92.18707504828294,0,1194.49,4710.0,21.804101943969727
23.16480393265077,91.50385293972109,0,2396.11,25.0,2.218087673187256
25.079430238109865,94.6214413371954,0,1566.44,1675.0,36.339473724365234
28.46162761851437,94.30260015390232,0,2030.02,3806.0,16.22481918334961
27.826524178553992,93.8544379923408,0,2320.86,1023.0,2.1345083713531494
23.901698156171623,93.09523781291752,0,1381.49,623.0,37.736270904541016
28.35166622370516,96.33367746403212,0,1891.54,3335.0,35.90732955932617
24.004758076348544,93.60604761139304,0,1381.49,1371.0,41.019317626953125
25.027503514852047,92.47598831310935,0,3573.05,123.0,22.58277702331543
24.224309232732868,93.09772239678009,0,1625.06,792.0,29.060863494873047
24.351009939748867,94.17457552999404,0,1381.49,1049.0,18.80579948425293
27.74231903043645,96.18116668975011,0,2174.9,215.0,3.269609212875366
26.122959850441067,92.87319256304848,0,1218.05,73.0,1.8611111640930176
26.73522926426241,92.579426791873,0,1421.55,80.0,3.1069016456604004
27.55137130008557,93.42393062656198,0,1971.8,1461.0,27.081989288330078
28.172241255353104,94.71968912305816,0,2724.38,542.0,14.602187156677246
26.85325969667877,94.75119161009998,0,1941.69,100.0,1.3937251567840576
26.165236822737203,93.33932386391382,0,1427.25,672.0,21.104049682617188
27.404563603370708,95.49488136198954,0,1916.88,149.0,3.8603036403656006
27.71155214199672,96.3893419574325,0,2174.9,1558.0,27.080575942993164
23.73002539695106,92.59372723444577,0,2148.54,671.0,11.717928886413574
25.66862727166646,94.4902366973415,0,1566.44,1241.0,17.309255599975586
28.58236649864149,93.80958475395032,0,1535.18,3802.0,13.069215774536133
25.733168734642565,90.93397864563356,0,3693.54,671.0,12.281709671020508
23.757841102103335,93.23943569314636,0,1381.49,800.0,16.16679573059082
27.654239028060164,93.22991801383132,0,1971.8,2541.0,33.16692352294922
28.51133093894873,94.82603957588972,0,2270.17,1284.0,29.647342681884766
24.819700729152107,92.61907634797063,0,3573.05,17.0,3.0574982166290283
27.39166193539501,93.69463151354977,0,2592.49,1058.0,4.557704448699951
25.654541709445475,92.72279167348364,0,1218.05,566.0,6.800602436065674
24.1122603151067,93.38429868491072,0,1381.49,1114.0,47.216468811035156
25.73413385736089,94.20763684766882,0,1566.44,1086.0,26.45119285583496
28.86057836949688,95.998464562119,0,1248.72,1620.0,14.601229667663574
23.56809404387509,93.0404137254815,0,1327.95,567.0,8.236412048339844
28.90397771975168,94.8517545602675,0,1289.76,1758.0,12.607349395751953
22.33320244268393,92.73233504615632,0,2496.59,221.0,27.630535125732422
25.2898056202702,94.15491407916704,0,1566.44,1964.0,46.58702087402344
27.218234274367703,93.04819494413942,0,1941.04,797.0,15.648329734802246
25.32087989438523,90.07100086223241,0,3693.54,109.0,10.654423713684082
28.26423717926684,94.5228845055536,0,2030.02,1293.0,40.89494323730469
22.077876297267423,92.95049680375698,0,1506.81,435.0,25.16082763671875
26.74643393121969,91.17518631912054,0,1708.67,56.0,0.9307199716567993
26.44569997927957,93.03018551210934,0,1427.25,83.0,2.067194938659668
24.041356743273354,92.44831272936266,0,2141.49,131.0,25.15857696533203
22.76641915451427,92.8213582437634,0,2496.59,298.0,20.51870346069336
24.04900453097913,93.27315097462606,0,1381.49,732.0,39.261863708496094
26.748952217634788,91.31172695121246,0,1154.3,86.0,5.252011775970459
27.633700560018312,94.64407683671352,0,2567.19,139.0,7.602430820465088
27.6519688234044,93.29147764348224,0,1971.8,2558.0,31.88667869567871
26.000524182983728,93.81083204517417,0,1306.28,143.0,2.126798629760742
23.508679001177804,91.39296973728813,0,2396.11,41.0,5.659286975860596
28.402227323497637,93.8053911596198,0,1535.18,1154.0,27.676912307739258
25.52864247400129,93.90969605019588,0,1306.28,2289.0,9.248668670654297
26.67352095236275,91.2706244588138,0,1708.67,63.0,1.392527461051941
27.55856125754249,88.492983999495,0,1707.7,2301.0,56.38736343383789
24.792023368369595,92.7386663583338,0,2942.16,27.0,3.5771501064300537
25.93665885839679,93.01889926373728,0,1218.05,94.0,2.7905125617980957
29.076926920892344,95.97068878757318,0,1011.98,3414.0,36.01003646850586
28.156634826876964,94.76325166427004,0,2724.38,724.0,20.624290466308594
28.606595875105302,93.86087093801088,0,1535.18,4146.0,38.85881042480469
27.9794877267142,97.3128979908452,0,1471.65,4335.0,35.52610778808594
27.408860698635596,92.40159978247088,0,1194.49,2539.0,27.260730743408203
25.91171972776141,91.64788729357224,0,1708.67,298.0,13.06203556060791
27.427629091020744,94.3466951467844,0,2567.19,96.0,0.9306297898292542
26.250288583811216,91.36749338811232,0,1708.67,49.0,4.249752998352051
25.07075490486811,94.32743205973368,0,1566.44,1413.0,22.72677993774414
27.942392948405896,95.58737625456038,0,2817.65,134.0,1.0478276014328003
25.513498965578957,92.65148090384584,0,2535.22,730.0,2.1248836517333984
23.601079818803097,93.42830354651063,0,1327.95,1007.0,26.077632904052734
22.027664670077005,92.94263912925472,0,1506.81,262.0,20.181949615478516
24.481907117676588,92.4792167832088,0,2942.16,50.0,3.570775270462036
26.759489463688958,94.329532192311,0,1747.44,101.0,2.271864175796509
26.703863036487004,90.38690549605496,0,1708.67,106.0,1.392728328704834
27.64801910640716,94.07827524885656,0,2567.19,2073.0,24.25705337524414
25.63000694098634,91.05084505290004,0,3693.54,910.0,16.85087776184082
27.794231908936613,92.4836576637666,0,1194.49,4805.0,12.970131874084473
26.655337966482453,93.95897958582516,0,1747.44,93.0,1.8609728813171387
29.27401765342529,94.667106074518,0,1289.76,3318.0,7.021528720855713
26.02070678194041,91.55635195854514,0,1708.67,70.0,8.636597633361816
27.99995845550923,94.32588216512424,0,2681.74,650.0,13.182061195373535
24.157606059380143,92.95605856299096,0,1381.49,593.0,22.417316436767578
26.303329430120822,90.49032433117851,0,3717.5,46.0,1.0326666831970215
23.231679234207608,93.31730285025304,0,1506.81,1638.0,23.260286331176758
25.260410742863268,90.95840060273476,0,3693.54,260.0,6.716920852661133
25.764824116610956,90.45424813769702,0,3693.54,294.0,8.562652587890625
24.430261408705924,93.18444818824683,0,1625.06,188.0,10.89735221862793
24.05299316579245,92.4464678264348,0,2141.49,95.0,2.119474172592163
27.757919450592208,94.57869351904245,0,2681.74,1057.0,40.05929946899414
25.42525867380544,93.2647719641541,0,1271.17,453.0,20.751445770263672
27.41284453570279,92.30038800781598,0,1194.49,1611.0,6.300724506378174
28.8806905044104,94.65020338372108,0,1289.76,1457.0,39.07265090942383
25.521517934868065,92.1455730873355,0,2535.22,1328.0,1.3851333856582642
27.27322811010911,93.30920155614824,0,1941.04,1665.0,11.070993423461914
27.50267831308778,88.39346862428566,0,1690.33,2735.0,35.73497009277344
25.315046234737867,92.57569456189742,0,2535.22,1216.0,1.3838597536087036
27.31111426995425,95.32689199757942,0,1916.88,124.0,1.3968313932418823
28.18951942829052,94.34395758180332,0,2681.74,2514.0,34.69287872314453
22.46490883389624,93.10047239894963,0,1506.81,1184.0,33.959228515625
27.481316586254085,94.93592112460271,0,2357.98,111.0,2.1329853534698486
28.400796740486843,94.06392598564476,0,2030.02,861.0,56.707191467285156
27.9061766496698,93.44419603520112,0,1472.72,1090.0,21.037181854248047
26.40011775277072,91.90233830721384,0,1708.67,64.0,2.1284127235412598
28.481907536969377,95.53668237884165,0,2348.99,2751.0,41.2393798828125
23.932554998577867,91.75897696311806,0,2322.27,221.0,19.89505386352539
25.123380844262893,93.2692782760686,0,1648.99,688.0,30.507577896118164
25.59445770190928,94.10196760184375,0,1566.44,2068.0,38.46315383911133
28.380497024868195,94.56101166092851,0,2030.02,1424.0,44.04510498046875
25.10660965624073,94.11418135631575,0,1566.44,1153.0,18.61699676513672
26.814101078158725,92.82244245441584,0,1421.55,80.0,2.2727673053741455
26.622926894659155,91.28934592100325,0,1708.67,59.0,2.2696244716644287
25.283074654353275,92.48435551966536,0,2535.22,856.0,3.8563435077667236
26.45396014949676,90.8714367679558,0,1708.67,42.0,1.3910796642303467
24.488145984540328,92.44224361978418,0,2942.16,30.0,4.0629472732543945
27.26753621195685,95.67760436265122,0,1916.88,183.0,2.132056713104248
27.083027759730008,95.09667270189182,0,1941.69,115.0,2.790064811706543
26.133032398691828,91.82012126569812,0,1708.67,58.0,2.2617130279541016
28.683760894554432,95.88333216539436,0,2348.99,2364.0,42.431434631347656
28.253495330780115,95.15247823429414,0,2270.17,1193.0,27.57683563232422
27.864948398299678,95.1615616438935,0,2724.38,194.0,9.341130256652832
25.41959349972606,92.85255225863033,0,2535.22,708.0,10.508054733276367
27.17219947567297,92.08064945643106,0,1154.3,2137.0,42.65212631225586
24.022485973195383,94.04874283167536,0,1381.49,668.0,15.247198104858398
26.98070324083295,95.50514655873324,0,1916.88,942.0,18.140230178833008
25.11909550485303,94.08547197843478,0,1306.28,819.0,11.995443344116211
24.27833970780237,93.41406787276748,0,1381.49,1671.0,10.21725082397461
27.243746747803016,93.7040252224528,0,2204.32,508.0,24.776350021362305
23.769848374826,92.93384418795232,0,1381.49,854.0,7.494049549102783
26.48952752657376,90.03107378536849,0,2542.03,53.0,5.240610122680664
27.1023652437742,93.46860423496084,0,2204.32,713.0,21.632129669189453
26.7490498855398,94.379829410171,0,1747.44,104.0,0.0
25.867742007635123,92.70176052289152,0,1218.05,252.0,27.643922805786133
27.15430325165597,93.96677258449476,0,2592.49,92.0,4.999112606048584
26.373022787975074,94.13911641851256,0,1747.44,110.0,3.2334868907928467
26.10483315334346,95.10633733690482,0,1669.48,2365.0,32.31433868408203
28.640996709222257,96.47738424360378,0,1891.54,3746.0,31.10820960998535
24.389499643537125,92.21498218977668,0,3648.26,34.0,4.128631591796875
26.571305232542933,94.92579144446114,0,1819.61,727.0,18.90763282775879
25.72766026727569,91.1251258721476,0,3693.54,972.0,8.241613388061523
25.283075568165813,90.70136131245066,0,3693.54,35.0,9.245359420776367
26.87950539557663,93.66413706162912,0,2204.32,77.0,2.7861523628234863
28.757437282810567,94.05261751051025,0,1158.49,3867.0,36.1171989440918
27.800447069536315,96.57100642226642,0,1471.65,3417.0,39.94984817504883
27.612623197113603,95.32274949641304,0,2724.38,120.0,1.044670820236206
25.50769986446319,90.82987240187396,0,3693.54,439.0,30.836036682128906
27.46344509204105,92.3501758244808,0,1194.49,2431.0,35.95302200317383
24.846131741316967,92.47025767433824,0,3573.05,19.0,1.3810219764709473
27.24113279338611,95.41707895418196,0,1916.88,182.0,5.662167072296143
25.76510807805365,89.86796860651941,0,3693.54,21.0,0.0
25.143857028771023,92.18602567536271,0,3573.05,163.0,27.418115615844727
28.742760235220626,95.66533346762036,0,2348.99,2268.0,15.244338035583496
26.79113790746301,92.1547778152144,0,1421.55,117.0,0.0
28.547937175612464,94.3133443746185,0,2030.02,1334.0,19.34037208557129
25.66319112428793,92.39397862858311,0,2535.22,857.0,3.718538284301758
22.179734094335483,93.02942656333688,0,1506.81,818.0,19.40943717956543
25.617353406362103,94.42227570640055,0,1566.44,1156.0,22.272998809814453
28.08028814039024,95.441709328553,0,2817.65,169.0,2.1356499195098877
29.318007838093017,94.63241694033628,0,1289.76,4525.0,34.41847610473633
23.903461471026404,92.21806322354792,0,2141.49,94.0,12.15748119354248
24.003693655742595,94.12212751424096,0,1381.49,340.0,22.548959732055664
25.98792546875997,94.5029402626938,0,1566.44,1585.0,25.263023376464844
27.645740712841533,93.67339193004275,0,2592.49,1646.0,17.773151397705078
25.998441921389887,91.69522403134096,0,1708.67,512.0,14.257001876831055
26.711375644399578,92.65786983772756,0,1421.55,74.0,2.1296987533569336
26.11438264660424,91.1328980365104,0,3717.5,43.0,3.2269535064697266
28.378100152433337,93.80320407631272,0,1535.18,2374.0,33.70343017578125
26.167840179125708,93.72513538803447,0,1649.52,168.0,2.776811361312866
23.376204259630725,91.52746582533032,0,2396.11,47.0,5.535899639129639
25.288331069926237,91.414515432297,0,3693.54,619.0,18.936716079711914
26.72259811705625,90.06228315899777,0,2542.03,203.0,3.106555461883545
24.75294460896252,94.15232290276846,0,1271.17,997.0,31.71084976196289
25.0943313897105,92.78695146525656,0,3573.05,246.0,28.712303161621094
28.633106017732885,93.57258325740622,0,1535.18,3457.0,30.539173126220703
28.589072125369466,94.46902116900188,0,2030.02,3054.0,31.10643196105957
26.076000198628428,95.07282885145511,0,1669.48,1999.0,32.01907730102539
25.65911098937372,90.56109927673522,0,3693.54,312.0,5.564728260040283
26.03178738838905,93.9743307924858,0,1306.28,229.0,2.790475845336914
27.04993654656872,92.42726360633512,0,1421.55,1566.0,20.86081314086914
27.73279557788436,92.8291495302133,0,1472.72,2548.0,45.43215560913086
25.58929765193767,90.38395832111772,0,3693.54,759.0,13.234147071838379
27.731609099844523,93.09166685225188,0,1971.8,1678.0,31.41994857788086
25.262014684089397,91.71762554989056,0,3717.5,1368.0,9.595888137817383
24.92339882931912,93.0233228667494,0,1648.99,63.0,10.919849395751953
28.32507304473568,96.61635669812914,0,1044.44,1383.0,27.11821174621582
25.586072132947077,90.21942850169336,0,3693.54,396.0,5.443540573120117
28.12124744306193,97.20288659142362,0,1471.65,3327.0,29.45604133605957
26.5453014823388,92.98243403512129,0,1941.04,72.0,2.975419521331787
27.429555734669744,93.722447015723,0,2592.49,674.0,31.9794979095459
27.557613368793763,92.99073616904886,0,1971.8,746.0,29.857885360717773
27.79721647919461,95.73900683867748,0,2817.65,132.0,1.046431303024292
23.5507073721097,92.70446772545992,0,2148.54,823.0,35.446651458740234
26.010915127954448,93.56278885481645,0,1427.25,298.0,5.661105155944824
25.5745250888274,94.80395663397172,0,1669.48,1237.0,30.54578399658203
26.608768556148423,90.32905603766083,0,1708.67,75.0,2.7825565338134766
23.237473430960325,93.06110066001936,0,1506.81,614.0,22.410064697265625
25.226998002989447,91.83230225159676,0,4943.24,831.0,2.7907826900482178
28.64274005413037,94.91743538955228,0,2270.17,1212.0,33.43443298339844
28.75292236417792,94.93002771658784,0,1289.76,985.0,20.394933700561523
26.33611475698248,94.99433657834172,0,1819.61,2237.0,41.83467483520508
25.82259605974249,91.24750626698734,0,3717.5,380.0,24.306238174438477
27.515506460001166,96.0292202911536,0,2174.9,175.0,2.9781675338745117
28.586808767160857,95.87335959094722,0,2348.99,1919.0,59.929630279541016
27.472717957506024,88.61952480067765,0,1707.7,3361.0,35.2584114074707
27.93410336545535,95.3939539053295,0,2724.38,130.0,0.0
27.169026474268048,96.92895072073064,0,1689.08,1848.0,44.541561126708984
27.6495245958893,95.0932690995437,0,2724.38,114.0,2.286888360977173
24.724768558430657,92.62231065718883,0,2942.16,22.0,0.9309781789779663
23.132657575899938,92.81695261785578,0,2496.59,761.0,21.00227165222168
26.414476922895183,93.88770249628176,0,1649.52,117.0,8.380859375
25.352884006040263,90.48297612989,0,3693.54,375.0,6.34959077835083
28.55884775036996,93.75606716676953,0,1535.18,3242.0,29.26646614074707
22.623185476579653,92.9513871321324,0,1506.81,215.0,27.991392135620117
26.715317929363977,91.63323157314892,0,1154.3,102.0,4.535159587860107
26.0914170986158,93.0360211350952,0,1427.25,86.0,4.828968048095703
25.859869425368235,90.3712863983451,0,3693.54,202.0,19.669246673583984
23.318719808654183,93.3649022681517,0,1327.95,765.0,2.1169350147247314
26.875376308498204,92.3283446300602,0,1421.55,155.0,2.130385398864746
27.906350159294597,96.06544269974398,0,2484.94,184.0,2.09425950050354
28.642000196013488,93.80361381813408,0,1535.18,4275.0,27.98280143737793
28.99349514203116,94.54730840394782,0,1158.49,2649.0,32.74078369140625
27.94870756023636,88.49463940115315,0,1707.7,4640.0,15.754106521606445
23.675443828844838,91.78260698297608,0,2396.11,170.0,3.4444522857666016
24.61994431265644,92.68382938699848,0,2942.16,60.0,10.717850685119629
22.95071799591027,93.10715900151553,0,1506.81,528.0,24.03194808959961
27.317708399641376,93.68084357029204,0,2592.49,1598.0,19.689022064208984
28.91316481790916,95.8001259226578,0,1248.72,1643.0,32.325355529785156
27.532477072680116,91.86931436724868,0,853.16,2243.0,42.35437774658203
24.64879660440665,94.05880249972428,0,1648.99,782.0,2.2390007972717285
25.05929275321908,93.22956054377802,0,1648.99,638.0,9.708150863647461
27.95141307900961,93.81313844687554,0,2320.86,1436.0,29.43234634399414
26.46959029466004,94.05919850181478,0,1747.44,95.0,1.3911833763122559
23.74359100295678,92.05096449370184,0,2141.49,172.0,17.823326110839844
28.51816801099088,95.14984035280682,0,2270.17,1453.0,7.296271800994873
25.996346973341858,91.05292529153952,0,3717.5,53.0,3.602996349334717
24.645248898452618,93.10866688458388,0,1625.06,60.0,4.471078395843506
25.498200227507464,94.45737662078864,0,1566.44,1138.0,22.181446075439453
27.55483863488433,93.2866592100725,0,1971.8,2303.0,40.956947326660156
26.47317926626952,93.9368314433521,0,1747.44,98.0,0.9307556748390198
27.93752071057773,94.04252169774357,0,2320.86,1763.0,22.605894088745117
27.431574521799888,96.40636250890928,0,2174.9,873.0,36.77607345581055
26.545221313708566,93.80266083597684,0,1649.52,97.0,2.268354654312134
25.795362589996664,90.28980561650609,0,3693.54,191.0,8.374589920043945
25.35949713237221,93.93589635313694,0,1306.28,1421.0,21.740036010742188
28.152223938981795,93.73691385507762,0,2320.86,1656.0,41.7459716796875
27.249692315532474,92.68423696317386,0,1421.55,979.0,44.468257904052734
27.381952384117795,94.2264659793478,0,2567.19,98.0,1.860780954360962
29.26983734182092,96.01288735847127,0,1011.98,4275.0,52.82716369628906
26.532786100030016,90.6505563959606,0,1708.67,53.0,5.859076499938965
27.69037454561167,88.35009019672606,0,1690.33,4233.0,34.96128845214844
27.17064425123132,95.66952414982278,0,1916.88,497.0,9.101452827453613
24.968978823505644,93.26761832354062,0,1648.99,156.0,30.769306182861328
28.47647232184576,95.23612633304845,0,2270.17,1128.0,22.42868423461914
24.047618133168964,93.15174964110253,0,1381.49,872.0,33.17074203491211
25.992558803067148,90.5851060445732,0,3693.54,54.0,3.2239041328430176
24.96243105660041,92.47850444084374,0,3573.05,18.0,2.2436466217041016
29.12893771959677,94.80659248990224,0,1289.76,3873.0,14.761301040649414
25.12777413719992,92.46389748188476,0,3573.05,622.0,26.79323387145996
26.302436240446497,91.13907331356772,0,1708.67,41.0,1.0326592922210693
27.253440325732157,94.39801245882056,0,2567.19,93.0,4.182688236236572
26.480371033939715,93.28016968066672,0,1427.25,718.0,38.244014739990234
25.487224257965,94.27270059015484,0,1566.44,1887.0,17.398696899414062
24.280649995502703,93.51327473090224,0,1381.49,1131.0,25.808841705322266
28.31816905287597,94.33576245684368,0,2030.02,2384.0,28.51849365234375
26.49127902102837,91.19969438014458,0,1708.67,43.0,1.8610156774520874
25.03578156982664,92.88837838630596,0,1648.99,460.0,28.667997360229492
28.111485799283585,92.88994353446064,0,1472.72,4903.0,17.65477180480957
28.406504701013105,93.63685765490034,0,1535.18,2031.0,14.181031227111816
26.204916106995835,93.56832582380736,0,1649.52,910.0,26.391164779663086
26.709296120511706,91.67639242937408,0,1154.3,91.0,3.4734137058258057
25.742960936426936,92.059884244208,0,3717.5,891.0,5.8290324211120605
28.273699658787017,95.10140294216772,0,2270.17,1593.0,29.98601722717285
24.419558257190253,93.07484780888696,0,1625.06,344.0,32.57325744628906
28.23517199034088,97.28431759703427,0,1471.65,4584.0,41.352134704589844
27.52799454771648,91.97309748760398,0,853.16,3965.0,12.951860427856445
25.80907403504193,91.2100774188122,0,3717.5,601.0,18.027423858642578
26.041610818087012,93.97790999746115,0,1306.28,288.0,17.01214027404785
25.29067292747223,92.4521039710718,0,2535.22,899.0,1.8613234758377075
25.22489066581422,92.6852859898366,0,3573.05,1178.0,22.627410888671875
27.398779562019616,93.94250769122816,0,2592.49,858.0,13.674503326416016
26.79963891728569,93.60748467571156,0,2204.32,77.0,2.7901766300201416
26.57393114016316,90.38015592852076,0,1708.67,66.0,2.1291277408599854
27.23621607413961,93.62883358449255,0,2204.32,1384.0,29.60284423828125
26.65499172287181,94.83831917839372,0,1819.61,936.0,23.683971405029297
27.484538327418772,92.66216540591108,0,1194.49,2593.0,24.735157012939453
24.024806471616547,93.57195736093374,0,1381.49,808.0,24.845111846923828
27.24149853418274,92.29516948824076,0,1421.55,2816.0,11.305254936218262
24.83093010624982,92.92494125649064,0,1648.99,25.0,2.2416861057281494
29.028897245918163,95.70539839379316,0,1248.72,2581.0,34.113346099853516
25.73376944702904,91.87440679987156,0,3717.5,757.0,2.9732506275177
23.56558893663845,92.98102089549292,0,1327.95,858.0,13.653882026672363
26.80017422108673,91.20165280580484,0,1154.3,150.0,4.75719690322876
27.89473775756746,95.08047767724644,0,2724.38,313.0,21.80612564086914
22.66823046830885,92.69797750112502,0,2496.59,443.0,5.5277557373046875
27.470144292745733,95.01369912610568,0,2357.98,110.0,1.397930383682251
25.47466075428172,92.83544367142406,0,2535.22,471.0,14.160027503967285
27.70457795712076,96.7198076602287,0,1471.65,3925.0,25.89208984375
24.748465450538408,94.33520400185532,0,1566.44,1137.0,25.1491756439209
27.45424756809928,96.15184759601588,0,2174.9,217.0,6.50257682800293
28.53226525006245,93.87563544943266,0,1535.18,3765.0,20.251686096191406
27.234528220592207,92.7052835941128,0,1421.55,1230.0,54.731685638427734
28.130242368324087,94.53132195270186,0,2681.74,864.0,20.2331485748291
27.43575704800748,94.91990646526592,0,2357.98,108.0,2.283216953277588
25.116632566394653,92.62705496728728,0,3573.05,772.0,27.751052856445312
26.63720961823929,90.81102197910906,0,1708.67,77.0,0.9307342767715454
26.214211852871934,92.98626355879404,0,1427.25,78.0,3.7182562351226807
26.2824964255515,95.11764548862936,0,1819.61,1195.0,22.648210525512695
23.446884630204256,91.83168360070512,0,2396.11,136.0,21.0111141204834
26.954865679520548,93.91517992774553,0,2204.32,81.0,2.7901155948638916
25.8113712365492,91.3944927128898,0,3717.5,326.0,33.01288604736328
26.501016461748154,92.69041171849383,0,1421.55,75.0,3.236755609512329
28.140169394576297,95.84113099685096,0,2817.65,386.0,1.4026657342910767
25.515385973506216,94.28936065336777,0,1566.44,2389.0,9.446512222290039
27.534557123415468,94.62001149193944,0,2567.19,105.0,1.398376226425171
26.906406744843377,93.63801518971296,0,2204.32,81.0,1.0380946397781372
25.52874075899496,91.9519617690528,0,3717.5,1472.0,19.594253540039062
22.91356392387031,92.6794411086223,0,2496.59,327.0,18.384286880493164
27.264016896393517,94.17897799097902,0,2567.19,92.0,1.3965072631835938
26.994112139518165,92.18485498367512,0,1421.55,1473.0,39.61723327636719
25.51378975125929,92.86418601356664,0,2535.22,373.0,8.203519821166992
27.309415972661206,92.25538744362544,0,1194.49,2644.0,20.645185470581055
25.46326812590415,93.47590807718872,0,1271.17,562.0,19.22096824645996
28.05057778795389,93.09816134211349,0,1472.72,2710.0,2.9797580242156982
26.82938849092288,93.7495257526811,0,2204.32,79.0,1.037392497062683
27.553747606426203,92.38811486127868,0,1194.49,3551.0,37.01963424682617
27.83193829895235,92.68541529726588,0,1472.72,4003.0,32.87171936035156
26.03284285833489,92.05009226941824,0,1708.67,232.0,4.217773914337158
23.765508505330924,91.33043617822484,0,2414.95,39.0,12.368330001831055
24.78753852215436,94.28192923088814,0,1271.17,640.0,23.14726448059082
27.82499835615355,93.93239837253498,0,2320.86,398.0,34.84750747680664
25.34046067599577,93.32716755886376,0,1271.17,470.0,9.01489543914795
28.542729463835773,96.20920489580732,0,1891.54,4136.0,26.025291442871094
26.90459389760327,93.29745710938911,0,1941.04,124.0,3.247204303741455
25.90414995607157,93.61371978617414,0,1306.28,220.0,12.003392219543457
26.850763748884024,94.59338619137723,0,1747.44,101.0,5.082356929779053
25.78667248904974,90.6675989047782,0,3693.54,220.0,18.035316467285156
26.70379446999901,91.61337263363794,0,1154.3,88.0,2.2709498405456543
27.822472845928377,95.25622336258331,0,2724.38,123.0,2.9790735244750977
28.750703118301757,95.90301300977016,0,1248.72,2505.0,35.24656295776367
24.198165977444265,92.52720811414986,0,2141.49,46.0,5.062427520751953
26.78730675055009,95.3349921047937,0,1941.69,507.0,25.216270446777344
28.133178784111745,95.55515338013144,0,2817.65,233.0,2.295356512069702
28.143923969820023,93.49902412661712,0,2320.86,1811.0,36.703025817871094
23.434660881760777,91.70315543096112,0,2396.11,69.0,4.753268718719482
28.18374168701809,93.52194722615964,0,2320.86,1714.0,19.48689079284668
26.4902751017169,94.03130186761148,0,1747.44,98.0,3.4711437225341797
26.708793540136394,94.09725820257574,0,1747.44,90.0,4.985774993896484
26.966591297729124,93.95679032992886,0,2204.32,81.0,0.9306909441947937
26.435964152642477,90.27113901806456,0,3717.5,49.0,2.1285593509674072
23.91359680859693,93.01520652415088,0,1381.49,977.0,27.96162223815918
26.69804203659756,92.01283928787704,0,1154.3,90.0,0.9307262897491455
27.75657630119787,88.75379140211385,0,1707.7,4251.0,32.22471618652344
23.65486039398977,91.34242595926736,0,2414.95,33.0,7.040578365325928
25.175964181423478,90.36721924350796,0,4780.93,51.0,7.142542362213135
26.35362703721845,91.13080857226026,0,1708.67,40.0,0.0
28.58799560139891,96.1354891129478,0,1891.54,2665.0,11.218393325805664
28.446764708750965,95.79816011084486,0,2348.99,926.0,47.46364212036133
26.824792054557197,93.34841558856748,0,1941.04,86.0,3.474623918533325
27.87714622198778,93.23335121032794,0,1472.72,2515.0,78.0479965209961
27.664042272672905,95.60745099998982,0,2724.38,135.0,0.0
22.955491699255862,92.7796415751507,0,2496.59,546.0,14.577473640441895
23.314689958591405,91.66542077758182,0,2396.11,71.0,10.184416770935059
28.078266549534337,94.91899750752908,0,2724.38,1005.0,39.67344665527344
23.52950977198645,93.27104407110524,0,1327.95,907.0,27.18013572692871
23.73836303674158,92.2745716744156,0,2141.49,483.0,17.273582458496094
27.228523880518445,93.55432608736903,0,2204.32,805.0,24.320545196533203
27.27491999238499,94.13969283211928,0,2567.19,93.0,7.235803604125977
29.219843966034126,94.663942700698,0,1289.76,4339.0,49.436038970947266
28.44347089917393,94.72817821998042,0,2270.17,1473.0,42.1153450012207
27.442740468766782,96.05585232531186,0,2174.9,187.0,2.7938179969787598
22.943545777192213,92.78094777847232,0,2496.59,1114.0,17.39464569091797
27.563911309524904,96.47561688655487,0,2174.9,1129.0,16.028409957885742
26.53030133640992,92.57546483737548,0,1421.55,64.0,1.3915809392929077
29.191621896577388,94.6288664356187,0,1289.76,3865.0,47.092281341552734
27.47200495222456,91.95064741984687,0,853.16,3827.0,29.23784065246582
27.011899261676984,93.0354248783986,0,1941.04,186.0,3.2500178813934326
27.62889412204786,94.812217914878,0,2357.98,111.0,2.088958263397217
28.758145749275457,95.29572225577212,0,1289.76,2236.0,18.236478805541992
27.329631974464863,92.35245790510407,0,1421.55,1563.0,18.86083221435547
26.073646515298677,91.48621330729304,0,1708.67,55.0,3.4669034481048584
25.64727905951552,93.75237296561616,0,1306.28,551.0,6.207896709442139
26.167270334443263,94.76993665017082,0,1669.48,1720.0,25.326570510864258
26.46467929128148,92.11136382386036,0,1218.05,57.0,2.267045021057129
25.75681458638473,90.67130127198946,0,3693.54,256.0,6.4159626960754395
27.82163781803405,95.74564827996574,0,2817.65,128.0,0.0
27.57058433803462,96.1217452445691,0,2174.9,316.0,20.048152923583984
24.292598387972312,92.19362206324423,0,3648.26,65.0,8.969206809997559
26.172964064641697,94.06809161342484,0,1566.44,558.0,8.399710655212402
26.854310532912415,92.75923394202576,0,1421.55,80.0,2.1302976608276367
26.11689407780401,95.06461861381337,0,1669.48,1495.0,27.07737159729004
28.77445618785193,96.1097582968186,0,1891.54,2872.0,32.11797332763672
28.173896183431392,96.51296649476116,0,2484.94,1107.0,54.25237274169922
25.530784984533284,90.23392262468458,0,3693.54,429.0,16.191804885864258
26.504932586171734,93.30712690293755,0,1427.25,251.0,7.405157566070557
27.00813094863072,94.5065120122229,0,1747.44,89.0,0.0
24.788602755844405,92.40207106572402,0,3573.05,16.0,4.238467693328857
25.38219570510125,92.28310406713663,0,2535.22,1269.0,3.856515884399414
26.73801930017852,93.0551925122501,0,1941.04,70.0,3.717984199523926
26.01799448766788,92.16613012461552,0,1218.05,266.0,13.732276916503906
25.7413855604282,92.35616001057912,0,2535.22,778.0,13.805893898010254
27.072184556698875,95.07865337332908,0,1941.69,105.0,1.3952003717422485
27.766679564670422,88.54184285265659,0,1707.7,3050.0,54.32566833496094
24.878415960006222,93.42335520286572,0,1648.99,344.0,10.736916542053223
25.736388289250684,94.59770382425964,0,1566.44,1765.0,47.58070373535156
27.44655171387727,93.54701992310554,0,2592.49,1804.0,14.713369369506836
24.44924320131545,94.13675215170612,0,1381.49,1042.0,23.759187698364258
25.68820641858148,90.07828159452453,0,3693.54,76.0,11.078261375427246
24.558465755578236,93.50589175177323,0,1625.06,909.0,22.97707748413086
26.47372075832407,95.00914044392256,0,1819.61,1814.0,29.031085968017578
23.23301837714304,91.47428441437091,0,2396.11,28.0,2.742093563079834
27.823369491802147,93.57509790375308,0,2320.86,1299.0,33.51266860961914
28.169361636948462,93.2029768338117,0,1472.72,1232.0,41.34517288208008
27.221499850965422,94.62449367160124,0,2567.19,96.0,0.9306572079658508
28.769454731429708,96.52105892036896,0,1011.98,3532.0,9.01231861114502
28.092732556834548,96.45537779373436,0,2484.94,1257.0,15.176301956176758
23.017465428665467,92.60102347917925,0,2496.59,89.0,3.1554458141326904
28.1084981412701,92.69434170555692,0,1472.72,5210.0,20.040325164794922
23.364398202836163,93.25272331450212,0,1327.95,864.0,11.478249549865723
27.391160536672142,93.7958705190287,0,2592.49,1258.0,29.437637329101562
25.948813567998734,90.43501423348414,0,3693.54,314.0,10.518081665039062
26.018968465569085,90.66131279635955,0,3693.54,50.0,2.0596654415130615
27.481114799148568,94.64730656345026,0,2567.19,101.0,1.398005485534668
23.042274315242143,91.65292404950212,0,2396.11,28.0,4.752875328063965
27.422421125483638,93.8139089780302,0,2592.49,1765.0,30.748252868652344
26.3740737494691,90.67681525176712,0,3717.5,128.0,7.6819353103637695
23.733682623332992,92.79154652920012,0,2148.54,351.0,26.5062313079834
26.62902207169064,94.45892740516132,0,1747.44,178.0,4.17013692855835
23.757485371044076,92.1677906056198,0,2141.49,454.0,16.639842987060547
29.022070123877832,95.89977703308142,0,1248.72,4190.0,30.15730857849121
23.275313111283943,93.30627187035748,0,1327.95,1730.0,16.05245590209961
23.87129868278295,93.23969068355038,0,1381.49,1042.0,0.0
25.89603906101815,93.71682590576695,0,1306.28,153.0,0.0
25.91532158628702,91.04091301763762,0,3717.5,66.0,2.773587226867676
26.7314036595052,94.20105821457258,0,1747.44,99.0,2.12978196144104
27.760369832858466,95.9592065936111,0,2174.9,203.0,2.091458797454834
28.51385526688393,94.06539180658496,0,2030.02,3216.0,29.80678367614746
25.85807192274111,94.63783175101108,0,1566.44,2233.0,37.02386474609375
25.03143296227206,93.63421862695806,0,1271.17,575.0,48.619483947753906
25.81678050240817,92.73887791378051,0,1218.05,257.0,16.331022262573242
24.704321814965944,94.32068767412969,0,1271.17,582.0,28.683631896972656
29.29839012196987,95.96518880558848,0,1248.72,2714.0,14.02832317352295
26.27083877462763,89.96361246258867,0,2542.03,52.0,3.230893611907959
27.242498869146413,88.06277917961106,0,2181.41,2872.0,19.5313777923584
28.050846952054705,95.07534336394836,0,2724.38,1255.0,43.7803840637207
26.660336957369555,91.15045274264988,0,1708.67,52.0,2.129485845565796
27.984317432918644,93.45607017551306,0,2320.86,1152.0,11.320146560668945
26.56034951771922,92.96665180270608,0,1941.04,72.0,2.1290714740753174
22.761682854361624,92.7900405770452,0,2496.59,494.0,23.902156829833984
28.133068987299502,93.0496641023431,0,1472.72,4159.0,23.6760196685791
26.67326245656871,93.56514040317572,0,1649.52,75.0,0.9307295083999634
26.47519609176636,90.02367435366348,0,2542.03,53.0,1.3912198543548584
25.43363068824752,91.59081121435896,0,3717.5,1622.0,19.856008529663086
27.36866673719225,94.74370408751092,0,2567.19,97.0,0.0
25.895014106761323,92.51050155122977,0,1218.05,565.0,16.302270889282227
26.154074007090635,91.26933026315238,0,1708.67,38.0,1.0313503742218018
27.305709661961806,93.24271112752923,0,1971.8,1556.0,11.803853034973145
25.91426195344605,94.82739152678668,0,1669.48,701.0,31.427160263061523
27.15787513984982,92.10859362878034,0,1154.3,1557.0,18.736217498779297
23.892833852523808,91.62059696039796,0,2322.27,43.0,2.749387741088867
26.64456834305701,92.87238382997496,0,1941.04,67.0,1.392334222793579
22.214851888289488,92.9191075969004,0,1506.81,319.0,18.467426300048828
25.3206793258577,90.14813261364624,0,3693.54,86.0,7.678189277648926
22.087512665067447,93.0005205492272,0,1506.81,1223.0,24.199296951293945
27.86182284763201,96.32156067194931,0,2484.94,295.0,0.930571436882019
27.51400833326882,95.69214244314728,0,2291.38,150.0,0.9306182265281677
28.42241626713419,96.64838864069392,0,1044.44,4255.0,4.75949239730835
26.73374774070828,90.87578533540002,0,1708.67,144.0,2.784207344055176
25.970369125930453,94.8597591354468,0,1669.48,680.0,26.364139556884766
27.197300935047856,93.1952449644378,0,1941.04,1878.0,18.083341598510742
26.22912970347956,90.62146877880971,0,3717.5,36.0,3.2298407554626465
28.259942435767915,94.72966409600696,0,2724.38,913.0,26.939668655395508
27.590459102416936,92.24846976604522,0,1194.49,4198.0,40.518131256103516
26.83352507971813,94.11890211313302,0,1747.44,83.0,1.3935930728912354
24.35025484958346,93.3397564907944,0,1381.49,337.0,21.408050537109375
27.486520821708115,92.94989173550542,0,1971.8,1343.0,28.037275314331055
27.5323125558323,92.49491196823776,0,1194.49,2277.0,31.962087631225586
22.48730606870888,92.83149557481268,0,2496.59,672.0,33.68125534057617
27.29572918384565,92.1346451445042,0,1194.49,3379.0,39.084381103515625
23.41019408370782,91.53023767022133,0,2396.11,48.0,6.308525562286377
26.772100924547427,90.24502469483464,0,2542.03,192.0,3.4740729331970215
26.811039502040533,94.71289121440776,0,1819.61,102.0,2.1301157474517822
28.116288419801407,94.80828068810877,0,2724.38,528.0,12.095866203308105
24.37943813242902,93.50911539763192,0,1381.49,736.0,3.4507088661193848
25.60170718319128,94.73449512750858,0,1566.44,2064.0,11.032977104187012
26.73630489862673,94.06536955007428,0,1747.44,83.0,4.139423847198486
26.62799897699141,92.9597679283971,0,1941.04,71.0,2.070460081100464
24.120385271517183,91.82483687445004,0,2322.27,44.0,3.5634782314300537
27.02371273204289,95.31808275407928,0,1941.69,283.0,21.46425437927246
26.05992005676376,91.0891904637629,0,3717.5,48.0,1.030524730682373
28.126598342862497,96.2857898942036,0,2484.94,2657.0,48.53752899169922
28.934742235966137,95.67640265127574,0,1248.72,2937.0,20.283689498901367
25.049118086619437,94.006840594746,0,1271.17,1119.0,36.304500579833984
23.613534830306985,91.29975274720591,0,2414.95,25.0,5.369393348693848
27.17981635903253,95.23045944439949,0,1916.88,118.0,2.9771969318389893
25.82887348301121,93.84107778914677,0,1306.28,200.0,23.69729995727539
24.848449797943605,92.7379928520891,0,3573.05,30.0,1.020261287689209
25.151251936335843,94.07247276746638,0,1306.28,946.0,25.79906463623047
28.85767113106028,95.65385976479176,0,1248.72,2772.0,23.374608993530273
27.46838511172508,93.63912540693298,0,2592.49,845.0,37.369136810302734
28.150472158637346,94.49539140973005,0,2681.74,1832.0,26.006250381469727
27.207838861785376,95.81806872464443,0,1916.88,1005.0,35.9679069519043
27.747889424189097,92.4395934767725,0,1194.49,5148.0,7.193118572235107
26.838218170407146,94.34074128263056,0,1747.44,91.0,5.082272529602051
28.0406728569679,93.8953924615918,0,2320.86,2194.0,30.25060272216797
27.335265438109086,96.18505811080836,0,2174.9,578.0,15.536321640014648
28.826829564235013,95.55516995084253,0,1248.72,2511.0,19.0606746673584
27.310735845199822,94.66437678313528,0,2567.19,103.0,7.312802314758301
25.546611982951426,94.00451072234776,0,1306.28,2341.0,34.52629470825195
27.78183884707307,94.34211752051864,0,2681.74,1079.0,39.97122573852539
27.17010188383756,95.45500139753652,0,1916.88,180.0,2.9771690368652344
26.721540065910464,90.14343106145952,0,2542.03,183.0,2.9759063720703125
27.82916185360348,96.81523876422432,0,1471.65,1761.0,31.440160751342773
27.60772463702008,94.65441658526512,0,2567.19,119.0,1.3988877534866333
28.611525916849025,93.96897372807676,0,1535.18,2905.0,49.7867546081543
27.58157768977519,92.27054900497228,0,1194.49,3305.0,38.75931167602539
26.65154503958741,93.40493327503371,0,1649.52,82.0,5.553171157836914
27.479668007720093,95.7265196405219,0,2291.38,146.0,1.0434157848358154
23.35771412244088,92.44040656279296,0,2148.54,504.0,17.574703216552734
24.91772978283109,94.5914974042996,0,1566.44,840.0,31.70543098449707
22.153884065843613,92.67995575573848,0,2496.59,187.0,15.254586219787598
25.88014377451887,91.21097692287331,0,3717.5,65.0,2.2577130794525146
23.51691665386782,92.86183394795538,0,1327.95,810.0,34.46739196777344
25.156117581147072,93.9262029353577,0,1271.17,1873.0,21.2450008392334
23.327450205695,92.44365184341318,0,2148.54,704.0,22.217348098754883
25.02687169140771,93.48402969935248,0,1648.99,1000.0,5.556338787078857
27.89085658106153,92.96524191655756,0,1472.72,3037.0,28.210054397583008
28.889151794958117,95.09958987402024,0,1289.76,1821.0,12.775136947631836
24.817294881951756,93.8743124025875,0,1648.99,787.0,2.760097026824951
28.180135371681736,93.31946289209772,0,1472.72,2706.0,20.2487850189209
26.27542148418676,90.94515911556276,0,3717.5,45.0,6.912644386291504
27.22048359562708,94.1407619039878,0,2592.49,87.0,1.0409908294677734
25.52138152967315,91.27021543871544,0,3693.54,1337.0,8.036811828613281
28.91346624966,94.5701582055937,0,1158.49,1312.0,32.05129623413086
27.586151794312272,92.27354193615118,0,1194.49,3305.0,32.77865982055664
25.56501481132937,91.39304439952446,0,3693.54,1610.0,7.406110763549805
24.877739049648486,94.5164488236498,0,1566.44,1357.0,11.212084770202637
26.52359652441032,93.93671453486574,0,1747.44,101.0,9.88650131225586
25.50527210675493,90.29602126629358,0,3693.54,1103.0,23.35654067993164
26.302323848156867,90.34687873132316,0,3717.5,227.0,4.973876953125
28.172150138486707,93.66741366441096,0,2320.86,1447.0,58.43873596191406
23.65348504267623,93.12041054826146,0,1327.95,830.0,33.75397872924805
27.45580820619432,93.53082310042127,0,1971.8,1826.0,30.426864624023438
26.718956954363392,90.16979010198496,0,2542.03,141.0,0.0
27.04165116242453,95.88130370437544,0,1916.88,1279.0,23.387489318847656
24.758146293694438,93.39827700664662,0,1648.99,564.0,19.190753936767578
29.092736667307083,94.41772213296925,0,1158.49,2435.0,43.31230926513672
24.94394327654994,93.29938141328772,0,1648.99,270.0,19.779203414916992
26.962099773709568,94.39928396351225,0,1747.44,91.0,9.618781089782715
25.19253364583171,93.61857680706969,0,1271.17,802.0,37.73516845703125
25.328674598059006,90.93025953195053,0,3693.54,404.0,4.491435527801514
22.94371790569159,92.57689742139976,0,2496.59,131.0,21.14667510986328
26.415101440672988,92.8271613197326,0,1427.25,75.0,1.3908253908157349
24.177598779603542,92.87961620195368,0,1381.49,230.0,0.9310455322265625
26.27841629608118,93.06962981628224,0,1427.25,195.0,10.524490356445312
28.379602338966105,93.42672140417736,0,912.05,1781.0,61.97090530395508
25.838490500739237,91.67882568801096,0,3717.5,554.0,20.642578125
25.83684200063636,90.04969195851176,0,3693.54,42.0,7.172560214996338
24.224669267535084,91.7782652137349,0,2322.27,79.0,2.753166675567627
26.484458943922075,90.28102183249364,0,3717.5,54.0,2.1287589073181152
26.706969050272168,93.52357621742428,0,2204.32,89.0,2.790213108062744
25.995892950365437,90.00809145388767,0,3693.54,37.0,4.756161689758301
24.43790931385001,92.34670375190744,0,3648.26,54.0,5.071905136108398
23.11047945506866,93.02806893817696,0,1506.81,1349.0,10.874471664428711
24.47887788572547,92.80304686673028,0,2942.16,54.0,7.631441116333008
24.143580739888613,92.46998053862414,0,2141.49,99.0,15.258442878723145
28.313597291913617,94.5525389896097,0,2030.02,1435.0,27.926347732543945
25.81997242027748,93.81214351226168,0,1306.28,231.0,18.050174713134766
25.65197206564406,91.34474064864948,0,3693.54,1511.0,26.82204246520996
24.03673445949819,93.58755354269675,0,1381.49,856.0,20.41232681274414
27.39213767455997,94.88634671273184,0,2357.98,108.0,4.758001327514648
23.76419049597504,93.17870361414175,0,1381.49,880.0,21.74080467224121
28.211453920700368,94.43677435185386,0,2681.74,2107.0,38.87395095825195
23.698195251438687,91.18103510056898,0,2414.95,46.0,10.048136711120605
28.640860808555274,95.85009325909874,0,2348.99,859.0,30.310504913330078
27.85709725039508,94.53204010951012,0,2681.74,1428.0,16.88422203063965
24.80410077346722,93.51370686095936,0,1648.99,436.0,18.09309196472168
25.84410963758135,94.3367803273579,0,1566.44,714.0,24.898269653320312
26.500706728932403,90.3560691188816,0,3717.5,51.0,2.7902939319610596
28.562171483730587,95.87515921117688,0,2348.99,1698.0,40.34928894042969
23.35371852423141,92.71753218945187,0,2148.54,300.0,11.859652519226074
27.19162121605892,92.7559566295794,0,1421.55,429.0,12.589315414428711
24.952539327182745,94.00536910464707,0,1271.17,820.0,21.945289611816406
23.48185103846313,93.00269672282916,0,1327.95,661.0,12.174514770507812
26.760336791702688,93.64972967906628,0,2204.32,81.0,1.3931034803390503
25.552043687020817,92.77294332096622,0,2535.22,519.0,5.525182723999023
23.653379326122977,91.24329195643467,0,2414.95,19.0,1.0107746124267578
26.19658422400722,92.12578414346407,0,1218.05,93.0,13.158490180969238
24.31414254200699,92.01269620414136,0,3648.26,28.0,2.754197597503662
27.120174061551914,97.13050435616894,0,1689.08,2245.0,35.65617752075195
25.369485065686085,90.60365361247116,0,3693.54,201.0,2.2497963905334473
26.30826211485712,90.75736465184896,0,3717.5,40.0,4.227176666259766
25.469459517922903,91.29664526945471,0,3693.54,1483.0,5.1141204833984375
27.61686423722535,94.05465165445489,0,2567.19,2062.0,14.58250617980957
26.360304606066222,91.08756884170998,0,1708.67,41.0,1.3904683589935303
26.47378502155945,91.94471057190825,0,1708.67,65.0,2.2671937942504883
28.27342573020858,95.64470228327056,0,2348.99,373.0,1.05104660987854
26.783917730159125,94.2861777439259,0,1747.44,98.0,5.580464839935303
28.87303177812212,95.85774912143856,0,1248.72,1790.0,28.41600227355957
27.45037081020266,92.61604864629388,0,1194.49,2298.0,38.75135040283203
23.13822419188224,91.59138918314724,0,2396.11,84.0,7.921707630157471
24.443597769981103,93.67803486022642,0,1381.49,1179.0,21.04034996032715
27.45809098816341,92.77549709814096,0,1194.49,1212.0,14.28760051727295
26.836302867416254,92.36907159526544,0,1421.55,130.0,3.622070550918579
25.363913119602135,93.33693189905593,0,1271.17,500.0,12.107020378112793
27.53443322586732,91.6829735056472,0,853.16,1437.0,33.73160934448242
26.37029134934569,90.13921708664935,0,2542.03,40.0,0.9307690858840942
27.04247853938033,92.91401021379336,0,1941.04,471.0,9.762590408325195
27.90682010106641,88.83612665595308,0,1707.7,5534.0,13.729970932006836
24.8787004174108,92.6611165874892,0,3573.05,19.0,1.3812161684036255
25.686239729924797,90.28654129966556,0,3693.54,455.0,20.311323165893555
25.825162207374767,90.7695774403214,0,3693.54,295.0,27.440032958984375
24.41288004775541,92.95122912718462,0,1625.06,361.0,13.70840835571289
27.195425864860088,93.28295707440591,0,1941.04,1453.0,17.944467544555664
25.5956190800479,92.68000007423711,0,2535.22,638.0,8.380928039550781
23.98760625967925,91.49946869681948,0,2414.95,131.0,16.176851272583008
28.032744875965253,95.3256466421719,0,2724.38,159.0,1.4018938541412354
24.71240416537605,93.38134957756247,0,1648.99,600.0,18.593442916870117
25.70931132772944,93.23705251039146,0,1271.17,234.0,3.85709285736084
27.31560614275045,88.31687181675753,0,1690.33,1194.0,28.65888023376465
25.601351415871846,93.8340829246686,0,1306.28,1638.0,32.9803581237793
24.758081408071607,93.7268277350615,0,1648.99,1584.0,36.966331481933594
28.08047194143177,96.36771870569282,0,2484.94,2445.0,17.82637596130371
25.46614978987225,93.39171416457349,0,1271.17,413.0,18.627239227294922
25.462290905844394,94.05900822715404,0,1306.28,1597.0,22.624242782592773
24.262992752560848,94.02289713667078,0,1381.49,1233.0,22.158084869384766
27.216288548736397,95.86776437823325,0,1916.88,266.0,8.27060604095459
23.263038098077416,92.59097838232807,0,2148.54,500.0,36.07453155517578
27.163505542542183,88.74286623029586,0,2542.03,2377.0,26.683860778808594
28.006443788725857,96.13954453773644,0,2484.94,298.0,1.0484449863433838
29.171647341053458,96.07702278630192,0,1011.98,3621.0,79.5204086303711
28.03095364629556,93.09907811353226,0,1472.72,2546.0,12.970399856567383
25.57418571828688,92.98901088651652,0,1271.17,161.0,14.192679405212402
27.247321880873905,93.97386229880532,0,2592.49,113.0,1.396393060684204
25.215476644833856,93.66144987290734,0,1271.17,1119.0,11.680672645568848
28.497982405391717,93.8757193903786,0,1535.18,3736.0,35.95313262939453
26.099728250561142,93.5346156503112,0,1649.52,821.0,27.095672607421875
27.19638671905347,93.72668193798268,0,2204.32,521.0,11.752079010009766
27.830182025625422,96.63331623191011,0,1471.65,2097.0,33.5512580871582
27.94318826535018,95.9922839150467,0,2484.94,182.0,3.275129795074463
24.27748792605889,92.7380543143106,0,2942.16,120.0,18.60818862915039
26.28917721901554,89.92646886979678,0,2542.03,54.0,0.0
22.218519856251437,92.85697902309902,0,2496.59,540.0,33.327144622802734
24.93311463902317,93.05439904492395,0,1648.99,69.0,8.467568397521973
26.79887256009576,91.90909972856372,0,1154.3,163.0,1.39336097240448
27.913907214365832,92.69032024798032,0,1472.72,5096.0,26.712879180908203
22.493844197595696,93.0768154854422,0,1506.81,1048.0,18.335729598999023
28.145596689395067,97.07828520425468,0,1471.65,2698.0,34.85063552856445
26.02489465586485,89.96981710998574,0,3693.54,31.0,3.087996482849121
27.633117773264587,95.30189780853384,0,2724.38,116.0,2.9785122871398926
29.27506565083892,94.65420583664692,0,1289.76,4030.0,30.08229637145996
25.60322465831135,92.4580792908626,0,2535.22,1021.0,2.790640115737915
28.1924913744536,94.28681969241974,0,2681.74,2146.0,34.08990478515625
26.161896793528594,89.8406535571313,0,2542.03,30.0,2.127445936203003
25.756662247714463,91.4768167465573,0,3717.5,521.0,5.075194358825684
28.690115357321304,93.83916333667575,0,1535.18,3733.0,33.57569885253906
24.918920444683984,93.8711594829328,0,1271.17,806.0,1.0208407640457153
24.213870552033256,93.24207930405191,0,1381.49,1101.0,15.443866729736328
26.66258752250682,90.01519153467419,0,2542.03,111.0,2.129495143890381
25.652024030796373,90.3361791137922,0,3693.54,534.0,11.968592643737793
25.369554320787348,92.54019765856803,0,2535.22,1065.0,9.82246208190918
27.87617958645735,96.50487354439711,0,2484.94,1472.0,29.85636329650879
27.95427302911457,96.2006036234902,0,2484.94,288.0,2.1350808143615723
28.329648758999745,95.09424602500286,0,2270.17,1474.0,31.928455352783203
25.729618359138303,93.80701871652325,0,1306.28,333.0,17.410409927368164
23.62795931329346,91.55814124386472,0,2396.11,97.0,7.600461483001709
27.003749386145305,94.08731029205217,0,2592.49,81.0,0.0
27.55376178738925,95.34556689340197,0,2724.38,124.0,1.0441157817840576
27.55092912368074,95.89937931862616,0,2174.9,155.0,2.2851884365081787
26.757187286520555,90.6436193908294,0,1708.67,182.0,1.393083095550537
25.33481205789058,91.0067320142418,0,3693.54,327.0,7.649803638458252
26.28028636211087,90.22818759865626,0,3717.5,42.0,2.2640678882598877
22.211477766946697,92.89034885102076,0,2496.59,417.0,14.701037406921387
26.75239148278516,90.66263254603732,0,1708.67,196.0,3.4738664627075195
25.498817604668965,94.3310870790216,0,1566.44,1530.0,23.59902572631836
24.4762749842623,93.37432277135544,0,1625.06,410.0,4.645249366760254
25.26968621049585,94.09618245371117,0,1306.28,1221.0,18.210851669311523
27.788188803631563,93.14377008870176,0,1472.72,2164.0,39.973812103271484
26.466737393032886,94.76856550066952,0,1819.61,818.0,18.777629852294922
27.18028824770784,92.76118822619888,0,1421.55,924.0,19.983633041381836
25.898865750184704,92.18120541414108,0,1218.05,645.0,15.471590042114258
28.25568037862714,96.25543970287778,0,1891.54,3537.0,47.449241638183594
27.601389351555483,92.12751806588932,0,853.16,4348.0,32.718265533447266
25.08272121790533,93.9925593290168,0,1271.17,960.0,16.559572219848633
26.818176459220314,92.84390774086349,0,1941.04,82.0,1.0372889041900635
28.17456091460434,97.0905942212706,0,1471.65,2403.0,43.161128997802734
25.552216197324736,94.7064325075073,0,1566.44,2005.0,38.45962905883789
25.424513652378504,91.63056886510276,0,3717.5,1552.0,8.934066772460938
26.518972899247512,92.21431134450836,0,1421.55,60.0,1.8610085248947144
27.97735361968271,93.13649806481338,0,1472.72,1394.0,21.83522605895996
27.75531485029992,95.05831857684908,0,2724.38,126.0,2.1341919898986816
24.617167207640342,92.69575937620968,0,2942.16,51.0,2.7577309608459473
26.15401321171004,94.7352656745196,0,1669.48,1770.0,29.674270629882812
25.14258353119329,92.560631224094,0,3573.05,509.0,22.7878475189209
23.16643228313865,92.8827180618022,0,2496.59,646.0,20.68296241760254
26.37821106572016,94.64728833409436,0,1747.44,725.0,28.429080963134766
26.260259806076267,92.51394700795778,0,1218.05,60.0,1.0322856903076172
24.2634994797593,93.245357003156,0,1381.49,428.0,13.838191032409668
27.212746371998573,93.63246366608696,0,2204.32,503.0,9.332009315490723
27.656101496854685,92.35619561771894,0,1194.49,4782.0,10.497401237487793
27.250041904608157,94.76243168914858,0,2567.19,101.0,1.3964120149612427
28.850492460556687,94.59584079504646,0,1158.49,2465.0,39.6966667175293
26.17255642045874,91.29622249864713,0,1708.67,47.0,1.3892518281936646
28.11041032184901,93.94919073787943,0,2320.86,2713.0,14.353264808654785
28.084501212118845,95.30725456490798,0,2724.38,248.0,2.1356687545776367
26.97468777665586,94.58346409828786,0,1747.44,90.0,2.275432825088501
26.933218917767377,92.61204156193268,0,1421.55,125.0,1.0383411645889282
28.06928792244043,97.16913233660924,0,1471.65,4183.0,33.27217102050781
25.97448153477787,93.42245013405883,0,1427.25,139.0,2.058891534805298
26.87927735252344,92.40516398477524,0,1421.55,182.0,4.990837097167969
26.53899849346584,93.06592256933516,0,1427.25,423.0,6.487929821014404
23.449263860918915,93.12529730584411,0,1327.95,884.0,16.938840866088867
25.95810668558685,91.86710838257812,0,1708.67,479.0,17.183353424072266
26.864206330971932,95.31322722580532,0,1941.69,1004.0,16.860055923461914
23.66122006663057,91.26097197426355,0,2414.95,15.0,4.443086624145508
28.5512927168536,94.4317934637984,0,2030.02,2413.0,39.01543426513672
25.62345285743835,91.71303185949094,0,3717.5,1257.0,24.62016487121582
28.309646765469324,93.284998248024,0,912.05,4283.0,34.75081253051758
26.92183971376185,95.13375986268188,0,1941.69,195.0,8.300233840942383
24.631319112611227,93.74313372726336,0,1648.99,900.0,26.647058486938477
26.036160867767148,91.53154497078368,0,1708.67,50.0,0.0
25.44199333721988,91.12466449128348,0,3693.54,976.0,11.173019409179688
28.992258661285632,95.99745557904124,0,1011.98,3582.0,37.94538116455078
28.168845564495072,95.3704495653662,0,2817.65,318.0,4.2943596839904785
27.672721709617356,93.70236115491736,0,2592.49,1791.0,27.489662170410156
26.64676634103153,91.3006451521496,0,1708.67,59.0,1.3923488855361938
26.77804829449672,91.65100074114436,0,1154.3,131.0,1.86094069480896
26.802423566261183,92.90607956256233,0,1941.04,85.0,2.073615312576294
25.92243240752572,91.9460926757418,0,1708.67,606.0,13.616936683654785
26.387164333923163,94.57154792273884,0,1747.44,830.0,24.55788230895996
27.818339919986716,88.83443396250128,0,1707.7,5299.0,31.354509353637695
25.442764089464948,91.3864664282387,0,3693.54,1511.0,15.047279357910156
22.961318132332654,93.01712910227252,0,1506.81,751.0,22.637062072753906
26.99192419126479,92.42866967904156,0,1421.55,558.0,12.584802627563477
24.999635548036814,93.929451031311,0,1271.17,1124.0,30.849485397338867
27.98176966674533,94.4261292690839,0,2681.74,666.0,18.549304962158203
27.601404293962243,93.04791873523416,0,1971.8,1212.0,14.394143104553223
24.933887576083823,92.86322119861792,0,1648.99,57.0,11.665155410766602
23.43247670265802,92.51789998699634,0,2148.54,802.0,36.999977111816406
23.07748429869871,92.71372105000732,0,2496.59,678.0,35.668941497802734
26.41655377153156,94.96915659718545,0,1819.61,651.0,13.020886421203613
24.33022423478208,93.76800418657191,0,1381.49,1158.0,13.944501876831055
25.185887956114357,92.65479963588592,0,3573.05,1419.0,12.873639106750488
26.598089904388505,94.06068996517897,0,1747.44,91.0,4.252590656280518
26.148230421813672,94.12361893594849,0,1566.44,368.0,10.925292015075684
23.91230011983402,91.59722788156832,0,2322.27,63.0,5.7642292976379395
25.65724966782443,91.41658053868002,0,3693.54,1123.0,22.26454734802246
26.110238835259253,91.39239478011534,0,1708.67,45.0,2.261350154876709
26.716656408540384,90.25957817185768,0,2542.03,157.0,3.473491907119751
26.84358349747483,92.7707269549308,0,1421.55,83.0,4.174403190612793
24.706065535796057,93.29546893994622,0,1648.99,139.0,17.262723922729492
25.95943359963747,91.4935853176117,0,3717.5,64.0,2.7741477489471436
24.686285503346213,93.67649665119689,0,1648.99,1035.0,20.2457332611084
26.24734071832937,90.36766733075962,0,3717.5,39.0,2.7778353691101074
24.641631724244974,94.18336788483872,0,1381.49,1128.0,9.705513000488281
24.10040810865161,91.68269775616533,0,2322.27,65.0,2.2310662269592285
27.48721611487096,96.01866551521438,0,2174.9,177.0,2.7899038791656494
26.83413925340017,93.63904327841396,0,2204.32,76.0,1.3935967683792114
27.65284554683228,94.46713942040626,0,2567.19,176.0,27.69439697265625
26.612225127156563,89.96890833669721,0,2542.03,74.0,4.531795978546143
27.52982230245244,94.1378259449416,0,2567.19,526.0,1.3983433246612549
26.2373415160376,90.68459516809664,0,3717.5,38.0,6.359936237335205
24.15138181875819,91.66767356252912,0,2322.27,48.0,2.0286707878112793
27.306711048026088,94.24189807034216,0,2567.19,91.0,1.3968008756637573
25.68600025174413,93.1778525426698,0,1271.17,401.0,13.604002952575684
25.817662011708546,91.87392556449636,0,1708.67,577.0,17.82203483581543
25.83500505551467,92.99312363811332,0,1218.05,100.0,3.0830578804016113
25.34606297258728,90.61919662054872,0,3693.54,283.0,3.0705771446228027
27.49461161273961,88.67134458300957,0,1707.7,3541.0,28.24837303161621
26.265751513926936,93.2657396596232,0,1427.25,457.0,3.858105182647705
28.79542349581954,94.20836584492504,0,1158.49,2478.0,24.75761604309082
26.00498854395142,90.23893662785188,0,3693.54,35.0,4.756173133850098
24.349671706834823,93.45281353975346,0,1381.49,1111.0,23.413896560668945
25.26276504603107,91.62435907764277,0,3717.5,343.0,29.533977508544922
26.402003233148367,92.00107573814516,0,1708.67,54.0,1.3907400369644165
26.482531633084136,94.35858339360124,0,1747.44,286.0,28.438907623291016
24.67704631331681,94.35340964363988,0,1271.17,824.0,32.061092376708984
23.21977904840918,92.41799333583664,0,2148.54,82.0,9.685482025146484
27.848787630223253,88.2167567402975,0,1690.33,5582.0,59.08457565307617
27.389870581378503,95.87280890045218,0,2291.38,163.0,4.259281635284424
27.07145652768202,93.1376400932864,0,1941.04,597.0,20.969989776611328
25.18202436636292,93.6633048983288,0,1271.17,644.0,13.588865280151367
27.41778756643209,95.93693165764373,0,2291.38,163.0,5.89431619644165
24.359122446036075,93.43161124790392,0,1381.49,1315.0,22.47640037536621
23.22160998153753,92.84769425333889,0,2496.59,445.0,13.735603332519531
27.577413517572097,92.51645619063748,0,1194.49,2822.0,36.37625503540039
24.67077781344201,92.56521507693007,0,2942.16,28.0,0.9309848546981812
27.636812823665053,93.40213417707804,0,1971.8,2723.0,23.082595825195312
