Latitude,Longitude,Label
26.45391819521079,94.85766167591586,0
27.29064126560108,93.6441927390412,0
25.89254186354491,90.88626547500039,0
24.141501044332475,92.08223979282748,0
25.795861809486418,89.92059801694182,0
27.98873072390111,97.08656009466547,0
25.262405557837656,94.39905584508904,0
25.858151506480592,90.95602620515866,0
23.34068673615226,93.12971433699805,0
23.988491915571284,91.6886280285065,0
26.024593161922596,90.66782356974201,0
27.440551233022113,94.63792935024178,0
26.747770512089573,94.84013686179385,0
25.173764447508262,92.9107624601716,0
25.771725317464714,90.98197957294654,0
27.64582578994305,91.85188212906209,0
27.996297949000454,96.74812990724486,0
28.52222106649261,93.95776637306261,0
28.686305434508856,95.61205953974482,0
28.417704748017094,95.70557512540286,0
27.253911448332957,92.87220362001706,0
24.216803202571967,92.67852538570136,0
25.73948117654995,93.71377220455551,0
27.690152027124203,94.31490347064565,0
26.711747907093603,91.46400840829408,0
25.988115377669615,93.9374655351359,0
23.65518488600566,92.81500032093244,0
24.858512938936244,94.45605475968719,0
23.77129174812673,92.97475413113325,0
28.706718057280685,94.83866899178282,0
27.793802434677648,96.34015385482596,0
27.16990100027862,93.15280390633394,0
28.35321724061855,94.10991772609722,0
26.23211814446449,94.16315968659121,0
25.663915180571983,93.41131933986397,0
28.325218810174004,97.08035876140015,0
27.501215476975837,96.24008930755576,0
27.241431424208052,94.54277027359214,0
28.037600465027072,95.61434175378942,0
28.803447481411524,96.18169705566076,0
25.7323189142945,92.80496220707711,0
26.831594448051348,95.48276435675308,0
27.945089724399867,94.59935333647074,0
26.041700473142402,92.38011512718968,0
26.388624933675157,90.71269343696501,0
26.758730330023038,93.07665759145723,0
24.383829733367552,92.8524580905571,0
27.1719490622644,95.843066248923,0
27.341287023986666,93.15766258521677,0
24.05449972298268,94.16628883595634,0
26.56448253655998,93.20436276660406,0
23.81227397798446,91.97210438356001,0
27.226065111617483,96.02688263415898,0
25.52017883804437,92.62311424222933,0
26.59033772432554,91.7519144688297,0
26.663768309965405,91.52833149337215,0
26.79657941307178,91.6531835703596,0
26.063834163972903,92.31185193415932,0
28.567885025819592,93.91585348612459,0
27.999117033498273,94.91252549625797,0
28.022300975176538,95.05962827163576,0
27.627746226647297,95.05460201600494,0
25.328813892721055,93.91671945706038,0
27.88610913580844,95.44311968177165,0
28.08243613916641,88.66042976209948,0
29.071042667355226,95.67277944453458,0
26.336775606805382,94.98641382254458,0
27.196133757902086,93.90865454762331,0
26.68235482071714,92.27355719630248,0
26.62634445928871,92.28431292519898,0
24.61215937430696,92.36993772559353,0
25.985420477804603,94.5366254114819,0
28.109633296273444,96.5749221111134,0
27.3703730438991,96.9152011913697,0
25.10169696057199,93.74546890544657,0
24.82039592119542,93.56668688572024,0
28.24142892547052,97.13661994726529,0
24.005888018218062,91.9269557490911,0
29.059983947632084,95.25501147490408,0
24.647756201407965,93.78596998175064,0
26.18105465433361,93.18096113872622,0
26.614331513431843,95.07591702989926,0
26.38999687027628,91.30833960320903,0
25.243166199540386,91.70833719059613,0
27.8626256144147,92.82623774372328,0
26.637255702491405,91.73311424139325,0
23.894674049557352,92.6325376847691,0
24.427233603770212,92.635604618665,0
27.903176227320586,88.35271312465622,0
28.859490904112686,96.24526050497806,0
27.571677637364147,95.57351432822611,0
25.596461216570784,91.50339178060885,0
24.72894129307527,93.7876403701149,0
27.588021667925435,92.34284197528119,0
28.693931125349465,94.71871561650157,0
25.963377914662967,92.80768880732141,0
23.7759635593824,93.0017754572249,0
27.07222994489476,93.57253249109499,0
27.573297540028545,93.5116375684224,0
26.251602347978743,94.05467783174309,0
23.775339153717045,92.77400043449515,0
26.31653879766525,90.7335290852095,0
22.335752755170095,93.0015058251935,0
29.201578097586925,95.84617730759493,0
27.472804663819048,88.62583479661164,0
28.301332884193016,93.3980156889345,0
25.889963893519866,94.23004141040995,0
24.21958174614191,92.36257403057813,0
25.72793968055155,94.99065123386755,0
26.043317363163645,91.62222210713354,0
24.471633940902546,93.87259793944206,0
25.97140094569606,93.8125835982125,0
27.85796543837332,96.40621496363231,0
28.54810142383599,95.18209848495296,0
26.775996388401026,94.75128203978993,0
26.0358639915922,94.49820852759342,0
24.97148468045412,93.46863970453742,0
26.562402223969134,92.75276015230688,0
28.9017898113315,94.56320739437196,0
26.526246610338365,93.40861266547496,0
27.502607628335333,91.98253151255341,0
28.21284226018636,97.27647244081587,0
24.957277183913444,93.54106258493131,0
25.334475539687446,90.16209969474113,0
25.108392888799777,92.68653546099569,0
26.719035828328064,93.44942000147743,0
26.441003347097492,92.71863863837969,0
27.53951952431143,88.62863498025871,0
25.27362582056847,92.92596655532166,0
26.166178484271843,91.7774328885182,0
23.982665820250393,91.54851208000422,0
25.028212398934496,94.02634201380609,0
26.91061986812855,94.71537895994268,0
28.39472706589355,94.79832020203914,0
23.968374622747604,93.52791005861435,0
25.034477095075957,93.84379840095743,0
25.23852026179234,93.18083438480042,0
27.94265142885837,96.41508756874381,0
26.014703449415943,90.55440352954439,0
26.11017731400915,90.60230814165124,0
28.206041497577523,94.125294787695,0
26.965757749849995,93.63674072132068,0
22.29900804283642,92.87832593270407,0
25.53980057792772,93.31390965978404,0
29.013209050313467,94.25065920088186,0
26.45189403446032,92.66435226577116,0
25.67571885613332,94.8102441887764,0
25.221832675189372,94.43699750231583,0
27.168833953478025,95.50067917373521,0
26.381876489586883,90.57896170611669,0
27.437774550517606,96.1966968777706,0
26.89674338879258,95.56139114795212,0
28.34912415560726,94.5136260708314,0
25.61776557570932,90.38694224634924,0
28.921518444739636,94.64845341782072,0
26.19694504533333,89.73288249140141,0
28.286815468303498,96.11863277770266,0
27.138315672370354,88.7367235372166,0
27.91609410489313,93.06667013095507,0
26.65765772372944,91.00761905822682,0
27.923530560278003,96.83388312625023,0
26.68296958057949,92.50986001571798,0
27.511005353767477,91.95639355398059,0
24.10549608266385,91.37652620476858,0
25.815145304957362,93.69730522341858,0
28.908962348474944,96.34388514314844,0
27.664943822544735,91.7186370314729,0
25.97192750814842,90.13967322582928,0
26.324654749695945,93.56274019037453,0
28.022720369580647,96.11178299132716,0
26.100542906580085,94.13985303386221,0
23.899619647601387,91.54378213742685,0
25.67916082261501,94.76620838453213,0
26.417985811610794,92.51760163586789,0
26.211007968551478,94.352464439706,0
26.895764292074116,95.47604870139192,0
28.4607063777351,96.01517142049764,0
28.255424609490877,94.6644630568593,0
27.07275029564529,94.54471839743601,0
27.62681102331725,93.81072138837608,0
26.01987898751252,93.94213207755585,0
26.017074120355236,95.11990509180168,0
26.623425105285072,91.26106849255066,0
27.76212333210847,92.5876854236386,0
25.305900696576423,94.39091178248107,0
25.350620063402864,92.02016352400969,0
24.00448181134948,94.11396061917439,0
26.7631232859083,91.94810581314783,0
24.010810198131097,91.76975704852981,0
24.724093001630347,94.09418234386449,0
27.773181535975997,96.16577629684417,0
28.305548160800488,95.25720241850384,0
26.658120072476827,95.13158492692146,0
25.187947955647974,94.41047289441624,0
25.625305176029627,89.93284791624681,0
25.368572968158883,90.95190042235237,0
25.56379232966721,91.70722308839086,0
24.146284843133884,93.61747486904723,0
28.431291585289816,94.54042642595255,0
22.736275507152502,92.53078243928312,0
27.247480492615274,93.80368287054569,0
25.842225831722892,91.09284882984048,0
27.151250163990714,93.32893098136583,0
27.276669474841118,93.97523785792153,0
28.511560702536727,94.67508249608682,0
27.98850223395727,94.7143522063922,0
28.11665309742838,93.14334001890653,0
26.80319475410362,92.25203450792273,0
27.46966441190522,92.94345639695644,0
25.702694301412862,94.1680907928928,0
27.37598389010978,93.21530743990914,0
25.41686432838007,90.46520608878447,0
27.400660965630788,96.15179657235939,0
27.419089473538065,92.1192821316428,0
26.398598103892226,90.62216069328136,0
26.711917127850022,93.84477062338185,0
28.797944068388876,94.74395385718574,0
25.830654576834327,92.19331815745286,0
26.413819153872527,91.38842987439472,0
24.396498377119894,94.13773843086892,0
23.820351361550475,92.07487797340863,0
27.280089083865505,93.7944400162573,0
27.428226570693234,88.34805565249319,0
25.524392413621307,94.21342733788862,0
27.997457783542025,95.94170103740389,0
25.761873420673865,90.99879921421086,0
28.495092569689497,94.01172005111938,0
25.836993071733225,92.28063877053512,0
25.290545956198873,94.29217796137944,0
26.610509528567615,92.67142734153903,0
27.046168675049667,94.47002592745201,0
27.816354078590663,96.18708429579597,0
27.521085195901676,93.32509481265012,0
27.677169079685545,95.59145242572887,0
25.32756761915162,91.67345927997323,0
26.98961054708029,93.66429418207638,0
25.443113796986093,93.80362853148632,0
25.563733490930773,92.87674248184949,0
25.974073130544912,93.44269423256007,0
27.719209105096397,93.71061542269766,0
27.343196591061016,95.63182827338274,0
28.721743061143542,94.09328039744932,0
23.883440616942742,92.57564480446551,0
26.53927237264,90.94033868320686,0
23.882082212190497,93.31805369019484,0
28.59449513970989,95.72122955720461,0
25.04732533548578,93.722745689171,0
28.709655872912297,95.92050022200345,0
23.725076140550648,91.37034379505522,0
25.354339613120157,93.84333464625799,0
28.446401069713502,94.93759744861514,0
26.071971413116103,93.69285559189782,0
25.695453798377955,93.57395934852549,0
24.99088461506522,94.49628825793141,0
27.919032124182923,88.61848592133472,0
25.996621014253066,90.23075688658388,0
24.394304130714072,93.00490055474758,0
27.462382819881114,93.23820354672884,0
25.95893493201536,89.92803131458322,0
27.94612021657281,94.24985094759009,0
23.09108785576748,91.79388552136882,0
28.303438250005374,93.07131938496522,0
26.654178097402514,92.8930899384741,0
27.277618817785427,95.34015266327505,0
24.25210904366288,93.19545791678904,0
25.31698821149523,91.75123018646309,0
25.838032223962966,93.63129927839022,0
27.994376921023065,96.16688036269576,0
28.152011683346892,94.02598160767722,0
27.718733527349656,93.69505900447014,0
25.753067601801256,90.95880081782852,0
26.85283610937489,93.81425447002256,0
26.640918900849293,90.8914107007842,0
25.162774637226022,92.95044813028242,0
27.457379246420647,95.77112293760864,0
25.576170519350672,91.92568936889424,0
23.569981171867934,93.0262623615506,0
27.934176038301565,97.18097042899764,0
25.242813270081385,94.43477794601759,0
26.75547985171744,92.33783210985486,0
28.69880124324949,94.20589029653891,0
26.578024210212494,93.97147882516514,0
27.081765758716333,92.81091289483292,0
27.71194414818259,94.20378837818231,0
24.826990839159865,93.84711317721266,0
27.792454281951244,93.778049217469,0
25.946141322654466,94.03328515217764,0
27.59332735994155,93.47018180915677,0
26.878468845351332,95.60961765453385,0
25.200679456302225,91.52387649247669,0
26.571194967687227,92.1332194527109,0
28.30177181029767,96.11270760154073,0
27.415979205259614,95.90575665841422,0
26.881787207366887,95.27981992961236,0
26.028001290132448,94.85838942811405,0
25.78314684359105,93.5361661215983,0
26.195463570381467,90.81867532107593,0
28.531546424044926,94.48406317940484,0
27.689184034298105,93.97757106757093,0
27.48070024031131,93.21289349045973,0
27.395593523860562,92.21328620738191,0
24.627523787375267,93.79923973381135,0
25.57640307655635,93.51541790272853,0
26.18461806560027,93.44173540621004,0
26.502220209154267,93.26298117304235,0
28.01707984607118,94.35974639403152,0
22.526104114036045,92.69166543852384,0
27.269141850903765,95.36686106474204,0
25.210745262232454,91.1187548572093,0
27.499057278436158,93.61825216508521,0
25.122797197404605,94.01392778269842,0
27.874354055842414,93.97815376957341,0
26.383304270339433,93.36702361867863,0
25.83766570309162,90.59871947520435,0
25.16839731530148,90.48522345664422,0
28.264754460959935,96.21902914755181,0
25.59077528956172,92.31397174292468,0
25.68306772310706,94.80804895538334,0
27.45107109246488,92.10245595991942,0
26.891358240402617,95.04581486577023,0
27.808126502619952,92.2209735083818,0
25.049590521108083,92.9999847076214,0
23.906075996010244,91.96400912575399,0
26.861682450581014,90.42302763971004,0
26.180830649623644,89.89591494787813,0
24.582815918737378,93.69756655048045,0
22.811270825781353,92.91832759242445,0
27.36953375684542,96.07465531728327,0
27.2225749767431,88.6466376189048,0
22.5616269399469,93.10034036917318,0
25.603824387834283,92.31494861205704,0
25.053248764028908,92.35479484314617,0
26.059888482294564,94.0998612388027,0
27.808312070047425,88.47568590311715,0
28.479091065994407,96.29041450051996,0
25.327883761735674,90.29301923955948,0
25.70446806377798,93.05808586899735,0
25.86524440450217,89.95667560155519,0
26.736624428806845,93.42153998144978,0
28.752135899558596,96.08617617593806,0
26.58905286108578,92.14164428933408,0
25.92768776042229,93.25331130478756,0
28.655856959818408,94.77509898962327,0
27.40409808251081,88.74954595056923,0
24.64556141308448,92.3291168901955,0
28.17173219449963,94.69767330326869,0
27.597664139485786,92.22821364562198,0
26.629847570152332,94.10688729322936,0
24.394407753472933,94.3156226829888,0
26.780202351214403,90.63710330105827,0
25.808852142270993,94.49721195459821,0
27.693234196327445,96.18773900359635,0
26.946493931451922,95.3932570278548,0
26.17168259223725,94.28437840046382,0
24.817709452902374,93.13063907589489,0
28.86301988973172,94.97410165617332,0
28.007278972479707,95.09092560282183,0
26.01960642386976,94.58829452170595,0
26.447522994429846,90.84852990357454,0
28.335574760454243,96.5064968529286,0
26.419394110524408,94.25986906854911,0
28.201121744387365,94.29335450812192,0
25.19552572742757,92.86205112958586,0
25.213743018564944,91.01513891048192,0
26.710813863915227,93.69663755051525,0
27.2499588931403,93.55567251602452,0
25.78873077100307,90.2700302833761,0
26.869837831172212,92.58185148926681,0
25.75520243415986,94.95396008694775,0
23.42500166073282,92.54232244158648,0
24.062931501451985,93.71529123715787,0
25.814912475892882,89.9878078794825,0
24.16122121978846,92.81952858765368,0
27.24775599481377,92.63556394102255,0
27.292843535855166,96.51730361901141,0
24.279735163393354,93.690213593427,0
29.127811035748515,95.77903535851443,0
27.12833791325052,93.6683599877519,0
24.730432750247417,92.30087008352965,0
24.672198598246798,94.34137913621839,0
23.01804379395549,93.01399400603121,0
25.598819337437533,90.80645585449213,0
28.325695677239292,94.13480024527973,0
25.18449622206577,94.47422633257405,0
26.327954709870273,91.01435967177036,0
26.476345080524904,91.49869948871543,0
27.134267490403342,94.6215368921888,0
23.198295650627113,91.56839242010803,0
26.75081702963459,94.0583603168742,0
26.513399639743227,94.34764867252723,0
23.58281024347385,91.47369380088345,0
28.186138037066748,93.66676331441786,0
23.108735180510166,93.08143278398977,0
26.03579855545589,93.19747747226596,0
28.22294877284226,95.17018353373867,0
24.225810791578542,92.15928910617257,0
24.567415339418016,93.2317471874162,0
26.671826074561867,92.17572231532168,0
24.97868824990809,92.5997888447675,0
26.242408351975254,93.84543039716428,0
26.044935969449504,92.4723800560286,0
27.353525738172095,96.53650109372242,0
24.778577547655182,93.51693195897352,0
25.66291216795204,92.80445629312811,0
28.480519994643494,93.42528833328191,0
27.69049558809981,95.77681207213071,0
28.65592019773806,95.98645899694391,0
25.79769722319588,92.22143957804467,0
27.394996927097072,94.45767612871545,0
28.194252215976533,94.36532331940352,0
28.230097554461928,94.94309135779558,0
27.735878687635555,95.08069339885114,0
29.075215398408353,95.6293907067146,0
24.207201321948737,92.9100203366937,0
27.263103966213606,95.45686724840088,0
24.170343790002644,91.8164551953112,0
28.936899062174117,95.58065966473481,0
25.5301017797779,91.05196440353106,0
26.75290230970963,90.14099818897844,0
25.338245854204935,92.72943855990799,0
26.662391345300247,93.49840541092931,0
27.98876669032624,95.73741479457266,0
25.873194711079194,93.18599305501795,0
25.67607531758351,90.58661269503129,0
23.978837877844295,91.42929927803632,0
28.657763789900667,95.43567658866787,0
24.872088244713773,92.64529848262933,0
27.25714000614502,93.94020981119898,0
26.967261921968777,94.6888808731751,0
27.195526141599903,96.91816939382815,0
26.79034191661649,95.32816145935229,0
25.39867615486594,92.0801853943019,0
28.338629114528548,95.74298035668836,0
24.173466378526737,93.68824230727591,0
24.92543819816834,94.03314543365597,0
26.439366634338793,92.98618062831899,0
27.762996897422717,95.27479958651743,0
28.02183279434901,95.24404827120955,0
27.816189011243516,96.44884999838365,0
24.227574029549363,91.77143792942138,0
25.576913431492134,90.35953338445026,0
27.820177531507785,96.86465378124096,0
23.639455373174787,91.48292610800637,0
27.842529848161874,93.84815387211249,0
25.323035957500817,93.9082355546227,0
23.771601485395752,92.97483737163937,0
25.21357169408501,93.13040380081503,0
23.904540463056247,93.33841824786028,0
26.424748685900735,92.11189772665347,0
28.77799739932905,95.47327246997676,0
27.368604553527916,92.47895161699559,0
26.757822200282586,90.33965388167562,0
27.771602309342097,93.30764902817002,0
26.946721644460677,92.51820928535396,0
27.634619587927293,91.68340057329624,0
24.641385619561603,93.40991103632662,0
24.65267077310674,93.29027979810039,0
26.323011131673333,92.1091261255309,0
27.674848946444047,92.85202807087101,0
23.490180786541593,92.68296098769206,0
25.036690679011173,92.7653970976564,0
28.23122817704886,95.63339385159686,0
26.871179734463055,95.2298811210846,0
24.0781056530103,93.06091570775004,0
22.356964355572817,92.910656494861,0
28.337291143453157,94.98315382639427,0
24.229338406693035,91.99646769815455,0
26.935775179745946,93.54422129245322,0
26.466210106196296,90.51374763013352,0
25.788035687660436,92.8281243223888,0
27.182849743523207,95.76400758734265,0
27.207088681115433,96.03645027179631,0
26.178385934715003,94.80743241447436,0
23.16989301880656,91.62276666541341,0
27.470817490693314,95.38344409940063,0
29.261325088628613,94.63596533668124,0
28.105769661233065,94.62916262330606,0
28.447592827152224,94.76308356588218,0
24.939647094626284,93.18646157376128,0
27.954727376217825,94.3234483950608,0
26.639637083911794,90.37154316551248,0
28.23347863235396,93.3719675614157,0
24.11702148198021,93.15010502180778,0
24.46549973778899,93.81380903756025,0
27.794325073450153,88.63047256696773,0
25.195805131414865,90.72827092714704,0
26.713951504151513,94.29737377300819,0
27.2523105940444,94.92595811208874,0
23.93575563728988,91.770633506747,0
25.561716536092582,89.97885486401603,0
26.65333694385903,93.6212688641723,0
23.960633547013312,94.05880296406353,0
26.5424524562352,94.62285102408059,0
28.483691737972244,93.61861480515599,0
28.59881791742959,94.93717516174694,0
26.349545788243486,89.9335630882537,0
27.072151018970686,94.57903550887255,0
25.20411758489362,90.4791028785507,0
26.57549932579908,93.53147586569509,0
26.51475619136837,94.8655256951028,0
28.219271958731536,96.96175639738748,0
28.135423853629216,95.57637547289963,0
26.569223699359338,89.90584673604026,0
27.50339616673602,94.9772437166079,0
22.461400493990396,92.90101779571326,0
26.009658719477116,93.48248711286108,0
25.165670259328152,94.5933959400499,0
26.84605360143898,92.16046988215794,0
25.72514433568036,90.85967774728837,0
23.906088406700658,94.11915532511829,0
28.59705064974412,94.2509017187616,0
27.094191719146004,95.63664393556972,0
25.989394865052265,92.83850675197506,0
27.87704073205558,95.7913255671595,0
25.754228405046543,91.35295443548682,0
25.744525293147227,93.1938446181849,0
28.265476106196484,94.36736061351563,0
27.562374788240906,96.06709648185947,0
26.553118259125338,92.13154439860392,0
27.46480658282453,94.74986630976873,0
23.1632012061404,92.84143459165728,0
26.534613997772503,92.87705303000077,0
23.708163080337496,91.71288696870171,0
26.148408764917644,93.77878265671038,0
27.204198575331894,93.07948901174437,0
25.055806873306576,92.70272453045585,0
22.816019169634554,93.00073904831197,0
25.748281213715362,89.9647491277409,0
26.178193794283075,92.45979183533859,0
27.142464275497048,93.89911566965489,0
25.97942235553095,94.7708897185195,0
28.11757262739327,95.86894015917031,0
28.574848537087295,96.06007189751824,0
26.03026848966148,91.67350852729265,0
24.370153017835253,93.243743847855,0
25.44324305189733,91.4970052902652,0
26.893276602392074,94.77832303118683,0
27.757130333485055,95.56180133735087,0
22.44629137049509,93.14427977425957,0
27.602018184834826,95.3463696333509,0
27.547719913899638,93.82764502177038,0
27.567718058021082,96.36448661443113,0
27.629402564927013,96.53381665304056,0
26.883571562875524,93.60486961082046,0
27.353896017909992,92.4510692911988,0
24.828316997714975,94.50361677720936,0
26.89957096468393,95.70406919327597,0
26.4108660481082,90.08148255505614,0
27.794606896274157,95.6610239730046,0
25.202357561988567,91.4886763973947,0
26.12899669293185,90.31748298378281,0
28.29671583273359,95.77251032432952,0
26.276031973741272,90.36623854281788,0
26.63895961573317,95.16225978635646,0
26.66168957974904,93.28885462776665,0
24.875800063525357,94.60744150493917,0
26.42444228176105,90.17562472371603,0
25.919254247784274,91.234681861864,0
27.321888021834695,95.55096482191465,0
27.03893256076286,92.27336509353108,0
24.756878707183542,94.33184033617323,0
27.16202790953158,92.69965979715425,0
26.835020307184713,94.53834473804244,0
26.46760623013433,93.96375986393696,0
27.226582869162375,93.72426022828341,0
27.977102695694047,95.88442317501836,0
24.97949691955508,92.59608799191311,0
26.421283856392346,93.47247927813137,0
28.57173927142377,96.30648497542629,0
28.599744560465528,96.13688349430252,0
28.050553093321014,97.18046807018322,0
28.992994071803608,96.0492124859386,0
25.461038548341648,90.20305242417223,0
26.18396599408341,90.86411067214644,0
25.761913581838975,93.44677883649776,0
25.609556619433604,90.60856048364862,0
27.41824126106825,92.30532644523858,0
26.983078624252066,93.39153783981537,0
28.435968176045254,95.31801085542284,0
25.993931444914704,90.97374401352528,0
25.607653293897727,89.88382013125496,0
27.700672266855612,92.2617411014111,0
26.319555907532195,93.32828118523847,0
26.813421840581793,92.60033736654466,0
26.0913391530019,90.19249804392179,0
28.326569613785832,93.23064980975542,0
24.595837168058143,92.32075096163697,0
25.46529614285935,92.40591138429586,0
25.191665758520752,92.58405907783857,0
25.790040962905653,91.22277728568537,0
25.730482531245734,92.79119444073325,0
25.254027658627212,93.17268097876271,0
24.065803202347947,93.6928459979195,0
26.211436643268097,94.346682586045,0
27.06690200412738,93.73976092686455,0
27.26665542887334,88.10791063506589,0
26.638214455355243,94.62062548495915,0
23.91412212610674,92.18280647734406,0
25.73030415125557,92.2070346144993,0
25.47797146584516,90.36220700604677,0
26.29441380171321,95.05839164906308,0
28.07258621544483,96.51173038845016,0
25.045463738126365,94.20608667799087,0
28.766164672360286,96.45117282809167,0
24.119456232481216,92.99116475050545,0
25.22022869057439,93.58650210178965,0
28.973838486831664,94.20246925249417,0
28.723664691856115,94.18409875659398,0
25.448422353409796,93.41015503406979,0
27.523379588263605,93.58664460517704,0
22.724384541994255,92.99882090305098,0
25.39591409570128,94.47234301709689,0
26.55310692814191,90.15056168227055,0
26.28369412983237,90.40182496621335,0
25.584804042209203,92.39260812958136,0
24.233852891042364,92.33000172521739,0
22.19096337007698,92.99234581224988,0
25.023389980173228,92.47729210884187,0
26.094149342684542,91.35046060616365,0
23.866329548628663,91.55116641205136,0
23.312563091098287,91.7550818386544,0
23.692032085968556,93.22409187703336,0
27.46861202688826,92.71825616575994,0
28.957763402557326,96.36825170802781,0
24.987344824432444,93.89562855674181,0
25.942966457919685,95.03861964023443,0
25.174689935481194,94.33548425533907,0
28.157957743567906,94.8815639240599,0
24.27437852929599,92.83242372325618,0
24.400475221875872,93.37178354211761,0
28.020901068640637,94.30906139760849,0
26.92387168790808,93.66465847505971,0
26.05671311981251,90.91090920364707,0
28.708791822203015,95.13626745575954,0
26.489545229786913,94.20396732860155,0
24.911644112342618,93.38164221815472,0
24.94741644316069,93.51414770644719,0
26.09015746300724,91.53659696847012,0
27.999634848933685,95.83039825025737,0
25.283338533347468,92.63232515173154,0
23.163313828050935,92.9774989030638,0
28.02664589835934,93.37361333914491,0
28.666816899911804,96.35798676472997,0
23.75738026809824,91.89699019986396,0
28.176516600465114,94.32315205204048,0
28.163514358637237,94.32968652163115,0
23.120387799199488,91.77256526783621,0
27.875656164673195,97.19195464081574,0
26.303689596845558,94.18069966499024,0
26.621257251920657,92.396441182334,0
26.19378861295448,91.1226582405721,0
28.333528623658445,94.33886680625363,0
26.498752548069316,93.57570950104406,0
26.28328201001836,94.39527582360951,0
24.02574147842461,92.05675875177299,0
27.583864367712835,93.8735770738253,0
25.44757332830863,91.1499572858784,0
25.16235756262459,93.91121816780407,0
23.263568906478792,93.14265914478752,0
25.722810976337414,93.29139785987428,0
24.51856645586003,93.62744836455761,0
25.896423949958585,90.78535553013482,0
28.733882937256695,94.57193238525765,0
27.031712442185277,95.43007262783237,0
29.08033608739646,94.40365314391337,0
26.72553635354482,94.20752235990709,0
26.142985612359862,94.23137050158391,0
27.821385677013847,94.85163681491487,0
22.5867417206177,92.83784084496953,0
24.8145070278936,93.1510639419397,0
24.87906957696954,93.68643208589789,0
25.959365583426727,92.1813036312725,0
28.079489225061575,93.47503830213532,0
27.227665179138988,94.50890549111344,0
28.519977689823126,95.09631718741811,0
27.45922289618957,92.69509740356328,0
26.602852619608054,92.1668029613935,0
26.032597867840504,93.4929214474486,0
23.709984119620028,93.10854235772803,0
28.13402102705602,93.99559096523333,0
26.563724729375476,90.9069584616171,0
28.017733267479404,96.44936108881546,0
27.45853501031651,93.47625413594788,0
26.776807811252898,91.43550077028767,0
23.377971033112733,92.3984663870133,0
26.138813937266317,94.57182595362258,0
27.66116915538611,88.528029829514,0
24.92929368106587,94.31651403066697,0
25.754824365810613,91.21306738758302,0
25.27857773404115,94.17305253896949,0
29.020013994161932,95.68026203475692,0
26.336769183579122,93.64525582947198,0
26.439987182188286,93.1856389771899,0
22.543170642863846,93.0709097976422,0
24.177685022317945,91.75645282844872,0
26.440496603520298,92.07245861988704,0
26.360143167036927,95.07132163528941,0
26.7024067759849,92.48144667952313,0
27.833112187015285,95.79111627769858,0
25.839203092151227,91.82395991902433,0
25.57391073107413,94.29195759818042,0
29.09639551459055,95.64365292752832,0
28.030103983004036,88.78855992511039,0
26.805392708487965,92.13565377757595,0
23.572602540217378,91.64312895005595,0
28.157926297085783,95.7223704781299,0
24.61073259299818,93.50953771986595,0
26.514534909231962,93.0809534703183,0
26.64005489396934,90.0921858411703,0
23.340215121051273,93.35574478600654,0
25.594716282213763,92.80855956636951,0
26.219016299721503,93.38502765317557,0
28.24843949752974,96.91068382841009,0
26.127551931160617,91.60497633733108,0
26.786034813086488,94.28843938870452,0
25.638465425806114,91.87553668547787,0
27.446112389552553,93.62860995425993,0
26.06910170815022,94.3464666780742,0
28.17915344105384,96.23135697716569,0
26.308914685865034,91.95487730300532,0
27.988402998179883,95.83244576263833,0
26.083856765538584,91.91798370630724,0
25.864128652154736,91.7988620959188,0
24.92979172859647,94.3146183234967,0
25.59321592375216,94.26415203897614,0
26.29070026115938,93.57039124916359,0
26.251630818639892,93.19561334736188,0
27.957390384279904,93.32992755653105,0
22.949889215220754,92.59948557392839,0
25.82319625543842,93.61922973314076,0
24.101580579166956,92.66959752487271,0
25.02132621854633,93.16657490447007,0
28.823618391299444,95.06802567210786,0
23.30958648489345,93.3603404380955,0
26.385297167769103,93.21130082376695,0
26.589144672059938,92.01281502247396,0
27.969971138423546,94.28753282463008,0
26.2071118348932,92.31347944770937,0
27.06781356429603,94.22232874584861,0
23.52441530133349,91.89329290423348,0
27.708477094826197,95.34799473302644,0
27.446324036231974,94.30799365199924,0
23.506169711769722,93.38757521926486,0
24.3023642022994,92.74422697669134,0
26.81416662081191,92.01990072796839,0
23.97319573628513,91.84062878647414,0
22.76726568072856,92.58190384448186,0
28.530693785044306,95.62135154880882,0
27.685539015444526,96.05611458637325,0
25.713536261491637,91.1425829555668,0
25.797040455401387,94.04884277415552,0
28.425748167691633,95.5578593374074,0
28.060691673655388,95.07178673890883,0
27.538636471528097,94.62231304586179,0
27.290913553540623,88.51259185160279,0
23.209716677660257,91.64846928043941,0
26.508556342905106,92.80153868450924,0
27.27431566900261,95.78553758288409,0
27.20269224062725,94.29861794622153,0
26.70643788384985,94.36896079094534,0
25.86565500895252,91.25572461000125,0
25.77937032707963,92.75100109339502,0
26.435961019555506,94.21669560075797,0
25.40031168891709,91.95322963162465,0
24.36792006263843,92.82113078973157,0
28.269415939066384,96.61875922754896,0
28.94610873884675,94.82454021769063,0
24.57922536342003,92.81641479331006,0
26.62960073032771,91.53074859880141,0
25.288950085433484,91.23782627511444,0
25.782128799284422,94.32507933555516,0
28.44890009887073,96.11772665210103,0
24.145110300492917,93.21125581398496,0
28.741594647172885,96.26369753912061,0
24.437847799091045,92.63867667000304,0
28.984713433955314,95.25771043901673,0
28.08811355605025,96.55793026316162,0
23.15203939959168,93.10999560086393,0
25.731765078312215,90.94522129576696,0
27.507043725983234,95.48034482405504,0
22.60482605152002,93.13203951880244,0
28.04575440525756,93.87825624873273,0
26.730591809266468,90.95924821034653,0
28.09339696404437,93.6050154297044,0
27.20010846306188,93.64208307975608,0
25.455908666352066,89.97001874665337,0
23.42083868463183,93.01941149631416,0
28.59541199137721,93.61699903836043,0
23.65772892683995,92.38677218630835,0
28.8709926515002,95.01231541276557,0
24.600095732394742,92.6023818848144,0
28.058130014840213,95.16943782954932,0
25.209838668466794,91.24453555798803,0
29.0273250811869,95.49195950628629,0
27.54283951019253,93.85332895749492,0
27.59869691639108,92.22820083361381,0
26.729024980711614,91.3630126347771,0
23.485805470373542,93.12063732405963,0
23.575589325488647,92.54689656383586,0
27.286115514688653,92.93085869042534,0
25.296050480067123,90.4169615746302,0
28.275696758681853,94.23852967444844,0
23.101111271741164,93.1652812562523,0
26.466404783273166,94.82177296391635,0
27.745077248434253,94.87210330028559,0
25.514786343278605,91.7182935193548,0
28.325468607848794,95.31323429167661,0
26.742842678852128,93.02730194493881,0
28.423249608935638,93.25890544792108,0
25.227919770629423,94.23923828074109,0
27.32073190817891,96.94455653121645,0
25.950558515156356,90.8716367781154,0
26.48022046335975,93.29790890646275,0
28.898833456797586,94.85798950827599,0
26.492258852399203,93.84700436502743,0
25.936862290082782,92.60483765031007,0
25.85526151053437,91.16653594061957,0
24.032486806972848,92.13568815070849,0
24.565333983159785,93.23598072005755,0
24.420869247404056,92.7249101808071,0
24.483938926568904,92.4719681231274,0
27.53805099919164,93.19166772881404,0
22.588872213899716,92.57201057317457,0
25.18525275943984,92.54938280678307,0
25.724632599219394,89.87885010717913,0
26.304991561508757,92.22514111389363,0
24.455019514480224,93.35239273108654,0
27.236246295446822,93.64085308328454,0
26.689739772767595,90.69425949970018,0
25.58347819172783,92.29056735656032,0
23.830853431980618,93.12743408660052,0
25.83211451284919,93.24812978007598,0
28.97918955361425,94.43544162327076,0
27.731306936927673,93.46417125068554,0
28.73084484659461,94.10485658066156,0
25.471193415540178,91.09605575370026,0
26.211552239783458,92.00678820748423,0
29.03680885426421,95.0871592946702,0
24.683570372057552,94.32267379521832,0
28.94469810695165,95.21756315940026,0
24.07458747059547,91.67448054217381,0
27.360791290953248,94.03552982742387,0
26.532279098151886,91.70830476616126,0
27.548612579783114,92.1742525520434,0
25.511257245711512,90.85317820683697,0
28.621984060143454,93.48308668068282,0
25.10681345771158,94.21787558547632,0
25.03873819454954,94.55162140795909,0
26.931447621547644,94.48903509681945,0
26.330433561627782,94.71872819324743,0
28.448792237042788,95.51491942898478,0
25.531361585699,92.30231368543987,0
25.473019463232887,90.7703200680992,0
23.661754419758548,92.4467246698705,0
27.302561805696975,92.32409203712545,0
27.3258091846199,88.9144689415971,0
26.51938049449829,92.39734181311928,0
25.986453012911245,92.07668593037444,0
28.653265821093743,96.37025302127019,0
26.57812985046108,91.16796670782674,0
25.364579101269996,92.78357214113169,0
25.79744944200724,92.14038795277048,0
26.244317872208004,91.16451919710153,0
29.079894835367902,95.6528426445505,0
27.17550963127922,92.22732305527958,0
25.991791149847824,90.72942379036354,0
25.00842716754726,93.00828867109192,0
27.193159965475978,93.10648567790702,0
24.74481891283067,93.72429651110659,0
24.52772092588144,93.40373551100124,0
25.7271259838242,90.15078752074653,0
25.800818683933333,94.07268854091609,0
28.464492085361737,93.36759001953477,0
25.90481528057636,91.04123087993621,0
24.366638608780548,92.6211532952627,0
26.29670216665678,92.18461189456436,0
27.34487789354873,94.39660729540107,0
27.52872172170695,93.59884570818808,0
23.586623590435316,92.34429008905154,0
26.618507710806995,91.27921704391404,0
22.89340493524532,93.11200978182725,0
25.745004092236368,90.54254295294878,0
28.40659318937014,95.32379750176625,0
27.432820963798267,92.19157432826906,0
24.018802817249732,93.32711667952846,0
24.464693198439956,92.46898906826462,0
28.657267743493765,93.44531966032973,0
26.715238824023327,93.34412835517243,0
22.330734485138652,92.87676770341685,0
25.63434282827139,90.23129028971144,0
24.38257253094463,92.74110900792233,0
25.427211053665953,90.46890713066955,0
27.253414251940434,96.14228889195665,0
27.718474728683503,95.59347689615693,0
25.40280509866273,94.05170438016458,0
22.203938322842557,92.96655094879254,0
24.15243636829694,92.11020006130558,0
22.952120371126007,93.11773272157487,0
27.94029155922724,94.50191619730016,0
25.47375499458048,92.9609183838249,0
28.162179196011376,96.17127197593702,0
27.28055617265402,95.83639817741691,0
26.75107555916202,90.5987391651193,0
27.41386145641141,94.5420922021898,0
29.271350307530632,95.9030915189683,0
27.215405672890626,95.7543593720817,0
25.483845805755703,92.0256726580518,0
25.897765870863036,90.9548053305927,0
25.54520225751359,91.40786429193975,0
27.341550740157473,94.21786044505879,0
28.63397420678862,96.20145544030368,0
25.411653239702147,92.23056749826401,0
23.39835652073995,93.16483213865037,0
27.65792091070008,95.71005972410751,0
26.32832998962739,95.08481837728392,0
28.289730531050854,93.52408307559801,0
28.132789984606436,93.38129907246247,0
24.01462032895038,93.58331905972123,0
27.41621583106794,88.25426601186969,0
26.32819542621531,93.86691798648936,0
27.030547823254953,94.9576932157853,0
28.421701346810966,94.36230441703943,0
28.236721501419566,94.61607516533876,0
27.5179112643337,88.5275885429851,0
24.314262057406633,93.9880280268172,0
25.652653241114617,90.2541942647184,0
26.421534807879368,94.40528207533991,0
23.85010448560216,93.29320347778571,0
28.788598877142377,94.18038402647471,0
25.99796091656586,94.14422763390483,0
27.09381276322244,94.35456173890076,0
23.951948020628485,93.87842262047727,0
25.19067422787868,93.90461287938258,0
24.286376448315224,92.13441893377758,0
28.996281510476663,95.18831367874657,0
27.47663305574449,96.21469171466609,0
27.3869342100318,93.94568614276214,0
25.000958800351118,94.10227073590899,0
27.94894777749581,92.72124814581855,0
25.08514615844783,93.89507777179308,0
27.461985339867326,94.65445552359265,0
25.975116609510653,91.41583962438774,0
26.701207874515255,93.67059676959127,0
25.75337799109454,91.03464850859763,0
28.434077926900553,96.02388215538403,0
27.69694290103598,91.8173802929449,0
25.85529117974087,92.28659474955214,0
28.209174578033736,93.90414784484499,0
23.891851685477956,91.93526665855329,0
25.62754458952864,92.22038714535633,0
26.6455658901896,89.94081841221036,0
25.613613250615145,92.51715264883954,0
26.36171107189725,94.73255721869201,0
23.396680199456693,92.63620304741417,0
23.799992344357037,92.37608476279522,0
26.042337829293075,93.91948089633074,0
27.81759176277776,92.1939047725461,0
25.09966197167068,94.63818943650826,0
22.58039384016858,92.86322446672102,0
26.350543363415632,90.70287159470932,0
27.0119305938244,95.28593762047545,0
23.71049545191278,91.89577637867976,0
28.1710626811383,94.39744383100921,0
28.0504100132957,95.24061304756901,0
27.768433028922043,91.81367909263165,0
28.125708585276072,96.81676717451111,0
28.34015714290939,95.58157529828105,0
26.293328840888982,93.04795809557866,0
28.151376005584748,94.26201234444564,0
25.711647033147884,92.32600939152512,0
27.722765300074663,92.72507263257592,0
23.07219492732578,92.5729668644011,0
22.49492260997144,92.8731727799288,0
28.096743878126546,95.56226154537798,0
27.63299576218867,92.2712916278618,0
22.62014240661465,93.12485004373771,0
24.631684410032225,93.8318023740511,0
28.531455496024485,94.71901833058467,0
28.987112809951462,95.68799817478529,0
24.92191277067009,93.03002326015152,0
25.646769614298186,92.44045765429354,0
28.194987005878005,95.97180106512293,0
26.270039541977262,92.6236262731722,0
24.467071842059088,92.57930602096327,0
26.041040289342217,91.05889241072232,0
24.63759390298333,93.17688925821922,0
23.888485474419568,91.58637992207156,0
25.37789409673316,90.33496359973165,0
26.191057151105717,91.20114700091982,0
22.562874905756175,92.64441399931225,0
27.862451198294146,95.54335049541099,0
24.210873890364,92.7925744832088,0
22.52959956680503,93.06533369907699,0
24.675049298683476,92.39416915391243,0
25.625537995363693,92.81362349228274,0
26.02403332060639,93.43916296391407,0
27.39326891738715,94.97970365825906,0
25.61500736343179,90.43314956578995,0
25.924824676855504,92.81017191287778,0
23.234452235494842,93.26463160561917,0
27.92230231673888,88.18874938085966,0
26.790968766616807,94.54051138523928,0
29.00278076643832,95.38480439993941,0
24.976581657694275,94.57090342857875,0
22.875548431511085,92.67513762587222,0
27.991356922977403,95.26871683744234,0
23.08152199932236,91.55876354090289,0
27.263521178199944,95.49377757072483,0
23.262387237563363,93.19668077075782,0
26.855275066445202,94.044297485101,0
28.658288603133695,96.17491929971877,0
27.536976491795386,93.11000072657127,0
26.51151523601723,95.09072594477628,0
26.092435226850164,91.77418080064987,0
26.953165870344854,93.81492430678813,0
26.748589578496105,90.85968665452627,0
26.87320589620829,93.54605567374145,0
27.317293442447475,95.15495904447835,0
26.208949202980914,89.98254375921445,0
28.56211721723746,96.18412928818958,0
27.818659237677586,92.55565638515537,0
25.285017569425197,91.61682881185175,0
28.05255923251996,92.93884745450207,0
25.89554200172042,91.41901681730792,0
26.292864973912092,94.7764703986869,0
25.79064421331455,93.79311457979091,0
24.659286223117334,93.12223264371261,0
27.283869795666483,88.36247198085877,0
25.78673393621905,93.05250593863293,0
24.105473691359684,92.34517323915226,0
26.792708145613812,90.33998473599462,0
28.166642160924066,94.12064159777155,0
27.303409967724193,93.59871907595249,0
25.40534896715585,93.07502027244716,0
25.468175663338272,90.30325119583286,0
26.339516615576667,92.28430831011525,0
24.495493148914097,94.20526003294495,0
28.180333190405573,94.97469599893905,0
25.946565091766395,93.63132480129207,0
26.68973004577639,92.32083726167816,0
27.55287830614915,93.23340154390912,0
26.19234193202897,90.65365180280136,0
27.166523437597863,95.03943844050487,0
24.43323003357631,92.68659206685992,0
28.600832347645603,94.44065749847213,0
27.68075450178417,96.90522502817836,0
26.38559444843729,90.54301066270384,0
29.04052550774673,94.80161327632783,0
26.015796604229156,93.58293218626763,0
24.360950838273926,92.0660080519443,0
25.00699043946019,93.76341584376617,0
22.477222539993654,93.05140929777066,0
27.68053480495645,96.77802869090517,0
28.16140198547342,94.18654292791564,0
28.91606872808516,94.7281562544007,0
22.828573533088914,92.86170906768437,0
22.902726754860314,92.96158963373516,0
25.587737563724673,93.5551211119869,0
24.20100155882218,93.65220906175388,0
23.58491539286515,91.89400260209823,0
27.978807862176666,88.77768681526264,0
28.83613137269838,95.27380508838813,0
27.78261737620074,88.48029018463869,0
27.94751832800277,95.95298125542092,0
23.703531502301914,92.78203205744943,0
27.40531217063838,95.93672809832479,0
28.646264620121695,94.2998704407296,0
26.527182394743352,92.32484445326224,0
22.59447080895716,92.6605470556903,0
25.741808784130846,93.2471880389193,0
25.874228292656277,91.16311431530126,0
27.312989272213088,95.14379777965144,0
26.265407195041274,89.76102715712723,0
26.166848074147747,94.52833127441609,0
27.21774695939875,88.74236061306037,0
26.233576439418883,91.49550533772975,0
29.01610247815152,96.32755956080129,0
25.038285782712972,94.25780742568816,0
24.2213749935523,92.28285973678234,0
26.448895661350846,93.00984748295922,0
22.826221034208153,92.91737210110804,0
27.678749741304497,96.17167841874401,0
27.4231621487654,92.7115351922703,0
26.0286379752686,92.56081676022299,0
27.15369455215676,95.57912114935894,0
27.227439407194925,93.21977543488265,0
25.902050714837355,94.23542895547155,0
24.494338363343413,93.9796077935438,0
27.92566647105412,95.11192601615961,0
28.668090643734132,96.4767392912364,0
28.42364030275182,94.45249776897828,0
25.281426002259067,93.36743409118809,0
25.929113369998465,93.2119823150569,0
22.493716286225705,93.09980603261462,0
27.539565582208112,93.27684495265798,0
24.625242991509364,94.18677298205597,0
27.57344596066908,93.3647053157438,0
28.760170956196568,94.22667241143772,0
27.98131862817457,97.04775320226038,0
23.632026851802525,92.33772919475753,0
26.14011006941,90.72555248951289,0
28.761801220165065,95.47521758020518,0
24.1113902837428,92.06315315671064,0
25.575130989267716,91.36086689222753,0
24.33063763457826,92.7320734438622,0
28.537570704191012,94.86687260281695,0
27.971152184290425,96.83228437126523,0
24.100433810144143,92.40614969549708,0
25.423377296881974,90.11192689632135,0
22.932223706667738,92.49969386649133,0
27.271436003742224,96.06598370582932,0
25.87372990850418,92.53501278483334,0
24.99769495641926,94.32119704984983,0
26.612116664444642,91.45466667542347,0
25.330838416150833,91.92907223328089,0
27.799466606886064,96.54101847670091,0
24.020632302285712,93.87181427650331,0
24.235919516179155,92.99943225711407,0
23.29631858263791,91.73327160095228,0
22.570424321176795,92.73505053191741,0
24.512182829297082,93.80228249368768,0
25.44747942820679,91.05505566208923,0
25.05405750531734,93.7629612448836,0
26.187435101352616,90.00875526537016,0
26.842111167616864,91.79151089604315,0
26.755680472392672,94.54599745841894,0
24.285970206863077,92.68475340769146,0
28.46725355651048,95.64954630180902,0
27.708674167882755,93.31912206677076,0
29.15373150907463,94.62404707861681,0
24.963673540183724,92.99004848742894,0
25.495843974640774,94.1823506786017,0
26.45512246927756,89.89632827349926,0
25.237972238110835,93.13077811033828,0
28.181685823599246,95.04431567326915,0
25.963463489473796,89.86488739766298,0
28.197116671305793,96.8035208329212,0
25.496693537936057,92.04914335637919,0
28.822340354950924,94.28038102801305,0
26.627861529422987,91.258551030906,0
27.706683075158846,95.81228068237927,0
28.112811609674463,93.17260808806222,0
27.871918234579557,97.02530025208225,0
25.669223838274,93.66007891504401,0
23.08850854688574,91.65044531768473,0
24.086918054030157,94.22602569838253,0
26.375352436707768,93.49636281946955,0
25.31245022057904,90.53450499681267,0
25.592176963146947,89.97674331025287,0
22.848444964148324,92.62032930367565,0
28.777600290031575,96.49001475906076,0
25.202730416685313,91.45828275787021,0
23.32368294443036,92.73920041338232,0
26.75802953874459,93.38784765483008,0
27.520117491806126,93.22823355141257,0
25.598663975541132,92.07901175607637,0
26.611947502584027,94.13324816942358,0
26.41002276393539,91.36512914297131,0
28.867190481998602,94.78799979350785,0
26.256214086348184,94.48824322136244,0
25.580657239530172,91.86900904808243,0
25.407421577760886,90.69581372360722,0
27.52147211196325,92.56790488294644,0
26.608192666111627,92.16682271608258,0
25.432510321176192,92.86988179986155,0
26.318094822738857,90.9733263785326,0
27.22305159326665,93.90719121298923,0
25.701476815786872,90.02334995896767,0
27.749242899119853,95.33186156084658,0
24.813149856058104,93.55230584053663,0
26.514137362998465,92.71604432567433,0
25.618112806506595,93.25390136175852,0
23.276766438767293,92.75055331825006,0
22.794926165036177,92.87320592811261,0
25.769118204138778,90.54588815693725,0
27.341829352659907,93.31266447241711,0
25.509451604786797,91.20978099213933,0
28.503364555711798,93.76573192754073,0
25.218126769587073,94.19284217634102,0
28.755620637562874,95.72767010405005,0
28.45388254226182,94.2902242769956,0
28.814739329880222,96.0520635256887,0
26.102835135597854,91.03484081916523,0
24.625254645222938,92.56388761183467,0
26.506015743268353,95.10419913584406,0
25.720787285663086,89.9978686218693,0
24.085891394705545,93.11375772103709,0
28.250023633712306,96.93393040464665,0
26.76481670297764,91.42911927006878,0
25.938975720904676,90.34591476035828,0
27.25203151604367,92.53064445626164,0
26.240546252987855,89.8111578765785,0
23.7037309145835,91.36048421217629,0
25.970453172073228,94.12926894489883,0
25.632743752334267,94.49235353438095,0
25.498628227074583,92.28461412791351,0
29.037523616805807,94.66046520069347,0
26.056359959518808,92.66482724356567,0
25.36389751619165,94.5870668972972,0
24.76267022284962,92.52004946300795,0
26.318074643838724,92.6357399015041,0
26.721167020090483,94.32271777797644,0
24.9868221202813,92.95299650937707,0
24.99947088563223,93.36773070298372,0
23.57458004370316,91.46485771604642,0
26.04811587864495,92.56243902644421,0
27.275096990635614,88.81536182066102,0
24.72078522628479,92.41966667380251,0
26.967494241522495,94.2278553570656,0
25.402151052376617,90.72871708309214,0
23.878151040923946,93.22791365304417,0
25.24634147882088,93.03675044206643,0
26.485111792720485,90.53704877950847,0
24.99971918772387,93.6928714398548,0
24.717866813884378,92.5139823303286,0
24.466539674722693,93.74858491161356,0
25.694327103428613,91.7590542274822,0
25.69069569040168,92.14025345449961,0
28.041146022100047,93.63125897990938,0
26.234198931788832,91.1829715880819,0
28.234425970907605,93.09890393024997,0
28.139544706868275,93.7281381395718,0
25.757049798848815,91.49130439636356,0
27.44697309329679,93.26226113970688,0
26.562296243921327,91.34548411507612,0
26.079735070934852,93.49137136484948,0
25.694692388933603,90.1534033570071,0
27.211204952099298,95.88585293635066,0
27.23318529451333,95.78527191327457,0
25.450719591442997,94.19575470037327,0
25.33759441936215,93.90527264939078,0
28.066189834296498,92.9637507308473,0
26.945015440724372,94.89860885112202,0
26.032297314521642,91.46727725155633,0
27.339065651767083,93.45385075901554,0
24.917553264120897,94.28070245316479,0
22.50459751554864,92.90471605024545,0
28.689135521658738,94.82845669882244,0
23.529618013434096,91.21851556610022,0
25.307608587119685,90.35320136713325,0
26.85813036245228,92.82261404967744,0
27.57043994867497,96.46570462972088,0
26.499874129457687,92.59193322390172,0
26.639220591155393,91.08128940788262,0
24.45553769292188,92.24551391348028,0
23.926321068168768,92.14170119568385,0
23.456230604493367,92.83779534887742,0
26.40056297037911,91.01983972082598,0
28.010746968657298,88.66786020191398,0
27.618251656285647,95.0688869627554,0
26.98953225806406,94.71987630423396,0
26.79441257050662,92.48245791586737,0
24.031687692098863,91.40383433065428,0
27.173013271273387,94.03402195573027,0
26.309011964403066,92.86246474514232,0
25.586280671238196,93.7621931341301,0
26.400143950332453,90.4345913128972,0
24.624587247231798,94.02962564086505,0
27.699361493844176,93.20481007377678,0
28.29402609009855,93.04691415803566,0
25.29767016462705,90.27779210788076,0
23.010400509946166,92.95502726069243,0
26.47038150703951,92.35728766507903,0
26.657702178167455,94.18432304774132,0
23.60102142233373,93.15018350534271,0
28.38656588905525,94.77159995626066,0
25.81442736334806,90.19991187860948,0
27.1680686422049,93.68642990761941,0
25.263795994078404,93.33084118499308,0
25.124903325816714,92.66150978424278,0
23.687977803620377,91.8904641393421,0
26.05020844224488,93.02875508868829,0
24.863826253067096,94.11480053292219,0
25.640091577998145,94.60516182337389,0
23.614366186021666,93.40572165196184,0
25.656670048736387,91.72731836362559,0
22.316678389628596,93.0456981417831,0
27.318127440888006,94.08258950146781,0
28.431457844332698,96.0405220496555,0
27.727177932929713,95.72394671160613,0
24.490349827642376,93.58894133238479,0
26.364678026177952,92.78916610303037,0
25.526194860148824,91.40145827518333,0
26.776978378498757,91.42329030641686,0
23.002557121163935,91.63253876194827,0
27.446438563890087,93.86886347363254,0
28.218369633043167,94.29496271347433,0
23.105698655216624,92.85341486444182,0
27.616722584175882,96.66022446996728,0
27.2880053802446,94.86864017566587,0
28.255603452650313,95.4572744579678,0
25.353521780328354,90.02263053755193,0
27.124145226563904,94.7588397432366,0
24.69146127247566,93.33071774321029,0
26.608910061441886,92.44807211425574,0
28.03214896106206,92.92460014369354,0
27.193729110821142,88.39812393280465,0
23.705338302043607,91.21488518590984,0
26.11158158975114,92.51943654079969,0
24.461808788166824,92.53026856243636,0
26.252529807108953,92.22590672716747,0
27.11202112735735,94.87523730240446,0
26.362538345751485,93.71722296151545,0
25.607976286393672,91.49646302192703,0
26.927633316648258,94.40813679865697,0
27.399979804504227,96.92380559022584,0
26.358489295201668,92.1473672505475,0
25.64930585724969,89.91392651066528,0
27.748647615390613,94.97627902406535,0
24.249599226216596,92.70010840336975,0
24.058743307319325,91.86644121484538,0
26.676383739082713,90.73910602501495,0
24.118947441352194,93.0598968395573,0
24.765407144252713,94.03203251823297,0
28.165826101226312,93.01699750008257,0
25.573428873032125,91.967070113438,0
27.979433309808083,95.67586536722007,0
24.198225382000047,92.57935995941598,0
24.117970321071137,93.96501408885408,0
24.700035310608342,92.88750047966097,0
25.763578695576353,91.58447872304424,0
24.31122211240658,93.27812141896631,0
26.09857283459715,91.30613326612585,0
25.909893133011487,93.52732334429122,0
25.326202056597637,89.96317806117106,0
27.92169236584351,94.60628316390013,0
27.05027070391787,94.6632456785798,0
26.37695777840998,90.05835480189445,0
27.92271014589697,96.59021595104173,0
27.935221075770805,93.7667599966947,0
24.69780077805411,94.14396524072619,0
27.199255049428906,93.74092527504062,0
25.13516363083671,92.79112700254916,0
28.342182473094553,93.52431148305999,0
27.12026360856926,97.09007928386694,0
28.28026546120829,95.2604648150284,0
26.80931479129877,93.79626393935973,0
25.781656972322413,91.94509023916693,0
23.988163453830495,92.49211792307743,0
27.548501666043162,96.14350574675339,0
26.609236963199926,94.97547613518906,0
26.826865246285355,92.39702024194064,0
25.935429042013784,90.6788003313771,0
25.34303776480644,90.24291710010884,0
27.711349408714774,92.85595617087071,0
27.554091101627954,91.72601098363027,0
24.87550719923101,93.4438879896114,0
25.142279410327692,93.39663796715139,0
23.2335654920654,92.8412986002965,0
28.37715753657326,94.23587603017572,0
25.634874178548905,90.46298923909143,0
27.292120456729766,97.0008134368541,0
27.24164163666266,95.39684849187233,0
25.341798321449065,93.52849963259344,0
29.133949545666443,96.10890657501767,0
26.010087382311976,93.47213934768874,0
24.81429361446919,92.79155483144271,0
25.35030772040886,91.32017866082754,0
23.85993336067504,93.35916481348976,0
26.349720498149388,89.90056651374391,0
25.06762333869268,93.99640575822211,0
25.084049660373147,94.11904314064373,0
28.4287086890727,93.30940545558134,0
25.271978845929837,94.49673359964866,0
24.82625753526765,94.01396247416996,0
25.870691694445917,92.11405573501715,0
27.716341986950464,94.77124690888651,0
24.277732360790402,92.01312716202311,0
27.13066721110126,94.68716681273443,0
25.148150483142807,92.26248031102087,0
22.114236467758072,93.04494144105063,0
26.734898895709865,94.37754467690836,0
27.890440780428015,93.23219559614824,0
24.3909725056209,93.0815731042126,0
27.03543426550231,93.49992352819271,0
26.899938709575537,95.53998129519637,0
25.81862845858052,91.75595258869377,0
25.061620063277648,94.06535012167728,0
28.180382212619595,95.26505700455162,0
28.59897482498926,94.17430455063167,0
26.037752611667024,92.56271043740044,0
24.01531028969414,92.23110185677342,0
25.495513167057453,92.36401509677614,0
27.668103027192856,96.20929833201662,0
27.010195603254882,92.81903376615159,0
26.031648482016394,94.92809732810464,0
24.571315397024605,92.9745408461595,0
26.894263971298543,92.88877693749399,0
28.567248606490928,94.02314021785115,0
26.506622142020536,93.69002460696365,0
25.33696816364586,93.03476641178499,0
26.326246084840054,90.16781848229003,0
25.32771108299042,91.51585178128049,0
23.481851169904424,93.04314163088068,0
26.16519114863878,93.20195015012357,0
23.561914481105738,92.68378670172382,0
23.030866355062603,93.01180282931541,0
26.35499071853704,91.18177742827717,0
26.51956142224525,92.87439387741355,0
26.27415457746956,92.43069813802157,0
28.149362194723118,96.73648908567233,0
25.732996960831862,90.50431411235648,0
25.732150521645703,94.95779615665182,0
27.341147382381404,88.64320356862487,0
25.161655981111192,94.21277124151892,0
28.28582388872826,96.37462398594975,0
27.167027005399888,92.9345168101519,0
27.380491982059464,96.12735622060981,0
23.562129655814587,91.83049681544757,0
24.081957070440723,91.38911073477377,0
25.352171544919212,90.41482048740309,0
25.10618701784606,93.61616176575963,0
25.756715686890427,92.85308208480413,0
25.62921869095292,90.01927397130801,0
23.224991860830706,91.78582318834127,0
25.051810410637696,93.21910250433505,0
25.507371799805433,93.31418587452076,0
27.474146624918188,92.65617212153029,0
28.29054933739425,94.45955949715093,0
27.296803665114275,94.14600095181875,0
24.642048572116163,93.49299246863416,0
24.529188522182153,93.40891156328848,0
24.425744243448346,94.07905500660547,0
23.918959788812035,91.7146486650476,0
25.79770219390751,94.74016048502448,0
26.35674950761158,92.72696584296195,0
27.392915066657096,88.18439738160623,0
22.882978696972888,92.54231593754409,0
26.641931795845338,93.39042322891046,0
28.115019412033842,92.74790720681253,0
26.212122383369334,91.9370560341879,0
24.586150348488893,94.06927722787462,0
23.556461983369374,91.55557019905473,0
25.28909180433212,93.48579942178097,0
27.129283552351534,95.60290728981043,0
27.205356074910913,94.80323430291656,0
26.301096415409937,91.04468513893947,0
27.63008328180363,95.33344603137668,0
26.676676084618226,93.69297906521497,0
26.689580953505086,93.9848615829731,0
27.79926954625124,94.88282641090197,0
26.253676674883717,92.17627782402963,0
22.23283996400724,92.95180755494286,0
28.195607798327675,93.78285908046395,0
23.657150316104484,91.73782878408417,0
26.803150733347042,93.71919653610611,0
28.952657568509427,95.37201668576652,0
26.27740999012102,90.3359398168329,0
28.370639423186542,94.06533661530908,0
28.385608398008742,93.72723257059452,0
25.847084319568744,90.52009692159645,0
26.94049159555161,93.22801659662956,0
27.50396445404881,93.55898408548514,0
26.128053562053683,92.04552636897122,0
24.45495060719331,94.01955013412912,0
26.828554633765687,95.07733736235684,0
26.121160038915953,93.97486966366134,0
25.53330581232698,91.22633291645256,0
25.81726433544553,90.81192998146089,0
24.514331740949984,93.89420429863102,0
26.295631404836303,90.85035468720312,0
26.321252719600484,92.6811269497516,0
24.25201056645464,92.56639048309943,0
24.829467807089372,92.86422817618971,0
27.376915222081433,92.26653718107062,0
26.254069999664775,91.74366228780126,0
28.333712344507706,96.69184348995542,0
25.451410517338793,92.74115602988415,0
25.73608796692015,90.4188497413521,0
27.58141029551984,96.32902275422528,0
25.84696777098742,91.98543177650916,0
27.688697127872153,95.36917274011832,0
25.48229143757016,91.20479267970941,0
26.53932522754531,90.1449426900966,0
27.24689457347584,92.58241519693857,0
27.92514834308574,93.41485612375453,0
25.426714140621616,93.07020235528111,0
25.524733772513834,91.0926250639989,0
28.698576663948792,94.18774742261414,0
26.48017229816891,91.91399820871796,0
29.112233164736413,94.69181915484268,0
23.9729736021445,92.8941191819068,0
24.37891693132138,94.17635102331701,0
26.60636778245337,92.5232212709237,0
26.050101127297538,91.85686870259586,0
25.69946958515146,93.10218694615673,0
24.974753684752805,94.16831367141893,0
28.08114176170111,97.03704699804463,0
27.379833749561445,94.59236775441211,0
28.03573367446489,96.97791614561805,0
28.00778829138182,96.78775897318368,0
26.247419032299167,94.3578211062942,0
25.541008486726657,93.61771994633669,0
27.13235958624955,92.70685866317119,0
23.956547352708967,92.99722376567041,0
28.90227250652784,96.49266683356348,0
22.869504518422346,92.4890301558822,0
27.154996391095768,92.66090130809812,0
27.252220636433783,94.55810161334558,0
25.34486836699298,92.60134674625435,0
25.771511421835573,92.2719078435933,0
26.720075238277857,94.44587764576465,0
25.87160472698743,90.93777805775133,0
24.81819376422411,94.20553757461946,0
26.014587157219406,90.75468569483029,0
27.443856113949753,95.94702039894985,0
28.137329918927545,93.74209787911231,0
23.61317721236042,91.83276253072707,0
26.0897026875722,92.8106932291979,0
26.212388298108372,93.05484804874013,0
27.95871187946962,96.2380503728711,0
25.66273328144735,90.52878740853203,0
27.418605480260606,94.09011206767042,0
25.180721317291294,93.77181955350628,0
27.352949314889823,92.1440664111218,0
23.53457324380347,91.67332008081131,0
25.411995731702525,90.95337193513159,0
26.028467639278112,94.313131861538,0
27.66641564765673,95.92579728349371,0
28.452571734004206,95.08485051252096,0
28.406393220213275,94.12529580079213,0
27.830054110671195,88.72208169217018,0
25.741978972769026,90.70960802630474,0
28.02827446154833,92.98969447469199,0
25.029592772093878,94.49836133552496,0
24.783478735537393,93.41912067625854,0
26.09063501355056,92.34777164758125,0
22.114254796616333,92.60330276930648,0
24.21724342368969,93.25107278145974,0
25.957061713967278,90.21835709107636,0
25.751745781194145,89.91392285919034,0
25.85285087111748,92.95556358948939,0
24.97755068305872,93.4650462183214,0
27.75820875240911,96.92223373113126,0
26.6721425924867,92.21767735481055,0
24.520807639980728,94.1975834804121,0
25.61087891127975,94.87813948462663,0
29.12668181432493,95.67786567660919,0
24.664646162340304,92.81424590532947,0
27.153470654731137,92.36882490904262,0
28.052401327862395,96.64156317132148,0
28.016591846553318,93.771826602841,0
22.271850084916732,92.72010812659893,0
23.288990542711396,91.33085207912859,0
25.4473774487509,94.05820847334923,0
25.17453551694205,92.65827588051896,0
27.503026505436353,92.85193790791388,0
25.439767091166235,91.57450901778134,0
25.964948076579443,93.11225500077501,0
27.152514156371986,88.72606979948941,0
27.383362191768878,92.40881696992403,0
24.93172079605085,92.97254822584496,0
26.54117313933825,91.04303205936864,0
25.27059937480172,91.94894040855876,0
27.790135225660805,93.95917849858515,0
25.47746548550506,91.29715203899912,0
26.746868689733407,94.87515976505217,0
28.18375683828074,94.06698998928574,0
26.368416466242145,94.53170003638674,0
25.97052255484423,94.46727965071425,0
28.67045344078852,93.83971695566952,0
27.54353674360658,94.74357058688668,0
26.06067070929975,90.60523338029591,0
27.963105591994324,96.87977267265128,0
22.90998430521457,92.79901242567699,0
24.535827654600382,92.68237286784392,0
27.694199073559133,88.17242739879954,0
27.784655940187484,94.14238544485757,0
29.02535125137948,94.48166888415327,0
27.53879941497603,91.65822439468181,0
28.52990134728703,93.59694930157833,0
25.728208024113187,92.54823506187557,0
26.194338463878236,92.8794950802879,0
28.112552064405328,94.03225351031939,0
23.870425070245403,93.25357478019743,0
27.845450211415294,94.6380846070245,0
27.214774452475506,92.27741999508467,0
23.146889163027925,91.690386013698,0
26.319429467371233,91.75152948866348,0
24.42876903951042,92.77087085317449,0
22.125213124951447,92.78303553225174,0
25.34767040153645,93.19846943805582,0
26.110486789850924,92.02063415324116,0
28.054347644261888,92.9959012973199,0
27.97569006464636,94.72875949671035,0
26.125963339939346,91.32928576822536,0
25.711537421767893,92.52166590902914,0
27.492020479391105,94.70659676815856,0
26.49706344479619,94.99111770454618,0
26.74675819809461,90.94099599593191,0
27.747567388642356,92.61800259401582,0
26.257523698955172,89.88743412149502,0
27.687594324234627,93.95651125609604,0
26.586994915410948,91.7575844540995,0
29.01800645901667,94.55533065200798,0
25.829341205164965,90.41180322190634,0
26.273275860529246,92.82905496655675,0
27.907943458534454,93.25897432248539,0
26.653463583379803,94.92437676136636,0
25.420669611211068,93.58699042823031,0
27.614837599563398,93.97767519406821,0
25.996604753116912,92.47406157354789,0
26.921083094228,95.23098537393273,0
28.056661727351067,94.86283303114455,0
29.395775788666572,96.12270382981654,0
25.74848261121842,93.54292901476136,0
27.97952583106171,96.78128049853593,0
25.830232163389876,90.71908595437799,0
26.124277182061668,94.74727682463761,0
26.213915440318534,91.98234511473366,0
27.34930677999346,95.62143241191181,0
27.06810164902398,94.73450293227424,0
26.580920755429897,93.67582523414403,0
22.638150150983964,92.99537892272731,0
28.661112274571078,95.87519144258835,0
27.057378148164183,92.44196505224326,0
25.26887838120849,92.80657560841901,0
27.02503461678504,92.81294117737691,0
23.8370288560403,91.6760629366936,0
27.645295607501573,94.96967972645156,0
26.253873556645637,93.51729346235483,0
26.09772206944222,92.55307224632159,0
26.214792192861587,92.62252781330886,0
26.491557546649524,91.3377464386934,0
24.39847908770099,92.24913859339013,0
29.04847387470864,96.47907085652538,0
23.579780664967682,91.77284153733561,0
27.66331375398637,95.16887034256341,0
27.410841902681803,96.31905379823192,0
27.01695310421162,94.1364126056487,0
28.664338121132026,96.2795907063508,0
24.544307907331035,94.16204482488284,0
26.13171026261619,90.14580001852148,0
25.548271812982648,92.93082252332134,0
27.796540161570434,92.20112251941197,0
24.33676653601523,92.94828115587381,0
27.617881386716906,94.39937026692401,0
27.98893028940565,96.81051263632831,0
24.235691906321588,93.94305632567927,0
26.150131341589496,93.52005991684639,0
25.694058186013937,94.1410805294598,0
25.08265208385104,94.69088401183558,0
27.38732480924598,93.53215660480839,0
25.789209255678003,90.4898768798141,0
25.652804873939125,94.59022286115679,0
27.330653998853606,96.35970321537579,0
28.076972589961567,88.6625860774551,0
27.092557954537376,93.63954295901128,0
25.418925857563213,93.84457933917574,0
26.124109919295485,93.32249539487613,0
27.83103568436788,93.87170629084264,0
28.19769282289904,96.48785779027658,0
26.59764146570296,93.19674905581812,0
25.400701344392118,92.68378160105857,0
23.001240279528762,92.8774504787406,0
23.77547326327603,92.82438031407466,0
27.436696837276575,93.8847488199749,0
25.491954429151615,94.35631469042472,0
25.678292521525055,93.99531155118284,0
28.51685219119966,96.00303154351025,0
24.21713410038431,93.89546558193302,0
27.69325143475513,94.74121501263011,0
23.2443581972773,92.89880485294533,0
27.820842265127432,96.52236045897985,0
24.321995678575508,93.82408033880147,0
22.6335531105432,93.08541796768009,0
27.413865277984513,94.37554001348178,0
27.90391586700366,94.64422550935981,0
24.44153035106586,92.81842852203872,0
23.560908629230898,93.12436906741634,0
24.346895308145747,92.47946824155358,0
25.73064099594102,93.51315215110813,0
27.07407580703538,94.3955175657733,0
29.05425921353855,94.30271047156288,0
25.339236402015576,90.95041522070525,0
25.20368411895461,91.63461203163503,0
28.21127354738528,93.86361360616978,0
25.187070356518632,91.41626321511549,0
28.154127522676042,96.71426714964545,0
21.998740071861228,92.90965162512563,0
28.095168176192036,96.57734032637565,0
25.95420814102082,94.63918305756384,0
23.6318291283066,92.50372127602607,0
23.857240119296648,93.18610722424195,0
23.698639455802088,91.92264116377106,0
25.627307446017372,92.89433003659137,0
27.14920098750166,93.4299683460402,0
28.608398078870128,96.29965127174624,0
26.52237257889612,93.64388483181136,0
25.454808311825975,92.73051143412081,0
27.785988982685108,95.65212457330807,0
27.271139675686605,95.40143588930067,0
28.652399614363894,96.18899805324051,0
26.059684234129133,94.05744808980539,0
27.501207292338066,88.48129887645723,0
26.83613818438721,92.74696935357186,0
25.658900620078136,92.72461253250806,0
26.384130087028332,90.55218411867446,0
27.85244876667895,95.46251004029197,0
28.12634389968952,96.83089510687115,0
26.16491134278283,91.93994374111261,0
24.41598486857625,93.62798254266521,0
28.271260457644793,95.35127884903265,0
25.50559796192005,94.00982687444383,0
25.708891036737917,90.73150384168777,0
24.544447116690854,92.29924426048771,0
27.672542743224724,94.51797592370721,0
29.255883366086504,96.06115152078905,0
29.124140062057688,94.87414769520133,0
25.911458107683558,92.74643422534977,0
24.628651565740498,92.58579767906163,0
24.373015566209478,93.87111307928879,0
26.40149303360002,92.96471061991166,0
25.816423376870596,92.26463728826707,0
25.27454897986394,91.10657562828885,0
25.672795146072104,94.05904926800562,0
26.052475545139718,93.81505346308893,0
27.262492570197356,94.94404810676774,0
27.711636503638214,91.87359737684011,0
27.660164254113077,95.03193109662551,0
25.17486400251895,93.59342131284633,0
25.562452949295835,93.27931710939843,0
27.72558484753652,94.93485427189927,0
26.35011182556885,93.40269924280715,0
25.781745971976964,95.01354779982583,0
27.195815603497646,88.45042858263871,0
28.32588937742265,93.92384617065711,0
26.126459156539063,92.44170509900202,0
24.37468912014915,92.97577353652116,0
23.85911380987118,91.87644430699558,0
26.548306724531017,93.14271130628634,0
28.82042620382353,94.2258349709787,0
23.50929591456952,91.83046947035662,0
28.51905278294803,94.10324782122214,0
28.48977657307348,95.04687427367084,0
27.622829984440703,93.03886931153201,0
25.800284988677653,91.6774146185581,0
25.876370200403418,89.99859972148127,0
27.551564000490544,93.21300790522996,0
27.644629642841217,92.1676196983683,0
28.303781317141365,96.39726683060225,0
28.136309433580127,96.81898010920632,0
26.01115193167811,92.06979059659076,0
26.208234722656822,92.19824816421497,0
24.19188117397403,92.1504372972636,0
28.017855712416797,96.30607720461005,0
26.005927926290028,93.87208581705086,0
24.11378229286591,93.20635472234183,0
27.646710570755655,96.83458637486169,0
24.917855780810985,94.48266451811526,0
25.37932295978948,91.5244964050077,0
26.540217389462647,95.08776163645483,0
23.52266258923987,91.47082999865991,0
25.894937778960653,90.18939241577549,0
26.32019800787806,92.24798603854121,0
28.458309727230894,96.26678536903373,0
26.51947831592718,92.0128905443762,0
26.863552078739684,93.23676192457712,0
24.614114316783258,93.505529479607,0
26.45535511456102,92.53480660072236,0
27.21731507858142,92.43806612695039,0
27.66136452405395,94.05329179547437,0
26.296000247539634,94.61001641990937,0
22.361025555876576,92.65405709939064,0
25.76004118344057,94.5272310818383,0
23.866133077053785,91.45944457884835,0
25.529980751532857,94.09410785996961,0
28.657685759978484,93.52226226674844,0
24.77643205436125,92.71125661530617,0
27.93494130587487,93.88136684043309,0
26.130943536841624,90.66251965754601,0
27.55754723015465,88.36149752824178,0
24.728782029335743,92.93282730021497,0
24.06535527490908,93.48198189400557,0
26.049433976208928,92.2328300824817,0
26.471264291999795,91.64881297083218,0
26.391152612212913,92.83216079496232,0
26.880297939920347,95.40512907323887,0
25.053114127054968,93.702330662778,0
25.074479101625148,92.46062447816325,0
24.01938072252016,93.70083850275323,0
26.427440817444758,94.71584585595721,0
28.53617020633307,93.42359935691695,0
26.93931132082976,93.84037105980717,0
28.391012978466655,96.2436911910734,0
28.38571185031588,93.23343968238214,0
25.885785929443948,90.9865261958502,0
24.617041270271773,92.5686252420966,0
27.45594642369579,96.80309901751868,0
26.242909695488922,92.3077499972133,0
26.40938886818449,94.49058171137541,0
26.581687988349387,94.19387552364643,0
26.18222321370088,90.444168923314,0
22.98602653916902,93.00550723648634,0
24.32123315090172,93.53803219157834,0
28.562855092587963,94.03485719977722,0
24.635137942170413,94.31701788698963,0
27.04793886555963,92.81533174072464,0
28.883326186761064,96.25929995522783,0
28.970615572717076,94.31438081156311,0
26.221355807398762,92.33019655837973,0
29.058113886540568,95.53878659802854,0
27.750576004901646,96.68747073273892,0
27.197707054741095,93.39360513152462,0
27.998585173067458,94.15334271628912,0
25.965115664316293,92.78554408837293,0
25.939935674981104,90.8482218557266,0
24.00874332748226,91.86673663580426,0
26.605383277445,91.59439595823532,0
26.82646573639356,92.2338742105,0
27.88800258149543,96.96197724450774,0
24.319106954104313,92.4340145350041,0
28.175267828502722,94.58594688347564,0
28.563976518190277,93.35192512238909,0
26.726584473788666,91.49442441853712,0
27.317447410402085,88.17937965917648,0
23.169581596966616,93.27904355489189,0
29.039245954354126,95.2357439172462,0
24.562578081501698,92.42135747855058,0
28.359990243257812,96.12419381779367,0
27.015288662138754,94.21890900858561,0
27.668577065475763,95.8447114890098,0
25.96515072203737,91.11528602154206,0
22.59320278960413,92.57924332503912,0
27.336663845645262,95.91618784293044,0
28.77005556932998,94.81931621445338,0
26.759778561648158,90.67597808649244,0
26.607058121922353,89.96503714068108,0
27.647227905706597,93.69653351682,0
28.812122402575632,96.51055760134315,0
25.2745558725948,92.05061341254125,0
28.837461670484164,95.21083033584252,0
29.054077288119306,94.62245945668357,0
25.248724946003243,90.55507792705643,0
24.053900249714548,92.36170157520033,0
24.5958573327579,92.46786623088975,0
27.36593510763027,93.20037072197393,0
28.709796873470804,96.46332638718903,0
25.253457541661653,93.73623921898503,0
28.690022163484983,94.84577695846406,0
26.489036459703936,90.66521182123478,0
27.668523243050185,95.67494102520651,0
27.282273242973737,92.1366448632835,0
24.345164779851416,93.50543762870127,0
27.462866975909158,93.20108070277391,0
27.77758408599209,96.88300486854385,0
25.37946160185271,93.64280166213366,0
26.316607103375745,93.65539105959402,0
27.416301517479944,96.3238144522961,0
23.222982071307452,91.78570070142601,0
26.4379622046242,90.5938533149794,0
26.38448778111867,95.03469295310299,0
27.64649937922699,91.99343758184415,0
27.143677118889308,93.68040168428844,0
25.562563090041827,90.68970349563413,0
26.562941140750855,94.11909453342375,0
27.123764138558908,95.16475604798092,0
26.051410279868094,91.05565449924424,0
26.298518047692383,89.83500276281714,0
24.9553323797988,92.7569363487944,0
27.837796699029276,96.36861300065345,0
26.044264290839656,90.80949560571709,0
25.270064096437565,90.15708380274677,0
24.261264573598417,92.00594374892542,0
24.482713396456433,93.86745738020366,0
27.42637998936094,93.72716801809017,0
24.882218326457146,93.65229286660025,0
26.300457544094897,93.23446906197007,0
26.07607657885487,93.126217310763,0
24.513802142356298,94.31737781060285,0
28.292112524042025,93.10516813736781,0
26.6720897429365,94.93616584852721,0
23.00354213942555,91.58037702635738,0
28.387753762711473,94.67562600060062,0
27.657114385563915,93.35720304532158,0
27.155274611366366,93.21624483943076,0
27.29149299081641,93.57845597190962,0
25.144376969042437,92.24685061070325,0
27.049226376017486,95.61795208012494,0
26.208762605460905,93.69206804885494,0
23.856985372415423,91.92134297625987,0
25.276497169332064,90.63756240211458,0
28.868143432902972,94.09181045443836,0
28.06229008908727,94.39212555926608,0
27.303957925602063,96.3951789758091,0
26.95405011131177,94.00164742286906,0
27.050689548921177,95.35799783223408,0
27.925972731146103,96.20954889824678,0
22.931827588304888,92.84212576431273,0
27.972254548256423,96.93820942386066,0
23.198060908761395,91.35885313038722,0
27.796039820152036,88.2227507304011,0
24.01443003272995,93.17663705801785,0
28.614241280858987,94.7395001081543,0
26.652500963432683,93.7580379150466,0
24.970029943303093,92.53363627823276,0
28.078642108894925,97.2837640182855,0
27.43423035687175,92.08502924620414,0
26.319218159925814,91.38936997804154,0
27.946404658671312,93.91714484669127,0
28.235121891402216,93.39585203109694,0
26.588464832817436,90.92326353063883,0
23.5931548499106,93.01527513162449,0
23.992562511688167,92.72726774966314,0
27.381288292012595,88.55729921367013,0
26.23600872274177,90.65117285634787,0
28.933090637205623,95.28238328039973,0
26.46117699358768,91.53676760485644,0
25.025554653826138,94.44538981543482,0
26.26535167062318,92.6377335127224,0
25.044650130358576,93.34049516894378,0
25.519103039763607,90.91621578799929,0
27.293779354393546,92.22095101309675,0
26.808799448469415,93.8498313099648,0
25.240077032732156,91.06432964300846,0
25.77539671838791,91.76792000619405,0
28.256203236814695,95.62764666893989,0
23.822666118208893,93.29947333884768,0
26.730121918592662,92.06028132913335,0
26.16955728886064,90.80554649711596,0
27.432836274110155,94.71290395728603,0
28.5147356711409,94.27192046500807,0
26.78677673224979,92.04244635101483,0
25.51826047005338,90.1618087238481,0
25.813278081502155,90.29816385492154,0
23.617893450248594,93.33917760429209,0
28.869224578587,95.276378033502,0
22.70020692274549,93.00703276092429,0
27.822026738413783,93.53021120801237,0
28.04774995759322,96.49810578871703,0
27.627772107264537,96.27553411179117,0
24.63949042671039,92.99586784722172,0
27.648494225299405,95.44381487730247,0
29.00548859480797,95.63588873457739,0
26.69733539268125,93.89856788593882,0
26.64825733613614,91.13039866089791,0
28.98958700906502,95.79264092275368,0
28.407687499115525,93.97104427246491,0
23.580733782795505,92.61971467786265,0
24.95014267286463,93.25701295608272,0
25.091310503100512,94.36894185262396,0
27.647322680173943,94.59278114240541,0
23.746405283543975,92.39396110604777,0
26.208667583004146,94.46226826956114,0
23.340917992018884,91.6893716310818,0
28.1342319679728,96.70492597297496,0
27.39607924378602,93.15707401781066,0
29.141506317501594,94.39332588887018,0
28.279965751308072,97.11824504494459,0
25.366101455069842,93.1447992771736,0
26.640276934168863,91.64556391316827,0
24.020847527787836,92.41091956188393,0
22.753784820688818,92.99760584495962,0
26.38913303878477,91.69104180711325,0
28.304546859087115,96.34499550616597,0
26.627898599670022,90.00113120091875,0
26.296602879686596,91.77101168508682,0
29.265905088093085,96.07990154090847,0
26.19906600598454,95.01258337201233,0
24.278552748312993,92.22706084030031,0
24.502407590937228,92.72497766488966,0
26.037440553832656,95.08303359246207,0
23.506663641444785,93.22539997534004,0
24.64412234294482,93.8352771781872,0
27.657036256494898,94.10969772335858,0
25.781684934144835,95.00928711695437,0
27.876399932434055,96.95682351269538,0
26.828883092772614,93.43222240439123,0
25.07832378999168,92.36832906050499,0
26.0474211080617,89.81842252624004,0
27.633488438651526,88.22005530770278,0
26.668629333400318,93.45225850093587,0
26.218087282941635,93.88272052629837,0
26.091021980770474,93.73988487167493,0
26.910946483945317,94.96540481654806,0
23.919032711528338,91.85514198476893,0
27.90079294791879,97.21336464548139,0
27.66312205198074,95.41342309216002,0
25.362781681380763,91.30822645152335,0
25.43993426657372,94.27218782123357,0
24.001247837335463,93.73876633267572,0
26.841257784123574,92.4522757332234,0
25.623058721851162,92.04908089482078,0
24.167583718258957,93.58210769995023,0
23.102314550457073,91.72473000178033,0
26.681512191067934,91.54868571456223,0
23.69058887331735,93.13485597056784,0
26.571231724032486,91.24266106321157,0
27.598559622219636,96.0877493754699,0
24.680882791326603,93.19243135562814,0
27.083336981256537,94.23511561492543,0
22.742795832938107,92.56936430842643,0
27.27135422563752,88.69166791387362,0
26.57331358212025,94.58807769326035,0
25.22080175913683,92.79583760831588,0
25.326865285087848,90.96025800523877,0
23.692636821229257,91.35623661769746,0
25.786879242680673,93.78182331340925,0
25.286530773682916,93.94578052770231,0
25.576572758897164,89.89083642042176,0
23.993404168757944,93.1630708849038,0
28.708537988335554,95.27423434078189,0
28.91167965078262,96.07589277800979,0
27.818335387990093,94.2761642094189,0
26.168249461021414,90.97696438323068,0
28.163194440693598,93.01026822546906,0
26.474053512191535,94.94003684096484,0
24.878477943668035,94.27904676046106,0
26.469383921601114,92.61497243102683,0
26.659128747762608,91.24765029131993,0
27.075622620683816,93.7680597200859,0
24.384113583192633,94.16503174565327,0
28.395737348608773,94.17209100338712,0
23.542564092391757,93.04271976426965,0
27.76219177557232,95.62462314420607,0
27.56987968079396,96.56501774585949,0
27.273064330608232,88.60961088942857,0
26.266534195077934,90.96039374003448,0
25.641872345016484,92.70722867158541,0
29.04072788585892,94.43276217076183,0
28.5184962624835,94.24275596955867,0
23.684950180245593,93.02824911188426,0
25.919654644538173,94.95798770920878,0
23.97084048807637,91.8944819816082,0
28.585881235075853,94.16259748550094,0
28.222391045631692,94.38663595217233,0
26.42621009654555,92.3145108510969,0
26.80119312270087,90.52531932660082,0
24.44920045808452,92.55072073663356,0
27.810016319675615,96.24437158990936,0
25.456524236927436,90.17516240494493,0
24.123412764463318,92.01773989459305,0
26.516796368326577,93.17611656279468,0
27.07245256662401,94.61986772309463,0
24.577789134299476,94.36643941682459,0
28.357928883785544,95.81880095741658,0
26.03437420339278,94.14247708698446,0
28.270887670804523,95.2051744528693,0
26.503388505755577,92.00245243425697,0
24.992346300848588,94.06437397382507,0
27.385470885419974,94.21395849122003,0
28.443586258307796,94.04734873852202,0
22.959479397479367,92.58359829352489,0
25.953188817176,93.74803195809915,0
26.75149374050808,94.40497799665569,0
28.750489129466228,94.38543228393353,0
27.821474693453936,91.61778392911366,0
28.01092302566946,97.10330197202157,0
24.54848610806495,93.56860320127556,0
28.830473062772803,95.56317439620739,0
28.139036006262323,95.11834497850876,0
27.303961695577367,96.8952291353214,0
25.15435344224567,91.66706912556776,0
25.248375038339397,94.50247776737585,0
26.156307910591803,93.18378499568743,0
25.520011083719556,90.64482024625185,0
28.631656703570126,96.16853972987293,0
28.422808252866748,94.92333964928453,0
27.518943944266205,93.40117107265242,0
22.161800678733975,92.619230084983,0
28.055001961978093,94.78925999466131,0
27.577013688544724,91.86683801997454,0
28.86099391973652,94.53162216907656,0
23.29790651202484,91.74928043112399,0
25.363876085311304,90.71906323416654,0
27.939072707359532,93.06422433091362,0
26.479464356753937,90.52185794475184,0
26.885845392721937,94.2752353081818,0
27.64302950980295,95.85463164525449,0
27.579606438695098,94.8464591519036,0
23.529028604738063,91.77300305445219,0
25.164765533414396,94.3843487338819,0
27.487250428225696,93.55527713745724,0
28.0916124252655,92.83491901269385,0
26.578966283213813,94.76801634407587,0
23.899452627637135,92.59719415741691,0
27.37891068591745,95.08424888305055,0
24.422476326731072,92.3093862755121,0
26.09681855570691,94.20151300231764,0
27.494433154101745,88.67951455584253,0
28.748652780388472,96.52829864814721,0
28.929453125361118,94.57868411758895,0
28.17616963471572,95.63747092605205,0
24.255892766508957,93.34087834853187,0
25.458043188225282,90.47317562998757,0
26.363297641352144,90.21591731210168,0
27.545694749262648,96.67147154558772,0
26.340239226706906,94.24619628159485,0
23.353132603147287,92.59619915686993,0
28.260464666080384,94.17540645780832,0
26.572566281313687,91.95117791813854,0
26.05046397150781,95.12650542132184,0
26.551038158237798,94.72611771830637,0
25.111039659797143,92.40550817319003,0
28.713242377361563,94.40278719598713,0
27.978638686622293,93.09700037688552,0
24.656199073837836,92.28908774238828,0
25.22424511813122,94.30459487763126,0
28.14805057707971,95.68997998515484,0
26.4501374106257,92.52420543522203,0
26.401218419902204,90.72000094352389,0
25.813504440459738,92.0236532682453,0
23.246763543802825,91.36763362412336,0
24.0461917347472,92.24521487813821,0
24.97103006246457,92.88660906628564,0
27.82748182866477,92.89633606049414,0
26.967604475864345,93.491058180597,0
28.5942659584697,94.71109824272601,0
26.974214968960187,93.84944021099331,0
23.494812409917017,93.1280780449241,0
27.99839699001691,95.10189819319599,0
25.63449235424297,93.19000935365554,0
27.80545842812256,96.96699612662773,0
25.849469437271953,94.18079421985715,0
28.644885398975514,95.41048415266606,0
26.568439017819077,91.650238538169,0
25.865403398258078,92.14891537564596,0
27.988163736329643,93.93967594619541,0
24.50115386724086,93.01189267584355,0
27.36001076286654,94.17789213267507,0
27.567426483290447,88.17026624789054,0
24.1506688313784,93.76203383830162,0
28.488081269092202,94.52160082427095,0
26.75746967358911,93.30910391390347,0
25.299174619644695,93.04528893018771,0
28.191700875973265,93.96460101104525,0
26.78323523674154,92.02227984520134,0
28.227230618598327,96.98171265474518,0
26.81028337762248,92.00624822745708,0
26.477664903421,91.40999374087909,0
26.17585878062403,93.72028332861089,0
29.044950825724932,95.92522919329004,0
27.2445018916132,92.5459981869636,0
24.968301800802724,94.49438708199284,0
25.419551971905243,91.12971719304565,0
26.730075601664506,94.6809962434987,0
25.886228323002893,90.13429135733708,0
25.886968598643303,93.45736656199186,0
26.029439987295877,91.13106774360396,0
25.05424499242229,93.74557014765996,0
26.42406294758253,93.04863864783546,0
22.692558933955798,93.09999488469055,0
23.364099701322086,91.7583289635371,0
27.176612035655516,93.27365393324105,0
25.224358541730595,92.9972130586141,0
25.482470901551316,90.82942896056237,0
28.363186849257374,93.24869023819525,0
28.174234320050374,93.21835127935073,0
28.28764543148671,93.90531166730756,0
28.698825175077015,95.38899499544794,0
28.9794266176062,94.36124019778882,0
27.025037416466112,94.80865088044095,0
25.59707545534626,93.4467376245433,0
27.352837342813462,94.27432119132668,0
27.440318736658423,88.2047947229365,0
22.80736020614323,93.00083669483317,0
23.556669132542527,92.85794574858593,0
28.253093089608242,93.03791173650404,0
26.729122488019936,93.77795701802694,0
25.400932819256543,90.90890543139982,0
22.72438553248565,92.70782136573318,0
25.534537573612496,89.90861222755741,0
24.499115701598626,94.36577510212773,0
25.323178819892078,93.35951552963814,0
24.179820808366944,92.64254303948292,0
27.55809439230369,91.91189300162195,0
25.239547307728184,93.30427763528333,0
23.436889098277508,93.06837380622152,0
25.73082054468642,92.05902624238871,0
27.334477223851152,88.1990784111583,0
26.621691266440518,91.00380760917959,0
26.22651928423136,92.3077060946007,0
27.711452775359255,93.96046646718553,0
24.273468538459653,92.20948129646531,0
25.577945467102108,93.15059313258406,0
25.48960207338365,91.45795122818521,0
28.606764305106513,94.10698695624083,0
27.605736493943215,96.25837610480441,0
27.12675836060599,95.84556338844398,0
27.926063400729912,96.18093021611156,0
25.859509370924883,90.76428775229894,0
26.290319197214757,91.65361681270296,0
26.32884381381422,94.16566361160089,0
25.26108399105396,90.25906787197259,0
25.22472546410146,90.28166362125518,0
25.288401548796738,90.54022968889375,0
27.958436281320495,93.1823662604005,0
26.4086139968844,91.14123906302738,0
27.447119332900584,95.02029774062933,0
23.778817248849016,91.89719448088498,0
28.449150808996308,93.24505314544318,0
23.844740380071098,92.34604843245708,0
26.12002851086988,93.4653287439681,0
25.999646987331058,91.28097202323052,0
26.14334309163276,93.6374118958138,0
25.360829265833143,90.18143575174689,0
28.308863178149885,96.98175327599297,0
27.840567970036872,93.05104017480018,0
25.570540085429165,90.98844105405705,0
23.783255543520333,93.20574365281907,0
25.65661255909324,92.44556942812764,0
27.58332682062298,92.59427067350903,0
24.196221769529703,92.5479477317622,0
22.249431921577948,92.68317622009842,0
28.34245586146554,94.22160012785507,0
27.14070314925278,93.75327994857328,0
25.537007720523757,92.81815660918136,0
26.151215858384443,94.04616261011104,0
26.569401288490294,94.03917009239312,0
26.788590059005678,94.74363520864263,0
27.093689349881423,92.88129689295266,0
23.768078840691878,92.24459378054208,0
27.13703415274511,93.7162600712627,0
24.09437737053195,92.1907673402492,0
24.323875658900025,92.27476090131157,0
28.30509216408306,96.86784025001107,0
22.24451831546202,92.62224169147689,0
27.267298311247536,96.87601847199593,0
25.703655260419726,94.93524320228946,0
22.774573090749374,92.47840526247057,0
23.809344648006853,93.24980834309555,0
27.896496371150864,97.19149146383256,0
27.888237399748515,93.23071104105163,0
27.59293580093132,92.36165442985155,0
27.97602134351426,97.32007110767796,0
27.845732900640684,96.9954886836493,0
28.150159924349477,96.5630353615177,0
26.877608912956738,94.16230689351885,0
26.250817079620134,89.8444456767809,0
28.09300831947377,93.33806305024352,0
27.99071843988746,95.22538053645663,0
28.984836940521188,96.30385108768053,0
26.235465203003024,91.82091415220565,0
27.188702788449994,95.41912434531419,0
27.16785344750888,94.95937843425412,0
27.697582741713084,93.90770877402454,0
28.340832648880426,96.25684902809408,0
28.004525378594693,96.5500233026967,0
23.98988712665514,91.75487437838622,0
25.611082151955372,90.47327381237679,0
22.503749983579567,92.62137113564705,0
26.655841263337667,91.72455498614639,0
28.163701167625952,97.06812638587834,0
27.512714085470545,92.35285099819876,0
25.382505601041633,94.53650332916767,0
23.050065511019046,92.98842521067454,0
25.028207286332083,92.92515517377912,0
26.991210082618068,94.78974867963957,0
25.41730204356671,93.79010014142477,0
28.602683651263366,94.05127068751362,0
24.55766578527004,92.84996866091423,0
29.119603219947642,94.33353289085375,0
25.46503763898446,92.5678267643033,0
28.269413768287105,95.1947464144789,0
27.204913746743063,93.19233178787225,0
28.271702588455543,93.8154158971741,0
24.791953966300692,92.84679936390081,0
28.650500903380824,93.45389044133981,0
27.58164624403252,92.44635206479838,0
27.48320553440802,95.55709186208483,0
23.341255517060443,93.23174444054439,0
27.70281303583257,94.38031046964572,0
27.826923789915444,97.12901929200268,0
27.22785051902115,97.03564036839143,0
24.589949301922797,94.04654865992694,0
26.285266420381348,90.5924808935817,0
27.38506242035551,95.22235535134108,0
26.03053026226627,89.95706350492533,0
28.690245789489744,95.21251578308248,0
24.45226316540575,93.61589695006299,0
27.60592037215044,91.74372243909467,0
25.618200949101777,94.10502937061241,0
28.84151211956598,95.45404587107599,0
26.442729580163782,91.65915740829823,0
28.799747326111145,95.83960043456543,0
23.572949202485162,91.34750591012114,0
24.572989809194993,93.4865967809454,0
27.7467547444152,93.39500751401663,0
22.96316383116872,92.92351730726122,0
24.843906767272053,94.11144433310683,0
26.384794066341126,94.3045541063186,0
25.52222471317676,92.83286437776205,0
28.575748365356294,95.11622097683116,0
23.3028769692311,93.11936790596374,0
26.18382528335907,91.08284223713319,0
27.367626939392,94.52192221463513,0
28.695371290347957,94.48618963582702,0
27.48746087423869,94.5683814043958,0
23.827698085923654,93.276532567382,0
24.743732780383617,94.19373685771839,0
24.631744790608874,94.04151463452536,0
27.44558199769796,94.32715654612339,0
24.05513171114779,94.13613796084512,0
25.4702652319256,92.08715567003581,0
26.226023656227888,94.43443127321045,0
25.488735767346146,93.04557139874385,0
26.750446270697182,92.80308881123773,0
24.122659797891572,94.16512732743664,0
28.53247117898931,94.01464678879823,0
28.21498011703641,95.11992341509011,0
25.51450892035233,92.66698635089101,0
28.103507660808848,94.32760701551443,0
26.35945538188174,91.0186316854471,0
25.21764560725954,93.27155964691381,0
26.665361036425423,90.79681341110758,0
28.058471058627557,95.21214372330444,0
25.610963372312757,90.38917028295995,0
25.85588281921946,92.157967866989,0
26.018754989312658,92.90162720031557,0
23.26960134486719,92.79452015016803,0
28.62877156655491,95.59895658520145,0
27.556022548472985,88.3761971455379,0
28.83454950368972,95.70785505965725,0
25.134303638624225,92.7028600591198,0
26.97896474650662,94.46740656849855,0
27.633425445216172,95.33074425774635,0
26.879590198192382,92.47090400373862,0
25.248784842661742,94.11839690931977,0
27.357947824221498,95.28505642882612,0
26.340232344883596,93.8919902003809,0
25.393597529933658,91.52430449877946,0
28.27346428904018,96.2542629840999,0
27.85474412895241,96.95374863663805,0
28.407971611873666,94.20488189478056,0
27.77312473319122,97.04500881995686,0
28.125145883445345,96.70107518687288,0
28.23295497173373,95.80968703553137,0
25.922307554803222,92.73730289180001,0
27.83327093704719,88.5792522215024,0
22.163609726792078,92.97426344340731,0
27.984697398231116,93.20911610232754,0
26.687667818689913,93.7521127018943,0
26.621317487406984,94.88005356862114,0
22.611112562047367,93.12797225640146,0
24.510835403637422,94.12498809660552,0
27.746039017146067,94.95735346206091,0
25.896824463421215,91.68529377663737,0
27.5442408739432,96.17256245763402,0
25.34247427625958,91.28091851757834,0
28.74217777982675,95.05405837632887,0
27.611313947571364,96.77679698998953,0
23.22433380250118,91.74602627794792,0
25.504367959289336,92.65359850436623,0
24.570719397915575,92.66646001147619,0
26.449949206615972,91.10715196528282,0
26.473393073813597,92.92974881609344,0
26.884772470767622,93.3199947807981,0
28.35233653854934,95.16245182686701,0
25.972327942130356,92.68614866267917,0
25.107445147274497,92.35670524978516,0
28.36742180634983,95.23025881262635,0
26.692080942854574,95.2988296986868,0
27.296787112336002,92.82691161049543,0
27.208035546523696,94.35655704916753,0
25.841398468081845,92.36979377990963,0
27.790493395371303,96.26651207954393,0
26.759964938982886,94.5569943144548,0
27.74766261944057,92.99823436957126,0
26.595458478308664,95.101668146815,0
26.011927811245837,90.08885426730942,0
27.107866607977538,94.3636076361386,0
27.872311599257657,95.91480400055119,0
25.97792805091182,91.12545677884691,0
24.887921514923733,94.0685653478478,0
22.11230905935115,92.93058302342337,0
26.886913438636693,95.566946575264,0
26.277262460242447,93.0789847918027,0
25.506889757273424,93.10416173826837,0
24.265508913015307,93.16521691457893,0
22.958816346149607,93.01068295035947,0
23.832719407256747,91.37944553920197,0
28.334312341394007,96.62583101900728,0
25.873981813705388,93.4391744794214,0
26.104017601819095,92.30277129983709,0
26.0019683716408,92.9478892474874,0
27.77119555230039,92.12781535158432,0
26.549260816910035,92.85309137765901,0
28.62123480072786,93.36286561279218,0
28.467651847940953,96.09911410763715,0
25.82721184953434,92.441235524423,0
27.49310179406174,95.84964671025955,0
27.79379930676658,92.17270954198246,0
25.99625334323954,94.92296397728921,0
24.687213009187985,92.29529584657678,0
27.030713823724746,93.90889814213243,0
27.995435312789166,97.08517484038737,0
25.591137158176416,90.43484710174238,0
23.750823156916457,92.71603373814543,0
25.291742190872117,93.53164127469299,0
28.011393002932408,93.92283278849709,0
25.863261335301722,92.25518003889154,0
25.218902415376046,94.55852125655525,0
27.68151463629226,91.92070457657879,0
26.29313922087759,90.19274378599881,0
27.862329374045675,95.50469196341523,0
24.960191870929286,93.5647846347399,0
27.427660372999334,95.84545719241915,0
27.105990829289524,92.73425005952303,0
26.272454779011476,90.69657797124945,0
25.070875610747454,94.31920203141246,0
25.46839207436785,93.43204506949176,0
25.47181911342941,94.40331260820355,0
27.854047522852955,88.85871164932925,0
23.153948421288916,93.04498077730754,0
28.042661041480127,94.7284004304472,0
25.76861304971517,92.26063379374202,0
26.03000532540443,90.45109904916433,0
26.500866379245608,94.92877330498266,0
25.806786745270344,94.88502519360249,0
28.781816463302306,94.96076393530936,0
23.95114770818924,92.80924780682402,0
24.495449100846283,93.26428455894312,0
28.260646328929905,95.2792488775928,0
23.46274873757308,92.57246793328278,0
24.21351222982104,92.26585686510543,0
27.348158843209067,93.55283487172959,0
28.214717735476288,96.37165370254868,0
24.876503529892307,93.69720125419252,0
27.749836901254245,92.7248564099321,0
26.493152856660515,91.87231632772287,0
23.49464762119566,93.11043033972723,0
27.533100452132054,94.53097806645502,0
27.73047648314769,95.45625512951338,0
28.393635467711974,94.2820046289353,0
26.844592995167798,95.10968666928039,0
27.58376808090625,92.69203866691582,0
26.1922824910813,90.45032757512651,0
23.47880627025019,92.74138665709145,0
28.317340882323755,96.16968190347797,0
27.28153168772984,92.80398962633832,0
27.718859036403064,88.77796631536756,0
24.710727532548965,92.58784530412242,0
28.03945421857729,93.7238175509466,0
25.501946185121234,91.62831043290296,0
26.33447163566415,94.7161383996501,0
25.679017857295392,91.36018301480192,0
27.7672694177968,96.18165776059513,0
27.56116139549976,92.42979228537719,0
25.23046559218051,90.27243777970484,0
25.488118866630124,94.2695803140153,0
24.532226284684008,93.57677128390992,0
26.745294294278494,90.14071665020913,0
25.65398543698354,93.55874226191324,0
26.151309357729698,90.87458742237946,0
26.14209812077971,89.78848763247746,0
28.574260849894763,96.1663926931329,0
27.54788826470452,95.18993077680815,0
28.692315894689926,94.31245145461756,0
26.547905276918307,92.82390989804634,0
25.478230434813238,93.99641450189057,0
25.09450734433735,94.64816019638393,0
28.359909576430063,94.63220705173036,0
26.455066721704014,90.34783883779859,0
25.938979855509274,92.15748869132582,0
25.667592653803126,92.23196628873092,0
27.880534429551414,93.46690003991787,0
27.284046985815475,96.92808097609749,0
22.542142445407848,92.92126192848262,0
25.799468309766677,91.99344335179256,0
26.08179317884713,90.0470526611993,0
28.810737068237746,95.71657735764737,0
26.012892305002296,89.93850052809086,0
25.882602921260446,93.96784086925014,0
24.974412079883468,92.59356435805911,0
27.68923244472835,95.47620037335581,0
26.018718871037386,92.94521722826157,0
28.99698271903468,96.1758934394752,0
28.656120324109807,95.82464881967299,0
26.300033359742613,91.5439441208885,0
28.223604730593355,94.29127423313751,0
25.463766202504193,93.3822049530374,0
24.19210521746166,93.95230704841775,0
25.60807616859355,91.54671854051934,0
26.85315468158762,91.82918717678099,0
28.295221963846718,96.81953294486883,0
27.548966689777327,93.03767511787514,0
27.157609605142415,94.54741427131313,0
24.9039384238929,93.85529455512945,0
26.355975698105325,95.09144162029045,0
27.559678651038702,95.35275731196072,0
26.09633927309732,90.16645929424925,0
27.224176046428763,93.50465981210695,0
24.909413741749177,94.59418422254012,0
28.229885195445874,94.77250723113805,0
26.20027560552023,91.72392833603473,0
26.615369656986996,90.15987113749271,0
28.874148527460218,94.06376310225305,0
25.62049883426378,94.35815218452835,0
27.35439527323603,95.9045235715001,0
27.11376175440859,92.97247716399004,0
26.136149043103984,95.00015021883188,0
24.630427658184363,92.54515289182663,0
27.416474903327032,93.59223021748254,0
26.45451292459537,92.83102871857979,0
24.51683848860552,92.31404759297283,0
24.29558465672633,92.40914962985623,0
23.741315991171117,93.30762697239629,0
25.514511735295123,89.87696341295722,0
26.07676969922775,94.36518673555406,0
28.247060756023252,94.97128029356254,0
27.73218069665776,88.50499814798752,0
22.567049791712435,92.7847538732974,0
26.059808448325438,94.88806646190058,0
27.400076074535704,93.76638502359302,0
28.088215355741042,94.79353852624622,0
23.384414354126516,92.69271635165009,0
25.02183205977747,93.18660848316132,0
28.31524094229458,94.23418287488992,0
23.349632566393645,92.51226781399158,0
27.374589719129876,96.39208006427322,0
26.543563343253957,92.36089284080208,0
22.92967369780977,93.02302894118831,0
27.283271315878462,95.48589663093367,0
25.83089102959272,92.95382747795743,0
26.44839593982528,93.02230219800532,0
24.206715173399196,91.9341389280267,0
27.491192496846075,88.45664221040808,0
26.995974067860935,94.99832194483345,0
24.261689741028604,92.62255086291947,0
23.601806251054107,92.95272020649882,0
24.37529042122924,92.84040754072441,0
26.92899226656931,92.35412831977392,0
27.59663767914211,95.46531233961745,0
26.073751038032057,89.97559303132851,0
26.548805610990694,94.15870885962829,0
26.92250415399817,94.64441251473076,0
27.993633307701757,93.58267751291622,0
27.104779802327453,95.3542215210127,0
27.500382470096454,93.29273249605421,0
27.251044039158316,93.13018837291699,0
27.442195551547577,95.56394902995602,0
24.390000029614544,92.36675401391217,0
28.559618386896666,93.7240142933427,0
25.451443142897567,92.03936827065236,0
27.598620305355894,95.83962638207254,0
25.184919287111125,92.33765006206409,0
28.116896537443765,95.615174823564,0
24.804342813932166,92.60949861019807,0
28.11037720352282,94.53492079566223,0
27.11595194384475,93.7858933023834,0
28.03839210720076,96.57405104314768,0
26.35966201678171,90.88589914290455,0
27.88601488290969,95.1591439292888,0
22.57275022302125,92.98231203427521,0
25.856792988497578,90.71120378265718,0
27.255950460789848,95.99855464496562,0
25.688693821222394,93.82739870389894,0
26.095231205087995,93.52563200929737,0
27.583899252268136,88.18240881300979,0
27.40419547986911,92.5015507607669,0
23.58017413926429,91.73426748477225,0
27.85103578065863,95.1362462350137,0
24.687124036339824,92.7599213709975,0
22.427651814194626,93.1746594767638,0
26.59232948673763,93.92791295800654,0
23.83653537529761,93.1671589691263,0
25.23765335942827,94.0459190054366,0
24.03192825615286,92.64911157890023,0
25.355384688163035,93.33486041455805,0
27.345279288338727,93.71189725303682,0
28.996796313561113,94.71998029612918,0
26.163201104860093,90.82086699600991,0
25.980379156675497,94.10307787734524,0
24.575892730063956,94.4222310211913,0
28.664392371768386,94.40407899577794,0
27.600663173431652,96.76571932698683,0
26.27114550285408,90.49466829377687,0
27.798003815994303,95.72930320281336,0
28.910344808154456,96.40300841353493,0
23.241644909570883,91.53501144093366,0
24.010073910782797,92.12062235296679,0
26.048027478311422,90.46761892715209,0
27.774141129140258,92.6144665121605,0
22.394074628264732,93.04822101554825,0
27.920606367352306,93.21773289352613,0
24.669816171545236,94.23935867179745,0
25.62705055043312,93.11509863960656,0
28.396724214369296,94.59438825614127,0
28.510476307720317,94.18589002434759,0
24.447610063843378,92.9365190462488,0
25.949208130091012,94.96263951148607,0
24.914914418570106,93.69928546870365,0
27.360426871090166,93.37768323688931,0
28.763470930389587,95.02141507753643,0
24.814379613444835,92.90473665302015,0
26.027793334304345,89.99066639034021,0
27.20323773779215,92.59816061917543,0
27.567370080606842,94.60072352782792,0
23.530687873113965,92.33996182591416,0
26.06956124307315,95.02146479358795,0
24.8937459386136,93.47825241615458,0
26.764021418862793,91.39031252573396,0
27.717251312054735,93.3250553156483,0
27.66277442460023,93.86864567509944,0
27.66742113508268,95.90325539468422,0
26.242883964887326,90.5410472882166,0
23.81663282923958,93.22116327383964,0
28.24852313818525,95.12226349382001,0
28.521710198688535,93.37521955164813,0
26.421690950652028,90.66364569293228,0
24.905410447494315,94.44919577155297,0
24.894682893740473,92.64482460277625,0
23.67636573563284,91.77623997221205,0
28.591000352439337,95.78018923277713,0
27.04920614501832,95.78513572373286,0
25.933304587947703,92.76171623511317,0
28.953967274210363,95.03741022819982,0
25.515526551064166,89.98343978491225,0
26.781759647791212,92.05833864673816,0
22.729277651843674,92.51449121073283,0
27.189572326395083,95.36890255756235,0
24.19142354036325,93.30433921399502,0
25.264402337386212,93.48002732490477,0
26.488709620589926,93.08957842807676,0
24.87488986601907,93.69960558512467,0
26.847841091485247,92.13310468624677,0
29.027098638943457,96.03953891756318,0
25.348294720160293,93.39609958636915,0
23.133488282853744,93.28458327878172,0
28.778179962744357,96.07716069041368,0
24.060824857726693,92.24453009663037,0
26.81516710809343,94.29416683661947,0
27.71611185072136,93.9349313934089,0
27.741094295674465,95.31691384881074,0
25.17727406270317,92.68064058259567,0
27.955567565657294,97.22624521040882,0
25.83702763371756,91.07835486371907,0
26.12706185290797,94.69007269320659,0
27.489216719202496,92.24741401025267,0
26.50876078244835,92.7075355366258,0
25.269508096380267,93.09353193534868,0
27.294246242417692,88.19995808080056,0
24.487344543637757,94.3698827478944,0
25.932462436454045,90.03081258564723,0
28.29854566945904,95.6556019891846,0
26.89972555927324,92.72175678500061,0
26.706115652115756,91.90902774043596,0
26.405485932642993,93.94965619977538,0
25.704652672783503,89.86789087812168,0
27.447069849529278,92.03534734846997,0
26.40912356429107,90.30191164850987,0
28.780281660818364,96.34044598049832,0
27.72603134342704,97.01232729397277,0
29.013561221081886,94.66200470276905,0
28.934039487280415,95.03784916364276,0
24.841157955196095,93.09726995862765,0
27.570527263037043,95.06148547105364,0
25.87893427786039,91.2641334934426,0
27.584994101730075,88.74853887345031,0
23.90413530750427,91.43921669822453,0
23.861747358461972,94.11283711013373,0
27.655205310184822,93.52379494114557,0
25.84357467667015,92.94513989301856,0
25.584499193627142,91.89697470119269,0
27.953098471544326,93.46715118113043,0
25.369379851155777,92.0588559795638,0
28.670235809539573,96.29395105062315,0
27.815223605967407,94.65571038282549,0
24.984052649309202,93.2896775875004,0
26.44551764320476,90.55245084014076,0
26.45080071809224,92.17627715262849,0
27.25377202416839,94.52953191324751,0
24.905079883455777,94.3809001374865,0
23.864123474850608,91.74616992366803,0
28.391733417533406,95.78700994480239,0
27.628249293070365,94.33918896298167,0
23.222457414755205,92.53805062810385,0
26.2194294094713,91.23544318833167,0
26.039664451939807,91.99776981281435,0
25.16925741768362,93.7332803962385,0
24.592854545855865,93.54710975360192,0
25.646061074739787,93.8578456289589,0
26.717096897603046,93.20557857653274,0
27.078964016417395,92.12663977918031,0
26.696985455364192,95.03095073993887,0
24.83179466636485,93.93022162332707,0
28.087806335293006,93.76385924799115,0
26.054218419999433,95.09764277293633,0
25.842748041175597,94.10249938189389,0
22.634437682612308,92.626300101673,0
25.972468493137725,93.99498351431784,0
25.78088287712523,94.98449076619566,0
28.75886878029766,96.52079091149872,0
26.536423543713116,92.92071560444276,0
27.525097044581624,96.41442298605313,0
28.354575977671576,94.87995803850117,0
28.115213363624616,94.26820473478556,0
25.238945078234085,94.11223532603282,0
27.787065885865957,94.02625313651326,0
29.21170752037981,94.44693837893996,0
26.081211102584103,90.05646890428208,0
25.863899599528228,89.93281250538803,0
25.906262332465545,91.27452190609685,0
24.480871516715194,93.36765312056481,0
28.09686332632194,93.46031575234348,0
26.27866322596361,92.5435698347469,0
27.481902635035826,92.61833236821822,0
23.995667955066928,93.312345627589,0
22.668839833301472,92.60936053792085,0
25.827063187676547,91.73329856448352,0
24.130985564523037,94.0594621009266,0
24.290962123463654,93.50261238690695,0
25.13953181835474,93.75459618260605,0
24.522792631877852,93.78541068863045,0
26.2873065391105,90.81270861273794,0
25.65611397139951,93.11341416599247,0
26.93854450890652,95.33864589121013,0
25.575061455789406,94.39320279035007,0
25.57777669305034,93.67941567227437,0
25.261929912347977,90.83672019871722,0
27.700745022346855,93.8303323832043,0
28.081614733391458,94.91858576908098,0
26.742145367177066,90.41438561779,0
28.833404803097526,96.10760872466595,0
26.064092341324468,92.70307165713253,0
28.787310018601293,95.448188984084,0
25.875880968558924,90.09043040963228,0
25.486334408862284,89.86914980516566,0
26.72488561926867,94.39476871606162,0
25.765255780868618,92.87821608154255,0
23.762468975864746,92.95401517935362,0
26.19137899245115,95.11067661725022,0
28.665071933404366,96.07219909419398,0
24.8481100694473,93.15429480111581,0
28.799111293364025,94.10020305870384,0
24.315658982656437,91.94138325795313,0
25.227171448211376,91.67343447178153,0
26.38842852355096,92.64544439736989,0
26.566334275447733,91.41971523236712,0
27.230848142226655,93.07822597499745,0
27.894077977456174,95.78754986109944,0
29.206899410661222,96.34226399391795,0
27.123921044123907,94.39854275923503,0
28.117823249726978,92.90031899536149,0
25.896765874722533,89.98064074575647,0
22.542075365595938,92.8066240184996,0
28.276253679664602,93.3875480915541,0
27.02055657666931,93.56181301104326,0
28.321101520204074,96.53791413692333,0
27.54351699913012,95.74598240789038,0
27.066629427382235,93.94535508199988,0
26.9247938903697,95.56047532566832,0
29.145094103909283,94.58757536263778,0
24.299787294976618,92.21015925593177,0
25.18301672851441,90.57013616933916,0
26.720613897244334,91.56621228782383,0
28.743213487575552,94.31061647131432,0
26.63693564261826,92.89351807516526,0
28.07991561920924,92.73243054086123,0
26.394654935844002,94.96634649686742,0
25.172002736487904,93.0644287560203,0
25.89153980839878,93.73125510920673,0
26.933849659308784,94.60498162776159,0
24.446517992235233,92.25105342567913,0
28.097777050881678,97.01544905237662,0
27.42223023902317,94.89546939844763,0
27.880787835052967,88.5787244225657,0
24.3211555690243,93.81715576593706,0
25.555535989026275,91.45486574015332,0
28.786495570606114,96.39521215050577,0
27.728972189692488,93.71043913430319,0
26.92958869333535,94.93956629502834,0
27.09388292997138,95.7596727868487,0
23.734310949200424,93.01438657951788,0
29.013757360555076,94.56548852206215,0
28.310711007577545,96.99017159559236,0
27.044677121164284,95.62446897733544,0
27.91270843752868,96.73155971891208,0
27.47818584927737,94.64502241619157,0
27.9725765571401,96.03147525824122,0
24.393791462191366,94.180407310923,0
25.304280428720748,92.85151212940775,0
25.895712145908867,92.79012318733392,0
22.97970013335638,92.94350538851313,0
22.582773780415515,92.8273029475299,0
28.349265128793906,95.03779068361689,0
26.122011052812926,91.34384570862234,0
24.371632719823022,93.75934244417857,0
23.731654538254023,93.34442003835086,0
28.84885201857698,94.96798936725284,0
26.797759189289774,92.30244877762779,0
28.958578888581172,96.13290789965131,0
28.331280941983284,95.83053241180727,0
24.604444051802936,93.9193716552884,0
27.565681070186226,88.7189641301813,0
28.823525198402315,94.84614321600044,0
28.18994839736713,94.87300756527122,0
26.693865368356942,94.99172763349499,0
24.9493846631268,94.0897464872825,0
24.026440239002028,93.10316513041906,0
25.899194802955133,90.11752375624911,0
26.27807061347699,92.5533312356686,0
27.222592545049036,93.28906347138216,0
27.36688418181103,95.52401207264492,0
29.17347322407736,94.59763155467013,0
26.748980319213135,93.59763007870224,0
23.050317068411122,91.54020090641073,0
25.38645315036192,92.75406989627255,0
26.733051684718628,93.15132557769692,0
23.74220304354093,92.0440003728852,0
27.293102076278355,88.04850561261598,0
24.302341773645374,92.02246093065325,0
28.214201308977756,95.16829620956355,0
24.248890393846963,92.35190772747991,0
25.38887111735411,91.3400508262695,0
27.41176435739455,93.32088244304056,0
25.480018454160724,92.83454486154297,0
28.21736484950185,94.96790472684972,0
24.821212458376785,94.48944799371937,0
24.621986618849952,93.74803622433876,0
27.971572707998185,93.33859683548805,0
22.632215405430234,92.93784960440463,0
26.56398269969357,93.47022288688497,0
27.6809963139619,94.84709942868601,0
26.937577226017208,95.22791468096528,0
26.521891984263725,92.75212048537348,0
29.207366153834972,95.74389045378084,0
27.852792798716834,93.31304455358085,0
27.592858728551203,95.60859686114527,0
26.091467110790976,90.77236285783947,0
24.68224238892303,92.9153300216976,0
27.57925016537029,92.84310879000633,0
25.722594465758736,91.07342666539085,0
26.066413624183713,94.72815256132688,0
26.545156259629554,93.2666998077117,0
28.080702478473327,96.23549557097674,0
27.63121169833633,93.65038062829974,0
26.075842208238228,92.08043549690011,0
26.440962941271604,93.48045134074673,0
27.42210323486768,92.78385892998956,0
26.539894854352703,92.6851342725533,0
28.01784659208119,92.73308800158107,0
23.98107742646549,93.15963927103554,0
26.54133537758734,94.86873379714699,0
27.169035247341476,94.87286000667592,0
27.20829617360651,92.13175015505891,0
27.367781902652005,95.3328080386291,0
23.650901403162262,93.30074784622843,0
25.560883627935084,91.39946163512658,0
27.635930712537625,94.77622935199469,0
25.700067278390243,90.12014804726988,0
25.537266086230986,93.83190013699627,0
28.463490893353892,95.09662027264292,0
27.82433281763405,96.26139605966816,0
26.760599349724206,91.57357031351958,0
27.624782805656206,94.61366011707698,0
27.64043535052463,88.61241567688187,0
26.9998220329049,95.26607813764687,0
25.626224184891267,90.77702468816078,0
24.94118464772159,92.98150817473761,0
26.68976136489069,93.02431770019184,0
26.51792425168527,91.82410481444089,0
27.18380581931656,93.02171159409508,0
22.691172494878618,93.07580309228499,0
25.915307048731155,91.01789290647076,0
26.54617517074133,92.36928204098406,0
25.916599932604445,92.27400632467285,0
28.945511470900747,96.02839937972749,0
25.813213906391987,90.53168984351959,0
26.51085281470125,92.51105907069258,0
27.091425070294253,93.72211012296034,0
27.187400318558794,92.74814617761551,0
29.045799736148858,94.30894981711614,0
26.01864873574436,94.91882818626091,0
26.44641677720834,93.26793270191423,0
28.758995109096258,94.80420830858301,0
24.918799232339516,94.01773268099714,0
27.828265609319153,92.87017718885073,0
27.33459080900116,92.2803497787849,0
23.099199170804752,91.3944281453977,0
29.186813837351842,94.51093741216378,0
26.60147434788383,94.01159137914112,0
26.479810008644804,94.83489860470976,0
28.726492733722043,94.22637936386676,0
27.821717790512107,95.36992318354238,0
27.397081909682406,88.6350240058462,0
24.730617044902964,92.7131732785174,0
26.162312353680427,94.1133152577391,0
26.780496897174956,91.41293912153449,0
27.271122013845947,95.34387133266544,0
27.779418301318923,95.88148436565538,0
25.29746683023782,91.97911285122717,0
26.19990043158999,91.98583829534819,0
25.479281017932802,92.55444322511339,0
26.13733447864054,94.04479795455222,0
28.54133723549647,93.96443038267806,0
26.773618927173917,92.34133944232521,0
25.40045149695097,92.29216470141675,0
25.872962995558343,90.65037251603938,0
27.31567746891497,88.74436601406606,0
28.25090351223891,93.3355532578101,0
25.328489368850303,92.61625334822368,0
25.94102164465843,92.75668016651943,0
26.245662992789573,92.8329574548161,0
27.23311351845087,88.18832727880297,0
26.236792757205876,93.35139048949132,0
24.062712473939932,93.85881326703527,0
27.784545973191445,92.76054920241862,0
28.546289443559104,94.03712435947223,0
26.517586508966758,90.30397572245819,0
28.95901756877031,94.99381305821751,0
26.585088953963027,93.0839440770793,0
26.467496400857147,92.51354904249504,0
25.208269610206823,94.15766101891118,0
25.346159597202348,94.35588905747095,0
28.32056744055374,94.2884070301534,0
25.082797085789682,93.38910398701601,0
26.555484664059694,94.7929446243472,0
28.083605643843036,94.02307588640645,0
26.430578880066903,91.29739055741457,0
27.662797652894753,88.18411520033531,0
28.193026733583363,94.66358990523622,0
26.555377281152627,92.21564201303059,0
26.681410918287497,92.43262696139973,0
25.191474320239553,94.32948283302377,0
23.708097280140795,92.05526275290366,0
27.325952612109337,95.39908471398641,0
24.61678913176579,92.44177434419383,0
25.441612224803958,93.74846657072294,0
27.234666838797683,93.17910806359146,0
26.07661199665785,91.8338406654551,0
25.01308737852301,92.83228809274208,0
25.110590080176532,92.62012051625405,0
26.88946471358926,92.52380461957063,0
25.906846520632065,91.01321547858038,0
27.73168804708749,95.33846879967987,0
24.853497029760508,92.85521417739628,0
25.17316099441051,91.73298917667617,0
25.440490831976692,93.42584339228895,0
26.91968928210122,93.26475499608567,0
27.857089085749834,95.9050363288557,0
25.461213460905224,94.14509717540241,0
24.74929116145627,94.02799402505696,0
26.288476210233235,93.79572062921656,0
26.274400188145684,91.83436515457777,0
23.9324306035826,92.04898023592303,0
27.608594362253907,96.3140962153477,0
27.961766914315398,93.06290244532457,0
27.417316363863687,88.60873178794334,0
23.444434136414763,93.06058143858262,0
23.32670126031527,93.0644567245578,0
27.40870512906063,95.14119690100776,0
28.140449809517502,94.50835895271688,0
24.980413477573492,94.04149358582445,0
27.356294305264964,92.43217727892541,0
27.54958662270534,95.73506856904083,0
23.981817813773674,92.48504618032004,0
29.16071930356269,94.7443674784374,0
28.634037087744975,94.50533272589365,0
27.770026337129387,92.25217638038335,0
27.282954328634215,95.91207563707044,0
26.6712511269834,92.77014051506256,0
29.094843065527307,95.64270036414551,0
27.237817894496203,92.37026185362406,0
26.933173530163074,94.9124768192919,0
27.27033290773149,95.72591289108279,0
25.285398823156548,91.90395811276716,0
27.61677948709935,93.49624550797478,0
28.745553693800165,94.11498950521974,0
29.001312159261975,95.84231925505712,0
28.46731374543375,96.18824485336108,0
24.816509959616788,93.68923770164112,0
25.465542661832558,91.11489259217039,0
28.822433890639903,94.42010605822675,0
23.750025178460742,91.68288667968521,0
25.969273058362607,93.13550875247388,0
26.640854551482963,91.57536722816333,0
22.58783882409791,92.76211419521424,0
28.092070122492977,94.81143423314742,0
23.309154904343572,91.48438622637052,0
27.40861772874068,92.38919217691345,0
25.206563925357774,92.65611198147835,0
25.75153806146287,91.8700032502891,0
28.57305049752729,96.2429946025262,0
26.927147728238626,93.90798862095774,0
28.705845911120583,94.91255579728329,0
25.195655381920552,91.0336557881937,0
27.464741515527116,94.30021755663428,0
27.834465834473963,95.6325258509425,0
25.258876622779518,94.38012721275712,0
28.919031046048502,94.53406826650975,0
28.815492315647045,96.31946499067006,0
24.432051275899536,94.16965016114689,0
27.581619483586273,88.613953188666,0
26.178404682539075,93.39272643315365,0
27.649829240484976,95.22296547099592,0
25.331322299519442,94.27496008428557,0
27.3927798493763,93.37033209121786,0
27.881334531325034,93.16890159330656,0
28.35393196469537,95.83366855493281,0
27.77668079393964,94.89784395282165,0
26.36580139835314,89.839286853024,0
24.650604309210625,93.55259624105648,0
25.439033821267277,94.28201695491397,0
27.894209013049693,93.15197201117141,0
25.823963486231214,94.16603159001102,0
27.848974919754824,93.91134658315183,0
27.009012760704913,94.42762708437984,0
27.302795929401842,88.41172997588441,0
25.41941453329311,91.51874090842296,0
26.88429063679991,91.94668359521843,0
27.43744042876472,92.73377040739739,0
24.114413776458893,92.5143462515643,0
23.55564283473473,92.41451078809253,0
27.90825243810826,96.7913133484968,0
25.19963544917058,91.44713353060143,0
26.046812005565716,91.62494461713761,0
25.478844526034568,93.74381468815109,0
27.716894618188743,95.61384976736555,0
27.80908176632707,95.0600626103146,0
28.922042960812057,95.28284419813232,0
27.30378801009359,94.0816880957449,0
26.839589256087127,94.21374551922182,0
22.043649394404117,92.92892039295157,0
27.461260564995687,94.91410980193028,0
25.374402369492547,90.1547449431305,0
28.25697552162926,96.31731816241202,0
26.601666917238084,91.26146306044751,0
28.775784295614034,96.17493302192631,0
29.204350522631444,94.68428547225558,0
27.128542374219112,93.60846309054158,0
24.768995774459977,93.60659171614012,0
27.55935429377956,96.83689996070163,0
26.51901581265752,91.48354163979226,0
27.81791254453283,92.24927283328944,0
25.27128829797531,91.12537636217398,0
25.309726073599123,89.86446012977662,0
25.715244560271877,92.41098465862171,0
23.770809538388242,91.54602611932562,0
25.214947787934587,92.11416378820608,0
23.92249187810227,93.30792929080144,0
26.292520404955845,93.70000555237186,0
27.56668266632659,96.28444653653534,0
25.434473980530274,93.04543872831638,0
26.830572811605393,92.77514173226774,0
24.75320609751701,94.36525503400674,0
27.75568507231127,93.89638272201692,0
26.01923706473991,93.14648019112227,0
25.43383287854441,93.12325654815486,0
28.744963710005973,96.50003291388666,0
27.023575849561254,92.87438167142784,0
24.443055231854327,92.29740242609384,0
25.795712453719116,94.66799147692716,0
26.595347860888616,92.68389218919212,0
25.248784011938554,92.36379102022134,0
28.33905998620204,96.30860510711672,0
25.646814905899614,92.75909367776,0
28.99264005237535,94.42197975095382,0
26.788311165825125,95.31299908309009,0
27.650508370212677,95.04327190797011,0
25.76996330404881,94.10904814971887,0
25.406275750773514,94.4747210136346,0
26.98262309052,94.74631569721225,0
28.91893054553404,94.95631315844692,0
26.062695501627537,91.15994514393616,0
26.709975490946213,91.06635259350578,0
24.993670160980972,93.6634099377123,0
23.59965217481394,91.58738967781561,0
26.655809208946234,93.7057366804342,0
25.617335701740263,92.13735236106137,0
27.323084857937587,94.96452011234246,0
26.087868128478814,90.7941601607059,0
25.57587836695691,93.87773457538331,0
27.979209996698728,96.00183951530431,0
24.825049781292037,92.59280528298125,0
25.75238900962562,90.35351552789791,0
27.753911974524375,96.99194764495032,0
27.647799851753913,95.88529868420756,0
25.930370813053713,91.78613261813385,0
25.735681481839894,90.07603927184773,0
27.962237527381923,94.42761349653405,0
24.639721665768814,92.40678931227598,0
27.279971529587748,93.16955495822435,0
25.831354661337443,94.41020906964903,0
27.20208329281923,95.73947920021762,0
28.00865289077148,97.10384558769525,0
27.266407319431963,88.7367519336463,0
27.92739468475581,96.71148913766534,0
27.970178990201635,97.23800343069202,0
25.718992367468807,90.09974991325404,0
28.421182943747766,95.98517309982032,0
24.036812443099834,92.28485928867832,0
24.428262598216435,92.7343444780016,0
26.92573011750549,93.50798858423188,0
27.85350026500451,96.31452587601517,0
24.495418564148807,93.85611249119671,0
28.306281126214053,94.59247403753935,0
27.867583621204798,93.58832749147422,0
26.24860287072372,95.01333776070291,0
28.129193562411448,95.57109199547644,0
23.397415586260415,92.45954123083014,0
27.812982144721204,93.58798505858401,0
28.657814743064474,94.5147617963855,0
28.029838562667873,88.50578500674985,0
22.58951270974582,92.63903814120746,0
26.605915618006755,94.3506040767672,0
28.193935527012123,94.63704148134242,0
28.507341244087513,94.08598635439432,0
26.685197540591194,95.27076242869659,0
27.84879527482287,91.60940019744567,0
26.300297997428913,90.60481769973897,0
28.770341121228054,96.38265647571099,0
24.450931945162353,93.89170001461146,0
27.327388673132287,95.85393485880645,0
25.429195546760035,90.91159552163161,0
26.03928689241571,92.68059891094637,0
26.304833943493353,94.0474177927205,0
25.644238551000047,91.37112304706795,0
27.808912076720734,95.71512487669513,0
23.830996130233338,92.82657072466496,0
26.200681998194995,92.37454442839896,0
25.648796076249276,94.49626541461659,0
25.66491093803514,94.91449054288961,0
27.29859960954396,92.69181710786617,0
28.75995296477736,94.79207957341589,0
25.724380888144697,93.4495726307538,0
25.581747325318,93.03649777533612,0
23.815108705885528,92.71823218061107,0
27.25604033132678,94.43185615412969,0
27.325701684111788,94.04688934700951,0
28.119322750804088,96.14523552609222,0
26.864469366832587,94.20436775747929,0
23.484664995407453,91.67440287705483,0
27.085739990688907,94.81357639028319,0
27.376069465502294,95.09187639676745,0
26.581847507269362,89.94656755930714,0
26.20890311197804,94.61272765103264,0
22.979126326695816,92.75228896385079,0
28.309012566938186,93.9241268641325,0
25.466028170490894,91.2253469323034,0
26.808685240566103,92.03587250470893,0
27.732304923265716,92.75495500160395,0
27.593753562835353,95.44514333535517,0
27.898983402257013,88.32857171905871,0
26.532008313382917,94.20095945036094,0
24.525557590435596,93.59221147098803,0
24.11087071591499,92.33509637493736,0
24.842517921071483,92.70868129190352,0
24.815528260321393,93.0638424917389,0
25.440098972752615,91.40784668742735,0
28.308791822926928,93.2289169543329,0
26.737215056815693,90.27452938350287,0
26.66792309274571,91.56130035020057,0
26.595640370486144,90.88051999286046,0
26.15979425283718,94.39555524279682,0
27.348698220495113,92.9095806983188,0
25.38044916862155,94.01387079783991,0
27.8426558942553,95.54140708058,0
27.85727272117691,88.63187442821908,0
28.742013547558823,94.94679021027349,0
25.365620845993814,90.27012776814904,0
22.34711409613191,92.90825696968432,0
26.038015963011972,94.69226472020415,0
27.771198744824737,96.64254295084743,0
23.994228046928093,93.08101032397902,0
23.230126128294327,93.08580000771877,0
27.69735554298012,92.0258923550175,0
27.499431137063148,88.3333138414279,0
22.9228217302273,92.77279766586778,0
25.68048280087275,92.72852727546261,0
23.344488533731383,91.45087068496582,0
26.189668174084243,91.13849715930156,0
25.573258111593415,94.79283225650364,0
22.99392489117174,92.9381766154423,0
26.696746790185955,93.04339678650032,0
25.43030397404137,91.03672427116233,0
27.541985888150265,88.30169399257393,0
27.73775534644942,94.15853209497185,0
25.336399122650157,91.74701517520243,0
26.743950505453032,93.6231837996851,0
27.749475511750024,94.7027423329805,0
27.43674520272621,96.20698794863469,0
28.182390243817924,95.5532748558756,0
26.329026750825545,92.67736463518817,0
27.37215207266625,95.15819858622719,0
26.768264692167516,92.78955183824853,0
25.601575172130875,93.40560619656021,0
27.859909785633977,95.5342331990668,0
26.316788281862593,89.9066996468171,0
28.70350404810375,94.9433214224357,0
27.208436406678626,94.85542273881737,0
27.4753862858031,88.36841648633433,0
28.573200407574568,96.18947993511382,0
25.77659309052599,92.1905503308444,0
25.335223057892012,91.92414160291149,0
27.854257863374603,96.41791276088811,0
27.731995619570487,95.38596103910835,0
25.71009320963269,94.77273429827429,0
27.32815727766369,93.35787480252522,0
24.528631804948372,92.77201142088734,0
24.723851187173608,92.79195571993263,0
25.135970715850043,93.0206639885606,0
25.39602837743995,92.64354867652968,0
25.28648409775167,91.11098639609783,0
27.794057213705326,92.27237291507586,0
28.61602113316366,94.68664235214624,0
26.333375241417524,92.82779405005553,0
26.645016135886877,91.6162301344317,0
23.77088286475049,93.29425085512273,0
26.54834439801599,94.71295321775196,0
23.75455387718711,92.80685519099703,0
23.770253843597608,91.82569738627392,0
28.807883934354898,96.40689536640264,0
24.852776918453984,93.91007374369087,0
28.635950410862087,95.58094939795228,0
23.978431671811887,93.14933868010657,0
27.091444028918392,94.39225136576158,0
27.529100302339558,94.93135344067286,0
24.14453428833602,93.68174708629593,0
27.61713795539274,92.5229770341912,0
25.11606578090727,93.71849656665637,0
27.607928264795913,96.32051828722523,0
23.641438557329824,91.32287492704613,0
25.635992381637923,94.72388763708301,0
25.822401364461868,95.02426370064369,0
28.737448638975515,95.8582845787429,0
27.635239134881456,93.37223835543888,0
25.507804891519818,91.03771939567966,0
27.16957226432593,94.8155052731423,0
27.23342579463842,93.12732948175409,0
26.45546067276871,94.46137449033968,0
24.124649453346144,93.67063661792997,0
27.95140051938328,95.49563604924008,0
26.865309541403494,94.43694175087187,0
26.38698622810407,91.83287794791941,0
23.6564695939168,91.84525708502207,0
25.59616066670748,92.98462933960951,0
29.121752835341635,94.4981272372094,0
25.571648484919926,90.82642584986463,0
27.115443085161406,93.02300082803593,0
26.69516606040771,93.64064189765965,0
22.88689494834942,92.4935208575793,0
25.99436780610639,94.51572456534801,0
27.129631365561945,94.06795401983287,0
26.457024279682155,90.41975163432389,0
25.462125310140305,94.40722108547851,0
26.60904251833167,91.17586347026722,0
25.44540790316971,91.70149040602762,0
24.04400701911087,93.0627589561377,0
25.24200954013525,92.64205187569829,0
26.956784948657162,95.1993454046705,0
25.47741974750897,92.68704719148494,0
25.245057027257996,92.67737258327814,0
25.712947588632893,91.7093034699852,0
25.368726320480945,93.03794403252273,0
25.85334544209974,90.03357300354689,0
24.321423256928128,94.06446610853979,0
28.90377745558166,96.30600011132383,0
25.86567071733593,94.64491124103131,0
25.85480892671419,91.67660888480522,0
26.634239428555016,91.06275766782547,0
26.313263102410925,93.18859441712073,0
22.400251027329226,92.68291520270661,0
28.047203110996296,93.70288884967412,0
26.453766379796154,92.56978912570608,0
25.654956295489544,93.70221270830935,0
24.335130946200476,93.0791179887954,0
28.950065110195293,95.31458132212005,0
24.93962363993251,92.68732940071611,0
27.021737157224752,92.39178315807794,0
24.873679608489,92.80213865832741,0
28.412479451611446,95.29502932617476,0
23.759814107984308,91.72442739378114,0
27.296873678339196,96.95901087445421,0
28.980703109341462,94.91671561627699,0
27.413416414191122,95.26280554040294,0
26.057938037112994,91.41055695639596,0
26.62522259762732,94.13266657158701,0
25.213600801415122,91.37157564426697,0
22.419630343464352,92.6484911429651,0
27.668954210684184,96.89440131634497,0
25.94395786132668,93.66158152355962,0
28.369113317456996,93.41047435553652,0
26.671314883885383,90.55786752017202,0
27.834463257137664,96.18279470528172,0
22.718167063279694,92.98386816004518,0
23.58295903200247,91.23385449502953,0
28.71875531380216,96.2207107369834,0
27.482951588934146,93.44346397230626,0
28.066589724627036,94.73242191691418,0
28.094754306956304,97.20816981705016,0
25.994770483813525,92.10443441924934,0
25.444634161625125,92.53534384866064,0
26.518156456104418,93.66571945259614,0
28.54978405728884,95.28062977155237,0
25.732970285304724,91.90713579109729,0
23.410512099234502,92.90609145168584,0
28.75525040467803,94.49295483799688,0
27.196533200385804,93.85678747314485,0
28.486195557260796,95.18873655522658,0
27.678491978374478,93.39672403425932,0
27.521580582883974,92.5269973589375,0
24.85570716119264,92.98516995591515,0
28.013893189067282,88.66898553814133,0
27.651626478096325,88.4031815054845,0
25.15753351932371,93.36880631415605,0
26.271527585429663,92.12226927921033,0
27.76796808949745,95.00773324665083,0
26.758064648120516,90.76943102397038,0
26.431215307145333,91.9139161614845,0
27.161364094165876,92.40991448951021,0
25.76754921433782,94.51871751518985,0
25.71743714441413,92.72719894260419,0
27.55935793745568,94.64009886430067,0
26.299073296026076,93.9228488001165,0
26.451354174670985,91.96802921664134,0
28.161728882384015,96.30676748057085,0
25.40280263664023,94.10390904853296,0
28.165891992001537,96.78479643102138,0
27.244976461832525,92.68964804412798,0
26.384720150096857,93.32104682862978,0
25.42290878939061,91.14115070528577,0
29.13364727612745,94.55885958103221,0
27.14036673851228,92.62966244819684,0
26.480314939498566,94.11330310675966,0
26.698032939924754,90.21017320846092,0
26.57715189932385,92.31393168907528,0
23.993492803020818,91.48910649923275,0
23.71405639728373,92.67840183274755,0
26.965176935306364,94.02515198587335,0
22.74100908497903,93.01086647845352,0
29.117820079511127,95.52430640618965,0
23.050258966132294,92.59319571793593,0
26.992683563809955,95.34338998922586,0
28.114099756035678,93.84471091464113,0
25.14260435765061,94.09713917056631,0
27.724157634033052,95.77470972923169,0
27.7758940250056,96.81617268447879,0
23.708280961078238,92.93923702443256,0
26.59047959545489,92.13985626655521,0
25.77955359378259,93.38119065734824,0
28.451468837127713,95.90894379504388,0
24.617711009890737,93.59013457375202,0
24.42130620903133,92.37571086937064,0
28.07269894034128,95.25312244262386,0
26.008939311330003,94.63493873598246,0
27.359700633295567,93.72403476577246,0
23.56443581943389,91.51169594456938,0
28.236696491965837,93.049267978468,0
27.206234395198475,95.33541014697384,0
25.72520504836778,93.6997910376026,0
26.543371706757128,93.58811252577713,0
26.469002244543447,90.56366643143612,0
28.36212150796493,96.76343951514363,0
23.847044609248012,92.00377364432224,0
26.14682024514426,92.06693463955317,0
28.410326325543885,93.46680570383691,0
24.21420029538523,93.30627451589926,0
25.08581196337945,94.60081001816732,0
25.729469845154153,93.69760936167903,0
29.08139637504797,95.49329453306899,0
26.081651748873668,93.58177601176097,0
22.26159958701545,92.84251766570503,0
26.546075728912307,93.71573195567696,0
29.22350553091325,96.12300429078589,0
27.044238226437347,94.10466899285916,0
26.64580646981292,93.86345782528582,0
25.28087823207638,91.65101774225091,0
22.914219399986653,92.9201634701922,0
22.96830267897261,92.54993090225037,0
26.523167987774105,93.49877509122601,0
24.13132328737971,93.64366811055483,0
25.631029561427134,92.08042786759678,0
25.039201433420832,93.68314671421165,0
26.31555842467758,90.33807627484818,0
27.520707641130468,88.16712043436216,0
27.806669455080304,93.542117952899,0
28.833378395647415,96.55652316005772,0
25.585450759533153,93.26769230595951,0
27.775990297669022,91.84106392805394,0
26.285181211119195,93.7249514709358,0
24.503848076303367,94.35748213612645,0
27.006247804139072,95.34285896166604,0
27.369653107680815,92.67167214022403,0
23.624093531606967,91.21433072627086,0
25.677219926334928,91.81587669825528,0
25.71772380018928,91.44381709537282,0
25.505708387048788,92.12216197367337,0
27.181837270349927,93.66992292626246,0
27.089935740461673,95.64698720226117,0
26.813396712247535,93.82065030696879,0
23.510978274784247,91.56348733765098,0
28.058608011890247,94.77431416222109,0
25.996570910562912,94.87201963987813,0
28.29175617544182,97.1077510951686,0
24.787978026076235,93.83898686639091,0
24.112371604744084,93.5621574512901,0
26.05009527734502,92.49665611953127,0
25.875400932324283,90.61573566969032,0
24.33255250315372,92.78577709471985,0
29.33093211590825,95.98820549801219,0
24.794126578917712,94.46719991538552,0
25.8414446520526,92.10355649428507,0
25.335841181538385,92.44163820596616,0
25.9639132160264,91.16886521490568,0
25.49563597588983,91.80781764911626,0
23.16890677721451,92.75890594937431,0
27.623112980566752,92.40954782071552,0
23.71497042746666,91.43283870488031,0
28.097070604790595,96.76750196846213,0
25.363149335870723,91.4682473951352,0
29.010614668018924,94.70790398005447,0
27.841010374381614,92.7138815750731,0
27.77789538940677,88.48649341289743,0
24.323394702108086,93.7628344253819,0
27.84158003489644,94.77653884464551,0
26.488717263264324,94.4301867651733,0
23.291167625667924,93.05313454797522,0
26.161923678652677,92.24287396320209,0
24.223001537849985,92.51196645369235,0
24.228135087831664,93.79085162003288,0
26.34160319436815,95.1204745747958,0
23.638728731213092,93.00191443217935,0
26.53617722631121,90.45963017177392,0
25.465055184441212,92.84306114524384,0
25.300909676326153,90.65585050174451,0
28.675599993602482,96.30638332502754,0
26.194619786842203,94.18258319698316,0
26.676091127802803,90.96822974330058,0
25.720475032917268,90.1292494142133,0
27.31597016364066,93.14300851300163,0
28.97314817618648,96.12523105808349,0
26.855384168944976,95.35578586849354,0
26.586322980272012,92.66297076849219,0
27.372304547515427,94.47569592649836,0
23.63143483427458,93.23370515132572,0
26.353958585849274,93.89940433430591,0
27.358420740041847,93.95153437306472,0
27.602994153903513,95.66010616456937,0
26.94828215924534,95.66046567574125,0
29.06964203424392,94.55593429874187,0
25.581845183664726,94.69585013388833,0
25.75139929313511,93.87336245191977,0
27.11257957466241,97.06807419462065,0
27.979155819585824,96.65860344894269,0
25.661558106063474,94.26467223908499,0
25.18116894859024,92.27858361932854,0
26.07549818278074,89.83840786489463,0
24.954831996964547,93.99956735787192,0
27.11645258333266,93.88302490289409,0
23.627043829500572,92.92526153101737,0
26.38448298716945,91.73150396412206,0
23.482970124301104,92.78064579739019,0
26.304382287297592,94.62266538753705,0
27.6477550643115,96.17064115943644,0
27.626613450106547,91.62704975740367,0
23.5910991348288,93.04995704294524,0
25.467425524238603,93.23498916536406,0
26.105277973788784,93.40231425989849,0
25.494981330271198,92.12905071042455,0
26.325208788647586,93.61456543723006,0
24.598870327936755,93.95347595571025,0
26.549564847197402,90.98228659516569,0
27.873627611666286,96.58767927191826,0
25.45920675693915,89.93268404061915,0
26.761192624464933,92.49409110624737,0
26.350172492188854,91.9414181281156,0
25.879309505561174,94.2155906585535,0
26.6507630500641,90.66316433071798,0
23.710548157976888,91.89604319196424,0
27.966895732274285,92.82850190337908,0
26.834219137175925,92.1401822360095,0
27.130594612888828,93.66565824515332,0
27.782900627539203,91.69156317406512,0
28.946110985066834,94.62459669840862,0
27.081172948856914,94.44016033934138,0
25.958010175383418,90.13959275341523,0
27.2318704920875,93.28213380599107,0
24.394594264581528,93.82396496511211,0
23.57196724527252,92.31699818522371,0
26.18582016354695,92.4496334702423,0
27.62892875863226,96.19096511449003,0
27.386718765662977,94.56899940270087,0
26.340986682281635,91.84553380056693,0
28.05143795948106,94.63902434255984,0
24.007604865523856,91.42570336521014,0
27.263758223036568,88.83400997736952,0
23.359051646080353,92.691902592831,0
26.400811338828397,93.94318060069318,0
26.437800515820967,93.1517299931472,0
28.32981832101259,93.69911965705569,0
28.0954370018324,92.72907220480508,0
27.946802699470382,95.70571626261055,0
28.076457929473104,96.92227371846077,0
27.64002636799676,93.75707644787933,0
23.68055320007534,91.83393756257964,0
26.920940858122783,92.70694543148343,0
26.368486797125875,93.1838464791163,0
26.760719984907777,90.85376433166746,0
24.445189898792858,93.23118512848279,0
24.488642974707744,92.29528567620116,0
27.786138369617962,93.1462382776306,0
26.77130210976652,93.22168400042354,0
24.877962809212654,93.17890912606545,0
23.584686138604958,92.88864682170619,0
27.373216091845734,95.96056762122458,0
27.46213998202997,92.98808457038007,0
27.449025401109285,96.04850375171439,0
27.493388036797157,94.88234808932877,0
26.531538348232562,92.55873081820323,0
25.043494180569347,93.23796916772376,0
24.657453174661335,92.54994482930823,0
28.023680866179163,93.11447408926219,0
25.85121199334148,94.56375060088287,0
24.213516180574565,92.67054865227367,0
27.4099973740167,96.26790833866063,0
27.577996252794666,94.22392446581293,0
26.91462716108032,94.75536886641558,0
25.771920367542062,93.17993617790405,0
27.30267260481942,88.82778871061517,0
28.974323503603234,96.44909556906731,0
29.11995892760015,94.84510552306614,0
27.166672232104336,94.92693286733704,0
24.698847816581978,94.2271250850529,0
25.585636648042644,93.62775431953465,0
28.36671368240616,93.6632518737369,0
27.909328230714078,88.43327368934,0
23.144177781998046,91.74955570692022,0
22.239259739942028,93.10647111920355,0
25.625306424081536,94.79113073862888,0
28.289976046211855,96.57161423633409,0
28.11111563907741,94.66141554435265,0
24.628938456975824,93.25835287606691,0
23.88886970940293,93.33218764168075,0
24.06298787543557,92.15887308487908,0
25.191202638027203,92.42868376808083,0
26.157217912803144,89.76555997093661,0
26.839243237650276,93.91623327176723,0
26.127142691289095,93.71308594345595,0
28.701843428847457,94.16698435116537,0
29.31522679431394,96.03784544603977,0
28.847275096326126,94.59602563579085,0
28.470320360968596,95.8077870505691,0
27.43678765032216,95.93285726545547,0
25.67379714088551,90.27103886462594,0
27.335845094756415,96.89502333442152,0
22.01873335310613,92.61355257562703,0
26.510122935645814,92.48604770316875,0
26.124850888904934,94.2646601371067,0
28.125212551015178,94.63384216898102,0
24.183740655868792,94.08885891067351,0
27.48759693622495,96.7307333231207,0
27.607006133883196,95.2784375776869,0
25.651997944315568,90.72305009760102,0
25.874314755540734,92.23404902604047,0
24.448597743216588,93.11310964002423,0
25.75994706435364,91.77434288780447,0
28.809555673919377,94.06777777786311,0
29.383329105391834,95.92711894426378,0
25.41596105611141,93.13755644393665,0
26.108676603341202,91.731701907828,0
25.258587170469735,90.7822518179158,0
27.80456927977898,95.892720869709,0
24.6277472285941,92.94302517392117,0
25.674143150660775,91.81530512886336,0
25.326465168552648,94.61669358871377,0
26.148447101859166,94.82890634868504,0
26.014438321533763,93.54035124765818,0
25.099621024869442,94.60715584583517,0
25.063531283017756,94.56082625775791,0
25.18941432791379,93.60751101138453,0
26.238826908894712,93.70136891102139,0
26.937323365603675,92.91419754481733,0
25.005808357986453,94.47777077340078,0
25.62881353502045,91.68111191760585,0
24.176138513251377,92.38400669141659,0
28.377618149650964,95.29601541763816,0
24.233922605457828,93.73584769051888,0
28.69673302901821,94.99597908973796,0
22.791192845681508,92.83813061226347,0
26.543286365988497,94.11020062021991,0
22.819336563114746,92.79024585701117,0
23.320652248278208,92.43766152231274,0
27.17801335653138,93.6062447951148,0
27.906198325443,94.41170664475806,0
26.231001610942034,92.99998133462269,0
27.228630601070925,94.14662667975858,0
27.49020736448482,94.2010864331586,0
23.571752756277583,93.13604215762116,0
26.867143000472733,94.52359726283098,0
25.25309612281374,94.53669777365862,0
28.93499429699748,94.89346823247287,0
24.066039433744486,92.5497536376146,0
28.62335959455521,94.7463901388688,0
22.618311117652187,92.61351168867922,0
28.329302568216352,95.0289415941034,0
26.96195083885273,93.82205871319859,0
28.41437974657477,93.27427487409251,0
26.679514512393713,90.26462176889665,0
29.215896787665507,95.61939309733151,0
26.509915257995775,90.30250642497421,0
28.638784656785724,94.0438564104757,0
26.503957878388118,93.53235976448632,0
27.247007919631855,92.08011266183394,0
24.827280777074634,94.1991189145396,0
25.379344820491273,90.26042585629224,0
27.540483954731425,94.44748881615718,0
25.522355531105557,93.90163040519688,0
28.78924374995797,94.06705054840718,0
27.98415639846724,93.32048546113684,0
26.207700010421153,91.53286306890918,0
25.93839947590299,92.88723435975939,0
23.164468655766278,92.90359467489046,0
26.357150081139746,91.6211765554543,0
26.732012580667888,94.79878189128858,0
26.37450609758948,92.02063813866302,0
24.801464420004425,92.33440456282302,0
28.376161050683955,95.42995248661894,0
25.31170996226538,91.91276229874505,0
24.403970481430814,92.95299342217781,0
26.632307129853647,90.30875943527415,0
25.809579475060463,92.62241484748243,0
23.9757999475643,92.01860033160199,0
26.556780880743748,93.55054798858717,0
28.01968992414971,97.05889180234499,0
27.763633922427445,96.97095398079314,0
24.949328892268916,92.70816838968422,0
24.19505756736615,92.78460950350147,0
26.469702988570518,90.75212400548625,0
26.256884638721885,94.77281541904406,0
27.215989223149766,92.57120969124773,0
25.88593822626433,92.59673924900365,0
25.62521230530039,90.92236901330115,0
26.76763016543662,95.3034657080126,0
25.21172334443955,91.84775596714185,0
24.139126953063375,93.84608194388016,0
24.04332047750568,91.70989678944616,0
25.892604402311118,93.42263537664246,0
24.31939756392899,92.53077946407551,0
27.461340761736686,88.55242808527234,0
29.083858131253933,94.85055090660381,0
22.831187452606525,92.93816990047522,0
28.78851799301622,96.40041949006176,0
28.144923416252556,93.47580554501401,0
27.179142611876692,93.76912018755117,0
28.081122483406112,94.11810338798469,0
25.02324234239525,94.36491667071074,0
25.085162473280675,93.25229644975373,0
28.26167565579514,95.75375696942974,0
27.37181050289482,95.7389233864588,0
22.906230492424772,92.6900230442421,0
27.298120952624537,95.0494554234924,0
27.46876491444213,92.59031092941757,0
26.684901643274884,92.06780174469269,0
26.211671733746904,93.40109238749618,0
25.735889709397593,93.76518273907791,0
26.8986653478969,92.32234104382799,0
28.763068980967603,96.44883268298345,0
27.82967445810307,93.49859946838477,0
27.602521711672203,96.64931966917344,0
25.45824086941318,94.31151524011524,0
28.07083661325944,96.06372191739504,0
28.694138621445504,96.25883372059504,0
25.26660651970031,92.31471696660452,0
23.17788490956033,92.59776552754879,0
25.053452020862053,92.65126952213217,0
26.121077280492248,94.09299750087011,0
25.836021801170656,93.32477662342804,0
26.580148981363408,93.71733640860921,0
24.261317103463107,92.70052781480553,0
25.844103865363817,92.99370611889478,0
25.36556653954646,93.65151324686904,0
28.145390239714224,93.45077994498989,0
27.69526226799455,93.28049616508468,0
24.914987165318934,94.35945090502764,0
26.846651846804978,94.26622681132248,0
28.752403331993158,95.5078857526459,0
27.554190119806076,96.17027337627381,0
29.273662579984432,96.2020530068784,0
26.622323420866724,91.40058318035719,0
27.843227042153796,94.25860110062493,0
28.183621924992977,97.25703129387762,0
27.346986470916427,94.1927289118963,0
27.684502759552487,94.14343683830559,0
27.504317606055697,93.74146878380272,0
24.889535295800524,94.13878872298385,0
25.194941158105227,91.32640854509312,0
25.718848676377444,94.94857715727935,0
27.547353994943574,95.6467693918418,0
25.390809242417564,92.11568880952044,0
27.6427975309902,93.1920864103566,0
25.853520679104,92.456193016701,0
27.749552861297644,93.56106705511617,0
27.74887637423376,88.83929327330483,0
26.99754578898382,93.28820852587896,0
23.60386432732622,92.61215513522909,0
22.243214242112884,92.7751153034754,0
28.081095041416614,96.5158764321339,0
23.721104725851,92.75057397170322,0
24.41335482106686,94.00036899980472,0
28.076890838952995,96.06810964767108,0
26.111911950731287,92.28032486623238,0
25.223283990263695,94.2113030622375,0
27.088677477582795,94.96055633075395,0
28.58401442627898,95.10094621407218,0
26.185140415000486,90.68001054261926,0
25.640417679464594,91.81577715968909,0
28.545950301156847,95.418648483112,0
28.69109765811959,95.04615956188873,0
24.712992205935134,93.22779270120789,0
26.060897435048076,90.12076144396839,0
28.790310930244498,96.55264122591062,0
26.31030916458635,93.51418876655984,0
24.502566406429587,93.1008290842957,0
28.176189609271717,94.64520697507936,0
23.121176903535382,92.41028593735557,0
23.612512802410954,92.36704630468327,0
23.224532089005447,93.20249423002726,0
26.558794532219636,94.22661796573958,0
25.11023972384668,92.45630948307866,0
28.8461798317358,95.27143395626598,0
27.936258254520514,95.99293213351787,0
28.861267324850363,94.96519736751587,0
28.262442757690366,96.32402258911735,0
25.232136302871616,93.11256590722488,0
28.727630779734568,96.07641238757196,0
25.319968338256864,92.69644912273387,0
27.27494082125025,95.1432038890084,0
28.93426958789088,94.45985567202779,0
27.42161707251782,95.36292880941824,0
28.748807599715636,95.9825320225133,0
24.13974367915283,92.73302552020583,0
26.878367720764874,92.36960980453112,0
23.027180793715274,92.44428632764534,0
27.59679088315266,93.57774308099572,0
28.3389108851222,93.83836252844905,0
28.12714155206857,93.88712905654921,0
26.156698908484497,91.8943213597435,0
26.522650655872745,90.74698725333032,0
26.544366173388593,92.09808495559221,0
27.192908018860262,94.34523939790472,0
26.852537783126678,94.83584499991075,0
27.123658085093954,94.5069482157038,0
27.283947569717345,94.8220166108003,0
24.17418233378733,94.10831478100313,0
26.48748343248033,94.4168733872909,0
28.703177487853402,95.82156458550368,0
25.21301371352315,91.04538860413723,0
25.696074369702522,94.20970389813527,0
28.598131122264746,93.81137795075426,0
26.35419147245377,91.05995227316477,0
26.74149826103349,90.84534870958734,0
25.985008948043745,91.64689925458401,0
24.567832071914186,94.06785101970723,0
25.517582950948334,90.79813075790041,0
27.88983081415282,93.54034583572596,0
27.698872987729686,94.66738403087112,0
28.125534371097576,94.86436167089981,0
28.43737988564077,95.97018840691413,0
23.335687828115706,92.91670456026125,0
25.82325682287109,90.67496746866948,0
26.93804462665799,94.69463291138135,0
27.54235637953109,88.70456996542833,0
28.293014698895647,94.62981814347316,0
24.386655487198055,93.06791713379555,0
25.81279260669158,92.50130511446167,0
27.144895922289177,93.49764747087703,0
26.081037211029066,92.86827273268314,0
26.69377626219659,91.15304655044801,0
22.41119505839854,93.12489895758692,0
24.893691588282554,94.30012253299888,0
27.715448973968567,91.75142231956225,0
27.42453114183048,92.69052764256111,0
26.42233183189315,92.7465686885614,0
27.902526199378023,93.78451322071977,0
27.261558497529848,92.0717146072764,0
25.417001113410183,92.28060019244987,0
27.893953385978516,95.79000138256983,0
28.382553603030846,96.14784927936182,0
26.843712486937136,93.04097611964568,0
26.797547015554798,94.66406187242605,0
25.184463319715828,92.9961770041841,0
28.365138032654155,94.61464404433518,0
25.576331418055965,92.7684501104805,0
27.324382827401934,95.51612072003297,0
28.996000141811646,95.46247151099716,0
27.8097073098811,94.96272319363379,0
25.084211551125314,93.59931043608825,0
23.63923875325598,91.78650953223188,0
25.544659123598375,93.9729313246427,0
27.452290244148394,94.81939898156197,0
27.07121257554079,92.61401633110015,0
24.353428694462618,93.49118002679042,0
24.76916346969457,92.69955679765508,0
25.620506108998775,93.99949982825042,0
24.73936143811461,92.68920959350628,0
27.390145971651858,92.30394457209994,0
25.04055340531321,94.18912054073331,0
28.773150765048886,94.22820539337037,0
22.38414088022022,92.80768512948278,0
26.026505167626226,93.5496283823895,0
28.316699971765665,93.36445804248818,0
25.1568818560415,94.25394075389045,0
26.830500749806184,92.47350806227986,0
27.287988678922943,88.53092486824019,0
26.88761351962717,94.40919092604757,0
24.156024852280066,93.21076151337469,0
25.0402179017518,93.81385599540157,0
26.904877693770995,95.6656069144348,0
25.100491775994552,93.90722351864478,0
25.7854347289992,94.921251752035,0
25.809740389376444,93.1004109157057,0
27.79261999037494,96.46708995538364,0
23.69787310674274,91.41644063383181,0
26.307503152686397,90.98727674129285,0
26.170936823038875,91.44331729219958,0
24.107005477562844,92.14235130878392,0
27.670078281542693,88.75059945174964,0
23.74327296646702,92.5918451958976,0
28.255192348944334,94.84278012049992,0
23.208239459958946,92.62679192137988,0
25.80054448138126,92.25984708634736,0
28.136375610747287,92.99325841423469,0
23.687625936769972,92.8626642799024,0
27.96034188520739,94.23319405613385,0
28.77885592643144,96.58134769667923,0
27.248352498845858,93.4021835073786,0
29.147852109837746,96.06777492848406,0
26.185442031278143,92.60493692434494,0
28.1276579330919,97.14145379555005,0
28.266319676121334,97.18207156988623,0
25.01296975614192,92.86966872007142,0
28.11218189157313,94.56265100457786,0
26.76880988181234,92.26079031573714,0
26.77859462408938,94.903532392818,0
28.12073619347697,95.13996592324389,0
25.967993890387923,94.68657862386456,0
28.947431478514517,95.39489047573744,0
27.11876136949127,97.13550373090014,0
24.716141891450253,93.26634057940777,0
23.541415815337132,92.6953221172712,0
25.160385334034114,93.51273687380613,0
26.77261670780682,91.07745493520886,0
23.18267474789851,91.54371801047513,0
23.690189766563186,92.80301358282365,0
26.259686757197933,90.52732402683166,0
25.8536429444108,94.02690685862268,0
27.211421433480393,92.99011807082343,0
26.48825774959481,92.74875629335597,0
24.163982167264866,93.07883223617283,0
25.396204106361154,89.98070483170784,0
27.651395119750823,95.7481514642091,0
29.221773878473016,94.62623649399004,0
26.71913693052727,92.26492816555837,0
23.08210417695139,93.06133057894235,0
26.05806001878238,92.33924993236378,0
24.10548782347019,92.45829892390447,0
26.3842349264923,92.31443355758748,0
28.41043077470232,93.8324880563028,0
23.69439817053079,92.85848120994117,0
27.8504991775511,92.62944315731039,0
25.17088545553353,92.79638070868204,0
25.52868535961535,90.73109686023916,0
24.447579261117745,93.5987991047977,0
27.299614835679343,88.54678270924127,0
23.443539570282823,91.54193245415969,0
25.650923500125987,94.50429837448834,0
27.49516025349459,95.29671562552083,0
26.101090532506344,92.59293840248016,0
26.21158242996007,91.08959984813882,0
27.8494716076097,91.55625582932943,0
27.956601439358778,95.13705491765793,0
27.895310842975288,96.97134881603002,0
24.715977063249547,93.70591403647373,0
26.155304479498938,92.28917595725187,0
27.367022453377356,95.84771354064043,0
25.356670652765715,94.22090044234905,0
25.28575049560018,91.09861236311276,0
26.421081149568092,90.8910836487641,0
25.83574413941923,91.68409479981148,0
27.642612497638243,92.75859984129599,0
28.02022376887106,94.44200458696598,0
27.696039982844937,96.30566390071014,0
26.98112953599055,95.26343684748741,0
26.359922692242883,90.78493325591323,0
29.25704368185506,95.78695704611346,0
27.333885158056095,88.16658238774502,0
26.228312167316126,94.78515268488334,0
26.61333599139783,94.40826914537323,0
27.10040637728377,93.80075574805795,0
24.783143642557288,93.62065117293763,0
24.26778760699054,94.24470100385717,0
26.90440210718908,93.69518859561792,0
28.970456477847396,94.51128130341544,0
25.86432515892562,92.93929491639868,0
27.572064283077168,93.40074921762155,0
26.12317828023095,93.11420278970644,0
24.57020196963938,92.88906828780074,0
27.769552382440057,88.41824209754678,0
25.037527582679655,93.37602826146036,0
27.599843668829752,88.33982263428555,0
27.862151246488057,93.18803939971158,0
28.788566746055537,94.56955984499061,0
27.857787785747437,96.33022929451539,0
24.270988113401454,92.47669334779609,0
25.736453492510634,92.76502491394538,0
25.388864415090005,94.13656787244946,0
28.31967073476463,93.68843879278857,0
26.87886902062323,94.91586949990526,0
26.555041501320193,90.49430116308523,0
26.718295440934654,90.19119439606929,0
25.46929437936475,94.41339350629173,0
25.343754852697305,93.74921086867472,0
25.975931814246078,91.82759628291807,0
25.779765218044357,89.8774187601191,0
23.987540553727513,92.1463719122829,0
22.38479221076185,92.78598560566378,0
22.423557745517154,93.09408291517703,0
27.59481275633781,94.94121135302795,0
27.37101122754619,88.83101332693528,0
25.387493066308277,89.93414951024842,0
25.334347671417213,90.53703643756583,0
27.681432664909696,95.22706585662755,0
26.63491287090004,93.75880023668822,0
26.134098274249556,90.0154838172597,0
26.751231681002405,90.8620381642584,0
26.45031969376339,93.86031290494505,0
26.42116067854966,93.35754433159708,0
22.600240314671897,93.09979680896595,0
27.865505380227486,96.41817998714833,0
25.86425094514709,92.90506314687713,0
25.478362651906707,91.6523337496094,0
28.415985937709266,93.60131793592961,0
26.76442387200035,91.27373208392204,0
27.287774707825996,93.35003235746092,0
26.560880614000535,92.43999538760907,0
28.939095621484707,96.09735989285711,0
29.02874292091457,95.31152302990778,0
23.182082721271463,92.60528537181085,0
27.10548050474575,94.27678369737428,0
25.479887079562484,92.28933084072713,0
23.700403242725677,91.89237691264974,0
25.9253622236871,91.6489936491044,0
27.697273460446286,92.95863198754695,0
24.43737317247743,93.28208773571505,0
26.549814082286254,92.04438198798437,0
23.06328558039077,92.52815806151892,0
27.604911258719603,92.06704985472948,0
26.145215671947476,91.15624575881615,0
25.76103514421566,93.80228025675274,0
25.549935747088135,93.1733650292597,0
27.99750842754426,94.27646731615606,0
23.565794847678152,92.98011459391644,0
25.637815448672033,94.27283360034811,0
24.134431398698734,92.12924170297613,0
25.193818113339983,93.12781217071925,0
28.64065156987039,95.44286689605444,0
26.824856845546126,95.27222222150972,0
26.987405637545383,93.74271411814505,0
25.27779080114294,90.275490141456,0
26.74931665329881,93.9410515776692,0
25.38111013037887,94.2707314456067,0
26.292821483720083,94.32542507086431,0
25.977578755914582,93.54261925851148,0
27.42175202286296,95.92912566237044,0
27.265795254453025,88.65686054071159,0
27.261020760100177,88.43149346221362,0
23.681416566293702,93.41891530091813,0
25.95105090571773,92.38769162284854,0
27.815082560683585,95.08699235985317,0
27.246928229594264,95.73442183869265,0
29.059303896289325,95.57954340583697,0
23.83129182538059,91.88574247165255,0
26.204291529582108,92.77338772143638,0
27.969918190666863,96.81309945729916,0
25.32290449070051,93.76229132901005,0
26.400141376219118,92.39086932458132,0
24.92622165426672,93.87516163648337,0
26.68396904124373,94.67854456737253,0
25.933804730846383,91.23469608728412,0
27.131000055420063,94.03636479300823,0
28.08066453113785,94.80706140286472,0
24.9587977628759,92.74892277277824,0
28.997686977287866,96.11521683208437,0
27.171319641666372,93.97133999531869,0
28.46628608609013,94.28343550038824,0
23.576652609578705,92.59731298394671,0
29.023328684705735,95.92855398740967,0
28.887716709263163,95.66089263708314,0
26.933934003406627,92.37013431191073,0
26.704581027952038,92.10295945519226,0
24.15393080558383,94.04110094226867,0
22.2606884060707,92.65749126880552,0
28.541943828180194,93.5117044072433,0
25.27025766180628,91.75862458025132,0
22.39477157119059,92.74415326425122,0
28.249064158173294,93.22959042521957,0
26.602095828153946,91.85396838481536,0
27.864796114439446,96.46416674753796,0
27.577924428449048,92.7129541364824,0
22.91056018915102,92.65695623595902,0
25.66118553603171,93.34663465375544,0
25.833949399127665,92.28984455474587,0
24.036513161323736,94.0675974647976,0
26.681686668187663,92.99173991243782,0
26.36130230052771,93.99851247825157,0
28.02724975545712,88.55935731074459,0
23.372371469481205,92.54500087152414,0
25.690523323710693,90.87739004835139,0
28.5037663034036,95.88146746437603,0
26.41733769282019,90.60747392535983,0
23.273810679639038,93.28295177150413,0
25.234235785380747,92.18649565142967,0
27.2114091629103,92.6962280057613,0
26.529087316521547,92.80036889415275,0
27.13162896600367,92.55157734827132,0
27.498325872027415,95.26513176848854,0
28.353113205834855,95.32863585856309,0
26.406218850822153,90.57670495667571,0
26.832649992458137,94.26341069840569,0
27.59001531634503,95.9953132977065,0
25.125481080840796,94.19436892394988,0
27.40132534347674,94.85923367212072,0
27.95487419784134,93.93473596136225,0
23.946277946699187,93.24301785793556,0
24.14487030373327,92.4283825560899,0
25.000377498909593,92.49536373387218,0
28.36382951702337,94.43156302086409,0
22.273544516505755,92.98993298646755,0
22.89175927435171,92.69924099909306,0
25.880199668628943,92.82274688764689,0
26.543075641969878,94.47501092526547,0
27.62839236428435,88.37874611799415,0
24.23953416568277,93.50075140967375,0
23.26667859991333,91.63087131589779,0
27.278071824236648,94.78606472517174,0
28.50815133469608,94.72232389342071,0
23.082892925973717,92.84793177351614,0
27.143673023981357,88.43305035223933,0
26.44836457243723,93.90645557064747,0
25.247608999262532,90.57025685950755,0
27.790577079004787,92.18707504828294,0
23.16480393265077,91.50385293972107,0
25.079430238109865,94.62144133719539,0
28.46162761851437,94.30260015390233,0
27.826524178553992,93.85443799234079,0
23.901698156171626,93.09523781291752,0
28.35166622370516,96.33367746403212,0
24.004758076348544,93.60604761139304,0
25.027503514852047,92.47598831310935,0
24.224309232732868,93.09772239678007,0
24.351009939748867,94.17457552999404,0
27.74231903043645,96.18116668975013,0
26.122959850441067,92.87319256304848,0
26.735229264262415,92.57942679187299,0
27.551371300085574,93.42393062656198,0
28.172241255353104,94.71968912305815,0
26.853259696678766,94.75119161009998,0
26.165236822737203,93.33932386391382,0
27.404563603370708,95.49488136198954,0
27.71155214199672,96.3893419574325,0
23.73002539695106,92.59372723444577,0
25.66862727166646,94.4902366973415,0
28.582366498641495,93.80958475395032,0
25.733168734642565,90.93397864563356,0
23.757841102103338,93.23943569314636,0
27.654239028060164,93.22991801383131,0
28.511330938948735,94.82603957588971,0
24.819700729152107,92.61907634797063,0
27.39166193539501,93.69463151354977,0
25.654541709445475,92.72279167348363,0
24.1122603151067,93.38429868491072,0
25.73413385736089,94.20763684766882,0
28.86057836949688,95.99846456211901,0
23.568094043875092,93.0404137254815,0
28.903977719751676,94.8517545602675,0
22.33320244268393,92.73233504615631,0
25.289805620270197,94.15491407916703,0
27.218234274367703,93.04819494413942,0
25.32087989438523,90.07100086223241,0
28.264237179266836,94.52288450555359,0
22.077876297267423,92.95049680375698,0
26.74643393121969,91.17518631912054,0
26.445699979279574,93.03018551210934,0
24.041356743273354,92.44831272936266,0
22.76641915451427,92.82135824376341,0
24.04900453097913,93.27315097462606,0
26.748952217634788,91.31172695121246,0
27.633700560018312,94.64407683671351,0
27.6519688234044,93.29147764348225,0
26.000524182983728,93.81083204517417,0
23.508679001177804,91.39296973728813,0
28.402227323497634,93.80539115961979,0
25.52864247400129,93.90969605019588,0
26.67352095236275,91.2706244588138,0
27.55856125754249,88.492983999495,0
24.792023368369595,92.7386663583338,0
25.93665885839679,93.01889926373727,0
29.076926920892344,95.97068878757318,0
28.156634826876964,94.76325166427004,0
28.606595875105302,93.86087093801088,0
27.979487726714197,97.3128979908452,0
27.408860698635593,92.40159978247088,0
25.911719727761415,91.64788729357225,0
27.427629091020744,94.34669514678441,0
26.250288583811216,91.36749338811231,0
25.07075490486811,94.32743205973368,0
27.942392948405896,95.58737625456038,0
25.513498965578954,92.65148090384584,0
23.601079818803097,93.42830354651065,0
22.027664670077005,92.94263912925472,0
24.481907117676588,92.47921678320881,0
26.759489463688954,94.329532192311,0
26.703863036487004,90.38690549605496,0
27.64801910640716,94.07827524885657,0
25.63000694098634,91.05084505290004,0
27.794231908936613,92.4836576637666,0
26.655337966482453,93.95897958582516,0
29.27401765342529,94.66710607451799,0
26.020706781940415,91.55635195854514,0
27.99995845550923,94.32588216512423,0
24.157606059380146,92.95605856299095,0
26.303329430120826,90.49032433117853,0
23.231679234207608,93.31730285025303,0
25.260410742863268,90.95840060273477,0
25.764824116610953,90.45424813769702,0
24.430261408705924,93.18444818824685,0
24.05299316579245,92.44646782643481,0
27.757919450592208,94.57869351904245,0
25.42525867380544,93.2647719641541,0
27.41284453570279,92.30038800781598,0
28.8806905044104,94.65020338372109,0
25.521517934868065,92.1455730873355,0
27.27322811010911,93.30920155614825,0
27.50267831308778,88.39346862428566,0
25.315046234737867,92.57569456189742,0
27.311114269954246,95.32689199757942,0
28.189519428290517,94.34395758180332,0
22.464908833896242,93.10047239894963,0
27.481316586254085,94.93592112460271,0
28.400796740486843,94.06392598564477,0
27.906176649669796,93.44419603520112,0
26.40011775277072,91.90233830721384,0
28.481907536969377,95.53668237884165,0
23.932554998577867,91.75897696311806,0
25.123380844262893,93.26927827606859,0
25.594457701909278,94.10196760184377,0
28.380497024868195,94.56101166092853,0
25.10660965624073,94.11418135631575,0
26.814101078158725,92.82244245441584,0
26.622926894659155,91.28934592100325,0
25.283074654353275,92.48435551966536,0
26.45396014949676,90.8714367679558,0
24.488145984540328,92.44224361978418,0
27.26753621195685,95.67760436265122,0
27.083027759730008,95.09667270189182,0
26.133032398691828,91.82012126569813,0
28.683760894554432,95.88333216539435,0
28.253495330780115,95.15247823429414,0
27.864948398299674,95.1615616438935,0
25.41959349972606,92.85255225863031,0
27.17219947567297,92.08064945643106,0
24.022485973195383,94.04874283167536,0
26.98070324083295,95.50514655873323,0
25.11909550485303,94.08547197843478,0
24.27833970780237,93.41406787276748,0
27.243746747803016,93.70402522245281,0
23.769848374826,92.93384418795233,0
26.48952752657376,90.03107378536849,0
27.102365243774198,93.46860423496085,0
26.749049885539797,94.379829410171,0
25.867742007635123,92.70176052289152,0
27.154303251655975,93.96677258449476,0
26.373022787975074,94.13911641851257,0
26.10483315334346,95.10633733690482,0
28.640996709222257,96.47738424360378,0
24.389499643537125,92.21498218977668,0
26.571305232542933,94.92579144446114,0
25.72766026727569,91.1251258721476,0
25.283075568165813,90.70136131245066,0
26.87950539557663,93.66413706162912,0
28.757437282810567,94.05261751051023,0
27.800447069536315,96.57100642226642,0
27.612623197113603,95.32274949641304,0
25.50769986446319,90.82987240187396,0
27.46344509204105,92.35017582448079,0
24.846131741316967,92.47025767433824,0
27.24113279338611,95.41707895418197,0
25.76510807805365,89.86796860651941,0
25.143857028771023,92.18602567536273,0
28.742760235220622,95.66533346762037,0
26.79113790746301,92.1547778152144,0
28.547937175612464,94.3133443746185,0
25.66319112428793,92.39397862858313,0
22.179734094335483,93.02942656333687,0
25.617353406362103,94.42227570640055,0
28.08028814039024,95.44170932855299,0
29.318007838093017,94.63241694033628,0
23.903461471026404,92.21806322354793,0
24.003693655742595,94.12212751424097,0
25.98792546875997,94.5029402626938,0
27.645740712841533,93.67339193004275,0
25.998441921389887,91.69522403134096,0
26.711375644399578,92.65786983772755,0
26.11438264660424,91.1328980365104,0
28.378100152433337,93.80320407631272,0
26.167840179125708,93.72513538803449,0
23.376204259630725,91.52746582533031,0
25.288331069926233,91.41451543229701,0
26.722598117056254,90.06228315899777,0
24.752944608962522,94.15232290276846,0
25.0943313897105,92.78695146525655,0
28.633106017732885,93.57258325740622,0
28.589072125369462,94.46902116900189,0
26.076000198628428,95.07282885145511,0
25.65911098937372,90.56109927673522,0
26.03178738838905,93.97433079248579,0
27.04993654656872,92.42726360633513,0
27.732795577884357,92.8291495302133,0
25.58929765193767,90.38395832111773,0
27.731609099844523,93.09166685225188,0
25.262014684089394,91.71762554989057,0
24.923398829319122,93.0233228667494,0
28.325073044735678,96.61635669812914,0
25.586072132947073,90.21942850169336,0
28.121247443061932,97.20288659142362,0
26.5453014823388,92.98243403512127,0
27.429555734669744,93.722447015723,0
27.557613368793763,92.99073616904886,0
27.79721647919461,95.73900683867748,0
23.5507073721097,92.70446772545992,0
26.010915127954448,93.56278885481645,0
25.574525088827397,94.80395663397171,0
26.608768556148426,90.32905603766085,0
23.237473430960325,93.06110066001935,0
25.226998002989447,91.83230225159677,0
28.642740054130375,94.91743538955228,0
28.75292236417792,94.93002771658783,0
26.33611475698248,94.99433657834172,0
25.82259605974249,91.24750626698734,0
27.515506460001166,96.0292202911536,0
28.586808767160857,95.87335959094722,0
27.472717957506024,88.61952480067765,0
27.93410336545535,95.3939539053295,0
27.169026474268048,96.92895072073064,0
27.6495245958893,95.0932690995437,0
24.724768558430657,92.62231065718883,0
23.132657575899938,92.81695261785578,0
26.414476922895183,93.88770249628176,0
25.352884006040263,90.48297612989,0
28.558847750369956,93.75606716676953,0
22.623185476579653,92.9513871321324,0
26.715317929363977,91.63323157314893,0
26.091417098615796,93.03602113509521,0
25.859869425368235,90.3712863983451,0
23.318719808654183,93.3649022681517,0
26.875376308498204,92.3283446300602,0
27.906350159294593,96.06544269974398,0
28.642000196013488,93.80361381813407,0
28.99349514203116,94.54730840394782,0
27.94870756023636,88.49463940115315,0
23.675443828844834,91.78260698297608,0
24.619944312656436,92.68382938699848,0
22.95071799591027,93.10715900151551,0
27.317708399641376,93.68084357029204,0
28.91316481790916,95.8001259226578,0
27.532477072680113,91.86931436724868,0
24.64879660440665,94.05880249972428,0
25.05929275321908,93.22956054377802,0
27.951413079009612,93.81313844687554,0
26.46959029466004,94.05919850181478,0
23.74359100295678,92.05096449370185,0
28.51816801099088,95.14984035280682,0
25.996346973341858,91.05292529153952,0
24.645248898452618,93.10866688458388,0
25.498200227507464,94.45737662078864,0
27.55483863488433,93.2866592100725,0
26.47317926626952,93.9368314433521,0
27.937520710577726,94.04252169774357,0
27.431574521799888,96.40636250890927,0
26.545221313708566,93.80266083597685,0
25.795362589996664,90.28980561650607,0
25.359497132372212,93.93589635313694,0
28.152223938981795,93.73691385507762,0
27.249692315532474,92.68423696317386,0
27.381952384117795,94.22646597934781,0
29.26983734182092,96.01288735847127,0
26.532786100030016,90.65055639596059,0
27.69037454561167,88.35009019672606,0
27.170644251231316,95.66952414982278,0
24.968978823505644,93.26761832354062,0
28.476472321845762,95.23612633304843,0
24.047618133168964,93.15174964110251,0
25.992558803067148,90.58510604457321,0
24.962431056600412,92.47850444084374,0
29.12893771959677,94.80659248990223,0
25.127774137199918,92.46389748188476,0
26.302436240446497,91.13907331356772,0
27.253440325732154,94.39801245882056,0
26.480371033939715,93.28016968066673,0
25.487224257965,94.27270059015484,0
24.280649995502706,93.51327473090225,0
28.318169052875966,94.33576245684367,0
26.491279021028372,91.19969438014458,0
25.03578156982664,92.88837838630597,0
28.111485799283585,92.88994353446064,0
28.406504701013105,93.63685765490034,0
26.204916106995835,93.56832582380737,0
26.709296120511702,91.67639242937409,0
25.742960936426936,92.05988424420799,0
28.273699658787017,95.10140294216772,0
24.419558257190253,93.07484780888696,0
28.235171990340877,97.28431759703427,0
27.527994547716478,91.97309748760398,0
25.809074035041935,91.21007741881219,0
26.041610818087015,93.97790999746115,0
25.29067292747223,92.45210397107181,0
25.22489066581422,92.68528598983659,0
27.398779562019616,93.94250769122817,0
26.799638917285694,93.60748467571156,0
26.573931140163157,90.38015592852076,0
27.23621607413961,93.62883358449255,0
26.65499172287181,94.83831917839373,0
27.484538327418775,92.66216540591108,0
24.024806471616547,93.57195736093374,0
27.24149853418274,92.29516948824075,0
24.83093010624982,92.92494125649064,0
29.028897245918163,95.70539839379317,0
25.73376944702904,91.87440679987155,0
23.565588936638452,92.98102089549292,0
26.80017422108673,91.20165280580483,0
27.89473775756746,95.08047767724644,0
22.668230468308852,92.69797750112502,0
27.470144292745733,95.01369912610569,0
25.47466075428172,92.83544367142406,0
27.704577957120758,96.7198076602287,0
24.748465450538408,94.33520400185532,0
27.45424756809928,96.15184759601587,0
28.53226525006245,93.87563544943266,0
27.234528220592207,92.70528359411281,0
28.130242368324087,94.53132195270186,0
27.43575704800748,94.91990646526591,0
25.116632566394653,92.62705496728728,0
26.637209618239286,90.81102197910906,0
26.214211852871934,92.98626355879404,0
26.2824964255515,95.11764548862935,0
23.446884630204256,91.83168360070512,0
26.954865679520548,93.91517992774553,0
25.8113712365492,91.39449271288979,0
26.501016461748154,92.69041171849383,0
28.140169394576297,95.84113099685096,0
25.515385973506216,94.28936065336777,0
27.534557123415468,94.62001149193944,0
26.906406744843377,93.63801518971296,0
25.528740758994957,91.9519617690528,0
22.91356392387031,92.6794411086223,0
27.264016896393514,94.17897799097902,0
26.994112139518165,92.18485498367511,0
25.513789751259292,92.86418601356665,0
27.309415972661206,92.25538744362545,0
25.46326812590415,93.47590807718873,0
28.05057778795389,93.09816134211349,0
26.829388490922877,93.7495257526811,0
27.553747606426203,92.38811486127868,0
27.83193829895235,92.68541529726589,0
26.032842858334895,92.05009226941824,0
23.765508505330924,91.33043617822484,0
24.78753852215436,94.28192923088814,0
27.82499835615355,93.93239837253498,0
25.340460675995775,93.32716755886375,0
28.542729463835773,96.20920489580732,0
26.90459389760327,93.29745710938913,0
25.90414995607157,93.61371978617414,0
26.850763748884024,94.59338619137725,0
25.78667248904974,90.66759890477819,0
26.70379446999901,91.61337263363794,0
27.822472845928377,95.25622336258331,0
28.750703118301754,95.90301300977015,0
24.198165977444262,92.52720811414986,0
26.78730675055009,95.3349921047937,0
28.133178784111745,95.55515338013144,0
28.143923969820026,93.49902412661712,0
23.434660881760777,91.70315543096112,0
28.183741687018095,93.52194722615963,0
26.4902751017169,94.03130186761149,0
26.708793540136394,94.09725820257574,0
26.966591297729124,93.95679032992886,0
26.435964152642473,90.27113901806455,0
23.913596808596935,93.01520652415087,0
26.69804203659756,92.01283928787704,0
27.75657630119787,88.75379140211385,0
23.654860393989775,91.34242595926737,0
25.175964181423474,90.36721924350795,0
26.353627037218452,91.13080857226026,0
28.58799560139891,96.13548911294781,0
28.446764708750965,95.79816011084486,0
26.824792054557193,93.34841558856749,0
27.87714622198778,93.23335121032794,0
27.664042272672905,95.60745099998982,0
22.955491699255862,92.7796415751507,0
23.314689958591405,91.66542077758182,0
28.078266549534337,94.91899750752907,0
23.529509771986454,93.27104407110524,0
23.73836303674158,92.27457167441561,0
27.228523880518445,93.55432608736903,0
27.27491999238499,94.13969283211927,0
29.219843966034126,94.66394270069799,0
28.443470899173935,94.72817821998042,0
27.442740468766786,96.05585232531186,0
22.943545777192213,92.78094777847232,0
27.563911309524904,96.47561688655489,0
26.530301336409917,92.57546483737549,0
29.191621896577388,94.6288664356187,0
27.47200495222456,91.95064741984689,0
27.011899261676984,93.0354248783986,0
27.62889412204786,94.812217914878,0
28.758145749275457,95.29572225577212,0
27.329631974464863,92.35245790510407,0
26.073646515298673,91.48621330729303,0
25.64727905951552,93.75237296561617,0
26.167270334443266,94.76993665017082,0
26.464679291281477,92.11136382386036,0
25.75681458638473,90.67130127198946,0
27.82163781803405,95.74564827996574,0
27.57058433803462,96.1217452445691,0
24.292598387972312,92.19362206324423,0
26.172964064641697,94.06809161342484,0
26.854310532912418,92.75923394202576,0
26.116894077804012,95.06461861381335,0
28.77445618785193,96.1097582968186,0
28.173896183431392,96.51296649476116,0
25.530784984533284,90.23392262468458,0
26.504932586171734,93.30712690293755,0
27.008130948630722,94.5065120122229,0
24.788602755844405,92.40207106572402,0
25.382195705101246,92.28310406713663,0
26.738019300178518,93.0551925122501,0
26.017994487667877,92.16613012461553,0
25.7413855604282,92.35616001057913,0
27.072184556698875,95.07865337332909,0
27.766679564670426,88.54184285265659,0
24.878415960006226,93.42335520286571,0
25.736388289250684,94.59770382425963,0
27.44655171387727,93.54701992310554,0
24.449243201315454,94.13675215170613,0
25.68820641858148,90.07828159452453,0
24.558465755578233,93.50589175177325,0
26.47372075832407,95.00914044392256,0
23.23301837714304,91.47428441437091,0
27.823369491802147,93.57509790375309,0
28.169361636948466,93.2029768338117,0
27.221499850965422,94.62449367160124,0
28.769454731429708,96.52105892036896,0
28.092732556834548,96.45537779373436,0
23.017465428665467,92.60102347917925,0
28.1084981412701,92.69434170555692,0
23.364398202836163,93.25272331450212,0
27.391160536672142,93.7958705190287,0
25.948813567998734,90.43501423348414,0
26.018968465569085,90.66131279635957,0
27.481114799148568,94.64730656345026,0
23.042274315242143,91.65292404950212,0
27.422421125483634,93.8139089780302,0
26.3740737494691,90.67681525176711,0
23.733682623332992,92.79154652920013,0
26.62902207169064,94.45892740516132,0
23.757485371044073,92.16779060561981,0
29.022070123877832,95.89977703308142,0
23.275313111283943,93.30627187035749,0
23.87129868278295,93.23969068355038,0
25.89603906101815,93.71682590576695,0
25.91532158628702,91.04091301763762,0
26.7314036595052,94.20105821457258,0
27.760369832858466,95.9592065936111,0
28.513855266883926,94.06539180658496,0
25.85807192274111,94.63783175101109,0
25.03143296227206,93.63421862695806,0
25.81678050240817,92.73887791378053,0
24.704321814965944,94.32068767412967,0
29.29839012196987,95.96518880558847,0
26.27083877462763,89.96361246258867,0
27.242498869146413,88.06277917961106,0
28.050846952054705,95.07534336394835,0
26.660336957369555,91.15045274264989,0
27.984317432918644,93.45607017551306,0
26.56034951771922,92.96665180270607,0
22.761682854361624,92.7900405770452,0
28.133068987299506,93.0496641023431,0
26.67326245656871,93.56514040317573,0
26.475196091766357,90.02367435366348,0
25.433630688247522,91.59081121435895,0
27.368666737192246,94.74370408751092,0
25.895014106761323,92.51050155122975,0
26.154074007090635,91.26933026315238,0
27.305709661961806,93.24271112752923,0
25.914261953446054,94.82739152678668,0
27.15787513984982,92.10859362878034,0
23.892833852523808,91.62059696039795,0
26.64456834305701,92.87238382997495,0
22.214851888289488,92.91910759690039,0
25.3206793258577,90.14813261364624,0
22.087512665067447,93.0005205492272,0
27.861822847632006,96.32156067194931,0
27.51400833326882,95.69214244314729,0
28.42241626713419,96.64838864069391,0
26.733747740708278,90.87578533540002,0
25.970369125930453,94.8597591354468,0
27.197300935047856,93.1952449644378,0
26.22912970347956,90.62146877880973,0
28.259942435767915,94.72966409600697,0
27.590459102416936,92.24846976604522,0
26.833525079718132,94.11890211313302,0
24.35025484958346,93.3397564907944,0
27.486520821708115,92.94989173550542,0
27.5323125558323,92.49491196823776,0
22.48730606870888,92.83149557481269,0
27.295729183845655,92.1346451445042,0
23.41019408370782,91.53023767022131,0
26.772100924547427,90.24502469483463,0
26.811039502040533,94.71289121440776,0
28.116288419801407,94.80828068810877,0
24.37943813242902,93.50911539763193,0
25.601707183191277,94.73449512750858,0
26.73630489862673,94.06536955007428,0
26.62799897699141,92.9597679283971,0
24.120385271517186,91.82483687445004,0
27.02371273204289,95.31808275407928,0
26.059920056763758,91.0891904637629,0
28.126598342862497,96.2857898942036,0
28.934742235966137,95.67640265127574,0
25.049118086619433,94.00684059474601,0
23.613534830306985,91.29975274720591,0
27.17981635903253,95.23045944439949,0
25.828873483011215,93.84107778914675,0
24.848449797943605,92.7379928520891,0
25.151251936335843,94.07247276746638,0
28.857671131060282,95.65385976479176,0
27.46838511172508,93.63912540693298,0
28.150472158637346,94.49539140973003,0
27.207838861785376,95.81806872464445,0
27.747889424189097,92.4395934767725,0
26.838218170407142,94.34074128263055,0
28.0406728569679,93.8953924615918,0
27.335265438109086,96.18505811080836,0
28.826829564235013,95.55516995084251,0
27.310735845199822,94.66437678313528,0
25.546611982951422,94.00451072234775,0
27.78183884707307,94.34211752051863,0
27.17010188383756,95.45500139753653,0
26.721540065910464,90.14343106145952,0
27.82916185360348,96.81523876422433,0
27.60772463702008,94.65441658526512,0
28.611525916849025,93.96897372807676,0
27.58157768977519,92.27054900497228,0
26.65154503958741,93.40493327503373,0
27.479668007720093,95.7265196405219,0
23.357714122440882,92.44040656279297,0
24.91772978283109,94.5914974042996,0
22.153884065843613,92.67995575573848,0
25.88014377451887,91.21097692287333,0
23.51691665386782,92.86183394795538,0
25.156117581147072,93.9262029353577,0
23.327450205694998,92.44365184341318,0
25.02687169140771,93.48402969935248,0
27.890856581061534,92.96524191655756,0
28.889151794958114,95.09958987402025,0
24.817294881951753,93.8743124025875,0
28.180135371681736,93.31946289209773,0
26.275421484186758,90.94515911556275,0
27.22048359562708,94.1407619039878,0
25.52138152967315,91.27021543871545,0
28.913466249659997,94.5701582055937,0
27.586151794312272,92.27354193615118,0
25.56501481132937,91.39304439952446,0
24.877739049648486,94.5164488236498,0
26.523596524410316,93.93671453486574,0
25.50527210675493,90.29602126629358,0
26.302323848156867,90.34687873132316,0
28.172150138486707,93.66741366441096,0
23.65348504267623,93.12041054826146,0
27.45580820619432,93.53082310042127,0
26.718956954363392,90.16979010198496,0
27.041651162424532,95.88130370437543,0
24.758146293694434,93.39827700664662,0
29.092736667307083,94.41772213296923,0
24.94394327654994,93.29938141328773,0
26.962099773709568,94.39928396351225,0
25.19253364583171,93.61857680706969,0
25.328674598059006,90.93025953195051,0
22.94371790569159,92.57689742139975,0
26.415101440672988,92.8271613197326,0
24.177598779603542,92.87961620195367,0
26.27841629608118,93.06962981628224,0
28.379602338966105,93.42672140417737,0
25.838490500739233,91.67882568801095,0
25.836842000636356,90.04969195851176,0
24.224669267535084,91.7782652137349,0
26.484458943922075,90.28102183249365,0
26.706969050272168,93.52357621742428,0
25.995892950365434,90.00809145388767,0
24.437909313850014,92.34670375190743,0
23.11047945506866,93.02806893817696,0
24.47887788572547,92.80304686673027,0
24.143580739888613,92.46998053862414,0
28.313597291913617,94.5525389896097,0
25.819972420277477,93.81214351226168,0
25.65197206564406,91.34474064864949,0
24.03673445949819,93.58755354269675,0
27.392137674559972,94.88634671273185,0
23.764190495975036,93.17870361414175,0
28.211453920700368,94.43677435185386,0
23.698195251438687,91.18103510056898,0
28.640860808555274,95.85009325909874,0
27.857097250395082,94.53204010951012,0
24.80410077346722,93.51370686095936,0
25.84410963758135,94.3367803273579,0
26.500706728932403,90.35606911888159,0
28.562171483730587,95.87515921117689,0
23.353718524231414,92.71753218945187,0
27.191621216058916,92.75595662957939,0
24.952539327182745,94.00536910464709,0
23.481851038463134,93.00269672282916,0
26.760336791702688,93.64972967906627,0
25.552043687020817,92.77294332096622,0
23.653379326122977,91.24329195643469,0
26.19658422400722,92.12578414346407,0
24.31414254200699,92.01269620414136,0
27.120174061551914,97.13050435616894,0
25.369485065686085,90.60365361247115,0
26.308262114857122,90.75736465184897,0
25.469459517922903,91.29664526945471,0
27.61686423722535,94.05465165445489,0
26.360304606066226,91.08756884170998,0
26.47378502155945,91.94471057190823,0
28.27342573020858,95.64470228327056,0
26.783917730159125,94.2861777439259,0
28.873031778122122,95.85774912143857,0
27.45037081020266,92.61604864629388,0
23.138224191882237,91.59138918314723,0
24.443597769981103,93.67803486022642,0
27.458090988163406,92.77549709814095,0
26.836302867416258,92.36907159526545,0
25.363913119602138,93.33693189905593,0
27.53443322586732,91.68297350564721,0
26.37029134934569,90.13921708664937,0
27.04247853938033,92.91401021379336,0
27.90682010106641,88.83612665595308,0
24.878700417410798,92.66111658748919,0
25.686239729924793,90.28654129966556,0
25.825162207374767,90.7695774403214,0
24.41288004775541,92.95122912718462,0
27.195425864860088,93.28295707440593,0
25.5956190800479,92.68000007423713,0
23.98760625967925,91.49946869681949,0
28.032744875965253,95.3256466421719,0
24.71240416537605,93.38134957756247,0
25.70931132772944,93.23705251039146,0
27.315606142750454,88.31687181675753,0
25.601351415871846,93.8340829246686,0
24.758081408071607,93.7268277350615,0
28.08047194143177,96.36771870569282,0
25.46614978987225,93.39171416457347,0
25.462290905844394,94.05900822715404,0
24.262992752560848,94.02289713667078,0
27.216288548736394,95.86776437823323,0
23.263038098077416,92.59097838232809,0
27.163505542542183,88.74286623029586,0
28.006443788725857,96.13954453773643,0
29.171647341053458,96.07702278630192,0
28.030953646295558,93.09907811353226,0
25.57418571828688,92.98901088651652,0
27.247321880873905,93.97386229880533,0
25.215476644833856,93.66144987290734,0
28.497982405391713,93.8757193903786,0
26.099728250561146,93.5346156503112,0
27.19638671905347,93.72668193798268,0
27.830182025625426,96.63331623191011,0
27.94318826535018,95.9922839150467,0
24.277487926058892,92.73805431431059,0
26.28917721901554,89.92646886979678,0
22.218519856251433,92.85697902309902,0
24.93311463902317,93.05439904492397,0
26.798872560095756,91.90909972856372,0
27.913907214365832,92.69032024798031,0
22.493844197595696,93.07681548544221,0
28.145596689395067,97.07828520425468,0
26.02489465586485,89.96981710998574,0
27.633117773264587,95.30189780853384,0
29.275065650838922,94.65420583664691,0
25.60322465831135,92.45807929086259,0
28.1924913744536,94.28681969241974,0
26.161896793528594,89.8406535571313,0
25.756662247714466,91.4768167465573,0
28.690115357321304,93.83916333667575,0
24.918920444683984,93.8711594829328,0
24.213870552033256,93.24207930405191,0
26.66258752250682,90.01519153467419,0
25.652024030796373,90.33617911379221,0
25.369554320787348,92.54019765856803,0
27.87617958645735,96.50487354439713,0
27.95427302911457,96.20060362349021,0
28.329648758999742,95.09424602500286,0
25.729618359138303,93.80701871652325,0
23.62795931329346,91.55814124386471,0
27.003749386145305,94.08731029205215,0
27.55376178738925,95.34556689340195,0
27.55092912368074,95.89937931862616,0
26.757187286520555,90.6436193908294,0
25.33481205789058,91.0067320142418,0
26.28028636211087,90.22818759865626,0
22.211477766946697,92.89034885102076,0
26.752391482785157,90.66263254603732,0
25.498817604668965,94.33108707902159,0
24.4762749842623,93.37432277135544,0
25.269686210495852,94.09618245371115,0
27.788188803631563,93.14377008870176,0
26.466737393032886,94.76856550066952,0
27.18028824770784,92.76118822619888,0
25.898865750184704,92.18120541414109,0
28.25568037862714,96.25543970287778,0
27.601389351555483,92.12751806588933,0
25.08272121790533,93.99255932901679,0
26.818176459220314,92.84390774086349,0
28.17456091460434,97.0905942212706,0
25.552216197324736,94.7064325075073,0
25.424513652378504,91.63056886510276,0
26.518972899247512,92.21431134450837,0
27.97735361968271,93.13649806481338,0
27.75531485029992,95.05831857684908,0
24.617167207640346,92.69575937620968,0
26.15401321171004,94.73526567451961,0
25.142583531193292,92.56063122409401,0
23.16643228313865,92.8827180618022,0
26.37821106572016,94.64728833409436,0
26.260259806076267,92.51394700795778,0
24.2634994797593,93.24535700315599,0
27.212746371998573,93.63246366608695,0
27.656101496854685,92.35619561771894,0
27.250041904608153,94.76243168914858,0
28.850492460556687,94.59584079504646,0
26.17255642045874,91.29622249864713,0
28.11041032184901,93.94919073787943,0
28.084501212118845,95.30725456490798,0
26.97468777665586,94.58346409828786,0
26.933218917767377,92.61204156193267,0
28.06928792244043,97.16913233660924,0
25.97448153477787,93.42245013405883,0
26.879277352523438,92.40516398477523,0
26.538998493465837,93.06592256933517,0
23.449263860918915,93.12529730584413,0
25.958106685586852,91.86710838257811,0
26.864206330971935,95.31322722580533,0
23.661220066630566,91.26097197426357,0
28.5512927168536,94.43179346379839,0
25.62345285743835,91.71303185949094,0
28.309646765469324,93.284998248024,0
26.92183971376185,95.13375986268188,0
24.631319112611227,93.74313372726336,0
26.036160867767148,91.53154497078368,0
25.441993337219877,91.12466449128347,0
28.992258661285632,95.99745557904123,0
28.168845564495072,95.3704495653662,0
27.672721709617353,93.70236115491736,0
26.646766341031526,91.3006451521496,0
26.778048294496717,91.65100074114436,0
26.802423566261186,92.90607956256231,0
25.922432407525722,91.9460926757418,0
26.387164333923163,94.57154792273884,0
27.818339919986713,88.83443396250128,0
25.442764089464948,91.3864664282387,0
22.961318132332654,93.01712910227252,0
26.99192419126479,92.42866967904155,0
24.999635548036814,93.929451031311,0
27.98176966674533,94.4261292690839,0
27.601404293962243,93.04791873523415,0
24.933887576083826,92.86322119861791,0
23.43247670265802,92.51789998699634,0
23.07748429869871,92.71372105000731,0
26.41655377153156,94.96915659718543,0
24.33022423478208,93.76800418657191,0
25.185887956114353,92.65479963588591,0
26.598089904388505,94.06068996517895,0
26.148230421813672,94.12361893594847,0
23.91230011983402,91.59722788156832,0
25.65724966782443,91.41658053868002,0
26.110238835259253,91.39239478011534,0
26.716656408540384,90.25957817185767,0
26.84358349747483,92.7707269549308,0
24.706065535796057,93.29546893994622,0
25.95943359963747,91.4935853176117,0
24.686285503346213,93.67649665119689,0
26.247340718329372,90.36766733075962,0
24.641631724244974,94.18336788483872,0
24.10040810865161,91.68269775616533,0
27.48721611487096,96.01866551521438,0
26.834139253400174,93.63904327841395,0
27.652845546832282,94.46713942040626,0
26.612225127156563,89.96890833669721,0
27.529822302452438,94.13782594494161,0
26.237341516037596,90.68459516809665,0
24.15138181875819,91.66767356252912,0
27.306711048026088,94.24189807034217,0
25.686000251744126,93.1778525426698,0
25.817662011708542,91.87392556449637,0
25.83500505551467,92.99312363811333,0
25.34606297258728,90.61919662054873,0
27.494611612739615,88.67134458300957,0
26.265751513926936,93.2657396596232,0
28.79542349581954,94.20836584492504,0
26.00498854395142,90.23893662785187,0
24.349671706834826,93.45281353975346,0
25.26276504603107,91.62435907764277,0
26.402003233148367,92.00107573814516,0
26.482531633084136,94.35858339360124,0
24.677046313316815,94.35340964363988,0
23.21977904840918,92.41799333583663,0
27.848787630223253,88.2167567402975,0
27.389870581378503,95.87280890045218,0
27.07145652768202,93.13764009328641,0
25.182024366362917,93.6633048983288,0
27.417787566432086,95.93693165764371,0
24.359122446036075,93.43161124790393,0
23.221609981537526,92.84769425333887,0
27.577413517572097,92.51645619063747,0
24.670777813442015,92.56521507693009,0
27.636812823665053,93.40213417707805,0
