Latitude,Longitude,Elevation,Slope,Rainfall_2023,Label,Risk_Score,Risk_Level
24.848449797943605,92.7379928520891,30.0,1.020261287689209,3573.05,0,0.0,Low
23.55564283473473,92.41451078809251,453.0,25.915042877197266,2148.54,0,61.05,High
25.732996960831866,90.50431411235648,226.0,24.65290260314941,3693.54,0,17.82,Low
27.317447410402085,88.17937965917648,1588.0,27.77983856201172,1690.33,0,60.66,High
26.9692,93.2395,308.0,19.66643142700196,1941.04,1,92.05,Critical
26.9721,92.5378,261.0,37.48652267456055,1421.55,1,98.97,Critical
26.47038150703951,92.35728766507904,52.0,0.0,1218.05,0,0.0,Low
27.0657,92.7588,269.0,24.417911529541016,1421.55,1,97.77,Critical
22.50459751554864,92.90471605024544,793.0,30.435014724731445,1506.81,0,38.37,Moderate
28.1844,95.3358,1295.0,34.33920669555664,2724.38,1,87.91,Critical
27.6191,94.31,528.0,41.03369522094727,2567.19,1,97.91,Critical
25.0003774989096,92.49536373387218,31.0,2.2442116737365723,3573.05,0,0.0,Low
24.74929116145627,94.02799402505696,953.0,11.078932762145996,1648.99,0,17.8,Low
23.5211,92.5136,260.0,33.63267517089844,2148.54,1,86.83,Critical
27.0694,92.8757,737.0,49.31413269042969,1941.04,1,99.62,Critical
27.0657,92.6425,479.0,23.03208923339844,1421.55,1,83.42,Critical
25.2052,91.5758,307.0,22.930152893066406,4943.24,1,81.46,Critical
27.9019,94.9315,362.0,12.329744338989258,2724.38,1,60.09,High
25.45652423692744,90.17516240494491,123.0,11.119691848754885,3693.54,0,3.41,Low
27.962237527381923,94.42761349653404,510.0,23.698352813720703,2681.74,0,73.39,High
25.296050480067123,90.4169615746302,43.0,8.926403045654297,3693.54,0,2.0,Low
26.9826,92.5246,363.0,28.01627349853516,1421.55,1,98.03,Critical
27.1849,88.7328,1446.0,37.98274230957031,2542.03,1,89.76,Critical
27.6356,94.496,240.0,30.51203155517578,2567.19,1,87.23,Critical
28.05143795948106,94.63902434255984,1147.0,29.447986602783203,2681.74,0,49.82,Moderate
28.215,96.4263,2113.0,42.104278564453125,2484.94,1,82.56,Critical
28.5858,95.6393,1418.0,30.65679168701172,2348.99,1,81.02,Critical
27.2527,88.7027,1151.0,28.09840583801269,1707.7,1,49.51,Moderate
26.578024210212494,93.97147882516514,99.0,3.238730192184448,1747.44,0,0.0,Low
28.59897482498926,94.17430455063167,2155.0,23.957494735717773,2030.02,0,30.83,Moderate
28.094754306956304,97.20816981705016,4128.0,24.65731811523437,1471.65,0,0.08,Low
27.37321609184573,95.96056762122458,195.0,3.717649459838867,2291.38,0,1.58,Low
26.9433,93.1452,246.0,13.406488418579102,1941.04,1,88.85,Critical
27.6305,94.2068,405.0,17.0629825592041,2567.19,1,79.64,Critical
28.6421,95.9649,1034.0,33.66878128051758,1891.54,1,69.36,High
29.059983947632084,95.25501147490408,3732.0,15.420494079589844,1289.76,0,12.14,Low
23.017465428665467,92.60102347917925,89.0,3.1554458141326904,2496.59,0,3.0,Low
26.9697,93.1044,379.0,13.681707382202148,1941.04,1,92.45,Critical
28.0426,96.2278,1006.0,49.69683074951172,2484.94,1,97.4,Critical
25.6965,91.6452,1207.0,30.718170166015625,3717.5,1,97.6,Critical
27.312,88.2335,1511.0,17.675569534301758,1690.33,1,63.08,High
26.357150081139743,91.6211765554543,47.0,2.1282379627227783,1708.67,0,0.0,Low
27.6801,94.4906,645.0,45.57823944091797,2567.19,1,98.9,Critical
28.0858,93.2682,1954.0,30.55289077758789,1472.72,1,84.45,Critical
28.94743147851452,95.39489047573744,3652.0,37.327884674072266,1248.72,0,4.02,Low
27.9989,94.0333,1484.0,48.767425537109375,2320.86,1,84.77,Critical
27.2722,93.413,1389.0,23.7002182006836,1971.8,1,57.16,High
27.1409,88.42,1170.0,23.327560424804688,2181.41,1,61.12,High
26.0756,94.1939,541.0,29.67384147644043,1566.44,1,85.64,Critical
28.172150138486707,93.66741366441096,1447.0,58.43873596191406,2320.86,0,56.99,High
27.1277,92.1395,1941.0,44.00298690795898,1154.3,1,92.87,Critical
25.4159,91.9565,1515.0,23.993873596191406,3717.5,1,89.64,Critical
24.112371604744084,93.5621574512901,721.0,16.418153762817383,1381.49,0,25.6,Moderate
23.133488282853744,93.28458327878172,1347.0,7.073690891265869,1506.81,0,23.87,Low
27.54958662270534,95.73506856904083,147.0,1.3984825611114502,2291.38,0,0.0,Low
26.23100161094204,92.99998133462267,324.0,28.87635040283203,1427.25,0,18.62,Low
22.959479397479367,92.58359829352489,130.0,11.8311185836792,2496.59,0,8.65,Low
27.22658286916237,93.7242602282834,843.0,5.886563301086426,2204.32,0,9.9,Low
27.8574,94.8739,436.0,29.66921043395996,2724.38,1,90.04,Critical
28.052401327862395,96.64156317132148,2100.0,25.781253814697266,2484.94,0,39.98,Moderate
24.37529042122924,92.8404075407244,231.0,18.060039520263672,2942.16,0,19.8,Low
28.07948922506157,93.47503830213532,1657.0,25.07367515563965,2320.86,0,39.77,Moderate
28.22,95.4804,680.0,24.55676651000977,2817.65,1,81.68,Critical
26.98961054708029,93.66429418207638,163.0,16.563913345336914,2204.32,0,8.79,Low
27.341147382381404,88.64320356862487,1842.0,11.44345474243164,1707.7,0,16.5,Low
26.569223699359338,89.90584673604026,67.0,1.3918370008468628,2542.03,0,0.0,Low
24.9902,92.4694,40.0,6.8775482177734375,3573.05,1,82.0,Critical
27.8461,96.4565,1199.0,43.37725067138672,2484.94,1,93.42,Critical
27.9589,93.2797,1255.0,54.88543701171875,1472.72,1,97.83,Critical
28.422808252866748,94.92333964928451,1489.0,26.15173721313477,2270.17,0,41.53,Moderate
26.0027,94.9903,883.0,31.49214744567871,1669.48,1,79.22,Critical
27.23318529451333,95.78527191327456,276.0,4.757781505584717,1916.88,0,35.3,Moderate
25.11023972384668,92.45630948307866,610.0,12.854126930236816,3573.05,0,6.06,Low
27.1195,92.9226,699.0,29.931819915771484,1941.04,1,84.7,Critical
25.173764447508265,92.9107624601716,1028.0,10.207988739013672,1648.99,0,8.41,Low
27.66331375398637,95.1688703425634,110.0,1.399276614189148,2724.38,0,0.0,Low
25.3206793258577,90.14813261364624,86.0,7.678189277648926,3693.54,0,0.04,Low
28.9709,94.5376,2366.0,35.871150970458984,1158.49,1,57.87,High
28.02724975545712,88.55935731074459,5608.0,27.98012351989746,1707.7,0,0.58,Low
25.17486400251895,93.59342131284632,746.0,35.97226333618164,1271.17,0,24.71,Low
26.49706344479619,94.99111770454618,1378.0,29.207902908325195,1819.61,0,41.86,Moderate
25.875880968558924,90.09043040963228,32.0,3.464927196502685,3693.54,0,0.0,Low
25.3156,91.8703,1224.0,33.03248977661133,3717.5,1,97.08,Critical
24.58281591873737,93.69756655048045,1022.0,36.6733627319336,1381.49,0,7.02,Low
26.5144,94.7599,895.0,28.928386688232425,1819.61,1,79.81,Critical
24.76267022284962,92.52004946300796,33.0,7.475209712982178,3573.05,0,1.5,Low
28.28681546830349,96.11863277770266,1303.0,32.22803497314453,1891.54,0,47.32,Moderate
27.925,94.9192,428.0,35.93525314331055,2724.38,1,89.47,Critical
28.3467,95.8206,1988.0,41.989295959472656,2348.99,1,88.89,Critical
24.10158057916696,92.66959752487271,339.0,16.5576229095459,2141.49,0,45.59,Moderate
29.04052550774673,94.80161327632784,2086.0,51.70583724975586,1289.76,0,39.96,Moderate
28.5558,94.4663,2050.0,45.86429214477539,2030.02,1,86.9,Critical
27.1468,92.1152,1399.0,40.8615608215332,1154.3,1,70.69,High
27.7611,94.4817,488.0,33.74895095825195,2681.74,1,93.01,Critical
28.4989,94.3492,2276.0,53.58509826660156,2030.02,1,89.6,Critical
27.71134940871477,92.85595617087073,3184.0,36.2407455444336,1472.72,0,39.68,Moderate
25.81491247589288,89.9878078794825,53.0,1.8611903190612795,3693.54,0,0.0,Low
25.9695,94.3886,917.0,23.03634262084961,1566.44,1,65.73,High
23.5357,92.3651,318.0,20.427433013916016,2148.54,1,62.18,High
28.0656,93.2749,1646.0,37.54031753540039,1472.72,1,87.56,Critical
28.129193562411448,95.57109199547644,230.0,1.0496371984481812,2817.65,0,0.0,Low
27.7801,94.6857,1102.0,46.70162582397461,2724.38,1,94.36,Critical
26.6721425924867,92.21767735481056,86.0,0.0,1421.55,0,0.0,Low
27.668954210684184,96.89440131634495,4027.0,21.03545379638672,1689.08,0,2.08,Low
23.4901807865416,92.68296098769206,374.0,19.413890838623047,2148.54,0,52.97,High
28.4121,93.5454,2956.0,19.31767463684082,1535.18,1,63.93,High
28.492,94.839,1049.0,15.46763515472412,2270.17,1,49.32,Moderate
27.6746,94.3311,852.0,43.86470413208008,2567.19,1,94.6,Critical
28.1924913744536,94.28681969241974,2146.0,34.08990478515625,2681.74,0,20.7,Low
25.9712,94.2689,940.0,20.473434448242188,1566.44,1,58.74,High
28.1749,96.1417,1512.0,50.26246643066406,2484.94,1,97.45,Critical
27.92271014589697,96.59021595104171,2410.0,28.12077140808105,1471.65,0,20.5,Low
28.2203,95.7874,780.0,28.8707218170166,2817.65,1,88.69,Critical
28.2301,95.2288,483.0,49.20745086669922,2724.38,1,99.39,Critical
22.882978696972888,92.54231593754407,97.0,15.475988388061523,2496.59,0,3.72,Low
26.9532,93.1086,310.0,13.996594429016112,1941.04,1,93.48,Critical
27.128542374219112,93.60846309054158,974.0,16.328859329223633,2204.32,0,39.2,Moderate
24.502566406429587,93.1008290842957,424.0,24.44856643676757,1625.06,0,38.8,Moderate
28.548,94.4662,1669.0,33.63787841796875,2030.02,1,72.14,High
24.89369158828256,94.30012253299888,1053.0,33.9339485168457,1566.44,0,43.17,Moderate
24.9604,92.6607,40.0,9.284038543701172,3573.05,1,76.5,Critical
27.46838511172508,93.63912540693298,845.0,37.369136810302734,2592.49,0,66.41,High
23.65518488600566,92.81500032093244,398.0,24.397180557250977,2148.54,0,61.28,High
23.5151,92.3913,180.0,7.596458911895752,2148.54,1,65.96,High
28.3406,96.0905,1718.0,51.07247543334961,1891.54,1,92.25,Critical
27.6707,94.1547,1067.0,22.04399299621582,2567.19,1,72.9,High
25.82721184953434,92.441235524423,747.0,16.12325096130371,1218.05,0,5.9,Low
28.1865,96.3254,2332.0,24.63492202758789,2484.94,1,68.18,High
22.848444964148324,92.62032930367565,101.0,12.421908378601074,2496.59,0,8.51,Low
27.1278,88.2612,384.0,40.37534332275391,2181.41,1,94.17,Critical
28.4383,95.5442,1757.0,46.98860549926758,2348.99,1,92.33,Critical
25.2552,91.4946,974.0,28.723682403564453,3693.54,1,72.31,High
28.4083,95.7963,521.0,63.42227554321289,2348.99,1,94.11,Critical
26.2824,94.7887,1490.0,33.26816940307617,1819.61,1,67.15,High
27.5093,92.2847,3166.0,27.624500274658203,1194.49,1,75.24,Critical
23.55646198336937,91.55557019905471,56.0,10.270930290222168,2396.11,0,6.36,Low
24.55766578527004,92.84996866091424,42.0,2.757032871246338,2942.16,0,0.0,Low
28.4067,93.2407,3292.0,31.68085670471192,912.05,1,69.07,High
28.567248606490928,94.02314021785116,3434.0,27.840606689453125,1535.18,0,25.0,Low
28.814739329880226,96.0520635256887,3943.0,25.807397842407227,1891.54,0,3.02,Low
23.978431671811887,93.14933868010657,898.0,29.492788314819336,1381.49,0,20.21,Low
23.34068673615226,93.12971433699803,1088.0,23.53673553466797,1327.95,0,25.98,Moderate
26.933849659308784,94.6049816277616,94.0,0.0,1747.44,0,0.0,Low
25.18202436636292,93.6633048983288,644.0,13.588865280151367,1271.17,0,1.76,Low
26.75806464812052,90.76943102397038,270.0,2.976007461547852,1708.67,0,2.78,Low
24.963673540183724,92.99004848742894,88.0,18.249326705932617,1648.99,0,4.13,Low
24.84115795519609,93.09726995862763,43.0,3.4549598693847656,1648.99,0,4.0,Low
23.8514,92.828,149.0,36.2534065246582,2141.49,1,83.94,Critical
28.5639,94.5874,1500.0,52.28826522827149,2030.02,1,95.75,Critical
25.6886938212224,93.82739870389894,377.0,0.9308568835258484,1306.28,0,2.0,Low
23.681416566293706,93.41891530091812,1375.0,15.791879653930664,1327.95,0,29.78,Moderate
28.112811609674463,93.17260808806222,2733.0,23.78242874145508,1472.72,0,41.88,Moderate
27.2428,92.8502,894.0,52.79340744018555,1941.04,1,96.14,Critical
26.469002244543447,90.56366643143612,65.0,2.2671127319335938,1708.67,0,0.0,Low
27.6369,94.5497,628.0,48.76349258422852,2567.19,1,99.23,Critical
26.9567,93.1042,371.0,10.327540397644045,1941.04,1,96.98,Critical
28.35321724061855,94.10991772609722,2262.0,24.942598342895508,2030.02,0,35.19,Moderate
23.9325,91.5511,125.0,3.1753182411193848,2322.27,1,73.51,High
28.1501,95.8779,775.0,27.70604705810547,2817.65,1,85.94,Critical
26.3471,94.887,836.0,21.514198303222656,1819.61,1,72.68,High
26.5035,94.6967,451.0,29.031044006347656,1819.61,1,88.9,Critical
25.9403,94.2964,576.0,31.02361488342285,1566.44,1,85.8,Critical
26.0919,94.383,374.0,24.63785743713379,1566.44,1,80.45,Critical
27.7142,94.5498,689.0,23.22747039794922,2567.19,1,74.94,High
23.7886,92.9415,1547.0,41.9482307434082,1381.49,1,79.11,Critical
28.93403948728041,95.03784916364276,1267.0,21.1967887878418,1289.76,0,26.89,Moderate
28.51133093894873,94.82603957588972,1284.0,29.64734268188477,2270.17,0,34.54,Moderate
23.9149,92.6176,182.0,10.667169570922852,2141.49,1,72.96,High
26.440962941271604,93.48045134074673,379.0,23.35871124267578,1649.52,0,27.02,Moderate
23.23301837714304,91.47428441437091,28.0,2.742093563079834,2396.11,0,0.0,Low
23.9167,92.6667,210.0,15.794085502624512,2141.49,1,70.6,High
27.6487,96.4117,2131.0,52.10991668701172,2174.9,1,93.72,Critical
24.00874332748226,91.86673663580426,109.0,6.869976997375488,2322.27,0,5.6,Low
27.6838,94.5384,720.0,44.50698852539063,2567.19,1,97.77,Critical
24.97868824990809,92.5997888447675,22.0,2.97133207321167,3573.05,0,0.0,Low
26.2194294094713,91.23544318833169,40.0,4.756443023681641,1708.67,0,0.5,Low
27.3638,94.0154,329.0,39.00831604003906,2592.49,1,89.36,Critical
25.640091577998145,94.60516182337388,856.0,19.20543098449707,1566.44,0,48.42,Moderate
27.41176435739455,93.32088244304056,2774.0,24.80304908752441,1971.8,0,39.62,Moderate
28.446401069713502,94.93759744861514,1793.0,34.7767219543457,2270.17,0,57.36,High
28.165891992001537,96.78479643102138,3411.0,32.45671463012695,1471.65,0,3.14,Low
23.91359680859693,93.01520652415088,977.0,27.96162223815918,1381.49,0,11.07,Low
27.623112980566752,92.40954782071552,4465.0,13.6376371383667,1194.49,0,0.75,Low
26.9685,93.0975,481.0,8.30356216430664,1941.04,1,77.8,Critical
26.0934,94.3667,595.0,26.529476165771484,1566.44,1,88.35,Critical
24.717866813884378,92.5139823303286,89.0,10.725035667419434,3573.05,0,10.66,Low
23.904540463056247,93.33841824786028,692.0,24.2481689453125,1381.49,0,8.09,Low
26.9506,93.0992,319.0,8.019049644470215,1941.04,1,98.83,Critical
28.5854,93.5061,3764.0,41.01763153076172,1535.18,1,72.42,High
26.87320589620829,93.54605567374144,81.0,1.8609156608581543,2204.32,0,0.0,Low
26.062695501627537,91.15994514393616,50.0,2.974116086959839,3717.5,0,0.0,Low
25.9412,94.2991,518.0,12.116121292114258,1566.44,1,74.94,High
27.63121169833633,93.65038062829974,1626.0,15.380152702331545,2592.49,0,21.12,Low
28.5361,93.7041,3145.0,38.78989028930664,1535.18,1,80.34,Critical
28.3859,93.5534,1980.0,23.069589614868164,1535.18,1,55.92,High
26.850763748884024,94.59338619137723,101.0,5.082356929779053,1747.44,0,1.5,Low
27.7467547444152,93.39500751401664,1177.0,12.649893760681152,1971.8,0,28.31,Moderate
26.05806001878238,92.33924993236378,198.0,20.52802848815918,1218.05,0,13.51,Low
25.35217154491921,90.41482048740308,130.0,13.117650985717772,3693.54,0,3.42,Low
27.1138,92.9856,782.0,27.65942573547364,1941.04,1,88.94,Critical
26.79034191661649,95.32816145935227,763.0,40.85472106933594,1941.69,0,60.45,High
28.3141,94.4674,2146.0,38.632999420166016,2030.02,1,54.19,High
25.59616066670748,92.98462933960953,282.0,10.571944236755373,1271.17,0,3.97,Low
28.59881791742959,94.93717516174694,2092.0,24.40747833251953,2270.17,0,34.66,Moderate
27.45424756809928,96.15184759601588,217.0,6.50257682800293,2174.9,0,8.72,Low
28.08243613916641,88.66042976209948,5193.0,13.166836738586426,1707.7,0,1.41,Low
27.94894777749581,92.72124814581856,4844.0,20.57464408874512,1472.72,0,0.92,Low
26.0268,94.3575,459.0,19.89295768737793,1566.44,1,85.01,Critical
28.7496,94.8673,441.0,42.055023193359375,2270.17,1,92.38,Critical
24.15393080558383,94.04110094226868,1453.0,38.583126068115234,1381.49,0,14.83,Low
28.85949090411269,96.24526050497806,3949.0,39.70381927490234,1891.54,0,0.05,Low
27.3521,88.0859,3071.0,10.665899276733398,1690.33,1,68.64,High
26.499874129457687,92.59193322390172,65.0,1.861013412475586,1421.55,0,0.0,Low
24.96019187092929,93.5647846347399,1057.0,24.520708084106445,1648.99,0,21.95,Low
23.5667,92.5621,810.0,32.61720657348633,2148.54,1,82.56,Critical
24.882218326457146,93.65229286660023,691.0,12.567994117736816,1648.99,0,26.39,Moderate
25.3499,91.6676,1006.0,34.07684326171875,3717.5,1,89.08,Critical
29.1656,94.8673,2697.0,47.42256164550781,1289.76,1,91.35,Critical
27.0594,92.6723,312.0,13.60793113708496,1421.55,1,97.11,Critical
27.263758223036568,88.83400997736952,2380.0,53.90334701538086,1707.7,0,28.87,Moderate
25.73176507831221,90.94522129576696,711.0,2.7712717056274414,3693.54,0,2.0,Low
26.0734,94.3894,464.0,20.713598251342773,1566.44,1,85.84,Critical
25.0645,92.9827,418.0,19.06942176818848,1648.99,1,54.55,High
25.87930950556117,94.2155906585535,1301.0,28.49138832092285,1566.44,0,40.04,Moderate
25.13516363083671,92.79112700254916,1131.0,15.77442455291748,3573.05,0,12.1,Low
25.58929765193767,90.38395832111772,759.0,13.23414707183838,3693.54,0,3.61,Low
28.5677,94.3822,1860.0,39.43950271606445,2030.02,1,77.72,Critical
26.3714,94.9093,534.0,35.57283401489258,1819.61,1,90.82,Critical
26.86420633097193,95.31322722580532,1004.0,16.860055923461914,1941.69,0,25.98,Moderate
26.63693564261826,92.89351807516526,64.0,8.265317916870117,1941.04,0,7.0,Low
24.27098811340145,92.47669334779609,40.0,3.44972825050354,2942.16,0,0.5,Low
28.547937175612464,94.3133443746185,1334.0,19.34037208557129,2030.02,0,33.59,Moderate
27.2054,92.8859,754.0,42.9224853515625,1941.04,1,97.43,Critical
28.058608011890247,94.77431416222107,866.0,6.241008281707764,2724.38,0,13.99,Low
23.71497042746666,91.43283870488033,39.0,2.118290901184082,2414.95,0,0.0,Low
28.5716,94.2096,2312.0,39.90330123901367,2030.02,1,61.21,High
26.471264291999795,91.64881297083218,55.0,2.975217342376709,1708.67,0,0.0,Low
27.7245,94.1856,530.0,47.25217819213867,2567.19,1,99.35,Critical
25.39867615486594,92.0801853943019,1267.0,24.875709533691406,3717.5,0,80.09,Critical
27.8362,94.9971,328.0,32.43136978149414,2724.38,1,92.82,Critical
27.02,92.1423,1301.0,30.696029663085938,1154.3,1,87.83,Critical
26.711375644399578,92.65786983772756,74.0,2.1296987533569336,1421.55,0,0.0,Low
25.420669611211068,93.58699042823032,1018.0,24.524269104003903,1271.17,0,16.12,Low
23.508679001177804,91.39296973728813,41.0,5.659286975860596,2396.11,0,0.53,Low
26.09102198077048,93.73988487167492,160.0,2.261045455932617,1306.28,0,0.0,Low
27.8318,93.5433,989.0,24.420873641967773,2320.86,1,79.32,Critical
25.285398823156548,91.90395811276716,1146.0,18.609848022460938,3717.5,0,14.3,Low
27.106,92.9175,732.0,35.50627899169922,1941.04,1,91.92,Critical
26.9962,92.9372,214.0,9.269535064697266,1941.04,1,46.18,Moderate
26.658120072476827,95.13158492692146,746.0,23.36813163757324,1819.61,0,79.34,Critical
23.4162,92.5205,650.0,35.43695831298828,2148.54,1,78.67,Critical
26.9339,92.1831,672.0,49.34062194824219,1421.55,1,99.85,Critical
28.571,94.5946,1321.0,55.51240921020508,2030.02,1,94.84,Critical
28.0631,96.1097,649.0,25.28856086730957,2484.94,1,79.42,Critical
25.9691,92.5161,200.0,29.916221618652344,1218.05,1,76.25,Critical
25.899194802955133,90.11752375624911,34.0,3.6008450984954834,3693.54,0,0.0,Low
28.3429,95.8113,1397.0,37.76691436767578,2348.99,1,83.07,Critical
24.9614,92.6616,41.0,1.8614060878753664,3573.05,1,13.0,Low
26.1378,94.9828,756.0,20.670122146606445,1669.48,1,75.69,Critical
27.98850223395727,94.7143522063922,826.0,17.629018783569336,2724.38,0,61.65,High
22.718167063279694,92.98386816004518,1084.0,21.57463455200196,1506.81,0,16.23,Low
26.30826211485712,90.75736465184896,40.0,4.227176666259766,3717.5,0,0.0,Low
27.1155,92.8405,650.0,41.11905288696289,1421.55,1,98.55,Critical
27.1265,92.1076,1698.0,49.73155975341797,1154.3,1,88.46,Critical
27.1243,88.1687,694.0,17.834075927734375,2181.41,1,60.67,High
26.02943998729588,91.13106774360396,42.0,5.5371198654174805,3717.5,0,0.0,Low
23.4646,91.6567,64.0,8.935019493103027,2396.11,1,0.5,Low
26.53617722631121,90.45963017177392,66.0,1.861003994941712,1708.67,0,0.0,Low
25.75681458638473,90.67130127198946,256.0,6.41596269607544,3693.54,0,0.5,Low
26.0227,94.321,760.0,19.056434631347656,1566.44,1,79.83,Critical
28.5769,95.6398,1418.0,32.7635383605957,2348.99,1,85.75,Critical
26.437800515820967,93.1517299931472,628.0,10.080573081970217,1427.25,0,10.82,Low
28.0466,96.2165,1676.0,58.0649528503418,2484.94,1,96.74,Critical
26.92899226656931,92.35412831977392,258.0,16.827434539794922,1421.55,0,43.13,Moderate
27.654239028060164,93.22991801383132,2541.0,33.16692352294922,1971.8,0,34.33,Moderate
28.4699,93.4216,3607.0,47.520843505859375,912.05,1,92.76,Critical
27.308,88.6115,1005.0,48.81581115722656,1707.7,1,97.44,Critical
28.35233653854934,95.162451826867,1304.0,22.18369102478028,2270.17,0,33.9,Moderate
28.0261,96.3453,1278.0,19.738439559936523,2484.94,1,67.9,High
26.165236822737203,93.33932386391382,672.0,21.104049682617188,1427.25,0,23.59,Low
27.1516,92.123,2021.0,43.213661193847656,1154.3,1,92.38,Critical
27.52158058288397,92.5269973589375,2058.0,18.23402214050293,1194.49,0,3.98,Low
27.0733,93.6811,263.0,18.93535614013672,2204.32,1,69.35,High
25.47181911342941,94.40331260820356,1145.0,20.75864028930664,1566.44,0,15.93,Low
26.44100334709749,92.71863863837967,64.0,2.128581047058105,1218.05,0,0.0,Low
27.20208329281923,95.73947920021762,668.0,36.24942779541016,1916.88,0,67.92,High
26.0914170986158,93.0360211350952,86.0,4.828968048095703,1427.25,0,2.0,Low
27.0462,92.6326,421.0,24.324125289916992,1421.55,1,95.16,Critical
25.771511421835573,92.2719078435933,687.0,8.975193977355957,2535.22,0,8.73,Low
27.1069,92.1758,1868.0,34.58928680419922,1421.55,1,92.75,Critical
26.24734071832937,90.36766733075962,39.0,2.7778353691101074,3717.5,0,0.0,Low
28.4966,93.8235,2048.0,40.19462585449219,1535.18,1,70.64,High
25.704652672783503,89.86789087812168,28.0,2.973174810409546,3693.54,0,0.0,Low
28.06229008908727,94.39212555926608,1345.0,28.85976791381836,2681.74,0,57.98,High
27.11544308516141,93.02300082803592,1146.0,28.965059280395508,1941.04,0,39.06,Moderate
27.352837342813466,94.27432119132668,95.0,0.0,2567.19,0,0.5,Low
28.0726,96.1879,1130.0,48.8468132019043,2484.94,1,95.95,Critical
27.583864367712835,93.8735770738253,1807.0,12.305418014526367,2592.49,0,35.86,Moderate
24.82625753526765,94.01396247416996,879.0,25.49050521850586,1271.17,0,9.87,Low
26.595640370486144,90.88051999286046,52.0,2.1292173862457275,1708.67,0,0.0,Low
23.7983,92.6669,232.0,29.72714233398437,2141.49,1,72.28,High
27.195526141599903,96.91816939382817,1302.0,5.938492774963379,1689.08,0,11.47,Low
25.400932819256543,90.90890543139982,376.0,1.8612957000732424,3693.54,0,0.0,Low
28.4855,93.3541,3458.0,42.85868453979492,912.05,1,87.87,Critical
26.9988,93.1621,345.0,12.58497142791748,1941.04,1,93.47,Critical
26.38999687027628,91.30833960320903,43.0,1.3906620740890503,1708.67,0,0.0,Low
26.044935969449504,92.4723800560286,330.0,17.938976287841797,1218.05,0,1.75,Low
27.193729110821145,88.39812393280465,2255.0,28.76019859313965,2181.41,0,38.11,Moderate
27.9873,95.2119,323.0,18.62944984436035,2724.38,1,79.09,Critical
26.9936,92.3862,606.0,34.8361930847168,1421.55,1,99.16,Critical
27.7903,94.5364,497.0,35.827049255371094,2681.74,1,90.66,Critical
24.390000029614544,92.36675401391216,96.0,7.080331325531006,2942.16,0,6.29,Low
24.61073259299818,93.50953771986596,901.0,22.16999053955078,1625.06,0,24.72,Low
26.13881393726632,94.57182595362258,1374.0,24.461463928222656,1566.44,0,30.65,Moderate
27.570527263037043,95.06148547105364,111.0,2.08785367012024,2724.38,0,0.0,Low
26.2958,94.9745,2173.0,47.05617141723633,1819.61,1,86.47,Critical
27.2421,92.9698,870.0,37.18728256225586,1941.04,1,88.31,Critical
27.341287023986663,93.15766258521676,2304.0,22.28159713745117,1971.8,0,22.41,Low
25.972468493137725,93.99498351431784,433.0,4.215734958648682,1306.28,0,1.5,Low
25.41686432838007,90.46520608878448,494.0,13.840302467346191,3693.54,0,3.93,Low
25.323035957500817,93.9082355546227,2087.0,22.90248680114746,1306.28,0,7.52,Low
28.089,93.2694,1959.0,45.17115020751953,1472.72,1,86.08,Critical
27.135,92.8523,784.0,32.90632247924805,1941.04,1,94.3,Critical
27.8339,94.479,1429.0,29.10693550109864,2681.74,1,69.3,High
26.032597867840504,93.4929214474486,321.0,6.568300724029541,1427.25,0,7.54,Low
28.608,95.2546,1306.0,60.12661743164063,2270.17,1,91.15,Critical
27.2914,92.7399,669.0,61.711185455322266,1194.49,1,87.43,Critical
26.0025,94.3349,600.0,20.232398986816406,1566.44,1,80.11,Critical
27.2047,88.1515,2336.0,34.65896987915039,2181.41,1,71.61,High
27.1083,92.1705,1877.0,37.18405151367188,1421.55,1,93.56,Critical
28.5064,93.5028,2933.0,38.699005126953125,1535.18,1,81.36,Critical
27.6808,94.5686,442.0,11.029830932617188,2567.19,1,79.91,Critical
27.49516025349459,95.29671562552085,121.0,1.3981038331985474,2724.38,0,0.0,Low
26.081651748873668,93.58177601176097,840.0,19.87429618835449,1649.52,0,28.66,Moderate
27.0312,93.273,431.0,33.70441055297852,1941.04,1,91.02,Critical
26.2955,94.8456,798.0,26.00089263916016,1819.61,1,85.67,Critical
26.53227909815189,91.70830476616126,60.0,1.3915938138961792,1708.67,0,0.0,Low
28.3113,96.5153,2528.0,14.34357738494873,1891.54,1,43.25,Moderate
25.54465912359837,93.9729313246427,1728.0,19.97709274291992,1306.28,0,11.43,Low
26.4748,94.6814,390.0,29.031084060668945,1819.61,1,87.89,Critical
24.4762749842623,93.37432277135544,410.0,4.645249366760254,1625.06,0,4.37,Low
27.07407580703538,94.3955175657733,87.0,0.9306767582893372,1747.44,0,0.0,Low
26.1204,94.8974,988.0,20.83164405822754,1669.48,1,68.74,High
27.5975,94.4205,788.0,56.38338470458984,2567.19,1,91.33,Critical
24.9952,92.6364,246.0,27.319942474365234,3573.05,1,67.53,High
23.3797,93.3805,1031.0,13.971282958984377,1327.95,1,68.99,High
26.0292,94.5531,1432.0,41.398399353027344,1566.44,1,68.15,High
26.05980844832544,94.88806646190058,1299.0,11.229107856750488,1669.48,0,20.14,Low
26.9759,92.6034,208.0,18.809192657470703,1421.55,1,95.57,Critical
25.0876,93.1588,1135.0,42.30092239379883,1648.99,1,76.82,Critical
28.90227250652784,96.49266683356348,3894.0,36.4224967956543,1011.98,0,3.66,Low
25.22328399026369,94.2113030622375,1077.0,17.098417282104492,1566.44,0,16.7,Low
27.5958,94.4171,904.0,43.81087112426758,2567.19,1,93.89,Critical
27.629402564927013,96.53381665304056,2454.0,54.38896179199219,2174.9,0,51.95,High
28.3328,95.797,630.0,53.422019958496094,2348.99,1,97.11,Critical
26.35395858584928,93.89940433430591,116.0,3.611006736755371,1566.44,0,0.0,Low
28.1701,93.432,1959.0,37.73512649536133,1472.72,1,90.97,Critical
26.012,94.3559,409.0,16.84946060180664,1566.44,1,77.36,Critical
26.036160867767148,91.53154497078368,50.0,0.0,1708.67,0,0.0,Low
26.0184,91.8671,144.0,27.94397735595703,1708.67,1,69.29,High
23.992562511688167,92.72726774966314,686.0,5.543290138244629,2141.49,0,12.08,Low
26.45546067276871,94.46137449033968,650.0,21.835670471191406,1747.44,0,55.7,High
27.2249,88.3401,1641.0,44.75626754760742,2181.41,1,82.11,Critical
24.1053,91.8779,96.0,4.455528736114502,2322.27,1,63.27,High
26.9759,92.5523,329.0,33.395809173583984,1421.55,1,97.62,Critical
26.23679275720588,93.35139048949132,888.0,14.592954635620115,1427.25,0,16.5,Low
27.7218,94.1621,1328.0,41.831298828125,2567.19,1,93.22,Critical
24.35342869446261,93.49118002679042,742.0,21.30681610107422,1381.49,0,14.88,Low
28.5774,95.6364,1702.0,48.78694534301758,2348.99,1,94.05,Critical
27.6727,94.3239,760.0,31.835264205932617,2567.19,1,87.04,Critical
26.5550415013202,90.49430116308524,70.0,2.7902727127075195,1708.67,0,0.0,Low
27.6881,94.6502,371.0,39.74763107299805,2357.98,1,96.57,Critical
28.1363,95.9614,932.0,36.8901481628418,2484.94,1,86.43,Critical
27.733,94.4097,351.0,32.396705627441406,2567.19,1,89.78,Critical
26.838218170407146,94.34074128263056,91.0,5.082272529602051,1747.44,0,2.5,Low
28.2137,95.3468,921.0,34.435577392578125,2724.38,1,86.34,Critical
26.4501374106257,92.52420543522204,61.0,0.9307587146759032,1218.05,0,0.0,Low
25.880199668628943,92.82274688764689,82.0,2.773144006729126,1218.05,0,0.0,Low
27.4713,92.3739,2986.0,36.2407112121582,1194.49,1,44.74,Moderate
27.645740712841533,93.67339193004275,1646.0,17.773151397705078,2592.49,0,25.59,Moderate
26.9593,93.0977,442.0,21.24065589904785,1941.04,1,88.73,Critical
27.9214,96.3486,1356.0,55.03604507446289,2484.94,1,97.01,Critical
28.269415939066384,96.61875922754896,2620.0,59.57114028930664,1044.44,0,85.05,Critical
27.0446,92.6471,291.0,34.89773941040039,1421.55,1,99.46,Critical
27.8933,94.8913,364.0,36.3125114440918,2724.38,1,89.23,Critical
27.80891207672073,95.71512487669511,124.0,2.798931837081909,2817.65,0,0.5,Low
28.54133723549647,93.96443038267806,3382.0,10.337254524230955,1535.18,0,12.83,Low
26.548306724531017,93.14271130628634,385.0,23.52424049377441,1427.25,0,22.74,Low
25.700067278390243,90.12014804726988,194.0,16.120132446289062,3693.54,0,13.08,Low
25.84357467667015,92.94513989301856,92.0,6.188597202301025,1218.05,0,0.0,Low
22.96316383116872,92.92351730726122,623.0,24.20463180541992,1506.81,0,18.72,Low
23.8205,92.9689,1308.0,11.496541023254396,1381.49,1,17.13,Low
27.7814,94.2033,803.0,34.386085510253906,2681.74,1,91.6,Critical
28.90377745558166,96.30600011132384,3635.0,26.18254852294922,1011.98,0,14.88,Low
25.81862845858052,91.75595258869376,448.0,23.3580322265625,1708.67,0,51.0,High
28.447592827152224,94.76308356588218,1679.0,50.18478393554688,2270.17,0,91.87,Critical
28.230097554461928,94.94309135779558,717.0,35.196197509765625,2724.38,0,74.44,High
28.0364,96.1684,561.0,32.3634147644043,2484.94,1,89.09,Critical
28.1507,94.3004,1785.0,17.640146255493164,2681.74,1,42.23,Moderate
27.1566,92.2212,2412.0,18.741029739379883,1421.55,1,70.36,High
26.9377,93.0779,406.0,16.7674617767334,1941.04,1,91.97,Critical
25.52222471317676,92.83286437776204,233.0,7.659943103790283,2535.22,0,3.45,Low
26.9837,92.3672,554.0,40.94401168823242,1421.55,1,98.89,Critical
24.005,91.473,110.0,5.064713954925537,2414.95,1,65.84,High
27.875,93.3677,1646.0,34.720542907714844,1472.72,1,85.13,Critical
28.081095041416614,96.5158764321339,524.0,7.780461311340332,2484.94,0,18.93,Low
27.1302,88.2662,447.0,37.38948440551758,2181.41,1,89.87,Critical
27.07245256662401,94.61986772309464,90.0,2.131220817565918,1747.44,0,0.5,Low
23.4021,93.1542,974.0,22.004892349243164,1327.95,1,77.09,Critical
26.9718,92.5605,312.0,23.599609375,1421.55,1,96.76,Critical
28.7868,94.9436,941.0,52.08473205566406,1289.76,1,93.1,Critical
24.9906,92.7495,148.0,15.368284225463867,3573.05,1,75.71,Critical
27.0325,92.0924,1915.0,56.2444953918457,1154.3,1,92.83,Critical
24.64412234294482,93.8352771781872,773.0,1.0185964107513428,1648.99,0,0.53,Low
26.04681200556572,91.6249446171376,340.0,7.179940700531006,1708.67,0,5.24,Low
28.2084,95.4073,944.0,54.45843505859375,2817.65,1,97.7,Critical
26.3686,94.9075,585.0,29.26949119567871,1819.61,1,87.85,Critical
27.6741,94.2108,956.0,30.902511596679688,2567.19,1,86.18,Critical
27.234666838797683,93.17910806359146,1389.0,39.24822235107422,1941.04,0,58.12,High
27.1073,92.9867,644.0,49.57136917114258,1941.04,1,99.7,Critical
25.2002,91.8799,111.0,16.58183479309082,4943.24,1,68.64,High
27.818335387990093,94.2761642094189,1210.0,35.99846267700195,2681.74,0,75.79,Critical
23.77080953838824,91.54602611932562,135.0,12.806568145751951,2414.95,0,7.95,Low
26.4059,94.9507,558.0,21.327930450439453,1819.61,1,77.56,Critical
27.1013,92.1362,1707.0,23.56579971313477,1154.3,1,89.99,Critical
28.1046,95.2669,496.0,30.15042304992676,2724.38,1,90.92,Critical
27.51100535376748,91.9563935539806,3009.0,50.152610778808594,853.16,0,18.89,Low
26.9642,93.1167,354.0,21.27023696899414,1941.04,1,90.3,Critical
25.9447,94.2967,589.0,39.85099792480469,1566.44,1,89.29,Critical
23.132657575899938,92.81695261785578,761.0,21.00227165222168,2496.59,0,50.68,High
28.9592,94.3156,2805.0,50.079715728759766,1158.49,1,71.79,High
25.45804318822528,90.47317562998757,875.0,22.02226448059082,3693.54,0,25.57,Moderate
26.9906,92.5352,392.0,41.122554779052734,1421.55,1,98.76,Critical
27.757,94.1937,360.0,46.472747802734375,2681.74,1,99.02,Critical
26.9841,93.3188,595.0,40.78441619873047,1941.04,1,95.73,Critical
28.656120324109807,95.824648819673,1758.0,35.58308029174805,2348.99,0,72.5,High
27.7885,94.3008,501.0,45.09735870361328,2681.74,1,93.93,Critical
27.7923,94.5377,435.0,4.262804985046387,2681.74,1,71.65,High
26.811039502040533,94.71289121440776,102.0,2.1301157474517822,1819.61,0,0.0,Low
26.200681998194995,92.37454442839896,64.0,2.9744839668273926,1218.05,0,0.0,Low
27.0419,93.0138,435.0,41.47510528564453,1941.04,1,98.03,Critical
28.1959,96.1459,1677.0,35.23648452758789,2484.94,1,88.39,Critical
27.2558,88.2609,860.0,19.1304988861084,1690.33,1,61.31,High
25.9908,94.5517,1146.0,31.32318115234375,1566.44,1,48.36,Moderate
28.6575,94.3873,1669.0,24.41121292114257,2030.02,1,55.65,High
28.8124,94.8378,771.0,37.4925422668457,1289.76,1,79.79,Critical
28.01389318906728,88.66898553814133,5581.0,25.35205078125,1707.7,0,0.54,Low
27.4128,88.2851,2270.0,45.73412322998047,1690.33,1,82.7,Critical
28.4968,94.3458,2631.0,48.97091293334961,2030.02,1,89.0,Critical
25.6464,91.9218,1210.0,32.4123649597168,3717.5,1,96.19,Critical
29.261325088628613,94.63596533668124,3281.0,23.8442611694336,1289.76,0,16.2,Low
28.2339,96.3424,2594.0,36.08232498168945,2484.94,1,77.82,Critical
28.99264005237535,94.42197975095382,4180.0,19.31556701660156,1158.49,0,1.0,Low
27.62839236428435,88.37874611799415,3123.0,71.93769836425781,1690.33,0,19.53,Low
27.5447,92.4516,3213.0,45.93863296508789,1194.49,1,86.6,Critical
28.58236649864149,93.80958475395032,3802.0,13.069215774536133,1535.18,0,3.93,Low
28.40659318937014,95.32379750176624,1715.0,30.425350189208984,2270.17,0,49.85,Moderate
24.495418564148807,93.85611249119673,771.0,3.188059568405152,1381.49,0,3.0,Low
25.63102956142713,92.08042786759678,1030.0,17.58490753173828,3717.5,0,14.22,Low
23.60386432732622,92.61215513522907,704.0,19.628387451171875,2148.54,0,56.09,High
25.741808784130846,93.2471880389193,156.0,1.3865113258361816,1271.17,0,0.0,Low
27.9113,94.2538,816.0,24.875364303588867,2681.74,1,85.81,Critical
27.7046,94.2234,1706.0,48.50711441040039,2567.19,1,98.76,Critical
26.5286,94.6831,469.0,27.55353164672852,1819.61,1,85.82,Critical
25.34247427625958,91.28091851757834,1180.0,13.006681442260742,3693.54,0,5.6,Low
27.601404293962243,93.04791873523416,1212.0,14.394143104553224,1971.8,0,21.97,Low
25.886968598643303,93.45736656199186,199.0,9.58380889892578,1427.25,0,7.7,Low
26.750446270697186,92.80308881123771,76.0,3.243186712265014,1941.04,0,0.0,Low
28.1106,95.9503,816.0,38.588897705078125,2484.94,1,93.71,Critical
23.5449,92.5636,586.0,40.85358428955078,2148.54,1,90.11,Critical
25.62881353502045,91.68111191760585,1557.0,14.535345077514648,3717.5,0,6.39,Low
26.632307129853647,90.30875943527415,93.0,1.0356056690216064,1708.67,0,0.0,Low
24.914914418570103,93.69928546870364,1184.0,12.103038787841797,1648.99,0,13.0,Low
25.975,94.3471,468.0,18.1181755065918,1566.44,1,77.92,Critical
26.9448,93.1076,272.0,10.630729675292969,1941.04,1,96.93,Critical
27.1153,92.8867,641.0,39.99275207519531,1941.04,1,96.99,Critical
23.9035,92.3787,445.0,32.217918395996094,2141.49,1,83.27,Critical
28.973838486831664,94.20246925249415,4084.0,29.03274917602539,1158.49,0,0.58,Low
28.076972589961567,88.6625860774551,5298.0,27.49919891357422,1707.7,0,0.46,Low
27.167027005399888,92.9345168101519,1241.0,17.657730102539062,1941.04,0,23.44,Low
27.440318736658423,88.2047947229365,3214.0,37.12114715576172,1690.33,0,22.22,Low
27.859909785633977,95.5342331990668,129.0,2.29054856300354,2724.38,0,0.0,Low
26.2297,94.177,302.0,15.464261054992676,1566.44,1,75.3,Critical
28.945511470900747,96.02839937972747,3869.0,21.13521194458008,1011.98,0,3.0,Low
26.31030916458635,93.51418876655984,656.0,8.564278602600098,1649.52,0,24.7,Low
23.35905164608036,92.691902592831,330.0,20.360456466674805,2148.54,0,65.74,High
27.25104403915832,93.130188372917,1574.0,11.035069465637209,1971.8,0,21.3,Low
25.6195,91.8578,1077.0,43.08987808227539,3717.5,1,92.7,Critical
27.0703,92.6971,337.0,21.875816345214844,1421.55,1,95.41,Critical
27.656101496854685,92.35619561771894,4782.0,10.497401237487791,1194.49,0,0.0,Low
27.2671,93.717,1369.0,22.594921112060547,2592.49,1,67.02,High
26.9466,93.2102,297.0,37.1801872253418,1941.04,1,93.89,Critical
28.6641,95.1119,1384.0,53.3261604309082,2270.17,1,89.29,Critical
23.62704382950057,92.92526153101736,808.0,27.147266387939453,1327.95,0,8.04,Low
27.0683,92.7023,342.0,11.441890716552734,1421.55,1,89.62,Critical
27.1024,92.9052,710.0,44.39251708984375,1941.04,1,94.99,Critical
25.184463319715828,92.9961770041841,517.0,12.62193202972412,1648.99,0,26.37,Moderate
26.87760891295673,94.16230689351885,85.0,0.9307026863098145,1747.44,0,0.5,Low
26.555377281152627,92.2156420130306,67.0,2.7902727127075195,1421.55,0,0.0,Low
23.6579,92.4706,597.0,16.629192352294922,2148.54,1,57.51,High
28.1025,93.3989,914.0,33.6130256652832,1472.72,1,83.51,Critical
24.3023642022994,92.74422697669134,108.0,20.49492645263672,2942.16,0,14.1,Low
26.9356,92.2405,503.0,11.06130599975586,1421.55,1,92.31,Critical
26.9668,93.3763,502.0,60.56280517578125,1941.04,1,97.62,Critical
24.976581657694275,94.57090342857876,997.0,24.761205673217773,1566.44,0,43.51,Moderate
26.9346,93.0577,345.0,14.60389804840088,1941.04,1,89.88,Critical
27.2139,92.7164,1168.0,35.169403076171875,1421.55,1,94.39,Critical
27.1842,95.5966,642.0,12.369868278503418,1916.88,1,56.12,High
23.08289292597372,92.84793177351614,554.0,11.821510314941406,2496.59,0,27.78,Moderate
23.4718,92.5996,744.0,7.091098308563232,2148.54,1,67.28,High
23.21977904840918,92.41799333583664,82.0,9.685482025146484,2148.54,0,11.71,Low
27.749242899119853,95.33186156084658,118.0,1.399879813194275,2724.38,0,0.0,Low
26.9793,92.1784,1207.0,38.52724456787109,1421.55,1,85.86,Critical
27.5666,93.2316,1959.0,23.367074966430664,1971.8,1,45.36,Moderate
27.8304,94.962,411.0,29.920753479003903,2724.38,1,89.95,Critical
27.61686423722535,94.05465165445489,2062.0,14.58250617980957,2567.19,0,20.75,Low
26.0097,94.3587,420.0,27.7451171875,1566.44,1,90.65,Critical
28.191700875973265,93.96460101104525,878.0,45.95498275756836,2320.86,0,83.12,Critical
25.187070356518632,91.41626321511548,23.0,5.558431625366211,4780.93,0,0.0,Low
25.4203,91.7887,1821.0,39.03889846801758,3717.5,1,90.85,Critical
26.07676969922775,94.36518673555406,799.0,21.42497444152832,1566.44,0,57.64,High
27.0185,92.5494,678.0,29.786333084106445,1421.55,1,94.54,Critical
26.721540065910464,90.14343106145952,183.0,2.9759063720703125,2542.03,0,0.0,Low
27.887,96.4262,1820.0,45.059478759765625,2484.94,1,87.54,Critical
27.657114385563915,93.35720304532158,2276.0,47.19672393798828,1971.8,0,45.46,Moderate
27.3927798493763,93.37033209121786,2850.0,15.72161102294922,1971.8,0,25.37,Moderate
27.2666,88.5567,870.0,45.646968841552734,1707.7,1,94.45,Critical
22.125213124951447,92.78303553225174,123.0,19.678083419799805,2496.59,0,7.2,Low
25.51758295094833,90.7981307579004,255.0,11.734573364257812,3693.54,0,16.47,Low
23.5931548499106,93.01527513162448,645.0,30.433218002319336,1327.95,0,35.03,Moderate
26.83630286741625,92.36907159526544,130.0,3.622070550918579,1421.55,0,0.5,Low
27.0546,93.3229,928.0,39.374732971191406,1941.04,1,88.07,Critical
27.0036,92.6297,350.0,9.093184471130373,1421.55,1,79.09,Critical
27.17064425123132,95.66952414982278,497.0,9.101452827453612,1916.88,0,25.86,Moderate
28.2006,93.4117,1601.0,56.82024002075195,1472.72,1,97.43,Critical
28.0878,93.2736,1695.0,34.605186462402344,1472.72,1,76.4,Critical
25.2709,91.635,632.0,30.68449592590332,3717.5,1,83.85,Critical
27.6757,94.6671,650.0,39.04250717163086,2357.98,1,94.71,Critical
27.4643,92.5196,1678.0,45.34706115722656,1194.49,1,86.58,Critical
27.52910030233956,94.93135344067286,106.0,5.01060152053833,2357.98,0,5.72,Low
26.1659,94.2612,614.0,33.68711853027344,1566.44,1,84.05,Critical
26.9533,92.3104,523.0,37.33304214477539,1421.55,1,98.61,Critical
25.40045149695097,92.29216470141677,1317.0,3.209381580352783,2535.22,0,0.48,Low
27.039,93.0434,841.0,40.75288772583008,1941.04,1,89.1,Critical
23.9008,92.6816,323.0,34.26567077636719,2141.49,1,87.94,Critical
23.7181,92.7836,493.0,29.35316276550293,2148.54,1,81.0,Critical
28.666816899911804,96.35798676472996,4032.0,26.59209442138672,1891.54,0,2.16,Low
27.7638,94.4846,449.0,34.142234802246094,2681.74,1,94.54,Critical
26.2235,94.1732,299.0,28.405073165893555,1566.44,1,67.77,High
22.582773780415515,92.8273029475299,723.0,16.59111213684082,2496.59,0,32.34,Moderate
28.135423853629216,95.57637547289964,238.0,5.593807220458984,2817.65,0,6.98,Low
28.1804,95.9137,1834.0,37.969764709472656,2817.65,1,92.01,Critical
28.0801,95.1069,678.0,34.655555725097656,2724.38,1,87.77,Critical
26.421283856392343,93.47247927813136,298.0,11.21445083618164,1649.52,0,20.34,Low
26.9776,92.1534,579.0,33.59980392456055,1421.55,1,98.57,Critical
26.60147434788383,94.01159137914112,104.0,3.8587350845336914,1747.44,0,0.0,Low
26.760719984907777,90.85376433166746,228.0,1.860945224761963,1708.67,0,1.0,Low
27.840567970036872,93.05104017480018,2611.0,38.86172103881836,1472.72,0,37.98,Moderate
26.14209812077971,89.78848763247746,29.0,3.2276511192321777,2542.03,0,0.0,Low
27.219,88.4861,380.0,19.02391815185547,2542.03,1,75.2,Critical
27.6842,94.4441,585.0,43.42964172363281,2567.19,1,96.85,Critical
24.396498377119894,94.13773843086892,1106.0,11.969704627990724,1381.49,0,5.31,Low
26.484458943922075,90.28102183249364,54.0,2.1287589073181152,3717.5,0,0.0,Low
28.218369633043167,94.29496271347432,2487.0,39.78954315185547,2681.74,0,24.68,Low
27.9051,94.2649,974.0,45.83842468261719,2681.74,1,92.32,Critical
26.9203,92.1871,552.0,20.20537376403809,1421.55,1,91.65,Critical
26.238826908894712,93.7013689110214,498.0,15.514878273010254,1649.52,0,25.56,Moderate
27.5502,93.3634,3080.0,39.17250442504883,1971.8,1,34.94,Moderate
27.5845,94.2084,393.0,47.067970275878906,2567.19,1,97.92,Critical
25.90481528057636,91.0412308799362,75.0,3.6009678840637207,3717.5,0,1.0,Low
26.21100796855148,94.352464439706,859.0,42.023399353027344,1566.44,0,44.49,Moderate
22.63221540543024,92.93784960440463,342.0,10.926112174987791,1506.81,0,17.0,Low
26.98262309052,94.74631569721224,96.0,5.262411594390869,1941.69,0,2.0,Low
26.5252,94.6777,565.0,30.17826461791992,1819.61,1,85.62,Critical
26.1388,94.2597,797.0,40.20134353637695,1566.44,1,82.54,Critical
26.518156456104418,93.66571945259614,358.0,5.0801262855529785,1649.52,0,10.33,Low
27.7242,94.4467,534.0,37.46253204345703,2567.19,1,94.18,Critical
27.341829352659907,93.31266447241713,2431.0,14.020008087158203,1971.8,0,26.77,Moderate
23.870425070245403,93.25357478019744,1505.0,32.001075744628906,1381.49,0,4.86,Low
26.9816,93.2848,821.0,40.43651580810547,1941.04,1,96.14,Critical
27.5151,96.2461,414.0,23.387500762939453,2174.9,1,68.86,High
28.574260849894763,96.1663926931329,3212.0,43.5355224609375,1891.54,0,10.99,Low
26.0672,94.5645,1561.0,25.77449607849121,1566.44,1,43.84,Moderate
23.7714,92.5337,490.0,26.506134033203125,2141.49,1,69.6,High
27.2761,93.3964,1628.0,22.562986373901367,1971.8,1,56.88,High
26.9758,92.5799,225.0,19.68976211547852,1421.55,1,98.25,Critical
29.1658,94.8638,2659.0,38.42996597290039,1289.76,1,69.85,High
28.059,96.1189,812.0,25.355945587158203,2484.94,1,83.89,Critical
27.8682,94.2241,854.0,28.905908584594727,2681.74,1,87.8,Critical
28.6594,95.703,1358.0,55.720436096191406,2348.99,1,90.59,Critical
27.207838861785376,95.81806872464443,1005.0,35.9679069519043,1916.88,0,65.15,High
26.9343,93.0559,358.0,22.142879486083984,1941.04,1,91.11,Critical
26.71709689760305,93.20557857653274,75.0,0.9307237863540648,1941.04,0,0.0,Low
27.1515,93.1411,1333.0,27.2457332611084,1941.04,1,56.49,High
28.75240333199316,95.5078857526459,2727.0,28.1889877319336,1248.72,0,21.19,Low
28.862,95.1347,2112.0,40.241966247558594,1289.76,1,77.27,Critical
26.9878,93.2607,607.0,50.1866455078125,1941.04,1,99.61,Critical
26.95678494865716,95.1993454046705,349.0,16.53162384033203,1941.69,0,38.7,Moderate
27.108,92.8501,567.0,41.64202880859375,1941.04,1,97.56,Critical
23.35771412244088,92.44040656279296,504.0,17.574703216552734,2148.54,0,46.54,Moderate
24.51218282929708,93.80228249368768,768.0,0.0,1381.49,0,0.0,Low
27.0308,93.2399,343.0,16.3326473236084,1941.04,1,90.15,Critical
27.5203,96.2358,493.0,29.69214057922364,2174.9,1,82.96,Critical
27.19638671905347,93.72668193798268,521.0,11.752079010009766,2204.32,0,36.77,Moderate
26.5103,94.7566,778.0,21.52731132507324,1819.61,1,81.98,Critical
26.17168259223725,94.28437840046382,612.0,14.225561141967772,1566.44,0,58.33,High
26.213915440318534,91.98234511473366,59.0,2.063083410263061,1708.67,0,0.0,Low
26.915,92.1673,374.0,20.48402976989746,1421.55,1,73.05,High
27.7061,94.2507,1191.0,40.52350997924805,2567.19,1,93.01,Critical
26.0468,94.8787,1099.0,8.450039863586426,1669.48,1,55.58,High
27.2686,93.8546,436.0,50.74142074584961,2592.49,1,99.63,Critical
25.570540085429165,90.98844105405703,867.0,9.560894012451172,3693.54,0,1.06,Low
28.1608,95.9531,1957.0,56.873905181884766,2484.94,1,90.77,Critical
28.5173,95.4349,2659.0,39.47118377685547,2348.99,1,75.29,Critical
29.20736615383497,95.74389045378084,3955.0,19.499454498291016,1248.72,0,0.5,Low
25.44324305189733,91.4970052902652,1602.0,7.373891830444336,3693.54,0,2.7,Low
26.1262,94.3847,379.0,32.8516960144043,1566.44,1,81.81,Critical
27.166523437597863,95.03943844050488,106.0,2.977158784866333,1941.69,0,0.0,Low
27.978807862176662,88.77768681526264,5439.0,15.723411560058594,1707.7,0,0.88,Low
27.722765300074663,92.72507263257592,2423.0,36.68989562988281,1194.49,0,48.96,Moderate
25.935429042013784,90.6788003313771,68.0,9.28372287750244,3693.54,0,3.5,Low
25.462125310140305,94.40722108547853,976.0,17.875837326049805,1566.44,0,35.1,Moderate
23.1791,93.3368,713.0,35.70086669921875,1506.81,1,77.93,Critical
26.9339,95.5834,1236.0,27.58125877380371,1916.88,1,55.87,High
26.0519,94.8367,722.0,26.83076477050781,1669.48,1,77.96,Critical
27.698,93.0976,1194.0,43.99470520019531,1971.8,1,75.87,Critical
28.06658972462704,94.73242191691418,580.0,23.06732940673828,2724.38,0,60.08,High
27.261020760100177,88.43149346221362,586.0,22.2329158782959,1690.33,0,53.18,High
28.1515,95.2933,600.0,41.25965118408203,2724.38,1,96.26,Critical
27.006247804139072,95.34285896166604,220.0,5.083414077758789,1941.69,0,11.85,Low
28.4627,94.8251,1004.0,24.67747688293457,2270.17,1,81.45,Critical
27.9801,95.1103,580.0,53.57574844360352,2724.38,1,99.0,Critical
24.621986618849952,93.74803622433876,845.0,0.0,1648.99,0,0.53,Low
26.9584,93.1169,321.0,20.23326873779297,1941.04,1,91.77,Critical
28.042661041480127,94.7284004304472,688.0,22.894624710083008,2724.38,0,59.88,High
27.792454281951244,93.778049217469,1422.0,28.428955078125,2320.86,0,31.96,Moderate
26.360304606066222,91.08756884170998,41.0,1.3904683589935305,1708.67,0,0.0,Low
25.12490332581672,92.66150978424278,970.0,10.887669563293455,3573.05,0,1.6,Low
28.823618391299444,95.06802567210786,2124.0,10.578577995300291,1289.76,0,13.25,Low
25.3895,91.873,1552.0,21.954219818115234,3717.5,1,76.73,Critical
28.1697,93.4386,1762.0,9.788945198059082,1472.72,1,58.86,High
27.7101,94.7617,446.0,49.1455307006836,2357.98,1,98.53,Critical
27.1263,92.9157,851.0,37.27102279663086,1941.04,1,93.46,Critical
28.2868,93.2588,2855.0,55.30975341796875,912.05,1,59.38,High
27.7584,94.6284,1022.0,30.2927188873291,2681.74,1,80.87,Critical
28.0909,93.3737,682.0,36.3762321472168,1472.72,1,89.12,Critical
26.44551764320476,90.55245084014076,69.0,10.577044486999512,3717.5,0,1.0,Low
25.9544,94.2644,957.0,11.328876495361328,1566.44,1,50.15,High
28.883326186761064,96.25929995522785,4586.0,15.496705055236816,1891.54,0,5.31,Low
25.76191358183897,93.44677883649776,208.0,5.450546741485596,1271.17,0,1.0,Low
27.47818584927737,94.64502241619157,98.0,1.397984266281128,2567.19,0,0.0,Low
26.9743,92.5856,249.0,38.63357925415039,1421.55,1,98.87,Critical
27.66641564765673,95.92579728349372,160.0,1.399298071861267,2174.9,0,0.0,Low
28.0642,93.2682,2012.0,40.15424728393555,1472.72,1,80.05,Critical
25.86540339825808,92.14891537564596,791.0,17.417598724365234,1218.05,0,6.26,Low
27.8379,94.792,403.0,31.017210006713867,2724.38,1,91.94,Critical
25.8427480411756,94.10249938189388,1030.0,14.222769737243652,1566.44,0,26.88,Moderate
24.15243636829694,92.11020006130558,52.0,7.1271562576293945,2322.27,0,2.1,Low
25.859509370924883,90.76428775229894,223.0,16.542217254638672,3693.54,0,6.33,Low
27.9737,96.2492,893.0,38.38206481933594,2484.94,1,91.34,Critical
29.163,94.857,2577.0,35.52033233642578,1289.76,1,86.31,Critical
24.99367016098097,93.6634099377123,1309.0,19.89278030395508,1271.17,0,3.84,Low
25.079430238109865,94.6214413371954,1675.0,36.339473724365234,1566.44,0,58.61,High
28.2102,95.3674,826.0,41.97966766357422,2817.65,1,94.52,Critical
26.05992005676376,91.0891904637629,48.0,1.030524730682373,3717.5,0,0.0,Low
29.005,94.8176,903.0,35.99741744995117,1289.76,1,82.93,Critical
24.853497029760508,92.85521417739628,28.0,4.933621883392334,1648.99,0,2.0,Low
27.6923,94.6561,301.0,52.85874938964844,2357.98,1,93.44,Critical
27.4644,94.1069,600.0,68.27207946777344,2567.19,1,94.51,Critical
28.4828,94.3899,1797.0,30.19954299926757,2030.02,1,62.68,High
27.631,96.0867,446.0,13.378382682800291,2174.9,1,66.1,High
26.92573011750549,93.50798858423188,109.0,3.717885732650757,2204.32,0,0.07,Low
27.94612021657281,94.24985094759008,1081.0,32.456573486328125,2681.74,0,65.63,High
26.51453490923196,93.0809534703183,468.0,33.54230117797852,1427.25,0,23.85,Low
25.975116609510653,91.41583962438774,66.0,3.223468065261841,3717.5,0,2.0,Low
27.90682010106641,88.83612665595308,5534.0,13.729970932006836,1707.7,0,1.41,Low
28.799747326111145,95.83960043456544,2050.0,47.14872360229492,1248.72,0,41.52,Moderate
26.516796368326577,93.17611656279468,211.0,4.131543159484863,1427.25,0,2.18,Low
28.635950410862087,95.58094939795228,3559.0,16.56106185913086,2348.99,0,10.79,Low
25.11606578090727,93.71849656665636,1501.0,33.0079345703125,1271.17,0,14.34,Low
28.0954,93.4712,1578.0,48.10926055908203,2320.86,1,81.17,Critical
23.275313111283943,93.30627187035748,1730.0,16.05245590209961,1327.95,0,21.21,Low
25.62345285743835,91.71303185949094,1257.0,24.62016487121582,3717.5,0,79.03,Critical
27.1033,92.9016,840.0,49.37185287475586,1941.04,1,99.58,Critical
28.598131122264743,93.81137795075426,4485.0,24.75937843322754,1535.18,0,1.28,Low
28.125534371097576,94.8643616708998,563.0,3.8617889881134033,2724.38,0,5.08,Low
27.8319,96.419,1545.0,34.614410400390625,2484.94,1,90.85,Critical
26.0905,94.617,1277.0,33.87654113769531,1566.44,1,54.04,High
25.573428873032125,91.967070113438,1367.0,13.41415786743164,3717.5,0,1.98,Low
25.829341205164965,90.41180322190634,142.0,7.683820247650146,3693.54,0,0.0,Low
26.06067070929975,90.60523338029591,53.0,7.180539608001709,3693.54,0,0.0,Low
27.7403,94.4182,356.0,20.840065002441406,2567.19,1,83.72,Critical
25.44049083197669,93.42584339228895,432.0,11.69324779510498,1271.17,0,2.92,Low
25.47375499458048,92.9609183838249,309.0,18.80295753479004,1271.17,0,2.0,Low
27.51400833326882,95.69214244314728,150.0,0.9306182265281676,2291.38,0,0.0,Low
27.98893028940565,96.81051263632833,2926.0,32.74031066894531,1471.65,0,12.47,Low
24.2818,92.975,657.0,28.16585159301757,1625.06,1,73.14,High
27.9417,96.4472,1074.0,42.908233642578125,2484.94,1,94.58,Critical
26.3562,94.4523,634.0,26.48792839050293,1747.44,1,83.49,Critical
27.79721647919461,95.73900683867748,132.0,1.046431303024292,2817.65,0,0.0,Low
23.01040050994617,92.95502726069245,590.0,30.60135078430176,1506.81,0,25.21,Moderate
25.121,93.2473,605.0,25.37307357788086,1648.99,1,73.29,High
29.201578097586925,95.84617730759491,3160.0,37.44948959350586,1248.72,0,33.23,Moderate
27.6565,94.6643,341.0,24.55020904541016,2357.98,1,72.25,High
25.1174,92.2407,134.0,18.267242431640625,3573.05,1,80.56,Critical
26.1487,94.9755,925.0,10.707071304321287,1669.48,1,63.78,High
26.9472,92.1338,461.0,34.43989181518555,1154.3,1,98.76,Critical
27.3034099677242,93.59871907595247,1863.0,22.12241554260254,2592.49,0,41.01,Moderate
26.748952217634788,91.31172695121246,86.0,5.252011775970459,1154.3,0,0.0,Low
27.1567,92.9034,1266.0,38.53500747680664,1941.04,1,77.06,Critical
28.69880124324949,94.20589029653893,2684.0,40.88224029541016,2030.02,0,40.22,Moderate
26.9642,92.2949,549.0,20.233856201171875,1421.55,1,91.15,Critical
25.75520243415986,94.95396008694776,1951.0,12.968116760253906,1669.48,0,17.01,Low
25.974073130544912,93.44269423256009,144.0,0.9308202862739564,1427.25,0,0.0,Low
26.9441,93.1488,281.0,8.113117218017578,1941.04,1,93.6,Critical
28.5806,94.98,1619.0,52.7111701965332,2270.17,1,88.07,Critical
28.3991,95.2682,1008.0,15.112439155578612,2270.17,1,58.33,High
27.8478,93.8062,2123.0,65.0262222290039,2320.86,1,94.85,Critical
27.9059,94.2071,1683.0,24.04874420166016,2681.74,1,68.33,High
25.156117581147072,93.9262029353577,1873.0,21.2450008392334,1271.17,0,8.37,Low
27.0264,93.2574,397.0,36.555084228515625,1941.04,1,92.11,Critical
28.87303177812212,95.85774912143856,1790.0,28.41600227355957,1248.72,0,17.55,Low
28.1658,95.3528,533.0,18.02289581298828,2817.65,1,64.03,High
23.6252,92.4133,427.0,16.95493507385254,2148.54,1,63.43,High
27.0321,93.1428,1018.0,48.65052032470703,1941.04,1,98.1,Critical
27.1011,93.363,686.0,31.730478286743164,1941.04,1,88.4,Critical
26.19137899245115,95.11067661725022,1875.0,31.55879211425781,1669.48,0,61.8,High
25.33759441936215,93.90527264939078,2048.0,15.373382568359377,1306.28,0,12.88,Low
25.858151506480592,90.95602620515866,256.0,27.23851203918457,3693.54,0,16.99,Low
26.5168,94.7639,1014.0,43.12361145019531,1819.61,1,86.14,Critical
26.9917,92.3236,1169.0,19.95585250854492,1421.55,1,74.31,High
27.1254,92.8489,514.0,45.02753829956055,1421.55,1,93.0,Critical
27.8283,94.1965,1238.0,34.142555236816406,2681.74,1,89.8,Critical
27.428,93.9503,1139.0,37.16883850097656,2592.49,1,88.45,Critical
25.41730204356671,93.79010014142476,1471.0,50.73394393920898,1271.17,0,30.48,Moderate
24.628938456975824,93.25835287606692,337.0,23.16597557067871,1625.06,0,28.7,Moderate
27.2748,92.7434,908.0,29.422468185424805,1194.49,1,77.1,Critical
28.4568,94.4426,2722.0,48.80063247680664,2030.02,1,85.07,Critical
27.7839,94.5166,575.0,23.29170608520508,2681.74,1,66.42,High
28.6519,94.4065,1973.0,10.382545471191406,2030.02,1,63.2,High
28.898833456797583,94.857989508276,1784.0,10.61347770690918,1289.76,0,16.94,Low
26.640276934168863,91.64556391316827,70.0,1.0356782674789429,1154.3,0,0.0,Low
27.3348,88.2203,1115.0,6.9520344734191895,1690.33,1,67.02,High
26.9483,93.109,315.0,15.438372611999512,1941.04,1,94.77,Critical
23.3495,92.889,985.0,9.234795570373535,1327.95,1,35.54,Moderate
26.9974,92.3278,1175.0,50.29429626464844,1421.55,1,96.89,Critical
24.03681244309984,92.28485928867832,339.0,22.00998878479004,2141.49,0,65.3,High
28.8163,95.5345,2899.0,26.97907257080078,1248.72,1,49.72,Moderate
25.76754921433782,94.51871751518983,1674.0,28.681575775146484,1566.44,0,44.32,Moderate
27.6643,94.2119,658.0,42.90782165527344,2567.19,1,98.11,Critical
27.18380581931656,93.02171159409508,1330.0,22.56000328063965,1941.04,0,38.43,Moderate
25.45824086941318,94.31151524011524,2334.0,33.71022033691406,1566.44,0,36.1,Moderate
26.0073,94.3502,579.0,34.11200714111328,1566.44,1,92.54,Critical
28.4302,95.8444,555.0,55.53179931640625,2348.99,1,97.55,Critical
24.706065535796057,93.29546893994622,139.0,17.262723922729492,1648.99,0,6.99,Low
27.3311,88.2654,893.0,28.53374290466309,1690.33,1,73.9,High
29.1169,94.3845,2541.0,35.24908828735352,1158.49,1,55.31,High
29.02874292091457,95.31152302990778,3407.0,18.42329216003418,1248.72,0,3.55,Low
27.92514834308574,93.41485612375452,1745.0,26.965723037719727,1472.72,0,48.04,Moderate
27.1666,92.9769,1395.0,42.66985321044922,1941.04,1,83.6,Critical
28.410326325543885,93.46680570383693,2958.0,18.1027946472168,1535.18,0,33.12,Moderate
28.77445618785193,96.1097582968186,2872.0,32.11797332763672,1891.54,0,30.22,Moderate
27.2597,92.2135,2722.0,48.7932243347168,1194.49,1,81.93,Critical
29.06964203424392,94.55593429874187,3740.0,37.99712371826172,1158.49,0,6.12,Low
24.905410447494315,94.44919577155297,2214.0,22.18027305603028,1566.44,0,16.43,Low
28.57305049752729,96.2429946025262,4223.0,28.25729179382324,1891.54,0,1.07,Low
26.6378,94.804,533.0,26.40201568603516,1819.61,1,85.12,Critical
27.1802,92.6925,521.0,23.21910285949707,1421.55,1,93.79,Critical
24.974412079883468,92.59356435805913,19.0,1.3817909955978394,3573.05,0,0.0,Low
25.0041,92.7816,519.0,31.54243469238281,3573.05,1,74.05,High
26.9725,93.1245,308.0,7.582123756408691,1941.04,1,96.07,Critical
28.3485,96.5508,2396.0,47.16408157348633,1044.44,1,83.86,Critical
26.06910170815022,94.3464666780742,528.0,12.01494312286377,1566.44,0,52.6,High
24.6245872472318,94.02962564086504,779.0,2.0362346172332764,1648.99,0,0.03,Low
27.87617958645735,96.50487354439711,1472.0,29.85636329650879,2484.94,0,70.98,High
26.843712486937136,93.04097611964568,77.0,3.10984754562378,1941.04,0,0.0,Low
25.38044916862155,94.01387079783991,1290.0,22.272682189941406,1306.28,0,18.19,Low
29.1347,95.0365,1000.0,36.11379623413086,1289.76,1,82.53,Critical
28.42364030275182,94.45249776897828,3671.0,37.51486587524414,2030.02,0,2.84,Low
25.005808357986453,94.47777077340078,1336.0,29.766883850097656,1566.44,0,42.91,Moderate
27.7561,96.3807,752.0,42.12034225463867,2484.94,1,94.38,Critical
28.349265128793903,95.03779068361688,241.0,11.076401710510254,2270.17,0,37.45,Moderate
26.9895,92.456,507.0,20.715238571166992,1421.55,1,86.73,Critical
26.9956,93.1746,320.0,22.25884056091309,1941.04,1,91.0,Critical
26.539894854352703,92.6851342725533,74.0,2.1289877891540527,1421.55,0,0.0,Low
22.44629137049509,93.14427977425956,809.0,25.992555618286133,1506.81,0,18.16,Low
27.2349,88.7006,1152.0,38.2173957824707,2542.03,1,90.93,Critical
26.5552,94.8262,553.0,21.437578201293945,1819.61,1,77.32,Critical
27.3051,88.1961,1712.0,17.53083610534668,1690.33,1,59.16,High
26.3267,94.9504,1426.0,35.96916198730469,1819.61,1,76.31,Critical
27.077,92.8504,878.0,45.13904571533203,1941.04,1,95.63,Critical
25.5956190800479,92.68000007423711,638.0,8.380928039550781,2535.22,0,6.4,Low
23.727,92.7802,714.0,32.26787185668945,2148.54,1,73.75,High
27.56771805802108,96.36448661443112,562.0,37.89029312133789,2174.9,0,90.43,Critical
27.45580820619432,93.53082310042127,1826.0,30.42686462402344,1971.8,0,51.17,High
27.1004,92.9428,702.0,42.298641204833984,1941.04,1,97.06,Critical
27.2499588931403,93.55567251602452,1102.0,28.779924392700195,2204.32,0,43.69,Moderate
26.9302,93.1011,261.0,19.734649658203125,1941.04,1,91.08,Critical
28.56397651819028,93.35192512238908,3986.0,34.29173278808594,912.05,0,17.43,Low
28.706718057280685,94.83866899178282,1641.0,47.05593490600586,2270.17,0,65.86,High
26.941,93.1475,271.0,16.21575355529785,1941.04,1,95.7,Critical
25.5094516047868,91.20978099213932,1358.0,8.254389762878418,3693.54,0,0.05,Low
25.9632,94.35,524.0,29.118310928344727,1566.44,1,88.51,Critical
26.38448298716945,91.73150396412206,56.0,1.3906258344650269,1708.67,0,0.0,Low
23.6925,92.6528,360.0,48.95419692993164,2148.54,1,96.49,Critical
27.7074,94.2458,1465.0,36.468353271484375,2567.19,1,89.39,Critical
26.9166,92.1624,310.0,25.225584030151367,1421.55,1,98.18,Critical
27.30267260481942,88.82778871061517,3817.0,29.512601852416992,1707.7,0,16.55,Low
24.63949042671039,92.99586784722172,84.0,15.685359954833984,2942.16,0,8.15,Low
27.9842,95.1456,531.0,8.482301712036133,2724.38,1,59.53,High
26.95405011131177,94.00164742286906,85.0,6.9392595291137695,2204.32,0,1.63,Low
26.9383,93.0823,380.0,20.558326721191406,1941.04,1,87.12,Critical
26.6088,94.6772,802.0,40.039024353027344,1819.61,1,91.21,Critical
27.9958,95.1521,611.0,23.75313949584961,2724.38,1,81.07,Critical
24.43323003357631,92.68659206685992,109.0,8.134041786193848,2942.16,0,0.6,Low
27.2764,88.1248,1779.0,30.60968399047852,1690.33,1,66.33,High
26.178404682539075,93.39272643315364,549.0,5.571860313415527,1427.25,0,4.84,Low
27.28153168772984,92.80398962633832,800.0,38.93786239624024,1194.49,0,34.08,Moderate
25.95105090571773,92.38769162284854,472.0,7.688738346099853,1218.05,0,3.35,Low
26.987,92.5091,562.0,30.595605850219727,1421.55,1,96.22,Critical
27.1974,88.1354,2111.0,29.543031692504883,2181.41,1,58.46,High
27.7405,94.4501,346.0,45.76059722900391,2567.19,1,98.56,Critical
28.38656588905525,94.77159995626066,1499.0,27.267070770263672,2270.17,0,38.41,Moderate
28.0812,95.2361,1249.0,17.31502914428711,2724.38,1,41.9,Moderate
27.7723,96.3747,733.0,16.878896713256836,2484.94,1,39.97,Moderate
27.8397,93.3301,2846.0,37.89652633666992,1472.72,1,75.99,Critical
27.0631,92.6546,440.0,29.39512252807617,1421.55,1,94.67,Critical
27.749836901254245,92.7248564099321,3402.0,29.760412216186523,1472.72,0,3.15,Low
28.3034,94.5045,1155.0,39.89474105834961,2030.02,1,83.35,Critical
26.3402323448836,93.8919902003809,109.0,5.474064350128174,1566.44,0,6.33,Low
27.7898,94.5273,485.0,28.36581420898437,2681.74,1,89.27,Critical
28.7315,95.812,2680.0,39.915775299072266,2348.99,1,72.73,High
26.56088061400053,92.43999538760907,63.0,0.0,1421.55,0,0.0,Low
26.9485,93.1423,296.0,12.586915969848633,1941.04,1,95.95,Critical
27.87639993243405,96.95682351269538,1553.0,46.02524948120117,1471.65,0,34.84,Moderate
28.36318684925737,93.24869023819524,4453.0,21.04059410095215,912.05,0,0.5,Low
27.283947569717345,94.8220166108003,101.0,2.132127523422241,2567.19,0,0.0,Low
24.87906957696954,93.68643208589788,1301.0,16.940916061401367,1648.99,0,12.94,Low
25.5282,91.5897,1635.0,27.221738815307617,3717.5,1,92.48,Critical
27.3561,88.5915,1574.0,34.84103775024414,1707.7,1,75.4,Critical
27.2767,93.4596,1702.0,12.596920013427734,2592.49,1,39.95,Moderate
26.19105715110572,91.20114700091982,39.0,3.4680886268615723,1708.67,0,0.0,Low
27.1985,92.9213,886.0,42.40645217895508,1941.04,1,94.45,Critical
25.65197206564406,91.34474064864948,1511.0,26.82204246520996,3693.54,0,29.0,Moderate
23.8262,92.6092,517.0,13.40083122253418,2141.49,1,65.98,High
28.4631,94.8286,806.0,24.95200157165528,2270.17,1,79.09,Critical
27.687594324234627,93.95651125609604,775.0,23.633243560791016,2592.49,0,76.57,Critical
27.1091,92.7883,331.0,35.55085372924805,1421.55,1,97.11,Critical
27.82163781803405,95.74564827996574,128.0,0.0,2817.65,0,0.0,Low
26.89957096468393,95.70406919327596,1952.0,21.749521255493164,1916.88,0,28.25,Moderate
26.9886,93.0626,353.0,5.562102317810059,1941.04,1,95.79,Critical
26.0461,94.3157,778.0,17.5556697845459,1566.44,1,79.38,Critical
27.0311,92.0847,2288.0,48.396034240722656,1154.3,1,84.55,Critical
23.8370288560403,91.6760629366936,81.0,9.52297306060791,2322.27,0,2.01,Low
23.5502,92.5677,804.0,36.463470458984375,2148.54,1,81.47,Critical
23.4303,91.6688,73.0,4.753264427185059,2396.11,1,61.72,High
27.1276,92.8763,646.0,18.8330192565918,1941.04,1,78.09,Critical
26.578966283213813,94.76801634407587,1109.0,14.39700412750244,1819.61,0,20.63,Low
28.1659,96.5309,1134.0,39.27177429199219,2484.94,1,89.36,Critical
26.103,94.7582,1279.0,25.543441772460938,1669.48,1,52.79,High
28.5006,94.3499,2283.0,64.03315734863281,2030.02,1,88.12,Critical
28.6221,95.5132,1946.0,50.60956954956055,2348.99,1,94.22,Critical
27.9757,93.1939,1822.0,52.58472442626953,1472.72,1,95.87,Critical
22.239259739942028,93.10647111920356,1200.0,35.70226287841797,1506.81,0,63.29,High
26.358489295201668,92.1473672505475,58.0,4.975511074066162,1218.05,0,0.0,Low
27.7628,94.4839,427.0,37.3362922668457,2681.74,1,91.38,Critical
28.77885592643144,96.58134769667925,4964.0,34.92319107055664,1011.98,0,9.93,Low
28.317340882323755,96.16968190347797,2415.0,20.31938934326172,1891.54,0,14.76,Low
22.62014240661465,93.12485004373772,501.0,22.103975296020508,1506.81,0,20.19,Low
28.744963710005973,96.50003291388666,3265.0,22.95746612548828,1011.98,0,6.46,Low
27.4093,88.3093,1967.0,50.489036560058594,1690.33,1,91.31,Critical
27.615,94.31,419.0,45.12451553344727,2567.19,1,97.54,Critical
27.2862,93.407,1724.0,27.315086364746094,1971.8,1,59.45,High
28.11037720352282,94.53492079566225,692.0,25.53916549682617,2681.74,0,73.47,High
27.7925,94.534,518.0,2.9789841175079346,2681.74,1,62.49,High
27.7788,94.4741,512.0,51.878536224365234,2681.74,1,99.59,Critical
28.9704564778474,94.51128130341544,1866.0,32.8096923828125,1158.49,0,15.6,Low
26.86530954140349,94.43694175087188,94.0,3.24617338180542,1747.44,0,0.5,Low
27.6397,94.1779,873.0,26.26589584350586,2567.19,1,83.04,Critical
22.179734094335483,93.02942656333688,818.0,19.40943717956543,1506.81,0,20.06,Low
27.3555,88.0824,3083.0,23.946718215942383,1690.33,1,81.51,Critical
27.53247707268012,91.86931436724868,2243.0,42.35437774658203,853.16,0,23.1,Low
28.3778,93.3869,3052.0,36.7219123840332,912.05,1,90.95,Critical
28.781816463302302,94.96076393530936,939.0,37.39137268066406,1289.76,0,44.35,Moderate
26.170936823038875,91.44331729219958,49.0,2.127481937408448,1708.67,0,0.0,Low
28.354575977671576,94.87995803850116,1405.0,50.49202346801758,2270.17,0,66.3,High
24.532226284684008,93.57677128390992,656.0,8.88188648223877,1381.49,0,8.05,Low
25.601575172130875,93.4056061965602,273.0,8.499552726745605,1271.17,0,2.26,Low
28.996281510476663,95.18831367874655,3468.0,38.65777206420898,1289.76,0,30.87,Moderate
25.0914,93.1649,1036.0,44.67256927490234,1648.99,1,81.14,Critical
26.9687,92.5862,244.0,5.083157539367676,1421.55,1,51.35,High
28.115213363624616,94.26820473478556,1655.0,22.36925506591797,2681.74,0,44.51,Moderate
28.34245586146554,94.22160012785508,1726.0,20.84238243103028,2030.02,0,28.51,Moderate
26.304382287297592,94.62266538753704,879.0,27.16963005065918,1747.44,0,57.56,High
25.9583,94.3881,689.0,23.9665756225586,1566.44,1,77.8,Critical
28.2969,95.7456,803.0,27.218021392822266,2348.99,1,80.22,Critical
28.65592019773806,95.98645899694392,1576.0,39.2507438659668,1891.54,0,58.05,High
26.0635,94.398,655.0,27.47025680541992,1566.44,1,88.91,Critical
26.44752299442985,90.84852990357454,43.0,2.78043794631958,1708.67,0,0.0,Low
24.72894129307527,93.7876403701149,808.0,4.645094394683838,1648.99,0,1.19,Low
26.6506,94.9599,423.0,23.510377883911133,1819.61,1,82.21,Critical
26.300033359742613,91.5439441208885,48.0,3.095232486724853,1708.67,0,0.0,Low
27.0439,95.7954,1805.0,26.966665267944336,1916.88,1,62.38,High
28.4872,96.0217,3606.0,26.4592227935791,1891.54,1,60.27,High
28.25568037862714,96.25543970287778,3537.0,47.4492416381836,1891.54,0,3.04,Low
27.2929,88.2862,734.0,75.74874877929688,1690.33,1,93.58,Critical
23.58281024347385,91.47369380088344,56.0,5.062358856201172,2396.11,0,1.14,Low
24.91772978283109,94.5914974042996,840.0,31.70543098449707,1566.44,0,56.76,High
26.4962,94.8407,859.0,25.73671531677246,1819.61,1,78.4,Critical
27.19770705474109,93.39360513152462,1324.0,6.288957118988037,1941.04,0,18.01,Low
27.790493395371303,96.26651207954392,264.0,3.485067367553711,2484.94,0,2.27,Low
25.677219926334928,91.81587669825528,892.0,5.528282642364502,3717.5,0,0.04,Low
26.9429,93.1085,264.0,8.301718711853027,1941.04,1,96.4,Critical
25.9719,94.5547,1555.0,35.96352005004883,1566.44,1,69.58,High
27.954727376217825,94.3234483950608,311.0,15.037945747375488,2681.74,0,50.99,High
26.89327660239208,94.77832303118684,102.0,0.9307006001472472,1941.69,0,0.0,Low
29.215896787665507,95.61939309733152,3644.0,39.163333892822266,1248.72,0,5.91,Low
26.049,94.1858,679.0,50.36529541015625,1566.44,1,97.33,Critical
28.17423432005037,93.21835127935071,1927.0,46.92537689208984,1472.72,0,57.4,High
26.830500749806184,92.47350806227986,114.0,1.3935726881027222,1421.55,0,0.0,Low
23.07219492732578,92.5729668644011,85.0,2.791569232940674,2496.59,0,1.0,Low
22.761682854361624,92.7900405770452,494.0,23.902156829833984,2496.59,0,50.75,High
28.0635,95.2011,1423.0,36.99796676635742,2724.38,1,87.14,Critical
29.07521539840836,95.6293907067146,3537.0,32.5679817199707,1248.72,0,9.12,Low
28.0988,95.9976,576.0,57.52288818359375,2484.94,1,93.51,Critical
27.96034188520739,94.23319405613384,577.0,21.2863883972168,2681.74,0,69.18,High
25.77937032707963,92.75100109339502,183.0,2.7905728816986084,1218.05,0,0.5,Low
27.9028,93.3908,862.0,33.02946472167969,1472.72,1,77.2,Critical
27.633700560018312,94.64407683671352,139.0,7.602430820465088,2567.19,0,0.0,Low
23.62795931329346,91.55814124386472,97.0,7.600461483001709,2396.11,0,1.2,Low
27.1003,93.3612,672.0,34.944297790527344,1941.04,1,93.0,Critical
24.495449100846283,93.26428455894312,243.0,11.75568962097168,1625.06,0,22.63,Low
25.363149335870723,91.4682473951352,1596.0,4.947407245635986,3693.54,0,2.04,Low
28.7707,95.3186,2788.0,28.68917465209961,1289.76,1,79.57,Critical
28.6528,95.3191,1887.0,61.68826675415039,2270.17,1,88.18,Critical
26.88761351962717,94.40919092604756,88.0,1.0379220247268677,1747.44,0,0.0,Low
27.2689,92.7105,833.0,35.26005172729492,1194.49,1,71.24,High
26.0932,94.5235,1122.0,8.38088321685791,1566.44,1,62.31,High
25.825162207374767,90.7695774403214,295.0,27.44003295898437,3693.54,0,14.99,Low
28.5507,93.4576,3191.0,60.35401916503906,1535.18,1,94.74,Critical
25.9672,94.7654,1838.0,28.72084045410156,1669.48,1,60.28,High
28.5092,93.4812,3194.0,64.96908569335938,1535.18,1,95.75,Critical
24.43737317247743,93.28208773571504,321.0,19.603376388549805,1625.06,0,30.3,Moderate
24.0368,93.0079,514.0,41.0697021484375,1381.49,1,34.06,Moderate
26.718295440934654,90.19119439606928,189.0,1.0363836288452148,2542.03,0,0.0,Low
28.8523,94.6142,1723.0,43.19233322143555,1158.49,1,84.43,Critical
26.56294114075085,94.11909453342376,94.0,6.363891124725342,1747.44,0,0.5,Low
27.0352,93.1454,1143.0,50.60508728027344,1941.04,1,97.41,Critical
28.5635,94.5846,1604.0,39.23861312866211,2030.02,1,73.29,High
27.23311351845087,88.18832727880297,2017.0,15.721136093139648,2181.41,0,55.95,High
26.0541,94.454,759.0,14.924318313598633,1566.44,1,80.58,Critical
27.7737,94.1563,352.0,44.579383850097656,2681.74,1,95.37,Critical
27.7919,94.5229,499.0,33.511940002441406,2681.74,1,93.02,Critical
26.9686,93.0991,428.0,13.40888214111328,1941.04,1,92.74,Critical
27.6306,96.4184,1351.0,34.990116119384766,2174.9,1,78.58,Critical
22.98602653916902,93.00550723648634,1032.0,27.80984878540039,1506.81,0,31.36,Moderate
23.4548,92.6892,613.0,35.22257614135742,2148.54,1,82.47,Critical
25.061620063277648,94.06535012167728,942.0,26.361785888671875,1271.17,0,9.45,Low
25.334347671417213,90.53703643756585,179.0,1.8613125085830688,3693.54,0,0.0,Low
27.5226,96.2297,414.0,17.5948486328125,2174.9,1,61.2,High
27.1229,88.1312,1065.0,22.915098190307617,2181.41,1,72.41,High
27.7695,94.6841,1001.0,26.20867156982422,2724.38,1,85.09,Critical
23.6029,92.6787,404.0,51.492164611816406,2148.54,1,95.93,Critical
26.0145,94.9386,1584.0,34.55350112915039,1669.48,1,70.05,High
25.3256,91.7808,957.0,41.31774139404297,3717.5,1,86.48,Critical
25.10169696057199,93.74546890544656,1984.0,7.13944149017334,1271.17,0,15.24,Low
25.584499193627146,91.89697470119268,1437.0,6.204752445220947,3717.5,0,6.34,Low
26.0409,94.5283,1766.0,29.372753143310547,1566.44,1,55.68,High
26.49875254806932,93.57570950104406,598.0,16.19334602355957,1649.52,0,26.13,Moderate
26.9872,92.4785,554.0,22.1904354095459,1421.55,1,93.27,Critical
24.419558257190253,93.07484780888696,344.0,32.57325744628906,1625.06,0,38.27,Moderate
27.515,94.1462,629.0,39.24038696289063,2567.19,1,90.16,Critical
27.512714085470545,92.35285099819876,3084.0,34.40994644165039,1194.49,0,38.23,Moderate
28.1785,95.3397,933.0,47.1768913269043,2724.38,1,85.9,Critical
26.967,93.3649,560.0,8.303443908691406,1941.04,1,84.36,Critical
28.6249,95.724,1145.0,48.51750564575195,2348.99,1,94.41,Critical
24.50115386724086,93.01189267584355,399.0,14.069612503051758,1625.06,0,25.92,Moderate
23.410512099234506,92.90609145168584,1011.0,7.485171318054199,1327.95,0,8.94,Low
23.6295,92.4653,692.0,24.486297607421875,2148.54,1,73.8,High
25.66155810606348,94.264672239085,1374.0,29.49152374267578,1566.44,0,50.11,High
28.1783,95.9172,1353.0,66.92733764648438,2817.65,1,99.01,Critical
28.249064158173294,93.22959042521956,2556.0,28.02057266235352,1472.72,0,51.45,High
27.2599,93.4821,1091.0,8.953847885131836,2592.49,1,62.28,High
27.1074,92.9063,693.0,26.122621536254883,1941.04,1,86.36,Critical
27.2293,92.6509,1414.0,32.493675231933594,1421.55,1,73.62,High
27.407,88.2844,1851.0,46.60518264770508,1690.33,1,73.38,High
27.1284,92.8109,746.0,38.58463287353516,1421.55,1,91.19,Critical
26.0019683716408,92.9478892474874,72.0,3.718365430831909,1218.05,0,0.0,Low
28.166642160924063,94.12064159777157,1378.0,41.38312149047852,2681.74,0,65.35,High
24.37891693132138,94.176351023317,747.0,10.489261627197266,1381.49,0,5.46,Low
26.716656408540384,90.25957817185768,157.0,3.473491907119751,2542.03,0,0.05,Low
28.0031,93.2084,1755.0,20.01957130432129,1472.72,1,62.59,High
27.3724,93.9513,545.0,43.73507690429688,2592.49,1,94.72,Critical
25.16925741768362,93.7332803962385,854.0,20.4327392578125,1271.17,0,6.76,Low
27.1977,92.09,2195.0,42.11210250854492,1154.3,1,69.95,High
28.4146,95.4286,2311.0,36.62083053588867,2348.99,1,80.08,Critical
27.3467,93.917,670.0,45.54865646362305,2592.49,1,98.57,Critical
28.1607,93.5418,1146.0,44.94001388549805,2320.86,1,79.54,Critical
25.66118553603171,93.34663465375544,327.0,13.803677558898926,1271.17,0,2.4,Low
26.2966028796866,91.77101168508682,90.0,18.11194229125977,1708.67,0,15.83,Low
26.659128747762608,91.24765029131991,58.0,4.170735359191895,1708.67,0,0.0,Low
27.5925,94.3542,759.0,31.18168830871582,2567.19,1,88.16,Critical
25.24760899926253,90.57025685950757,89.0,25.197933197021484,4780.93,0,16.65,Low
28.4402,93.5969,3094.0,21.636606216430664,1535.18,1,60.55,High
28.316,93.5151,2239.0,57.94833755493164,1535.18,1,97.48,Critical
23.5809,92.4123,501.0,35.975494384765625,2148.54,1,82.29,Critical
26.732012580667888,94.79878189128858,455.0,35.83279037475586,1819.61,0,86.85,Critical
23.327450205695,92.44365184341318,704.0,22.217348098754883,2148.54,0,60.79,High
27.353896017909992,92.4510692911988,1917.0,28.60177230834961,1194.49,0,15.72,Low
27.9702,94.9808,456.0,6.569324016571045,2724.38,1,74.12,High
25.1635,91.451,56.0,14.908567428588867,4780.93,1,50.83,High
23.1645,93.2613,1533.0,30.061643600463867,1506.81,1,68.15,High
24.625242991509364,94.18677298205596,1606.0,13.200152397155762,1381.49,0,6.37,Low
25.99589295036544,90.00809145388767,37.0,4.756161689758301,3693.54,0,0.0,Low
23.3648,92.4062,137.0,8.81739616394043,2148.54,1,33.26,Moderate
27.1495,92.9177,639.0,25.28692054748535,1941.04,1,86.99,Critical
24.33022423478208,93.76800418657191,1158.0,13.944501876831056,1381.49,0,14.17,Low
27.1397,88.4766,610.0,22.498470306396484,2542.03,1,77.03,Critical
27.6879,94.4402,730.0,50.66142654418945,2567.19,1,99.35,Critical
28.325218810174004,97.08035876140016,3296.0,49.81489181518555,1044.44,0,33.95,Moderate
28.45146883712772,95.90894379504388,2424.0,69.02751922607422,2348.99,0,34.32,Moderate
26.9937,92.2863,1178.0,37.95393753051758,1421.55,1,94.55,Critical
26.121077280492248,94.09299750087013,283.0,8.643086433410645,1566.44,0,26.38,Moderate
27.9511,93.2984,1938.0,36.89704132080078,1472.72,1,89.41,Critical
28.087,96.141,785.0,24.802608489990234,2484.94,1,83.86,Critical
27.93625825452052,95.99293213351788,183.0,3.486696243286133,2484.94,0,0.06,Low
26.9327,92.253,446.0,30.085649490356445,1421.55,1,97.67,Critical
28.0389,95.1588,1399.0,35.51236343383789,2724.38,1,85.25,Critical
28.0889,93.286,1434.0,27.9918212890625,1472.72,1,77.16,Critical
26.9331,92.1562,502.0,24.1854190826416,1421.55,1,97.76,Critical
25.718848676377444,94.94857715727936,1605.0,28.491737365722656,1669.48,0,50.28,High
27.7846,94.6349,648.0,42.20227813720703,2681.74,1,95.48,Critical
27.77,94.8396,404.0,28.004053115844727,2724.38,1,89.59,Critical
28.3324,93.4666,3189.0,37.41455459594727,1535.18,1,80.69,Critical
27.749552861297644,93.56106705511615,1490.0,23.680679321289062,2592.49,0,58.88,High
22.91356392387031,92.6794411086223,327.0,18.384286880493164,2496.59,0,50.93,High
28.400796740486843,94.06392598564476,861.0,56.70719146728516,2030.02,0,49.13,Moderate
26.16491134278283,91.9399437411126,204.0,13.631596565246582,1708.67,0,30.66,Moderate
24.3211555690243,93.81715576593706,947.0,36.839237213134766,1381.49,0,12.34,Low
23.9757999475643,92.018600331602,87.0,9.228577613830566,2322.27,0,3.51,Low
26.0302,94.443,650.0,28.921894073486328,1566.44,1,87.1,Critical
28.172241255353104,94.71968912305816,542.0,14.602187156677246,2724.38,0,36.35,Moderate
26.2982,94.8474,792.0,34.06461334228516,1819.61,1,90.75,Critical
27.43423035687175,92.08502924620414,3061.0,32.75120544433594,853.16,0,35.61,Moderate
27.8208,94.0513,1865.0,39.19620895385742,2681.74,1,80.47,Critical
26.9735,93.1259,325.0,11.816089630126951,1941.04,1,96.66,Critical
27.7086,94.5604,605.0,38.457645416259766,2567.19,1,93.31,Critical
25.9402,94.2986,510.0,14.603242874145508,1566.44,1,76.79,Critical
26.127,94.888,1242.0,42.562255859375,1669.48,1,78.3,Critical
26.83613818438721,92.74696935357186,90.0,3.622064113616944,1421.55,0,4.5,Low
26.0892,94.4978,1293.0,26.204010009765625,1566.44,1,45.18,Moderate
23.951948020628485,93.87842262047728,1846.0,22.84383583068848,1381.49,0,10.04,Low
23.209716677660257,91.6484692804394,47.0,14.504711151123049,2396.11,0,8.8,Low
26.22135580739876,92.33019655837973,60.0,4.2495198249816895,1218.05,0,0.0,Low
26.0947,94.3794,374.0,20.699535369873047,1566.44,1,81.29,Critical
27.0044,93.5486,574.0,44.94992065429688,2204.32,1,91.63,Critical
25.62305872185116,92.04908089482078,1086.0,4.204044818878174,3717.5,0,1.04,Low
26.663768309965405,91.52833149337216,76.0,0.0,1154.3,0,0.0,Low
24.12341276446332,92.01773989459303,57.0,7.06572961807251,2322.27,0,1.1,Low
25.9508,94.0138,433.0,30.67544174194336,1306.28,1,95.61,Critical
26.715238824023327,93.34412835517244,65.0,4.535159587860107,1941.04,0,0.5,Low
24.2011,92.9475,475.0,25.68015480041504,1381.49,1,61.81,High
27.9063501592946,96.06544269974398,184.0,2.09425950050354,2484.94,0,0.0,Low
28.3011,94.2974,2045.0,47.98237609863281,2030.02,1,91.93,Critical
26.80931479129877,93.79626393935972,71.0,0.0,2204.32,0,1.0,Low
26.30499156150876,92.22514111389364,56.0,0.9307775497436525,1218.05,0,0.0,Low
25.2246,91.6161,335.0,35.6390266418457,4943.24,1,86.09,Critical
26.0411,94.4184,501.0,25.86136245727539,1566.44,1,84.94,Critical
25.62521230530039,90.92236901330116,727.0,14.704493522644045,3693.54,0,1.01,Low
25.933304587947703,92.76171623511316,71.0,2.126530885696411,1218.05,0,0.0,Low
26.9359,92.1684,529.0,32.88019561767578,1421.55,1,99.21,Critical
28.9241,95.6748,2657.0,11.724652290344238,1248.72,1,71.11,High
26.9688,92.5784,197.0,11.24860382080078,1421.55,1,88.79,Critical
27.565681070186223,88.7189641301813,3916.0,12.979811668395996,1707.7,0,0.91,Low
26.292520404955845,93.70000555237186,350.0,12.255565643310549,1649.52,0,23.18,Low
27.8405,94.9969,378.0,41.21795272827149,2724.38,1,92.9,Critical
25.598819337437533,90.80645585449211,401.0,3.214195728302002,3693.54,0,1.05,Low
27.79654016157044,92.20112251941195,4378.0,28.15622901916504,1194.49,0,5.77,Low
27.030713823724746,93.90889814213244,85.0,1.394919991493225,2204.32,0,10.5,Low
27.20419857533189,93.07948901174436,1455.0,15.937145233154297,1941.04,0,28.95,Moderate
26.9471,93.1444,292.0,14.603880882263184,1941.04,1,95.81,Critical
27.7697,93.1565,2011.0,14.95726203918457,1472.72,1,64.29,High
27.5018,94.1857,294.0,33.26909637451172,2567.19,1,93.66,Critical
27.1236,92.8647,523.0,38.310733795166016,1941.04,1,93.25,Critical
28.0599,96.1667,757.0,35.77311706542969,2484.94,1,86.0,Critical
26.414476922895183,93.88770249628176,117.0,8.380859375,1649.52,0,6.87,Low
23.3522,92.9783,1393.0,44.21654510498047,1327.95,1,79.23,Critical
27.409,88.2981,2020.0,32.70698547363281,1690.33,1,67.74,High
26.9979,92.6309,244.0,11.784783363342283,1421.55,1,91.65,Critical
26.0149,94.3565,485.0,26.86318016052246,1566.44,1,88.58,Critical
27.0505,93.1331,1162.0,48.184326171875,1941.04,1,92.87,Critical
24.9868221202813,92.95299650937709,277.0,21.2529525756836,1648.99,0,34.59,Moderate
25.679017857295392,91.36018301480192,1427.0,23.55386543273925,3693.54,0,23.08,Low
27.7082,94.2486,1424.0,44.30844879150391,2567.19,1,91.79,Critical
25.9453,94.5329,981.0,31.199234008789062,1566.44,1,68.89,High
23.1802,93.2733,1440.0,12.245933532714844,1506.81,1,51.96,High
27.83103568436788,93.87170629084264,1232.0,46.51207733154297,2320.86,0,57.94,High
25.625305176029627,89.93284791624681,25.0,1.3857802152633667,3693.54,0,0.0,Low
28.3705,93.3822,3242.0,60.616477966308594,912.05,1,97.01,Critical
27.4595,92.1162,2992.0,33.50113677978516,853.16,1,86.11,Critical
27.3951,88.3456,2108.0,28.1387996673584,1690.33,1,62.76,High
27.520707641130468,88.16712043436216,4157.0,23.115407943725582,1690.33,0,9.13,Low
27.6347,93.2787,2841.0,28.45963287353516,1971.8,1,55.24,High
28.5345,95.7961,1493.0,43.93675231933594,2348.99,1,86.41,Critical
28.05847105862756,95.21214372330444,1040.0,38.68317794799805,2724.38,0,65.01,High
25.729618359138303,93.80701871652325,333.0,17.410409927368164,1306.28,0,6.84,Low
26.31555842467758,90.33807627484818,191.0,8.988781929016113,3717.5,0,1.0,Low
28.431291585289816,94.54042642595256,1750.0,16.557308197021484,2030.02,0,27.4,Moderate
26.9661,93.0601,369.0,10.295305252075195,1941.04,1,97.51,Critical
26.9384,93.0774,429.0,11.647047996520996,1941.04,1,95.5,Critical
28.0375,94.627,888.0,17.843158721923828,2681.74,1,65.86,High
28.1501,95.2907,521.0,54.53303146362305,2724.38,1,99.46,Critical
25.9512,94.3275,610.0,34.70048904418945,1566.44,1,91.1,Critical
27.1818,92.0857,1991.0,43.63484954833984,1154.3,1,92.23,Critical
26.6805,95.2853,1122.0,37.2433967590332,1819.61,1,81.12,Critical
26.9771,93.122,342.0,5.937261581420898,1941.04,1,83.21,Critical
27.1802,88.3568,874.0,26.6848258972168,2181.41,1,76.26,Critical
27.2858,93.424,1826.0,26.23066520690918,1971.8,1,51.51,High
24.053900249714548,92.36170157520031,141.0,20.06659698486328,2141.49,0,22.79,Low
27.2935,93.4544,1793.0,21.817352294921875,2592.49,1,55.85,High
27.8941,96.535,1016.0,42.88372421264648,2484.94,1,93.68,Critical
28.530693785044303,95.62135154880882,1687.0,52.6300163269043,2348.99,0,81.22,Critical
28.4038,95.9693,1121.0,29.245037078857425,1891.54,1,46.55,Moderate
23.52441530133349,91.89329290423348,94.0,1.3734283447265625,2396.11,0,1.0,Low
26.313263102410925,93.18859441712073,396.0,22.76688766479492,1427.25,0,30.75,Moderate
27.994376921023065,96.16688036269576,337.0,1.8606164455413816,2484.94,0,0.32,Low
22.20393832284256,92.96655094879254,999.0,5.570546627044678,1506.81,0,6.18,Low
27.33459080900116,92.2803497787849,1766.0,32.53096008300781,1194.49,0,11.19,Low
28.305548160800488,95.25720241850384,1925.0,20.410608291625977,2270.17,0,21.12,Low
26.80319475410362,92.25203450792272,121.0,5.6617751121521,1421.55,0,7.41,Low
26.3948,94.3765,580.0,24.28877258300781,1747.44,1,72.04,High
28.0691,93.2702,1798.0,70.7353286743164,1472.72,1,95.89,Critical
28.5082,95.4908,2466.0,34.92973709106445,2348.99,1,68.86,High
28.0847,96.4777,1089.0,25.99465751647949,2484.94,1,75.74,Critical
26.9511,93.0982,319.0,10.32736873626709,1941.04,1,97.96,Critical
25.01296975614192,92.86966872007142,96.0,22.65473747253418,1648.99,0,5.38,Low
25.646769614298183,92.44045765429354,806.0,1.8612332344055176,2535.22,0,0.67,Low
27.8005,94.8401,684.0,48.19102096557617,2724.38,1,98.7,Critical
26.3055,94.726,1215.0,26.00923538208008,1819.61,1,54.04,High
27.3148,93.9435,248.0,31.86313438415528,2592.49,1,92.98,Critical
23.677,93.1416,1294.0,9.23116970062256,1327.95,1,70.22,High
26.523167987774105,93.498775091226,412.0,31.24227333068848,1649.52,0,56.22,High
23.208239459958943,92.62679192137988,431.0,11.849061965942385,2496.59,0,34.45,Moderate
25.442764089464948,91.3864664282387,1511.0,15.047279357910156,3693.54,0,3.77,Low
28.1636,93.4343,1567.0,41.26888275146485,1472.72,1,80.61,Critical
25.0943313897105,92.78695146525656,246.0,28.712303161621094,3573.05,0,37.01,Moderate
25.86432515892562,92.93929491639868,81.0,0.0,1218.05,0,0.0,Low
26.9689,93.0987,442.0,14.922593116760254,1941.04,1,92.55,Critical
28.425,95.8792,428.0,7.690066337585449,2348.99,1,76.64,Critical
26.976,92.2642,752.0,31.686817169189453,1421.55,1,97.8,Critical
25.9589,94.3586,538.0,18.736438751220703,1566.44,1,74.93,High
28.14936219472312,96.73648908567232,3278.0,47.98260498046875,1471.65,0,15.6,Low
22.400251027329222,92.6829152027066,370.0,6.59791898727417,2496.59,0,10.93,Low
23.7008,92.6984,862.0,35.888153076171875,2148.54,1,67.16,High
25.9428,94.2188,1046.0,15.318902015686035,1566.44,1,20.55,Low
25.87893427786039,91.2641334934426,356.0,18.021867752075195,3717.5,0,5.81,Low
28.4997,95.274,1634.0,46.92960739135742,2270.17,1,83.06,Critical
26.4566,94.9054,405.0,31.12954902648925,1819.61,1,88.02,Critical
28.3601,95.4928,687.0,37.79117965698242,2348.99,1,89.9,Critical
27.3989,93.9606,1170.0,34.45951843261719,2592.49,1,87.68,Critical
27.5333,94.0374,1467.0,42.93061065673828,2592.49,1,88.0,Critical
27.1276,92.1398,1945.0,45.26522064208984,1154.3,1,93.09,Critical
27.43575704800748,94.91990646526592,108.0,2.283216953277588,2357.98,0,0.0,Low
27.635239134881456,93.37223835543888,3073.0,36.225341796875,1971.8,0,24.21,Low
25.988,94.6847,2204.0,31.51492691040039,1669.48,1,46.81,Moderate
26.0568,94.0373,403.0,29.71934127807617,1306.28,1,92.8,Critical
27.33388515805609,88.16658238774502,2364.0,20.092676162719727,1690.33,0,27.15,Moderate
25.91171972776141,91.64788729357224,298.0,13.06203556060791,1708.67,0,43.01,Moderate
28.03214896106206,92.92460014369354,3345.0,13.50521469116211,1472.72,0,20.87,Low
27.733,94.4977,432.0,38.86688995361328,2567.19,1,92.76,Critical
27.39607924378602,93.15707401781066,1588.0,33.19872283935547,1971.8,0,50.73,High
27.3624,88.099,2348.0,47.52205276489258,1690.33,1,82.78,Critical
27.1572,88.1924,1026.0,24.31861114501953,2181.41,1,80.0,Critical
27.42175202286296,95.92912566237044,160.0,2.7935261726379395,2291.38,0,0.5,Low
24.278552748313,92.22706084030033,135.0,6.489907264709473,3648.26,0,3.5,Low
26.9567,93.099,368.0,6.275915622711182,1941.04,1,91.31,Critical
27.85709725039508,94.53204010951012,1428.0,16.88422203063965,2681.74,0,38.19,Moderate
26.167270334443263,94.76993665017082,1720.0,25.32657051086425,1669.48,0,42.48,Moderate
27.2331,88.7024,920.0,28.68055725097656,2542.03,1,83.8,Critical
28.150472158637346,94.49539140973005,1832.0,26.006250381469727,2681.74,0,41.49,Moderate
27.399979804504227,96.92380559022584,3223.0,33.48805618286133,1689.08,0,23.6,Low
27.548966689777327,93.03767511787514,2051.0,22.972383499145508,1971.8,0,23.07,Low
27.6469,94.6077,603.0,45.893531799316406,2567.19,1,99.09,Critical
27.99839699001691,95.101898193196,633.0,11.32132339477539,2724.38,0,22.78,Low
27.996297949000454,96.74812990724486,1322.0,31.09321403503418,1471.65,0,44.99,Moderate
26.2945,94.8713,1233.0,31.265043258666992,1819.61,1,55.56,High
27.536976491795382,93.11000072657129,909.0,31.918561935424805,1971.8,0,50.88,High
27.50267831308778,88.39346862428566,2735.0,35.73497009277344,1690.33,0,30.84,Moderate
26.72259811705625,90.06228315899777,203.0,3.106555461883545,2542.03,0,1.5,Low
29.02001399416193,95.68026203475692,2432.0,39.55945587158203,1248.72,0,26.9,Moderate
26.9426,93.049,400.0,22.294065475463867,1941.04,1,89.02,Critical
26.2226,94.693,1665.0,33.52321243286133,1669.48,1,63.02,High
28.4046,95.769,1416.0,43.19839096069336,2348.99,1,88.26,Critical
27.6746,94.225,1109.0,43.422157287597656,2567.19,1,96.35,Critical
27.6284,94.4834,378.0,22.28465461730957,2567.19,1,81.22,Critical
25.202357561988567,91.4886763973947,77.0,25.482759475708008,4780.93,0,24.25,Low
28.5251,93.7165,3124.0,44.241661071777344,1535.18,1,84.7,Critical
28.5782,95.8165,920.0,49.685150146484375,2348.99,1,93.61,Critical
27.46286697590916,93.20108070277392,1451.0,25.22386360168457,1971.8,0,40.77,Moderate
27.0336,93.1461,1036.0,48.92750930786133,1941.04,1,98.16,Critical
27.011899261676984,93.0354248783986,186.0,3.2500178813934326,1941.04,0,2.05,Low
26.0745,94.4755,926.0,15.127815246582031,1566.44,1,66.14,High
28.2528,95.0882,1152.0,22.94415283203125,2270.17,1,50.23,High
23.5267,92.4046,416.0,33.319339752197266,2148.54,1,84.75,Critical
26.580920755429897,93.67582523414404,230.0,9.88978385925293,1649.52,0,11.98,Low
27.4247,94.0988,271.0,19.26072883605957,2567.19,1,73.75,High
26.05247554513972,93.81505346308892,137.0,3.2254021167755127,1306.28,0,0.0,Low
27.715448973968567,91.75142231956224,3494.0,62.54631423950195,853.16,0,25.62,Moderate
29.124140062057688,94.87414769520132,2235.0,22.90296745300293,1289.76,0,27.73,Moderate
27.7219,94.7171,355.0,22.524635314941406,2357.98,1,72.2,High
27.52011749180613,93.22823355141256,2475.0,35.459869384765625,1971.8,0,38.78,Moderate
27.80908176632707,95.0600626103146,217.0,14.167724609375,2724.38,0,21.12,Low
23.120387799199488,91.7725652678362,101.0,6.854790210723877,2396.11,0,2.75,Low
27.562374788240906,96.06709648185948,186.0,3.12982177734375,2174.9,0,0.5,Low
26.0584,94.4414,592.0,10.393560409545898,1566.44,1,78.67,Critical
26.9353,95.5826,1339.0,27.58147621154785,1916.88,1,55.06,High
22.356964355572817,92.910656494861,1066.0,29.25572204589844,1506.81,0,25.86,Moderate
27.17010188383756,95.45500139753652,180.0,2.9771690368652344,1916.88,0,2.0,Low
28.5332,94.4186,1592.0,44.58235168457031,2030.02,1,78.33,Critical
24.758081408071607,93.7268277350615,1584.0,36.9663314819336,1648.99,0,59.37,High
25.46614978987225,93.39171416457349,413.0,18.62723922729492,1271.17,0,3.32,Low
24.196221769529703,92.5479477317622,128.0,19.978158950805664,2141.49,0,11.65,Low
26.0266,94.3564,487.0,34.19462966918945,1566.44,1,92.54,Critical
27.2899,93.835,869.0,28.75834083557129,2592.49,1,81.87,Critical
27.0573,92.6652,285.0,20.002426147460938,1421.55,1,94.62,Critical
26.94649393145192,95.3932570278548,458.0,22.0008487701416,1941.69,0,53.53,High
27.7854,94.5148,503.0,26.54046630859375,2681.74,1,82.27,Critical
23.449263860918915,93.12529730584411,884.0,16.938840866088867,1327.95,0,13.81,Low
23.89945262763713,92.59719415741692,354.0,31.11734199523925,2141.49,0,61.54,High
27.6642,94.2103,693.0,38.214447021484375,2567.19,1,92.37,Critical
28.1135,96.4356,1337.0,35.70325469970703,2484.94,1,90.8,Critical
26.3514,94.8969,560.0,9.400664329528809,1819.61,1,68.34,High
28.0921,95.9824,661.0,40.04766082763672,2484.94,1,95.59,Critical
27.29149299081641,93.57845597190962,1878.0,26.537107467651367,2592.49,0,33.57,Moderate
28.1857,93.3474,2697.0,45.93759536743164,1472.72,1,64.46,High
27.7398,94.4058,299.0,21.04424095153809,2567.19,1,78.24,Critical
27.7478,93.0919,2025.0,34.439090728759766,1971.8,1,67.57,High
26.5179,94.7649,1031.0,40.42811584472656,1819.61,1,77.49,Critical
24.92622165426672,93.87516163648336,812.0,4.138095378875732,1271.17,0,0.0,Low
26.0383,94.0537,414.0,34.137603759765625,1566.44,1,92.56,Critical
27.8313,94.7903,392.0,42.888790130615234,2724.38,1,94.43,Critical
25.21357169408501,93.13040380081505,639.0,7.406460285186768,1648.99,0,13.9,Low
27.0282,93.102,557.0,21.22754096984864,1941.04,1,81.78,Critical
25.521517934868065,92.1455730873355,1328.0,1.3851333856582642,2535.22,0,0.39,Low
27.109,92.7908,393.0,35.699241638183594,1421.55,1,98.66,Critical
25.80054448138126,92.25984708634736,979.0,13.3379545211792,1218.05,0,4.61,Low
26.3017,94.8445,955.0,23.52542304992676,1819.61,1,72.78,High
27.1322,95.7199,418.0,13.846051216125488,1916.88,1,67.18,High
26.9922,92.616,308.0,24.31822967529297,1421.55,1,95.18,Critical
28.1509,93.4058,1323.0,40.78602981567383,1472.72,1,88.02,Critical
25.9926,94.0468,408.0,25.336164474487305,1306.28,1,59.8,High
27.1955,93.7715,481.0,28.3231258392334,2204.32,1,77.2,Critical
27.6871,94.552,891.0,42.478981018066406,2567.19,1,95.51,Critical
27.6141,94.2092,253.0,40.01177978515625,2567.19,1,94.42,Critical
23.8177,93.1754,513.0,38.65448760986328,1381.49,1,26.07,Moderate
28.407687499115525,93.97104427246492,2356.0,20.426332473754883,1535.18,0,37.11,Moderate
27.479,94.0632,804.0,15.376057624816896,2567.19,1,54.43,High
23.16643228313865,92.8827180618022,646.0,20.68296241760254,2496.59,0,49.29,Moderate
27.117,92.9918,774.0,29.17285346984864,1941.04,1,88.16,Critical
28.2756,95.5106,784.0,54.864444732666016,2348.99,1,97.17,Critical
27.0656,92.7842,254.0,28.375518798828125,1421.55,1,98.91,Critical
26.0566,94.3725,428.0,35.61867141723633,1566.44,1,87.71,Critical
23.5403,92.6217,460.0,14.86173152923584,2148.54,1,63.22,High
28.1591,93.9894,817.0,45.9515380859375,2320.86,1,91.37,Critical
28.4388,95.8799,843.0,28.889562606811523,2348.99,1,87.14,Critical
26.0739,94.4835,1358.0,24.06028938293457,1566.44,1,49.11,Moderate
27.2879,95.9414,504.0,22.044750213623047,2291.38,1,68.78,High
23.4724,93.1174,888.0,15.915131568908691,1327.95,1,55.33,High
25.3473,91.603,1683.0,24.702816009521484,3717.5,1,94.02,Critical
24.42130620903133,92.37571086937064,74.0,4.754314422607422,2942.16,0,11.04,Low
28.28764543148671,93.90531166730756,2155.0,34.18902969360352,2320.86,0,36.84,Moderate
26.64676634103153,91.3006451521496,59.0,1.3923488855361938,1708.67,0,0.0,Low
28.0893,93.2565,1557.0,22.482215881347656,1472.72,1,53.95,High
27.4205,93.9478,731.0,41.57094955444336,2592.49,1,95.45,Critical
23.6086,92.514,104.0,10.184256553649902,2148.54,1,79.58,Critical
22.38414088022022,92.80768512948278,166.0,25.299585342407227,2496.59,0,7.85,Low
26.324654749695945,93.56274019037453,984.0,7.4247589111328125,1649.52,0,11.45,Low
26.9443,93.1466,247.0,7.680775165557861,1941.04,1,64.92,High
27.105990829289524,92.73425005952303,369.0,20.695253372192383,1421.55,0,51.62,High
27.979433309808083,95.67586536722008,154.0,5.090278625488281,2817.65,0,4.75,Low
28.31524094229458,94.23418287488992,2027.0,36.73040008544922,2030.02,0,47.34,Moderate
25.73645349251064,92.76502491394538,203.0,3.8571410179138175,1218.05,0,6.25,Low
27.6669,94.5661,327.0,21.382627487182617,2567.19,1,83.24,Critical
25.26108399105396,90.2590678719726,91.0,13.733190536499023,3693.54,0,5.91,Low
26.51901581265752,91.48354163979226,58.0,2.1289007663726807,1708.67,0,0.0,Low
27.664042272672905,95.60745099998982,135.0,0.0,2724.38,0,0.0,Low
23.4207,92.5085,798.0,27.22291755676269,2148.54,1,77.37,Critical
27.35439527323603,95.9045235715001,156.0,1.3971296548843384,2291.38,0,0.0,Low
27.296803665114275,94.14600095181876,93.0,2.9775326251983643,2567.19,0,0.0,Low
27.2257,88.3405,1735.0,50.62710952758789,2181.41,1,96.02,Critical
27.6289,94.4861,367.0,60.66509246826172,2567.19,1,96.84,Critical
28.65828860313369,96.17491929971877,2007.0,27.102828979492188,1891.54,0,39.57,Moderate
26.967,92.5888,175.0,16.299495697021484,1421.55,1,57.26,High
26.9416,92.1215,550.0,40.27111053466797,1154.3,1,97.16,Critical
28.0609,96.1321,672.0,27.07255172729492,2484.94,1,79.32,Critical
22.33073448513865,92.87676770341685,357.0,29.050058364868164,2496.59,0,65.49,High
25.531361585699,92.30231368543988,1322.0,11.52464199066162,2535.22,0,31.32,Moderate
27.0726,92.8882,866.0,61.13418960571289,1941.04,1,94.6,Critical
27.70067226685561,92.2617411014111,4173.0,47.88687515258789,1194.49,0,0.85,Low
27.57925016537029,92.84310879000633,2140.0,39.23323822021485,1971.8,0,36.52,Moderate
25.830654576834327,92.19331815745286,924.0,1.387069821357727,1218.05,0,1.5,Low
28.6491,94.0441,2099.0,17.907970428466797,1535.18,1,62.21,High
26.1706,95.0018,937.0,19.8743839263916,1669.48,1,67.71,High
25.95801017538341,90.13959275341524,29.0,2.126629114151001,3693.54,0,0.0,Low
24.92929368106587,94.31651403066697,1113.0,26.78068923950196,1566.44,0,31.74,Moderate
24.55846575557824,93.50589175177323,909.0,22.97707748413086,1625.06,0,26.67,Moderate
27.864796114439446,96.46416674753796,946.0,35.61524963378906,2484.94,0,84.59,Critical
26.76481670297764,91.42911927006878,136.0,4.253972053527832,1154.3,0,0.0,Low
28.51385526688393,94.06539180658496,3216.0,29.80678367614746,2030.02,0,19.37,Low
28.1972,96.1459,1757.0,49.75593185424805,2484.94,1,97.01,Critical
25.33132229951944,94.27496008428557,1726.0,8.027063369750977,1566.44,0,18.67,Low
27.7319,94.437,237.0,41.27864074707031,2567.19,1,89.4,Critical
26.3168,93.2581,369.0,18.93802261352539,1427.25,1,62.73,High
26.9762,92.602,224.0,5.561768054962158,1421.55,1,73.39,High
28.761801220165065,95.47521758020518,2585.0,45.58137893676758,1248.72,0,47.12,Moderate
27.8859,93.0558,1547.0,23.69856071472168,1472.72,1,50.67,High
27.045,93.0294,375.0,41.48331451416016,1941.04,1,98.22,Critical
22.72438454199425,92.99882090305098,891.0,28.76693725585937,1506.81,0,24.37,Low
27.833,94.7537,919.0,33.177425384521484,2724.38,1,85.13,Critical
27.87191823457956,97.02530025208225,2261.0,28.92338752746582,1471.65,0,21.17,Low
24.9857,92.6336,76.0,20.492647171020508,3573.05,1,71.83,High
26.485111792720485,90.53704877950848,66.0,2.267374277114868,1708.67,0,0.0,Low
26.9247938903697,95.56047532566832,1342.0,11.646546363830566,1916.88,0,15.3,Low
24.67077781344201,92.56521507693007,28.0,0.9309848546981812,2942.16,0,0.0,Low
25.67379714088551,90.27103886462594,471.0,16.2780704498291,3693.54,0,2.87,Low
27.8649,95.011,359.0,45.31233978271485,2724.38,1,97.39,Critical
25.933804730846383,91.23469608728412,57.0,4.214432716369629,3717.5,0,0.0,Low
23.653379326122977,91.24329195643467,19.0,1.0107746124267578,2414.95,0,0.0,Low
27.797,94.544,575.0,30.540321350097656,2681.74,1,87.33,Critical
25.87637020040341,89.99859972148127,28.0,2.2576520442962646,3693.54,0,0.0,Low
27.63348843865153,88.22005530770278,5410.0,26.08841133117676,1690.33,0,1.45,Low
27.8942,93.4343,764.0,27.458663940429688,1472.72,1,79.01,Critical
27.0783,93.0307,568.0,69.25067901611328,1941.04,1,95.32,Critical
28.1769,94.9559,1149.0,20.6267147064209,2724.38,1,63.59,High
27.39708190968241,88.6350240058462,1861.0,38.72821807861328,1707.7,0,67.79,High
26.9394,92.1697,592.0,40.34577178955078,1421.55,1,99.29,Critical
27.515506460001166,96.0292202911536,175.0,2.978167533874512,2174.9,0,0.5,Low
23.5792,92.7127,878.0,32.14425277709961,2148.54,1,78.82,Critical
28.8424,95.4176,3378.0,23.121665954589844,1248.72,1,13.77,Low
28.4587,95.8367,512.0,38.06281280517578,2348.99,1,93.94,Critical
26.9837,92.4612,417.0,29.38150405883789,1421.55,1,90.45,Critical
23.4352,92.8839,589.0,8.187232971191406,1327.95,1,61.91,High
28.9962,94.8419,949.0,32.23948669433594,1289.76,1,80.71,Critical
28.874148527460218,94.06376310225303,4567.0,22.228361129760746,1158.49,0,0.5,Low
24.89468289374048,92.64482460277624,20.0,0.930957019329071,3573.05,0,0.0,Low
25.486334408862284,89.86914980516566,24.0,1.3849163055419922,3693.54,0,0.0,Low
22.875548431511085,92.67513762587222,265.0,12.089731216430664,2496.59,0,24.05,Low
25.417001113410183,92.28060019244988,1343.0,3.0723652839660645,2535.22,0,0.48,Low
22.931827588304888,92.84212576431273,535.0,3.5405383110046387,2496.59,0,6.6,Low
24.728782029335743,92.93282730021495,28.0,2.7590487003326416,2942.16,0,0.0,Low
25.01308737852301,92.83228809274208,615.0,28.03006935119629,3573.05,0,28.97,Moderate
23.88886970940293,93.33218764168076,1201.0,49.69118881225586,1381.49,0,21.13,Low
26.3389,94.8828,721.0,29.58506965637207,1819.61,1,85.47,Critical
25.85588281921946,92.157967866989,686.0,20.818492889404297,1218.05,0,6.09,Low
28.3427,95.6098,1127.0,30.28051376342773,2348.99,1,83.15,Critical
26.68296958057949,92.50986001571798,80.0,1.860965609550476,1421.55,0,0.0,Low
27.1416,88.4001,2005.0,5.566215991973877,2181.41,1,67.36,High
27.45809098816341,92.77549709814096,1212.0,14.28760051727295,1194.49,0,11.37,Low
26.381876489586883,90.57896170611669,45.0,0.93076753616333,3717.5,0,0.0,Low
25.1793,91.8332,45.0,19.97133445739746,4943.24,1,77.03,Critical
27.0879,92.6531,1121.0,69.18968200683594,1421.55,1,90.57,Critical
24.21958174614191,92.36257403057812,86.0,9.244449615478516,2141.49,0,14.27,Low
27.6873,94.551,914.0,51.605865478515625,2567.19,1,99.47,Critical
27.8008,94.5429,624.0,38.24610900878906,2681.74,1,88.03,Critical
28.5681,95.6443,1168.0,29.93503761291504,2348.99,1,79.09,Critical
26.9443,93.0963,279.0,13.756813049316406,1941.04,1,95.05,Critical
27.442740468766782,96.05585232531186,187.0,2.79381799697876,2174.9,0,0.5,Low
25.54520225751359,91.40786429193976,1727.0,8.855114936828613,3693.54,0,7.5,Low
28.760170956196568,94.22667241143772,2704.0,26.74887084960937,1158.49,0,10.72,Low
27.85708908574984,95.9050363288557,144.0,4.181055545806885,2484.94,0,3.06,Low
28.562171483730587,95.87515921117688,1698.0,40.34928894042969,2348.99,0,69.95,High
27.0165,92.6292,237.0,19.37289428710937,1421.55,1,98.39,Critical
28.46349089335389,95.09662027264292,431.0,14.539264678955078,2270.17,0,50.46,High
28.1852,95.8324,683.0,28.16263961791992,2817.65,1,86.27,Critical
24.68224238892303,92.9153300216976,27.0,2.0371668338775635,2942.16,0,0.0,Low
27.8626256144147,92.82623774372328,3841.0,6.325766563415527,1472.72,0,3.95,Low
29.1151,95.823,2891.0,59.13073348999024,1248.72,1,92.78,Critical
24.724768558430657,92.62231065718883,22.0,0.9309781789779664,2942.16,0,0.0,Low
26.32795470987028,91.01435967177036,41.0,3.858220815658569,1708.67,0,0.0,Low
27.741094295674465,95.31691384881074,121.0,1.3998230695724487,2724.38,0,0.0,Low
25.71353626149164,91.1425829555668,1071.0,24.16499710083008,3693.54,0,18.07,Low
26.943,93.0306,432.0,21.80603408813477,1941.04,1,88.14,Critical
24.183740655868792,94.08885891067352,1400.0,11.62502098083496,1381.49,0,10.66,Low
28.6264,95.7249,1079.0,9.406521797180176,2348.99,1,67.22,High
26.1184,94.4854,1134.0,31.759662628173828,1566.44,1,47.25,Moderate
25.27197884592984,94.49673359964866,1310.0,29.852298736572266,1566.44,0,48.52,Moderate
28.048,93.3797,1745.0,67.4715347290039,1472.72,1,98.3,Critical
23.030866355062603,93.0118028293154,1122.0,41.38924407958984,1506.81,0,46.65,Moderate
27.286115514688653,92.93085869042534,464.0,17.33232307434082,1971.8,0,42.86,Moderate
28.0282,96.4284,941.0,40.99896240234375,2484.94,1,89.48,Critical
23.3011,92.8764,727.0,28.504064559936523,1327.95,1,61.22,High
26.41002276393539,91.36512914297133,49.0,2.066556453704834,1708.67,0,0.0,Low
26.56843901781908,91.650238538169,70.0,2.78202223777771,1708.67,0,0.0,Low
25.4203,91.789,1807.0,32.518165588378906,3717.5,1,86.2,Critical
27.769552382440057,88.41824209754678,4114.0,28.823436737060547,1707.7,0,0.5,Low
25.898865750184704,92.18120541414108,645.0,15.471590042114258,1218.05,0,9.38,Low
23.52266258923987,91.47082999865992,21.0,2.96789288520813,2396.11,0,0.5,Low
27.6401,94.1632,1156.0,49.439090728759766,2567.19,1,99.16,Critical
23.63923875325598,91.78650953223188,129.0,8.492382049560547,2396.11,0,9.51,Low
26.9793,92.5762,278.0,13.603777885437012,1421.55,1,98.33,Critical
28.1498,93.8361,1770.0,41.26866912841797,2320.86,1,76.85,Critical
27.0608,95.687,742.0,27.43242835998535,1916.88,1,75.23,Critical
25.2850175694252,91.61682881185176,385.0,11.144620895385742,3717.5,0,6.0,Low
27.0589,92.6737,277.0,19.588041305541992,1421.55,1,95.64,Critical
27.1874003185588,92.74814617761552,407.0,15.103072166442873,1421.55,0,45.38,Moderate
28.1358,95.1336,306.0,45.38310623168945,2724.38,1,97.73,Critical
23.575589325488647,92.54689656383586,438.0,27.224021911621094,2148.54,0,59.96,High
25.87422829265628,91.16311431530126,63.0,4.212423324584961,3717.5,0,0.0,Low
28.6283,93.9012,3169.0,34.456844329833984,1535.18,1,85.55,Critical
26.21158242996007,91.08959984813882,37.0,0.9307896494865416,1708.67,0,0.0,Low
28.7067,95.0771,2229.0,40.08992385864258,2270.17,1,55.6,High
27.31597016364066,93.14300851300165,1498.0,35.088985443115234,1971.8,0,56.08,High
24.085891394705545,93.11375772103708,828.0,29.96538352966309,1381.49,0,27.65,Moderate
27.246928229594264,95.73442183869264,348.0,26.767765045166016,1916.88,0,61.33,High
27.8451,94.9665,347.0,23.65896987915039,2724.38,1,79.31,Critical
23.81227397798446,91.97210438356,123.0,16.840675354003906,2322.27,0,11.01,Low
27.0572,93.1081,1265.0,25.225143432617188,1941.04,1,48.95,Moderate
22.5616269399469,93.10034036917318,899.0,20.336280822753903,1506.81,0,15.29,Low
23.4154,91.7844,72.0,6.031988620758057,2396.11,1,10.29,Low
28.6737,95.6781,1481.0,28.016231536865234,2348.99,1,78.63,Critical
26.9801,92.5522,408.0,40.70598220825195,1421.55,1,99.76,Critical
28.157,93.9615,1327.0,45.45928955078125,2320.86,1,77.36,Critical
25.962,94.3366,541.0,34.116058349609375,1566.44,1,91.08,Critical
25.26276504603107,91.62435907764277,343.0,29.53397750854492,3717.5,0,23.39,Low
27.898983402257013,88.32857171905871,5192.0,18.79703140258789,1690.33,0,6.74,Low
25.2441,91.4847,908.0,33.02214431762695,4780.93,1,83.93,Critical
27.287,93.4214,1911.0,30.870582580566406,1971.8,1,61.92,High
27.8961,94.9722,483.0,43.83799743652344,2724.38,1,93.25,Critical
27.839,93.3814,1988.0,34.44581985473633,1472.72,1,81.58,Critical
28.1246,94.1311,1273.0,56.149044036865234,2681.74,1,92.41,Critical
26.941,93.0797,403.0,13.071330070495604,1941.04,1,95.33,Critical
28.189,93.142,2340.0,44.47800827026367,1472.72,1,76.12,Critical
24.94932889226892,92.70816838968422,49.0,5.926624298095703,3573.05,0,3.0,Low
26.638214455355243,94.62062548495916,274.0,9.009258270263672,1747.44,0,32.19,Moderate
26.28028636211087,90.22818759865626,42.0,2.264067888259888,3717.5,0,0.0,Low
28.0841,93.2692,1918.0,27.99092483520508,1472.72,1,77.32,Critical
29.255883366086504,96.06115152078904,4440.0,31.55836296081543,1011.98,0,0.5,Low
27.7637,94.124,462.0,48.47829055786133,2681.74,1,99.01,Critical
28.3585,95.222,784.0,21.63631629943848,2270.17,1,69.89,High
25.841398468081845,92.36979377990964,664.0,12.925853729248049,1218.05,0,1.0,Low
25.3457,91.6011,1695.0,34.663909912109375,3717.5,1,90.38,Critical
27.12833791325052,93.6683599877519,374.0,2.0795865058898926,2204.32,0,2.48,Low
28.585881235075853,94.16259748550094,1959.0,24.53948974609375,2030.02,0,42.84,Moderate
24.345164779851416,93.50543762870127,862.0,20.984516143798828,1381.49,0,8.77,Low
28.227230618598327,96.98171265474518,2808.0,27.80573463439941,1471.65,0,18.88,Low
25.41596105611141,93.13755644393665,287.0,10.360382080078123,1271.17,0,2.94,Low
27.03054782325496,94.9576932157853,102.0,1.8608741760253904,1941.69,0,0.0,Low
27.8384,93.5041,814.0,35.93998336791992,2320.86,1,83.41,Critical
27.95140051938328,95.49563604924008,134.0,1.4013125896453855,2724.38,0,0.0,Low
29.11960321994764,94.33353289085376,3098.0,33.0403938293457,1158.49,0,14.64,Low
26.8247920545572,93.34841558856748,86.0,3.474623918533325,1941.04,0,0.5,Low
28.4248,93.7285,1483.0,43.99435806274414,1535.18,1,81.95,Critical
28.0665,93.269,1989.0,25.081188201904297,1472.72,1,66.88,High
27.2347,88.7567,1638.0,14.29822063446045,2542.03,1,55.42,High
26.09015746300724,91.53659696847012,73.0,14.574259757995604,1708.67,0,14.94,Low
26.12899669293185,90.3174829837828,28.0,1.8611096143722528,3693.54,0,0.0,Low
24.878477943668035,94.27904676046106,760.0,26.688608169555664,1566.44,0,61.6,High
26.375352436707768,93.49636281946955,422.0,15.718692779541016,1649.52,0,33.04,Moderate
27.1602,92.8,598.0,15.469680786132812,1421.55,1,91.03,Critical
25.9862,94.356,427.0,29.86573982238769,1566.44,1,84.7,Critical
25.466,92.2329,1367.0,14.704447746276855,2535.22,1,48.71,Moderate
25.028207286332083,92.92515517377912,178.0,12.299445152282717,1648.99,0,5.93,Low
25.40070134439212,92.68378160105856,760.0,8.005095481872559,2535.22,0,5.73,Low
27.696039982844937,96.30566390071014,403.0,2.7898199558258057,2174.9,0,4.26,Low
26.043317363163645,91.62222210713354,353.0,26.763072967529297,1708.67,0,62.86,High
27.8413,94.3403,477.0,40.4578742980957,2681.74,1,93.72,Critical
28.1645,95.8554,584.0,33.759395599365234,2817.65,1,88.1,Critical
25.948,94.3395,466.0,27.677669525146484,1566.44,1,88.43,Critical
28.8636,95.2143,2472.0,57.356353759765625,1289.76,1,92.35,Critical
24.31939756392899,92.53077946407552,39.0,2.754258632659912,2942.16,0,0.0,Low
26.148408764917644,93.77878265671038,137.0,4.516883850097656,1306.28,0,0.5,Low
23.705338302043607,91.21488518590984,33.0,5.481996536254883,2414.95,0,0.0,Low
28.0954370018324,92.72907220480508,5140.0,36.013519287109375,1472.72,0,1.4,Low
24.04900453097913,93.27315097462606,732.0,39.261863708496094,1381.49,0,10.34,Low
27.571677637364147,95.57351432822612,128.0,2.133380651473999,1916.88,0,0.0,Low
25.78673393621905,93.05250593863292,101.0,2.973388195037842,1218.05,0,0.5,Low
27.60592037215044,91.74372243909468,3504.0,31.72476387023925,853.16,0,54.16,High
27.3125,93.8665,751.0,27.779699325561523,2592.49,1,81.39,Critical
27.69887298772969,94.66738403087112,369.0,19.44831085205078,2357.98,0,50.82,High
27.298120952624537,95.0494554234924,109.0,2.791825294494629,2357.98,0,5.19,Low
27.2158,93.3128,1289.0,26.536605834960938,1941.04,1,62.42,High
25.5355,92.7118,621.0,5.660726070404053,2535.22,1,63.12,High
28.006443788725857,96.13954453773644,298.0,1.0484449863433838,2484.94,0,0.89,Low
23.7721,92.5508,616.0,22.326833724975582,2141.49,1,74.02,High
25.309726073599123,89.86446012977662,26.0,1.3838274478912354,3693.54,0,0.0,Low
26.760336791702688,93.64972967906628,81.0,1.3931034803390503,2204.32,0,0.0,Low
25.08421155112532,93.59931043608825,1333.0,20.181304931640625,1271.17,0,5.24,Low
26.9538,93.1012,332.0,9.43739414215088,1941.04,1,94.26,Critical
27.2828,92.717,586.0,44.031620025634766,1194.49,1,86.43,Critical
26.33611475698248,94.99433657834172,2237.0,41.83467483520508,1819.61,0,59.4,High
27.195425864860088,93.28295707440591,1453.0,17.944467544555664,1941.04,0,32.25,Moderate
26.35674950761158,92.72696584296196,67.0,2.2652974128723145,1218.05,0,0.0,Low
25.08279708578968,93.389103987016,350.0,31.26532745361328,1648.99,0,31.87,Moderate
28.4792,93.3422,3364.0,32.255184173583984,912.05,1,88.84,Critical
26.0025,94.9889,880.0,19.760498046875,1669.48,1,68.97,High
26.54117313933825,91.04303205936864,49.0,4.235227584838867,1708.67,0,0.0,Low
26.133032398691828,91.82012126569812,58.0,2.2617130279541016,1708.67,0,0.0,Low
25.19067422787868,93.90461287938258,1601.0,37.54523086547852,1271.17,0,21.4,Low
27.59663767914211,95.46531233961744,125.0,2.285977363586426,2724.38,0,0.5,Low
27.0724,92.762,249.0,33.357479095458984,1421.55,1,99.51,Critical
27.815223605967407,94.65571038282548,719.0,26.87284469604492,2724.38,0,80.64,Critical
26.90459389760327,93.29745710938911,124.0,3.247204303741455,1941.04,0,0.05,Low
25.85480892671419,91.67660888480522,486.0,7.6781792640686035,3717.5,0,1.58,Low
26.66258752250682,90.01519153467419,111.0,2.129495143890381,2542.03,0,0.0,Low
27.2276,92.0895,3177.0,45.43773651123047,1154.3,1,86.22,Critical
23.5387,92.928,1242.0,13.837890625,1327.95,1,39.78,Moderate
26.951,93.1389,277.0,9.310948371887209,1941.04,1,96.01,Critical
23.16480393265077,91.50385293972109,25.0,2.218087673187256,2396.11,0,0.0,Low
26.506622142020536,93.69002460696365,160.0,14.21511173248291,1649.52,0,6.87,Low
28.4727,93.7133,1888.0,11.766717910766602,1535.18,1,56.68,High
27.35352573817209,96.53650109372242,1507.0,24.94481658935547,1689.08,0,36.32,Moderate
26.6448,95.0059,611.0,29.79493522644043,1819.61,1,87.35,Critical
27.8464,93.0881,2634.0,55.25312423706055,1472.72,1,73.62,High
28.6085,95.6305,2947.0,63.33905792236328,2348.99,1,86.4,Critical
27.42766037299933,95.84545719241916,154.0,4.186274528503418,2291.38,0,3.14,Low
27.9309,96.3313,866.0,44.75773239135742,2484.94,1,87.39,Critical
27.9038,96.3505,776.0,41.9150505065918,2484.94,1,95.75,Critical
27.39213767455997,94.88634671273184,108.0,4.758001327514648,2357.98,0,11.06,Low
26.1135,94.3532,707.0,26.755189895629883,1566.44,1,81.03,Critical
26.32019800787806,92.2479860385412,55.0,1.390208125114441,1218.05,0,0.0,Low
28.209174578033736,93.904147844845,1812.0,31.04927444458008,2320.86,0,47.92,Moderate
25.18588795611436,92.65479963588592,1419.0,12.873639106750488,3573.05,0,1.84,Low
22.736275507152502,92.53078243928312,111.0,24.494258880615234,2496.59,0,6.84,Low
28.1501,95.8743,850.0,29.7783145904541,2817.65,1,83.71,Critical
26.68976136489069,93.02431770019184,70.0,0.9307273626327516,1941.04,0,0.0,Low
28.91606872808516,94.7281562544007,1686.0,33.17667388916016,1289.76,0,12.99,Low
27.07275029564529,94.544718397436,91.0,2.131222009658813,1747.44,0,0.0,Low
27.49310179406174,95.84964671025956,158.0,5.57579517364502,2291.38,0,2.97,Low
27.3106,88.7104,2416.0,28.16813087463379,1707.7,1,55.89,High
26.637255702491405,91.73311424139324,82.0,1.0356507301330566,1154.3,0,0.0,Low
28.089,95.9696,507.0,33.38187789916992,2484.94,1,88.96,Critical
27.7702,94.3031,799.0,49.46757888793945,2681.74,1,99.18,Critical
27.4633,94.0903,756.0,69.04389190673828,2567.19,1,93.07,Critical
27.20708868111544,96.03645027179633,1161.0,38.66832733154297,1835.44,0,60.75,High
26.0245931619226,90.667823569742,49.0,9.893123626708984,3693.54,0,0.0,Low
26.9649,92.2883,618.0,26.92540168762207,1421.55,1,97.63,Critical
25.59866397554113,92.07901175607635,986.0,14.916150093078612,3717.5,0,4.48,Low
24.224309232732868,93.09772239678009,792.0,29.060863494873047,1625.06,0,57.78,High
25.58545075953316,93.26769230595951,559.0,18.66582679748535,1271.17,0,2.32,Low
27.0514,93.2325,687.0,49.36455535888672,1941.04,1,99.71,Critical
27.2765,93.4569,1779.0,19.25580596923828,2592.49,1,58.86,High
25.72946984515416,93.69760936167904,418.0,12.296404838562012,1306.28,0,3.99,Low
27.858,95.0722,295.0,32.0835075378418,2724.38,1,91.08,Critical
22.9228217302273,92.77279766586778,909.0,8.452584266662598,2496.59,0,8.59,Low
25.93897572090468,90.34591476035828,207.0,10.297051429748535,3693.54,0,6.14,Low
27.8575,95.0021,374.0,40.83294296264648,2724.38,1,94.89,Critical
24.65619907383784,92.28908774238828,21.0,1.3798938989639282,3648.26,0,0.0,Low
25.4514105173388,92.74115602988417,660.0,6.40118408203125,2535.22,0,7.21,Low
27.7867,94.5222,412.0,15.859818458557127,2681.74,1,66.06,High
27.1138,92.6738,538.0,23.83822631835937,1421.55,1,96.17,Critical
28.9017898113315,94.56320739437196,1565.0,19.483976364135746,1158.49,0,24.21,Low
26.48031493949857,94.11330310675966,93.0,1.0342415571212769,1747.44,0,0.0,Low
26.340239226706903,94.24619628159483,401.0,17.317840576171875,1747.44,0,41.59,Moderate
27.262,93.7194,922.0,47.8172492980957,2592.49,1,91.86,Critical
26.098,94.8887,1095.0,27.81204605102539,1669.48,1,61.61,High
27.7065,94.1612,882.0,40.34303283691406,2567.19,1,93.34,Critical
25.50559796192005,94.00982687444385,1711.0,25.62381935119629,1306.28,0,16.1,Low
23.320652248278208,92.43766152231274,483.0,25.62402534484864,2148.54,0,61.67,High
26.167840179125708,93.72513538803447,168.0,2.776811361312866,1649.52,0,0.5,Low
28.6185,95.6848,2519.0,36.201202392578125,2348.99,1,83.99,Critical
27.6221,94.3708,340.0,20.813730239868164,2567.19,1,83.7,Critical
25.83211451284919,93.24812978007598,267.0,24.88253593444824,1271.17,0,6.15,Low
23.993492803020818,91.48910649923276,127.0,10.56309413909912,2414.95,0,5.44,Low
29.12668181432493,95.6778656766092,3918.0,35.29998016357422,1248.72,0,1.76,Low
25.965115664316293,92.78554408837292,72.0,2.058727264404297,1218.05,0,0.0,Low
27.45107109246488,92.10245595991942,2537.0,43.989871978759766,853.16,0,51.86,High
25.863899599528228,89.93281250538803,24.0,0.0,3693.54,0,0.0,Low
27.4439,92.112,2393.0,41.2308349609375,853.16,1,74.7,High
26.417985811610794,92.51760163586788,62.0,0.9307628870010376,1218.05,0,0.0,Low
26.47405351219153,94.94003684096484,1194.0,29.613832473754883,1819.61,0,45.8,Moderate
25.9404,94.2972,556.0,35.02372741699219,1566.44,1,90.52,Critical
25.10618701784606,93.61616176575964,1546.0,41.07094955444336,1271.17,0,27.56,Moderate
27.0524,92.1347,1142.0,28.730314254760746,1154.3,1,81.57,Critical
25.654541709445475,92.72279167348364,566.0,6.800602436065674,1218.05,0,3.85,Low
27.5351,92.4454,3335.0,44.146881103515625,1194.49,1,83.3,Critical
28.9579,95.1673,2908.0,42.90049362182617,1289.76,1,91.55,Critical
26.78049689717496,91.41293912153448,147.0,1.0369478464126587,1154.3,0,0.0,Low
26.0803,94.3429,679.0,28.345121383666992,1566.44,1,82.45,Critical
26.790968766616807,94.54051138523928,103.0,1.0370413064956665,1747.44,0,0.0,Low
25.617353406362103,94.42227570640055,1156.0,22.272998809814453,1566.44,0,12.4,Low
27.8452,93.1401,2508.0,24.79129981994629,1472.72,1,63.13,High
27.9382,96.4356,1205.0,46.590518951416016,2484.94,1,92.91,Critical
25.28909180433212,93.48579942178095,1437.0,25.683818817138672,1271.17,0,7.85,Low
28.4582,95.7323,1545.0,50.16915893554688,2348.99,1,92.8,Critical
27.0979,93.0178,530.0,34.90388488769531,1941.04,1,92.4,Critical
25.80907403504193,91.2100774188122,601.0,18.02742385864257,3717.5,0,5.14,Low
28.984836940521188,96.30385108768051,4132.0,32.20603942871094,1011.98,0,0.5,Low
27.0565,92.847,379.0,16.56407928466797,1421.55,1,92.35,Critical
23.7953,92.2945,260.0,36.72091293334961,2141.49,1,88.89,Critical
27.1332,92.1133,1390.0,15.080048561096191,1154.3,1,64.04,High
28.25309308960824,93.03791173650404,4073.0,22.18095970153809,1472.72,0,0.18,Low
26.9824,93.2465,291.0,16.5574893951416,1941.04,1,92.63,Critical
24.54444711669085,92.29924426048773,44.0,6.084407329559326,3648.26,0,0.0,Low
25.19253364583171,93.61857680706969,802.0,37.73516845703125,1271.17,0,35.63,Moderate
24.37943813242902,93.50911539763192,736.0,3.4507088661193848,1381.49,0,0.0,Low
27.44055123302212,94.63792935024178,100.0,3.4812140464782715,2567.19,0,0.05,Low
27.261558497529848,92.0717146072764,3776.0,7.309669494628906,1154.3,0,4.67,Low
27.410841902681803,96.31905379823192,1681.0,10.093513488769531,2174.9,0,29.94,Moderate
27.8874,94.4047,735.0,36.92292022705078,2681.74,1,90.17,Critical
28.1591,93.4227,1165.0,14.567570686340332,1472.72,1,51.32,High
27.0033,92.3996,562.0,26.730382919311523,1421.55,1,97.56,Critical
23.6979,92.7294,636.0,42.42706680297852,2148.54,1,92.6,Critical
27.9092,96.3484,1038.0,36.28831100463867,2484.94,1,90.05,Critical
28.6856,95.235,1852.0,55.33083724975586,2270.17,1,92.73,Critical
27.6382,94.4959,278.0,50.42822265625,2567.19,1,97.82,Critical
27.55754723015465,88.36149752824178,3104.0,41.662506103515625,1690.33,0,28.76,Moderate
22.6925589339558,93.09999488469056,357.0,33.0233154296875,1506.81,0,21.66,Low
27.8527,95.0815,308.0,44.20516586303711,2724.38,1,86.55,Critical
26.1522,94.9059,1541.0,33.70707702636719,1669.48,1,68.67,High
26.9788,92.2803,860.0,23.940448760986328,1421.55,1,93.23,Critical
23.56191448110573,92.68378670172382,423.0,34.698707580566406,2148.54,0,69.16,High
26.0345,94.4367,570.0,24.573665618896484,1566.44,1,84.95,Critical
27.3319,88.4749,709.0,18.087121963500977,1707.7,1,69.38,High
26.91094648394532,94.96540481654806,136.0,7.475565433502197,1941.69,0,4.66,Low
26.708793540136394,94.09725820257574,90.0,4.985774993896484,1747.44,0,2.5,Low
26.546075728912307,93.71573195567696,134.0,19.67917251586914,1649.52,0,4.48,Low
25.529980751532857,94.0941078599696,2716.0,28.697025299072266,1306.28,0,21.97,Low
26.97,92.5882,236.0,21.827129364013672,1421.55,1,98.24,Critical
27.0878,92.9285,652.0,40.986236572265625,1941.04,1,97.76,Critical
27.03543426550231,93.49992352819272,252.0,6.215966701507568,2204.32,0,7.67,Low
22.41119505839854,93.12489895758692,1240.0,31.17231178283692,1506.81,0,55.53,High
24.15138181875819,91.66767356252912,48.0,2.02867078781128,2322.27,0,0.0,Low
24.0772,92.0962,68.0,10.883811950683594,2322.27,1,60.86,High
25.9542,94.3148,886.0,22.85808753967285,1566.44,1,64.45,High
28.1368,95.1325,388.0,46.63776779174805,2724.38,1,98.39,Critical
27.1097,92.8923,864.0,43.79841995239258,1941.04,1,91.31,Critical
26.9545,92.3226,435.0,28.16987609863281,1421.55,1,98.76,Critical
26.2071118348932,92.31347944770935,63.0,4.249405860900879,1218.05,0,0.0,Low
23.692636821229257,91.35623661769746,30.0,3.17000699043274,2414.95,0,0.0,Low
26.9743,93.2391,455.0,54.99234390258789,1941.04,1,99.45,Critical
25.607653293897727,89.88382013125496,23.0,2.7906384468078613,3693.54,0,0.0,Low
25.29917461964469,93.04528893018772,385.0,38.12353515625,1271.17,0,23.33,Low
27.31812744088801,94.0825895014678,109.0,2.792099714279175,2567.19,0,1.0,Low
28.3074,95.6149,816.0,39.42351531982422,2348.99,1,93.26,Critical
28.4155,95.665,1377.0,35.6934928894043,2348.99,1,85.05,Critical
27.79460689627416,95.6610239730046,123.0,6.395025730133057,2817.65,0,8.6,Low
26.9978,92.3844,649.0,24.36136245727539,1421.55,1,96.07,Critical
28.0493,94.3681,780.0,28.411800384521484,2681.74,1,86.08,Critical
25.76482411661096,90.45424813769702,294.0,8.562652587890625,3693.54,0,0.0,Low
26.9845,92.3644,584.0,34.87194061279297,1421.55,1,98.66,Critical
27.9371,96.3059,885.0,29.02912139892578,2484.94,1,87.26,Critical
24.05513171114779,94.13613796084512,509.0,30.236534118652344,1381.49,0,23.01,Low
25.92243240752572,91.9460926757418,606.0,13.616936683654783,1708.67,0,28.42,Moderate
24.97949691955508,92.59608799191312,24.0,7.164102077484131,3573.05,0,8.0,Low
25.65661255909324,92.44556942812764,829.0,3.856998920440674,2535.22,0,1.77,Low
27.43,94.0581,777.0,21.19554328918457,2567.19,1,76.41,Critical
27.0354,93.1939,809.0,35.55202865600586,1941.04,1,91.93,Critical
27.0105,92.6109,346.0,25.24165153503418,1421.55,1,98.31,Critical
27.9919,93.1099,2276.0,27.859878540039062,1472.72,1,62.97,High
27.3815,93.8455,908.0,50.23630142211914,2592.49,1,98.76,Critical
26.967,93.1331,300.0,12.929409980773926,1941.04,1,93.11,Critical
25.0342,93.1357,689.0,38.77767562866211,1648.99,1,79.94,Critical
27.1098,92.8561,741.0,22.12289810180664,1941.04,1,81.32,Critical
27.678749741304497,96.171678418744,285.0,5.0152459144592285,2174.9,0,9.52,Low
27.9818,96.4014,520.0,34.67154693603516,2484.94,1,87.29,Critical
27.48320553440802,95.55709186208485,137.0,3.860462665557861,1916.88,0,0.51,Low
27.0916,92.5757,535.0,24.88271141052246,1421.55,1,96.26,Critical
26.1186,94.3852,359.0,17.033979415893555,1566.44,1,73.48,High
28.4213,95.3901,1466.0,21.88824844360352,2348.99,1,78.71,Critical
26.1294,94.3807,488.0,24.280014038085938,1566.44,1,83.44,Critical
25.3831,93.1201,321.0,12.114022254943848,1271.17,1,3.88,Low
25.4444,92.1867,1265.0,27.43942642211914,2535.22,1,72.85,High
25.2558,91.4945,954.0,42.8677864074707,3693.54,1,84.74,Critical
26.0637,94.4359,727.0,27.651830673217773,1566.44,1,85.29,Critical
28.51997768982313,95.09631718741812,772.0,26.78578186035156,2270.17,0,68.95,High
26.894263971298543,92.888776937494,88.0,1.860910177230835,1941.04,0,0.0,Low
29.01800645901667,94.55533065200798,3145.0,54.85332489013672,1158.49,0,46.55,Moderate
28.7515,94.8649,478.0,34.347171783447266,1289.76,1,93.21,Critical
27.0576,93.1605,478.0,23.565412521362305,1941.04,1,87.26,Critical
28.946110985066834,94.62459669840862,2623.0,28.43843650817871,1158.49,0,14.08,Low
27.59293580093132,92.36165442985155,4131.0,17.028034210205078,1194.49,0,0.0,Low
26.9567,93.1059,359.0,16.53162384033203,1941.04,1,90.14,Critical
27.4432,88.1672,2822.0,33.73615264892578,1690.33,1,67.85,High
25.9877,94.0003,564.0,21.81410217285156,1306.28,1,60.61,High
24.0419,92.7852,695.0,33.94437026977539,2141.49,1,77.71,Critical
24.1091,91.8732,95.0,6.666713714599609,2322.27,1,62.72,High
25.732970285304724,91.90713579109728,830.0,6.900078296661377,3717.5,0,2.13,Low
27.2654,88.5321,1061.0,36.585845947265625,1707.7,1,78.26,Critical
23.5507073721097,92.70446772545992,823.0,35.446651458740234,2148.54,0,65.89,High
28.4806,93.7807,1996.0,46.46240234375,1535.18,1,88.73,Critical
26.35419147245377,91.05995227316475,41.0,2.128225564956665,1708.67,0,0.0,Low
28.05057778795389,93.09816134211349,2710.0,2.9797580242156982,1472.72,0,27.7,Moderate
26.9261,92.1614,408.0,23.739238739013672,1421.55,1,95.7,Critical
27.25203151604367,92.53064445626164,2078.0,26.49685478210449,1421.55,0,31.8,Moderate
25.924824676855504,92.81017191287778,76.0,2.058027505874634,1218.05,0,0.0,Low
24.022485973195383,94.04874283167536,668.0,15.247198104858398,1381.49,0,12.29,Low
27.2921,93.4975,1444.0,16.210872650146484,2592.49,1,47.87,Moderate
26.855384168944976,95.35578586849354,434.0,31.76691436767578,1941.69,0,64.15,High
28.7187,95.0062,1520.0,41.62407684326172,2270.17,1,75.09,Critical
26.9814,92.5888,338.0,37.39131164550781,1421.55,1,93.47,Critical
23.9324306035826,92.04898023592304,108.0,10.846599578857422,2141.49,0,45.2,Moderate
27.14036673851228,92.62966244819684,457.0,23.03456687927246,1421.55,0,47.46,Moderate
27.4286,94.0469,941.0,64.83824157714844,2592.49,1,99.0,Critical
28.1091,93.3935,1599.0,66.22411346435547,1472.72,1,98.78,Critical
27.95871187946962,96.2380503728711,387.0,8.376103401184082,2484.94,0,32.26,Moderate
28.84727509632613,94.59602563579084,2276.0,48.523197174072266,1158.49,0,39.7,Moderate
26.3635,94.6529,467.0,23.272836685180664,1819.61,1,84.09,Critical
27.0325,93.141,1057.0,40.50479888916016,1941.04,1,85.77,Critical
28.0739,94.3029,1061.0,37.584842681884766,2681.74,1,84.12,Critical
28.382553603030846,96.14784927936182,2747.0,21.12374687194824,1891.54,0,19.06,Low
26.879590198192385,92.47090400373862,140.0,0.9307024478912354,1421.55,0,0.0,Low
25.074479101625148,92.46062447816324,260.0,23.39116859436035,3573.05,0,21.88,Low
26.9872,92.6274,185.0,16.5581111907959,1421.55,1,52.19,High
26.34160319436815,95.1204745747958,2004.0,39.90145111083984,1819.61,0,48.64,Moderate
23.956547352708967,92.9972237656704,408.0,14.008293151855469,1381.49,0,7.86,Low
28.0832,93.2625,1793.0,32.81686782836914,1472.72,1,79.14,Critical
25.03873819454954,94.55162140795908,1727.0,24.107622146606445,1566.44,0,30.32,Moderate
26.832649992458137,94.26341069840568,89.0,3.859178066253662,1747.44,0,5.5,Low
24.065803202347947,93.6928459979195,1560.0,31.39834976196289,1381.49,0,9.95,Low
29.11995892760015,94.84510552306614,2873.0,34.29849624633789,1289.76,0,31.22,Moderate
23.808,92.6409,85.0,1.3750085830688477,2141.49,1,62.0,High
26.0056,94.3495,525.0,38.74127578735352,1566.44,1,87.94,Critical
26.073751038032057,89.97559303132851,28.0,2.127091884613037,3693.54,0,0.0,Low
25.9625,94.3378,512.0,21.2529296875,1566.44,1,82.62,Critical
26.0619,94.9386,736.0,30.59632110595703,1669.48,1,73.67,High
27.23,92.9172,924.0,44.0583381652832,1941.04,1,94.55,Critical
26.3985,94.9376,530.0,23.9674072265625,1819.61,1,79.04,Critical
28.4865,93.3522,3421.0,68.02958679199219,912.05,1,89.78,Critical
26.097,94.9631,706.0,16.68659782409668,1669.48,1,65.67,High
27.01,92.5833,411.0,27.52412986755371,1421.55,1,95.21,Critical
25.89153980839878,93.73125510920671,151.0,1.3874566555023191,1306.28,0,0.0,Low
27.73230492326572,92.75495500160396,2894.0,23.29006767272949,1472.72,0,23.83,Low
27.75531485029992,95.05831857684908,126.0,2.1341919898986816,2724.38,0,0.0,Low
26.9328,93.0776,371.0,8.112483024597168,1941.04,1,92.82,Critical
27.023,92.9962,673.0,41.05754470825195,1941.04,1,96.97,Critical
26.048027478311425,90.46761892715207,47.0,1.8611304759979248,3693.54,0,0.0,Low
27.913907214365832,92.69032024798032,5096.0,26.712879180908203,1472.72,0,0.84,Low
23.820351361550475,92.07487797340865,184.0,8.044074058532715,2141.49,0,28.88,Moderate
25.78803568766044,92.8281243223888,102.0,3.8572335243225098,1218.05,0,0.0,Low
27.2906,93.912,308.0,22.420747756958008,2592.49,1,77.09,Critical
26.2531,94.9043,2165.0,43.72394943237305,1819.61,1,78.34,Critical
25.66273328144735,90.52878740853204,413.0,12.228365898132324,3693.54,0,5.87,Low
27.77414112914025,92.6144665121605,3514.0,44.66435241699219,1194.49,0,33.31,Moderate
25.9648,94.2582,1079.0,24.863359451293945,1566.44,1,39.64,Moderate
28.6569,95.7549,2703.0,31.08024406433105,2348.99,1,68.84,High
25.92768776042229,93.25331130478756,232.0,4.11086368560791,1427.25,0,1.68,Low
28.2366,96.4348,2520.0,50.58820724487305,2484.94,1,88.92,Critical
26.3424,94.8588,1459.0,35.59651184082031,1819.61,1,75.38,Critical
26.042337829293075,93.91948089633074,134.0,2.060072660446167,1306.28,0,0.0,Low
25.831354661337443,94.41020906964904,1472.0,16.541400909423828,1566.44,0,13.56,Low
26.0546,94.4363,679.0,23.571361541748047,1566.44,1,73.48,High
24.058743307319325,91.86644121484538,92.0,13.838102340698242,2322.27,0,35.21,Moderate
29.03924595435413,95.2357439172462,3184.0,20.312965393066406,1289.76,0,23.63,Low
25.473019463232887,90.7703200680992,143.0,25.939233779907227,3693.54,0,25.38,Moderate
25.9769,94.3189,982.0,42.1269645690918,1566.44,1,66.13,High
25.374402369492547,90.1547449431305,93.0,16.599895477294922,3693.54,0,10.56,Low
24.19210521746166,93.95230704841777,850.0,25.679323196411133,1381.49,0,9.69,Low
27.716894618188743,95.61384976736556,128.0,1.0456641912460327,2724.38,0,0.0,Low
27.0581,93.3311,962.0,39.22271347045898,1941.04,1,87.11,Critical
25.9722,94.4454,816.0,28.10576820373535,1566.44,1,79.25,Critical
27.42637998936094,93.72716801809015,640.0,20.00620079040528,2592.49,0,54.8,High
27.627746226647297,95.05460201600494,117.0,17.516265869140625,2724.38,0,17.88,Low
27.0289,93.1369,642.0,42.324981689453125,1941.04,1,97.85,Critical
28.8166,95.3412,3472.0,40.0378532409668,1289.76,1,65.58,High
24.5958573327579,92.46786623088975,18.0,2.121427297592163,2942.16,0,0.0,Low
28.0922,93.3978,997.0,35.08271026611328,1472.72,1,82.43,Critical
24.448597743216588,93.11310964002423,570.0,35.18814849853516,1625.06,0,73.38,High
27.214774452475503,92.27741999508468,1801.0,44.75253677368164,1421.55,0,52.87,High
27.8015,94.5433,649.0,43.41290283203125,2681.74,1,94.71,Critical
27.0486,92.1177,1837.0,36.781883239746094,1154.3,1,87.66,Critical
27.22305159326665,93.90719121298925,147.0,2.1318655014038086,2592.49,0,0.0,Low
28.75886878029766,96.52079091149872,3591.0,33.48147964477539,1011.98,0,37.71,Moderate
26.9862,92.6156,253.0,10.437822341918944,1421.55,1,94.85,Critical
27.822472845928377,95.25622336258331,123.0,2.9790735244750977,2724.38,0,0.5,Low
27.7076,94.6816,324.0,9.722235679626465,2357.98,1,72.92,High
27.7234,96.5329,1143.0,36.89739608764648,2174.9,1,81.93,Critical
26.5596,94.703,849.0,26.427398681640625,1819.61,1,80.66,Critical
23.84704460924801,92.00377364432224,116.0,5.133033752441406,2322.27,0,15.7,Low
27.3362,93.9613,423.0,27.481904983520508,2592.49,1,81.63,Critical
26.01579660422916,93.58293218626764,302.0,14.572301864624023,1649.52,0,23.32,Low
28.279965751308072,97.1182450449446,4155.0,35.427734375,1044.44,0,1.76,Low
28.1143,96.0875,1722.0,42.60007095336914,2484.94,1,93.48,Critical
26.9577,93.1334,252.0,7.462787628173828,1941.04,1,64.34,High
25.51378975125929,92.86418601356664,373.0,8.203519821166992,2535.22,0,14.39,Low
23.2911,92.8532,1098.0,22.097585678100582,1327.95,1,67.66,High
27.2081,92.775,516.0,52.04081726074219,1421.55,1,98.86,Critical
26.303329430120822,90.49032433117851,46.0,1.0326666831970217,3717.5,0,0.0,Low
26.35966201678171,90.88589914290456,42.0,1.3904647827148438,1708.67,0,0.0,Low
26.0612,94.4484,659.0,24.5595645904541,1566.44,1,79.92,Critical
25.625537995363693,92.81362349228274,248.0,10.900053977966309,2535.22,0,21.6,Low
23.8722,93.275,1513.0,22.280961990356445,1381.49,1,49.65,Moderate
25.60322465831135,92.4580792908626,1021.0,2.790640115737915,2535.22,0,2.08,Low
26.2198,94.7046,1752.0,36.23620223999024,1669.48,1,66.51,High
27.0991,92.1909,1933.0,29.2412166595459,1421.55,1,81.04,Critical
25.79064421331455,93.79311457979092,482.0,24.497478485107425,1306.28,0,33.85,Moderate
27.035,93.1261,775.0,40.4565544128418,1941.04,1,95.41,Critical
28.9254,95.193,3064.0,35.84151840209961,1289.76,1,66.15,High
26.6083,94.6445,653.0,30.61667823791504,1747.44,1,85.05,Critical
27.63342544521617,95.33074425774636,123.0,0.9306021928787231,2724.38,0,0.0,Low
26.9256,92.1583,401.0,24.612606048583984,1421.55,1,97.85,Critical
28.137329918927545,93.74209787911232,1753.0,37.80122756958008,2320.86,0,55.98,High
27.1123,88.3966,782.0,34.79200744628906,2181.41,1,76.6,Critical
24.141501044332475,92.08223979282748,271.0,16.03316879272461,2322.27,0,54.84,High
26.586,94.8165,811.0,19.696184158325195,1819.61,1,72.98,High
27.834465834473963,95.6325258509425,128.0,3.137573480606079,2724.38,0,0.5,Low
23.830996130233338,92.82657072466496,354.0,19.802907943725582,2141.49,0,56.64,High
29.1129,94.9815,912.0,24.280908584594727,1289.76,1,57.62,High
27.808312070047425,88.47568590311715,4264.0,25.949460983276367,1707.7,0,0.67,Low
26.92763331664825,94.40813679865695,88.0,1.0382877588272097,1747.44,0,0.0,Low
27.2781,93.4171,1660.0,24.61249351501465,1971.8,1,59.72,High
25.72514433568036,90.85967774728836,594.0,4.8230695724487305,3693.54,0,2.59,Low
27.0556,92.6783,235.0,9.452877044677734,1421.55,1,67.92,High
28.1803,93.1193,1845.0,31.424388885498047,1472.72,1,80.64,Critical
27.8606,93.4796,856.0,34.2150993347168,2320.86,1,82.27,Critical
24.06271247393993,93.85881326703527,1327.0,26.27419662475586,1381.49,0,6.97,Low
27.688,96.4093,1550.0,38.7762451171875,2174.9,1,74.24,High
27.1546,88.5127,646.0,23.051979064941406,2542.03,1,68.82,High
26.1106,94.6239,1366.0,23.844406127929688,1566.44,1,52.19,High
27.0326,93.1527,939.0,37.87397384643555,1941.04,1,90.09,Critical
25.7246325992194,89.87885010717913,29.0,3.5970141887664795,3693.54,0,0.0,Low
29.33093211590825,95.9882054980122,4076.0,31.107881546020508,1248.72,0,0.5,Low
28.068,96.1124,794.0,20.36585998535156,2484.94,1,61.76,High
28.3901,93.5648,1890.0,31.933734893798828,1535.18,1,75.78,Critical
27.9554,96.4022,601.0,33.945838928222656,2484.94,1,88.54,Critical
27.3583,88.6759,1946.0,36.41001892089844,1707.7,1,73.88,High
27.545694749262648,96.67147154558772,1480.0,20.04402732849121,1689.08,0,34.63,Moderate
27.58164624403252,92.44635206479838,3409.0,39.07844161987305,1194.49,0,13.73,Low
25.505708387048788,92.12216197367336,1345.0,12.394227027893066,2535.22,0,36.96,Moderate
26.9902,93.3268,796.0,50.49577713012695,1941.04,1,99.14,Critical
24.05299316579245,92.4464678264348,95.0,2.119474172592163,2141.49,0,6.5,Low
27.534557123415468,94.62001149193944,105.0,1.398376226425171,2567.19,0,0.0,Low
26.1864,94.7109,2119.0,31.94464492797852,1669.48,1,42.54,Moderate
25.193818113339983,93.12781217071924,624.0,13.761067390441896,1648.99,0,18.24,Low
28.1916,95.3718,493.0,18.102893829345703,2817.65,1,70.74,High
28.6914,95.7295,2377.0,33.68513107299805,2348.99,1,78.81,Critical
26.66168957974904,93.28885462776664,75.0,1.0358712673187256,1941.04,0,0.0,Low
27.2411,92.9386,1177.0,59.22793960571289,1941.04,1,96.72,Critical
27.40132534347674,94.85923367212072,103.0,1.397453546524048,2357.98,0,0.0,Low
22.56287490575617,92.64441399931223,190.0,23.889440536499023,2496.59,0,14.6,Low
25.81678050240817,92.73887791378051,257.0,16.331022262573242,1218.05,0,11.02,Low
27.1237,88.1669,712.0,27.01093864440918,2181.41,1,73.93,High
27.4302,93.2866,2570.0,41.28086853027344,1971.8,1,65.28,High
26.081211102584103,90.05646890428208,33.0,2.1271209716796875,3693.54,0,0.0,Low
27.7709,94.6745,1258.0,39.56999969482422,2724.38,1,83.02,Critical
27.8272,95.0175,167.0,6.840895652770996,2724.38,1,64.64,High
27.1246,88.4754,404.0,36.459774017333984,2542.03,1,90.11,Critical
28.08047194143177,96.36771870569282,2445.0,17.82637596130371,2484.94,0,21.46,Low
28.6646,94.5554,1490.0,56.31612396240234,2030.02,1,93.44,Critical
28.1592,93.536,1236.0,46.76294708251953,2320.86,1,62.4,High
25.30090967632616,90.65585050174452,77.0,11.685420036315918,3693.54,0,2.79,Low
27.7419,94.6796,463.0,11.34533405303955,2357.98,1,72.95,High
26.56448253655998,93.20436276660406,75.0,2.129088878631592,1427.25,0,0.0,Low
28.4227,93.7783,1641.0,45.3927116394043,1535.18,1,93.41,Critical
24.225810791578542,92.15928910617257,85.0,9.280373573303224,2141.49,0,12.04,Low
27.7053,94.5644,554.0,30.069393157958984,2567.19,1,87.11,Critical
27.965,94.0852,1827.0,32.85940170288086,2681.74,1,71.68,High
28.0526,95.2286,664.0,15.334837913513184,2724.38,1,43.57,Moderate
26.9569,93.0683,399.0,13.161714553833008,1941.04,1,95.07,Critical
25.9539,94.405,855.0,23.3101806640625,1566.44,1,68.47,High
28.0957,95.9872,770.0,49.62768173217773,2484.94,1,96.22,Critical
28.6639,95.4827,2829.0,11.769015312194824,2348.99,1,63.96,High
23.624093531606967,91.21433072627086,27.0,4.035933494567871,2414.95,0,0.0,Low
28.0717,96.1085,889.0,28.47154998779297,2484.94,1,83.62,Critical
27.60066317343165,96.76571932698684,3049.0,58.53921127319336,1689.08,0,54.65,High
26.0735,94.3797,512.0,32.58156967163086,1566.44,1,90.5,Critical
26.9745,93.3015,556.0,31.29401397705078,1941.04,1,87.48,Critical
25.5245,91.5006,1648.0,6.313462734222412,3693.54,1,67.19,High
27.845450211415294,94.6380846070245,872.0,32.165626525878906,2681.74,0,64.83,High
27.7203,94.1613,1216.0,37.40387344360352,2567.19,1,90.15,Critical
26.79113790746301,92.1547778152144,117.0,0.0,1421.55,0,0.5,Low
26.9564,93.2228,350.0,22.02840614318848,1941.04,1,91.41,Critical
26.24860287072372,95.01333776070292,2107.0,36.91226959228516,1669.48,0,30.8,Moderate
26.3143,94.6606,851.0,34.77628326416016,1819.61,1,87.45,Critical
24.686285503346213,93.67649665119689,1035.0,20.2457332611084,1648.99,0,16.42,Low
24.730432750247417,92.30087008352965,50.0,5.068913459777832,3573.05,0,3.0,Low
27.7415,94.5257,604.0,34.366294860839844,2567.19,1,90.98,Critical
27.7958,94.5442,526.0,40.920555114746094,2681.74,1,96.22,Critical
22.952120371126007,93.11773272157488,891.0,35.308372497558594,1506.81,0,40.99,Moderate
26.48825774959481,92.74875629335595,66.0,1.391305446624756,1941.04,0,0.0,Low
27.044677121164284,95.62446897733544,1217.0,48.14614486694336,1916.88,0,51.04,High
26.9823,93.4659,515.0,37.838375091552734,2204.32,1,87.49,Critical
26.9376,93.0782,392.0,14.36868381500244,1941.04,1,91.24,Critical
27.602521711672203,96.64931966917344,1876.0,26.11063575744629,1689.08,0,38.02,Moderate
27.431574521799888,96.40636250890928,873.0,36.77607345581055,2174.9,0,57.33,High
26.87886902062323,94.91586949990526,129.0,1.0378433465957642,1941.69,0,0.0,Low
24.0931,91.9228,113.0,17.503557205200195,2322.27,1,61.67,High
28.7413,94.8666,478.0,42.76870346069336,2270.17,1,93.55,Critical
23.434660881760777,91.70315543096112,69.0,4.753268718719482,2396.11,0,12.6,Low
27.93907270735953,93.06422433091362,1530.0,39.50596237182617,1472.72,0,59.36,High
25.64727905951552,93.75237296561616,551.0,6.207896709442139,1306.28,0,4.35,Low
26.931447621547644,94.48903509681944,89.0,1.3942490816116333,1747.44,0,1.0,Low
27.906198325443,94.41170664475806,708.0,42.718971252441406,2681.74,0,67.1,High
28.36212150796493,96.76343951514365,3436.0,48.2608642578125,1044.44,0,57.36,High
24.93172079605085,92.97254822584496,70.0,18.41732788085937,1648.99,0,11.48,Low
26.9588,93.1151,361.0,6.214148998260498,1941.04,1,94.47,Critical
26.9742,92.3779,508.0,16.217451095581055,1421.55,1,92.69,Critical
27.226065111617483,96.02688263415898,950.0,17.664993286132812,1835.44,0,33.96,Moderate
28.8743,94.6915,1436.0,57.67995834350586,1289.76,1,92.52,Critical
25.3447,91.8911,1549.0,26.98283195495605,3717.5,1,92.53,Critical
27.07222994489476,93.572532491095,334.0,25.89362525939941,2204.32,0,61.62,High
26.155304479498938,92.28917595725189,59.0,5.077746868133545,1218.05,0,0.0,Low
28.112552064405328,94.0322535103194,939.0,20.57447052001953,2320.86,0,57.27,High
27.0427,93.1103,727.0,34.06460952758789,1941.04,1,92.25,Critical
27.66494382254473,91.7186370314729,1736.0,13.685552597045898,853.16,0,24.54,Low
26.364678026177952,92.78916610303035,70.0,3.469855070114136,1218.05,0,0.0,Low
25.3873,93.1195,322.0,15.781962394714355,1271.17,1,3.91,Low
26.1573,94.9306,1979.0,25.838871002197266,1669.48,1,57.69,High
27.072184556698875,95.07865337332908,105.0,1.3952003717422483,1941.69,0,0.0,Low
27.0727,92.8441,600.0,25.48467063903809,1421.55,1,98.67,Critical
27.59481275633781,94.94121135302797,109.0,2.088310956954956,2357.98,0,0.0,Low
27.2775,92.7053,639.0,36.075870513916016,1194.49,1,81.66,Critical
28.30343825000537,93.07131938496522,4373.0,32.31184387207031,1472.72,0,1.55,Low
27.8547,94.4335,1013.0,36.14421463012695,2681.74,1,81.89,Critical
28.05255923251996,92.93884745450208,4232.0,15.281643867492676,1472.72,0,1.71,Low
24.42723360377021,92.635604618665,62.0,9.70791721343994,2942.16,0,1.5,Low
26.9768,92.3544,741.0,21.12331199645996,1421.55,1,89.67,Critical
26.9518,93.1004,340.0,17.680044174194336,1941.04,1,92.64,Critical
26.9683,93.2094,338.0,26.78921699523925,1941.04,1,87.29,Critical
27.4394,94.0335,1468.0,36.89784240722656,2592.49,1,79.75,Critical
28.4844,95.7958,1194.0,61.080810546875,2348.99,1,89.95,Critical
24.715977063249547,93.70591403647371,1533.0,28.649667739868164,1648.99,0,44.79,Moderate
27.491192496846075,88.45664221040808,1754.0,33.644378662109375,1707.7,0,61.59,High
25.922307554803226,92.7373028918,77.0,3.465388774871826,1218.05,0,0.0,Low
27.0429,93.018,435.0,57.66523361206055,1941.04,1,97.32,Critical
25.390809242417564,92.11568880952044,1350.0,16.821386337280273,2535.22,0,28.9,Moderate
28.3969,95.5016,874.0,36.04489135742188,2348.99,1,84.06,Critical
24.79195396630069,92.8467993639008,23.0,1.3806991577148438,2942.16,0,0.0,Low
25.37946160185271,93.64280166213366,882.0,16.739151000976562,1271.17,0,2.15,Low
28.4871,93.4681,2402.0,55.19456481933594,1535.18,1,90.84,Critical
27.71725131205473,93.3250553156483,1673.0,21.779407501220703,1971.8,0,37.02,Moderate
28.9928,94.7725,1678.0,46.65888977050781,1289.76,1,85.97,Critical
27.30256180569697,92.32409203712544,2593.0,22.98451232910156,1194.49,0,5.02,Low
25.613613250615145,92.51715264883954,910.0,10.183184623718262,2535.22,0,12.83,Low
27.6437,94.1084,2008.0,33.374698638916016,2567.19,1,40.65,Moderate
23.995667955066928,93.312345627589,838.0,14.81764793395996,1381.49,0,7.61,Low
23.960633547013312,94.05880296406352,1151.0,24.814905166625977,1381.49,0,10.22,Low
27.442195551547577,95.56394902995602,147.0,1.8607648611068728,1916.88,0,0.0,Low
23.93575563728988,91.770633506747,202.0,10.050729751586914,2322.27,0,8.09,Low
25.055806873306576,92.70272453045584,505.0,32.347938537597656,3573.05,0,39.14,Moderate
24.748465450538408,94.33520400185532,1137.0,25.1491756439209,1566.44,0,25.1,Moderate
27.7584,94.6298,966.0,49.47300720214844,2681.74,1,99.08,Critical
25.087,93.1599,1138.0,19.900257110595703,1648.99,1,21.91,Low
27.6851,94.559,784.0,50.72173690795898,2567.19,1,99.47,Critical
27.7918,94.3857,1363.0,33.82065200805664,2681.74,1,82.34,Critical
25.36556653954646,93.65151324686904,495.0,8.193743705749512,1271.17,0,5.86,Low
29.22350553091325,96.12300429078589,3626.0,39.43636322021485,1011.98,0,7.55,Low
27.73775534644942,94.15853209497185,1781.0,30.84161376953125,2567.19,0,39.09,Moderate
27.5823,92.9611,863.0,38.064361572265625,1971.8,1,80.1,Critical
28.4834,95.5766,2521.0,44.77581024169922,2348.99,1,83.27,Critical
25.5182,91.8082,1724.0,12.921180725097656,3717.5,1,51.49,High
25.89776587086304,90.9548053305927,454.0,25.05680084228516,3717.5,0,34.01,Moderate
28.271702588455543,93.8154158971741,3329.0,20.02147674560547,1535.18,0,39.01,Moderate
28.47647232184576,95.23612633304845,1128.0,22.42868423461914,2270.17,0,35.78,Moderate
23.7659,93.0763,948.0,14.99293041229248,1381.49,1,58.96,High
28.997686977287863,96.11521683208436,3310.0,23.171560287475582,1011.98,0,7.84,Low
27.19613375790209,93.90865454762331,116.0,2.279146194458008,2592.49,0,0.5,Low
28.3105,95.6006,1036.0,40.17181396484375,2348.99,1,89.33,Critical
28.7956,94.8927,636.0,56.01828384399414,1289.76,1,95.22,Critical
27.9788,95.1701,334.0,17.263830184936523,2724.38,1,81.84,Critical
27.4639,92.0933,2681.0,32.07863998413086,853.16,1,86.97,Critical
27.0462,92.7519,262.0,16.210987091064453,1421.55,1,96.82,Critical
28.1306,93.3138,1461.0,35.511009216308594,1472.72,1,88.85,Critical
27.963105591994324,96.87977267265128,3390.0,41.569244384765625,1471.65,0,6.68,Low
27.577013688544724,91.86683801997454,2645.0,19.7889347076416,853.16,0,30.2,Moderate
27.27509699063561,88.81536182066102,3035.0,35.71217727661133,1707.7,0,32.59,Moderate
28.7602,95.2442,2262.0,27.7358341217041,1289.76,1,73.98,High
25.33824585420493,92.729438559908,1078.0,7.1493821144104,2535.22,0,7.05,Low
27.7887,94.8691,316.0,31.07869529724121,2724.38,1,92.22,Critical
28.23347863235396,93.3719675614157,2157.0,13.529107093811035,1472.72,0,20.32,Low
23.67544382884484,91.78260698297608,170.0,3.4444522857666016,2396.11,0,3.77,Low
23.5416,92.4012,326.0,32.396507263183594,2148.54,1,82.19,Critical
28.06618983429649,92.9637507308473,4439.0,22.28190040588379,1472.72,0,0.68,Low
27.4112,93.9939,1284.0,54.49739837646485,2592.49,1,89.42,Critical
22.567049791712435,92.7847538732974,565.0,25.41041374206543,2496.59,0,58.99,High
27.5162,94.1707,534.0,44.39128494262695,2567.19,1,97.68,Critical
25.813213906391987,90.5316898435196,154.0,11.606908798217772,3693.54,0,4.04,Low
28.659,96.2347,1942.0,37.16671371459961,1891.54,1,77.18,Critical
28.9994,95.4335,2892.0,44.71696853637695,1248.72,1,86.77,Critical
26.9728,92.5866,252.0,16.326717376708984,1421.55,1,92.27,Critical
26.79963891728569,93.60748467571156,77.0,2.7901766300201416,2204.32,0,0.5,Low
25.75238900962562,90.35351552789793,366.0,13.128863334655762,3693.54,0,5.01,Low
27.8029,94.5544,616.0,39.74739456176758,2681.74,1,92.6,Critical
27.2814,88.0987,1711.0,40.76927185058594,1690.33,1,75.39,Critical
28.03010398300404,88.78855992511039,5298.0,1.40187406539917,1707.7,0,0.5,Low
26.4393666343388,92.986180628319,81.0,2.780332565307617,1427.25,0,0.0,Low
23.49464762119566,93.11043033972724,777.0,27.212921142578125,1327.95,0,8.47,Low
23.9742,92.869,428.0,21.57818603515625,1381.49,1,25.41,Moderate
28.8708,96.4612,3639.0,49.31634521484375,1011.98,1,71.58,High
25.644238551000047,91.37112304706795,1709.0,10.572224617004396,3693.54,0,12.41,Low
26.9457,92.1274,640.0,19.58527374267578,1154.3,1,88.3,Critical
27.8496,93.8104,2047.0,33.490169525146484,2320.86,1,65.45,High
23.344488533731383,91.45087068496582,67.0,3.853207588195801,2396.11,0,2.0,Low
27.8027,94.5471,756.0,31.7292537689209,2681.74,1,85.64,Critical
28.6905,95.5744,2815.0,42.41584777832031,2348.99,1,82.16,Critical
26.9661,93.0979,505.0,35.11225128173828,1941.04,1,93.41,Critical
23.6193,93.0881,1087.0,11.98517894744873,1327.95,1,22.38,Low
27.37458971912988,96.39208006427322,1180.0,25.79995918273925,2174.9,0,39.01,Moderate
29.1688,94.8709,2883.0,36.97783279418945,1289.76,1,73.34,High
26.12,94.8071,1021.0,16.08823013305664,1669.48,1,56.56,High
27.227439407194925,93.21977543488264,2073.0,21.477344512939453,1941.04,0,22.19,Low
29.013209050313467,94.25065920088186,3404.0,30.718536376953125,1158.49,0,8.97,Low
28.1821,96.3853,2371.0,36.11252975463867,2484.94,1,81.36,Critical
27.50339616673602,94.9772437166079,113.0,3.637852430343628,2357.98,0,4.26,Low
25.123380844262893,93.2692782760686,688.0,30.507577896118164,1648.99,0,47.54,Moderate
28.196,93.4054,1554.0,33.75070571899414,1472.72,1,79.58,Critical
28.464492085361737,93.36759001953476,3062.0,45.57647705078125,912.05,0,89.65,Critical
26.974,92.3518,730.0,29.9694938659668,1421.55,1,97.59,Critical
27.4003,88.281,1638.0,42.815650939941406,1690.33,1,79.25,Critical
27.215405672890626,95.7543593720817,383.0,6.372047424316406,1916.88,0,12.75,Low
27.2445018916132,92.5459981869636,2112.0,22.97285842895508,1421.55,0,21.6,Low
25.21812676958708,94.19284217634102,1157.0,16.131622314453125,1566.44,0,13.05,Low
27.6422,94.3277,637.0,48.23068618774414,2567.19,1,99.21,Critical
28.1276579330919,97.14145379555004,3805.0,28.79509353637696,1471.65,0,4.64,Low
27.123764138558908,95.16475604798092,112.0,0.0,1941.69,0,0.0,Low
26.9793,92.3979,420.0,28.624380111694336,1421.55,1,89.01,Critical
26.38559444843729,90.54301066270384,244.0,15.470857620239258,3717.5,0,12.15,Low
23.32670126031527,93.0644567245578,1316.0,41.81611251831055,1327.95,0,39.78,Moderate
26.208667583004143,94.46226826956114,728.0,14.154851913452148,1566.44,0,55.5,High
23.237473430960325,93.06110066001936,614.0,22.410064697265625,1506.81,0,21.91,Low
28.5337,95.2388,1331.0,49.480899810791016,2270.17,1,93.01,Critical
27.07121257554079,92.61401633110016,994.0,34.00079727172852,1421.55,0,38.98,Moderate
24.69780077805411,94.1439652407262,968.0,9.705862998962402,1648.99,0,7.99,Low
27.1157,92.8854,691.0,34.30484390258789,1941.04,1,94.24,Critical
25.65611397139951,93.11341416599248,291.0,11.166708946228027,1271.17,0,1.53,Low
27.1121,92.9446,661.0,23.16248321533203,1941.04,1,79.96,Critical
25.48960207338365,91.4579512281852,1575.0,5.523651123046875,3693.54,0,2.19,Low
26.4805,94.791,752.0,23.850486755371094,1819.61,1,84.19,Critical
25.72793968055155,94.99065123386757,2733.0,44.94938278198242,1669.48,0,27.06,Moderate
27.862151246488057,93.18803939971158,3238.0,21.845468521118164,1472.72,0,10.4,Low
26.9884,92.5348,321.0,32.50738525390625,1421.55,1,97.19,Critical
23.6554,92.7133,811.0,30.51192283630371,2148.54,1,75.4,Critical
27.404563603370708,95.49488136198954,149.0,3.8603036403656006,1916.88,0,0.51,Low
26.9757,95.6561,788.0,36.86484909057617,1916.88,1,87.65,Critical
28.0278,93.1771,2850.0,16.60973358154297,1472.72,1,56.11,High
28.186138037066748,93.66676331441786,1432.0,13.033791542053224,2320.86,0,41.75,Moderate
26.05046397150781,95.12650542132184,2028.0,24.31119155883789,1669.48,0,36.35,Moderate
27.2918,88.2619,1575.0,25.2408504486084,1690.33,1,59.8,High
26.9648,93.1375,298.0,8.568550109863281,1941.04,1,96.19,Critical
27.7711,93.8312,963.0,17.5248966217041,2320.86,1,57.23,High
26.9932,92.9501,232.0,22.1827335357666,1941.04,1,89.28,Critical
27.0457,92.6485,350.0,10.907781600952148,1421.55,1,85.88,Critical
26.94672164446068,92.51820928535396,169.0,3.624640703201294,1421.55,0,5.0,Low
27.50121547697584,96.24008930755576,249.0,2.1330714225769043,2174.9,0,2.11,Low
23.3375,92.6275,555.0,18.60476493835449,2148.54,1,65.1,High
27.4627,93.7899,1303.0,13.122904777526855,2592.49,1,52.35,High
28.8671904819986,94.78799979350784,356.0,45.55974578857422,1289.76,0,40.16,Moderate
28.022720369580647,96.11178299132716,327.0,2.8019683361053467,2484.94,0,1.32,Low
26.18582016354695,92.4496334702423,62.0,1.861094951629639,1218.05,0,0.0,Low
26.2635,94.3642,789.0,22.645240783691406,1747.44,1,77.0,Critical
27.55419011980608,96.1702733762738,496.0,28.709413528442383,2174.9,0,67.74,High
27.4286,94.0574,662.0,57.63019943237305,2567.19,1,98.52,Critical
28.2666,95.5192,1103.0,49.01177978515625,2348.99,1,96.19,Critical
26.9629,93.1,459.0,19.263813018798828,1941.04,1,89.53,Critical
23.6357,92.6148,693.0,17.26316261291504,2148.54,1,56.63,High
27.6478,94.1116,1779.0,60.83267211914063,2567.19,1,96.9,Critical
29.1642,94.861,2548.0,35.58677673339844,1289.76,1,86.95,Critical
26.38413008702833,90.55218411867446,97.0,11.222699165344238,3717.5,0,3.07,Low
27.3742,93.9007,769.0,38.68120574951172,2592.49,1,91.23,Critical
25.530784984533284,90.23392262468458,429.0,16.191804885864258,3693.54,0,3.97,Low
26.0555,94.4372,648.0,22.61271095275879,1566.44,1,76.69,Critical
28.3522,93.4217,3113.0,43.6727409362793,912.05,1,90.63,Critical
27.7975,94.5389,557.0,37.43085861206055,2681.74,1,94.31,Critical
23.79999234435704,92.37608476279522,483.0,26.672348022460938,2141.49,0,63.09,High
26.43998718218829,93.1856389771899,716.0,9.601522445678713,1427.25,0,11.36,Low
28.86099391973652,94.53162216907656,2399.0,42.62203979492188,1158.49,0,26.66,Moderate
27.43744042876472,92.7337704073974,1856.0,23.226707458496094,1194.49,0,6.29,Low
28.331280941983284,95.83053241180728,2046.0,45.65364074707031,2348.99,0,48.31,Moderate
27.2046,92.9375,1033.0,52.42892456054688,1941.04,1,97.52,Critical
28.2679,96.1148,1334.0,32.83678436279297,1891.54,1,58.16,High
28.39472706589355,94.79832020203914,1372.0,31.10946273803711,2270.17,0,34.46,Moderate
26.9601,93.1174,325.0,5.567056655883789,1941.04,1,93.92,Critical
27.6784,94.7374,278.0,21.10741424560547,2357.98,1,76.38,Critical
26.9827,92.6086,425.0,25.706727981567383,1421.55,1,97.45,Critical
27.798003815994303,95.72930320281336,128.0,3.7174224853515625,2817.65,0,0.05,Low
25.9916,94.4109,827.0,34.34604263305664,1566.44,1,84.86,Critical
25.652804873939125,94.5902228611568,963.0,6.317803382873535,1566.44,0,12.39,Low
26.9322,93.102,266.0,11.842740058898926,1941.04,1,94.8,Critical
27.1131,92.8252,623.0,25.80488967895508,1421.55,1,98.24,Critical
27.7444,94.4283,413.0,24.56174087524414,2567.19,1,82.84,Critical
26.87117973446305,95.2298811210846,1151.0,22.70005798339844,1941.69,0,34.12,Moderate
26.556780880743748,93.55054798858716,145.0,23.469932556152344,1649.52,0,9.04,Low
26.863552078739684,93.23676192457712,103.0,2.0747275352478027,1941.04,0,0.0,Low
26.80119312270087,90.52531932660082,161.0,2.1300737857818604,1708.67,0,0.0,Low
23.263038098077416,92.59097838232807,500.0,36.07453155517578,2148.54,0,74.09,High
23.6135,92.3958,448.0,17.804025650024414,2148.54,1,70.12,High
27.244976461832525,92.68964804412798,1281.0,35.74092102050781,1421.55,0,89.85,Critical
27.16990100027862,93.15280390633394,1578.0,16.904626846313477,1941.04,0,35.56,Moderate
26.1115,94.2022,453.0,16.54961395263672,1566.44,1,80.78,Critical
27.7962,94.5564,630.0,30.257301330566406,2681.74,1,88.34,Critical
26.488,94.7434,520.0,32.63103103637695,1819.61,1,91.87,Critical
26.79657941307178,91.6531835703596,162.0,9.719952583312988,1154.3,0,3.0,Low
27.0394,93.0443,787.0,55.41289520263672,1941.04,1,98.75,Critical
25.3647,91.6998,1177.0,36.72236251831055,3717.5,1,84.89,Critical
28.5044,93.8334,2273.0,53.6303596496582,1535.18,1,94.03,Critical
26.78859005900568,94.74363520864264,105.0,0.9307144284248352,1819.61,0,0.0,Low
25.1896,91.5488,100.0,25.69743537902832,4780.93,1,60.33,High
26.448895661350846,93.00984748295922,80.0,3.099194049835205,1427.25,0,0.0,Low
26.30029799742892,90.60481769973896,47.0,5.472414016723633,3717.5,0,1.0,Low
28.9492,94.7026,1397.0,46.95574951171875,1289.76,1,86.4,Critical
26.9401,93.1448,271.0,18.15292930603028,1941.04,1,94.31,Critical
27.0595,92.3473,1339.0,50.75081634521485,1421.55,1,94.53,Critical
26.39115261221292,92.83216079496232,72.0,2.7797021865844727,1427.25,0,0.0,Low
27.7928,94.3858,1435.0,26.78765296936035,2681.74,1,67.2,High
27.335265438109086,96.18505811080836,578.0,15.536321640014648,2174.9,0,46.02,Moderate
28.376161050683955,95.42995248661894,933.0,44.98335266113281,2348.99,0,55.48,High
23.61317721236042,91.83276253072708,122.0,10.989906311035156,2396.11,0,15.68,Low
25.626224184891267,90.77702468816078,365.0,17.476335525512695,3693.54,0,6.89,Low
26.4257,94.8883,561.0,22.539480209350582,1819.61,1,79.65,Critical
26.9876,93.2626,619.0,50.440406799316406,1941.04,1,99.55,Critical
23.687977803620377,91.8904641393421,162.0,18.93801689147949,2396.11,0,9.2,Low
26.954865679520548,93.91517992774553,81.0,2.790115594863892,2204.32,0,0.5,Low
28.54978405728884,95.28062977155236,2032.0,16.977516174316406,2270.17,0,25.37,Moderate
27.11376175440859,92.97247716399004,710.0,28.15920066833496,1941.04,0,73.71,High
25.711537421767893,92.52166590902914,829.0,16.75741958618164,1218.05,0,0.96,Low
27.7686,94.7222,584.0,39.00040435791016,2724.38,1,90.41,Critical
24.25201056645464,92.56639048309944,202.0,5.14854097366333,2942.16,0,2.97,Low
27.3555,88.0833,3042.0,25.836605072021484,1690.33,1,79.9,Critical
27.1938,88.1573,1921.0,30.749412536621094,2181.41,1,70.67,High
23.224532089005447,93.20249423002726,742.0,31.1185302734375,1506.81,0,28.54,Moderate
27.19162121605892,92.7559566295794,429.0,12.589315414428713,1421.55,0,41.57,Moderate
26.9342,92.1512,568.0,31.263931274414062,1421.55,1,98.67,Critical
24.954831996964547,93.99956735787192,802.0,3.855781555175781,1271.17,0,0.0,Low
23.89185168547796,91.93526665855327,220.0,11.870739936828612,2322.27,0,18.8,Low
26.9935,92.3201,1279.0,16.21845245361328,1421.55,1,57.34,High
27.1688,92.6605,531.0,27.82095718383789,1421.55,1,98.37,Critical
27.1447,93.049,1572.0,34.19843292236328,1941.04,1,73.31,High
27.208,92.8695,821.0,56.77616500854492,1941.04,1,93.25,Critical
24.48734454363776,94.3698827478944,335.0,23.59721565246582,1381.49,0,10.63,Low
24.617167207640342,92.69575937620968,51.0,2.757730960845948,2942.16,0,0.0,Low
25.09450734433735,94.64816019638393,1060.0,35.85852813720703,1566.44,0,50.83,High
25.4697,92.4946,1006.0,23.194324493408203,2535.22,1,79.63,Critical
23.530687873113965,92.33996182591416,176.0,25.47232437133789,2148.54,0,15.43,Low
24.52772092588144,93.40373551100124,510.0,47.05324935913086,1625.06,0,49.38,Moderate
26.9829,93.3473,636.0,38.70003128051758,1941.04,1,91.08,Critical
26.1259,94.3853,383.0,27.966419219970703,1566.44,1,85.07,Critical
25.722810976337414,93.29139785987428,170.0,7.165812015533447,1271.17,0,1.5,Low
25.9874,94.9547,1542.0,36.69118881225586,1669.48,1,71.95,High
29.15373150907463,94.6240470786168,3180.0,37.902488708496094,1289.76,0,35.11,Moderate
27.724,94.4715,474.0,20.345083236694336,2567.19,1,78.02,Critical
23.198060908761395,91.35885313038722,47.0,4.128741264343262,2396.11,0,1.78,Low
25.844103865363817,92.99370611889478,114.0,4.246514797210693,1218.05,0,0.5,Low
26.40621885082216,90.57670495667573,193.0,23.2131404876709,3717.5,0,35.93,Moderate
23.68055320007534,91.83393756257964,179.0,6.490408420562744,2396.11,0,18.54,Low
23.628,92.4804,542.0,37.5379753112793,2148.54,1,88.43,Critical
25.72766026727569,91.1251258721476,972.0,8.241613388061523,3693.54,0,0.05,Low
25.18525275943984,92.54938280678309,542.0,19.69356155395508,3573.05,0,10.41,Low
23.988491915571284,91.6886280285065,81.0,16.855382919311523,2322.27,0,8.37,Low
26.9914,92.5408,530.0,37.33052062988281,1421.55,1,98.61,Critical
28.3327,93.4692,3015.0,51.149322509765625,1535.18,1,89.62,Critical
27.7953,94.5731,676.0,20.00589370727539,2681.74,1,57.7,High
26.27415457746956,92.43069813802155,60.0,2.778183937072754,1218.05,0,0.0,Low
27.2895,88.5517,1775.0,50.31682586669922,1707.7,1,92.39,Critical
27.0273,92.1704,949.0,40.800235748291016,1421.55,1,93.05,Critical
26.1147,94.468,869.0,45.801048278808594,1566.44,1,92.23,Critical
26.9786,92.2781,828.0,45.42499542236328,1421.55,1,98.57,Critical
23.866329548628663,91.55116641205136,128.0,10.567598342895508,2322.27,0,8.17,Low
26.049433976208928,92.2328300824817,144.0,9.382704734802246,1218.05,0,3.08,Low
27.1518,92.0689,1977.0,24.73141098022461,1154.3,1,89.79,Critical
23.4015,92.824,622.0,17.930099487304688,2148.54,1,65.85,High
27.24164163666266,95.39684849187232,125.0,1.0411871671676636,1916.88,0,0.0,Low
23.97084048807637,91.8944819816082,109.0,15.2915678024292,2322.27,0,23.08,Low
27.12365808509396,94.5069482157038,89.0,0.0,1747.44,0,0.0,Low
26.78730675055009,95.3349921047937,507.0,25.216270446777344,1941.69,0,53.35,High
28.09300831947377,93.33806305024352,1499.0,18.8592529296875,1472.72,0,52.12,High
28.38775376271148,94.67562600060062,487.0,16.9668025970459,2030.02,0,32.04,Moderate
24.346895308145747,92.47946824155358,328.0,19.02099800109864,2942.16,0,48.94,Moderate
27.0746,92.8341,528.0,22.804941177368164,1421.55,1,89.96,Critical
28.464,94.4407,2526.0,37.75534439086914,2030.02,1,63.68,High
27.788188803631563,93.14377008870176,2164.0,39.97381210327149,1472.72,0,60.14,High
27.633117773264587,95.30189780853384,116.0,2.9785122871398926,2724.38,0,2.0,Low
28.3007,94.2994,2024.0,41.87040328979492,2030.02,1,76.06,Critical
28.31816905287597,94.33576245684368,2384.0,28.51849365234375,2030.02,0,40.14,Moderate
24.952539327182745,94.00536910464707,820.0,21.945289611816406,1271.17,0,19.15,Low
28.2607,95.1695,1073.0,20.68645095825196,2270.17,1,64.41,High
25.61500736343179,90.43314956578996,548.0,4.1506829261779785,3693.54,0,0.09,Low
27.427629091020744,94.3466951467844,96.0,0.9306297898292542,2567.19,0,0.0,Low
26.029,94.1969,667.0,28.92165756225586,1566.44,1,86.68,Critical
27.8779,96.429,1769.0,46.36092758178711,2484.94,1,92.08,Critical
26.3417,94.4697,872.0,38.69791030883789,1747.44,1,80.57,Critical
25.99964698733105,91.28097202323052,72.0,8.061808586120605,3717.5,0,0.5,Low
27.0504,92.5205,1573.0,51.2966423034668,1421.55,1,91.93,Critical
26.9422,93.0789,431.0,7.289510726928711,1941.04,1,88.79,Critical
28.8081,94.6342,1844.0,31.49990463256836,1158.49,1,54.25,High
28.282,93.2546,3155.0,58.83537673950195,912.05,1,91.84,Critical
26.2942,94.5579,671.0,11.077831268310549,1747.44,1,57.37,High
27.1162,88.142,894.0,21.878517150878903,2181.41,1,75.02,Critical
27.1384,92.9264,678.0,31.00806427001953,1941.04,1,89.98,Critical
24.279735163393354,93.690213593427,874.0,18.76700782775879,1381.49,0,5.33,Low
28.809555673919377,94.06777777786311,3472.0,25.48816299438477,1158.49,0,4.14,Low
22.419630343464352,92.6484911429651,91.0,2.208237409591675,2496.59,0,0.0,Low
27.50704372598324,95.48034482405504,128.0,2.28443455696106,1916.88,0,0.0,Low
28.6972,95.143,2558.0,49.19712066650391,2270.17,1,86.14,Critical
27.55935793745568,94.64009886430068,108.0,2.9782960414886475,2567.19,0,0.0,Low
28.2213,93.3211,2725.0,18.15910148620605,1472.72,1,68.61,High
28.8538,94.8562,1164.0,27.51823616027832,1289.76,1,73.22,High
25.76996330404881,94.10904814971887,1226.0,25.986129760742188,1566.44,0,25.26,Moderate
25.9253622236871,91.6489936491044,415.0,15.060128211975098,1708.67,0,32.53,Moderate
28.3219,95.8916,2054.0,29.033191680908203,2348.99,1,67.8,High
25.9647,94.3469,491.0,29.2502384185791,1566.44,1,88.68,Critical
27.8757,94.6263,1396.0,50.1956672668457,2681.74,1,97.65,Critical
28.0056,94.0403,1148.0,43.66860580444336,2320.86,1,74.05,High
26.9738,92.5945,184.0,14.942986488342283,1421.55,1,53.38,High
25.808852142271,94.4972119545982,1006.0,23.18192672729492,1566.44,0,39.78,Moderate
26.491557546649524,91.3377464386934,50.0,2.128788709640503,1708.67,0,0.0,Low
27.02055657666931,93.56181301104326,492.0,48.58739471435547,2204.32,0,94.64,Critical
28.1805,93.1285,1816.0,51.35757446289063,1472.72,1,98.08,Critical
27.60299415390352,95.66010616456936,141.0,1.8607218265533447,2291.38,0,0.0,Low
27.9049,96.3759,1077.0,46.71572113037109,2484.94,1,92.87,Critical
28.1026,96.2239,2333.0,29.528663635253903,2484.94,1,77.06,Critical
26.0471,94.8782,1113.0,12.81446933746338,1669.48,1,34.01,Moderate
27.3799,93.9168,427.0,26.12198638916016,2592.49,1,84.61,Critical
24.207201321948737,92.9100203366937,353.0,29.36534881591797,1381.49,0,14.09,Low
28.52171019868853,93.37521955164812,4255.0,3.493375301361084,912.05,0,5.5,Low
28.69882517507701,95.38899499544794,3100.0,20.295854568481445,2270.17,0,20.09,Low
27.1093,92.9007,835.0,39.16880798339844,1941.04,1,94.87,Critical
27.7736,96.3595,616.0,48.67234420776367,2484.94,1,96.34,Critical
26.0456,94.4834,779.0,29.26328086853028,1566.44,1,82.98,Critical
26.9902,92.5416,445.0,51.55432891845703,1421.55,1,99.96,Critical
25.885785929443948,90.9865261958502,148.0,26.846525192260746,3717.5,0,54.06,High
27.9011,96.3193,358.0,57.813255310058594,2484.94,1,96.22,Critical
25.953188817176,93.74803195809916,157.0,5.661057949066162,1306.28,0,5.08,Low
25.045463738126365,94.20608667799088,1607.0,23.129478454589844,1566.44,0,23.01,Low
24.265508913015307,93.16521691457892,646.0,23.768041610717773,1625.06,0,39.47,Moderate
26.9914,92.5351,507.0,47.447227478027344,1421.55,1,99.17,Critical
27.189,92.8331,543.0,56.50599670410156,1421.55,1,98.88,Critical
25.57777669305034,93.67941567227436,656.0,21.15522003173828,1306.28,0,19.64,Low
25.3608,91.8815,1514.0,31.467395782470703,3717.5,1,96.35,Critical
27.7758940250056,96.8161726844788,2421.0,25.98971939086914,1471.65,0,17.02,Low
28.77315076504889,94.22820539337036,2697.0,37.9647216796875,1158.49,0,40.16,Moderate
27.386718765662977,94.56899940270088,100.0,0.9306352138519288,2567.19,0,0.0,Low
23.309,92.8671,892.0,24.19352531433105,1327.95,1,17.69,Low
25.62049883426378,94.35815218452836,1837.0,19.45441627502441,1566.44,0,13.37,Low
24.592854545855865,93.54710975360192,1088.0,15.873605728149414,1625.06,0,12.63,Low
27.2707,88.2133,854.0,26.147151947021484,1690.33,1,76.53,Critical
26.0489,94.4855,791.0,32.59088134765625,1566.44,1,85.48,Critical
26.9417,93.1039,272.0,8.566244125366211,1941.04,1,91.01,Critical
28.2722,95.7818,799.0,49.13368225097656,2348.99,1,97.75,Critical
26.007,94.0214,460.0,42.25020599365234,1306.28,1,95.28,Critical
26.974,92.5977,198.0,11.27910041809082,1421.55,1,91.69,Critical
25.426714140621616,93.07020235528113,294.0,10.067938804626465,1271.17,0,4.84,Low
27.644629642841217,92.1676196983683,4321.0,2.133702516555786,1194.49,0,2.5,Low
28.2012,93.5065,1536.0,57.75248718261719,2320.86,1,84.99,Critical
27.091444028918392,94.39225136576158,92.0,1.3953304290771484,2567.19,0,0.0,Low
26.48748343248033,94.4168733872909,368.0,20.574859619140625,1747.44,0,44.52,Moderate
26.18105465433361,93.18096113872622,307.0,6.8028740882873535,1427.25,0,7.04,Low
28.6796,94.3898,2576.0,21.97506332397461,2030.02,1,56.31,High
25.83684200063636,90.04969195851176,42.0,7.172560214996338,3693.54,0,2.5,Low
26.828554633765687,95.07733736235684,288.0,11.64301586151123,1819.61,0,47.08,Moderate
25.592176963146947,89.97674331025287,30.0,4.499495506286621,3693.54,0,0.0,Low
24.035,92.9781,484.0,22.13028335571289,1381.49,1,54.59,High
28.0835,96.4918,1247.0,38.45644378662109,2484.94,1,91.68,Critical
26.0374,94.0547,359.0,40.29023742675781,1566.44,1,86.81,Critical
28.7244,95.0271,1678.0,53.82925796508789,2270.17,1,93.93,Critical
28.90397771975168,94.8517545602675,1758.0,12.607349395751951,1289.76,0,8.94,Low
26.5253,94.675,731.0,41.17606735229492,1819.61,1,92.31,Critical
26.340986682281635,91.84553380056693,53.0,1.0330017805099487,1708.67,0,0.0,Low
28.0734,93.2764,1524.0,43.28145980834961,1472.72,1,85.62,Critical
26.3075031526864,90.98727674129285,43.0,5.232706546783447,1708.67,0,0.0,Low
26.56940128849029,94.03917009239312,96.0,3.7180721759796143,1747.44,0,0.5,Low
27.1238,92.8476,443.0,39.76984024047852,1421.55,1,99.56,Critical
27.91270843752868,96.73155971891208,2654.0,43.55600738525391,1471.65,0,11.57,Low
24.007604865523856,91.42570336521014,39.0,3.719359397888184,2414.95,0,0.0,Low
27.5442408739432,96.17256245763402,297.0,6.228231906890869,2174.9,0,12.41,Low
27.794,94.3895,1171.0,28.987977981567383,2681.74,1,69.41,High
25.618200949101777,94.1050293706124,1845.0,20.34089469909668,1566.44,0,15.84,Low
27.0521,93.2862,1138.0,42.43429946899414,1941.04,1,91.31,Critical
28.5711,95.2434,929.0,29.65089607238769,2270.17,1,81.13,Critical
27.2751,88.269,714.0,36.87940216064453,1690.33,1,90.53,Critical
27.8038,94.5601,646.0,35.26032257080078,2681.74,1,88.5,Critical
28.1342319679728,96.70492597297496,1853.0,28.417131423950195,1471.65,0,36.07,Moderate
27.9061766496698,93.44419603520112,1090.0,21.037181854248047,1472.72,0,27.42,Moderate
25.47741974750897,92.68704719148494,604.0,4.199239730834961,2535.22,0,3.02,Low
26.5104,94.7817,766.0,21.08187484741211,1819.61,1,76.58,Critical
28.5517,94.4591,2184.0,35.268463134765625,2030.02,1,71.15,High
26.1025,94.3755,431.0,20.83089828491211,1566.44,1,86.68,Critical
26.9896,92.277,1315.0,28.08987617492676,1421.55,1,84.18,Critical
27.0675,92.658,439.0,29.521398544311523,1421.55,1,95.12,Critical
27.0569,92.6747,280.0,15.641279220581056,1421.55,1,97.48,Critical
24.14511030049292,93.21125581398496,1305.0,22.92434883117676,1381.49,0,6.7,Low
23.762468975864746,92.95401517935362,856.0,34.30033874511719,1381.49,0,7.58,Low
28.1767,93.4817,2401.0,42.79931640625,2320.86,1,53.32,High
27.70074502234685,93.8303323832043,1523.0,14.70529842376709,2592.49,0,29.96,Moderate
27.0687,92.8981,745.0,46.42309188842773,1941.04,1,99.4,Critical
28.136,95.1299,366.0,49.47996139526367,2724.38,1,99.39,Critical
26.9413,93.0838,348.0,12.284650802612305,1941.04,1,88.6,Critical
27.8515,93.2601,1623.0,42.81911849975586,1472.72,1,88.22,Critical
25.07075490486811,94.32743205973368,1413.0,22.72677993774414,1566.44,0,20.48,Low
27.896496371150864,97.19149146383256,2817.0,42.7051010131836,1471.65,0,8.43,Low
28.887716709263163,95.66089263708314,3227.0,54.65997695922852,1248.72,0,37.9,Moderate
27.45853501031651,93.47625413594788,1793.0,25.402362823486328,1971.8,0,45.8,Moderate
25.2398,92.5955,1274.0,22.75141906738281,3573.05,1,56.66,High
24.974753684752805,94.16831367141891,1107.0,29.44416618347168,1566.44,0,41.65,Moderate
27.46474151552712,94.30021755663428,107.0,4.187038421630859,2567.19,0,1.17,Low
25.27779080114294,90.275490141456,41.0,5.51847505569458,3693.54,0,0.5,Low
27.22048359562708,94.1407619039878,87.0,1.0409908294677734,2592.49,0,0.0,Low
25.73568148183989,90.07603927184772,169.0,12.957429885864258,3693.54,0,3.04,Low
28.54810142383599,95.18209848495296,1161.0,13.94361400604248,2270.17,0,61.04,High
26.40938886818449,94.4905817113754,575.0,21.837677001953125,1747.44,0,57.46,High
28.5493,95.6888,1585.0,13.781118392944336,2348.99,1,63.31,High
27.5524,94.1864,296.0,28.68225860595703,2567.19,1,86.95,Critical
26.534,94.8856,436.0,25.88822555541992,1819.61,1,84.47,Critical
27.6249,96.1011,472.0,31.933687210083008,2174.9,1,84.29,Critical
25.537266086230986,93.83190013699628,1171.0,36.569583892822266,1306.28,0,29.54,Moderate
27.2258,92.9356,669.0,31.520557403564453,1941.04,1,90.2,Critical
27.1071,92.9831,744.0,40.17892837524414,1941.04,1,96.81,Critical
26.03801596301197,94.69226472020416,1614.0,21.12231063842773,1669.48,0,31.42,Moderate
23.32368294443036,92.73920041338232,554.0,23.347143173217773,2148.54,0,60.8,High
24.0734,91.749,229.0,2.791210412979126,2322.27,1,19.07,Low
28.1782,95.9163,1495.0,65.07513427734375,2817.65,1,98.32,Critical
26.9767,95.6367,1179.0,32.718101501464844,1916.88,1,67.24,High
27.731995619570487,95.38596103910837,121.0,7.605517387390137,2724.38,0,5.7,Low
24.905079883455777,94.3809001374865,705.0,28.397764205932617,1566.44,0,71.11,High
27.7455,94.4647,405.0,25.979841232299805,2567.19,1,85.01,Critical
27.862451198294146,95.543350495411,129.0,2.0934159755706787,2724.38,0,0.0,Low
27.6879,94.5609,693.0,43.927978515625,2567.19,1,98.08,Critical
27.0596,92.9876,587.0,63.59818649291992,1941.04,1,98.06,Critical
28.16351435863724,94.32968652163116,2121.0,27.61747360229492,2681.74,0,23.49,Low
28.0443,96.2271,1200.0,55.09395599365234,2484.94,1,96.04,Critical
24.69146127247566,93.33071774321029,538.0,38.67916870117188,1648.99,0,59.86,High
28.60676430510652,94.10698695624085,1921.0,0.0,2030.02,0,7.7,Low
28.481,93.3573,3351.0,47.19291687011719,912.05,1,97.35,Critical
26.949,92.1236,558.0,29.055265426635746,1154.3,1,96.42,Critical
28.24,95.4733,1209.0,32.186676025390625,2817.65,1,84.43,Critical
25.2615,93.2517,853.0,32.7602424621582,1271.17,1,67.81,High
28.1909,93.142,2453.0,36.81822967529297,1472.72,1,80.17,Critical
27.2062,92.8762,827.0,52.37228775024414,1941.04,1,99.34,Critical
28.670235809539573,96.29395105062316,2784.0,35.48799514770508,1891.54,0,27.37,Moderate
26.45451292459537,92.8310287185798,69.0,1.3910833597183228,1941.04,0,0.0,Low
26.074,94.8117,979.0,37.69882583618164,1669.48,1,74.74,High
27.539,92.4485,3207.0,31.16914176940918,1194.49,1,52.59,High
25.632743752334267,94.49235353438095,1411.0,35.21372985839844,1566.44,0,58.16,High
27.481316586254085,94.93592112460271,111.0,2.1329853534698486,2357.98,0,1.0,Low
26.0805,94.8744,1491.0,18.89183807373047,1669.48,1,65.17,High
26.9792,92.5898,232.0,19.37069320678711,1421.55,1,97.64,Critical
28.0557,96.1219,737.0,25.250450134277344,2484.94,1,78.83,Critical
25.0881,93.1717,816.0,18.91238021850586,1648.99,1,57.13,High
27.2282,88.3086,739.0,41.36478805541992,2181.41,1,91.7,Critical
25.100491775994552,93.90722351864478,1430.0,14.124713897705078,1271.17,0,5.6,Low
28.1943,93.4048,1378.0,41.25947952270508,1472.72,1,84.7,Critical
28.6685,95.8097,1892.0,24.34999084472656,2348.99,1,79.44,Critical
24.873679608489,92.8021386583274,22.0,3.855644702911377,3573.05,0,0.0,Low
26.9948,92.5669,602.0,58.39942169189453,1421.55,1,98.96,Critical
23.60102142233373,93.15018350534272,816.0,23.13230323791504,1327.95,0,14.72,Low
28.4756,95.8578,985.0,23.858922958374023,2348.99,1,86.01,Critical
27.0904,92.9937,584.0,43.84895706176758,1941.04,1,98.45,Critical
26.729122488019936,93.77795701802694,85.0,2.129772901535034,2204.32,0,1.5,Low
26.9371,92.1863,662.0,32.90878677368164,1421.55,1,99.11,Critical
26.0075,94.0184,613.0,31.04817008972168,1306.28,1,83.58,Critical
26.978,92.5866,279.0,24.21685028076172,1421.55,1,98.53,Critical
28.640860808555274,95.85009325909874,859.0,30.31050491333008,2348.99,0,84.32,Critical
27.1734,93.7345,439.0,40.095802307128906,2204.32,1,89.87,Critical
26.9637,92.2967,641.0,46.03986358642578,1421.55,1,99.63,Critical
27.7876,94.3038,486.0,44.44573974609375,2681.74,1,95.38,Critical
27.24689457347584,92.58241519693856,1815.0,27.66116142272949,1421.55,0,46.58,Moderate
27.0875,92.745,448.0,27.046995162963867,1421.55,1,96.79,Critical
28.365138032654155,94.61464404433518,731.0,15.945281982421877,2030.02,0,40.8,Moderate
24.394304130714072,93.00490055474758,188.0,17.952184677124023,1625.06,0,8.91,Low
28.511560702536727,94.67508249608682,1050.0,35.74020004272461,2270.17,0,54.31,High
25.73064099594102,93.51315215110812,211.0,2.973241806030273,1271.17,0,0.5,Low
28.1451,96.072,1857.0,36.3762321472168,2484.94,1,90.71,Critical
27.12928355235153,95.60290728981045,644.0,27.748065948486328,1916.88,0,84.78,Critical
26.9527,93.0321,351.0,13.530668258666992,1941.04,1,93.38,Critical
27.794,92.9737,2705.0,35.26153945922852,1472.72,1,77.58,Critical
26.8986653478969,92.322341043828,188.0,3.8593053817749023,1421.55,0,5.5,Low
27.5382,94.0891,993.0,38.0873908996582,2567.19,1,91.47,Critical
27.88983081415282,93.54034583572596,1323.0,31.26317977905273,2320.86,0,31.74,Moderate
26.85253778312668,94.83584499991076,127.0,2.2734017372131348,1941.69,0,0.0,Low
27.55376178738925,95.34556689340197,124.0,1.0441157817840576,2724.38,0,0.0,Low
25.16038533403412,93.51273687380612,357.0,32.07876968383789,1271.17,0,9.1,Low
28.25542460949088,94.6644630568593,349.0,12.156091690063477,2724.38,0,38.58,Moderate
28.655856959818408,94.77509898962327,1270.0,25.116044998168945,2270.17,0,36.86,Moderate
26.9854,92.6116,430.0,20.91544532775879,1421.55,1,89.99,Critical
23.86174735846197,94.11283711013373,247.0,7.608816146850586,1381.49,0,27.19,Moderate
27.251,88.265,1285.0,24.145057678222656,1690.33,1,70.53,High
29.273662579984432,96.2020530068784,4260.0,43.40032958984375,1011.98,0,3.5,Low
25.38887111735411,91.3400508262695,1499.0,6.350002288818359,3693.54,0,3.31,Low
25.22183267518937,94.43699750231583,1703.0,25.86194610595703,1566.44,0,31.33,Moderate
26.51758650896676,90.3039757224582,55.0,0.0,3717.5,0,0.0,Low
27.7961,94.5703,646.0,15.58083724975586,2681.74,1,53.08,High
27.6951,94.7055,291.0,13.818673133850098,2357.98,1,57.69,High
27.6809963139619,94.847099428686,122.0,8.317182540893555,2357.98,0,14.39,Low
27.50302650543636,92.85193790791388,1484.0,35.749122619628906,1971.8,0,57.34,High
28.24843949752974,96.91068382841009,3344.0,32.65153884887695,1471.65,0,4.35,Low
25.50527210675493,90.29602126629358,1103.0,23.35654067993164,3693.54,0,20.48,Low
27.303957925602063,96.3951789758091,983.0,17.53067970275879,2174.9,0,39.92,Moderate
27.854257863374603,96.41791276088811,2005.0,33.9215202331543,2484.94,0,40.89,Moderate
27.28295432863421,95.91207563707044,362.0,18.846355438232425,2291.38,0,59.92,High
28.766164672360286,96.45117282809169,3278.0,34.26224136352539,1011.98,0,47.93,Moderate
28.4212,95.6614,1877.0,39.24092864990234,2348.99,1,81.21,Critical
29.02535125137948,94.48166888415328,2305.0,34.64598846435547,1158.49,0,19.63,Low
27.400660965630788,96.1517965723594,211.0,2.977832794189453,2174.9,0,2.57,Low
26.9772,92.5995,365.0,66.79255676269531,1421.55,1,99.99,Critical
24.01443003272995,93.17663705801785,899.0,28.314546585083008,1381.49,0,9.12,Low
27.0933,92.981,719.0,19.231508255004883,1941.04,1,78.58,Critical
28.24852313818525,95.12226349382,1376.0,41.64506149291992,2724.38,0,60.2,High
23.482970124301104,92.7806457973902,716.0,30.418289184570312,2148.54,0,65.51,High
26.14521567194748,91.15624575881615,49.0,2.2619078159332275,3717.5,0,0.0,Low
27.1072,92.9043,713.0,37.41265487670898,1941.04,1,95.1,Critical
26.30483394349336,94.0474177927205,125.0,4.756551265716553,1566.44,0,0.23,Low
26.9409,93.0466,481.0,19.693058013916016,1941.04,1,83.31,Critical
26.9436,93.095,286.0,16.828311920166016,1941.04,1,95.03,Critical
26.5352,94.6876,515.0,29.374961853027344,1819.61,1,87.77,Critical
28.70350404810375,94.9433214224357,1651.0,43.92806243896485,2270.17,0,61.01,High
27.72717793292972,95.72394671160612,136.0,0.0,2174.9,0,0.0,Low
25.4792810179328,92.5544432251134,761.0,9.283867835998535,2535.22,0,9.86,Low
26.0167,94.3418,721.0,21.25347900390625,1566.44,1,80.8,Critical
27.2879,92.896,621.0,27.90347671508789,1971.8,1,77.73,Critical
27.01695310421162,94.1364126056487,82.0,2.7880008220672607,2592.49,0,0.5,Low
26.2157,94.9614,1300.0,33.9763069152832,1669.48,1,63.74,High
26.2806,94.6207,1045.0,23.36030006408692,1747.44,1,67.68,High
26.9938,92.3885,619.0,28.95510673522949,1421.55,1,97.37,Critical
25.2779,92.1669,913.0,23.751855850219727,2535.22,1,83.23,Critical
27.16136409416588,92.4099144895102,2212.0,14.951637268066406,1421.55,0,31.04,Moderate
27.0088,92.2804,1387.0,35.37384414672852,1421.55,1,93.35,Critical
28.56211721723746,96.18412928818958,4193.0,25.03342056274414,1891.54,0,0.75,Low
25.18941432791379,93.60751101138452,497.0,33.93989944458008,1271.17,0,20.5,Low
26.028467639278112,94.313131861538,763.0,23.022829055786133,1566.44,0,58.01,High
26.53927237264,90.94033868320686,56.0,16.1430721282959,1708.67,0,7.56,Low
28.30177181029767,96.11270760154072,1907.0,21.410276412963867,1891.54,0,31.89,Moderate
27.99363330770176,93.58267751291622,1366.0,43.47828674316406,2320.86,0,57.34,High
23.22298207130745,91.785700701426,40.0,1.8618289232254028,2396.11,0,0.0,Low
27.1221,92.1117,1482.0,26.17402076721192,1154.3,1,89.54,Critical
26.9636,93.3064,432.0,46.483585357666016,1941.04,1,99.04,Critical
28.3083,95.5934,1264.0,33.32411193847656,2348.99,1,87.49,Critical
26.589144672059938,92.01281502247396,71.0,1.3919689655303955,1154.3,0,0.0,Low
27.5323125558323,92.49491196823776,2277.0,31.962087631225582,1194.49,0,29.62,Moderate
26.772100924547427,90.24502469483464,192.0,3.474072933197021,2542.03,0,0.05,Low
27.7277,96.3517,926.0,32.62042617797852,2174.9,1,84.73,Critical
25.19963544917058,91.44713353060143,116.0,16.227130889892578,4780.93,0,22.02,Low
27.89407797745617,95.78754986109944,137.0,1.0473618507385254,2817.65,0,0.0,Low
27.6827,94.6671,556.0,41.25671005249024,2357.98,1,96.64,Critical
26.9814,92.357,736.0,22.40687561035156,1421.55,1,88.43,Critical
26.718956954363392,90.16979010198496,141.0,0.0,2542.03,0,0.0,Low
28.055001961978093,94.78925999466132,915.0,18.220643997192383,2724.38,0,50.73,High
26.9865,92.3981,588.0,12.57628345489502,1421.55,1,76.24,Critical
27.416301517479944,96.3238144522961,1549.0,22.93145179748535,2174.9,0,46.65,Moderate
26.368486797125875,93.1838464791163,596.0,3.4698948860168457,1427.25,0,5.91,Low
26.03178738838905,93.9743307924858,229.0,2.790475845336914,1306.28,0,0.0,Low
28.448792237042788,95.51491942898478,1351.0,27.4894962310791,2348.99,0,53.39,High
26.0683,94.5728,1559.0,24.20689392089844,1566.44,1,42.44,Moderate
28.642000196013488,93.80361381813408,4275.0,27.98280143737793,1535.18,0,1.74,Low
28.575748365356294,95.11622097683116,1587.0,13.058363914489746,2270.17,0,32.42,Moderate
25.585636648042644,93.62775431953465,464.0,9.446678161621094,1271.17,0,0.87,Low
27.0127,92.1997,1703.0,55.68967819213867,1421.55,1,39.6,Moderate
27.058,95.6708,1333.0,35.31296920776367,1916.88,1,75.68,Critical
28.3972,95.4203,1215.0,48.46939849853516,2348.99,1,89.5,Critical
25.603824387834283,92.31494861205704,1105.0,11.032974243164062,2535.22,0,21.44,Low
26.16955728886064,90.80554649711596,39.0,0.0,3717.5,0,0.0,Low
24.119456232481216,92.99116475050543,310.0,38.02085494995117,1381.49,0,17.34,Low
28.1159,95.9848,1429.0,43.8912239074707,2484.94,1,89.36,Critical
28.66111227457108,95.87519144258836,1432.0,39.1941032409668,2348.99,0,71.2,High
27.0645,92.7648,250.0,19.274799346923828,1421.55,1,98.72,Critical
26.0604,94.9364,689.0,15.505633354187012,1669.48,1,56.68,High
27.0013,92.1526,1018.0,50.56096649169922,1421.55,1,97.27,Critical
26.0667,94.4229,607.0,17.49061393737793,1566.44,1,78.3,Critical
27.20010846306188,93.64208307975608,1082.0,39.061283111572266,2204.32,0,55.87,High
28.4393,95.5312,1662.0,47.89885330200195,2348.99,1,85.69,Critical
24.430261408705924,93.18444818824683,188.0,10.89735221862793,1625.06,0,7.24,Low
27.65792091070008,95.71005972410752,137.0,1.8607070446014404,2174.9,0,0.0,Low
28.0542,94.376,889.0,23.690534591674805,2681.74,1,80.96,Critical
28.07269894034128,95.25312244262386,613.0,16.3272762298584,2724.38,0,38.55,Moderate
26.6457,94.8668,1015.0,42.88683319091797,1819.61,1,87.64,Critical
28.0073,95.0031,1060.0,19.87648582458496,2724.38,1,55.82,High
23.613534830306985,91.29975274720591,25.0,5.369393348693848,2414.95,0,1.0,Low
27.2448,93.3128,1566.0,18.86100578308105,1941.04,1,57.72,High
24.14487030373327,92.4283825560899,74.0,8.521458625793457,2141.49,0,2.9,Low
28.1629,96.4932,1443.0,40.31085205078125,2484.94,1,88.41,Critical
27.8388,93.3811,1978.0,32.00792694091797,1472.72,1,80.51,Critical
28.644,95.0739,1433.0,42.49545669555664,2270.17,1,80.29,Critical
27.5866,93.1708,1674.0,49.68597030639648,1971.8,1,96.2,Critical
28.3345,95.6681,954.0,61.64882278442383,2348.99,1,96.23,Critical
28.0702,95.2322,1232.0,49.15096282958984,2724.38,1,97.54,Critical
27.731609099844523,93.09166685225188,1678.0,31.41994857788086,1971.8,0,50.09,High
27.984317432918644,93.45607017551306,1152.0,11.320146560668944,2320.86,0,32.3,Moderate
22.831187452606525,92.93816990047522,951.0,38.78831481933594,1506.81,0,42.21,Moderate
28.214717735476288,96.37165370254868,2878.0,28.774093627929688,2484.94,0,67.55,High
26.9384,92.1488,658.0,36.01924514770508,1154.3,1,86.34,Critical
24.97755068305872,93.4650462183214,598.0,19.19432830810547,1648.99,0,33.77,Moderate
25.57391073107413,94.29195759818042,2004.0,18.79655647277832,1566.44,0,14.48,Low
27.1951,88.3339,616.0,30.205699920654297,2181.41,1,84.94,Critical
27.9814,94.4712,721.0,24.380401611328125,2681.74,1,81.61,Critical
23.74640528354397,92.39396110604775,216.0,31.54571533203125,2148.54,0,62.25,High
28.309012566938183,93.9241268641325,1455.0,34.375328063964844,1535.18,0,62.96,High
28.1736,94.9965,991.0,26.13292121887207,2724.38,1,85.89,Critical
27.9987,96.2757,1354.0,55.34550857543945,2484.94,1,97.01,Critical
28.2551,95.8293,1383.0,60.817413330078125,2348.99,1,80.15,Critical
22.93222370666773,92.49969386649131,77.0,18.627063751220703,2496.59,0,6.74,Low
26.5167,94.2718,293.0,34.85216522216797,1747.44,1,86.88,Critical
25.9672,94.2194,1266.0,21.5150146484375,1566.44,1,40.99,Moderate
28.546289443559104,94.03712435947224,3381.0,30.4901123046875,1535.18,0,17.93,Low
28.2474,95.8475,1569.0,37.555442810058594,2817.65,1,91.33,Critical
26.11689407780401,95.06461861381337,1495.0,27.07737159729004,1669.48,0,41.58,Moderate
25.87069169444592,92.11405573501716,916.0,34.14144515991211,1708.67,0,67.97,High
29.0921,95.8471,2610.0,47.06584930419922,1248.72,1,63.82,High
29.022070123877832,95.89977703308142,4190.0,30.15730857849121,1248.72,0,1.53,Low
27.2296,96.0055,839.0,39.54367065429688,1835.44,1,83.18,Critical
26.9885,92.3042,1379.0,44.84066390991211,1421.55,1,88.98,Critical
25.2336,92.0317,648.0,23.38885498046875,4943.24,1,78.16,Critical
27.6495245958893,95.0932690995437,114.0,2.286888360977173,2724.38,0,0.0,Low
25.9449,94.3311,473.0,35.39167785644531,1566.44,1,90.63,Critical
28.5168,93.5117,3367.0,51.70558547973633,1535.18,1,84.44,Critical
27.1633,88.5176,639.0,33.02477264404297,2542.03,1,89.43,Critical
27.11257957466241,97.06807419462064,2003.0,15.366355895996094,1689.08,0,18.51,Low
28.26475446095993,96.2190291475518,2886.0,12.970672607421877,1891.54,0,15.83,Low
28.0928,93.2777,1479.0,28.01930427551269,1472.72,1,78.68,Critical
24.8155282603214,93.0638424917389,76.0,20.5709228515625,1648.99,0,4.05,Low
27.8572,94.9291,309.0,28.316450119018555,2724.38,1,86.17,Critical
25.0579,92.4519,336.0,26.79658317565918,3573.05,1,52.11,High
26.5684,94.8131,682.0,29.40438461303711,1819.61,1,88.06,Critical
27.9499,93.0874,1249.0,20.48485374450684,1472.72,1,68.12,High
25.00699043946019,93.76341584376615,1576.0,16.755016326904297,1271.17,0,4.82,Low
23.710548157976888,91.89604319196424,161.0,17.067846298217773,2322.27,0,11.05,Low
26.9479,93.0948,339.0,26.569021224975582,1941.04,1,89.14,Critical
26.79441257050662,92.48245791586736,102.0,0.9307136535644532,1421.55,0,0.0,Low
26.24054625298785,89.8111578765785,31.0,1.3896912336349487,2542.03,0,0.0,Low
25.85121199334148,94.56375060088288,1306.0,19.779953002929688,1566.44,0,18.89,Low
25.34303776480644,90.24291710010884,100.0,24.67422866821289,3693.54,0,6.28,Low
28.0378,96.437,593.0,50.27158737182617,2484.94,1,95.63,Critical
27.0903,92.9638,846.0,37.554649353027344,1941.04,1,91.77,Critical
23.456230604493367,92.83779534887742,737.0,33.086578369140625,2148.54,0,68.53,High
27.0959,92.8355,330.0,33.37900161743164,1421.55,1,97.62,Critical
27.59855962221964,96.0877493754699,310.0,18.84418296813965,2174.9,0,54.17,High
25.043494180569347,93.23796916772376,329.0,19.54154586791992,1648.99,0,31.39,Moderate
27.1794,93.8111,303.0,13.125120162963867,2204.32,1,60.2,High
24.801464420004425,92.33440456282302,21.0,2.7909421920776367,3573.05,0,0.0,Low
27.6318,94.5012,206.0,68.39100646972656,2567.19,1,95.21,Critical
25.9497,94.307,930.0,35.20012664794922,1566.44,1,67.74,High
27.622829984440703,93.038869311532,698.0,30.8767032623291,1971.8,0,55.09,High
27.5135,96.4608,751.0,9.066597938537598,2174.9,1,66.97,High
27.87704073205558,95.7913255671595,132.0,1.8606481552124023,2817.65,0,0.0,Low
25.462290905844394,94.05900822715404,1597.0,22.624242782592773,1306.28,0,10.97,Low
25.276497169332064,90.63756240211458,79.0,8.004034042358398,3693.54,0,0.04,Low
27.1603,92.8118,921.0,24.79888916015625,1421.55,1,87.94,Critical
27.8504991775511,92.6294431573104,5314.0,41.00662612915039,1194.49,0,2.5,Low
26.88429063679991,91.94668359521845,370.0,4.643723964691162,1154.3,0,16.62,Low
25.22424511813122,94.30459487763126,1780.0,23.02713203430176,1566.44,0,19.53,Low
26.9747,93.1252,299.0,6.477316856384277,1941.04,1,88.64,Critical
28.41437974657477,93.27427487409253,2908.0,55.19944381713867,912.05,0,38.58,Moderate
26.681686668187663,92.99173991243782,72.0,2.7835183143615723,1941.04,0,0.0,Low
28.14805057707971,95.68997998515484,196.0,2.7896370887756348,2817.65,0,0.5,Low
26.421534807879368,94.40528207533993,696.0,31.38389587402344,1747.44,0,77.27,Critical
27.98469739823112,93.20911610232754,1472.0,41.012298583984375,1472.72,0,67.74,High
27.7943,92.9733,2702.0,19.08093643188477,1472.72,1,71.15,High
27.0628,92.1502,1231.0,47.05083847045898,1421.55,1,72.17,High
24.466539674722693,93.74858491161356,788.0,1.3787814378738403,1381.49,0,0.0,Low
26.65765772372944,91.00761905822682,60.0,1.3924225568771362,1708.67,0,0.0,Low
26.75239148278516,90.66263254603732,196.0,3.4738664627075195,1708.67,0,1.06,Low
25.690523323710693,90.8773900483514,528.0,15.386171340942385,3693.54,0,1.9,Low
27.2814,88.3943,942.0,28.77888870239257,1690.33,1,79.96,Critical
26.6977,94.9491,506.0,17.674701690673828,1819.61,1,66.49,High
27.0454,92.1461,798.0,27.481300354003903,1154.3,1,93.6,Critical
27.0596,92.1443,998.0,39.95400238037109,1154.3,1,89.98,Critical
26.9776,93.3039,651.0,57.17279052734375,1941.04,1,95.48,Critical
28.6816,94.3209,1600.0,33.09464263916016,2030.02,1,59.98,High
28.1773,95.1701,686.0,43.72285079956055,2724.38,1,94.59,Critical
23.7642,92.6624,590.0,9.438180923461914,2141.49,1,72.88,High
25.976,94.6156,1657.0,22.79493522644043,1566.44,1,20.46,Low
27.97952583106171,96.78128049853592,2334.0,37.43979644775391,1471.65,0,31.54,Moderate
26.7605,95.2945,856.0,35.46913146972656,1941.69,1,74.38,High
26.32884381381422,94.16566361160088,182.0,16.157506942749023,1747.44,0,25.35,Moderate
23.75748537104408,92.1677906056198,454.0,16.639842987060547,2141.49,0,59.19,High
28.6152,95.689,1920.0,25.316728591918945,2348.99,1,71.6,High
25.305900696576423,94.39091178248108,1218.0,15.035768508911133,1566.44,0,12.87,Low
27.1108,92.1922,2104.0,26.78166389465332,1421.55,1,63.22,High
26.757822200282583,90.33965388167562,166.0,2.271836757659912,1708.67,0,0.5,Low
27.1341,88.2053,524.0,28.412113189697266,2181.41,1,79.44,Critical
26.9448,93.1506,289.0,10.630729675292969,1941.04,1,95.86,Critical
24.8937459386136,93.47825241615458,1177.0,27.092273712158203,1648.99,0,28.22,Moderate
27.69526226799455,93.28049616508468,1847.0,27.52254104614257,1971.8,0,47.15,Moderate
28.3505,93.5155,1638.0,48.513519287109375,1535.18,1,97.11,Critical
22.46490883389624,93.10047239894963,1184.0,33.959228515625,1506.81,0,47.69,Moderate
22.60482605152002,93.13203951880244,499.0,29.92483139038086,1506.81,0,22.82,Low
27.4864,92.0675,3253.0,8.317412376403809,853.16,1,70.3,High
26.13409827424956,90.0154838172597,29.0,0.930799663066864,3693.54,0,0.0,Low
24.483938926568904,92.4719681231274,39.0,8.137203216552734,2942.16,0,1.0,Low
25.9934,94.0142,426.0,34.755470275878906,1306.28,1,90.29,Critical
22.19096337007698,92.99234581224988,927.0,26.10269355773925,1506.81,0,17.65,Low
27.5818,96.5799,1106.0,34.48551559448242,1689.08,1,66.64,High
27.7155,94.1508,1750.0,45.583587646484375,2567.19,1,94.31,Critical
25.77955359378259,93.38119065734824,253.0,6.417060375213623,1271.17,0,0.5,Low
25.65724966782443,91.41658053868002,1123.0,22.26454734802246,3693.54,0,22.3,Low
28.41043077470232,93.8324880563028,1057.0,41.65754318237305,1535.18,0,52.21,High
27.946404658671312,93.91714484669129,1874.0,49.030643463134766,2320.86,0,62.85,High
26.9733,93.3004,491.0,42.84786605834961,1941.04,1,98.33,Critical
28.3622,96.2319,2434.0,41.2588005065918,1891.54,1,57.37,High
27.1969,92.7967,1439.0,30.05802345275879,1421.55,1,69.94,High
27.242498869146413,88.06277917961106,2872.0,19.5313777923584,2181.41,0,23.65,Low
27.2894,93.4452,1724.0,54.260528564453125,1971.8,1,91.13,Critical
27.794231908936613,92.4836576637666,4805.0,12.970131874084473,1194.49,0,0.25,Low
27.7952,92.9741,2887.0,24.52589225769043,1472.72,1,37.38,Moderate
23.906088406700658,94.11915532511829,600.0,18.39999389648437,1381.49,0,12.33,Low
23.5454,91.746,203.0,8.321819305419922,2396.11,1,62.91,High
27.66136452405395,94.05329179547437,2134.0,20.04154586791992,2567.19,0,20.62,Low
26.385297167769103,93.21130082376696,622.0,11.967941284179688,1427.25,0,16.97,Low
26.28369412983237,90.40182496621335,43.0,5.661330223083496,3717.5,0,0.0,Low
26.9794,92.5448,378.0,33.99781799316406,1421.55,1,96.6,Critical
27.44706984952928,92.03534734846995,4074.0,28.374675750732425,853.16,0,2.5,Low
23.3426,93.3026,1099.0,38.48677444458008,1327.95,1,62.74,High
27.0073,93.2541,291.0,27.52413558959961,1941.04,1,84.54,Critical
26.9452,93.1092,297.0,3.248266696929932,1941.04,1,80.37,Critical
26.788311165825125,95.31299908309008,1020.0,8.269389152526855,1941.69,0,30.54,Moderate
26.660336957369555,91.15045274264988,52.0,2.129485845565796,1708.67,0,0.0,Low
25.5362,91.9834,1555.0,23.47397422790528,3717.5,1,88.55,Critical
28.2002,93.2384,2418.0,53.88908767700195,1472.72,1,86.77,Critical
28.959,95.1951,3132.0,36.08659362792969,1289.76,1,77.63,Critical
27.26,88.3048,645.0,31.63072967529297,1690.33,1,88.08,Critical
27.4396,94.0269,1500.0,46.69491195678711,2592.49,1,92.09,Critical
27.8585,93.8214,1370.0,42.0402946472168,2320.86,1,73.05,High
26.01987898751252,93.94213207755584,144.0,0.9308143854141236,1306.28,0,0.0,Low
23.6758,92.7228,777.0,29.33734130859375,2148.54,1,81.82,Critical
26.319555907532195,93.32828118523848,484.0,13.570356369018556,1427.25,0,28.51,Moderate
27.458,92.5511,2033.0,45.430938720703125,1194.49,1,88.9,Critical
26.01923706473991,93.14648019112228,110.0,1.030168056488037,1427.25,0,0.0,Low
25.991791149847824,90.72942379036354,51.0,2.774557590484619,3693.54,0,0.0,Low
24.794126578917712,94.46719991538552,789.0,25.084348678588867,1566.44,0,64.57,High
28.4055,93.5521,2640.0,19.425466537475582,1535.18,1,72.38,High
27.6994,94.2381,1087.0,45.06840515136719,2567.19,1,91.75,Critical
27.502607628335333,91.9825315125534,3668.0,29.48031044006348,853.16,0,10.34,Low
28.799,94.7625,1210.0,40.115966796875,1289.76,1,89.9,Critical
26.9849,92.602,400.0,5.583392143249512,1421.55,1,75.94,Critical
25.9482,94.5307,952.0,22.663969039916992,1566.44,1,41.59,Moderate
26.4995,94.6906,439.0,53.54693984985352,1819.61,1,93.37,Critical
25.76510807805365,89.86796860651941,21.0,0.0,3693.54,0,0.0,Low
27.0005,93.1794,318.0,21.89718437194824,1941.04,1,91.14,Critical
26.21238829810837,93.05484804874013,82.0,1.389509916305542,1427.25,0,0.0,Low
27.7962,92.9306,1810.0,47.02867889404297,1472.72,1,84.19,Critical
28.847,95.9112,2673.0,40.31670379638672,1248.72,1,76.15,Critical
27.9549,94.9757,511.0,29.111391067504883,2724.38,1,89.62,Critical
27.6223,94.3728,245.0,15.626679420471191,2567.19,1,70.79,High
24.13098556452304,94.0594621009266,1489.0,22.736995697021484,1381.49,0,11.55,Low
25.756715686890427,92.85308208480411,100.0,2.125832319259644,1218.05,0,0.0,Low
27.0719,92.8848,821.0,59.207618713378906,1941.04,1,97.85,Critical
25.732150521645703,94.95779615665182,2235.0,38.65795135498047,1669.48,0,26.88,Moderate
26.401218419902204,90.72000094352389,42.0,1.033535122871399,1708.67,0,0.0,Low
28.8411,94.1071,2549.0,45.45167541503906,1158.49,1,75.69,Critical
26.5093,94.8542,633.0,20.15631484985352,1819.61,1,73.21,High
24.778577547655185,93.51693195897352,832.0,8.30944538116455,1648.99,0,33.78,Moderate
25.9553,94.5071,1260.0,20.3780517578125,1566.44,1,44.99,Moderate
28.2102,95.3681,860.0,47.5772819519043,2817.65,1,97.45,Critical
26.124109919295485,93.32249539487611,481.0,26.32002067565918,1427.25,0,18.5,Low
26.14844710185917,94.82890634868504,1200.0,36.1424560546875,1669.48,0,65.13,High
28.733,95.8028,2457.0,23.696239471435547,2348.99,1,76.75,Critical
27.76796808949745,95.00773324665084,129.0,2.7897911071777344,2724.38,0,0.0,Low
29.39577578866657,96.12270382981654,3934.0,28.00104331970215,1011.98,0,1.5,Low
27.5914,94.1424,753.0,41.14259719848633,2567.19,1,96.53,Critical
26.466210106196296,90.51374763013352,60.0,3.858479261398315,3717.5,0,0.0,Low
26.818176459220314,92.84390774086349,82.0,1.0372889041900637,1941.04,0,0.0,Low
25.86326133530172,92.25518003889154,780.0,24.441038131713867,1218.05,0,8.76,Low
28.2379,95.7945,886.0,41.758182525634766,2817.65,1,92.22,Critical
25.506889757273424,93.10416173826836,199.0,9.19973850250244,1271.17,0,15.12,Low
25.5163,91.812,1735.0,22.60415840148925,3717.5,1,92.12,Critical
23.65772892683995,92.38677218630836,297.0,11.079713821411133,2148.54,0,56.78,High
22.087512665067447,93.0005205492272,1223.0,24.199296951293945,1506.81,0,21.49,Low
26.25387355664564,93.51729346235484,891.0,18.4414291381836,1649.52,0,24.59,Low
26.18514041500049,90.68001054261926,31.0,0.0,3717.5,0,0.0,Low
27.839,95.0647,503.0,14.459946632385254,2724.38,1,55.41,High
28.1003,95.2414,1387.0,49.63522338867188,2724.38,1,96.2,Critical
26.148230421813672,94.12361893594849,368.0,10.925292015075684,1566.44,0,28.1,Moderate
28.5677,94.5952,1271.0,48.46389389038086,2030.02,1,93.33,Critical
25.85334544209974,90.03357300354689,50.0,8.44702434539795,3693.54,0,0.5,Low
25.3762,91.8753,1504.0,10.570671081542969,3717.5,1,11.08,Low
26.2902,94.8323,879.0,34.12571334838867,1819.61,1,85.88,Critical
27.419089473538065,92.1192821316428,2222.0,28.720672607421875,853.16,0,59.77,High
23.7783,92.2782,474.0,13.687191009521484,2141.49,1,71.84,High
23.06328558039077,92.52815806151892,312.0,21.49055862426757,2496.59,0,47.76,Moderate
27.0243,92.6428,256.0,38.1608772277832,1421.55,1,98.31,Critical
28.156634826876964,94.76325166427004,724.0,20.6242904663086,2724.38,0,57.23,High
26.332,94.9119,890.0,25.291973114013672,1819.61,1,80.93,Critical
23.721104725851,92.75057397170322,716.0,21.0280704498291,2148.54,0,56.88,High
27.1144,88.4654,303.0,43.8115119934082,2542.03,1,95.41,Critical
28.6076,93.9038,3298.0,31.42130279541016,1535.18,1,61.2,High
25.26440233738621,93.48002732490475,1629.0,39.8110580444336,1271.17,0,25.14,Moderate
26.9433,93.0955,279.0,14.685994148254396,1941.04,1,95.09,Critical
27.265795254453025,88.65686054071159,2102.0,12.97376537322998,1707.7,0,16.2,Low
26.9512,93.1051,327.0,14.267973899841309,1941.04,1,94.47,Critical
26.018968465569085,90.66131279635955,50.0,2.059665441513061,3693.54,0,0.0,Low
26.9764,92.2849,806.0,26.535032272338867,1421.55,1,95.06,Critical
28.464,95.7807,1261.0,40.93584060668945,2348.99,1,83.67,Critical
26.662391345300247,93.49840541092932,79.0,4.239465713500977,1649.52,0,0.0,Low
27.41386527798452,94.37554001348178,97.0,3.480923891067505,2567.19,0,0.05,Low
26.75149374050808,94.40497799665567,103.0,4.253860950469971,1747.44,0,0.0,Low
28.6273,94.6363,1207.0,29.73680686950684,2030.02,1,56.13,High
24.80434281393217,92.60949861019807,22.0,1.3807735443115234,3573.05,0,0.0,Low
28.8132,95.025,2787.0,29.02799415588379,1289.76,1,73.2,High
24.0461917347472,92.2452148781382,125.0,18.73996925354004,2141.49,0,15.01,Low
23.71405639728373,92.67840183274755,404.0,11.600777626037598,2148.54,0,69.18,High
26.9861,92.3811,649.0,39.78717422485352,1421.55,1,98.81,Critical
23.731654538254023,93.34442003835086,999.0,28.308780670166016,1327.95,0,27.67,Moderate
24.80410077346722,93.51370686095936,436.0,18.09309196472168,1648.99,0,42.2,Moderate
27.67272170961736,93.70236115491736,1791.0,27.48966217041016,2592.49,0,36.79,Moderate
26.842111167616864,91.79151089604316,250.0,4.143252372741699,1154.3,0,6.5,Low
26.63491287090004,93.75880023668822,85.0,2.269819974899292,1649.52,0,0.0,Low
27.079,92.8862,1052.0,36.84206008911133,1941.04,1,87.15,Critical
27.1614,93.8008,295.0,14.569580078125,2204.32,1,64.92,High
25.9379,94.0408,554.0,30.70520401000977,1306.28,1,91.53,Critical
27.90932823071408,88.43327368934,4708.0,40.81671142578125,1707.7,0,4.06,Low
28.0321,94.6126,838.0,23.84418678283692,2681.74,1,85.68,Critical
27.27494082125025,95.1432038890084,119.0,2.97747015953064,1916.88,0,0.0,Low
27.13235958624955,92.7068586631712,514.0,29.73063850402832,1421.55,0,43.69,Moderate
23.230126128294327,93.08580000771876,854.0,22.77310371398925,1506.81,0,16.97,Low
26.63895961573317,95.16225978635646,1087.0,20.805795669555664,1819.61,0,35.1,Moderate
25.73948117654995,93.71377220455553,431.0,22.329383850097656,1306.28,0,59.43,High
26.45391819521079,94.85766167591586,849.0,40.83781051635742,1819.61,0,61.26,High
26.532786100030016,90.6505563959606,53.0,5.859076499938965,1708.67,0,0.0,Low
26.9699,93.1356,282.0,13.657052040100098,1941.04,1,96.77,Critical
26.095231205087995,93.52563200929735,869.0,16.417739868164062,1427.25,0,16.34,Low
27.1077,92.8553,549.0,55.42265701293945,1941.04,1,98.68,Critical
23.4277,92.7263,647.0,33.38118362426758,2148.54,1,85.25,Critical
25.2829,91.7944,459.0,25.12452888488769,3717.5,1,66.18,High
27.5239,96.222,481.0,22.972421646118164,2174.9,1,69.97,High
27.2212,88.2373,1310.0,21.63250541687012,2181.41,1,45.43,Moderate
27.9486,94.9568,332.0,14.705422401428224,2724.38,1,71.24,High
28.9502,94.7821,957.0,40.75614547729492,1289.76,1,86.6,Critical
25.77172531746472,90.98197957294654,658.0,8.955072402954102,3693.54,0,1.54,Low
26.9783,92.5579,327.0,32.082637786865234,1421.55,1,98.61,Critical
28.93689906217412,95.5806596647348,3629.0,20.337949752807617,1248.72,0,3.01,Low
26.958,93.0928,507.0,12.969244003295898,1941.04,1,81.85,Critical
26.27245477901148,90.69657797124944,40.0,2.064117670059204,3717.5,0,0.0,Low
26.9909,92.5264,658.0,48.90109252929688,1421.55,1,99.8,Critical
25.9449,94.4679,1093.0,27.526002883911133,1566.44,1,49.18,Moderate
26.0811,94.8718,1611.0,22.6826286315918,1669.48,1,51.12,High
24.816509959616788,93.68923770164112,588.0,41.22427749633789,1648.99,0,57.05,High
28.4993,94.3473,2517.0,64.54480743408203,2030.02,1,95.57,Critical
25.23852026179234,93.18083438480042,440.0,14.5520601272583,1271.17,0,1.88,Low
27.1932,88.3653,1149.0,30.95145606994629,2181.41,1,67.01,High
27.196533200385804,93.85678747314483,194.0,14.920546531677246,2204.32,0,19.19,Low
27.988163736329643,93.9396759461954,2320.0,18.31237030029297,2320.86,0,21.03,Low
27.747889424189097,92.4395934767725,5148.0,7.193118572235107,1194.49,0,1.0,Low
26.162312353680427,94.1133152577391,298.0,11.43690299987793,1566.44,0,37.35,Moderate
28.723664691856115,94.18409875659398,3016.0,30.26021957397461,1158.49,0,24.69,Low
27.4418,93.4263,2741.0,53.603660583496094,1971.8,1,84.95,Critical
23.16989301880656,91.6227666654134,51.0,4.108202934265137,2396.11,0,3.5,Low
29.18681383735184,94.51093741216378,3827.0,43.264156341552734,1158.49,0,8.94,Low
27.414,92.7324,1816.0,40.97003555297852,1194.49,1,68.28,High
27.0512,92.6758,263.0,16.766447067260742,1421.55,1,83.57,Critical
22.618311117652187,92.61351168867922,115.0,18.73346900939941,2496.59,0,9.84,Low
27.25004190460816,94.76243168914858,101.0,1.396412014961243,2567.19,0,0.0,Low
27.33065399885361,96.3597032153758,752.0,18.86083030700684,2174.9,0,62.39,High
27.6816,94.2463,846.0,37.50677108764648,2567.19,1,84.59,Critical
25.946565091766395,93.63132480129208,192.0,3.601894855499268,1306.28,0,2.5,Low
25.418925857563213,93.84457933917574,1253.0,28.496017456054688,1306.28,0,16.06,Low
26.0838,94.4349,681.0,8.640673637390137,1566.44,1,66.15,High
25.56379232966721,91.70722308839086,1659.0,9.024989128112791,3717.5,0,12.04,Low
24.29558465672633,92.40914962985624,86.0,9.112786293029783,2942.16,0,0.04,Low
27.131,92.8752,822.0,40.015995025634766,1941.04,1,96.32,Critical
25.195805131414865,90.72827092714704,300.0,5.186038017272949,4780.93,0,9.0,Low
26.323011131673333,92.1091261255309,54.0,3.4694294929504395,1218.05,0,0.0,Low
23.446884630204256,91.83168360070512,136.0,21.0111141204834,2396.11,0,6.84,Low
26.3069,94.7871,1873.0,30.98314476013184,1819.61,1,65.01,High
27.9577,94.132,1311.0,22.04706382751465,2681.74,1,61.26,High
26.9468,93.0993,321.0,18.805065155029297,1941.04,1,92.14,Critical
28.69673302901821,94.99597908973796,618.0,14.391669273376465,2270.17,0,40.59,Moderate
28.1778,93.276,1596.0,51.75038146972656,1472.72,1,98.05,Critical
24.756878707183542,94.33184033617324,1027.0,35.03200912475586,1566.44,0,52.28,High
28.9779,94.9908,889.0,58.26167297363281,1289.76,1,96.53,Critical
27.7408,94.4091,434.0,20.0535888671875,2567.19,1,76.96,Critical
24.20100155882218,93.65220906175388,841.0,2.232506275177002,1381.49,0,0.0,Low
28.5874,95.6399,1599.0,32.625732421875,2348.99,1,81.19,Critical
27.969971138423546,94.28753282463008,219.0,9.394576072692873,2681.74,0,15.46,Low
28.692315894689926,94.31245145461756,2234.0,16.63225555419922,2030.02,0,13.62,Low
27.6655,94.2144,571.0,42.31217193603516,2567.19,1,97.7,Critical
26.55310692814191,90.15056168227056,64.0,1.3917309045791626,2542.03,0,0.0,Low
23.3234,92.4657,235.0,28.088706970214844,2148.54,1,81.6,Critical
27.4256,94.0408,746.0,50.6995849609375,2592.49,1,99.18,Critical
25.3454,92.0057,773.0,38.86760330200195,3717.5,1,88.53,Critical
25.348294720160293,93.39609958636916,617.0,10.06699275970459,1271.17,0,1.37,Low
27.295,93.4539,1878.0,41.04011917114258,2592.49,1,88.81,Critical
27.55137130008557,93.42393062656198,1461.0,27.08198928833008,1971.8,0,43.38,Moderate
28.4935,94.8153,966.0,28.48876571655273,2270.17,1,78.67,Critical
27.577996252794662,94.22392446581291,210.0,39.412109375,2567.19,0,86.87,Critical
26.0756,94.978,1372.0,32.32899475097656,1669.48,1,61.4,High
27.1548,92.5764,1434.0,42.34934997558594,1421.55,1,84.22,Critical
25.3892,91.873,1550.0,24.939266204833984,3717.5,1,87.44,Critical
27.6143,94.3097,339.0,28.85589599609375,2567.19,1,89.66,Critical
26.3023,94.999,1967.0,26.5307559967041,1819.61,1,60.91,High
23.97883787784429,91.42929927803632,59.0,10.24329662322998,2414.95,0,1.06,Low
28.1051,93.3952,1136.0,38.29286956787109,1472.72,1,90.64,Critical
27.0796,92.7069,723.0,29.03026008605957,1421.55,1,98.59,Critical
26.88946471358926,92.52380461957064,131.0,2.130445003509521,1421.55,0,0.0,Low
26.1928,94.7793,1274.0,29.42955017089844,1669.48,1,55.0,High
24.32339470210809,93.7628344253819,1012.0,26.22771072387696,1381.49,0,8.0,Low
26.82646573639356,92.2338742105,128.0,0.930709421634674,1421.55,0,0.0,Low
26.57549932579908,93.53147586569509,109.0,1.86099374294281,1649.52,0,0.0,Low
25.49563597588983,91.80781764911626,1740.0,10.312499046325684,3717.5,0,50.24,High
26.5468,94.6988,620.0,21.819652557373047,1819.61,1,77.51,Critical
27.152514156371986,88.72606979948941,2051.0,36.67596435546875,2542.03,0,30.44,Moderate
27.697582741713084,93.90770877402454,816.0,12.992827415466309,2592.49,0,36.69,Moderate
27.6839,94.5401,733.0,58.44371032714844,2567.19,1,97.63,Critical
26.640854551482963,91.57536722816332,74.0,4.532727718353272,1154.3,0,0.0,Low
28.338629114528548,95.74298035668836,1363.0,47.98823165893555,2348.99,0,59.23,High
25.856792988497578,90.71120378265718,320.0,25.23855209350586,3693.54,0,18.91,Low
23.4963,92.6687,335.0,43.70523452758789,2148.54,1,87.56,Critical
26.733051684718628,93.15132557769692,81.0,1.392922282218933,1941.04,0,0.0,Low
26.755680472392672,94.54599745841894,106.0,4.25389575958252,1747.44,0,0.0,Low
27.221499850965422,94.62449367160124,96.0,0.9306572079658508,2567.19,0,0.0,Low
28.46731374543375,96.18824485336108,2291.0,30.23496437072754,1891.54,0,38.98,Moderate
27.7607,94.628,1189.0,43.883060455322266,2681.74,1,87.27,Critical
27.1096,92.8431,398.0,23.981494903564453,1421.55,1,97.59,Critical
27.29064126560108,93.6441927390412,1552.0,34.01340866088867,2592.49,0,57.21,High
25.41959349972606,92.85255225863033,708.0,10.508054733276367,2535.22,0,15.99,Low
27.8731,96.4853,1571.0,60.7200813293457,2484.94,1,84.12,Critical
25.44540790316971,91.70149040602762,1730.0,3.856626033782959,3717.5,0,18.71,Low
25.9353,94.2393,844.0,22.84061050415039,1566.44,1,65.03,High
26.0747,94.4757,936.0,13.712660789489746,1566.44,1,42.61,Moderate
25.817662011708546,91.87392556449636,577.0,17.82203483581543,1708.67,0,42.13,Moderate
27.823369491802147,93.57509790375308,1299.0,33.51266860961914,2320.86,0,37.85,Moderate
28.99679631356112,94.71998029612918,3621.0,46.05836868286133,1289.76,0,45.44,Moderate
24.041356743273354,92.44831272936266,131.0,25.15857696533203,2141.49,0,10.65,Low
25.59445770190928,94.10196760184375,2068.0,38.46315383911133,1566.44,0,26.08,Moderate
27.5336,92.446,3245.0,61.49072265625,1194.49,1,86.01,Critical
27.1576,88.1501,1529.0,28.529356002807617,2181.41,1,65.65,High
27.7972,94.5403,552.0,20.84028053283692,2681.74,1,74.0,High
28.0912,93.2768,1535.0,55.03523635864258,1472.72,1,96.26,Critical
27.602018184834822,95.3463696333509,117.0,2.133513927459717,2724.38,0,1.5,Low
29.0273250811869,95.49195950628628,2981.0,58.22538375854492,1248.72,0,88.05,Critical
27.273064330608232,88.60961088942857,1033.0,26.74365425109864,1707.7,0,43.51,Moderate
27.1247,88.3963,1114.0,35.052337646484375,2181.41,1,78.14,Critical
29.31522679431394,96.03784544603975,4378.0,19.90679931640625,1011.98,0,1.5,Low
23.6686,92.7143,964.0,19.930564880371094,2148.54,1,74.02,High
26.44569997927957,93.03018551210934,83.0,2.067194938659668,1427.25,0,0.0,Low
28.77817996274436,96.07716069041368,3860.0,36.429874420166016,1891.54,0,3.89,Low
23.11047945506866,93.02806893817696,1349.0,10.874471664428713,1506.81,0,14.72,Low
25.889963893519862,94.23004141040995,1301.0,31.25082969665528,1566.44,0,39.33,Moderate
27.95141307900961,93.81313844687554,1436.0,29.43234634399414,2320.86,0,34.67,Moderate
27.6653,94.444,551.0,50.62246322631836,2567.19,1,99.43,Critical
26.0613,94.4423,679.0,27.52631187438965,1566.44,1,88.02,Critical
26.01799448766788,92.16613012461552,266.0,13.732276916503906,1218.05,0,18.05,Low
24.223001537849985,92.51196645369237,62.0,5.774768352508545,2141.49,0,0.0,Low
27.2968736783392,96.9590108744542,1620.0,13.420024871826172,1689.08,0,17.17,Low
27.30378801009359,94.0816880957449,105.0,4.262311935424805,2592.49,0,2.27,Low
24.467071842059088,92.57930602096329,40.0,5.067364692687988,2942.16,0,6.5,Low
24.400475221875872,93.3717835421176,294.0,14.542407035827637,1381.49,0,7.53,Low
26.927147728238623,93.90798862095774,83.0,0.930696189403534,2204.32,0,0.0,Low
28.3194,95.5618,1565.0,45.12878036499024,2348.99,1,80.98,Critical
27.58332682062298,92.59427067350904,3013.0,35.65530014038086,1194.49,0,38.34,Moderate
27.08117294885692,94.44016033934138,87.0,0.0,1747.44,0,0.0,Low
27.8804,94.682,1143.0,43.37789916992188,2724.38,1,91.46,Critical
28.1798,95.8683,752.0,28.009117126464844,2817.65,1,85.85,Critical
27.2449,88.3942,1279.0,36.14853286743164,2181.41,1,77.09,Critical
25.57506145578941,94.39320279035007,1127.0,39.04633712768555,1566.44,0,52.98,High
26.742145367177063,90.41438561779,131.0,0.9307205080986024,1708.67,0,0.0,Low
23.84474038007109,92.34604843245708,222.0,25.94272232055664,2141.49,0,41.91,Moderate
28.0296,96.36,1526.0,47.9368782043457,2484.94,1,88.48,Critical
27.192908018860265,94.34523939790472,86.0,3.717745065689087,2567.19,0,0.0,Low
27.7236,94.1741,742.0,24.18275451660156,2567.19,1,81.28,Critical
27.4832,92.0703,3149.0,35.41567611694336,853.16,1,93.81,Critical
26.03053026226627,89.95706350492533,26.0,3.8576722145080566,3693.54,0,0.0,Low
27.1799,92.6045,1845.0,30.20443344116211,1421.55,1,82.09,Critical
28.2167,95.7835,660.0,37.60457229614258,2817.65,1,93.89,Critical
26.9909,92.6054,396.0,29.105209350585938,1421.55,1,97.05,Critical
26.6338,94.5974,511.0,35.76383590698242,1747.44,1,88.46,Critical
27.8995,94.8834,483.0,24.52569961547852,2724.38,1,79.39,Critical
26.67352095236275,91.2706244588138,63.0,1.392527461051941,1708.67,0,0.0,Low
27.5675,94.0753,1645.0,54.61040878295898,2567.19,1,97.75,Critical
22.526104114036045,92.69166543852384,438.0,22.42957305908203,2496.59,0,53.24,High
25.0501,92.4397,276.0,25.729198455810547,3573.05,1,72.84,High
26.0654,94.4367,700.0,24.74598693847656,1566.44,1,85.61,Critical
28.2695,95.7614,967.0,39.07368850708008,2348.99,1,85.98,Critical
26.31942946737124,91.75152948866348,73.0,6.360926628112793,1708.67,0,1.0,Low
26.18461806560027,93.44173540621004,679.0,22.28341293334961,1427.25,0,14.66,Low
26.986,92.6123,425.0,34.83444595336914,1421.55,1,95.98,Critical
27.331,93.8118,907.0,47.87764358520508,2592.49,1,93.48,Critical
27.02371273204289,95.31808275407928,283.0,21.46425437927246,1941.69,0,42.35,Moderate
25.106,93.1819,938.0,31.24949836730957,1648.99,1,66.09,High
26.06641362418372,94.72815256132688,1341.0,32.19816589355469,1669.48,0,47.09,Moderate
29.133949545666443,96.10890657501768,2209.0,13.092302322387695,1011.98,0,15.56,Low
28.9485,95.7057,2708.0,3.1704869270324707,1248.72,1,68.26,High
28.9515,95.8187,1490.0,38.64655685424805,1248.72,1,65.77,High
28.7043,95.8468,1384.0,49.47340774536133,2348.99,1,94.38,Critical
27.9374,96.3469,1510.0,56.29772186279297,2484.94,1,95.01,Critical
26.66862933340032,93.45225850093588,77.0,1.3924943208694458,1649.52,0,0.0,Low
27.0108,92.6138,212.0,33.09683990478516,1421.55,1,96.09,Critical
23.6362,93.1943,987.0,10.23453140258789,1327.95,1,20.49,Low
28.4924,95.3871,2354.0,28.877670288085938,2348.99,1,71.44,High
28.4653,95.703,1483.0,35.70071792602539,2348.99,1,85.73,Critical
27.7934,92.9725,2567.0,57.294578552246094,1472.72,1,74.71,High
27.0864,92.9534,988.0,31.071733474731445,1941.04,1,85.74,Critical
26.33447163566415,94.7161383996501,1174.0,20.808088302612305,1819.61,0,26.72,Moderate
27.9237,94.9223,421.0,25.344263076782227,2724.38,1,82.98,Critical
26.0135,94.6882,1993.0,30.139633178710938,1669.48,1,61.19,High
23.6564695939168,91.84525708502208,158.0,7.563539505004883,2396.11,0,2.13,Low
24.229,92.7077,228.0,25.993793487548828,2141.49,1,65.78,High
26.9844,92.5385,348.0,18.07743453979492,1421.55,1,95.26,Critical
26.92387168790808,93.66465847505972,85.0,3.247706174850464,2204.32,0,0.71,Low
26.3557,94.4519,621.0,25.779932022094727,1747.44,1,83.72,Critical
28.199,95.4156,596.0,35.51582336425781,2817.65,1,89.72,Critical
27.1833,88.3338,557.0,29.39170837402344,2181.41,1,82.75,Critical
28.29175617544182,97.1077510951686,4156.0,24.621782302856445,1044.44,0,0.5,Low
27.5226,96.2492,391.0,40.58990859985352,2174.9,1,92.63,Critical
23.2916,92.9225,1000.0,14.878232955932615,1327.95,1,78.98,Critical
27.2372,92.0898,3754.0,21.38316535949707,1154.3,1,63.38,High
28.0697,93.2704,1794.0,59.334110260009766,1472.72,1,98.41,Critical
26.56398269969357,93.47022288688495,367.0,20.35767364501953,1649.52,0,28.87,Moderate
24.41335482106686,94.00036899980472,958.0,21.619340896606445,1381.49,0,24.07,Low
28.3463,96.5487,2271.0,53.62119674682617,1891.54,1,82.26,Critical
27.40870512906063,95.14119690100776,114.0,3.260565996170044,2724.38,0,0.55,Low
27.8656,94.9191,427.0,51.28017807006836,2724.38,1,97.71,Critical
28.0175,93.6139,492.0,33.519039154052734,2320.86,1,84.01,Critical
25.29174219087212,93.531641274693,1035.0,25.505908966064453,1271.17,0,7.6,Low
25.64879607624928,94.4962654146166,1769.0,19.94613075256348,1566.44,0,16.66,Low
26.9567,93.0926,482.0,13.531097412109377,1941.04,1,86.24,Critical
25.3471,91.9052,1381.0,47.864356994628906,3717.5,1,86.37,Critical
24.502407590937228,92.72497766488966,46.0,2.2368595600128174,2942.16,0,0.5,Low
26.9637,93.0972,534.0,22.88007164001465,1941.04,1,82.73,Critical
28.084501212118845,95.30725456490798,248.0,2.1356687545776367,2724.38,0,0.7,Low
28.611525916849025,93.96897372807676,2905.0,49.7867546081543,1535.18,0,49.86,Moderate
27.0485,92.905,498.0,30.56337547302246,1941.04,1,87.01,Critical
28.484,93.3547,3347.0,43.87416458129883,912.05,1,91.19,Critical
28.275696758681853,94.23852967444844,2143.0,40.52350616455078,2030.02,0,46.78,Moderate
25.210745262232454,91.1187548572093,129.0,8.228692054748535,4780.93,0,13.5,Low
26.9362,93.0963,291.0,23.74105834960937,1941.04,1,88.01,Critical
27.633,94.2074,466.0,37.43122100830078,2567.19,1,94.5,Critical
23.535,93.1662,1138.0,27.876508712768555,1327.95,1,51.37,High
27.9671,94.966,417.0,20.66044807434082,2724.38,1,75.58,Critical
27.689,94.5747,698.0,41.973270416259766,2567.19,1,96.17,Critical
26.671826074561867,92.17572231532168,85.0,0.9307296872138976,1421.55,0,0.5,Low
26.9953,92.6054,459.0,28.54602813720703,1421.55,1,95.63,Critical
25.24007703273216,91.06432964300846,471.0,6.79887056350708,4780.93,0,12.79,Low
25.9767,94.317,964.0,24.04387664794922,1566.44,1,64.94,High
28.5942659584697,94.711098242726,1852.0,36.4154167175293,2270.17,0,62.61,High
28.3083,96.0278,909.0,21.62063980102539,1891.54,1,57.14,High
23.9727,92.6835,344.0,26.1462516784668,2141.49,1,74.6,High
28.1499,93.8357,1794.0,40.74887466430664,2320.86,1,77.6,Critical
27.5999,94.1741,366.0,38.23580551147461,2567.19,1,93.84,Critical
25.248784842661745,94.11839690931976,1324.0,15.564291000366213,1566.44,0,11.35,Low
24.261264573598417,92.00594374892542,27.0,2.233371019363404,3648.26,0,0.0,Low
23.657150316104484,91.73782878408416,222.0,15.474885940551758,2396.11,0,21.28,Low
26.3449,94.7715,908.0,23.684886932373047,1819.61,1,76.2,Critical
26.992683563809955,95.34338998922586,298.0,22.388261795043945,1941.69,0,43.46,Moderate
23.63143483427458,93.23370515132572,1142.0,2.224475383758545,1327.95,0,5.18,Low
28.6913,95.7394,2581.0,45.98585510253906,2348.99,1,88.87,Critical
27.2646,93.8836,219.0,17.4022216796875,2592.49,1,56.65,High
28.0175,96.2635,1079.0,53.81173324584961,2484.94,1,92.7,Critical
23.6636,92.7149,957.0,21.23215675354004,2148.54,1,75.29,Critical
27.067,92.9268,868.0,25.309959411621094,1941.04,1,85.1,Critical
28.5515,95.4446,3278.0,29.6723690032959,2348.99,1,24.13,Low
25.833949399127665,92.28984455474588,788.0,8.510943412780762,1218.05,0,2.12,Low
27.0479,93.2035,1481.0,53.90401077270508,1941.04,1,93.12,Critical
27.8432,94.086,1657.0,29.777374267578125,2681.74,1,69.39,High
23.5685,92.9608,1520.0,17.260425567626953,1327.95,1,66.58,High
28.99698271903468,96.1758934394752,4438.0,30.86734771728516,1011.98,0,0.5,Low
27.247480492615274,93.80368287054569,338.0,36.01611328125,2204.32,0,51.65,High
26.9746,92.5794,232.0,21.67144012451172,1421.55,1,97.34,Critical
28.9349,94.7161,856.0,12.33691692352295,1289.76,1,15.01,Low
23.56443581943389,91.51169594456938,63.0,5.75265645980835,2396.11,0,0.03,Low
24.004758076348544,93.60604761139304,1371.0,41.019317626953125,1381.49,0,26.52,Moderate
28.9554,95.1754,2669.0,52.35048675537109,1289.76,1,90.62,Critical
27.0075,93.2551,335.0,26.87613677978516,1941.04,1,88.59,Critical
27.1043,92.1802,1795.0,33.24539566040039,1421.55,1,79.46,Critical
25.86425094514709,92.90506314687713,79.0,1.0288207530975342,1218.05,0,0.0,Low
27.5278,96.2187,520.0,46.016109466552734,2174.9,1,96.16,Critical
26.135,94.3556,424.0,26.05103874206543,1566.44,1,84.8,Critical
28.5931,95.7516,1255.0,30.071531295776367,2348.99,1,82.93,Critical
26.9675,93.342,286.0,20.035621643066406,1941.04,1,93.46,Critical
26.5389,94.6957,388.0,34.14651107788086,1819.61,1,91.37,Critical
26.01115193167811,92.06979059659076,467.0,12.85318088531494,1218.05,0,2.06,Low
28.7768,94.8544,764.0,39.26762771606445,1289.76,1,76.59,Critical
27.790135225660805,93.95917849858516,381.0,22.463579177856445,2320.86,0,56.33,High
28.7281,95.9193,2734.0,3.668361186981201,2348.99,1,69.41,High
28.446764708750965,95.79816011084486,926.0,47.46364212036133,2348.99,0,53.79,High
28.0981,93.5459,1334.0,38.45845031738281,2320.86,1,70.0,High
27.9875,96.4068,508.0,36.01926803588867,2484.94,1,88.18,Critical
26.0862,91.7991,157.0,12.563411712646484,1708.67,1,11.48,Low
26.17255642045874,91.29622249864713,47.0,1.3892518281936646,1708.67,0,0.0,Low
25.2066,92.2314,252.0,37.16370391845703,3573.05,1,66.38,High
28.6363,95.7492,1967.0,31.74528694152832,2348.99,1,83.79,Critical
27.0288,93.2652,350.0,29.656429290771484,1941.04,1,85.07,Critical
26.467496400857147,92.51354904249504,63.0,2.9752066135406494,1218.05,0,0.0,Low
28.1853,96.1337,1991.0,24.88780212402344,2484.94,1,68.77,High
27.0102,92.1883,1575.0,43.7159538269043,1421.55,1,86.79,Critical
26.537,94.8501,694.0,12.749797821044922,1819.61,1,54.87,High
23.639455373174787,91.48292610800635,63.0,5.755132675170898,2396.11,0,0.03,Low
27.895310842975288,96.97134881603002,2681.0,31.27669334411621,1471.65,0,17.37,Low
27.005,93.345,511.0,57.55800628662109,1941.04,1,96.11,Critical
28.2106,95.9291,2412.0,40.06467819213867,2817.65,1,69.47,High
28.080702478473327,96.23549557097674,2104.0,23.95094108581543,2484.94,0,34.8,Moderate
23.529028604738063,91.7730030544522,132.0,3.166432857513428,2396.11,0,7.99,Low
25.05424499242229,93.74557014765996,1880.0,13.751476287841797,1271.17,0,5.69,Low
25.42721105366596,90.46890713066956,436.0,4.147202014923096,3693.54,0,2.54,Low
24.57589273006396,94.4222310211913,427.0,33.084285736083984,1381.49,0,16.74,Low
28.2989,93.5288,3038.0,32.7115478515625,1535.18,1,76.67,Critical
25.78667248904974,90.6675989047782,220.0,18.03531646728516,3693.54,0,12.79,Low
27.7359,94.4242,278.0,20.729995727539062,2567.19,1,82.03,Critical
27.2552,88.2623,930.0,34.71200942993164,1690.33,1,76.95,Critical
25.96515072203737,91.11528602154206,51.0,0.0,3717.5,0,0.0,Low
26.0567,94.8745,1458.0,35.96632385253906,1669.48,1,72.33,High
26.73630489862673,94.06536955007428,83.0,4.139423847198486,1747.44,0,0.0,Low
22.89175927435171,92.69924099909306,360.0,24.55279922485352,2496.59,0,50.83,High
23.698639455802088,91.92264116377106,189.0,9.284473419189451,2322.27,0,7.15,Low
26.19433846387824,92.8794950802879,416.0,14.926880836486816,1218.05,0,2.0,Low
27.1072,92.956,683.0,36.78767395019531,1941.04,1,93.23,Critical
26.989,92.5354,325.0,27.52814102172852,1421.55,1,96.63,Critical
24.0781056530103,93.06091570775004,868.0,29.91716384887696,1381.49,0,28.09,Moderate
23.2272,93.0059,1077.0,19.415672302246094,1506.81,1,51.11,High
26.9875,92.6014,430.0,20.035701751708984,1421.55,1,83.4,Critical
28.183621924992977,97.25703129387762,4651.0,42.891075134277344,1471.65,0,3.5,Low
27.9995,96.2769,1484.0,56.47622680664063,2484.94,1,94.99,Critical
28.0716,93.2713,1789.0,56.694854736328125,1472.72,1,97.49,Critical
25.27025766180628,91.75862458025132,438.0,30.051876068115234,3717.5,0,31.26,Moderate
27.5326,94.2184,564.0,30.80735969543457,2567.19,1,86.74,Critical
25.36391311960213,93.33693189905593,500.0,12.107020378112791,1271.17,0,1.1,Low
26.9831,93.3122,388.0,44.084232330322266,1941.04,1,97.57,Critical
27.5813,96.5714,1163.0,29.54603576660156,1689.08,1,58.9,High
28.4255,93.7579,1390.0,52.42451095581055,1535.18,1,97.43,Critical
26.156698908484497,91.8943213597435,78.0,6.910260200500488,1708.67,0,1.04,Low
26.7621,95.293,896.0,13.731371879577637,1941.69,1,40.19,Moderate
27.0286,92.6453,340.0,13.53904628753662,1421.55,1,94.55,Critical
27.60792826479592,96.32051828722524,570.0,3.131112813949585,2174.9,0,4.08,Low
26.9765,92.6123,236.0,22.41862678527832,1421.55,1,97.18,Critical
28.3376,94.0522,914.0,63.48087310791016,2030.02,1,92.36,Critical
28.86301988973172,94.97410165617332,2432.0,14.026363372802734,1289.76,0,46.05,Moderate
25.562452949295835,93.27931710939843,395.0,13.854570388793944,1271.17,0,2.41,Low
27.7784,94.601,793.0,46.62322998046875,2681.74,1,98.02,Critical
23.78,92.5196,173.0,15.496360778808594,2141.49,1,68.46,High
26.93804462665799,94.69463291138136,97.0,4.992598533630371,1941.69,0,0.55,Low
25.1816,91.4756,182.0,33.628135681152344,4780.93,1,89.2,Critical
25.9405,94.5271,974.0,36.18083572387695,1566.44,1,68.34,High
27.28055617265402,95.83639817741692,411.0,16.537059783935547,2291.38,0,39.2,Moderate
25.7413855604282,92.35616001057912,778.0,13.805893898010254,2535.22,0,45.76,Moderate
27.7473,94.4706,299.0,21.634220123291016,2567.19,1,72.85,High
28.70853798833556,95.27423434078187,3762.0,28.234113693237305,2270.17,0,4.06,Low
26.62960073032771,91.5307485988014,73.0,1.0355831384658811,1708.67,0,0.0,Low
25.253457541661653,93.73623921898503,968.0,17.26474952697754,1271.17,0,5.01,Low
28.7446,95.8121,2678.0,33.84686279296875,2348.99,1,77.21,Critical
26.9465,93.1032,308.0,10.53788948059082,1941.04,1,96.94,Critical
26.1344,94.6697,1477.0,30.64314079284668,1669.48,1,64.83,High
26.595458478308664,95.101668146815,1388.0,28.506420135498047,1819.61,0,50.12,High
27.3636,88.6517,2330.0,41.38995361328125,1707.7,1,62.58,High
27.1142,92.1906,2272.0,20.04779624938965,1421.55,1,39.59,Moderate
26.9938,92.322,1271.0,40.471309661865234,1421.55,1,86.88,Critical
25.06762333869268,93.99640575822212,1101.0,21.01837730407715,1271.17,0,6.06,Low
27.7433,94.7999,409.0,37.875919342041016,2357.98,1,93.86,Critical
24.19188117397403,92.1504372972636,82.0,7.633634567260742,2141.49,0,3.23,Low
25.122797197404605,94.01392778269842,1117.0,20.578514099121094,1271.17,0,9.18,Low
28.0916124252655,92.83491901269385,4290.0,26.51975440979004,1472.72,0,0.84,Low
23.2617,92.397,81.0,11.032031059265137,2148.54,1,68.43,High
27.75657630119787,88.75379140211385,4251.0,32.22471618652344,1707.7,0,1.36,Low
25.996621014253066,90.23075688658388,32.0,0.0,3693.54,0,0.0,Low
27.4428,92.1534,2751.0,35.0351676940918,1194.49,1,67.29,High
23.832719407256747,91.37944553920195,23.0,3.557783603668213,2414.95,0,0.0,Low
26.0252,94.3389,898.0,25.18939971923828,1566.44,1,60.61,High
23.19829565062712,91.56839242010804,76.0,10.559053421020508,2396.11,0,5.41,Low
28.4137,96.5754,2031.0,34.8115348815918,1044.44,1,76.89,Critical
28.4891,95.0652,633.0,28.625110626220703,2270.17,1,83.01,Critical
27.0265,92.8471,235.0,23.82831382751465,1421.55,1,97.63,Critical
25.596461216570784,91.50339178060884,1562.0,11.078327178955078,3693.54,0,4.46,Low
28.5184962624835,94.24275596955869,2383.0,28.203845977783203,2030.02,0,36.24,Moderate
25.283074654353275,92.48435551966536,856.0,3.856343507766724,2535.22,0,0.77,Low
27.88610913580844,95.44311968177163,130.0,1.0472843647003174,2724.38,0,0.0,Low
27.58161948358628,88.613953188666,3595.0,35.01560592651367,1707.7,0,8.79,Low
27.481114799148568,94.64730656345026,101.0,1.398005485534668,2567.19,0,0.0,Low
25.0479,92.4551,122.0,26.77182960510254,3573.05,1,79.61,Critical
27.2753,88.2558,1036.0,44.2175407409668,1690.33,1,87.67,Critical
27.8461,94.7356,967.0,28.66632080078125,2724.38,1,81.36,Critical
27.7507,94.774,415.0,26.737966537475582,2724.38,1,78.18,Critical
27.95843628132049,93.1823662604005,1357.0,32.458187103271484,1472.72,0,79.39,Critical
28.5512927168536,94.4317934637984,2413.0,39.01543426513672,2030.02,0,42.12,Moderate
23.57196724527252,92.31699818522372,100.0,19.233367919921875,2148.54,0,37.77,Moderate
25.9979,94.3224,630.0,24.780527114868164,1566.44,1,87.73,Critical
23.51691665386782,92.86183394795538,810.0,34.46739196777344,1327.95,0,10.37,Low
27.8423,93.1383,2640.0,33.20002746582031,1472.72,1,64.38,High
28.1805,95.8728,796.0,57.476375579833984,2817.65,1,97.74,Critical
27.651395119750823,95.7481514642091,139.0,0.930599808692932,2174.9,0,0.0,Low
26.318094822738857,90.9733263785326,37.0,2.778752565383911,1708.67,0,0.0,Low
26.0673,94.4227,619.0,14.217419624328612,1566.44,1,69.18,High
27.573297540028545,93.5116375684224,1885.0,13.467122077941896,2592.49,0,25.51,Moderate
23.4492,92.4312,561.0,17.61481475830078,2148.54,1,64.53,High
26.37821106572016,94.64728833409436,725.0,28.42908096313477,1747.44,0,80.48,Critical
27.9991,94.4246,838.0,24.43129539489746,2681.74,1,84.45,Critical
27.3074,93.9334,386.0,33.82466506958008,2592.49,1,92.64,Critical
23.4705,92.66,358.0,22.005430221557617,2148.54,1,69.11,High
27.9406,96.2841,1041.0,31.731931686401367,2484.94,1,86.5,Critical
29.092736667307083,94.41772213296925,2435.0,43.31230926513672,1158.49,0,34.65,Moderate
26.71913693052727,92.26492816555836,91.0,1.3928298950195312,1421.55,0,0.5,Low
28.4606,95.5199,1799.0,37.557865142822266,2348.99,1,83.14,Critical
25.288950085433484,91.23782627511444,746.0,2.765787363052368,3693.54,0,0.0,Low
25.89254186354491,90.8862654750004,132.0,21.116670608520508,3693.54,0,2.91,Low
24.36792006263843,92.82113078973155,286.0,4.235405445098877,2942.16,0,4.05,Low
28.291,95.7414,526.0,43.37482070922852,2348.99,1,97.65,Critical
27.7672694177968,96.18165776059512,209.0,1.0461442470550537,2174.9,0,2.0,Low
28.041146022100047,93.63125897990938,1251.0,44.79044342041016,2320.86,0,53.38,High
24.9039384238929,93.85529455512945,809.0,0.9309558868408204,1271.17,0,0.0,Low
28.1791,93.1234,1774.0,40.34967422485352,1472.72,1,81.68,Critical
26.31921815992581,91.38936997804154,47.0,3.469389677047729,1708.67,0,0.0,Low
27.7943,92.9804,2531.0,47.52909469604492,1472.72,1,64.48,High
23.2889905427114,91.3308520791286,31.0,5.060757160186768,2396.11,0,1.5,Low
26.45189403446032,92.66435226577116,66.0,3.613231420516968,1218.05,0,0.0,Low
27.1947,93.7792,264.0,30.682435989379883,2204.32,1,66.72,High
25.49195442915161,94.35631469042472,1764.0,19.5513858795166,1566.44,0,17.41,Low
27.0483,92.6546,294.0,10.44708251953125,1421.55,1,94.58,Critical
26.967,93.0989,462.0,19.93831253051757,1941.04,1,87.26,Critical
26.50395787838812,93.53235976448632,634.0,13.481745719909668,1649.52,0,16.42,Low
25.9905,94.4303,717.0,26.86001968383789,1566.44,1,85.76,Critical
29.00278076643832,95.3848043999394,2752.0,27.986581802368164,1248.72,0,22.24,Low
28.265476106196484,94.36736061351564,2397.0,26.025840759277344,2681.74,0,20.74,Low
27.4378,94.0631,520.0,56.14815521240234,2567.19,1,99.18,Critical
28.195607798327675,93.78285908046396,1783.0,13.879097938537598,2320.86,0,43.62,Moderate
23.6916,93.0679,676.0,31.868377685546875,1327.95,1,62.71,High
27.684502759552487,94.1434368383056,748.0,29.2928524017334,2567.19,0,69.17,High
26.9653,93.1205,310.0,18.15667724609375,1941.04,1,93.81,Critical
28.7899,94.8119,540.0,47.43467330932617,1289.76,1,92.08,Critical
26.5123,94.7833,871.0,24.282440185546875,1819.61,1,76.49,Critical
24.64556141308448,92.3291168901955,29.0,1.3798315525054932,3648.26,0,0.0,Low
26.6998,94.7811,180.0,12.300971031188965,1819.61,1,22.56,Low
27.0688,92.7074,367.0,26.600404739379883,1421.55,1,98.41,Critical
25.83023216338988,90.719085954378,417.0,20.367382049560547,3693.54,0,8.21,Low
26.4239,94.489,583.0,23.492565155029297,1747.44,1,72.35,High
28.085,93.2677,2006.0,42.70926284790039,1472.72,1,87.19,Critical
28.1025,96.0403,1153.0,48.83314895629883,2484.94,1,97.68,Critical
27.1016,93.3512,603.0,43.37576675415039,1941.04,1,98.38,Critical
27.29,93.0512,1182.0,26.35745429992676,1971.8,1,42.86,Moderate
28.1615,95.9587,1607.0,58.00168991088867,2484.94,1,93.58,Critical
25.2246,91.6154,325.0,33.16908264160156,4943.24,1,73.66,High
27.381288292012595,88.55729921367013,1304.0,40.090423583984375,1707.7,0,65.22,High
26.4541,94.495,339.0,28.70174217224121,1747.44,1,66.87,High
26.28917721901554,89.92646886979678,54.0,0.0,2542.03,0,0.0,Low
27.5206,92.4274,2568.0,66.13687133789062,1194.49,1,92.46,Critical
28.4423,93.3211,2777.0,38.52154159545898,912.05,1,93.39,Critical
25.9859,94.0549,392.0,30.92678451538086,1566.44,1,81.27,Critical
26.50991525799577,90.3025064249742,55.0,1.0345076322555542,3717.5,0,0.0,Low
27.69,94.5617,789.0,45.13596725463867,2567.19,1,98.56,Critical
26.9497,93.155,240.0,6.213932037353516,1941.04,1,75.86,Critical
28.5798,95.2992,1816.0,36.64682388305664,2270.17,1,70.77,High
22.39477157119059,92.74415326425122,546.0,5.570416450500488,2496.59,0,8.16,Low
25.188,91.4527,232.0,13.7908353805542,4780.93,1,83.88,Critical
28.4902,93.4982,2997.0,43.3763427734375,1535.18,1,80.28,Critical
25.18072131729129,93.77181955350628,1230.0,44.19115829467773,1271.17,0,30.22,Moderate
28.742013547558823,94.94679021027348,540.0,35.600589752197266,2270.17,0,64.25,High
26.989,93.2239,536.0,19.18602752685547,1941.04,1,77.35,Critical
28.271,95.7566,863.0,33.70058822631836,2348.99,1,85.21,Critical
27.44558199769796,94.3271565461234,98.0,0.0,2567.19,0,0.0,Low
24.9587977628759,92.74892277277824,19.0,1.3816975355148315,3573.05,0,0.0,Low
28.0878,96.0039,914.0,34.26698684692383,2484.94,1,92.27,Critical
27.8178,95.0665,209.0,32.34186172485352,2724.38,1,89.26,Critical
28.4618,94.0946,2496.0,30.199119567871094,2030.02,1,49.94,Moderate
25.3158,91.871,1222.0,35.36769104003906,3717.5,1,92.06,Critical
25.996346973341858,91.05292529153952,53.0,3.602996349334717,3717.5,0,0.0,Low
27.0322,93.1398,1009.0,36.567081451416016,1941.04,1,86.18,Critical
28.101,93.2893,1221.0,30.27284049987793,1472.72,1,81.23,Critical
26.9775,92.4288,405.0,45.9333610534668,1421.55,1,99.45,Critical
26.5416,94.7974,800.0,23.54093742370605,1819.61,1,81.71,Critical
26.49127902102837,91.19969438014458,43.0,1.861015677452088,1708.67,0,0.0,Low
26.2987,94.9704,2071.0,33.43610000610352,1819.61,1,65.39,High
23.946277946699187,93.24301785793556,919.0,14.537394523620604,1381.49,0,9.04,Low
27.92230231673888,88.18874938085966,5510.0,0.9305633306503296,1690.33,0,2.0,Low
27.0764,92.9363,659.0,40.12921905517578,1941.04,1,97.38,Critical
27.107,92.1746,1894.0,32.56035614013672,1421.55,1,82.96,Critical
27.9725765571401,96.03147525824122,227.0,1.86062240600586,2484.94,0,0.0,Low
28.0623,96.1112,604.0,24.81414031982422,2484.94,1,81.36,Critical
28.3482,95.6761,1084.0,40.604827880859375,2348.99,1,87.64,Critical
23.3981,92.3757,122.0,15.217426300048828,2148.54,1,68.09,High
28.2224,96.4021,2922.0,49.19032669067383,2484.94,1,79.3,Critical
27.2812,88.2506,1095.0,25.501220703125,1690.33,1,65.45,High
28.0699,96.2421,2006.0,35.53266143798828,2484.94,1,72.36,High
28.6896,95.734,2403.0,12.670488357543944,2348.99,1,48.15,Moderate
28.4861955572608,95.18873655522658,770.0,35.11703109741211,2270.17,0,59.54,High
27.1086,93.3529,731.0,30.401912689208984,1941.04,1,86.14,Critical
27.98415639846724,93.32048546113684,2958.0,22.583898544311523,1472.72,0,20.94,Low
28.6611,95.5931,2696.0,25.41398429870605,2348.99,1,77.64,Critical
27.2874,88.2805,589.0,39.34462738037109,1690.33,1,89.08,Critical
28.459,93.827,1400.0,37.227176666259766,1535.18,1,77.4,Critical
26.296000247539634,94.61001641990936,1044.0,16.678781509399414,1747.44,0,25.28,Moderate
24.63972166576881,92.40678931227598,21.0,2.9705018997192383,3573.05,0,0.0,Low
27.163505542542183,88.74286623029586,2377.0,26.6838607788086,2542.03,0,24.43,Low
23.601079818803097,93.42830354651063,1007.0,26.07763290405273,1327.95,0,27.29,Moderate
24.0734,93.0273,1176.0,25.36357879638672,1381.49,1,55.32,High
27.815082560683585,95.08699235985316,139.0,2.134457588195801,2724.38,0,0.0,Low
28.3407,95.6063,1097.0,21.09946632385254,2348.99,1,71.32,High
28.5246,94.5472,914.0,33.06300735473633,2030.02,1,80.43,Critical
27.36688418181103,95.52401207264492,141.0,2.1324870586395264,1916.88,0,0.0,Low
27.7373,94.4457,334.0,38.3115348815918,2567.19,1,93.4,Critical
25.7323189142945,92.80496220707712,126.0,3.217461347579956,1218.05,0,0.0,Low
26.3474,94.6504,450.0,13.014337539672852,1819.61,1,67.42,High
25.165670259328152,94.5933959400499,2329.0,27.866851806640625,1566.44,0,43.21,Moderate
22.48730606870888,92.83149557481268,672.0,33.68125534057617,2496.59,0,62.73,High
26.0815,94.4425,733.0,19.31444931030273,1566.44,1,77.86,Critical
23.146889163027925,91.690386013698,59.0,5.739063739776611,2396.11,0,0.03,Low
26.4504,94.2266,285.0,25.37624740600586,1747.44,1,70.28,High
28.324,94.9165,1103.0,49.8425407409668,2270.17,1,91.42,Critical
27.612623197113603,95.32274949641304,120.0,1.044670820236206,2724.38,0,0.0,Low
27.729,94.5576,1217.0,53.65590286254883,2567.19,1,97.98,Critical
24.425744243448342,94.07905500660549,1059.0,17.529747009277344,1381.49,0,16.43,Low
26.51475619136837,94.8655256951028,651.0,14.604475021362305,1819.61,0,48.05,Moderate
28.5401,95.7962,1585.0,50.57958221435547,2348.99,1,82.55,Critical
27.88800258149543,96.96197724450774,2516.0,41.56930160522461,1471.65,0,8.9,Low
28.1307,93.3118,1505.0,18.87296295166016,1472.72,1,65.5,High
24.13974367915283,92.73302552020584,241.0,8.939363479614258,2141.49,0,24.88,Low
28.304546859087115,96.34499550616596,2697.0,31.962305068969727,1891.54,0,30.22,Moderate
28.94469810695165,95.21756315940026,3761.0,26.58555030822754,1289.76,0,7.36,Low
27.03171244218528,95.43007262783236,506.0,24.312156677246094,1916.88,0,66.11,High
27.674848946444047,92.852028070871,2247.0,22.91694641113281,1472.72,0,25.26,Moderate
28.0964,93.4844,1825.0,36.01353073120117,2320.86,1,75.19,Critical
27.91609410489313,93.06667013095507,1678.0,34.29788589477539,1472.72,0,59.2,High
26.9809,92.5603,255.0,19.6960391998291,1421.55,1,98.27,Critical
27.60772463702008,94.65441658526512,119.0,1.3988877534866333,2567.19,0,0.0,Low
26.101090532506344,92.59293840248016,63.0,4.515387058258057,1218.05,0,0.0,Low
27.46966441190522,92.94345639695644,1475.0,16.14481544494629,1971.8,0,23.75,Low
23.4447,92.5171,768.0,39.105247497558594,2148.54,1,92.09,Critical
28.5827,95.6465,1529.0,15.65625,2348.99,1,53.08,High
26.0484,94.3235,720.0,14.901649475097656,1566.44,1,77.7,Critical
27.6057,96.5401,1396.0,45.4925422668457,2174.9,1,90.39,Critical
26.9891,92.5332,440.0,39.090309143066406,1421.55,1,99.55,Critical
28.8576,94.1665,2363.0,45.10237503051758,1158.49,1,76.54,Critical
28.7878,94.8113,514.0,35.25950622558594,1289.76,1,91.67,Critical
27.62889412204786,94.812217914878,111.0,2.088958263397217,2357.98,0,1.0,Low
26.09772206944222,92.5530722463216,182.0,2.9742090702056885,1218.05,0,0.5,Low
26.9697,93.0986,426.0,12.56881046295166,1941.04,1,92.9,Critical
26.8986,92.1771,367.0,29.642745971679688,1421.55,1,96.96,Critical
26.7490498855398,94.379829410171,104.0,0.0,1747.44,0,0.0,Low
22.38479221076185,92.78598560566378,396.0,19.34367752075196,2496.59,0,46.21,Moderate
27.7284,94.553,1280.0,11.966753005981444,2567.19,1,65.78,High
25.243166199540383,91.70833719059613,1194.0,20.59968376159668,3717.5,0,21.31,Low
25.2727,91.5198,702.0,30.53079605102539,3693.54,1,74.45,High
27.44611238955256,93.62860995425991,1261.0,24.612443923950195,2592.49,0,47.3,Moderate
27.8835,94.6773,1272.0,28.17626953125,2724.38,1,75.45,Critical
23.4434,92.8987,742.0,30.78076171875,1327.95,1,69.43,High
27.708,94.2478,1455.0,42.97128677368164,2567.19,1,94.46,Critical
28.4702,93.7103,1667.0,57.628604888916016,1535.18,1,96.71,Critical
25.97192750814842,90.13967322582928,29.0,1.0297564268112185,3693.54,0,0.0,Low
26.3383,94.8887,603.0,26.38025283813477,1819.61,1,86.91,Critical
26.9486,92.1291,537.0,46.95273971557617,1154.3,1,94.12,Critical
28.5642,95.2954,1531.0,35.836788177490234,2270.17,1,76.47,Critical
28.3104,96.0607,944.0,44.37097930908203,1891.54,1,81.69,Critical
28.1569,96.0207,1774.0,32.01762390136719,2484.94,1,78.62,Critical
28.45257173400421,95.08485051252096,522.0,26.00580596923828,2270.17,0,63.28,High
27.199255049428903,93.74092527504062,631.0,38.7567024230957,2204.32,0,67.42,High
28.050846952054705,95.07534336394836,1255.0,43.7803840637207,2724.38,0,63.68,High
26.57812985046108,91.16796670782674,53.0,1.8609930276870728,1708.67,0,0.0,Low
28.3289,94.2322,2212.0,36.7898063659668,2030.02,1,64.15,High
26.1197,94.3851,359.0,18.03389358520508,1566.44,1,80.31,Critical
27.6024,96.5067,1995.0,38.63428115844727,2174.9,1,74.79,High
26.0104,94.0421,586.0,38.21312713623047,1306.28,1,79.79,Critical
27.73218069665776,88.50499814798752,4904.0,44.65128326416016,1707.7,0,1.48,Low
27.95427302911457,96.2006036234902,288.0,2.1350808143615723,2484.94,0,1.05,Low
25.756662247714463,91.4768167465573,521.0,5.075194358825684,3717.5,0,3.29,Low
25.57513098926772,91.36086689222752,1519.0,2.769315242767334,3693.54,0,0.55,Low
26.947,92.2363,610.0,17.591672897338867,1421.55,1,90.41,Critical
28.4892,95.7979,1023.0,41.65949630737305,2348.99,1,90.83,Critical
28.13278998460644,93.38129907246248,1994.0,35.03325653076172,1472.72,0,82.81,Critical
26.9861,95.6633,979.0,40.40040588378906,1916.88,1,81.75,Critical
26.74931665329881,93.9410515776692,85.0,2.2716994285583496,2204.32,0,1.5,Low
27.9421,93.2685,1241.0,29.643386840820312,1472.72,1,78.87,Critical
26.3842349264923,92.31443355758748,57.0,2.128347873687744,1218.05,0,0.0,Low
25.164,91.4517,67.0,4.142383575439453,4780.93,1,18.5,Low
28.2428,95.4663,1283.0,38.93763732910156,2817.65,1,89.26,Critical
24.001247837335463,93.73876633267572,779.0,7.613857269287109,1381.49,0,2.58,Low
26.46760623013433,93.96375986393696,100.0,1.3911688327789309,1747.44,0,0.0,Low
27.0115,93.4283,291.0,35.22612380981445,1941.04,1,93.63,Critical
25.52874075899496,91.9519617690528,1472.0,19.594253540039062,3717.5,0,16.85,Low
27.3616,88.4769,514.0,3.6344521045684814,1707.7,1,65.01,High
25.667592653803126,92.23196628873092,1000.0,2.2543885707855225,2535.22,0,0.58,Low
23.00354213942555,91.58037702635738,81.0,5.101836204528809,2396.11,0,6.29,Low
24.41288004775541,92.95122912718462,361.0,13.70840835571289,1625.06,0,22.5,Low
26.9809,92.6149,255.0,18.72519302368164,1421.55,1,97.17,Critical
28.22988519544588,94.77250723113804,342.0,12.541297912597656,2724.38,0,41.43,Moderate
25.191202638027203,92.42868376808084,155.0,2.247084379196167,3573.05,0,1.0,Low
28.5653,93.616,3084.0,53.25914001464844,1535.18,1,87.68,Critical
27.3146,93.9689,195.0,31.2343864440918,2592.49,1,81.97,Critical
23.95114770818924,92.80924780682402,210.0,22.56888771057129,2141.49,0,39.48,Moderate
27.81833991998672,88.83443396250128,5299.0,31.35450935363769,1707.7,0,3.5,Low
25.795362589996664,90.28980561650609,191.0,8.374589920043945,3693.54,0,2.5,Low
23.484664995407453,91.67440287705485,51.0,4.031692028045654,2396.11,0,0.0,Low
24.21420029538523,93.30627451589926,1075.0,23.55179977416992,1381.49,0,6.4,Low
28.8505,94.917,1511.0,39.15036010742188,1289.76,1,73.89,High
24.76540714425272,94.03203251823297,1016.0,19.38787651062012,1648.99,0,26.44,Moderate
28.02827446154833,92.989694474692,3348.0,28.316251754760746,1472.72,0,3.68,Low
26.621257251920657,92.396441182334,78.0,2.782721519470215,1421.55,0,0.0,Low
25.9523,94.9452,692.0,30.14801597595215,1669.48,1,73.87,High
26.9854,92.6035,348.0,37.48649978637695,1421.55,1,97.23,Critical
24.44651799223524,92.25105342567912,37.0,5.498772144317627,3648.26,0,0.5,Low
24.792023368369595,92.7386663583338,27.0,3.5771501064300537,2942.16,0,0.0,Low
27.1146,92.9966,881.0,22.55777740478516,1941.04,1,80.3,Critical
28.3765,93.392,2469.0,41.68674087524414,912.05,1,87.99,Critical
26.9869,92.5438,364.0,45.922119140625,1421.55,1,99.45,Critical
27.8708,94.8659,368.0,22.908483505249023,2724.38,1,77.83,Critical
25.81442736334806,90.19991187860948,147.0,7.172332286834717,3693.54,0,0.5,Low
28.7647,95.8248,2139.0,31.68250846862793,1248.72,1,61.57,High
27.1521,93.1411,1352.0,27.3718490600586,1941.04,1,59.0,High
25.208269610206823,94.15766101891118,1936.0,8.921192169189453,1566.44,0,18.72,Low
27.21731507858142,92.4380661269504,1430.0,25.16468620300293,1421.55,0,36.52,Moderate
26.0004,94.3873,616.0,19.76049995422364,1566.44,1,81.67,Critical
27.4002,88.2801,1702.0,30.255266189575195,1690.33,1,65.55,High
28.4778,93.387,3759.0,32.825809478759766,912.05,1,76.73,Critical
23.5003,92.7014,900.0,15.045479774475098,2148.54,1,65.37,High
27.225,88.2252,1541.0,16.802553176879883,2181.41,1,63.11,High
25.44757332830863,91.1499572858784,991.0,9.283878326416016,3693.54,0,1.71,Low
26.58905286108578,92.14164428933408,73.0,1.3919689655303955,1154.3,0,0.0,Low
27.7868,94.5122,481.0,32.769126892089844,2681.74,1,93.08,Critical
27.9566,94.9553,359.0,51.801734924316406,2724.38,1,99.39,Critical
27.808126502619952,92.2209735083818,4856.0,33.0626220703125,1194.49,0,0.0,Low
28.35999024325781,96.12419381779368,1847.0,40.24348068237305,1891.54,0,59.31,High
28.934742235966137,95.67640265127574,2937.0,20.283689498901367,1248.72,0,14.34,Low
24.286376448315224,92.13441893377758,52.0,3.5668110847473145,3648.26,0,0.0,Low
27.670078281542693,88.75059945174964,3066.0,41.92163848876953,1707.7,0,28.49,Moderate
26.9731,93.088,459.0,12.58715534210205,1941.04,1,92.76,Critical
28.6564,95.7278,1897.0,35.330806732177734,2348.99,1,84.79,Critical
27.59001531634503,95.9953132977065,160.0,5.527431488037109,2174.9,0,14.15,Low
25.52864247400129,93.90969605019588,2289.0,9.248668670654297,1306.28,0,27.35,Moderate
28.1823,95.8877,1156.0,43.63147735595703,2817.65,1,93.29,Critical
23.759814107984308,91.72442739378114,130.0,8.040396690368652,2396.11,0,2.29,Low
25.3116,91.8679,1026.0,28.13813591003418,3717.5,1,90.48,Critical
28.53617020633307,93.42359935691697,3550.0,22.596332550048828,912.05,0,14.16,Low
24.683570372057552,94.32267379521832,571.0,29.36716079711914,1271.17,0,16.57,Low
23.4806,92.3709,340.0,23.6495304107666,2148.54,1,71.75,High
28.1091,93.2301,1315.0,46.41690826416016,1472.72,1,91.59,Critical
28.59705064974412,94.2509017187616,2583.0,30.25292015075684,2030.02,0,38.08,Moderate
25.83089102959272,92.95382747795745,85.0,4.50689172744751,1218.05,0,0.0,Low
28.499,95.7729,999.0,18.144561767578125,2348.99,1,61.36,High
25.5119,91.7006,1770.0,19.10389518737793,3717.5,1,71.47,High
23.734310949200424,93.01438657951788,561.0,34.54960632324219,1327.95,0,23.08,Low
27.67849197837448,93.39672403425932,1928.0,30.93041610717773,1971.8,0,48.86,Moderate
26.0451,94.378,510.0,45.33534622192383,1566.44,1,92.56,Critical
26.03437420339278,94.14247708698446,395.0,8.563447952270508,1566.44,0,22.56,Low
28.50815133469608,94.72232389342072,1574.0,25.18390464782715,2270.17,0,38.33,Moderate
23.906075996010244,91.964009125754,87.0,17.090837478637695,2322.27,0,8.78,Low
26.3639,94.9487,837.0,31.347803115844727,1819.61,1,84.59,Critical
26.48022046335975,93.29790890646277,345.0,15.15192699432373,1427.25,0,27.79,Moderate
28.6096,95.6862,2288.0,40.7667121887207,2348.99,1,58.26,High
25.97448153477787,93.42245013405883,139.0,2.058891534805298,1427.25,0,0.0,Low
27.6004,96.5107,1663.0,35.64336395263672,2174.9,1,80.14,Critical
27.9148,93.5416,1984.0,35.95393371582031,2320.86,1,75.79,Critical
25.32756761915162,91.67345927997324,1635.0,2.7907447814941406,3717.5,0,10.5,Low
26.9726,93.083,490.0,14.354015350341797,1941.04,1,79.49,Critical
28.333528623658445,94.33886680625363,3036.0,37.16097259521485,2030.02,0,44.09,Moderate
27.766679564670422,88.54184285265659,3050.0,54.32566833496094,1707.7,0,15.79,Low
27.9651,95.0861,705.0,33.303985595703125,2724.38,1,84.59,Critical
26.60923696319993,94.97547613518906,393.0,6.205957889556885,1819.61,0,11.02,Low
27.979209996698728,96.00183951530433,218.0,6.848781585693359,2484.94,0,5.61,Low
26.947,93.0925,310.0,9.268805503845217,1941.04,1,96.08,Critical
24.35025484958346,93.3397564907944,337.0,21.40805053710937,1381.49,0,10.43,Low
27.8411,93.135,2785.0,36.49080276489258,1472.72,1,79.37,Critical
27.1694,88.4777,1261.0,28.447296142578125,2542.03,1,73.69,High
25.9484,94.3368,505.0,43.96342086791992,1566.44,1,90.58,Critical
27.038,92.677,309.0,11.030821800231934,1421.55,1,92.86,Critical
27.14367302398136,88.43305035223933,1167.0,32.193119049072266,2181.41,0,53.64,High
27.4629,93.7903,1291.0,26.231746673583984,2592.49,1,65.28,High
27.0337,92.6368,281.0,11.215486526489258,1421.55,1,95.53,Critical
27.2004,92.7412,472.0,24.12805938720703,1421.55,1,97.67,Critical
27.94265142885837,96.4150875687438,406.0,23.763164520263672,2484.94,0,68.87,High
25.326865285087848,90.96025800523876,319.0,14.554606437683104,3693.54,0,5.97,Low
27.83327093704719,88.5792522215024,4505.0,41.57870864868164,1707.7,0,0.06,Low
25.283338533347468,92.63232515173154,1359.0,4.088959217071533,2535.22,0,0.94,Low
27.236246295446826,93.64085308328454,1103.0,25.73444366455078,2204.32,0,50.94,High
25.50737179980544,93.31418587452076,521.0,13.413626670837402,1271.17,0,0.71,Low
22.66823046830885,92.69797750112502,443.0,5.527755737304688,2496.59,0,30.63,Moderate
28.51685219119966,96.00303154351025,3766.0,30.73838424682617,1891.54,0,6.84,Low
25.248724946003243,90.55507792705644,144.0,17.398269653320312,4780.93,0,58.08,High
28.2301,95.2281,456.0,37.93690872192383,2724.38,1,93.87,Critical
27.82967445810307,93.49859946838475,867.0,37.43001556396485,2320.86,0,55.26,High
23.7197,92.7913,416.0,32.05609130859375,2148.54,1,82.53,Critical
25.05405750531734,93.7629612448836,1513.0,22.22835159301757,1271.17,0,10.77,Low
27.7815,94.2453,878.0,52.02934646606445,2681.74,1,98.85,Critical
27.367781902652005,95.3328080386291,125.0,1.860784649848938,1916.88,0,0.0,Low
26.9493,93.1371,292.0,18.257999420166016,1941.04,1,93.63,Critical
25.54993574708813,93.1733650292597,326.0,8.497037887573242,1271.17,0,3.09,Low
25.9788,94.0528,605.0,27.81098747253418,1566.44,1,90.79,Critical
27.4126,88.2842,2283.0,48.422828674316406,1690.33,1,80.47,Critical
25.541008486726657,93.61771994633668,806.0,17.00735855102539,1271.17,0,2.82,Low
28.182390243817924,95.5532748558756,281.0,4.642860412597656,2817.65,0,11.84,Low
27.6993,94.775,526.0,35.99275207519531,2357.98,1,88.49,Critical
26.993,93.1851,296.0,23.53406524658203,1941.04,1,88.73,Critical
23.4275,92.5271,802.0,32.284454345703125,2148.54,1,76.41,Critical
27.70668307515885,95.81228068237928,137.0,2.0904364585876465,2174.9,0,0.0,Low
27.7857,94.5183,508.0,36.9832649230957,2681.74,1,93.43,Critical
26.005927926290028,93.87208581705086,142.0,1.0300517082214355,1306.28,0,0.0,Low
27.4934,92.067,3549.0,40.305423736572266,853.16,1,78.56,Critical
27.5933,94.5059,379.0,33.4725456237793,2567.19,1,92.94,Critical
26.0852,94.9358,912.0,31.253347396850582,1669.48,1,74.84,High
27.1142,92.8546,680.0,40.47518539428711,1941.04,1,97.2,Critical
28.14492341625256,93.475805545014,2353.0,20.17658233642578,2320.86,0,19.33,Low
26.9834,92.3042,1063.0,45.48556900024414,1421.55,1,94.38,Critical
27.47200495222456,91.95064741984687,3827.0,29.23784065246582,853.16,0,4.34,Low
26.81416662081191,92.0199007279684,162.0,2.0738275051116943,1154.3,0,0.0,Low
24.57020196963938,92.88906828780074,63.0,4.170124053955078,2942.16,0,0.0,Low
27.79405721370533,92.27237291507586,4902.0,35.69430160522461,1194.49,0,1.02,Low
23.98816345383049,92.49211792307744,742.0,34.456844329833984,2141.49,0,61.17,High
28.1207,95.9837,1617.0,22.349824905395508,2484.94,1,73.13,High
28.054347644261888,92.9959012973199,3375.0,42.92466354370117,1472.72,0,27.01,Moderate
25.67414315066077,91.81530512886336,892.0,5.660834789276123,3717.5,0,0.57,Low
26.9694,92.5449,228.0,24.059616088867188,1421.55,1,97.88,Critical
27.2084,92.7216,988.0,27.26881599426269,1421.55,1,87.95,Critical
28.25090351223891,93.3355532578101,2922.0,14.445165634155272,912.05,0,15.05,Low
27.1433,92.8771,1194.0,43.28985977172852,1941.04,1,87.7,Critical
23.5778,92.3686,224.0,24.612905502319336,2148.54,1,72.26,High
28.7256,95.9126,2373.0,22.11947250366211,2348.99,1,73.99,High
26.64580646981292,93.86345782528582,89.0,2.7830443382263184,1649.52,0,5.0,Low
27.26310396621361,95.45686724840088,173.0,8.475056648254395,1916.88,0,7.35,Low
27.6485,92.5514,2631.0,46.98480224609375,1194.49,1,80.21,Critical
28.785,94.8643,782.0,51.17471694946289,1289.76,1,93.41,Critical
26.02489465586485,89.96981710998574,31.0,3.087996482849121,3693.54,0,0.0,Low
26.214792192861587,92.62252781330886,62.0,4.9713521003723145,1218.05,0,0.0,Low
25.20411758489362,90.4791028785507,99.0,19.62981605529785,4780.93,0,11.22,Low
27.90794345853445,93.2589743224854,1929.0,25.48652458190918,1472.72,0,45.93,Moderate
25.9412,94.2995,517.0,13.839056968688965,1566.44,1,74.95,High
26.736624428806845,93.42153998144978,73.0,0.0,1941.04,0,0.0,Low
27.6327,94.2277,160.0,13.33842658996582,2567.19,1,58.65,High
27.0921,92.9961,780.0,31.01627922058105,1941.04,1,91.67,Critical
26.62984757015233,94.10688729322936,94.0,4.983438014984131,1747.44,0,6.0,Low
25.085162473280675,93.25229644975371,1009.0,24.109771728515625,1648.99,0,30.25,Moderate
26.9776,92.2787,765.0,13.841415405273438,1421.55,1,83.41,Critical
27.3153,92.7909,554.0,48.44370269775391,1194.49,1,87.42,Critical
23.41,92.9827,1231.0,25.22509956359864,1327.95,1,61.62,High
27.8523,94.9144,396.0,34.14267349243164,2724.38,1,93.04,Critical
27.261,93.72,878.0,36.17008972167969,2592.49,1,86.61,Critical
25.75704979884881,91.49130439636356,633.0,11.99317455291748,3717.5,0,1.45,Low
26.0548,94.437,656.0,26.50969123840332,1566.44,1,87.18,Critical
27.92566647105412,95.1119260161596,546.0,9.499205589294434,2724.38,0,18.61,Low
27.4396,93.9446,1582.0,42.29032516479492,2592.49,1,86.96,Critical
26.9836,92.6167,216.0,19.95531272888184,1421.55,1,93.45,Critical
25.13953181835474,93.75459618260604,1171.0,23.28158950805664,1271.17,0,6.01,Low
29.271350307530632,95.9030915189683,4135.0,26.03406524658203,1248.72,0,1.0,Low
26.9392,93.1491,263.0,17.302032470703125,1941.04,1,94.12,Critical
28.4312,94.5277,2048.0,15.707727432250977,2030.02,1,41.88,Moderate
28.7996,94.7623,1273.0,47.79754257202149,1289.76,1,92.27,Critical
26.605915618006755,94.3506040767672,169.0,10.082751274108888,1747.44,0,12.21,Low
27.1607,92.9509,980.0,39.272979736328125,1941.04,1,87.38,Critical
26.9438,92.1819,711.0,42.80426025390625,1421.55,1,96.83,Critical
26.9685,93.3418,373.0,39.98565673828125,1941.04,1,97.09,Critical
27.36702245337736,95.84771354064044,156.0,1.860784888267517,2291.38,0,0.0,Low
26.9593,93.0737,412.0,11.01977252960205,1941.04,1,94.71,Critical
27.7061,94.2534,1293.0,37.80428314208984,2567.19,1,91.58,Critical
23.9686,92.832,138.0,18.399354934692383,2141.49,1,59.08,High
26.51956142224525,92.87439387741355,71.0,2.975348711013794,1941.04,0,0.0,Low
23.878151040923942,93.22791365304415,899.0,7.05248498916626,1381.49,0,1.9,Low
25.40280509866273,94.05170438016458,1126.0,28.52934455871582,1306.28,0,23.61,Low
27.1596,92.8623,1297.0,34.04630661010742,1941.04,1,75.57,Critical
28.823525198402315,94.84614321600044,696.0,25.48814010620117,1289.76,0,38.05,Moderate
26.54133537758734,94.868733797147,644.0,14.961597442626951,1819.61,0,51.23,High
27.6779,94.6163,422.0,41.226783752441406,2567.19,1,97.85,Critical
27.9685,95.0991,511.0,41.55397033691406,2724.38,1,95.86,Critical
23.5734,92.6831,484.0,14.987360954284668,2148.54,1,56.99,High
27.1337,88.1803,617.0,32.1921272277832,2181.41,1,87.02,Critical
27.171,93.0689,1551.0,54.067230224609375,1941.04,1,89.39,Critical
25.43903382126728,94.28201695491396,2435.0,4.1474223136901855,1566.44,0,3.45,Low
26.38448778111867,95.034692953103,1133.0,29.428590774536133,1819.61,0,41.21,Moderate
27.5153,96.2346,497.0,12.305063247680664,2174.9,1,62.57,High
28.8078,95.1364,2199.0,42.1976203918457,1289.76,1,79.06,Critical
26.42406294758253,93.04863864783546,171.0,18.754467010498047,1427.25,0,14.65,Low
28.8366,94.9566,1123.0,28.96734619140625,1289.76,1,74.41,High
27.1512,92.9013,1136.0,35.96426773071289,1941.04,1,81.65,Critical
27.37215207266625,95.1581985862272,111.0,0.9306371212005616,2724.38,0,0.0,Low
24.280649995502703,93.51327473090224,1131.0,25.808841705322266,1381.49,0,9.38,Low
27.0387,93.1491,1120.0,51.02070999145508,1941.04,1,96.99,Critical
26.90440210718908,93.69518859561792,76.0,2.274263381958008,2204.32,0,0.0,Low
26.68151219106793,91.54868571456224,79.0,4.253279685974121,1154.3,0,0.0,Low
26.9496,93.1096,288.0,12.132835388183594,1941.04,1,93.64,Critical
28.2131,95.3411,1102.0,47.9463119506836,2724.38,1,92.75,Critical
24.224669267535084,91.7782652137349,79.0,2.753166675567627,2322.27,0,2.0,Low
27.48070024031131,93.21289349045972,2284.0,28.57096672058105,1971.8,0,41.38,Moderate
24.370153017835253,93.243743847855,486.0,23.950912475585938,1625.06,0,43.72,Moderate
23.5874,92.4608,779.0,37.87315368652344,2148.54,1,89.55,Critical
26.8134218405818,92.60033736654466,93.0,2.073812246322632,1421.55,0,0.0,Low
25.546611982951426,94.00451072234776,2341.0,34.52629470825195,1306.28,0,29.4,Moderate
27.0345,93.1572,945.0,36.26421356201172,1941.04,1,87.19,Critical
27.352949314889823,92.1440664111218,3205.0,21.487642288208008,853.16,0,37.64,Moderate
23.14417778199805,91.74955570692022,125.0,7.921970844268799,2396.11,0,3.96,Low
26.62522259762732,94.132666571587,89.0,1.392207384109497,1747.44,0,0.0,Low
27.8781,94.6519,1329.0,40.4456901550293,2724.38,1,86.86,Critical
27.2572,93.7163,739.0,32.92249298095703,2592.49,1,86.26,Critical
27.0856,92.9765,735.0,61.72982406616211,1941.04,1,99.08,Critical
27.1691,88.1916,1590.0,36.769004821777344,2181.41,1,72.86,High
22.47722253999365,93.05140929777066,1362.0,37.30055618286133,1506.81,0,66.87,High
23.6398,92.9842,985.0,24.614112854003903,1327.95,1,62.94,High
26.6712511269834,92.77014051506256,74.0,2.975767135620117,1941.04,0,0.0,Low
25.9369,94.3202,655.0,37.783348083496094,1566.44,1,88.44,Critical
28.7251,95.7865,2675.0,19.30583000183105,2348.99,1,68.11,High
25.424513652378504,91.63056886510276,1552.0,8.934066772460938,3717.5,0,1.44,Low
27.4626,94.1096,439.0,19.0478458404541,2567.19,1,79.61,Critical
27.6751,94.579,375.0,21.327917098999023,2567.19,1,83.09,Critical
27.323084857937587,94.96452011234246,105.0,2.2812952995300293,2357.98,0,0.0,Low
26.189668174084243,91.13849715930156,39.0,10.132646560668944,1708.67,0,1.5,Low
26.80017422108673,91.20165280580484,150.0,4.75719690322876,1154.3,0,0.0,Low
27.1073,92.8131,541.0,31.070751190185547,1421.55,1,97.81,Critical
27.845732900640684,96.9954886836493,1388.0,16.883506774902344,1471.65,0,32.69,Moderate
25.73413385736089,94.20763684766882,1086.0,26.45119285583496,1566.44,0,38.79,Moderate
28.6571,95.7608,2400.0,27.19595718383789,2348.99,1,68.22,High
28.3254,96.0637,1594.0,60.34626007080078,1891.54,1,94.53,Critical
25.909893133011487,93.52732334429122,199.0,5.534102916717529,1427.25,0,6.54,Low
26.492258852399203,93.84700436502744,101.0,1.3913309574127195,1649.52,0,0.0,Low
25.172002736487904,93.0644287560203,440.0,25.695846557617188,1648.99,0,65.22,High
27.2742,93.4536,1772.0,24.800765991210938,2592.49,1,45.5,Moderate
28.01707984607118,94.35974639403152,1009.0,29.21053504943848,2681.74,0,57.32,High
26.40056297037911,91.01983972082598,42.0,3.718159914016724,1708.67,0,0.0,Low
27.124145226563904,94.7588397432366,100.0,4.757632255554199,1941.69,0,0.55,Low
27.3192,93.954,301.0,26.20525932312012,2592.49,1,80.74,Critical
25.22489066581422,92.6852859898366,1178.0,22.627410888671875,3573.05,0,23.74,Low
26.19906600598454,95.01258337201232,1278.0,32.90544891357422,1669.48,0,53.63,High
25.43993426657372,94.27218782123356,2423.0,28.80569839477539,1566.44,0,37.48,Moderate
27.1234,92.9052,1120.0,32.12363815307617,1941.04,1,69.43,High
27.8569,94.9248,290.0,53.85810089111328,2724.38,1,97.59,Critical
27.7084770948262,95.34799473302644,119.0,3.4841580390930176,2724.38,0,1.05,Low
26.7975470155548,94.66406187242605,104.0,0.0,1747.44,0,0.0,Low
28.3141,96.0462,1306.0,49.97881317138672,1891.54,1,93.4,Critical
27.1296,92.8656,762.0,33.177974700927734,1941.04,1,93.19,Critical
27.8626,94.72,1027.0,37.47859954833984,2724.38,1,76.89,Critical
27.3576,88.6573,1895.0,34.17203521728516,1707.7,1,73.96,High
28.34015714290939,95.58157529828104,1328.0,40.62616729736328,2348.99,0,73.52,High
27.472804663819048,88.62583479661164,3188.0,44.22324752807617,1707.7,0,26.84,Moderate
25.9624,94.3371,508.0,9.888738632202148,1566.44,1,67.75,High
28.1819,95.9239,1842.0,30.61955451965332,2817.65,1,61.41,High
27.991356922977403,95.26871683744234,181.0,0.9305539727211,2724.38,0,2.75,Low
26.18222321370088,90.444168923314,34.0,1.3893145322799685,3717.5,0,0.0,Low
26.9556,93.1108,299.0,17.583072662353516,1941.04,1,94.61,Critical
24.46549973778899,93.81380903756023,775.0,5.400432586669922,1381.49,0,2.72,Low
27.42161707251782,95.36292880941824,126.0,3.481008529663086,1916.88,0,0.62,Low
26.9339,92.3325,402.0,26.9517879486084,1421.55,1,98.34,Critical
28.2986,94.2825,1758.0,30.65982437133789,2030.02,1,63.35,High
28.1875,93.1833,2471.0,30.45121383666992,1472.72,1,78.71,Critical
28.051,96.3014,727.0,35.651649475097656,2484.94,1,83.58,Critical
27.8501,94.915,266.0,27.77811050415039,2724.38,1,86.82,Critical
26.9482,92.1918,746.0,36.72427749633789,1421.55,1,96.0,Critical
26.81516710809343,94.29416683661948,91.0,2.785294532775879,1747.44,0,0.0,Low
26.057938037113,91.41055695639596,54.0,2.790465831756592,1708.67,0,0.0,Low
27.0135,93.4365,359.0,37.05917739868164,1941.04,1,94.69,Critical
27.5569,94.2201,270.0,36.99235916137695,2567.19,1,92.73,Critical
27.54788826470452,95.18993077680815,119.0,2.087423086166382,2724.38,0,0.0,Low
28.1706,94.5153,1721.0,37.32617568969727,2681.74,1,90.83,Critical
27.0969,92.8636,833.0,34.96661376953125,1941.04,1,92.68,Critical
27.3513,88.0733,3153.0,31.559947967529297,1690.33,1,83.79,Critical
26.16519114863878,93.20195015012357,460.0,17.5474796295166,1427.25,0,26.57,Moderate
28.2852,93.2581,2885.0,59.10636138916016,912.05,1,95.55,Critical
27.7899,94.5334,550.0,37.86227035522461,2681.74,1,94.36,Critical
27.746039017146067,94.95735346206092,124.0,2.7980473041534424,2724.38,0,0.5,Low
23.6806,92.675,909.0,20.61842155456543,2148.54,1,71.76,High
26.70458102795204,92.10295945519226,95.0,1.0362578630447388,1154.3,0,0.5,Low
25.16839731530148,90.48522345664422,33.0,5.427159309387207,4780.93,0,0.0,Low
27.41824126106825,92.30532644523858,1888.0,33.069435119628906,1194.49,0,16.76,Low
27.5213,96.2331,518.0,29.819807052612305,2174.9,1,78.72,Critical
25.98792546875997,94.5029402626938,1585.0,25.263023376464844,1566.44,0,35.62,Moderate
24.1121,91.9136,214.0,13.157894134521484,2322.27,1,43.49,Moderate
28.0209,95.045,1557.0,43.132080078125,2724.38,1,86.2,Critical
26.9945,92.5611,527.0,32.36709213256836,1421.55,1,99.21,Critical
25.14437696904244,92.24685061070323,267.0,24.118757247924805,3573.05,0,31.03,Moderate
25.2363,91.7598,541.0,22.18524169921875,4943.24,1,65.91,High
28.7576,94.8596,493.0,30.85992431640625,1289.76,1,93.71,Critical
27.9196,94.2423,822.0,23.729476928710938,2681.74,1,85.14,Critical
28.3111,94.468,2154.0,24.61223030090332,2030.02,1,52.89,High
28.780281660818364,96.34044598049832,3065.0,40.35512924194336,1891.54,0,21.59,Low
25.800284988677653,91.6774146185581,663.0,8.222615242004395,3717.5,0,0.54,Low
23.101111271741164,93.1652812562523,540.0,24.4544734954834,1506.81,0,16.28,Low
28.810737068237746,95.71657735764737,2889.0,24.91033363342285,1248.72,0,26.43,Moderate
28.0657,96.3112,1705.0,32.265281677246094,2484.94,1,74.92,High
27.400076074535704,93.76638502359302,954.0,29.80434799194336,2592.49,0,55.59,High
27.37101122754619,88.83101332693528,4098.0,15.8455171585083,1707.7,0,0.84,Low
27.628249293070365,94.33918896298168,244.0,13.69345474243164,2567.19,0,42.56,Moderate
28.162179196011376,96.17127197593702,2026.0,23.20067405700684,2484.94,0,33.03,Moderate
27.2702,88.2542,668.0,35.01634216308594,1690.33,1,88.19,Critical
26.0561,94.4393,592.0,21.74666786193848,1566.44,1,84.5,Critical
26.3297,94.6189,555.0,28.512998580932617,1747.44,1,83.43,Critical
26.906406744843377,93.63801518971296,81.0,1.0380946397781372,2204.32,0,0.0,Low
27.7064,94.2232,1829.0,42.78805923461914,2567.19,1,92.77,Critical
24.92191277067009,93.03002326015152,47.0,5.091425895690918,1648.99,0,0.0,Low
27.642612497638243,92.758599841296,1394.0,31.40854263305664,1194.49,0,17.24,Low
28.4946,95.6085,1979.0,31.253707885742188,2348.99,1,84.9,Critical
26.9695,93.0978,452.0,18.98609161376953,1941.04,1,89.7,Critical
28.9788,94.8243,980.0,12.785284042358398,1289.76,1,61.74,High
23.372371469481205,92.54500087152414,508.0,30.74522399902344,2148.54,0,74.75,High
28.7526,94.8649,463.0,35.857303619384766,1289.76,1,93.96,Critical
28.4864,94.3914,2015.0,49.41730880737305,2030.02,1,95.2,Critical
26.256884638721885,94.77281541904406,1587.0,26.474315643310547,1819.61,0,60.24,High
25.25887662277952,94.38012721275712,1797.0,9.181471824645996,1566.44,0,30.29,Moderate
27.36860455352792,92.4789516169956,1712.0,47.36500930786133,1194.49,0,47.95,Moderate
25.335841181538385,92.44163820596616,1010.0,8.853543281555176,2535.22,0,6.96,Low
27.93494130587487,93.88136684043307,570.0,56.27886199951172,2320.86,0,49.68,Moderate
27.2225749767431,88.6466376189048,898.0,10.654623031616213,2542.03,0,24.96,Low
27.8026,94.8408,689.0,37.60403823852539,2724.38,1,92.17,Critical
26.97468777665586,94.58346409828786,90.0,2.275432825088501,1747.44,0,0.5,Low
28.7073,95.0776,2296.0,48.68172073364258,2270.17,1,90.22,Critical
23.54141581533713,92.6953221172712,572.0,17.575462341308594,2148.54,0,50.81,High
27.2136,92.6467,864.0,29.438371658325195,1421.55,1,94.04,Critical
27.1279,88.1666,854.0,15.101526260375977,2181.41,1,66.84,High
25.28087823207638,91.65101774225091,927.0,35.850616455078125,3717.5,0,27.03,Moderate
26.703863036487004,90.38690549605496,106.0,1.392728328704834,1708.67,0,0.0,Low
26.3928,94.9883,794.0,41.113094329833984,1819.61,1,90.27,Critical
27.2258,92.1204,3311.0,22.182403564453125,1154.3,1,80.9,Critical
26.937323365603675,92.91419754481733,111.0,2.1306467056274414,1941.04,0,0.0,Low
28.023680866179163,93.1144740892622,2462.0,11.761428833007812,1472.72,0,20.51,Low
27.0511,93.0769,920.0,24.740249633789062,1941.04,1,85.23,Critical
23.750823156916457,92.71603373814544,859.0,31.750228881835938,2141.49,0,60.62,High
28.4594,93.3236,3868.0,42.98445510864258,912.05,1,69.84,High
27.8452,93.8037,2024.0,43.95693206787109,2320.86,1,83.08,Critical
28.17618960927172,94.64520697507936,586.0,21.63567924499512,2724.38,0,61.81,High
27.0145,92.3232,1203.0,44.40293884277344,1421.55,1,86.73,Critical
25.328674598059006,90.93025953195053,404.0,4.491435527801514,3693.54,0,1.55,Low
24.38257253094463,92.74110900792232,239.0,9.288762092590332,2942.16,0,4.02,Low
27.3319,88.4142,2330.0,57.24245071411133,1690.33,1,88.03,Critical
27.486520821708115,92.94989173550542,1343.0,28.03727531433105,1971.8,0,43.6,Moderate
26.0353,94.4756,784.0,31.49651908874512,1566.44,1,78.87,Critical
28.815492315647045,96.31946499067006,2165.0,30.16097640991211,1891.54,0,39.74,Moderate
26.9604,93.1036,369.0,10.63205909729004,1941.04,1,95.39,Critical
27.0356,92.6243,248.0,23.364192962646484,1421.55,1,97.02,Critical
28.1119,95.914,808.0,32.9510383605957,2817.65,1,85.22,Critical
28.7858,94.938,479.0,28.34342193603516,1289.76,1,87.65,Critical
25.256,93.2517,759.0,20.577613830566406,1271.17,1,58.16,High
27.237817894496203,92.37026185362406,1962.0,32.23597717285156,1421.55,0,39.04,Moderate
25.0728,93.1752,443.0,36.81971740722656,1648.99,1,78.1,Critical
26.13171026261619,90.14580001852148,33.0,0.9308000206947328,3693.54,0,0.0,Low
27.6701,94.222,937.0,28.791677474975582,2567.19,1,80.97,Critical
28.8578,95.2262,2627.0,23.89563751220703,1289.76,1,76.42,Critical
28.6655,95.697,1369.0,18.594242095947266,2348.99,1,71.82,High
26.54,94.9333,693.0,20.1577091217041,1819.61,1,73.29,High
27.5993,94.4259,487.0,59.18669509887695,2567.19,1,98.89,Critical
26.14682024514426,92.06693463955315,56.0,2.061906099319458,1218.05,0,0.0,Low
27.885,94.7126,720.0,27.117401123046875,2724.38,1,79.8,Critical
26.9707,92.567,255.0,23.04947090148925,1421.55,1,94.7,Critical
27.93410336545535,95.3939539053295,130.0,0.0,2724.38,0,0.0,Low
25.335,91.8808,1292.0,46.50932693481445,3717.5,1,94.62,Critical
26.12116003891596,93.97486966366134,128.0,1.3889212608337402,1306.28,0,0.0,Low
24.443055231854327,92.29740242609384,43.0,8.134649276733398,3648.26,0,1.0,Low
23.617893450248594,93.33917760429208,1500.0,29.296192169189453,1327.95,0,35.8,Moderate
27.7873,94.5688,464.0,35.438480377197266,2681.74,1,91.78,Critical
24.97148468045412,93.46863970453742,748.0,5.176947116851807,1648.99,0,2.28,Low
25.3046,91.9588,877.0,22.89388465881348,3717.5,1,68.02,High
26.571231724032486,91.24266106321156,53.0,4.981714248657227,1708.67,0,0.0,Low
27.0985,92.9841,730.0,32.21289825439453,1941.04,1,88.62,Critical
28.406504701013105,93.63685765490034,2031.0,14.181031227111816,1535.18,0,36.16,Moderate
28.2712604576448,95.35127884903264,1493.0,17.40976905822754,2348.99,0,52.36,High
27.0948,92.9703,619.0,35.698123931884766,1941.04,1,91.83,Critical
26.9366,93.0546,365.0,18.912458419799805,1941.04,1,91.17,Critical
27.0387,92.449,1135.0,49.051395416259766,1421.55,1,98.4,Critical
27.3616,88.1083,2234.0,30.51083374023437,1690.33,1,58.18,High
27.0643,92.6548,509.0,25.039810180664062,1421.55,1,96.66,Critical
27.64002636799676,93.75707644787931,1775.0,21.270904541015625,2592.49,0,39.2,Moderate
23.6688,93.2834,1204.0,9.023636817932127,1327.95,1,65.54,High
27.1554,93.5196,1555.0,37.39140701293945,2204.32,1,80.28,Critical
26.1445,94.6546,1547.0,33.18523025512695,1669.48,1,61.14,High
27.2684,93.4063,1500.0,28.85299301147461,1971.8,1,54.99,High
26.9698,93.1174,315.0,29.559783935546875,1941.04,1,88.26,Critical
25.27857773404115,94.17305253896949,1790.0,20.831764221191406,1566.44,0,16.53,Low
26.9911,92.5079,613.0,21.26370429992676,1421.55,1,95.86,Critical
28.454,95.4993,1244.0,22.588510513305664,2348.99,1,74.37,High
28.1084981412701,92.69434170555692,5210.0,20.04032516479492,1472.72,0,0.96,Low
26.615369656987,90.15987113749271,79.0,2.7826409339904785,2542.03,0,0.0,Low
28.3014,94.5035,1154.0,58.469852447509766,2030.02,1,93.75,Critical
25.14227941032769,93.3966379671514,612.0,43.62770462036133,1271.17,0,25.2,Moderate
26.80315073334704,93.71919653610612,82.0,3.1087427139282227,2204.32,0,0.05,Low
26.5057,94.774,648.0,26.39818000793457,1819.61,1,85.82,Critical
27.8873,94.4157,580.0,35.24956512451172,2681.74,1,88.14,Critical
24.631319112611227,93.74313372726336,900.0,26.64705848693848,1648.99,0,32.58,Moderate
28.694138621445504,96.25883372059504,3645.0,28.23402976989746,1891.54,0,5.28,Low
28.3883,93.5641,1764.0,45.742225646972656,1535.18,1,88.04,Critical
27.6664,94.4319,559.0,57.28178787231445,2567.19,1,98.84,Critical
28.919031046048502,94.53406826650976,2214.0,39.72995376586914,1158.49,0,23.77,Low
27.1731,88.2999,373.0,31.91598129272461,2181.41,1,81.27,Critical
27.27033290773149,95.7259128910828,407.0,7.235581398010254,1916.88,0,14.55,Low
27.0355,93.16,813.0,41.28114318847656,1941.04,1,93.39,Critical
26.0307,94.0856,298.0,19.930496215820312,1566.44,1,77.96,Critical
25.916599932604445,92.27400632467284,677.0,8.382607460021973,1218.05,0,6.51,Low
26.47317926626952,93.9368314433521,98.0,0.9307556748390198,1747.44,0,0.0,Low
28.267,95.5607,474.0,47.3245849609375,2348.99,1,93.57,Critical
25.053114127054968,93.702330662778,899.0,23.61691093444824,1271.17,0,7.37,Low
25.989394865052265,92.83850675197506,75.0,1.0299087762832642,1218.05,0,0.0,Low
28.058130014840213,95.16943782954932,1661.0,32.737491607666016,2724.38,0,55.31,High
28.4788,93.3638,3439.0,40.84467315673828,912.05,1,89.53,Critical
28.5845,93.5062,3812.0,30.98674392700196,1535.18,1,63.92,High
29.1508,94.9154,2614.0,36.45893478393555,1289.76,1,84.81,Critical
27.0614,92.8936,747.0,51.334808349609375,1941.04,1,99.64,Critical
27.0615,92.6898,340.0,16.328969955444336,1421.55,1,94.14,Critical
25.607976286393672,91.49646302192704,1437.0,21.076887130737305,3693.54,0,16.76,Low
28.0406728569679,93.8953924615918,2194.0,30.25060272216797,2320.86,0,35.42,Moderate
26.75996493898289,94.5569943144548,109.0,3.473944902420044,1747.44,0,0.0,Low
23.77129174812673,92.97475413113324,716.0,17.678983688354492,1381.49,0,15.64,Low
26.274400188145684,91.83436515457775,53.0,1.3899106979370115,1708.67,0,0.0,Low
23.222457414755205,92.53805062810385,897.0,14.286404609680176,2496.59,0,41.39,Moderate
27.4204,88.2724,2071.0,9.634355545043944,1690.33,1,66.85,High
26.513399639743227,94.34764867252724,158.0,2.128877878189087,1747.44,0,0.0,Low
27.0485,93.204,1544.0,36.055755615234375,1941.04,1,76.67,Critical
27.2963,93.4951,1532.0,19.55095863342285,2592.49,1,46.8,Moderate
27.8346,94.9985,258.0,25.99540328979492,2724.38,1,79.44,Critical
28.17456091460434,97.0905942212706,2403.0,43.161128997802734,1471.65,0,13.85,Low
26.0619,94.4489,641.0,21.888988494873047,1566.44,1,82.95,Critical
27.7942,94.5795,625.0,18.603349685668945,2681.74,1,62.8,High
25.942966457919685,95.03861964023444,2566.0,16.9875545501709,1669.48,0,19.02,Low
26.22912970347956,90.62146877880971,36.0,3.2298407554626465,3717.5,0,0.0,Low
27.3311,88.413,2369.0,34.0052604675293,1690.33,1,67.51,High
26.9532,93.1424,252.0,18.810466766357425,1941.04,1,92.3,Critical
27.826923789915444,97.12901929200268,2331.0,23.223339080810547,1471.65,0,18.09,Low
27.267298311247536,96.87601847199592,1334.0,26.010971069335938,1689.08,0,36.45,Moderate
27.817,94.2938,1399.0,30.16959571838379,2681.74,1,79.85,Critical
27.0471,93.2065,1399.0,56.29825973510742,1941.04,1,95.84,Critical
22.54317064286385,93.0709097976422,639.0,36.9775619506836,1506.81,0,36.95,Moderate
26.3485,94.6085,861.0,20.71430778503418,1747.44,1,56.94,High
26.527182394743352,92.32484445326224,63.0,6.204062461853027,1421.55,0,2.0,Low
24.0555,92.1259,117.0,2.7912168502807617,2322.27,1,64.39,High
26.54356334325396,92.36089284080208,60.0,1.391668677330017,1421.55,0,0.0,Low
25.51349896557896,92.65148090384584,730.0,2.1248836517333984,2535.22,0,0.15,Low
24.420869247404056,92.7249101808071,142.0,25.35127067565918,2942.16,0,8.89,Low
27.303961695577367,96.8952291353214,1224.0,45.94801330566406,1689.08,0,77.09,Critical
24.99769495641926,94.32119704984984,1330.0,24.92547035217285,1566.44,0,28.13,Moderate
28.3827,93.3933,2366.0,44.07535934448242,912.05,1,92.96,Critical
28.1743,95.858,777.0,41.94234848022461,2817.65,1,95.57,Critical
26.0568,94.4219,583.0,24.87349510192871,1566.44,1,87.66,Critical
28.1631944406936,93.01026822546906,4201.0,24.19561004638672,1472.72,0,0.13,Low
27.44655171387727,93.54701992310554,1804.0,14.713369369506836,2592.49,0,21.69,Low
26.04811587864495,92.5624390264442,172.0,7.174713134765625,1218.05,0,3.0,Low
29.1669,94.8741,2587.0,52.827484130859375,1289.76,1,89.63,Critical
25.548271812982648,92.93082252332134,208.0,21.07816696166992,1271.17,0,4.94,Low
27.097,92.0904,1213.0,28.79377555847168,1154.3,1,86.09,Critical
26.124277182061668,94.7472768246376,1149.0,30.104076385498047,1669.48,0,55.43,High
26.9765,92.2838,819.0,32.2418212890625,1421.55,1,97.5,Critical
25.261929912347977,90.83672019871722,759.0,9.283939361572266,3693.54,0,0.06,Low
22.49492260997144,92.8731727799288,484.0,17.834686279296875,2496.59,0,47.15,Moderate
28.65239961436389,96.18899805324052,2046.0,27.695293426513672,1891.54,0,36.33,Moderate
28.21127354738528,93.86361360616978,2312.0,25.766407012939453,2320.86,0,33.57,Moderate
27.7367,94.3092,441.0,61.12272262573242,2567.19,1,97.95,Critical
29.028897245918163,95.70539839379316,2581.0,34.11334609985352,1248.72,0,27.08,Moderate
26.9906,92.6085,464.0,35.591270446777344,1421.55,1,98.6,Critical
27.716341986950464,94.77124690888652,220.0,22.9233341217041,2357.98,0,47.15,Moderate
28.6005,95.972,2191.0,25.00192642211914,1891.54,1,54.3,High
26.534613997772503,92.87705303000077,74.0,2.975390672683716,1941.04,0,0.0,Low
25.06353128301776,94.56082625775792,1841.0,26.045042037963867,1566.44,0,31.28,Moderate
26.1036,94.6148,1501.0,28.603330612182617,1566.44,1,54.18,High
27.0756,92.9054,1024.0,35.21659851074219,1941.04,1,77.39,Critical
29.08033608739646,94.40365314391336,2902.0,48.9248161315918,1158.49,0,44.98,Moderate
24.359122446036075,93.43161124790392,1315.0,22.47640037536621,1381.49,0,16.61,Low
27.1224,92.9912,942.0,26.535987854003903,1941.04,1,80.94,Critical
25.9634634894738,89.86488739766298,27.0,7.684207439422607,2542.03,0,0.0,Low
27.1066,92.178,1843.0,30.49782943725586,1421.55,1,79.1,Critical
27.354,88.0724,3099.0,24.549814224243164,1690.33,1,86.26,Critical
26.9625,93.1492,294.0,13.291742324829102,1941.04,1,97.31,Critical
27.775990297669026,91.84106392805394,5014.0,7.6873674392700195,853.16,0,4.0,Low
25.57640307655635,93.51541790272852,408.0,18.1546688079834,1271.17,0,2.98,Low
28.5786,95.8356,879.0,25.07784843444824,2348.99,1,83.84,Critical
23.708163080337496,91.71288696870172,158.0,3.17034912109375,2396.11,0,1.99,Low
24.687124036339824,92.7599213709975,29.0,1.3800777196884155,2942.16,0,0.0,Low
27.151,92.9016,1152.0,36.98842239379883,1941.04,1,86.11,Critical
28.0476,93.5087,2050.0,49.98006057739258,2320.86,1,90.96,Critical
25.61087891127975,94.87813948462664,1179.0,32.640987396240234,1669.48,0,61.12,High
27.182849743523207,95.76400758734265,748.0,21.265798568725582,1916.88,0,58.4,High
26.9905,93.273,642.0,38.680267333984375,1941.04,1,90.51,Critical
26.9449,93.0488,384.0,10.915228843688965,1941.04,1,92.24,Critical
27.8405,93.1336,2868.0,31.318510055541992,1472.72,1,76.84,Critical
28.306281126214053,94.59247403753936,1445.0,28.606029510498047,2030.02,0,42.26,Moderate
27.97569006464636,94.72875949671035,906.0,12.417728424072266,2724.38,0,46.28,Moderate
26.747770512089573,94.84013686179384,670.0,22.460145950317383,1819.61,0,66.2,High
25.70446806377798,93.05808586899737,253.0,25.290637969970703,1271.17,0,4.38,Low
27.3177,92.728,875.0,30.2446403503418,1194.49,1,84.57,Critical
27.7955,94.5471,532.0,36.4150276184082,2681.74,1,92.7,Critical
27.345279288338727,93.71189725303682,1606.0,29.737533569335938,2592.49,0,42.59,Moderate
27.72415763403305,95.77470972923167,140.0,0.0,2174.9,0,0.0,Low
26.6241,94.8407,427.0,27.56926918029785,1819.61,1,86.81,Critical
27.6652,94.4471,649.0,22.447933197021484,2567.19,1,70.15,High
28.55884775036996,93.75606716676953,3242.0,29.26646614074707,1535.18,0,34.67,Moderate
28.62198406014345,93.48308668068282,4355.0,34.935203552246094,1535.18,0,0.66,Low
27.34930677999346,95.6214324119118,146.0,0.9306401610374452,1916.88,0,0.0,Low
27.0649,93.3329,831.0,57.801177978515625,1941.04,1,96.2,Critical
23.9216,93.3862,810.0,31.227670669555664,1381.49,1,49.29,Moderate
27.6427975309902,93.1920864103566,1922.0,21.86139297485352,1971.8,0,40.0,Moderate
26.6851975405912,95.2707624286966,1525.0,25.799644470214844,1819.61,0,57.24,High
26.9535,93.117,315.0,21.668079376220703,1941.04,1,89.33,Critical
25.47119341554017,91.09605575370026,898.0,5.818984031677246,3693.54,0,2.57,Low
28.411,95.3737,1323.0,33.000526428222656,2348.99,1,86.76,Critical
27.7041,94.2215,1761.0,29.82066345214844,2567.19,1,50.19,High
28.78924374995797,94.06705054840718,4142.0,25.079343795776367,1158.49,0,0.05,Low
26.40014137621912,92.39086932458132,63.0,2.128413915634156,1218.05,0,0.0,Low
27.6135,93.4386,2702.0,25.808507919311523,1971.8,1,59.63,High
27.59862030535589,95.83962638207254,151.0,0.0,2174.9,0,0.0,Low
28.66809064373413,96.4767392912364,4659.0,38.59912490844727,1891.54,0,0.05,Low
23.5235,92.8512,958.0,42.680965423583984,1327.95,1,80.16,Critical
27.0583,92.6632,341.0,20.757793426513672,1421.55,1,90.79,Critical
25.896765874722533,89.98064074575647,33.0,4.155974864959717,3693.54,0,0.0,Low
23.58491539286515,91.89400260209824,119.0,19.022167205810547,2396.11,0,16.39,Low
28.26167565579514,95.75375696942974,706.0,29.75950050354004,2348.99,0,66.79,High
27.5355,92.4493,3231.0,38.28509521484375,1194.49,1,71.24,High
28.950065110195293,95.31458132212003,3912.0,17.01007080078125,1248.72,0,2.25,Low
28.145390239714224,93.45077994498988,1776.0,20.767934799194336,2320.86,0,33.73,Moderate
28.4362,95.5356,1743.0,38.0628547668457,2348.99,1,80.79,Critical
27.979155819585824,96.65860344894269,1227.0,45.01518630981445,1471.65,0,27.21,Moderate
25.998441921389887,91.69522403134096,512.0,14.257001876831056,1708.67,0,31.52,Moderate
27.0165,92.6109,381.0,49.57120895385742,1421.55,1,99.95,Critical
25.3023,91.8565,483.0,40.03442001342773,3717.5,1,93.58,Critical
24.858512938936244,94.4560547596872,1178.0,25.106319427490234,1566.44,0,24.94,Low
27.6973,94.5909,867.0,50.48600006103516,2567.19,1,99.49,Critical
28.180382212619595,95.26505700455162,993.0,45.07563018798828,2724.38,0,42.05,Moderate
27.969918190666863,96.81309945729916,2467.0,25.758316040039062,1471.65,0,23.49,Low
27.1127,93.2035,1419.0,40.06761169433594,1941.04,1,77.89,Critical
27.0099,93.3123,452.0,39.27556610107422,1941.04,1,97.04,Critical
25.369379851155777,92.0588559795638,1397.0,14.555676460266112,3717.5,0,4.67,Low
26.971,92.5768,203.0,17.99635124206543,1421.55,1,94.86,Critical
28.2319,95.7741,796.0,38.089786529541016,2817.65,1,90.78,Critical
28.32110152020408,96.53791413692332,2641.0,11.449325561523438,1891.54,0,17.33,Low
26.9488,93.1548,264.0,26.677902221679688,1941.04,1,85.31,Critical
26.9897,93.3353,873.0,52.31957244873047,1941.04,1,98.11,Critical
28.799111293364025,94.10020305870384,3354.0,23.72000503540039,1158.49,0,15.38,Low
28.0996,95.1909,1195.0,30.825172424316406,2724.38,1,82.93,Critical
26.010087382311976,93.47213934768874,163.0,8.980734825134277,1427.25,0,6.83,Low
26.9992,92.6291,285.0,25.274858474731445,1421.55,1,98.32,Critical
26.23,94.1773,299.0,15.514415740966797,1566.44,1,78.21,Critical
26.9634,93.0967,552.0,10.29518699645996,1941.04,1,85.99,Critical
27.6467,94.3873,533.0,39.815128326416016,2567.19,1,96.39,Critical
27.5939,94.1617,504.0,30.90195274353028,2567.19,1,90.16,Critical
26.5078,94.8557,563.0,22.974016189575195,1819.61,1,81.65,Critical
27.2445,88.2365,1421.0,30.793930053710938,2181.41,1,64.61,High
25.57587836695691,93.87773457538331,1508.0,38.28411483764648,1306.28,0,44.07,Moderate
27.7887,93.377,1900.0,38.24547576904297,1472.72,1,91.75,Critical
24.3305,92.6799,66.0,19.69985008239746,2942.16,1,66.92,High
27.385470885419974,94.21395849122004,95.0,2.7930281162261963,2567.19,0,0.0,Low
28.952657568509427,95.37201668576652,3627.0,32.873199462890625,1248.72,0,4.7,Low
27.0642,92.7593,273.0,22.652982711791992,1421.55,1,89.99,Critical
27.061,95.685,826.0,34.14265060424805,1916.88,1,82.29,Critical
28.136309433580127,96.81898010920632,4339.0,57.54515075683594,1471.65,0,4.0,Low
26.059684234129133,94.0574480898054,613.0,21.52068519592285,1306.28,0,37.7,Moderate
28.0645,94.9751,1127.0,42.16495895385742,2724.38,1,88.85,Critical
26.9876,92.6252,163.0,5.180594444274902,1421.55,1,64.95,High
26.163201104860093,90.82086699600993,37.0,6.435997009277344,3717.5,0,0.0,Low
27.1353,92.7867,820.0,28.320293426513672,1421.55,1,96.99,Critical
23.18267474789851,91.54371801047512,97.0,7.540618419647217,2396.11,0,1.2,Low
23.769848374826,92.93384418795232,854.0,7.494049549102783,1381.49,0,0.33,Low
25.37934482049128,90.26042585629224,54.0,6.722302913665772,3693.54,0,3.5,Low
26.64456834305701,92.87238382997496,67.0,1.392334222793579,1941.04,0,0.0,Low
26.9463,92.1189,594.0,45.02640914916992,1154.3,1,93.12,Critical
27.47081749069332,95.38344409940063,124.0,1.0433320999145508,1916.88,0,0.0,Low
27.7463,93.0396,1813.0,32.39666748046875,1971.8,1,61.32,High
27.2774,88.2784,650.0,37.40299224853516,1690.33,1,89.9,Critical
25.3117,91.8683,1025.0,33.36222076416016,3717.5,1,92.56,Critical
27.8368,94.2049,1194.0,45.94847869873047,2681.74,1,94.02,Critical
28.4899,95.4549,2146.0,24.39934539794922,2348.99,1,77.75,Critical
26.9818,92.6102,338.0,31.183683395385746,1421.55,1,96.96,Critical
28.4561,94.4446,2561.0,53.34962463378906,2030.02,1,90.75,Critical
27.59869691639108,92.2282008336138,4695.0,33.5671501159668,1194.49,0,0.5,Low
26.373022787975074,94.13911641851256,110.0,3.2334868907928467,1747.44,0,0.5,Low
28.8463,95.9107,2616.0,34.91064453125,1248.72,1,75.93,Critical
26.584,94.858,338.0,23.24043083190918,1819.61,1,77.94,Critical
26.75873033002304,93.07665759145723,80.0,4.24284029006958,1941.04,0,1.0,Low
23.73002539695106,92.59372723444577,671.0,11.717928886413574,2148.54,0,31.72,Moderate
28.4287086890727,93.30940545558134,2533.0,36.34107971191406,912.05,0,88.97,Critical
23.968374622747604,93.52791005861437,917.0,12.517807960510254,1381.49,0,4.82,Low
23.9314,91.5522,119.0,18.068981170654297,2322.27,1,56.16,High
27.136,92.8444,628.0,27.44628524780273,1421.55,1,98.19,Critical
25.39620410636116,89.98070483170784,90.0,17.00600242614746,3693.54,0,7.45,Low
27.6383,94.4944,264.0,26.370588302612305,2567.19,1,81.31,Critical
26.85813036245228,92.82261404967744,82.0,1.0376533269882202,1421.55,0,0.0,Low
28.35311320583485,95.32863585856308,1766.0,30.196945190429688,2270.17,0,45.19,Moderate
27.0659,92.7586,278.0,17.692232131958008,1421.55,1,95.99,Critical
24.600095732394745,92.6023818848144,32.0,2.238283634185791,2942.16,0,0.0,Low
27.9951,96.4665,1508.0,37.20597839355469,2484.94,1,88.66,Critical
28.3363,93.7779,2708.0,7.199957370758057,1535.18,1,57.21,High
26.226023656227888,94.43443127321044,1021.0,20.405256271362305,1566.44,0,29.87,Moderate
27.1917,93.7653,480.0,30.831905364990234,2204.32,1,81.12,Critical
25.0904,93.1624,1142.0,34.491363525390625,1648.99,1,69.13,High
27.2859,93.8568,530.0,45.29982376098633,2592.49,1,97.54,Critical
26.9422,93.0527,356.0,15.390575408935549,1941.04,1,88.03,Critical
23.499,91.552,69.0,19.58594512939453,2396.11,1,66.92,High
27.5232,96.225,374.0,30.89859771728516,2174.9,1,81.09,Critical
28.4204,93.7798,1444.0,55.820682525634766,1535.18,1,96.49,Critical
28.4807,93.7831,1747.0,57.72001647949219,1535.18,1,97.73,Critical
28.22239104563169,94.38663595217233,2336.0,34.28983688354492,2681.74,0,24.68,Low
27.3598,93.8435,495.0,36.72720336914063,2592.49,1,85.19,Critical
27.0986,92.6823,463.0,40.70878219604492,1421.55,1,99.84,Critical
25.33522305789201,91.92414160291148,916.0,38.11898422241211,3717.5,0,38.13,Moderate
28.1095,95.084,959.0,46.38113021850586,2724.38,1,89.43,Critical
26.67638373908272,90.73910602501496,133.0,1.0360043048858645,1708.67,0,0.0,Low
24.143580739888613,92.46998053862414,99.0,15.258442878723145,2141.49,0,24.0,Low
27.1475,92.8967,1191.0,24.90626335144043,1941.04,1,38.66,Moderate
27.8714,94.2278,832.0,23.881441116333008,2681.74,1,85.33,Critical
23.4454,93.203,1224.0,14.861494064331056,1327.95,1,67.04,High
24.917855780810985,94.48266451811526,1562.0,35.124420166015625,1566.44,0,55.19,High
27.95309847154433,93.46715118113045,1511.0,45.125526428222656,2320.86,0,56.93,High
23.29790651202484,91.749280431124,58.0,6.1361823081970215,2396.11,0,0.03,Low
26.9637,93.1365,305.0,10.087468147277832,1941.04,1,94.18,Critical
25.363876085311304,90.71906323416654,94.0,19.922683715820312,3693.54,0,4.21,Low
28.7776,94.8557,707.0,42.52787399291992,1289.76,1,79.19,Critical
26.780202351214403,90.63710330105827,305.0,5.936166286468506,1708.67,0,9.13,Low
23.6849501802456,93.02824911188426,511.0,18.5393009185791,1327.95,0,11.12,Low
27.2312,88.6961,1049.0,40.07585144042969,2542.03,1,92.64,Critical
27.1719490622644,95.843066248923,667.0,20.25489616394043,1916.88,0,55.72,High
27.5417,92.3908,3109.0,39.77509689331055,1194.49,1,55.76,High
27.016,92.5786,366.0,15.09755516052246,1421.55,1,89.38,Critical
27.1002,92.9894,587.0,2.2775332927703857,1941.04,1,33.61,Moderate
25.08514615844783,93.89507777179308,1377.0,28.68922615051269,1271.17,0,3.34,Low
27.9066,94.901,337.0,26.866485595703125,2724.38,1,82.05,Critical
25.17088545553353,92.79638070868204,1222.0,11.078630447387695,3573.05,0,3.83,Low
26.9845,93.3186,622.0,44.44122695922852,1941.04,1,98.95,Critical
25.38111013037887,94.2707314456067,1758.0,14.312784194946287,1566.44,0,16.14,Low
25.8536429444108,94.02690685862268,903.0,41.70218276977539,1306.28,0,30.1,Moderate
23.76419049597504,93.17870361414175,880.0,21.74080467224121,1381.49,0,12.1,Low
28.1823,95.3804,431.0,28.269500732421875,2817.65,1,89.44,Critical
26.50876078244835,92.7075355366258,73.0,4.528441905975342,1941.04,0,2.0,Low
27.8659,94.0064,862.0,22.91437149047852,2320.86,1,72.44,High
26.18396599408341,90.86411067214644,34.0,0.0,3717.5,0,0.0,Low
26.122959850441067,92.87319256304848,73.0,1.8611111640930176,1218.05,0,0.0,Low
23.864123474850608,91.74616992366803,156.0,24.162538528442383,2322.27,0,10.02,Low
26.9421,92.1354,464.0,32.17476272583008,1154.3,1,96.03,Critical
28.1802,95.3935,403.0,28.88274383544922,2817.65,1,90.92,Critical
27.093689349881423,92.88129689295266,1176.0,34.00910186767578,1941.04,0,59.47,High
28.59449513970989,95.7212295572046,2434.0,35.008731842041016,2348.99,0,53.82,High
26.051410279868094,91.05565449924424,50.0,5.570096015930176,3717.5,0,0.0,Low
26.9325,92.187,649.0,53.32481002807617,1421.55,1,95.37,Critical
27.55483863488433,93.2866592100725,2303.0,40.95694732666016,1971.8,0,34.33,Moderate
28.08,93.2529,1594.0,44.64445495605469,1472.72,1,87.22,Critical
25.46929437936475,94.41339350629173,948.0,22.376026153564453,1566.44,0,38.86,Moderate
27.17550963127922,92.22732305527958,2071.0,21.84579849243164,1421.55,0,30.46,Moderate
23.894674049557352,92.6325376847691,123.0,10.982389450073242,2141.49,0,22.84,Low
23.7262,93.0567,1049.0,25.721067428588867,1327.95,1,28.77,Moderate
28.393635467711974,94.2820046289353,2917.0,44.88905334472656,2030.02,0,41.83,Moderate
28.2999,94.2971,1888.0,50.8907470703125,2030.02,1,91.65,Critical
27.46344509204105,92.3501758244808,2431.0,35.95302200317383,1194.49,0,39.75,Moderate
26.69804203659756,92.01283928787704,90.0,0.9307262897491456,1154.3,0,1.0,Low
27.3635,88.0886,2717.0,18.216365814208984,1690.33,1,54.19,High
27.9593,94.1333,1274.0,25.55268669128418,2681.74,1,69.64,High
26.0042,94.3447,472.0,26.61902618408203,1566.44,1,85.09,Critical
27.777,94.269,521.0,38.06401443481445,2681.74,1,94.91,Critical
27.0402,92.9569,752.0,35.6953125,1941.04,1,90.96,Critical
28.4041,93.5808,2409.0,26.862154006958008,1535.18,1,49.3,Moderate
26.32832998962739,95.08481837728392,1426.0,36.95376205444336,1819.61,0,75.51,Critical
26.8552750664452,94.044297485101,86.0,2.1303012371063232,2204.32,0,0.0,Low
24.371632719823022,93.75934244417856,1065.0,11.373449325561523,1381.49,0,6.81,Low
27.5416,92.5647,2257.0,30.36552047729492,1194.49,1,50.88,High
27.0664,92.7832,246.0,32.37649154663086,1421.55,1,98.99,Critical
28.014,96.3798,1317.0,51.10089111328125,2484.94,1,96.83,Critical
27.592,94.1509,832.0,55.4895133972168,2567.19,1,99.32,Critical
27.14920098750166,93.4299683460402,1274.0,39.446537017822266,1941.04,0,63.21,High
28.77760029003157,96.49001475906076,4139.0,37.08399200439453,1011.98,0,0.26,Low
27.1704,92.7774,393.0,40.43839645385742,1421.55,1,99.86,Critical
27.2784,93.4156,1673.0,8.022181510925293,1971.8,1,61.63,High
28.4836,93.3545,3307.0,47.65361404418945,912.05,1,92.69,Critical
27.894209013049693,93.1519720111714,2054.0,18.955394744873047,1472.72,0,49.54,Moderate
27.2713,88.2162,858.0,40.69906234741211,1690.33,1,80.96,Critical
28.056661727351067,94.86283303114456,592.0,18.102956771850582,2724.38,0,59.7,High
27.2407,88.7401,1771.0,36.37629318237305,2542.03,1,88.73,Critical
26.5424524562352,94.6228510240806,360.0,14.586342811584473,1747.44,0,34.11,Moderate
23.82769808592365,93.276532567382,1606.0,32.07562255859375,1381.49,0,7.13,Low
27.0646,92.7884,323.0,29.35825538635254,1421.55,1,99.05,Critical
27.9089,96.3341,718.0,43.64624786376953,2484.94,1,95.12,Critical
26.405485932643,93.94965619977538,102.0,3.234314441680908,1747.44,0,0.0,Low
28.83340480309753,96.10760872466597,3911.0,31.73123359680176,1891.54,0,2.07,Low
28.6277,94.5811,1774.0,62.90726089477539,2030.02,1,93.09,Critical
25.741978972769022,90.70960802630474,413.0,8.21870231628418,3693.54,0,3.0,Low
24.146284843133884,93.61747486904724,927.0,9.284316062927246,1381.49,0,5.79,Low
27.3331,88.623,1577.0,36.24227142333984,1707.7,1,76.71,Critical
27.8147,94.3567,765.0,51.752479553222656,2681.74,1,99.04,Critical
26.715317929363977,91.63323157314892,102.0,4.535159587860107,1154.3,0,0.0,Low
27.1097,92.6905,777.0,31.29893112182617,1421.55,1,93.44,Critical
24.878415960006222,93.42335520286572,344.0,10.736916542053224,1648.99,0,14.14,Low
27.4702,94.1143,473.0,55.28124237060547,2567.19,1,99.65,Critical
27.592,93.5009,2092.0,47.18959426879883,2592.49,1,77.71,Critical
27.572064283077168,93.40074921762157,2125.0,32.776092529296875,1971.8,0,39.68,Moderate
26.9907,92.3919,657.0,34.80983352661133,1421.55,1,98.04,Critical
25.3411,91.7745,1408.0,37.66630554199219,3717.5,1,81.31,Critical
24.81729488195176,93.8743124025875,787.0,2.760097026824951,1648.99,0,0.53,Low
28.599744560465528,96.13688349430252,2781.0,31.426958084106445,1891.54,0,38.62,Moderate
26.2325,94.3201,439.0,20.83477020263672,1566.44,1,86.63,Critical
25.2620146840894,91.71762554989056,1368.0,9.595888137817385,3717.5,0,3.0,Low
25.9406,94.2412,797.0,21.20649528503418,1566.44,1,65.99,High
26.0236,94.3532,602.0,28.49396705627441,1566.44,1,87.81,Critical
22.33575275517009,93.0015058251935,1242.0,43.9359130859375,1506.81,0,54.01,High
23.54256409239176,93.04271976426963,682.0,20.09274101257324,1327.95,0,10.9,Low
27.71155214199672,96.3893419574325,1558.0,27.080575942993164,2174.9,0,47.92,Moderate
24.114413776458893,92.5143462515643,503.0,24.0275821685791,2141.49,0,60.95,High
26.9872,93.2209,503.0,2.787600040435791,1941.04,1,76.76,Critical
27.800447069536315,96.57100642226642,3417.0,39.94984817504883,1471.65,0,4.31,Low
23.8163,92.272,415.0,27.03621292114257,2141.49,1,72.81,High
26.886913438636693,95.566946575264,1455.0,23.66548156738281,1916.88,0,46.81,Moderate
26.5389,94.8016,719.0,23.153602600097656,1819.61,1,80.55,Critical
28.7259,95.8691,1136.0,13.961407661437988,2348.99,1,74.62,High
25.9948,94.291,887.0,32.68398666381836,1566.44,1,73.54,High
27.4628,92.6643,2628.0,36.19973373413086,1194.49,1,74.39,High
28.0867,96.4313,1780.0,55.6755485534668,2484.94,1,96.7,Critical
27.6655,94.443,582.0,44.34324645996094,2567.19,1,97.91,Critical
27.812982144721204,93.587985058584,861.0,21.472543716430664,2320.86,0,56.94,High
28.2431,96.5173,1133.0,43.512489318847656,2484.94,1,93.14,Critical
26.9781,93.3066,574.0,63.54044723510742,1941.04,1,97.32,Critical
27.567426483290447,88.17026624789054,4937.0,49.6867790222168,1690.33,0,2.5,Low
27.8626,94.2273,901.0,30.89470291137696,2681.74,1,84.66,Critical
25.17727406270317,92.68064058259569,1457.0,14.131891250610352,3573.05,0,9.3,Low
23.5342,92.9278,1123.0,15.72915744781494,1327.95,1,76.55,Critical
27.367626939392,94.52192221463513,97.0,3.1243300437927246,2567.19,0,0.0,Low
27.0261,93.1174,562.0,29.573740005493164,1941.04,1,87.36,Critical
26.9521,93.1073,338.0,13.69472885131836,1941.04,1,93.54,Critical
27.0433,92.3926,1164.0,41.346473693847656,1421.55,1,91.84,Critical
24.163982167264862,93.07883223617284,585.0,23.98360061645508,1381.49,0,7.12,Low
26.991,92.5901,372.0,22.80415153503418,1421.55,1,88.53,Critical
24.21351222982104,92.26585686510543,97.0,12.209966659545898,2141.49,0,4.65,Low
28.9256,95.1943,3117.0,31.261699676513672,1289.76,1,59.37,High
23.4575,92.5917,647.0,27.47075843811035,2148.54,1,81.36,Critical
29.1677,94.8693,2849.0,28.25786781311035,1289.76,1,83.99,Critical
26.53899849346584,93.06592256933516,423.0,6.487929821014404,1427.25,0,19.07,Low
27.0035,95.6663,1505.0,66.17388916015625,1916.88,1,91.43,Critical
27.7958,94.5482,605.0,38.74296951293945,2681.74,1,91.68,Critical
26.847841091485247,92.13310468624675,159.0,1.0375596284866333,1154.3,0,0.0,Low
24.227574029549363,91.77143792942138,74.0,8.121258735656738,2322.27,0,2.56,Low
26.362538345751485,93.71722296151545,643.0,18.060604095458984,1649.52,0,32.87,Moderate
25.970369125930453,94.8597591354468,680.0,26.36413955688477,1669.48,0,65.11,High
26.3142,94.2598,1004.0,33.67218399047852,1747.44,1,70.68,High
24.14453428833602,93.68174708629591,1157.0,27.01993560791016,1381.49,0,7.26,Low
25.94,94.3028,560.0,21.75802421569824,1566.44,1,85.51,Critical
27.7392,94.4994,306.0,55.54741668701172,2567.19,1,99.31,Critical
25.46529614285935,92.40591138429586,1236.0,9.570685386657717,2535.22,0,13.56,Low
27.2114091629103,92.6962280057613,1229.0,38.727195739746094,1421.55,0,48.46,Moderate
26.83924323765028,93.91623327176724,81.0,4.2456817626953125,2204.32,0,1.25,Low
28.770341121228054,96.382656475711,3721.0,29.00532913208008,1891.54,0,0.72,Low
27.607,96.4683,1416.0,45.66102600097656,2174.9,1,90.5,Critical
27.4047,88.5619,1371.0,19.00436210632324,1707.7,1,66.6,High
23.4168,91.7964,135.0,6.791805267333984,2396.11,1,3.88,Low
27.1072,92.81,392.0,34.330902099609375,1421.55,1,99.02,Critical
28.531455496024485,94.71901833058467,1400.0,40.02821350097656,2270.17,0,63.24,High
27.41597920525961,95.90575665841422,157.0,4.266388416290283,2291.38,0,4.81,Low
23.7731,92.9489,1265.0,12.26271152496338,1381.49,1,7.6,Low
26.42474868590073,92.11189772665348,57.0,2.0668184757232666,1218.05,0,0.0,Low
26.9745,93.1275,282.0,20.0255126953125,1941.04,1,92.49,Critical
28.3137,95.5836,1365.0,27.9807357788086,2348.99,1,76.82,Critical
26.06089743504808,90.1207614439684,28.0,0.9308091402053832,3693.54,0,0.0,Low
22.791192845681508,92.83813061226348,848.0,21.920936584472656,2496.59,0,53.74,High
25.315046234737867,92.57569456189742,1216.0,1.3838597536087036,2535.22,0,0.71,Low
27.34869822049512,92.9095806983188,1256.0,40.48415756225586,1971.8,0,59.71,High
25.18116894859024,92.27858361932854,659.0,16.090299606323242,3573.05,0,7.86,Low
28.385608398008745,93.72723257059452,1075.0,5.563283443450928,1535.18,0,8.2,Low
27.934176038301565,97.18097042899764,3792.0,34.302005767822266,1471.65,0,4.5,Low
23.35371852423141,92.71753218945187,300.0,11.859652519226074,2148.54,0,38.59,Moderate
28.6955,95.1513,2669.0,37.58907699584961,2270.17,1,70.21,High
26.9792,92.5385,453.0,27.473861694335938,1421.55,1,95.64,Critical
29.17347322407736,94.59763155467012,4363.0,39.32415008544922,1158.49,0,0.5,Low
28.103507660808848,94.32760701551445,1382.0,19.351762771606445,2681.74,0,46.64,Moderate
28.9416,94.9378,950.0,25.95920181274414,1289.76,1,71.39,High
27.8334,94.9531,435.0,28.7882137298584,2724.38,1,90.06,Critical
28.788566746055537,94.5695598449906,1701.0,21.352340698242188,1158.49,0,17.58,Low
25.9415,94.2487,765.0,14.129137992858888,1566.44,1,65.74,High
27.71163650363821,91.87359737684012,4606.0,28.247846603393555,853.16,0,2.0,Low
25.498628227074583,92.28461412791351,1318.0,3.7186217308044434,2535.22,0,1.48,Low
23.75455387718711,92.80685519099704,176.0,23.09393310546875,2148.54,0,14.13,Low
26.0734,94.1861,404.0,23.486852645874023,1566.44,1,66.5,High
22.77457309074937,92.47840526247056,72.0,7.475041389465332,2496.59,0,4.5,Low
24.107005477562844,92.14235130878392,91.0,6.151988983154297,2322.27,0,18.47,Low
23.263568906478792,93.14265914478752,833.0,32.091041564941406,1506.81,0,23.69,Low
24.2213749935523,92.28285973678234,133.0,12.210351943969728,2141.49,0,14.04,Low
27.5214,96.231,411.0,18.45488929748535,2174.9,1,55.73,High
27.1629,88.1595,1165.0,20.05879783630371,2181.41,1,48.53,Moderate
28.6053,95.2525,1450.0,26.579849243164062,2270.17,1,47.08,Moderate
27.066,92.937,593.0,28.792444229125977,1941.04,1,87.64,Critical
23.6837,92.3615,678.0,33.114139556884766,2148.54,1,82.62,Critical
26.9726,93.0768,444.0,15.73609447479248,1941.04,1,91.3,Critical
27.4742,92.9906,1673.0,36.35868835449219,1971.8,1,71.46,High
26.3614,94.1921,227.0,20.57637405395508,1747.44,1,73.4,High
26.1447,94.9787,876.0,12.249093055725098,1669.48,1,70.82,High
25.1856,92.6116,1236.0,56.97169876098633,3573.05,1,95.75,Critical
26.4936,94.7167,605.0,30.894636154174805,1819.61,1,90.28,Critical
24.630427658184363,92.54515289182665,26.0,2.757887840270996,2942.16,0,0.0,Low
28.6767,95.9849,1623.0,51.5110969543457,1891.54,1,94.21,Critical
27.3806,88.5308,1712.0,24.612462997436523,1707.7,1,61.1,High
28.5153,93.5062,3395.0,62.3428955078125,1535.18,1,84.49,Critical
27.5894,96.4901,1459.0,46.248348236083984,2174.9,1,91.0,Critical
27.08,93.0142,390.0,40.29269027709961,1941.04,1,97.42,Critical
28.7134,95.0534,1355.0,35.693115234375,2270.17,1,63.95,High
26.0086,94.353,557.0,18.436803817749023,1566.44,1,82.35,Critical
26.195463570381467,90.81867532107592,35.0,1.3894004821777344,3717.5,0,0.0,Low
24.235691906321588,93.94305632567928,1077.0,22.578968048095703,1381.49,0,13.33,Low
28.03839210720076,96.57405104314768,1147.0,40.97481918334961,2484.94,0,74.76,High
24.29096212346365,93.50261238690696,1261.0,26.19928550720215,1381.49,0,7.2,Low
28.5533,95.84,730.0,31.03778648376465,2348.99,1,83.2,Critical
26.974214968960187,93.84944021099332,84.0,2.0767486095428467,2204.32,0,0.0,Low
25.29746683023782,91.97911285122716,1060.0,5.6605424880981445,3717.5,0,1.04,Low
27.0043,92.3397,871.0,29.724727630615234,1421.55,1,94.42,Critical
28.2687,94.46,2352.0,58.91521835327149,2030.02,1,94.83,Critical
28.2353,95.3479,1159.0,49.22437286376953,2724.38,1,98.42,Critical
27.31111426995425,95.32689199757942,124.0,1.3968313932418823,1916.88,0,0.0,Low
22.955491699255862,92.7796415751507,546.0,14.577473640441896,2496.59,0,31.44,Moderate
27.1844,88.4816,784.0,34.983848571777344,2542.03,1,87.8,Critical
27.4415,93.427,2674.0,40.06047821044922,1971.8,1,47.31,Moderate
26.0515,94.183,590.0,24.124351501464844,1566.44,1,80.93,Critical
26.6392205911554,91.08128940788262,50.0,3.617512702941896,1708.67,0,0.0,Low
28.21420130897776,95.16829620956356,1558.0,30.45076560974121,2724.38,0,56.42,High
24.520807639980728,94.1975834804121,1369.0,21.42528533935547,1381.49,0,7.98,Low
27.8148,95.0112,434.0,28.461462020874023,2724.38,1,89.3,Critical
28.1188,95.9102,1092.0,29.283016204833984,2817.65,1,74.54,High
26.0166,94.0194,617.0,30.335145950317383,1306.28,1,72.59,High
27.25391144833296,92.87220362001706,1350.0,24.88343811035156,1971.8,0,39.9,Moderate
26.9987,92.6238,269.0,12.363447189331056,1421.55,1,93.81,Critical
25.9633,94.3493,527.0,26.9668025970459,1566.44,1,88.53,Critical
24.01531028969414,92.23110185677342,94.0,12.928444862365724,2141.49,0,6.07,Low
27.2081,92.877,899.0,51.84515380859375,1941.04,1,98.8,Critical
26.041040289342217,91.05889241072232,48.0,3.4665770530700684,3717.5,0,0.0,Low
24.2634994797593,93.245357003156,428.0,13.838191032409668,1381.49,0,4.49,Low
28.8514,95.9014,2869.0,53.20906448364258,1248.72,1,80.85,Critical
27.092557954537376,93.63954295901128,306.0,8.31787395477295,2204.32,0,29.68,Moderate
26.6507630500641,90.66316433071798,104.0,5.247684001922607,1708.67,0,1.33,Low
26.993,92.5888,518.0,39.19662094116211,1421.55,1,98.69,Critical
28.4513,93.3592,2619.0,61.13790512084961,912.05,1,96.5,Critical
27.0315,93.2731,449.0,23.68284797668457,1941.04,1,86.87,Critical
28.5078,93.4953,2894.0,39.72491836547852,1535.18,1,73.02,High
27.42453114183048,92.69052764256112,2437.0,32.57064437866211,1194.49,0,20.06,Low
27.681432664909696,95.22706585662756,111.0,0.0,2724.38,0,0.0,Low
26.0841,94.5661,1766.0,23.5571403503418,1566.44,1,39.34,Moderate
27.0244,93.1156,533.0,21.697837829589844,1941.04,1,79.35,Critical
24.04332047750568,91.70989678944616,84.0,7.582723617553711,2322.27,0,3.56,Low
23.3234,92.4021,79.0,3.5479207038879395,2148.54,1,10.5,Low
27.8954,93.4238,758.0,30.444215774536133,1472.72,1,78.86,Critical
26.3753,94.2319,250.0,21.81876945495605,1747.44,1,69.96,High
27.0526,93.1594,428.0,43.274635314941406,1941.04,1,98.36,Critical
26.9514,92.2173,720.0,31.729122161865234,1421.55,1,97.0,Critical
27.1088,92.1681,1985.0,34.904197692871094,1421.55,1,86.0,Critical
27.7594,94.0465,647.0,36.46843719482422,2320.86,1,80.33,Critical
26.136,94.6301,1276.0,34.61777877807617,1566.44,1,65.95,High
24.46469319843996,92.46898906826462,46.0,9.563440322875977,2942.16,0,2.5,Low
24.567415339418016,93.2317471874162,298.0,19.85913848876953,1625.06,0,37.93,Moderate
26.4008113388284,93.94318060069318,102.0,3.470224618911743,1566.44,0,0.0,Low
26.44994920661597,91.10715196528282,44.0,3.470729351043701,1708.67,0,0.0,Low
24.72078522628479,92.41966667380252,25.0,7.333950519561768,3573.05,0,1.0,Low
26.3781,94.658,448.0,18.061016082763672,1819.61,1,75.5,Critical
27.336663845645266,95.91618784293044,212.0,9.45111846923828,2291.38,0,8.45,Low
27.04993654656872,92.42726360633512,1566.0,20.86081314086914,1421.55,0,24.01,Low
26.91462716108032,94.75536886641558,100.0,2.7866251468658447,1941.69,0,0.0,Low
26.748589578496105,90.85968665452629,193.0,3.4738259315490723,1708.67,0,0.06,Low
27.095,92.5041,1783.0,42.8449821472168,1421.55,1,81.45,Critical
28.46725355651048,95.64954630180902,1994.0,38.35039520263672,2348.99,0,46.63,Moderate
28.64065156987039,95.44286689605444,1875.0,32.739505767822266,2348.99,0,60.82,High
26.9828,92.5614,277.0,16.132816314697266,1421.55,1,97.44,Critical
27.7774,94.6006,714.0,50.41145706176758,2681.74,1,99.14,Critical
23.364398202836163,93.25272331450212,864.0,11.478249549865724,1327.95,0,14.74,Low
26.9929,92.301,1354.0,37.953914642333984,1421.55,1,90.25,Critical
26.435961019555503,94.21669560075796,292.0,28.580867767333984,1747.44,0,52.66,High
26.1304,94.3777,408.0,38.19080352783203,1566.44,1,86.65,Critical
28.8129,95.0244,2763.0,30.074790954589844,1289.76,1,59.28,High
26.9748,93.1236,328.0,10.436827659606934,1941.04,1,98.26,Critical
28.8141,95.34,3235.0,19.75796890258789,1289.76,1,60.63,High
28.6538,95.0566,1174.0,29.96451187133789,2270.17,1,47.77,Moderate
25.83702763371756,91.07835486371908,102.0,13.619349479675291,3717.5,0,16.12,Low
24.229338406693035,91.99646769815456,41.0,5.6597676277160645,2322.27,0,2.02,Low
27.118,92.8519,662.0,32.47859191894531,1941.04,1,93.15,Critical
27.0609,92.9807,853.0,54.3724365234375,1941.04,1,97.75,Critical
26.69733539268125,93.89856788593882,85.0,4.240682601928711,1747.44,0,2.5,Low
27.8209,94.3414,390.0,51.94072341918945,2681.74,1,99.6,Critical
28.46765184794096,96.09911410763716,4082.0,37.35894393920898,1891.54,0,2.84,Low
27.7936,94.5389,484.0,33.51056289672852,2681.74,1,92.98,Critical
27.9677,94.9169,790.0,32.433326721191406,2724.38,1,90.17,Critical
28.3368,95.711,1099.0,43.88622283935547,2348.99,1,92.38,Critical
25.75337799109454,91.03464850859764,661.0,13.684834480285645,3693.54,0,3.96,Low
27.61677948709935,93.49624550797478,2497.0,24.582170486450195,2592.49,0,25.56,Moderate
23.529618013434096,91.21851556610022,41.0,1.3734575510025024,2396.11,0,0.0,Low
27.0522,92.5911,352.0,42.87933349609375,1421.55,1,99.67,Critical
24.82039592119542,93.56668688572024,261.0,30.383527755737305,1648.99,0,31.37,Moderate
28.7316,95.8307,2173.0,48.51301956176758,2348.99,1,95.63,Critical
28.3489,94.1982,1834.0,23.44579696655273,2030.02,1,39.73,Moderate
25.576331418055965,92.7684501104805,468.0,15.041528701782228,2535.22,0,33.44,Moderate
26.9538,92.426,441.0,28.77341079711914,1421.55,1,85.48,Critical
28.7658,94.9778,887.0,19.181365966796875,1289.76,1,60.61,High
26.0167,94.7421,1871.0,47.81964111328125,1669.48,1,82.98,Critical
26.424,94.4899,564.0,26.04582405090332,1747.44,1,80.59,Critical
26.0474211080617,89.81842252624004,30.0,2.260352849960327,2542.03,0,0.0,Low
27.6881,94.5138,859.0,44.53267288208008,2567.19,1,94.1,Critical
27.227665179138988,94.50890549111344,93.0,3.255729913711548,2567.19,0,0.05,Low
23.4496,92.8739,721.0,38.44272994995117,1327.95,1,38.47,Moderate
25.9362,94.2948,533.0,34.10813522338867,1566.44,1,93.06,Critical
28.586808767160857,95.87335959094722,1919.0,59.929630279541016,2348.99,0,46.03,Moderate
26.26653419507793,90.96039374003448,47.0,3.468855142593384,3717.5,0,0.0,Low
27.1259,88.2576,369.0,26.502147674560547,2181.41,1,72.89,High
27.74766261944057,92.99823436957126,1583.0,43.58853149414063,1971.8,0,56.83,High
23.994228046928093,93.08101032397902,328.0,33.7568244934082,1381.49,0,10.5,Low
27.7728,94.7638,1179.0,40.88583755493164,2724.38,1,87.07,Critical
29.03680885426421,95.0871592946702,2465.0,38.631622314453125,1289.76,0,37.77,Moderate
25.8366,92.7198,195.0,13.741433143615724,1218.05,1,75.14,Critical
27.1807,92.362,2196.0,14.706706047058104,1421.55,1,61.3,High
28.6967,95.1547,2434.0,28.537691116333008,2270.17,1,58.78,High
23.770253843597608,91.82569738627392,113.0,8.836601257324219,2322.27,0,3.5,Low
28.2349,94.9766,260.0,28.53629302978516,2724.38,1,86.92,Critical
26.44836457243723,93.90645557064748,103.0,0.9307588934898376,1747.44,0,0.0,Low
26.529087316521547,92.80036889415275,75.0,2.268092155456543,1941.04,0,0.0,Low
27.3516,88.079,3150.0,32.88130569458008,1690.33,1,82.58,Critical
25.03143296227206,93.63421862695806,575.0,48.61948394775391,1271.17,0,28.6,Moderate
27.2666,93.7166,1334.0,35.05367660522461,2592.49,1,86.9,Critical
28.1345,95.257,498.0,26.119903564453125,2724.38,1,82.68,Critical
28.2717,94.5129,1548.0,42.81316757202149,2030.02,1,84.15,Critical
25.515385973506216,94.28936065336777,2389.0,9.44651222229004,1566.44,0,14.56,Low
27.68553901544453,96.05611458637324,269.0,4.191638469696045,2174.9,0,11.81,Low
28.1923,95.4721,554.0,36.29444122314453,2817.65,1,91.67,Critical
28.3034,94.5058,1053.0,37.3462028503418,2030.02,1,83.31,Critical
29.094843065527307,95.64270036414553,3541.0,28.77900123596192,1248.72,0,12.68,Low
28.130242368324087,94.53132195270186,864.0,20.2331485748291,2681.74,0,46.37,Moderate
28.201,93.5072,1699.0,58.5913314819336,2320.86,1,86.68,Critical
26.6112,94.8389,361.0,25.221832275390625,1819.61,1,82.95,Critical
23.13822419188224,91.59138918314724,84.0,7.921707630157471,2396.11,0,0.61,Low
24.33255250315372,92.78577709471983,204.0,17.36544418334961,2942.16,0,21.24,Low
22.503749983579567,92.62137113564704,115.0,8.176115989685059,2496.59,0,0.5,Low
26.145,94.9785,888.0,28.02985382080078,1669.48,1,69.91,High
23.38441435412652,92.69271635165008,690.0,11.584141731262209,2148.54,0,31.57,Moderate
28.007278972479707,95.09092560282184,1016.0,44.66493225097656,2724.38,0,43.98,Moderate
27.0578,92.1753,1887.0,38.2408332824707,1421.55,1,89.48,Critical
27.0533,92.8466,351.0,22.95728874206543,1421.55,1,90.59,Critical
24.78753852215436,94.28192923088814,640.0,23.14726448059082,1271.17,0,6.26,Low
28.1361,93.268,1138.0,50.49524688720703,1472.72,1,97.29,Critical
23.46274873757308,92.57246793328278,742.0,25.680572509765625,2148.54,0,74.2,High
23.6318291283066,92.50372127602608,169.0,18.834205627441406,2148.54,0,31.48,Moderate
27.8546,94.7289,1151.0,41.19437026977539,2724.38,1,86.16,Critical
25.991,94.3727,705.0,28.139652252197266,1566.44,1,82.34,Critical
27.4313,94.0515,778.0,54.41544723510742,2567.19,1,99.45,Critical
25.561716536092582,89.97885486401603,38.0,1.861254930496216,3693.54,0,0.0,Low
25.17453551694205,92.65827588051896,1162.0,23.844635009765625,3573.05,0,24.02,Low
27.6881,94.6743,300.0,41.60177993774414,2357.98,1,83.16,Critical
25.2645,91.5928,1139.0,27.02700996398925,3717.5,1,88.48,Critical
27.8173,94.2959,1291.0,44.52977752685547,2681.74,1,83.68,Critical
27.381952384117795,94.2264659793478,98.0,1.860780954360962,2567.19,0,0.0,Low
24.5987,92.811,73.0,11.954024314880373,2942.16,1,65.62,High
23.444,92.8747,739.0,21.73208999633789,1327.95,1,44.52,Moderate
28.686305434508856,95.61205953974482,2668.0,27.51592063903809,2348.99,0,56.35,High
26.605383277445,91.59439595823532,65.0,0.0,1708.67,0,0.0,Low
28.0384,96.1782,769.0,34.01705551147461,2484.94,1,88.68,Critical
25.984,94.3237,998.0,28.72413444519043,1566.44,1,67.25,High
28.5392,94.7324,1525.0,39.28667068481445,2270.17,1,71.32,High
27.0692,92.68,277.0,10.961116790771484,1421.55,1,93.61,Critical
27.59679088315266,93.57774308099572,2072.0,29.96459579467773,2592.49,0,19.68,Low
26.5466,94.806,730.0,30.272289276123047,1819.61,1,81.96,Critical
27.1842,92.0944,2081.0,40.58919906616211,1154.3,1,65.26,High
27.083336981256537,94.23511561492543,83.0,1.039720058441162,2592.49,0,0.0,Low
25.35433961312016,93.843334646258,1734.0,23.75540542602539,1271.17,0,19.77,Low
26.933173530163074,94.9124768192919,248.0,0.0,1941.69,0,4.94,Low
24.598870327936755,93.95347595571025,770.0,1.0182297229766846,1381.49,0,0.0,Low
26.9174,92.2891,326.0,57.99399185180664,1421.55,1,99.59,Critical
27.296787112336,92.82691161049544,979.0,34.539283752441406,1194.49,0,42.04,Moderate
27.8879,96.3714,738.0,58.48196792602539,2484.94,1,90.57,Critical
23.8568,92.7144,345.0,6.25984001159668,2141.49,1,73.32,High
27.6151,94.494,463.0,48.51045989990234,2567.19,1,99.63,Critical
28.53226525006245,93.87563544943266,3765.0,20.251686096191406,1535.18,0,17.27,Low
25.44747942820679,91.05505566208925,646.0,14.193982124328612,3693.54,0,1.94,Low
23.91903271152833,91.85514198476892,77.0,5.380356788635254,2322.27,0,8.75,Low
27.8998,94.9103,334.0,28.829322814941406,2724.38,1,89.86,Critical
27.3648,88.4793,510.0,18.31978416442871,1707.7,1,63.51,High
27.73130693692768,93.46417125068554,1736.0,34.6820182800293,1971.8,0,59.43,High
28.93426958789088,94.4598556720278,2929.0,30.37155532836914,1158.49,0,16.05,Low
26.10401760181909,92.30277129983708,60.0,2.7904481887817383,1218.05,0,0.0,Low
27.279,88.7147,1265.0,27.46162796020508,1707.7,1,55.48,High
28.377618149650964,95.29601541763816,1980.0,2.980757474899292,2270.17,0,9.8,Low
25.5256,91.4965,1616.0,11.734652519226074,3693.54,1,62.18,High
27.2787,93.4002,1622.0,23.33374786376953,1971.8,1,63.79,High
25.906846520632065,91.01321547858038,61.0,2.1264259815216064,3717.5,0,0.0,Low
27.9994,94.3718,1643.0,48.56119918823242,2681.74,1,95.37,Critical
26.0119,94.3553,431.0,30.09933280944824,1566.44,1,84.38,Critical
28.4095,93.783,713.0,45.56281661987305,1535.18,1,95.97,Critical
25.83766570309162,90.59871947520436,69.0,2.9735219478607178,3693.54,0,0.5,Low
28.18375683828074,94.06698998928574,1796.0,35.693790435791016,2681.74,0,85.08,Critical
26.9323,92.2663,442.0,56.6509895324707,1421.55,1,99.48,Critical
28.8684,95.1627,2060.0,47.156097412109375,1289.76,1,76.53,Critical
27.816354078590663,96.18708429579596,211.0,2.2897870540618896,2484.94,0,0.5,Low
27.0961,93.2986,875.0,38.852783203125,1941.04,1,88.24,Critical
26.23600872274177,90.65117285634788,36.0,2.7776918411254883,3717.5,0,0.0,Low
26.0329,94.0454,385.0,31.280075073242188,1306.28,1,71.1,High
27.78706588586596,94.02625313651326,1161.0,28.31653213500977,2320.86,0,28.91,Moderate
26.9487,93.1385,282.0,15.062073707580566,1941.04,1,95.91,Critical
27.1861,92.6755,1092.0,42.11351776123047,1421.55,1,93.86,Critical
27.7014,94.247,1029.0,41.15583419799805,2567.19,1,94.31,Critical
27.4241,94.0456,687.0,45.63991928100586,2592.49,1,96.7,Critical
27.5715,96.2117,634.0,17.997575759887695,2174.9,1,63.1,High
28.1121,96.0345,1532.0,37.76119995117188,2484.94,1,91.31,Critical
25.028212398934496,94.02634201380609,807.0,9.324131965637209,1271.17,0,5.06,Low
26.19378861295448,91.1226582405721,47.0,4.223254680633545,1708.67,0,0.0,Low
26.9584,93.0994,387.0,23.56454467773437,1941.04,1,85.3,Critical
27.7317,94.4624,278.0,13.864421844482422,2567.19,1,64.79,High
27.2768,93.3999,1511.0,12.851842880249023,1971.8,1,43.92,Moderate
27.782,94.4779,638.0,36.17314910888672,2681.74,1,88.78,Critical
24.437847799091045,92.63867667000304,55.0,14.069987297058104,2942.16,0,14.66,Low
25.262405557837656,94.39905584508904,1528.0,13.10837459564209,1566.44,0,16.4,Low
28.9695,94.8279,854.0,28.803770065307617,1289.76,1,81.44,Critical
27.85279279871684,93.31304455358084,2223.0,47.9300422668457,1472.72,0,88.05,Critical
25.17596418142348,90.36721924350796,51.0,7.142542362213135,4780.93,0,1.0,Low
25.864128652154736,91.7988620959188,862.0,28.358867645263672,1708.67,0,55.22,High
26.38842852355096,92.64544439736989,65.0,1.8610424995422363,1218.05,0,0.0,Low
25.21172334443955,91.84775596714184,742.0,18.7653923034668,4943.24,0,45.31,Moderate
27.20829617360651,92.13175015505892,3105.0,33.6642951965332,1154.3,0,64.01,High
26.9429,93.1469,290.0,13.071493148803713,1941.04,1,96.4,Critical
27.1743,92.0548,2380.0,42.741825103759766,1154.3,1,57.42,High
28.0706,95.2247,1548.0,48.56253433227539,2724.38,1,96.11,Critical
28.4822,94.3869,1911.0,31.104455947875977,2030.02,1,65.43,High
24.92979172859647,94.3146183234967,1079.0,22.921836853027344,1566.44,0,28.07,Moderate
26.3141,94.2595,1015.0,30.598403930664062,1747.44,1,78.4,Critical
26.783917730159125,94.2861777439259,98.0,5.580464839935303,1747.44,0,0.5,Low
26.9681,92.5752,190.0,23.300264358520508,1421.55,1,79.65,Critical
27.0628,92.9273,834.0,37.67789840698242,1941.04,1,94.49,Critical
23.632026851802525,92.33772919475751,401.0,30.38078498840332,2148.54,0,70.61,High
25.7358897093976,93.76518273907791,398.0,22.184526443481445,1306.28,0,54.23,High
28.830473062772803,95.5631743962074,2278.0,18.245677947998047,1248.72,0,9.76,Low
26.41733769282019,90.60747392535984,53.0,3.718151330947876,3717.5,0,0.0,Low
26.963,92.3808,506.0,21.74422264099121,1421.55,1,94.52,Critical
26.9906,93.2079,304.0,35.534915924072266,1941.04,1,93.97,Critical
27.6281,94.485,362.0,34.213096618652344,2567.19,1,94.44,Critical
27.26249257019736,94.94404810676774,103.0,2.28026819229126,2357.98,0,0.0,Low
27.85244876667895,95.46251004029196,128.0,0.930572748184204,2724.38,0,0.0,Low
25.339236402015576,90.95041522070524,369.0,4.19470739364624,3693.54,0,1.55,Low
22.214851888289488,92.9191075969004,319.0,18.467426300048828,1506.81,0,32.36,Moderate
27.7863,94.5098,445.0,30.90329933166504,2681.74,1,91.21,Critical
26.0533,94.8564,1122.0,22.87320899963379,1669.48,1,59.19,High
27.27431566900261,95.78553758288407,206.0,17.1804256439209,1916.88,0,32.87,Moderate
27.034,92.6418,383.0,10.32992935180664,1421.55,1,91.89,Critical
25.809740389376444,93.1004109157057,141.0,5.566773414611816,1218.05,0,0.58,Low
27.8118,92.9588,2257.0,24.4737491607666,1472.72,1,34.54,Moderate
26.0729,94.3822,391.0,28.72165298461914,1566.44,1,82.95,Critical
27.8593,96.5802,1641.0,47.12368392944336,1471.65,1,75.84,Critical
27.8858,94.9012,331.0,19.664043426513672,2724.38,1,77.1,Critical
27.4088,88.2888,2161.0,38.998046875,1690.33,1,61.59,High
28.36382951702337,94.43156302086408,2831.0,32.382347106933594,2030.02,0,33.89,Moderate
27.75820875240911,96.92223373113126,3584.0,20.245407104492188,1471.65,0,2.9,Low
24.26778760699054,94.24470100385716,303.0,28.398962020874023,1381.49,0,13.3,Low
25.9988,94.0271,471.0,29.234561920166016,1306.28,1,91.09,Critical
27.57344596066908,93.3647053157438,2386.0,40.71047592163086,1971.8,0,29.39,Moderate
28.709655872912297,95.92050022200344,3047.0,45.05551528930664,2348.99,0,24.35,Low
28.3342,95.7812,669.0,35.24540710449219,2348.99,1,83.18,Critical
28.5335,95.8103,1233.0,58.57166290283203,2348.99,1,90.66,Critical
26.99597406786093,94.99832194483344,111.0,5.93736743927002,1941.69,0,2.98,Low
26.59033772432554,91.7519144688297,67.0,2.1291956901550293,1154.3,0,0.0,Low
25.964948076579443,93.112255000775,143.0,8.517439842224121,1427.25,0,0.69,Low
26.0474,94.3175,733.0,24.336576461791992,1566.44,1,81.28,Critical
26.9906,92.5981,418.0,14.494012832641602,1421.55,1,60.74,High
27.1045,92.5941,280.0,39.33162689208984,1421.55,1,98.64,Critical
27.2906,88.2737,1159.0,35.979373931884766,1690.33,1,79.52,Critical
28.0393,96.1663,600.0,27.47820854187012,2484.94,1,79.03,Critical
26.9943,92.3185,1340.0,35.069244384765625,1421.55,1,92.33,Critical
27.78183884707307,94.34211752051864,1079.0,39.97122573852539,2681.74,0,78.17,Critical
25.19147432023956,94.32948283302376,1567.0,23.399646759033203,1566.44,0,27.21,Moderate
26.943,93.0472,421.0,19.244903564453125,1941.04,1,90.27,Critical
27.8709,94.6178,1468.0,44.47786712646485,2681.74,1,85.48,Critical
28.1999,95.1777,866.0,32.569522857666016,2724.38,1,84.52,Critical
27.0454,93.0294,404.0,51.62781524658203,1941.04,1,99.65,Critical
26.53030133640992,92.57546483737548,64.0,1.3915809392929075,1421.55,0,0.0,Low
28.08360564384304,94.02307588640645,1711.0,16.160465240478516,2320.86,0,27.52,Moderate
27.08993574046168,95.64698720226116,952.0,18.64084243774414,1916.88,0,33.08,Moderate
27.1111,92.956,711.0,36.574466705322266,1941.04,1,93.7,Critical
25.479887079562484,92.28933084072712,1359.0,4.199321746826172,2535.22,0,1.44,Low
27.5769,93.2982,3044.0,27.47965431213379,1971.8,1,69.96,High
26.978,92.5966,394.0,43.20246887207031,1421.55,1,99.83,Critical
28.04774995759322,96.49810578871704,1175.0,29.97354316711425,2484.94,0,59.31,High
27.9466,94.9061,647.0,20.786062240600582,2724.38,1,68.81,High
28.17915344105384,96.23135697716567,2082.0,9.730363845825195,2484.94,0,17.26,Low
28.17616963471572,95.63747092605205,244.0,2.9801394939422607,2817.65,0,1.0,Low
28.159,93.3573,1632.0,30.62772750854492,1472.72,1,77.85,Critical
26.2737,94.8844,1384.0,30.032546997070312,1819.61,1,58.12,High
28.0629,95.2225,1232.0,42.71929168701172,2724.38,1,87.04,Critical
27.64302950980295,95.85463164525449,147.0,2.796602487564087,2174.9,0,0.0,Low
26.38862493367516,90.712693436965,42.0,8.013830184936523,3717.5,0,1.0,Low
23.9665,92.8087,330.0,21.22759246826172,2141.49,1,68.09,High
25.75153806146287,91.8700032502891,753.0,6.801015377044678,1708.67,0,15.76,Low
26.9467,93.1459,288.0,20.746919631958008,1941.04,1,93.62,Critical
28.52222106649261,93.9577663730626,3366.0,21.43264961242676,1535.18,0,37.32,Moderate
27.7694,94.5399,394.0,9.377767562866213,2681.74,1,66.5,High
22.52959956680503,93.065333699077,842.0,30.92973518371582,1506.81,0,26.07,Moderate
24.060824857726693,92.24453009663036,107.0,12.02442741394043,2141.49,0,15.77,Low
26.3524,94.6511,443.0,16.938098907470703,1819.61,1,76.58,Critical
27.8419,93.1373,2702.0,18.895227432250977,1472.72,1,73.61,High
27.6836,94.6478,368.0,54.26664352416992,2567.19,1,98.05,Critical
27.11876136949127,97.13550373090014,2331.0,29.71979522705078,1689.08,0,31.67,Moderate
27.3309,88.2641,855.0,32.76206588745117,1690.33,1,87.1,Critical
27.8863,94.8995,345.0,19.09024429321289,2724.38,1,77.96,Critical
28.02664589835934,93.37361333914492,1394.0,14.969857215881348,1472.72,0,32.91,Moderate
28.303,94.2135,1830.0,47.335880279541016,2030.02,1,85.33,Critical
28.8546,95.4161,3555.0,28.222436904907227,1248.72,1,52.55,High
25.73048253124573,92.79119444073324,234.0,18.3400936126709,1218.05,0,1.97,Low
26.27866322596361,92.5435698347469,62.0,4.756518363952637,1218.05,0,0.0,Low
28.5033645557118,93.76573192754071,2821.0,27.74744987487793,1535.18,0,45.85,Moderate
28.1164,95.2315,1162.0,43.42675018310547,2724.38,1,90.99,Critical
28.3706,93.3836,3077.0,46.9121322631836,912.05,1,96.26,Critical
26.20027560552023,91.72392833603472,55.0,4.223473072052002,1708.67,0,0.0,Low
26.6843,94.6231,358.0,39.70305252075195,1747.44,1,92.86,Critical
26.285181211119195,93.7249514709358,414.0,11.20521640777588,1649.52,0,19.38,Low
27.7952,94.3884,1343.0,40.82659149169922,2681.74,1,86.73,Critical
28.17526782850272,94.58594688347564,705.0,17.295936584472656,2681.74,0,41.97,Moderate
26.676676084618222,93.69297906521496,82.0,2.270502805709839,1649.52,0,0.0,Low
27.77758408599209,96.88300486854384,3498.0,21.80193519592285,1471.65,0,3.48,Low
24.38411358319264,94.16503174565328,935.0,28.8663330078125,1381.49,0,16.29,Low
25.9468,94.327,690.0,25.18334007263184,1566.44,1,84.54,Critical
25.555535989026275,91.45486574015332,1755.0,11.734949111938477,3693.54,0,12.96,Low
28.136,93.2353,1181.0,46.48983001708984,1472.72,1,92.22,Critical
25.694692388933603,90.1534033570071,294.0,8.562448501586914,3693.54,0,0.0,Low
29.071042667355226,95.67277944453458,2908.0,23.939115524291992,1248.72,0,28.88,Moderate
25.95810668558685,91.86710838257812,479.0,17.183353424072266,1708.67,0,28.78,Moderate
27.0463,92.5558,816.0,54.87344741821289,1421.55,1,97.04,Critical
28.7031,95.7858,2105.0,40.93397521972656,2348.99,1,73.34,High
28.614241280858987,94.7395001081543,2112.0,23.07953834533692,2270.17,0,21.1,Low
27.5137,94.1586,517.0,33.41920471191406,2567.19,1,91.06,Critical
27.56737008060684,94.60072352782792,103.0,0.9306110739707948,2567.19,0,0.0,Low
26.757187286520555,90.6436193908294,182.0,1.393083095550537,1708.67,0,0.0,Low
27.4504,92.1475,3371.0,34.02621841430664,853.16,1,90.38,Critical
23.69203208596856,93.22409187703336,944.0,23.48404884338379,1327.95,0,21.54,Low
26.0356,94.4229,511.0,7.554634094238281,1566.44,1,67.41,High
27.2793,88.3325,1755.0,16.56464195251465,1690.33,1,49.53,Moderate
28.1267,96.4584,2076.0,36.57274627685547,2484.94,1,75.52,Critical
23.376204259630725,91.52746582533032,47.0,5.535899639129639,2396.11,0,0.03,Low
28.185,96.5536,1863.0,29.239635467529297,1471.65,1,60.85,High
28.1859,95.357,765.0,33.7792854309082,2817.65,1,87.76,Critical
26.711917127850025,93.84477062338183,82.0,2.790211200714112,2204.32,0,0.5,Low
27.1029,92.9067,703.0,51.29449844360352,1941.04,1,99.7,Critical
25.222,92.5928,923.0,26.29091453552246,3573.05,1,70.44,High
28.301332884193016,93.3980156889345,3779.0,16.28838348388672,912.05,0,6.5,Low
23.580733782795505,92.61971467786265,666.0,35.318058013916016,2148.54,0,69.88,High
27.69325143475513,94.74121501263012,426.0,19.75893783569336,2357.98,0,52.85,High
25.781656972322413,91.94509023916692,1024.0,8.37369441986084,1708.67,0,19.68,Low
29.1352,95.1015,2200.0,16.696056365966797,1289.76,1,61.71,High
26.9691,93.3598,279.0,35.96084213256836,1941.04,1,93.13,Critical
28.43737988564077,95.97018840691412,1810.0,53.3471565246582,1891.54,0,83.94,Critical
25.76357869557636,91.58447872304424,670.0,12.184755325317385,3717.5,0,0.45,Low
25.515526551064166,89.98343978491225,50.0,5.9294538497924805,3693.54,0,0.0,Low
27.862329374045675,95.50469196341524,129.0,1.4006788730621338,2724.38,0,0.0,Low
25.69946958515146,93.10218694615672,307.0,20.470508575439453,1271.17,0,3.44,Low
28.3703,94.4848,1753.0,51.949195861816406,2030.02,1,96.03,Critical
26.295631404836303,90.85035468720312,41.0,3.8581604957580566,3717.5,0,0.0,Low
27.3929,93.9624,942.0,40.35671615600586,2592.49,1,91.89,Critical
25.88014377451887,91.21097692287331,65.0,2.257713079452514,3717.5,0,0.5,Low
29.145094103909283,94.58757536263778,3752.0,60.84383773803711,1158.49,0,18.05,Low
26.35011182556885,93.40269924280716,714.0,31.113014221191406,1427.25,0,27.54,Moderate
26.166848074147747,94.52833127441608,1061.0,30.898311614990234,1566.44,0,44.16,Moderate
27.27666947484112,93.97523785792151,163.0,2.280508279800415,2592.49,0,0.0,Low
28.0148,95.1431,715.0,39.760719299316406,2724.38,1,91.29,Critical
23.23445223549484,93.26463160561916,1305.0,25.68790626525879,1506.81,0,23.64,Low
25.936862290082782,92.60483765031007,343.0,7.228219985961914,1218.05,0,0.8,Low
28.421701346810966,94.36230441703944,2116.0,23.070125579833984,2030.02,0,21.07,Low
27.7466,94.6929,601.0,44.388614654541016,2357.98,1,96.08,Critical
26.9488,93.157,243.0,14.941058158874512,1941.04,1,91.39,Critical
25.669223838274,93.660078915044,330.0,8.948830604553223,1306.28,0,10.18,Low
27.821474693453936,91.61778392911366,4526.0,26.56157493591309,853.16,0,0.5,Low
23.3803,92.5988,720.0,24.485570907592773,2148.54,1,76.92,Critical
28.32056744055374,94.2884070301534,2029.0,20.643945693969727,2030.02,0,20.88,Low
27.081765758716333,92.81091289483292,419.0,28.831605911254883,1421.55,0,51.18,High
26.008,94.0456,408.0,45.363319396972656,1306.28,1,91.72,Critical
26.100542906580085,94.1398530338622,375.0,30.02793502807617,1566.44,0,56.15,High
27.6322,94.3862,278.0,27.773223876953125,2567.19,1,85.83,Critical
26.208234722656822,92.19824816421496,60.0,2.777333498001098,1218.05,0,0.0,Low
27.563911309524904,96.47561688655487,1129.0,16.028409957885742,2174.9,0,36.16,Moderate
26.0897026875722,92.8106932291979,71.0,3.0896899700164795,1218.05,0,0.0,Low
27.1122,88.399,904.0,40.28617477416992,2181.41,1,90.91,Critical
24.4808715167152,93.3676531205648,357.0,13.838289260864258,1625.06,0,20.26,Low
25.59707545534626,93.4467376245433,266.0,5.119501113891602,1271.17,0,2.38,Low
27.2049,95.8379,391.0,11.077191352844238,1916.88,1,82.53,Critical
27.0239,93.2992,408.0,22.707170486450195,1941.04,1,88.79,Critical
26.9895,92.5807,366.0,41.88483428955078,1421.55,1,99.76,Critical
23.3507,92.9232,1039.0,18.39108085632324,1327.95,1,77.45,Critical
27.926,96.2951,888.0,2.789727210998535,2484.94,1,4.38,Low
27.1241,92.8463,439.0,47.331939697265625,1421.55,1,99.87,Critical
26.20890311197804,94.61272765103264,1766.0,34.538917541503906,1566.44,0,51.71,High
28.640996709222257,96.47738424360378,3746.0,31.10820960998535,1891.54,0,9.02,Low
27.25341425194044,96.14228889195664,727.0,14.380671501159668,1835.44,0,40.5,Moderate
23.91412212610674,92.18280647734406,154.0,16.557270050048828,2141.49,0,25.79,Moderate
26.596,94.4788,624.0,41.31325149536133,1747.44,1,91.86,Critical
23.741,92.7084,877.0,39.5257682800293,2148.54,1,87.46,Critical
23.815108705885528,92.71823218061108,753.0,43.43749237060547,2141.49,0,89.47,Critical
28.1541,94.6687,605.0,11.005844116210938,2724.38,1,52.45,High
27.129631365561945,94.06795401983288,86.0,0.930669367313385,2592.49,0,2.0,Low
24.87488986601907,93.69960558512469,1460.0,32.453369140625,1648.99,0,48.55,Moderate
26.0331,94.8774,871.0,6.80222749710083,1669.48,1,27.63,Moderate
26.83352507971813,94.11890211313302,83.0,1.3935930728912354,1747.44,0,0.0,Low
27.71194414818259,94.20378837818232,1456.0,20.95361518859864,2567.19,0,40.96,Moderate
26.45506672170401,90.3478388377986,55.0,1.861025094985962,3717.5,0,0.0,Low
27.2657,88.2454,796.0,24.74904441833496,1690.33,1,82.38,Critical
27.1328,92.9488,921.0,23.700592041015625,1941.04,1,84.92,Critical
27.63008328180363,95.33344603137668,122.0,3.86076021194458,2724.38,0,1.05,Low
22.493716286225705,93.09980603261462,574.0,29.019922256469727,1506.81,0,20.01,Low
23.36409970132209,91.7583289635371,73.0,6.2449631690979,2396.11,0,22.54,Low
25.88260292126045,93.96784086925014,693.0,26.38048553466797,1306.28,0,8.63,Low
27.6596,94.4234,246.0,23.08028030395508,2567.19,1,81.97,Critical
28.1151,96.1002,1663.0,47.78302001953125,2484.94,1,87.76,Critical
25.71524456027188,92.41098465862171,870.0,6.413933277130127,2535.22,0,3.8,Low
27.624,96.1051,459.0,21.77655601501465,2174.9,1,66.23,High
27.74756738864236,92.61800259401582,3119.0,16.51650047302246,1194.49,0,10.01,Low
26.62634445928871,92.28431292519898,76.0,2.070430040359497,1421.55,0,0.0,Low
27.5457,96.5568,976.0,33.467506408691406,1689.08,1,70.18,High
26.11017731400915,90.60230814165124,38.0,1.3888516426086426,3717.5,0,0.0,Low
26.9956,92.5589,645.0,32.52206802368164,1421.55,1,99.33,Critical
28.309646765469324,93.284998248024,4283.0,34.75081253051758,912.05,0,3.43,Low
23.883440616942742,92.57564480446553,581.0,26.692291259765625,2141.49,0,70.0,High
27.820842265127432,96.52236045897985,2013.0,36.59064483642578,2484.94,0,46.86,Moderate
26.125963339939343,91.32928576822536,47.0,6.358602046966553,1708.67,0,0.0,Low
26.9457,93.0828,409.0,10.899457931518556,1941.04,1,94.29,Critical
26.59232948673763,93.92791295800654,93.0,1.860989332199097,1747.44,0,0.0,Low
27.1273,88.4485,535.0,30.36751747131348,2181.41,1,82.3,Critical
26.05421841999944,95.09764277293633,1559.0,23.61733055114746,1669.48,0,44.03,Moderate
24.788602755844405,92.40207106572402,16.0,4.238467693328857,3573.05,0,2.5,Low
25.352884006040263,90.48297612989,375.0,6.34959077835083,3693.54,0,1.0,Low
25.718992367468807,90.09974991325404,204.0,9.615169525146484,3693.54,0,1.57,Low
27.65703625649489,94.10969772335858,1615.0,32.964508056640625,2567.19,0,53.55,High
28.4451,93.3222,3086.0,34.9076042175293,912.05,1,95.18,Critical
27.533100452132054,94.53097806645502,111.0,2.0871450901031494,2567.19,0,0.0,Low
26.4387,94.4566,465.0,16.559391021728516,1747.44,1,63.99,High
28.195,95.1759,874.0,35.32556915283203,2724.38,1,81.64,Critical
26.368416466242145,94.53170003638674,930.0,8.412894248962402,1747.44,0,17.59,Low
28.16140198547342,94.18654292791564,1367.0,45.20758819580078,2681.74,0,57.79,High
28.5519,94.8093,1613.0,38.546688079833984,2270.17,1,70.3,High
25.81997242027748,93.81214351226168,231.0,18.05017471313477,1306.28,0,11.51,Low
24.31414254200699,92.01269620414136,28.0,2.754197597503662,3648.26,0,0.0,Low
28.49798240539172,93.8757193903786,3736.0,35.95313262939453,1535.18,0,3.62,Low
28.369113317457,93.41047435553652,2676.0,32.88760757446289,912.05,0,82.31,Critical
27.18028824770784,92.76118822619888,924.0,19.98363304138184,1421.55,0,41.85,Moderate
26.428,94.9833,751.0,23.318384170532227,1819.61,1,83.66,Critical
23.05006551101905,92.98842521067454,543.0,28.99231719970703,1506.81,0,19.66,Low
27.626,94.5106,341.0,55.36383819580078,2567.19,1,96.34,Critical
28.352,96.5136,1910.0,57.76977157592773,1891.54,1,91.01,Critical
28.11665309742838,93.14334001890651,3513.0,22.81517601013184,1472.72,0,3.92,Low
27.5055,94.1292,599.0,34.454803466796875,2567.19,1,88.58,Critical
27.553747606426203,92.38811486127868,3551.0,37.01963424682617,1194.49,0,11.44,Low
26.45376637979616,92.56978912570608,67.0,2.128633499145508,1218.05,0,0.0,Low
26.421690950652028,90.66364569293228,50.0,2.9750816822052,1708.67,0,0.0,Low
27.1551,95.9173,405.0,11.86326503753662,1916.88,1,78.57,Critical
28.8204,95.334,3426.0,38.10984420776367,1289.76,1,78.18,Critical
27.0012,92.6293,291.0,27.2696533203125,1421.55,1,96.05,Critical
27.0026,92.6194,436.0,38.92522811889648,1421.55,1,99.55,Critical
27.53879941497603,91.6582243946818,1849.0,29.670045852661133,853.16,0,61.84,High
27.75391197452437,96.99194764495032,2844.0,35.217716217041016,1471.65,0,20.08,Low
24.565333983159785,93.23598072005755,474.0,10.057795524597168,1625.06,0,14.96,Low
25.57164848491993,90.82642584986463,440.0,7.381150245666504,3693.54,0,3.08,Low
28.139036006262323,95.11834497850876,511.0,23.676612854003903,2724.38,0,64.78,High
27.02503461678504,92.81294117737691,174.0,12.288477897644045,1421.55,0,46.96,Moderate
28.763470930389587,95.02141507753645,2229.0,48.350624084472656,1289.76,0,75.11,Critical
28.1503,95.9682,1082.0,51.36911010742188,2484.94,1,97.1,Critical
25.969273058362607,93.13550875247388,131.0,4.247503280639648,1427.25,0,0.51,Low
22.869504518422342,92.4890301558822,104.0,23.554128646850582,2496.59,0,5.21,Low
27.9975,94.0135,1762.0,31.78471946716309,2320.86,1,62.36,High
28.83613137269838,95.27380508838812,2778.0,23.06753730773925,1289.76,0,23.92,Low
25.03578156982664,92.88837838630596,460.0,28.66799736022949,1648.99,0,56.71,High
26.2373415160376,90.68459516809664,38.0,6.359936237335205,3717.5,0,0.0,Low
28.3422,95.7895,584.0,41.77442932128906,2348.99,1,94.07,Critical
26.9829,92.3771,855.0,50.1688232421875,1421.55,1,98.91,Critical
27.24113279338611,95.41707895418196,182.0,5.662167072296143,1916.88,0,2.02,Low
27.2731,88.266,660.0,35.25923156738281,1690.33,1,89.55,Critical
26.64825733613614,91.13039866089792,50.0,4.838187217712402,1708.67,0,0.0,Low
25.46503763898446,92.5678267643033,742.0,4.818952560424805,2535.22,0,7.11,Low
26.9992,92.6276,325.0,19.70172119140625,1421.55,1,94.77,Critical
23.29631858263791,91.73327160095228,100.0,15.715322494506836,2396.11,0,8.21,Low
28.329302568216352,95.0289415941034,240.0,9.122474670410156,2270.17,0,12.45,Low
26.12002851086988,93.4653287439681,903.0,8.244277000427246,1427.25,0,16.55,Low
25.873981813705388,93.4391744794214,186.0,6.150361061096191,1427.25,0,3.87,Low
24.7834787355374,93.41912067625854,881.0,32.617862701416016,1648.99,0,49.5,Moderate
28.092,93.2604,1739.0,51.39795303344727,1472.72,1,98.13,Critical
25.9803,94.4848,1111.0,23.949907302856445,1566.44,1,46.81,Moderate
29.12893771959677,94.80659248990224,3873.0,14.761301040649414,1289.76,0,4.98,Low
26.545221313708566,93.80266083597684,97.0,2.268354654312134,1649.52,0,0.0,Low
27.1119,92.9222,711.0,16.908903121948242,1941.04,1,72.12,High
28.2446,94.4611,2188.0,20.18888664245605,2681.74,1,26.61,Moderate
27.62892875863226,96.19096511449004,439.0,13.458089828491213,2174.9,0,50.4,High
24.003693655742595,94.12212751424096,340.0,22.548959732055664,1381.49,0,7.98,Low
24.233852891042364,92.3300017252174,96.0,13.18763542175293,2141.49,0,10.78,Low
28.4808,93.3463,3481.0,50.62078475952149,912.05,1,91.05,Critical
26.553118259125338,92.13154439860392,70.0,2.0691123008728027,1154.3,0,0.0,Low
24.65928622311733,93.1222326437126,60.0,5.164483547210693,1625.06,0,1.0,Low
26.413819153872527,91.38842987439472,49.0,0.9307634234428406,1708.67,0,0.0,Low
28.34218247309456,93.52431148306,2134.0,24.112451553344727,1535.18,0,26.92,Moderate
26.038,94.0393,309.0,40.250370025634766,1306.28,1,90.32,Critical
24.42876903951042,92.77087085317449,121.0,14.148609161376951,2942.16,0,14.85,Low
22.611112562047367,93.12797225640146,490.0,21.00922584533692,1506.81,0,22.37,Low
26.75977856164816,90.67597808649244,212.0,2.784554481506348,1708.67,0,1.5,Low
27.2702,88.3934,953.0,29.18039321899414,1690.33,1,77.32,Critical
22.01873335310613,92.61355257562704,238.0,10.855819702148438,2496.59,0,20.17,Low
25.429195546760035,90.9115955216316,411.0,12.252352714538574,3693.54,0,6.87,Low
25.62705055043312,93.11509863960656,335.0,6.137754440307617,1271.17,0,0.8,Low
28.11501941203384,92.74790720681251,4671.0,28.30791473388672,1472.72,0,0.69,Low
27.0135,93.0743,323.0,25.792709350585938,1941.04,1,86.27,Critical
23.50929591456952,91.83046947035662,92.0,0.0,2396.11,0,0.0,Low
23.1554,92.5096,666.0,33.327117919921875,2496.59,1,75.91,Critical
28.0652,93.2756,1604.0,24.814193725585938,1472.72,1,55.37,High
27.7333,93.4403,1572.0,30.66744613647461,1971.8,1,51.31,High
28.3327,95.5082,614.0,59.04243087768555,2348.99,1,92.91,Critical
25.79770219390751,94.74016048502448,894.0,28.171951293945312,1669.48,0,58.16,High
26.187435101352616,90.00875526537016,52.0,2.262581586837769,2542.03,0,0.0,Low
28.1491,95.8822,717.0,18.337627410888672,2817.65,1,67.0,High
24.010810198131097,91.7697570485298,162.0,5.3836822509765625,2322.27,0,6.6,Low
28.73084484659461,94.10485658066156,3264.0,34.83945846557617,2030.02,0,12.47,Low
27.1016,92.1369,1702.0,39.37409210205078,1154.3,1,91.06,Critical
26.9834,92.5822,307.0,45.96892929077149,1421.55,1,98.95,Critical
28.5824,95.325,1739.0,52.507850646972656,2270.17,1,90.95,Critical
28.5133,93.4833,3026.0,60.16960906982422,1535.18,1,95.47,Critical
27.2909,88.2723,1133.0,33.73136901855469,1690.33,1,77.3,Critical
25.701476815786872,90.02334995896767,38.0,5.565299987792969,3693.54,0,0.0,Low
26.9707,92.5953,177.0,11.315196990966797,1421.55,1,54.4,High
27.7443,93.0968,2254.0,35.02871322631836,1971.8,1,63.73,High
27.1015,93.3619,739.0,38.32815933227539,1941.04,1,93.23,Critical
28.236721501419566,94.61607516533876,632.0,26.70639991760254,2724.38,0,68.22,High
26.51947831592718,92.0128905443762,65.0,3.61476993560791,1154.3,0,0.0,Low
23.4674,92.6776,593.0,30.850032806396484,2148.54,1,83.49,Critical
26.82938849092288,93.7495257526811,79.0,1.037392497062683,2204.32,0,0.0,Low
26.235465203003024,91.82091415220565,53.0,1.8610820770263672,1708.67,0,0.0,Low
28.95776340255733,96.3682517080278,4556.0,41.86697006225586,1011.98,0,2.0,Low
25.22472546410146,90.28166362125518,84.0,16.868154525756836,4780.93,0,11.81,Low
24.63174479060888,94.04151463452536,777.0,2.036346912384033,1648.99,0,0.03,Low
28.5082,93.504,3124.0,41.96170425415039,1535.18,1,78.19,Critical
26.5149,94.7601,928.0,30.74293327331543,1819.61,1,83.98,Critical
28.0116,95.1861,496.0,20.57457733154297,2724.38,1,71.42,High
26.94049159555161,93.22801659662956,123.0,3.248142719268799,1941.04,0,0.05,Low
26.86168245058101,90.42302763971004,266.0,6.360256671905518,1708.67,0,12.56,Low
27.181,92.6821,642.0,26.743932723999023,1421.55,1,97.53,Critical
25.985008948043745,91.646899254584,368.0,15.116913795471191,1708.67,0,25.9,Moderate
25.576170519350672,91.92568936889424,1567.0,14.83074951171875,3717.5,0,4.13,Low
29.21170752037981,94.44693837893996,4486.0,20.04531478881836,1158.49,0,1.0,Low
27.2328,92.9386,884.0,32.593017578125,1941.04,1,87.25,Critical
28.2972,93.2609,2977.0,39.12063980102539,912.05,1,90.92,Critical
28.095,93.4774,1778.0,39.06269836425781,2320.86,1,74.68,High
27.2783,93.4016,1586.0,24.32658767700196,1971.8,1,62.07,High
27.2691,88.4661,1392.0,40.95249176025391,1707.7,1,77.69,Critical
27.7101,94.4921,646.0,33.202301025390625,2567.19,1,88.91,Critical
27.0022,92.6299,318.0,24.805118560791016,1421.55,1,98.46,Critical
27.8677,95.0085,306.0,27.37677955627441,2724.38,1,73.67,High
27.8417,93.3829,2015.0,19.18863296508789,1472.72,1,71.63,High
27.6097,96.0928,426.0,11.054204940795898,2174.9,1,78.15,Critical
22.961318132332654,93.01712910227252,751.0,22.637062072753903,1506.81,0,16.92,Low
27.806669455080304,93.542117952899,976.0,18.93483543395996,2320.86,0,47.63,Moderate
26.504932586171734,93.30712690293755,251.0,7.405157566070557,1427.25,0,21.79,Low
26.98953225806406,94.71987630423396,98.0,1.0388556718826294,1941.69,0,0.0,Low
26.74898031921313,93.59763007870224,78.0,1.0366604328155518,2204.32,0,0.0,Low
26.9735,93.0848,450.0,18.13983917236328,1941.04,1,90.45,Critical
27.9707,96.3797,810.0,46.98794937133789,2484.94,1,92.39,Critical
23.83653537529761,93.1671589691263,920.0,19.703237533569336,1381.49,0,9.42,Low
27.90825243810826,96.7913133484968,957.0,13.729969024658203,1471.65,0,21.23,Low
26.9467,92.13,531.0,34.26713180541992,1154.3,1,97.61,Critical
25.58607213294708,90.21942850169336,396.0,5.443540573120117,3693.54,0,2.5,Low
26.9044,92.1683,470.0,29.96574592590332,1421.55,1,96.64,Critical
23.22160998153753,92.84769425333889,445.0,13.735603332519531,2496.59,0,39.22,Moderate
26.1665,94.8765,2157.0,39.72329330444336,1669.48,1,54.64,High
27.0237,92.1045,1664.0,25.83048248291016,1154.3,1,86.21,Critical
25.34486836699298,92.60134674625436,982.0,15.441645622253418,2535.22,0,31.24,Moderate
24.571315397024605,92.9745408461595,56.0,19.17344093322754,1625.06,0,4.03,Low
25.9848,94.0396,751.0,34.392173767089844,1306.28,1,54.26,High
26.935775179745946,93.54422129245322,107.0,2.130640745162964,2204.32,0,0.5,Low
27.46238281988112,93.23820354672884,2079.0,26.12192916870117,1971.8,0,34.06,Moderate
27.8954,94.0694,1493.0,17.841707229614258,2681.74,1,59.3,High
26.9875,92.3644,555.0,50.099853515625,1421.55,1,99.79,Critical
27.7915,96.3743,1096.0,36.85333633422852,2484.94,1,90.37,Critical
27.16785344750888,94.95937843425412,106.0,0.0,1941.69,0,0.0,Low
25.66491093803514,94.9144905428896,2332.0,20.648653030395508,1669.48,0,22.58,Low
28.002,96.3431,975.0,47.68623733520508,2484.94,1,92.77,Critical
28.861267324850363,94.96519736751588,2231.0,24.16988754272461,1289.76,0,41.51,Moderate
27.0251,93.011,728.0,43.9860725402832,1941.04,1,96.92,Critical
26.743950505453032,93.6231837996851,77.0,1.0366151332855225,2204.32,0,0.0,Low
25.309,91.7349,1453.0,31.646915435791016,3717.5,1,93.51,Critical
27.9213,96.4929,1539.0,23.81123733520508,2484.94,1,78.25,Critical
27.618251656285647,95.0688869627554,113.0,2.0887582302093506,2724.38,0,0.0,Low
27.784545973191445,92.76054920241862,3209.0,29.186355590820312,1472.72,0,33.17,Moderate
27.0869,92.8517,598.0,32.34576797485352,1941.04,1,92.16,Critical
23.6069,93.3964,1574.0,18.22811508178711,1327.95,1,61.43,High
27.1601,92.8066,746.0,21.48642349243164,1421.55,1,92.13,Critical
27.7722,94.731,851.0,54.632843017578125,2724.38,1,97.33,Critical
25.02687169140771,93.48402969935248,1000.0,5.556338787078857,1648.99,0,2.27,Low
26.0157,94.358,421.0,21.167179107666016,1566.44,1,80.97,Critical
25.307608587119685,90.35320136713324,179.0,26.302833557128903,3693.54,0,35.91,Moderate
23.6192,92.4497,576.0,18.608688354492188,2148.54,1,61.56,High
27.003749386145305,94.08731029205217,81.0,0.0,2592.49,0,0.0,Low
25.724380888144697,93.4495726307538,248.0,12.815020561218262,1271.17,0,8.4,Low
28.0871,94.2885,1469.0,31.3662052154541,2681.74,1,86.97,Critical
27.0962,92.093,1175.0,32.236297607421875,1154.3,1,93.15,Critical
25.695453798377955,93.57395934852548,213.0,7.545022010803223,1306.28,0,4.0,Low
25.85807192274111,94.63783175101108,2233.0,37.02386474609375,1566.44,0,40.95,Moderate
27.0119305938244,95.28593762047544,409.0,19.875280380249023,1941.69,0,44.24,Moderate
27.525097044581624,96.41442298605313,579.0,3.63837480545044,2174.9,0,6.09,Low
26.9652,93.058,390.0,5.500311374664307,1941.04,1,89.44,Critical
24.366638608780548,92.6211532952627,49.0,2.1205947399139404,2942.16,0,0.0,Low
28.822340354950924,94.28038102801304,2060.0,33.99283981323242,1158.49,0,14.88,Low
24.957277183913444,93.54106258493132,455.0,13.22813606262207,1648.99,0,29.28,Moderate
28.6332,93.4124,3870.0,55.38716506958008,912.05,1,69.63,High
27.49020736448482,94.2010864331586,160.0,2.086338758468628,2567.19,0,0.5,Low
24.81770945290237,93.13063907589488,38.0,4.238683223724365,1648.99,0,0.0,Low
28.5093,93.4977,3041.0,37.98578643798828,1535.18,1,85.51,Critical
27.8377,95.0078,336.0,54.34447479248047,2724.38,1,98.88,Critical
26.943,93.1447,255.0,14.90593719482422,1941.04,1,95.96,Critical
26.9911,92.5279,636.0,41.89485168457031,1421.55,1,98.5,Critical
26.0255,94.3598,418.0,16.139312744140625,1566.44,1,80.54,Critical
26.9512,93.0974,323.0,7.730453968048096,1941.04,1,98.4,Critical
22.16180067873397,92.619230084983,211.0,30.69184303283692,2496.59,0,37.14,Moderate
27.2605,93.7204,867.0,33.92307662963867,2592.49,1,85.06,Critical
25.135970715850043,93.0206639885606,682.0,16.12781524658203,1648.99,0,24.17,Low
24.461808788166824,92.53026856243636,35.0,2.7559127807617188,2942.16,0,0.0,Low
27.8464,94.7345,1013.0,27.72627830505371,2724.38,1,68.95,High
26.805392708487965,92.13565377757595,126.0,2.1300911903381348,1154.3,0,0.0,Low
23.87129868278295,93.23969068355038,1042.0,0.0,1381.49,0,8.14,Low
26.0913391530019,90.1924980439218,33.0,1.861119270324707,3693.54,0,0.0,Low
27.7705,94.8389,459.0,17.15129280090332,2724.38,1,76.22,Critical
26.9896,92.5731,328.0,29.67147827148437,1421.55,1,98.34,Critical
23.5303,92.6709,401.0,24.341552734375,2148.54,1,67.82,High
27.0074,93.3623,396.0,25.037940979003903,1941.04,1,87.47,Critical
25.765255780868618,92.87821608154256,101.0,3.5979015827178955,1218.05,0,0.0,Low
26.000524182983728,93.81083204517417,143.0,2.126798629760742,1306.28,0,0.0,Low
25.58773756372468,93.5551211119869,280.0,23.32709503173828,1271.17,0,4.58,Low
28.3537,95.7902,1403.0,44.6662712097168,2348.99,1,85.23,Critical
28.017733267479404,96.44936108881546,612.0,36.94296646118164,2484.94,0,71.0,High
23.2373,93.3765,680.0,34.3798828125,1506.81,1,79.47,Critical
27.0596,93.0826,1295.0,34.14251708984375,1941.04,1,78.1,Critical
27.8224,94.8011,625.0,20.69074058532715,2724.38,1,70.1,High
28.483691737972244,93.618614805156,3418.0,41.4287109375,1535.18,0,19.32,Low
25.86524440450217,89.95667560155519,16.0,0.0,3693.54,0,0.0,Low
28.7688,95.3232,2797.0,31.57512283325196,1289.76,1,73.17,High
27.1047,92.1838,1905.0,38.830810546875,1421.55,1,85.29,Critical
27.626613450106547,91.62704975740368,2287.0,40.73952102661133,853.16,0,28.78,Moderate
25.18449622206577,94.47422633257403,2077.0,36.841251373291016,1566.44,0,41.79,Moderate
27.988,96.2467,682.0,39.51583099365234,2484.94,1,94.67,Critical
24.134431398698734,92.12924170297612,48.0,3.854433536529541,2322.27,0,0.0,Low
27.1066,92.8674,844.0,49.33656311035156,1941.04,1,99.59,Critical
26.457024279682155,90.41975163432387,51.0,2.266918897628784,3717.5,0,0.0,Low
27.049226376017486,95.61795208012494,846.0,21.788036346435547,1916.88,0,47.68,Moderate
25.194941158105227,91.32640854509312,113.0,20.465219497680664,4780.93,0,8.85,Low
27.6629,93.7554,1661.0,29.59816169738769,2592.49,1,58.19,High
27.58157768977519,92.27054900497228,3305.0,38.75931167602539,1194.49,0,21.73,Low
27.742,94.3072,529.0,48.5403938293457,2567.19,1,99.17,Critical
26.826865246285355,92.39702024194064,128.0,1.3935484886169434,1421.55,0,0.0,Low
25.47466075428172,92.83544367142406,471.0,14.160027503967283,2535.22,0,32.77,Moderate
26.127551931160617,91.60497633733108,59.0,3.227281332015991,1708.67,0,0.0,Low
23.27381067963904,93.28295177150412,1029.0,37.40541076660156,1327.95,0,20.74,Low
23.77088286475049,93.29425085512273,1015.0,25.566883087158203,1381.49,0,22.63,Low
26.9911,92.3895,590.0,45.13188552856445,1421.55,1,99.16,Critical
27.20535607491092,94.80323430291656,97.0,2.2793009281158447,1941.69,0,0.0,Low
26.994,92.5086,674.0,47.469844818115234,1421.55,1,99.61,Critical
28.19769282289904,96.48785779027658,2013.0,44.49723815917969,2484.94,0,54.77,High
28.1188,96.0731,1369.0,19.68726921081543,2484.94,1,63.27,High
27.1648,88.1697,1523.0,19.09187698364257,2181.41,1,70.65,High
22.89340493524532,93.11200978182724,864.0,36.0386848449707,1506.81,0,37.88,Moderate
25.62050610899877,93.99949982825042,2219.0,34.75505828857422,1306.28,0,36.1,Moderate
22.361025555876576,92.65405709939064,115.0,6.118827819824219,2496.59,0,0.98,Low
26.73374774070828,90.87578533540002,144.0,2.784207344055176,1708.67,0,0.0,Low
26.0001,94.5313,1291.0,27.10769462585449,1566.44,1,44.94,Moderate
26.7563,94.8602,447.0,34.41681671142578,1941.69,1,83.37,Critical
29.01375736055508,94.56548852206215,3754.0,42.69218063354492,1158.49,0,14.12,Low
25.9945,94.3029,843.0,14.210271835327148,1566.44,1,62.39,High
27.2629,93.7211,1039.0,33.788429260253906,2592.49,1,82.3,Critical
27.206234395198475,95.33541014697384,121.0,0.9306592345237732,1916.88,0,0.0,Low
28.380497024868195,94.56101166092851,1424.0,44.04510498046875,2030.02,0,70.96,High
27.1373,88.4732,688.0,36.05170440673828,2542.03,1,88.27,Critical
25.2666,91.5117,930.0,62.82408142089844,3693.54,1,93.23,Critical
28.357928883785544,95.81880095741658,2409.0,51.31217956542969,2348.99,0,86.29,Critical
22.58783882409791,92.76211419521424,352.0,16.257978439331055,2496.59,0,35.9,Moderate
26.204916106995835,93.56832582380736,910.0,26.39116477966309,1649.52,0,32.04,Moderate
22.58951270974582,92.63903814120746,95.0,4.09898567199707,2496.59,0,2.05,Low
28.0812,93.2808,1399.0,61.42270278930664,1472.72,1,99.17,Critical
27.5945,92.6295,2498.0,42.54161834716797,1194.49,1,68.23,High
25.053248764028908,92.35479484314617,27.0,8.560626983642578,3573.05,0,3.5,Low
26.2353,94.5633,1003.0,18.895187377929688,1566.44,1,55.52,High
25.52138152967315,91.27021543871544,1337.0,8.036811828613281,3693.54,0,0.05,Low
28.5066,93.4963,2799.0,30.034683227539062,1535.18,1,68.13,High
27.7617,94.4824,451.0,32.83475112915039,2681.74,1,93.24,Critical
27.7806,94.5144,403.0,32.948516845703125,2681.74,1,92.69,Critical
26.9874,92.3988,633.0,26.53510475158692,1421.55,1,97.43,Critical
27.0985,92.94,594.0,47.94226837158203,1941.04,1,97.89,Critical
26.1507,94.9998,791.0,38.20120620727539,1669.48,1,81.26,Critical
27.4261,93.9441,1259.0,55.69398498535156,2592.49,1,86.61,Critical
24.383829733367552,92.8524580905571,420.0,19.42313766479492,1625.06,0,36.0,Moderate
25.963,94.3244,717.0,24.44561195373535,1566.44,1,83.27,Critical
29.010614668018924,94.70790398005448,3922.0,18.30026054382324,1289.76,0,7.31,Low
28.61602113316366,94.68664235214624,1167.0,29.83122634887696,2270.17,0,40.11,Moderate
27.822026738413783,93.53021120801236,655.0,23.698734283447266,2320.86,0,65.5,High
26.247419032299167,94.3578211062942,620.0,16.55365753173828,1566.44,0,59.42,High
27.3278,88.2712,796.0,31.97215461730957,1690.33,1,85.96,Critical
27.6116,96.3986,1074.0,45.07075881958008,2174.9,1,89.57,Critical
26.76059934972421,91.57357031351958,114.0,2.2718825340271,1154.3,0,0.0,Low
28.4957,94.9065,1328.0,25.18166923522949,2270.17,1,34.23,Moderate
27.8289,94.3195,655.0,44.63562774658203,2681.74,1,95.86,Critical
28.376,95.9418,1122.0,55.10007095336914,2348.99,1,93.44,Critical
27.356294305264964,92.4321772789254,2036.0,27.04266357421875,1194.49,0,12.49,Low
28.4721,93.5102,3000.0,55.91977310180664,1535.18,1,87.42,Critical
25.745004092236368,90.54254295294878,228.0,1.861208200454712,3693.54,0,0.0,Low
28.910344808154456,96.40300841353492,4235.0,24.741634368896484,1011.98,0,0.0,Low
27.74231903043645,96.18116668975011,215.0,3.269609212875366,2174.9,0,1.16,Low
26.9922,92.1216,1615.0,58.63854598999024,1154.3,1,87.77,Critical
28.143923969820023,93.49902412661712,1811.0,36.70302581787109,2320.86,0,56.1,High
23.3661,92.6081,929.0,36.95576477050781,2148.54,1,82.98,Critical
27.627,94.5555,643.0,41.80109786987305,2567.19,1,97.71,Critical
28.1796,95.9215,1577.0,50.502220153808594,2817.65,1,97.53,Critical
27.73168804708749,95.33846879967987,121.0,3.643388509750366,2724.38,0,0.05,Low
27.41621583106794,88.25426601186969,2521.0,32.23764419555664,1690.33,0,52.14,High
26.136149043103984,95.00015021883188,1168.0,15.471233367919922,1669.48,0,27.52,Moderate
26.32624608484005,90.16781848229004,38.0,0.9307748079299928,3717.5,0,0.0,Low
27.14070314925278,93.75327994857328,130.0,0.9306679368019104,2204.32,0,2.5,Low
28.194252215976533,94.36532331940352,2746.0,49.12681579589844,2681.74,0,34.06,Moderate
27.617881386716903,94.399370266924,529.0,25.36261558532715,2567.19,0,70.72,High
26.62799897699141,92.9597679283971,71.0,2.070460081100464,1941.04,0,0.0,Low
27.7894,94.5184,523.0,32.76917266845703,2681.74,1,92.81,Critical
25.514786343278605,91.7182935193548,1762.0,7.671253681182861,3717.5,0,11.36,Low
28.3664,96.5742,2176.0,48.45802688598633,1044.44,1,71.67,High
25.789209255678003,90.4898768798141,206.0,16.4051513671875,3693.54,0,7.22,Low
27.6301,96.404,1358.0,50.42870330810547,2174.9,1,94.86,Critical
26.4108660481082,90.08148255505614,49.0,3.0981786251068115,2542.03,0,0.0,Low
27.6861,94.4468,568.0,42.20960235595703,2567.19,1,97.85,Critical
27.1421,88.4673,1069.0,25.901683807373047,2542.03,1,71.66,High
28.3036,95.1673,552.0,30.51079559326172,2270.17,1,76.0,Critical
28.88915179495812,95.09958987402024,1821.0,12.775136947631836,1289.76,0,14.76,Low
25.9868,94.3564,444.0,32.66038513183594,1566.44,1,90.38,Critical
26.9854,92.5768,472.0,11.215402603149414,1421.55,1,90.85,Critical
23.7103,93.0516,923.0,25.24564552307129,1327.95,1,34.56,Moderate
28.152223938981795,93.73691385507762,1656.0,41.7459716796875,2320.86,0,55.4,High
27.446438563890087,93.86886347363254,2132.0,28.536283493041992,2592.49,0,32.13,Moderate
26.05671311981251,90.91090920364708,40.0,2.0603249073028564,3717.5,0,0.0,Low
27.3807,96.283,1046.0,23.695606231689453,2174.9,1,78.53,Critical
27.9067,95.1428,456.0,29.882858276367188,2724.38,1,90.72,Critical
26.87927735252344,92.40516398477524,182.0,4.990837097167969,1421.55,0,15.62,Low
28.3863,93.6218,1873.0,46.03768157958984,1535.18,1,89.2,Critical
26.12714269128909,93.71308594345597,191.0,1.3889604806900024,1306.28,0,3.0,Low
26.1082,94.761,1099.0,35.98456954956055,1669.48,1,71.4,High
27.36965310768081,92.67167214022405,2624.0,29.358198165893555,1194.49,0,16.94,Low
26.9944,92.566,588.0,60.61936569213867,1421.55,1,98.75,Critical
27.13,95.7197,395.0,16.580699920654297,1916.88,1,81.47,Critical
26.54307564196988,94.47501092526548,377.0,23.56096839904785,1747.44,0,48.27,Moderate
23.231679234207608,93.31730285025304,1638.0,23.26028633117676,1506.81,0,23.11,Low
28.2437,96.5156,1277.0,42.40354537963867,2484.94,1,92.44,Critical
22.211477766946697,92.89034885102076,417.0,14.701037406921388,2496.59,0,39.51,Moderate
24.82831699771497,94.50361677720936,1431.0,15.310555458068848,1566.44,0,12.04,Low
25.948813567998734,90.43501423348414,314.0,10.518081665039062,3693.54,0,4.83,Low
24.8145070278936,93.1510639419397,35.0,2.241443157196045,1648.99,0,0.0,Low
24.31426205740664,93.9880280268172,884.0,2.120405435562134,1381.49,0,0.05,Low
26.9885,93.0743,324.0,14.924843788146973,1941.04,1,94.96,Critical
25.6439,91.9196,1231.0,31.627222061157227,3717.5,1,97.64,Critical
27.2021,88.5949,978.0,54.5588493347168,2542.03,1,98.97,Critical
28.4535,95.3783,2091.0,48.24839782714844,2348.99,1,94.4,Critical
27.677169079685545,95.59145242572887,135.0,1.399374008178711,2724.38,0,0.0,Low
22.3166783896286,93.0456981417831,984.0,20.746639251708984,1506.81,0,23.81,Low
25.091310503100512,94.36894185262396,1714.0,18.330307006835938,1566.44,0,17.54,Low
23.436889098277508,93.06837380622152,936.0,20.516645431518555,1327.95,0,19.19,Low
24.65267077310674,93.2902797981004,448.0,36.41100311279297,1625.06,0,60.1,High
28.690115357321304,93.83916333667575,3733.0,33.57569885253906,1535.18,0,4.02,Low
27.2654,93.714,1199.0,16.564607620239258,2592.49,1,30.18,Moderate
27.181837270349927,93.66992292626246,982.0,34.52030944824219,2204.32,0,44.64,Moderate
25.742960936426936,92.059884244208,891.0,5.8290324211120605,3717.5,0,3.07,Low
26.9858,95.577,940.0,41.27748489379883,1916.88,1,77.72,Critical
26.9581,93.2368,430.0,48.04457092285156,1941.04,1,99.0,Critical
28.9732,94.8814,613.0,53.96179962158203,1289.76,1,95.24,Critical
26.55879453221964,94.22661796573958,116.0,2.0692169666290283,1747.44,0,0.0,Low
28.788598877142377,94.18038402647473,2738.0,33.90982437133789,1158.49,0,8.93,Low
24.909413741749177,94.59418422254012,890.0,14.26060676574707,1566.44,0,39.19,Moderate
23.341255517060443,93.2317444405444,912.0,23.88067626953125,1327.95,0,17.48,Low
25.970453172073228,94.12926894489884,444.0,11.589681625366213,1566.44,0,41.65,Moderate
26.9834,92.5748,398.0,32.08047866821289,1421.55,1,98.19,Critical
23.65348504267623,93.12041054826146,830.0,33.75397872924805,1327.95,0,12.65,Low
26.0141,94.0293,410.0,23.036911010742188,1306.28,1,69.55,High
26.1097,94.9704,762.0,32.64493560791016,1669.48,1,86.47,Critical
27.97602134351426,97.32007110767796,4001.0,59.38500213623047,1471.65,0,6.5,Low
25.6469,91.9223,1193.0,28.44813346862793,3717.5,1,92.24,Critical
27.735878687635555,95.08069339885114,111.0,1.3997859954833984,2724.38,0,0.0,Low
28.1593,94.9754,792.0,43.43950653076172,2724.38,1,94.76,Critical
25.33696816364586,93.034766411785,507.0,10.506515502929688,1271.17,0,2.64,Low
28.2492,95.8378,1398.0,33.30005645751953,2817.65,1,89.59,Critical
26.9948,92.562,559.0,43.83076858520508,1421.55,1,98.31,Critical
27.627772107264537,96.27553411179116,331.0,5.291805267333984,2174.9,0,29.77,Moderate
27.4143,92.7317,1845.0,37.15873718261719,1194.49,1,73.4,High
26.6806,95.2862,1070.0,34.24943161010742,1819.61,1,77.04,Critical
27.7932,94.592,520.0,41.83110427856445,2681.74,1,95.61,Critical
26.57331358212025,94.58807769326036,226.0,27.25724220275879,1747.44,0,38.2,Moderate
25.3051,92.5804,1176.0,16.057937622070312,2535.22,1,51.04,High
28.0101,96.3955,1696.0,38.462921142578125,2484.94,1,87.32,Critical
27.601389351555483,92.12751806588932,4348.0,32.718265533447266,853.16,0,4.0,Low
25.9333,94.2908,537.0,24.38261604309082,1566.44,1,79.36,Critical
26.9717,93.1271,305.0,8.11465072631836,1941.04,1,97.24,Critical
25.45480831182597,92.7305114341208,779.0,14.179434776306152,2535.22,0,48.12,Moderate
28.7004,95.7949,2093.0,30.41359138488769,2348.99,1,78.92,Critical
22.59447080895716,92.6605470556903,160.0,13.40401554107666,2496.59,0,19.75,Low
26.9127,92.2831,247.0,29.644229888916016,1421.55,1,99.11,Critical
28.42574816769164,95.5578593374074,1559.0,59.04594039916992,2348.99,0,49.35,Moderate
27.540483954731425,94.44748881615718,128.0,2.2850117683410645,2567.19,0,0.0,Low
25.191665758520752,92.58405907783856,1038.0,37.03001022338867,3573.05,0,36.26,Moderate
28.3411,95.7009,1243.0,42.59026336669922,2348.99,1,89.68,Critical
25.83803222396297,93.63129927839022,189.0,2.973522663116455,1306.28,0,1.0,Low
28.2013,93.234,2345.0,49.373634338378906,1472.72,1,93.13,Critical
25.6435,91.9191,1251.0,25.81954765319824,3717.5,1,92.3,Critical
27.0866,92.8542,680.0,37.83107376098633,1941.04,1,95.32,Critical
27.8077,94.6358,507.0,55.19496536254883,2681.74,1,98.94,Critical
28.9488,95.7067,2714.0,24.03792381286621,1248.72,1,64.64,High
22.623185476579653,92.9513871321324,215.0,27.99139213562012,1506.81,0,20.54,Low
27.0841,92.729,531.0,28.912857055664062,1421.55,1,94.83,Critical
29.38332910539184,95.92711894426378,3964.0,29.0761661529541,1248.72,0,0.03,Low
27.2503,88.2663,1351.0,37.98320770263672,1690.33,1,80.84,Critical
27.6873,94.5948,471.0,45.57826232910156,2567.19,1,99.28,Critical
27.4339,88.2675,2402.0,67.17601013183594,1690.33,1,87.2,Critical
27.771602309342097,93.30764902817002,1652.0,34.21350860595703,1472.72,0,71.47,High
23.6357,92.6047,1013.0,20.08757972717285,2148.54,1,73.4,High
28.781,95.6624,2474.0,16.949153900146484,1248.72,1,60.64,High
27.9041,94.9136,324.0,12.607565879821776,2724.38,1,54.3,High
26.75802953874459,93.38784765483008,78.0,1.393088698387146,1941.04,0,0.0,Low
26.54834439801599,94.71295321775196,326.0,25.800968170166016,1819.61,0,64.67,High
27.81001631967561,96.24437158990936,239.0,3.27146577835083,2484.94,0,0.56,Low
26.1497,94.3459,480.0,17.105724334716797,1566.44,1,66.08,High
26.1208,94.9888,957.0,27.687664031982425,1669.48,1,71.13,High
28.370639423186542,94.06533661530908,1066.0,43.1020622253418,2030.02,0,70.99,High
28.8027,95.6575,2642.0,24.37883949279785,1248.72,1,66.42,High
28.3709,93.3965,2801.0,30.94954299926757,912.05,1,85.74,Critical
24.842517921071483,92.70868129190352,21.0,3.058056592941284,3573.05,0,0.0,Low
27.1178,92.8499,501.0,43.4398193359375,1421.55,1,99.53,Critical
26.9918,93.182,315.0,15.545365333557127,1941.04,1,95.44,Critical
27.0141,92.6021,345.0,13.096257209777832,1421.55,1,91.89,Critical
27.8858,96.3741,451.0,40.88315963745117,2484.94,1,96.27,Critical
25.99625334323954,94.9229639772892,1346.0,22.523061752319336,1669.48,0,35.66,Moderate
23.08210417695139,93.06133057894236,1184.0,18.151491165161133,1506.81,0,25.96,Moderate
26.875376308498204,92.3283446300602,155.0,2.130385398864746,1421.55,0,0.0,Low
26.0337,94.0451,417.0,31.764827728271484,1306.28,1,92.66,Critical
27.89044078042801,93.23219559614824,2729.0,25.22249984741211,1472.72,0,51.28,High
26.309011964403066,92.86246474514232,83.0,2.1280410289764404,1427.25,0,0.0,Low
27.1277,88.1689,778.0,43.39093399047852,2181.41,1,91.87,Critical
29.09639551459055,95.64365292752832,3435.0,18.429174423217773,1248.72,0,5.41,Low
25.806786745270344,94.88502519360247,1282.0,18.47495079040528,1669.48,0,45.17,Moderate
27.7622,94.4134,550.0,29.42648696899414,2681.74,1,86.24,Critical
27.142464275497048,93.89911566965488,98.0,0.0,2204.32,0,1.0,Low
23.562129655814587,91.83049681544756,106.0,2.745697498321533,2396.11,0,1.5,Low
24.992346300848588,94.06437397382508,1250.0,35.67048645019531,1271.17,0,22.72,Low
26.9787,93.3548,694.0,39.00308227539063,1941.04,1,96.17,Critical
25.79946830976668,91.99344335179256,846.0,7.220085620880127,1708.67,0,12.74,Low
28.35393196469537,95.8336685549328,2601.0,32.81304168701172,2348.99,0,65.26,High
28.00865289077148,97.10384558769525,3579.0,50.3218879699707,1471.65,0,12.44,Low
27.1131,93.4935,701.0,38.685813903808594,2204.32,1,86.67,Critical
27.971572707998185,93.33859683548803,2621.0,15.132402420043944,1472.72,0,34.36,Moderate
28.4814,93.4747,2383.0,48.2997932434082,1535.18,1,84.91,Critical
25.919654644538173,94.95798770920878,1489.0,32.57926177978516,1669.48,0,55.72,High
27.263521178199944,95.49377757072484,188.0,2.7899930477142334,1916.88,0,0.0,Low
23.68762593676997,92.8626642799024,805.0,29.1965446472168,2148.54,0,71.42,High
26.511,94.7824,813.0,17.043529510498047,1819.61,1,62.11,High
27.0984,92.6674,779.0,35.59092330932617,1421.55,1,95.94,Critical
26.9679,92.5633,209.0,19.208385467529297,1421.55,1,96.08,Critical
22.6335531105432,93.08541796768009,1001.0,17.84163475036621,1506.81,0,21.03,Low
27.551564000490544,93.21300790522996,1501.0,37.65471267700195,1971.8,0,62.87,High
28.1347,96.24,1865.0,51.23229598999024,2484.94,1,95.22,Critical
26.260259806076267,92.51394700795778,60.0,1.0322856903076172,1218.05,0,0.0,Low
28.0044,95.111,1010.0,31.29555320739746,2724.38,1,85.28,Critical
28.4,95.7411,1650.0,46.98210525512695,2348.99,1,90.04,Critical
27.33584509475641,96.89502333442152,1232.0,18.297706604003903,1689.08,0,35.02,Moderate
24.393791462191366,94.180407310923,715.0,4.645299911499023,1381.49,0,5.66,Low
25.895014106761323,92.51050155122977,565.0,16.302270889282227,1218.05,0,2.46,Low
28.77799739932905,95.47327246997676,3044.0,33.71721649169922,1248.72,0,20.48,Low
25.61108215195537,90.4732738123768,502.0,2.253514051437378,3693.54,0,0.0,Low
27.15369455215676,95.57912114935894,839.0,41.2815055847168,1916.88,0,56.39,High
26.2694,94.9252,1915.0,22.38306427001953,1819.61,1,52.86,High
26.9994,92.6302,265.0,28.81436538696289,1421.55,1,95.55,Critical
26.0798,94.8701,1704.0,31.87883949279785,1669.48,1,59.24,High
23.90413530750427,91.43921669822451,61.0,2.024797201156616,2414.95,0,0.0,Low
26.5088,94.8381,1107.0,29.93043327331543,1819.61,1,58.9,High
25.9446,94.3361,465.0,37.598331451416016,1566.44,1,90.5,Critical
23.75738026809824,91.89699019986396,112.0,10.237614631652832,2322.27,0,10.88,Low
23.8788,93.1717,291.0,10.187334060668944,1381.49,1,22.03,Low
26.01707412035524,95.11990509180168,2281.0,54.74726104736328,1669.48,0,44.0,Moderate
27.2216,88.5015,983.0,24.92009162902832,2542.03,1,85.04,Critical
24.61215937430696,92.36993772559352,44.0,0.0,3648.26,0,0.0,Low
27.7888,94.5317,573.0,27.662494659423828,2681.74,1,82.94,Critical
27.10548050474575,94.27678369737428,84.0,2.131361961364746,2592.49,0,0.0,Low
28.193935527012123,94.63704148134242,427.0,27.101261138916016,2724.38,0,72.45,High
28.2458,95.5164,1313.0,38.645957946777344,2817.65,1,90.87,Critical
23.3462,92.648,457.0,37.00352478027344,2148.54,1,88.21,Critical
28.1698,95.8609,573.0,25.96127319335937,2817.65,1,84.02,Critical
26.204291529582108,92.77338772143638,88.0,0.9307906031608582,1218.05,0,0.0,Low
26.0549,94.3872,548.0,33.641448974609375,1566.44,1,85.36,Critical
28.867,95.1956,2767.0,23.852766036987305,1289.76,1,77.69,Critical
26.937577226017208,95.22791468096528,608.0,9.443565368652344,1941.69,0,29.12,Moderate
28.1893,96.566,1921.0,36.88736724853516,1471.65,1,83.57,Critical
23.9729736021445,92.8941191819068,515.0,28.001468658447266,1381.49,0,13.49,Low
27.77789538940677,88.48649341289743,3337.0,26.554067611694336,1707.7,0,18.94,Low
26.51012293564581,92.48604770316877,60.0,2.128864288330078,1421.55,0,0.0,Low
27.1401,92.9725,840.0,28.52696990966797,1941.04,1,84.79,Critical
28.12714155206857,93.8871290565492,2226.0,40.826961517333984,2320.86,0,32.47,Moderate
28.7346,95.8126,2922.0,26.73917388916016,2348.99,1,82.62,Critical
26.9861,92.3821,658.0,51.354248046875,1421.55,1,99.89,Critical
26.971,92.363,511.0,22.28146743774414,1421.55,1,91.61,Critical
27.23342579463842,93.12732948175407,1165.0,25.756750106811523,1941.04,0,37.29,Moderate
28.4819,93.354,3210.0,36.076541900634766,912.05,1,85.85,Critical
28.46628608609013,94.28343550038824,3650.0,21.706602096557617,2030.02,0,8.44,Low
27.317708399641376,93.68084357029204,1598.0,19.689022064208984,2592.49,0,34.96,Moderate
27.0852,92.9627,930.0,30.36763000488281,1941.04,1,86.28,Critical
25.95943359963747,91.4935853176117,64.0,2.774147748947144,3717.5,0,1.0,Low
25.78873077100307,90.2700302833761,203.0,6.417508125305176,3693.54,0,3.5,Low
27.225,95.8553,554.0,13.09922218322754,1916.88,1,69.33,High
27.784655940187484,94.14238544485757,481.0,39.18898391723633,2681.74,0,70.0,High
25.781745971976964,95.01354779982584,2399.0,33.23923110961914,1669.48,0,32.69,Moderate
28.2047,93.387,1736.0,18.99671936035156,1472.72,1,62.85,High
26.53153834823256,92.55873081820324,63.0,4.234899044036865,1421.55,0,0.0,Low
28.63165670357013,96.16853972987292,2473.0,42.49077606201172,1891.54,0,28.06,Moderate
27.539565582208112,93.27684495265798,2323.0,43.12140655517578,1971.8,0,35.75,Moderate
25.3652,91.8784,1533.0,29.186717987060547,3717.5,1,94.15,Critical
25.761873420673865,90.99879921421086,652.0,14.84062671661377,3693.54,0,2.32,Low
28.308791822926928,93.2289169543329,4255.0,28.906064987182617,912.05,0,0.5,Low
27.0466,92.7013,316.0,16.328994750976562,1421.55,1,96.52,Critical
24.87550719923101,93.4438879896114,868.0,17.862651824951172,1648.99,0,23.57,Low
28.1336,96.2083,1794.0,21.61273193359375,2484.94,1,70.02,High
26.9737,92.3112,818.0,15.724442481994627,1421.55,1,92.22,Critical
27.2868,88.2633,1267.0,21.280168533325195,1690.33,1,66.62,High
28.3442,95.896,1490.0,36.239707946777344,2348.99,1,86.49,Critical
25.2113,91.4038,112.0,21.27419662475586,4780.93,1,9.97,Low
26.4038,93.6403,177.0,25.45665740966797,1649.52,1,64.81,High
28.08821535574104,94.79353852624622,402.0,11.352202415466309,2724.38,0,65.54,High
23.4638,92.6714,715.0,26.720298767089844,2148.54,1,71.36,High
25.4731,91.5654,1665.0,23.965707778930664,3717.5,1,93.95,Critical
24.617711009890737,93.59013457375202,1107.0,16.104259490966797,1648.99,0,10.14,Low
27.9825,93.1462,1593.0,50.44758224487305,1472.72,1,98.5,Critical
28.53154642404493,94.48406317940484,1878.0,44.97285461425781,2030.02,0,76.82,Critical
24.262992752560848,94.02289713667078,1233.0,22.15808486938477,1381.49,0,15.96,Low
27.1166,92.9207,736.0,49.55517959594727,1941.04,1,99.62,Critical
28.4842,93.7791,2150.0,67.153564453125,1535.18,1,98.28,Critical
25.867742007635123,92.70176052289152,252.0,27.643922805786133,1218.05,0,6.48,Low
28.5098,94.0392,2573.0,25.112661361694336,1535.18,1,61.41,High
24.0507,92.1633,117.0,11.079432487487791,2141.49,1,68.38,High
27.697273460446286,92.95863198754697,2389.0,26.12177276611328,1971.8,0,39.1,Moderate
27.5634,93.2347,1887.0,33.73427200317383,1971.8,1,71.44,High
27.5709,93.3046,3179.0,29.490896224975582,1971.8,1,69.77,High
26.081037211029063,92.86827273268314,69.0,3.2261180877685547,1218.05,0,0.0,Low
26.69208094285457,95.2988296986868,1100.0,29.957040786743164,1819.61,0,57.05,High
27.7415,94.4464,295.0,36.64040756225586,2567.19,1,92.71,Critical
27.19315996547597,93.10648567790702,1568.0,34.8130989074707,1941.04,0,62.63,High
28.1284,95.9205,1463.0,21.93516731262207,2817.65,1,73.52,High
26.9625,92.4312,355.0,59.31783676147461,1421.55,1,99.59,Critical
27.8861,95.0158,321.0,17.807376861572266,2724.38,1,82.88,Critical
22.72438553248565,92.70782136573318,300.0,26.440933227539062,2496.59,0,47.5,Moderate
28.3585,95.7676,464.0,53.55585479736328,2348.99,1,98.28,Critical
26.786034813086488,94.28843938870452,100.0,4.988064765930176,1747.44,0,0.5,Low
28.837461670484164,95.21083033584252,2181.0,35.58522415161133,1289.76,0,70.3,High
24.9728,92.8762,89.0,2.971317768096924,1648.99,1,63.5,High
28.6014,95.0908,914.0,29.747533798217773,2270.17,1,81.61,Critical
24.91879923233952,94.01773268099714,1018.0,32.32619094848633,1271.17,0,7.85,Low
27.8978,93.413,859.0,28.16436004638672,1472.72,1,77.24,Critical
28.62335959455521,94.7463901388688,1869.0,17.234493255615234,2270.17,0,18.32,Low
25.82319625543842,93.61922973314076,178.0,1.387024164199829,1306.28,0,0.5,Low
26.9467,93.1072,309.0,17.327022552490234,1941.04,1,94.44,Critical
25.86567071733593,94.64491124103132,1829.0,23.449657440185547,1566.44,0,24.9,Low
27.848787630223253,88.2167567402975,5582.0,59.08457565307617,1690.33,0,4.5,Low
26.05020844224488,93.02875508868829,81.0,3.4666690826416016,1427.25,0,0.0,Low
27.672542743224724,94.5179759237072,545.0,34.92048263549805,2567.19,0,71.39,High
27.0979,92.1915,1935.0,18.732465744018555,1421.55,1,76.1,Critical
26.42108114956809,90.8910836487641,43.0,1.3908653259277344,1708.67,0,0.0,Low
27.7406,93.2522,1646.0,43.14140701293945,1971.8,1,73.17,High
27.2422,92.7939,1255.0,33.703765869140625,1421.55,1,82.21,Critical
28.9047,95.12,2197.0,43.94609832763672,1289.76,1,93.54,Critical
23.709984119620028,93.10854235772804,1352.0,19.25197029113769,1327.95,0,32.69,Moderate
27.16202790953158,92.69965979715424,615.0,27.099016189575195,1421.55,0,98.13,Critical
28.7531,95.8208,1947.0,36.7037239074707,1248.72,1,65.53,High
25.488735767346142,93.04557139874385,200.0,8.937919616699219,1271.17,0,16.12,Low
24.687213009187985,92.29529584657678,22.0,2.239564180374145,3648.26,0,0.0,Low
24.2777323607904,92.01312716202312,29.0,2.120274782180786,3648.26,0,0.0,Low
29.04847387470864,96.47907085652538,4086.0,24.33357620239257,1011.98,0,1.0,Low
26.61050952856761,92.67142734153904,60.0,1.8609845638275144,1421.55,0,0.0,Low
27.66116915538611,88.528029829514,4635.0,44.58620071411133,1707.7,0,1.98,Low
26.76880988181234,92.26079031573714,108.0,3.6205050945281982,1421.55,0,0.5,Low
28.3176,95.5869,1534.0,39.33896255493164,2348.99,1,82.57,Critical
27.7504,94.4538,380.0,17.78797721862793,2681.74,1,81.3,Critical
27.01019560325488,92.8190337661516,152.0,2.7879109382629395,1421.55,0,0.5,Low
23.2335654920654,92.8412986002965,494.0,18.032135009765625,2496.59,0,41.23,Moderate
28.63397420678862,96.20145544030368,2411.0,40.76596832275391,1891.54,0,35.46,Moderate
24.036513161323736,94.0675974647976,933.0,15.358391761779783,1381.49,0,15.3,Low
27.62681102331725,93.81072138837608,1669.0,13.431968688964844,2592.49,0,23.48,Low
26.185442031278143,92.60493692434494,64.0,0.930793046951294,1218.05,0,0.0,Low
26.51792425168527,91.82410481444089,66.0,2.0684852600097656,1708.67,0,0.0,Low
26.83502030718472,94.53834473804244,104.0,1.8609256744384768,1747.44,0,0.0,Low
26.1758,94.6871,1934.0,36.093509674072266,1669.48,1,70.44,High
27.0457,93.0322,424.0,43.756874084472656,1941.04,1,98.3,Critical
27.70457795712076,96.7198076602287,3925.0,25.89208984375,1471.65,0,0.69,Low
23.4527,92.5304,594.0,26.011680603027344,2148.54,1,76.57,Critical
27.634619587927293,91.68340057329624,3276.0,43.99299240112305,853.16,0,19.54,Low
27.41341641419112,95.26280554040294,118.0,3.480917692184448,1916.88,0,1.0,Low
27.854047522852955,88.85871164932925,4840.0,26.05894088745117,1707.7,0,0.85,Low
26.994112139518165,92.18485498367512,1473.0,39.61723327636719,1421.55,0,50.22,High
26.9594,93.0986,429.0,22.360145568847656,1941.04,1,89.06,Critical
26.46959029466004,94.05919850181478,95.0,1.391183376312256,1747.44,0,0.0,Low
22.99392489117174,92.9381766154423,595.0,18.14441680908203,1506.81,0,24.32,Low
23.182082721271463,92.60528537181084,663.0,18.587007522583008,2496.59,0,44.08,Moderate
27.54235637953109,88.70456996542833,3158.0,46.234859466552734,1707.7,0,23.45,Low
28.5207,93.5079,3567.0,44.22111892700195,1535.18,1,67.86,High
26.19234193202897,90.65365180280136,30.0,0.0,3717.5,0,0.0,Low
27.48453832741877,92.66216540591108,2593.0,24.735157012939453,1194.49,0,11.73,Low
28.1854,95.3615,544.0,19.88355255126953,2817.65,1,71.89,High
23.866133077053785,91.45944457884836,55.0,1.3753352165222168,2414.95,0,1.0,Low
27.2781,93.4123,1649.0,37.65641784667969,1971.8,1,72.59,High
25.08272121790533,93.9925593290168,960.0,16.559572219848633,1271.17,0,7.57,Low
28.273699658787017,95.10140294216772,1593.0,29.98601722717285,2270.17,0,43.66,Moderate
26.618507710806995,91.27921704391404,58.0,1.0354830026626587,1708.67,0,0.0,Low
27.718474728683503,95.59347689615691,128.0,2.797661066055298,2724.38,0,0.5,Low
26.9876,92.3955,603.0,25.792192459106445,1421.55,1,98.24,Critical
27.8197,94.949,422.0,25.97959899902344,2724.38,1,82.88,Critical
25.57691343149213,90.35953338445026,804.0,18.93073844909668,3693.54,0,5.34,Low
27.649829240484976,95.22296547099592,115.0,6.486913204193115,2724.38,0,8.88,Low
24.44153035106586,92.81842852203872,49.0,9.07692527770996,2942.16,0,0.5,Low
26.5162,94.7859,977.0,37.79753875732422,1819.61,1,77.95,Critical
25.03447709507596,93.84379840095744,1927.0,14.606481552124023,1271.17,0,9.3,Low
27.2054,95.6201,604.0,23.70039749145508,1916.88,1,80.99,Critical
28.11218189157313,94.56265100457786,540.0,8.484570503234863,2681.74,0,19.68,Low
25.75139929313511,93.87336245191976,433.0,4.755859375,1306.28,0,3.12,Low
25.754824365810613,91.21306738758302,882.0,16.286884307861328,3693.54,0,4.51,Low
25.97140094569606,93.8125835982125,147.0,2.259148359298706,1306.28,0,0.0,Low
26.0316484820164,94.92809732810464,940.0,27.13145446777344,1669.48,0,52.75,High
28.4646,95.7994,1581.0,46.55052947998047,2348.99,1,86.32,Critical
25.15435344224567,91.66706912556776,54.0,2.7641494274139404,4943.24,0,16.5,Low
27.0677,92.7838,243.0,31.386228561401367,1421.55,1,98.98,Critical
26.0077,94.3579,450.0,34.260406494140625,1566.44,1,93.32,Critical
24.481907117676588,92.4792167832088,50.0,3.570775270462036,2942.16,0,0.0,Low
28.1126,96.4766,1982.0,41.46043395996094,2484.94,1,89.56,Critical
28.992994071803608,96.0492124859386,4253.0,0.9304168224334716,1011.98,0,1.0,Low
26.300457544094897,93.23446906197007,333.0,9.214512825012209,1427.25,0,14.45,Low
27.6871,94.5205,776.0,35.112247467041016,2567.19,1,84.44,Critical
27.64779985175392,95.88529868420756,147.0,1.399167537689209,2174.9,0,0.0,Low
28.269413768287105,95.1947464144789,389.0,5.929852485656738,2270.17,0,8.03,Low
26.571305232542933,94.92579144446114,727.0,18.90763282775879,1819.61,0,55.09,High
26.77697837849876,91.42329030641686,146.0,2.2721526622772217,1154.3,0,0.0,Low
25.5013,91.7265,1702.0,9.28386116027832,3717.5,1,78.82,Critical
26.83413925340017,93.63904327841396,76.0,1.3935967683792114,2204.32,0,0.0,Low
27.0053,92.6315,348.0,3.626012802124024,1421.55,1,76.83,Critical
27.966895732274285,92.82850190337908,4540.0,4.264362812042236,1472.72,0,7.5,Low
28.0855,95.2376,1326.0,62.32346725463867,2724.38,1,97.48,Critical
26.0049,94.3809,799.0,17.399660110473633,1566.44,1,77.73,Critical
28.980703109341466,94.916715616277,729.0,15.586082458496094,1289.76,0,13.1,Low
25.9846,94.0623,308.0,17.399621963500977,1566.44,1,80.5,Critical
27.1653,92.7764,449.0,27.876192092895508,1421.55,1,98.49,Critical
27.748647615390613,94.97627902406536,112.0,1.860682725906372,2724.38,0,0.0,Low
27.6063,94.5194,379.0,23.41716384887696,2567.19,1,78.03,Critical
27.8023,94.5498,653.0,27.79426383972168,2681.74,1,86.16,Critical
25.1676,91.4442,95.0,1.3829587697982788,4780.93,1,76.5,Critical
28.1093,93.4006,1323.0,47.93029022216797,1472.72,1,92.46,Critical
27.72558484753652,94.93485427189928,124.0,2.0907962322235107,2724.38,0,0.0,Low
27.188702788449994,95.4191243453142,190.0,5.662119388580322,1916.88,0,2.02,Low
27.0825,92.9377,611.0,20.82499313354492,1941.04,1,80.74,Critical
28.26244275769037,96.32402258911736,2746.0,53.89143371582031,1891.54,0,22.91,Low
28.32569567723929,94.13480024527972,2080.0,30.811973571777344,2030.02,0,39.24,Moderate
25.29067292747223,92.4521039710718,899.0,1.8613234758377075,2535.22,0,2.78,Low
27.2766,93.4106,1600.0,27.09939765930176,1971.8,1,57.67,High
23.353132603147287,92.59619915686991,469.0,21.021669387817383,2148.54,0,57.79,High
27.8423,93.0868,2761.0,45.83551025390625,1472.72,1,74.94,High
24.635137942170413,94.31701788698965,795.0,34.23329544067383,1381.49,0,11.21,Low
25.6404176794646,91.81577715968908,1026.0,5.930093288421631,3717.5,0,1.54,Low
24.641385619561603,93.40991103632662,647.0,30.50528907775879,1648.99,0,48.55,Moderate
27.2163,92.0934,2693.0,58.76234817504883,1154.3,1,95.41,Critical
27.36593510763027,93.20037072197393,2175.0,20.45922088623047,1971.8,0,16.06,Low
26.026505167626222,93.5496283823895,460.0,12.562042236328123,1427.25,0,29.6,Moderate
28.742760235220626,95.66533346762036,2268.0,15.244338035583496,2348.99,0,27.39,Moderate
26.9361,93.1124,277.0,21.35462760925293,1941.04,1,90.27,Critical
27.604911258719603,92.06704985472948,4094.0,12.63486671447754,853.16,0,0.5,Low
27.54283951019253,93.85332895749492,1586.0,7.686426162719727,2592.49,0,12.8,Low
26.9443,93.0732,426.0,9.910869598388672,1941.04,1,93.73,Critical
24.455019514480224,93.35239273108654,346.0,28.63495445251465,1625.06,0,41.28,Moderate
28.657685759978484,93.52226226674844,4165.0,31.99152183532715,1535.18,0,0.2,Low
27.5224,96.2234,409.0,29.32892608642578,2174.9,1,84.3,Critical
27.76219177557232,95.62462314420608,129.0,1.0460964441299438,2724.38,0,0.0,Low
28.4867,93.3533,3506.0,46.34306335449219,912.05,1,93.09,Critical
25.1568818560415,94.25394075389045,1825.0,11.439143180847168,1566.44,0,21.88,Low
27.84158003489644,94.77653884464551,438.0,16.874608993530273,2724.38,0,60.56,High
28.17651660046512,94.32315205204048,2323.0,33.10482406616211,2681.74,0,23.51,Low
28.1109,96.0376,1300.0,31.016263961791992,2484.94,1,82.65,Critical
26.5443661733886,92.0980849555922,66.0,0.9307463765144348,1154.3,0,0.0,Low
27.1509,92.8988,1153.0,37.16167449951172,1941.04,1,86.89,Critical
29.125,94.9411,1366.0,18.943937301635746,1289.76,1,73.62,High
28.1192,95.9869,1316.0,42.39751052856445,2484.94,1,93.2,Critical
25.304280428720748,92.85151212940777,747.0,19.8521728515625,3573.05,0,8.52,Low
28.53247117898931,94.01464678879825,2775.0,20.25337600708008,1535.18,0,36.99,Moderate
28.5386,95.7657,1090.0,41.671756744384766,2348.99,1,91.19,Critical
25.47797146584516,90.36220700604676,1162.0,13.130735397338867,3693.54,0,3.25,Low
28.1588,93.4217,1156.0,39.6483268737793,1472.72,1,87.99,Critical
27.2332,92.7721,1353.0,41.40884017944336,1421.55,1,88.04,Critical
24.47887788572547,92.80304686673028,54.0,7.631441116333008,2942.16,0,0.0,Low
26.21155223978345,92.00678820748423,55.0,2.063044309616089,1708.67,0,0.0,Low
27.9065,94.9003,327.0,14.79365062713623,2724.38,1,71.18,High
26.004,94.3451,458.0,16.306156158447266,1566.44,1,83.25,Critical
28.3459,95.3154,1274.0,42.49552917480469,2270.17,1,78.06,Critical
27.1542,88.4277,1323.0,41.92561340332031,2181.41,1,85.32,Critical
27.309415972661206,92.25538744362544,2644.0,20.64518547058105,1194.49,0,7.19,Low
26.400143950332453,90.4345913128972,46.0,4.165651798248291,3717.5,0,0.0,Low
27.0372,93.357,493.0,34.3878173828125,1941.04,1,95.22,Critical
28.292112524042025,93.1051681373678,4119.0,28.1551456451416,1472.72,0,0.19,Low
23.1572,92.5156,421.0,41.970333099365234,2496.59,1,93.34,Critical
27.20269224062725,94.29861794622153,87.0,2.1317782402038574,2567.19,0,0.0,Low
26.62169126644052,91.0038076091796,60.0,0.0,1708.67,0,0.0,Low
26.98112953599055,95.2634368474874,525.0,13.426101684570312,1941.69,0,44.0,Moderate
24.917553264120897,94.2807024531648,865.0,13.614706039428713,1566.44,0,46.06,Moderate
26.27542148418676,90.94515911556276,45.0,6.912644386291504,3717.5,0,5.5,Low
26.42233183189315,92.7465686885614,71.0,6.921856880187988,1218.05,0,1.0,Low
26.77361892717392,92.3413394423252,105.0,2.976050853729248,1421.55,0,0.0,Low
28.4366,94.8167,1342.0,53.94489288330078,2270.17,1,92.84,Critical
25.3608,91.8846,1466.0,33.210330963134766,3717.5,1,93.19,Critical
27.767,94.7302,666.0,30.84220695495605,2724.38,1,88.13,Critical
26.9832,92.4093,404.0,17.47157096862793,1421.55,1,87.29,Critical
26.242408351975254,93.84543039716428,126.0,0.9307856559753418,1306.28,0,0.0,Low
23.882082212190497,93.31805369019484,1109.0,24.801847457885746,1381.49,0,8.48,Low
26.7626,95.2893,1057.0,24.83529281616211,1941.69,1,50.92,High
24.495493148914097,94.20526003294496,926.0,24.175355911254883,1381.49,0,10.29,Low
25.47823043481324,93.99641450189056,1825.0,26.36307144165039,1306.28,0,22.09,Low
27.885,94.4017,769.0,26.86212158203125,2681.74,1,80.9,Critical
26.5453014823388,92.98243403512129,72.0,2.975419521331787,1941.04,0,0.0,Low
25.93839947590299,92.8872343597594,73.0,4.214582443237305,1218.05,0,0.0,Low
27.4702,92.439,1665.0,46.19889831542969,1194.49,1,82.16,Critical
24.92339882931912,93.0233228667494,63.0,10.919849395751951,1648.99,0,1.93,Low
26.87846884535133,95.60961765453384,1351.0,30.700550079345703,1916.88,0,51.18,High
27.461260564995687,94.91410980193028,109.0,1.3978687524795532,2357.98,0,0.0,Low
27.0692,92.9487,891.0,40.44544219970703,1941.04,1,94.1,Critical
28.0807,96.4246,1619.0,56.784812927246094,2484.94,1,95.97,Critical
27.919032124182923,88.61848592133472,4976.0,9.390299797058104,1707.7,0,7.47,Low
27.4595,92.1534,3350.0,30.20454788208008,1194.49,1,60.74,High
27.8097073098811,94.9627231936338,413.0,44.01276016235352,2724.38,0,63.75,High
26.9864,92.5998,370.0,32.35651397705078,1421.55,1,97.58,Critical
28.5229,94.5461,1029.0,37.778465270996094,2030.02,1,82.44,Critical
26.29286497391209,94.7764703986869,1923.0,11.077832221984863,1819.61,0,18.58,Low
28.92151844473964,94.64845341782072,2782.0,51.86054611206055,1158.49,0,38.0,Moderate
27.432820963798267,92.19157432826906,2406.0,29.73395347595215,1194.49,0,29.34,Moderate
27.2752,92.8114,973.0,49.62221145629883,1194.49,1,86.71,Critical
25.57325811159341,94.79283225650364,1295.0,19.27574348449707,1669.48,0,53.37,High
29.29839012196987,95.96518880558848,2714.0,14.02832317352295,1248.72,0,61.04,High
28.3029,95.6129,873.0,49.43209457397461,2348.99,1,95.69,Critical
26.9398,92.1731,731.0,18.120988845825195,1421.55,1,90.24,Critical
28.9581,95.1681,2904.0,57.845401763916016,1289.76,1,95.52,Critical
26.883571562875524,93.60486961082046,82.0,2.7901437282562256,2204.32,0,0.5,Low
28.1624,95.2721,360.0,53.34977340698242,2724.38,1,99.11,Critical
27.6421,94.3294,601.0,38.01033782958984,2567.19,1,94.21,Critical
27.79926954625124,94.88282641090196,259.0,18.83478355407715,2724.38,0,77.11,Critical
27.8599,93.0612,2218.0,21.1553955078125,1472.72,1,52.05,High
25.32771108299042,91.51585178128047,1521.0,12.26693344116211,3693.54,0,3.62,Low
25.2563,91.8707,983.0,20.3477783203125,3717.5,1,66.59,High
26.13733447864054,94.04479795455222,488.0,11.968161582946776,1306.28,0,3.18,Low
25.1254810808408,94.19436892394988,1300.0,34.72817611694336,1566.44,0,62.47,High
26.9812,92.5051,421.0,33.985687255859375,1421.55,1,95.8,Critical
27.4198,88.2734,2021.0,22.051345825195312,1690.33,1,63.98,High
27.2949,93.7017,1774.0,12.138802528381348,2592.49,1,54.72,High
28.84885201857698,94.96798936725284,1927.0,42.186973571777344,1289.76,0,40.8,Moderate
28.5458,95.8008,1872.0,43.56304168701172,2348.99,1,86.62,Critical
28.4279,93.3489,1933.0,39.63198471069336,912.05,1,87.59,Critical
28.5854,96.3215,3838.0,21.281980514526367,1891.54,1,60.05,High
27.9669,94.9162,829.0,17.686492919921875,2724.38,1,64.24,High
26.0091,94.3515,613.0,24.19935607910156,1566.44,1,83.56,Critical
24.87796280921265,93.17890912606543,66.0,6.797397136688232,1648.99,0,3.54,Low
27.880787835052967,88.5787244225657,4528.0,27.558244705200195,1707.7,0,0.46,Low
26.53642354371312,92.92071560444276,71.0,4.235063552856445,1941.04,0,0.0,Low
26.9415,93.0898,313.0,9.669289588928224,1941.04,1,97.45,Critical
27.2738,93.398,1515.0,22.53834724426269,1971.8,1,59.94,High
27.4339,94.0822,427.0,36.67962646484375,2567.19,1,91.22,Critical
23.3829,92.5337,648.0,40.27769088745117,2148.54,1,94.43,Critical
27.0323,93.1436,1000.0,39.87984085083008,1941.04,1,89.11,Critical
28.3835,93.9456,1132.0,69.7677230834961,1535.18,1,97.64,Critical
27.9617669143154,93.06290244532455,1758.0,49.03068161010742,1472.72,0,93.16,Critical
26.330433561627785,94.71872819324744,1142.0,25.271289825439453,1819.61,0,40.4,Moderate
27.391160536672142,93.7958705190287,1258.0,29.43763732910156,2592.49,0,46.31,Moderate
27.398779562019616,93.94250769122816,858.0,13.674503326416016,2592.49,0,35.97,Moderate
23.6658,92.7067,887.0,41.71356201171875,2148.54,1,86.97,Critical
28.6887,95.1003,1975.0,13.796594619750977,2270.17,1,56.72,High
26.0766,94.1936,628.0,24.878393173217773,1566.44,1,88.78,Critical
27.830054110671195,88.72208169217018,4336.0,54.623905181884766,1707.7,0,1.07,Low
25.694058186013937,94.1410805294598,1193.0,13.604819297790527,1566.44,0,11.9,Low
28.9065,95.0906,1435.0,12.850119590759276,1289.76,1,59.74,High
26.33676918357912,93.64525582947198,524.0,21.38479804992676,1649.52,0,37.08,Moderate
26.9493,93.0979,312.0,15.3143949508667,1941.04,1,94.61,Critical
27.02357584956125,92.87438167142784,249.0,2.2762491703033447,1941.04,0,10.1,Low
26.730591809266468,90.95924821034652,83.0,3.619618654251098,1708.67,0,0.0,Low
25.939935674981104,90.8482218557266,69.0,5.836403846740723,3693.54,0,0.0,Low
26.9502,93.1367,294.0,20.40767478942871,1941.04,1,91.18,Critical
23.396680199456693,92.63620304741416,447.0,27.4360408782959,2148.54,0,60.87,High
24.120385271517183,91.82483687445004,44.0,3.5634782314300537,2322.27,0,0.5,Low
28.2559,95.8515,1757.0,26.9705810546875,2348.99,1,74.62,High
23.824,93.3476,809.0,29.73187255859375,1381.49,1,58.33,High
27.9994,94.0245,1667.0,27.47833251953125,2320.86,1,53.75,High
28.495092569689497,94.01172005111938,3062.0,20.63388442993164,1535.18,0,29.24,Moderate
27.54735399494357,95.6467693918418,142.0,1.0440527200698853,1916.88,0,0.0,Low
27.8034,94.5559,659.0,35.07901763916016,2681.74,1,87.82,Critical
25.36389751619165,94.5870668972972,1452.0,34.42528533935547,1566.44,0,49.44,Moderate
27.997457783542025,95.94170103740387,212.0,4.578600883483887,2817.65,0,3.66,Low
28.8672,95.1911,2641.0,49.01144409179688,1289.76,1,90.73,Critical
27.41284453570279,92.30038800781598,1611.0,6.300724506378174,1194.49,0,5.39,Low
27.9182,96.5154,979.0,39.18038177490234,2484.94,1,89.99,Critical
26.502220209154267,93.26298117304236,166.0,24.419532775878903,1427.25,0,6.51,Low
29.04495082572493,95.92522919329004,3371.0,53.20994567871094,1011.98,0,30.0,Moderate
27.12026360856926,97.09007928386694,1958.0,32.61976623535156,1689.08,0,44.62,Moderate
27.1548,92.8047,587.0,27.14210319519043,1421.55,1,97.82,Critical
27.0406,95.7937,1564.0,28.20857048034668,1916.88,1,57.45,High
25.790040962905653,91.22277728568535,698.0,7.6746039390563965,3717.5,0,0.13,Low
27.7885,94.3219,342.0,59.3385009765625,2681.74,1,98.69,Critical
23.6857,92.7071,960.0,37.192832946777344,2148.54,1,85.96,Critical
27.846,94.7189,1523.0,31.335168838500977,2724.38,1,85.58,Critical
26.0041,94.4021,921.0,22.15699577331543,1566.44,1,62.99,High
26.154074007090635,91.26933026315238,38.0,1.0313503742218018,1708.67,0,0.0,Low
25.62754458952864,92.22038714535633,1089.0,18.102924346923828,2535.22,0,45.11,Moderate
28.0389,95.1659,1004.0,25.221656799316406,2724.38,1,83.0,Critical
24.447610063843378,92.9365190462488,96.0,8.445082664489746,1625.06,0,3.54,Low
23.7309,92.8496,770.0,39.58328628540039,2148.54,1,90.85,Critical
27.7778,94.5066,465.0,37.48516082763672,2681.74,1,93.69,Critical
27.71145277535925,93.96046646718553,897.0,27.66734313964844,2592.49,0,56.85,High
26.70611565211576,91.90902774043596,94.0,4.240994930267334,1154.3,0,3.5,Low
27.432836274110155,94.71290395728604,101.0,6.80860710144043,2567.19,0,2.0,Low
26.58632298027201,92.6629707684922,65.0,3.4721367359161377,1421.55,0,0.0,Low
27.2403,88.7402,1722.0,35.0797004699707,2542.03,1,88.8,Critical
25.45920675693915,89.93268404061915,65.0,10.899707794189451,3693.54,0,1.44,Low
26.6913,94.9795,510.0,14.570097923278809,1819.61,1,63.8,High
28.42118294374777,95.98517309982032,1981.0,35.147518157958984,1891.54,0,69.36,High
27.2935,93.4519,1849.0,37.9520263671875,2592.49,1,83.27,Critical
28.326569613785832,93.23064980975542,4118.0,41.47064208984375,912.05,0,7.88,Low
27.4066,88.595,1136.0,53.08009719848633,1707.7,1,91.25,Critical
26.95316587034485,93.81492430678811,86.0,2.275071859359741,2204.32,0,0.0,Low
27.0573,93.3308,950.0,40.86164093017578,1941.04,1,92.8,Critical
24.887921514923733,94.0685653478478,997.0,30.57913017272949,1271.17,0,12.66,Low
28.21284226018636,97.27647244081588,4095.0,33.61476516723633,1471.65,0,0.0,Low
27.5144,96.2258,371.0,24.48780632019043,2174.9,1,67.04,High
27.0522,92.1429,864.0,53.54926681518555,1154.3,1,92.22,Critical
23.765508505330924,91.33043617822484,39.0,12.368330001831056,2414.95,0,5.06,Low
27.7816,94.4819,541.0,25.975082397460938,2681.74,1,82.54,Critical
27.044238226437347,94.10466899285916,83.0,0.0,2592.49,0,0.0,Low
26.979,93.2696,485.0,47.88302993774414,1941.04,1,98.94,Critical
28.1635,93.9824,1250.0,47.40133666992188,2320.86,1,57.08,High
27.2028,92.9339,1052.0,33.66828918457031,1941.04,1,76.81,Critical
27.8373,95.0074,313.0,53.8025016784668,2724.38,1,99.27,Critical
26.834219137175925,92.1401822360095,150.0,1.860925912857056,1154.3,0,0.0,Low
24.604444051802936,93.9193716552884,777.0,3.052255153656006,1648.99,0,0.03,Low
25.77659309052599,92.1905503308444,963.0,2.256089448928833,3717.5,0,0.5,Low
28.092070122492977,94.81143423314742,318.0,0.9305403232574464,2724.38,0,2.17,Low
27.014,92.6186,236.0,33.12436294555664,1421.55,1,98.48,Critical
26.5179,94.2816,301.0,11.804287910461426,1747.44,1,65.74,High
26.12485088890493,94.2646601371067,1060.0,22.901885986328125,1566.44,0,21.67,Low
27.0351,93.1945,765.0,38.1893196105957,1941.04,1,93.15,Critical
27.618,96.5381,1921.0,51.63793182373047,2174.9,1,92.95,Critical
27.106,93.3591,750.0,33.01537322998047,1941.04,1,90.36,Critical
28.0583,96.3488,1532.0,43.14250183105469,2484.94,1,93.71,Critical
24.641631724244974,94.18336788483872,1128.0,9.70551300048828,1381.49,0,7.5,Low
25.38219570510125,92.28310406713663,1269.0,3.856515884399414,2535.22,0,1.81,Low
27.7419,94.1015,784.0,55.78853225708008,2567.19,1,99.4,Critical
24.37468912014915,92.97577353652116,560.0,11.079200744628906,1625.06,0,25.79,Moderate
23.85993336067504,93.35916481348976,652.0,39.49170303344727,1381.49,0,13.05,Low
28.69109765811959,95.04615956188871,1441.0,53.865821838378906,2270.17,0,86.11,Critical
28.1852,95.8683,1204.0,41.31326675415039,2817.65,1,91.26,Critical
25.69069569040168,92.1402534544996,962.0,23.9072380065918,3717.5,0,32.4,Moderate
25.9633,94.3509,505.0,13.812077522277832,1566.44,1,76.25,Critical
29.161,94.8706,2430.0,43.2580451965332,1289.76,1,85.63,Critical
24.118947441352194,93.0598968395573,768.0,21.45215606689453,1381.49,0,8.5,Low
25.85529117974087,92.28659474955214,812.0,18.803306579589844,1218.05,0,4.41,Low
26.2936,94.8358,887.0,29.75317001342773,1819.61,1,80.5,Critical
26.711747907093603,91.46400840829408,96.0,0.0,1154.3,0,0.0,Low
27.4044,88.2829,1815.0,24.754783630371094,1690.33,1,70.1,High
25.78088287712523,94.98449076619566,2101.0,38.42943954467773,1669.48,0,25.23,Moderate
26.4963,94.8405,874.0,24.92268943786621,1819.61,1,83.04,Critical
23.9001,92.7629,551.0,12.797565460205078,2141.49,1,63.8,High
22.21851985625144,92.85697902309902,540.0,33.327144622802734,2496.59,0,62.43,High
26.737215056815693,90.27452938350288,162.0,1.0365546941757202,2542.03,0,0.0,Low
27.81618901124352,96.44884999838364,1760.0,23.722883224487305,2484.94,0,72.55,High
25.65398543698354,93.55874226191324,253.0,3.8569939136505127,1271.17,0,0.0,Low
28.0691,95.2251,1403.0,26.72011947631836,2724.38,1,66.95,High
25.2988,92.387,943.0,21.67315101623535,2535.22,1,73.26,High
27.174,88.3315,821.0,18.12534713745117,2181.41,1,70.23,High
25.9714,94.3248,833.0,47.722442626953125,1566.44,1,86.01,Critical
27.7925,94.514,562.0,17.596385955810547,2681.74,1,67.1,High
27.046168675049667,94.470025927452,87.0,0.0,1747.44,0,0.0,Low
28.4732,95.7928,1659.0,43.66010665893555,2348.99,1,81.73,Critical
27.279971529587748,93.16955495822435,1564.0,25.067306518554688,1971.8,0,44.62,Moderate
27.2896,88.5496,1835.0,47.43892288208008,1707.7,1,77.97,Critical
26.3768,94.6967,755.0,26.521276473999023,1819.61,1,87.95,Critical
27.0336,92.5841,433.0,16.207931518554688,1421.55,1,89.92,Critical
28.94610873884675,94.82454021769064,520.0,13.0011625289917,1289.76,0,18.13,Low
23.926321068168768,92.14170119568384,203.0,14.607954025268556,2141.49,0,68.57,High
28.1991,95.8247,1201.0,34.02546691894531,2817.65,1,90.94,Critical
24.31565898265644,91.94138325795312,53.0,1.8615658283233645,3648.26,0,0.0,Low
26.684901643274884,92.06780174469267,86.0,2.270639657974243,1154.3,0,0.0,Low
28.0235,95.1384,918.0,32.77943420410156,2724.38,1,86.67,Critical
25.872962995558343,90.65037251603938,118.0,22.184329986572266,3693.54,0,4.52,Low
28.28582388872826,96.37462398594975,4139.0,24.763463973999023,1891.54,0,0.75,Low
24.863826253067096,94.1148005329222,982.0,31.03789520263672,1271.17,0,10.01,Low
26.0464,94.8785,1096.0,7.688840866088867,1669.48,1,68.19,High
25.5193,91.5668,1605.0,16.50881004333496,3717.5,1,67.69,High
26.60285261960805,92.1668029613935,77.0,2.9755775928497314,1421.55,0,0.0,Low
23.39835652073995,93.16483213865035,978.0,13.14809226989746,1327.95,0,18.55,Low
26.580148981363408,93.7173364086092,102.0,4.133815288543701,1649.52,0,1.5,Low
26.9391,93.0784,436.0,11.647079467773438,1941.04,1,95.37,Critical
28.42324960893564,93.25890544792108,2764.0,25.237573623657227,912.05,0,70.25,High
24.81819376422411,94.20553757461946,1329.0,17.85500144958496,1271.17,0,3.58,Low
29.0568,94.8965,772.0,33.78963851928711,1289.76,1,77.79,Critical
27.312,88.2307,1426.0,19.9929141998291,1690.33,1,59.69,High
26.1481,94.9961,860.0,37.12239074707031,1669.48,1,76.65,Critical
27.8714,96.4833,1388.0,65.42986297607422,2484.94,1,96.44,Critical
28.803447481411524,96.18169705566076,3467.0,41.48576736450195,1891.54,0,4.83,Low
27.0415,92.931,550.0,29.67134475708008,1941.04,1,89.05,Critical
26.9874,93.0633,349.0,13.410673141479492,1941.04,1,93.2,Critical
25.38645315036192,92.75406989627255,937.0,7.4062886238098145,2535.22,0,4.31,Low
26.4985,94.7176,762.0,33.42002487182617,1819.61,1,90.99,Critical
28.86,95.4773,2209.0,33.14463424682617,1248.72,1,55.1,High
23.7292,92.6745,674.0,5.920871734619141,2148.54,1,63.16,High
23.53457324380347,91.67332008081132,33.0,0.0,2396.11,0,0.0,Low
25.39591409570128,94.47234301709688,1338.0,25.155502319335938,1566.44,0,28.23,Moderate
26.42444228176105,90.17562472371604,49.0,3.612606287002564,2542.03,0,0.0,Low
27.73279557788436,92.8291495302133,2548.0,45.43215560913086,1472.72,0,44.12,Moderate
28.313597291913617,94.5525389896097,1435.0,27.926347732543945,2030.02,0,42.38,Moderate
27.5098,92.281,3376.0,48.60921478271485,1194.49,1,82.73,Critical
27.98873072390111,97.08656009466549,4243.0,21.274906158447266,1471.65,0,0.64,Low
27.38336219176888,92.40881696992405,2154.0,9.77037239074707,1194.49,0,20.31,Low
25.1864,91.5408,156.0,14.306150436401367,4780.93,1,85.26,Critical
23.2359,93.3691,950.0,36.9604377746582,1506.81,1,64.46,High
26.9769,92.1441,883.0,37.058223724365234,1154.3,1,89.93,Critical
26.518972899247512,92.21431134450836,60.0,1.8610085248947144,1421.55,0,0.0,Low
27.6132,94.4941,373.0,59.35857009887695,2567.19,1,99.43,Critical
28.3808,95.7643,535.0,58.04909896850586,2348.99,1,94.46,Critical
27.0275,93.0289,327.0,26.159109115600582,1941.04,1,87.28,Critical
26.9916,92.3261,1088.0,31.68743705749512,1421.55,1,65.28,High
28.0711,96.1538,555.0,37.79973220825195,2484.94,1,93.16,Critical
28.7817,95.3447,3420.0,31.093135833740234,1289.76,1,70.19,High
27.1989,92.7137,589.0,26.36893653869629,1421.55,1,95.24,Critical
27.8456,93.8016,2094.0,48.51303863525391,2320.86,1,93.06,Critical
28.6877,95.021,892.0,39.01944732666016,2270.17,1,84.87,Critical
26.9186,92.2963,295.0,16.131261825561523,1421.55,1,96.04,Critical
25.59077528956172,92.31397174292468,1142.0,19.202884674072266,2535.22,0,39.81,Moderate
27.0872,92.9223,700.0,22.034820556640625,1941.04,1,81.44,Critical
27.2286,88.2205,1821.0,34.619850158691406,2181.41,1,78.72,Critical
27.3857,88.3267,1409.0,52.92452621459961,1690.33,1,93.27,Critical
28.235121891402216,93.39585203109694,3232.0,13.0381498336792,1472.72,0,11.53,Low
26.9704,92.5419,217.0,25.4129638671875,1421.55,1,97.29,Critical
27.1053,88.3712,635.0,28.851652145385746,2181.41,1,85.63,Critical
25.15753351932371,93.36880631415605,979.0,13.41084098815918,1271.17,0,4.5,Low
26.12317828023095,93.11420278970644,99.0,8.193201065063477,1427.25,0,2.04,Low
27.126,88.1304,1250.0,26.009464263916016,2181.41,1,54.62,High
25.81726433544553,90.81192998146088,280.0,35.00292205810547,3693.54,0,31.63,Moderate
26.9872,92.601,423.0,31.7119197845459,1421.55,1,98.24,Critical
28.125708585276072,96.81676717451111,4276.0,17.17888069152832,1471.65,0,0.75,Low
25.5862806712382,93.7621931341301,1083.0,27.80360412597656,1306.28,0,21.16,Low
26.0823,94.6555,1576.0,42.90032196044922,1669.48,1,76.59,Critical
26.0025,94.3431,468.0,12.577930450439451,1566.44,1,77.03,Critical
25.467425524238603,93.23498916536406,250.0,6.401957035064697,1271.17,0,0.5,Low
26.105277973788784,93.40231425989847,459.0,26.75294303894043,1427.25,0,17.83,Low
27.66312205198074,95.41342309216002,129.0,2.1337833404541016,2724.38,0,0.0,Low
26.9864,92.5961,327.0,13.390851020812988,1421.55,1,97.38,Critical
24.64879660440665,94.05880249972428,782.0,2.2390007972717285,1648.99,0,0.03,Low
27.0469,93.169,576.0,44.97878646850586,1941.04,1,97.18,Critical
23.7616,92.5374,476.0,11.603200912475586,2141.49,1,79.72,Critical
27.79261999037494,96.46708995538364,1915.0,45.16429138183594,2484.94,0,50.21,High
24.98041347757349,94.04149358582444,834.0,3.5810775756835938,1271.17,0,0.0,Low
23.8173,92.2662,600.0,30.17000961303711,2141.49,1,79.12,Critical
27.8228,96.4376,2051.0,43.8336296081543,2484.94,1,84.08,Critical
27.5721,93.3074,3272.0,18.068492889404297,1971.8,1,68.0,High
28.60268365126337,94.05127068751362,2439.0,14.475220680236816,1535.18,0,38.41,Moderate
27.3576,88.1188,2063.0,11.030330657958984,1690.33,1,59.56,High
28.1664,93.4277,1639.0,49.15895462036133,1472.72,1,98.08,Critical
26.9776,92.1293,847.0,39.21537399291992,1154.3,1,90.93,Critical
27.2344,92.7853,1072.0,45.00118255615234,1421.55,1,93.71,Critical
27.0261,92.2721,1909.0,44.13314437866211,1421.55,1,77.05,Critical
27.7892,94.5557,464.0,13.693147659301758,2681.74,1,68.44,High
28.3035,95.1683,554.0,36.428260803222656,2270.17,1,80.05,Critical
28.541943828180194,93.5117044072433,4752.0,32.26456451416016,1535.18,0,0.7,Low
28.1981,93.4014,1492.0,36.40151977539063,1472.72,1,87.5,Critical
26.623425105285072,91.26106849255066,61.0,2.269629001617432,1708.67,0,0.0,Low
24.0153,93.1358,988.0,30.511764526367188,1381.49,1,67.16,High
28.0141,96.1939,485.0,32.98634338378906,2484.94,1,89.07,Critical
27.0886,92.6555,834.0,50.64238357543945,1421.55,1,99.53,Critical
26.15130935772969,90.87458742237946,42.0,2.262005090713501,3717.5,0,0.0,Low
26.586994915410948,91.7575844540995,68.0,0.9307408332824708,1154.3,0,0.0,Low
27.3756,88.664,2791.0,30.900449752807617,1707.7,1,61.21,High
27.9913,96.391,532.0,35.76655960083008,2484.94,1,88.76,Critical
27.0252,93.2548,351.0,34.66315078735352,1941.04,1,93.17,Critical
27.831,94.9506,429.0,27.094213485717773,2724.38,1,78.99,Critical
26.441,94.8975,406.0,24.2784423828125,1819.61,1,82.97,Critical
28.31,95.5955,1318.0,38.80712127685547,2348.99,1,80.29,Critical
23.576652609578705,92.59731298394672,662.0,12.557313919067385,2148.54,0,42.43,Moderate
28.4196,93.7973,1329.0,56.2867546081543,1535.18,1,98.45,Critical
27.770026337129387,92.25217638038336,5259.0,31.220497131347656,1194.49,0,0.44,Low
27.470144292745733,95.01369912610568,110.0,1.397930383682251,2357.98,0,1.5,Low
27.1068,92.8344,455.0,40.43775939941406,1421.55,1,99.39,Critical
28.5469,94.2041,2519.0,51.78492736816406,2030.02,1,92.08,Critical
27.357947824221498,95.28505642882612,120.0,2.281890392303467,1916.88,0,0.0,Low
28.180333190405573,94.97469599893904,1427.0,29.2396240234375,2724.38,0,54.11,High
25.1746899354812,94.33548425533908,1503.0,15.705697059631348,1566.44,0,15.71,Low
26.03284285833489,92.05009226941824,232.0,4.217773914337158,1708.67,0,0.73,Low
23.241644909570883,91.53501144093366,50.0,9.71477508544922,2396.11,0,1.0,Low
26.5418,94.8003,739.0,39.45410919189453,1819.61,1,93.87,Critical
26.5085,94.744,710.0,24.773759841918945,1819.61,1,84.86,Critical
27.611313947571364,96.77679698998952,4057.0,5.9408860206604,1689.08,0,2.46,Low
25.625306424081536,94.79113073862888,1204.0,24.876588821411133,1669.48,0,40.85,Moderate
27.0526,92.6586,283.0,22.78913116455078,1421.55,1,93.44,Critical
28.4121,93.783,1017.0,45.31802368164063,1535.18,1,92.25,Critical
28.4528,93.3364,3662.0,58.98282623291016,912.05,1,84.6,Critical
27.655205310184822,93.52379494114555,2207.0,30.438831329345703,2592.49,0,25.07,Moderate
27.2334,92.7848,1083.0,44.88029861450195,1421.55,1,94.31,Critical
26.9445,93.1036,292.0,8.301837921142578,1941.04,1,97.72,Critical
27.6474,94.5466,525.0,40.069580078125,2567.19,1,96.85,Critical
25.10660965624073,94.11418135631575,1153.0,18.61699676513672,1566.44,0,12.48,Low
28.8554,94.8578,1337.0,38.46060180664063,1289.76,1,61.0,High
27.06810164902398,94.73450293227424,97.0,2.2769930362701416,1941.69,0,0.0,Low
27.61672258417588,96.66022446996728,2865.0,22.810171127319336,1689.08,0,23.45,Low
23.771601485395752,92.97483737163935,703.0,26.01801109313965,1381.49,0,4.35,Low
28.650500903380824,93.4538904413398,4159.0,21.48857688903809,1535.18,0,3.84,Low
28.09516817619204,96.57734032637563,649.0,24.6165828704834,2484.94,0,77.3,Critical
27.6409,94.2547,463.0,24.5119686126709,2567.19,1,78.98,Critical
26.98070324083295,95.50514655873324,942.0,18.140230178833008,1916.88,0,34.45,Moderate
27.888237399748515,93.23071104105163,2812.0,7.265132427215576,1472.72,0,18.24,Low
23.8209,92.2671,633.0,16.004276275634766,2141.49,1,60.54,High
26.9518,93.0345,345.0,19.35239791870117,1941.04,1,91.72,Critical
26.9765,93.3501,496.0,29.96964263916016,1941.04,1,86.41,Critical
27.0815,92.7598,365.0,15.102289199829102,1421.55,1,87.38,Critical
23.444434136414763,93.06058143858262,1032.0,6.103687286376953,1327.95,0,8.5,Low
28.1301,93.2444,960.0,35.982627868652344,1472.72,1,89.71,Critical
26.57393114016316,90.38015592852076,66.0,2.1291277408599854,1708.67,0,0.0,Low
25.34046067599577,93.32716755886376,470.0,9.01489543914795,1271.17,0,0.74,Low
25.5255,91.4978,1627.0,24.336957931518555,3693.54,1,65.63,High
25.17316099441051,91.73298917667616,107.0,15.47267246246338,4943.24,0,25.67,Moderate
24.94394327654994,93.29938141328772,270.0,19.779203414916992,1648.99,0,30.88,Moderate
27.799466606886064,96.54101847670093,3232.0,18.20005416870117,2484.94,0,26.34,Moderate
26.89576429207412,95.47604870139192,1657.0,29.09674072265625,1916.88,0,50.13,High
28.287,95.5185,940.0,52.10505294799805,2348.99,1,94.65,Critical
28.3865,93.5442,2205.0,30.37828254699707,1535.18,1,62.56,High
23.9552,93.2012,674.0,3.5601985454559326,1381.49,1,2.03,Low
24.97103006246457,92.88660906628564,57.0,2.04189395904541,1648.99,0,0.0,Low
28.0833,93.2847,1290.0,59.92253875732422,1472.72,1,98.42,Critical
26.34954578824349,89.9335630882537,54.0,3.232886791229248,2542.03,0,0.0,Low
26.921083094228,95.23098537393273,441.0,11.215291976928713,1941.69,0,72.9,High
27.5982,96.5786,2295.0,48.95264434814453,1689.08,1,83.04,Critical
23.67636573563284,91.77623997221204,196.0,10.172414779663086,2396.11,0,9.35,Low
27.1472,92.6177,259.0,34.314170837402344,1421.55,1,99.73,Critical
27.70281303583257,94.38031046964572,693.0,49.49883270263672,2567.19,0,99.39,Critical
23.5464,93.361,1604.0,41.32293319702149,1327.95,1,73.11,High
26.110238835259253,91.39239478011534,45.0,2.261350154876709,1708.67,0,0.0,Low
28.383,95.7294,1405.0,47.169193267822266,2348.99,1,81.81,Critical
27.6221,96.3858,1521.0,46.4850959777832,2174.9,1,91.42,Critical
23.485805470373545,93.12063732405964,925.0,23.28154754638672,1327.95,0,12.78,Low
25.411,91.8097,1734.0,22.922286987304688,3717.5,1,90.98,Critical
23.764,92.6924,468.0,23.98750686645508,2141.49,1,64.22,High
24.51683848860552,92.31404759297284,32.0,1.861516356468201,3648.26,0,0.0,Low
26.9466,93.08,450.0,25.69988441467285,1941.04,1,87.17,Critical
28.51047630772032,94.1858900243476,2351.0,16.3265380859375,2030.02,0,14.98,Low
26.4757,94.6822,473.0,31.28872871398925,1819.61,1,87.09,Critical
26.02070678194041,91.55635195854514,70.0,8.636597633361816,1708.67,0,1.04,Low
27.0282,93.2657,292.0,34.0490837097168,1941.04,1,94.25,Critical
26.0646,94.3946,689.0,29.37285804748535,1566.44,1,84.05,Critical
27.955567565657294,97.22624521040882,3601.0,38.17025375366211,1471.65,0,16.28,Low
26.20770001042116,91.53286306890918,48.0,0.0,1708.67,0,0.0,Low
22.70020692274549,93.00703276092428,1190.0,19.7014389038086,1506.81,0,46.24,Moderate
22.90623049242477,92.6900230442421,447.0,34.83106231689453,2496.59,0,55.83,High
27.1171,92.8579,806.0,34.26484680175781,1941.04,1,93.33,Critical
24.743732780383617,94.1937368577184,1384.0,33.368160247802734,1271.17,0,4.84,Low
25.496693537936057,92.0491433563792,1309.0,17.733409881591797,3717.5,0,9.56,Low
25.77539671838791,91.76792000619405,714.0,11.308990478515623,1708.67,0,22.66,Low
25.5281,91.5865,1635.0,21.97394371032715,3717.5,1,89.55,Critical
25.1713,91.436,115.0,4.241325378417969,4780.93,1,77.58,Critical
26.634239428555016,91.06275766782548,60.0,1.3922662734985352,1708.67,0,0.0,Low
27.1385,92.8407,602.0,32.23753356933594,1421.55,1,99.42,Critical
27.1844,88.3152,515.0,35.82085037231445,2181.41,1,85.58,Critical
26.9626,92.2972,619.0,33.67980194091797,1421.55,1,98.51,Critical
28.4305,93.8003,1151.0,43.23839569091797,1535.18,1,85.38,Critical
25.5745250888274,94.80395663397172,1237.0,30.54578399658203,1669.48,0,59.24,High
27.9558,96.403,630.0,25.6446475982666,2484.94,1,77.89,Critical
25.268,91.4378,426.0,22.25702476501465,3693.54,1,62.83,High
27.0509,92.649,378.0,16.433486938476562,1421.55,1,92.97,Critical
28.5064,93.5036,2923.0,30.42343521118164,1535.18,1,72.04,High
24.020632302285712,93.87181427650331,1430.0,18.67241096496582,1381.49,0,15.16,Low
27.8834,94.221,791.0,31.729022979736328,2681.74,1,88.12,Critical
26.9827,92.611,362.0,67.55631256103516,1421.55,1,99.99,Critical
27.1555,95.9198,489.0,29.40703582763672,1916.88,1,83.41,Critical
26.3383,94.8877,614.0,22.23305320739746,1819.61,1,78.08,Critical
25.552043687020817,92.77294332096622,519.0,5.525182723999023,2535.22,0,19.98,Low
27.1068,92.1729,1871.0,38.94822692871094,1421.55,1,84.56,Critical
25.33447553968745,90.16209969474112,108.0,15.012845993041992,3693.54,0,5.83,Low
25.9414,94.528,951.0,36.50905227661133,1566.44,1,70.72,High
27.8773,94.2254,831.0,29.502016067504883,2681.74,1,82.06,Critical
28.07991561920924,92.73243054086124,4913.0,18.22267341613769,1472.72,0,3.29,Low
27.0707,92.8839,808.0,50.41574478149414,1941.04,1,99.64,Critical
26.4037,94.6043,1119.0,26.91398429870605,1747.44,1,59.43,High
27.0855,92.6534,1148.0,49.29990005493164,1421.55,1,98.9,Critical
26.9772,92.2773,817.0,45.945194244384766,1421.55,1,99.22,Critical
28.0256,96.3457,1226.0,48.99080276489258,2484.94,1,95.61,Critical
26.092435226850164,91.77418080064987,189.0,30.115516662597656,1708.67,0,28.72,Moderate
28.303781317141365,96.39726683060223,4010.0,35.93022155761719,1891.54,0,1.39,Low
25.87431475554073,92.23404902604048,659.0,8.319273948669434,1218.05,0,4.32,Low
23.98181781377368,92.48504618032004,897.0,26.082653045654297,2141.49,0,58.71,High
27.44632403623197,94.30799365199924,99.0,0.9306272268295288,2567.19,0,0.0,Low
24.0228,92.6965,244.0,22.130311965942383,2141.49,1,71.08,High
28.79031093024449,96.55264122591062,4033.0,39.78123092651367,1011.98,0,0.0,Low
27.3431,88.4807,527.0,31.558124542236328,1707.7,1,87.87,Critical
26.3533,94.7709,1114.0,38.686256408691406,1819.61,1,74.69,High
27.113,92.1047,1804.0,33.47433090209961,1154.3,1,89.87,Critical
25.79744944200724,92.14038795277048,820.0,30.301761627197266,1708.67,0,65.45,High
28.173896183431392,96.51296649476116,1107.0,54.25237274169922,2484.94,0,65.31,High
27.79603982015204,88.2227507304011,5759.0,41.745731353759766,1690.33,0,0.56,Low
26.9963,92.6243,261.0,27.771045684814453,1421.55,1,98.07,Critical
26.913,92.2698,331.0,18.829132080078125,1421.55,1,95.26,Critical
28.22,95.4175,1096.0,39.598140716552734,2817.65,1,90.8,Critical
27.2048,92.3701,1688.0,37.56970977783203,1421.55,1,81.0,Critical
23.42083868463183,93.01941149631416,1054.0,28.50659370422364,1327.95,0,16.36,Low
27.4533,92.1548,3112.0,39.3090705871582,1194.49,1,69.0,High
29.013561221081886,94.66200470276904,3295.0,23.91312026977539,1289.76,0,19.44,Low
27.926063400729912,96.18093021611156,232.0,2.789727210998535,2484.94,0,0.0,Low
26.61211666444464,91.45466667542348,68.0,2.269447326660156,1708.67,0,0.0,Low
27.457379246420647,95.77112293760864,148.0,1.3978418111801147,2291.38,0,0.0,Low
27.050689548921177,95.35799783223408,548.0,18.28506851196289,1916.88,0,53.09,High
26.65154503958741,93.40493327503371,82.0,5.553171157836914,1649.52,0,0.5,Low
27.942392948405896,95.58737625456038,134.0,1.0478276014328003,2817.65,0,0.0,Low
24.032486806972848,92.13568815070848,149.0,11.745383262634276,2141.49,0,35.94,Moderate
25.393597529933658,91.52430449877946,1567.0,13.329570770263672,3717.5,0,2.99,Low
27.1112,92.9182,643.0,14.50832176208496,1941.04,1,70.77,High
27.1322,88.1763,747.0,41.03297424316406,2181.41,1,90.76,Critical
27.73047648314769,95.45625512951338,123.0,1.0457940101623535,2724.38,0,0.0,Low
23.58017413926429,91.73426748477225,98.0,1.861743927001953,2396.11,0,0.0,Low
28.75525040467803,94.49295483799688,3743.0,24.21389579772949,2030.02,0,14.44,Low
26.76763016543662,95.3034657080126,901.0,23.99652862548828,1941.69,0,56.87,High
26.506,94.6806,449.0,31.14072036743164,1819.61,1,88.35,Critical
26.9915,92.5929,461.0,23.26711845397949,1421.55,1,93.87,Critical
28.8271,94.927,1008.0,34.641971588134766,1289.76,1,61.04,High
26.0039,94.0205,399.0,31.25990867614746,1306.28,1,85.67,Critical
26.1772,95.0042,879.0,30.95560646057129,1669.48,1,80.37,Critical
25.388864415090005,94.13656787244946,1152.0,24.46368980407715,1566.44,0,20.67,Low
24.95014267286463,93.25701295608272,75.0,7.645846366882324,1648.99,0,1.54,Low
24.57778913429948,94.3664394168246,788.0,14.779476165771484,1381.49,0,10.49,Low
27.1618,92.9073,1365.0,40.71160125732422,1941.04,1,81.15,Critical
27.7001,94.6233,258.0,24.35174369812012,2567.19,1,78.87,Critical
25.68820641858148,90.07828159452453,76.0,11.078261375427246,3693.54,0,4.5,Low
24.09437737053195,92.1907673402492,61.0,9.273395538330078,2141.49,0,2.17,Low
27.1579,88.2015,1061.0,37.33595275878906,2181.41,1,83.03,Critical
25.9829,94.4507,895.0,30.05983543395996,1566.44,1,74.51,High
27.3834,88.2967,1875.0,28.565900802612305,1690.33,1,65.67,High
28.2975,94.3004,1758.0,34.939849853515625,2030.02,1,75.17,Critical
27.17981635903253,95.23045944439949,118.0,2.9771969318389893,1916.88,0,1.0,Low
25.38749306630828,89.93414951024842,46.0,0.9308951497077942,3693.54,0,0.0,Low
28.4945,95.2903,1405.0,58.454227447509766,2270.17,1,85.33,Critical
26.0392,93.9891,261.0,17.090761184692383,1306.28,1,65.24,High
28.4605,94.799,1010.0,28.139402389526367,2270.17,1,72.13,High
26.68396904124373,94.67854456737253,242.0,17.179224014282227,1747.44,0,47.96,Moderate
27.329631974464863,92.35245790510407,1563.0,18.86083221435547,1421.55,0,59.94,High
25.836993071733225,92.28063877053512,812.0,9.580025672912598,1218.05,0,1.92,Low
28.633106017732885,93.57258325740622,3457.0,30.539173126220703,1535.18,0,23.77,Low
27.2373,88.6993,1342.0,43.5747184753418,2542.03,1,93.01,Critical
25.65911098937372,90.56109927673522,312.0,5.564728260040283,3693.54,0,1.07,Low
26.256214086348184,94.48824322136244,930.0,13.731987953186035,1747.44,0,30.47,Moderate
26.11158158975114,92.51943654079967,74.0,4.515721321105957,1218.05,0,0.0,Low
25.40534896715585,93.07502027244716,253.0,15.709403038024902,1271.17,0,4.67,Low
26.99192419126479,92.42866967904156,558.0,12.584802627563477,1421.55,0,40.04,Moderate
28.157926297085783,95.7223704781299,204.0,0.93053138256073,2817.65,0,1.5,Low
28.5482,95.5179,1999.0,45.70644760131836,2348.99,1,82.82,Critical
25.326465168552648,94.61669358871376,2097.0,31.518718719482425,1566.44,0,36.45,Moderate
26.01458715721941,90.75468569483029,57.0,2.1268551349639893,3717.5,0,0.0,Low
28.5235,93.6455,2717.0,59.81135559082031,1535.18,1,87.18,Critical
23.6928,92.7225,844.0,29.211423873901367,2148.54,1,81.16,Critical
26.006,94.3452,551.0,31.113618850708008,1566.44,1,85.08,Critical
25.487224257965,94.27270059015484,1887.0,17.398696899414062,1566.44,0,19.35,Low
27.647322680173943,94.5927811424054,650.0,6.941395282745361,2567.19,0,3.72,Low
26.64005489396934,90.0921858411703,103.0,5.2472076416015625,2542.03,0,0.85,Low
22.243214242112884,92.7751153034754,218.0,10.980154037475586,2496.59,0,8.83,Low
27.6366,94.4817,215.0,16.852327346801758,2567.19,1,70.21,High
27.7132,94.1586,1440.0,46.566932678222656,2567.19,1,95.77,Critical
28.3826,93.5627,1429.0,39.57666778564453,1535.18,1,72.91,High
28.165826101226312,93.01699750008255,4134.0,9.72736358642578,1472.72,0,4.53,Low
27.5306,94.2323,304.0,41.0545654296875,2567.19,1,95.86,Critical
24.75294460896252,94.15232290276846,997.0,31.71084976196289,1271.17,0,10.51,Low
28.206041497577523,94.125294787695,1068.0,30.451663970947266,2681.74,0,68.81,High
28.29402609009855,93.04691415803566,4191.0,24.4655704498291,1472.72,0,0.13,Low
25.40280263664023,94.10390904853296,1338.0,20.22832298278809,1566.44,0,17.09,Low
26.0776,94.194,645.0,28.49919319152832,1566.44,1,86.78,Critical
27.7841,96.3594,606.0,52.12668228149414,2484.94,1,96.91,Critical
23.1466,92.6821,717.0,38.843257904052734,2496.59,1,75.31,Critical
25.654956295489544,93.70221270830936,338.0,3.5954935550689697,1306.28,0,4.0,Low
27.24700791963185,92.08011266183394,3448.0,33.436649322509766,1154.3,0,50.43,High
25.63449235424297,93.19000935365554,265.0,5.66080379486084,1271.17,0,1.75,Low
28.644885398975514,95.41048415266606,2968.0,21.08990859985352,2348.99,0,37.18,Moderate
26.9451,93.0825,407.0,15.842254638671877,1941.04,1,90.17,Critical
28.41,95.3752,1230.0,46.978736877441406,2348.99,1,89.79,Critical
25.652653241114617,90.2541942647184,363.0,19.6851749420166,3693.54,0,4.87,Low
27.57043994867497,96.46570462972088,956.0,27.22599983215332,2174.9,0,55.78,High
23.4435,92.6497,393.0,27.987621307373047,2148.54,1,82.3,Critical
28.12073619347697,95.13996592324388,745.0,38.31119155883789,2724.38,0,73.2,High
28.1749,95.9116,1428.0,37.683353424072266,2817.65,1,90.53,Critical
26.292821483720083,94.32542507086433,623.0,6.339921951293945,1747.44,0,10.81,Low
23.8251,92.6287,345.0,10.172619819641112,2141.49,1,83.27,Critical
28.6656,94.5555,1492.0,62.996864318847656,2030.02,1,93.09,Critical
26.75948946368896,94.329532192311,101.0,2.271864175796509,1747.44,0,0.0,Low
26.9712,92.5775,234.0,20.615846633911133,1421.55,1,94.88,Critical
25.89554200172042,91.41901681730792,193.0,3.22149395942688,3717.5,0,1.05,Low
27.8744,96.5587,1269.0,23.34502601623535,1471.65,1,58.79,High
25.9483,94.4618,1187.0,34.59870529174805,1566.44,1,64.23,High
25.468175663338272,90.30325119583286,947.0,32.22122573852539,3693.54,0,39.09,Moderate
26.9909,93.1845,317.0,22.03009033203125,1941.04,1,91.1,Critical
23.2243,92.8266,445.0,18.847213745117188,2496.59,1,59.98,High
26.1251,94.765,1258.0,17.495040893554688,1669.48,1,55.1,High
28.0965,96.1184,1420.0,41.77031326293945,2484.94,1,93.06,Critical
24.700035310608342,92.88750047966096,28.0,2.121809959411621,2942.16,0,0.0,Low
26.68766781868992,93.7521127018943,86.0,2.9758124351501465,2204.32,0,0.55,Low
24.44920045808452,92.55072073663356,33.0,5.3998212814331055,2942.16,0,0.0,Low
28.2764,96.5504,1169.0,32.17216873168945,1044.44,1,70.41,High
26.384720150096857,93.32104682862978,570.0,14.951053619384766,1427.25,0,34.6,Moderate
28.6069,95.2262,1715.0,45.2176513671875,2270.17,1,77.65,Critical
26.89674338879258,95.56139114795212,1130.0,28.331344604492188,1916.88,0,42.52,Moderate
27.7638,94.6231,1239.0,30.88726806640625,2681.74,1,87.16,Critical
27.7596,94.6197,1084.0,29.93317413330078,2681.74,1,70.57,High
26.9733,92.564,228.0,22.527286529541016,1421.55,1,92.3,Critical
27.668103027192856,96.20929833201662,304.0,5.593599796295166,2174.9,0,6.88,Low
25.4017,92.0161,1192.0,32.097938537597656,3717.5,1,96.84,Critical
27.31560614275045,88.31687181675753,1194.0,28.65888023376465,1690.33,0,57.16,High
27.123921044123907,94.39854275923504,89.0,0.9306701421737672,2567.19,0,0.0,Low
24.572989809195,93.4865967809454,854.0,24.178770065307617,1625.06,0,30.8,Moderate
28.53757070419101,94.86687260281695,1847.0,20.37760353088379,2270.17,0,19.52,Low
27.1018,92.1398,1732.0,56.299766540527344,1154.3,1,94.31,Critical
27.1554,92.9087,1011.0,36.167091369628906,1941.04,1,85.43,Critical
27.0759,95.934,1610.0,27.43442726135254,1916.88,1,60.51,High
23.5118,92.3966,297.0,23.007661819458008,2148.54,1,62.87,High
23.6514,92.3738,511.0,34.34453582763672,2148.54,1,88.1,Critical
27.120174061551914,97.13050435616894,2245.0,35.65617752075195,1689.08,0,46.5,Moderate
26.65580920894624,93.7057366804342,86.0,1.3924096822738647,1649.52,0,0.5,Low
27.1852,88.3172,485.0,37.80290985107422,2181.41,1,87.12,Critical
28.4846,94.3966,1646.0,28.353731155395508,2030.02,1,56.55,High
28.06928792244043,97.16913233660924,4183.0,33.27217102050781,1471.65,0,0.0,Low
28.62,95.6437,2961.0,26.46358871459961,2348.99,1,76.48,Critical
27.293779354393543,92.22095101309677,2701.0,11.653029441833496,1194.49,0,21.77,Low
28.289730531050854,93.524083075598,3335.0,23.76764678955078,1535.18,0,27.69,Moderate
26.974,92.5396,240.0,6.477273464202881,1421.55,1,84.97,Critical
26.939,93.0827,387.0,16.76990509033203,1941.04,1,92.39,Critical
28.29671583273359,95.77251032432952,1218.0,37.41207504272461,2348.99,0,68.62,High
24.081957070440723,91.38911073477377,25.0,4.233367443084717,2414.95,0,0.0,Low
28.3778,96.1665,1671.0,44.67695617675781,1891.54,1,77.2,Critical
27.2277,92.7874,808.0,34.70753479003906,1421.55,1,93.81,Critical
27.1549,88.4495,1247.0,32.39840316772461,2181.41,1,74.72,High
26.85325969667877,94.75119161009998,100.0,1.3937251567840576,1941.69,0,0.0,Low
27.1618,92.9703,1085.0,35.308475494384766,1941.04,1,81.47,Critical
24.535827654600386,92.68237286784392,74.0,20.2314567565918,2942.16,0,25.57,Moderate
24.3909725056209,93.0815731042126,784.0,29.82085418701172,1625.06,0,46.76,Moderate
26.60891006144189,92.44807211425574,68.0,1.0353955030441284,1421.55,0,0.0,Low
25.00842716754726,93.00828867109192,362.0,25.7296085357666,1648.99,0,61.58,High
26.298518047692383,89.83500276281714,33.0,0.0,2542.03,0,0.0,Low
24.177685022317945,91.75645282844872,75.0,6.489992141723633,2322.27,0,4.82,Low
28.5626,94.3092,2209.0,59.42995834350586,2030.02,1,94.28,Critical
27.6248,94.3897,258.0,45.23122787475586,2567.19,1,95.49,Critical
27.7166,94.4578,639.0,43.92346954345703,2567.19,1,98.28,Critical
27.0498,92.1426,871.0,53.82380676269531,1154.3,1,92.72,Critical
27.212746371998573,93.63246366608696,503.0,9.332009315490724,2204.32,0,25.48,Moderate
28.71875531380216,96.2207107369834,2633.0,36.7065658569336,1891.54,0,34.05,Moderate
24.8481100694473,93.1542948011158,82.0,10.134462356567385,1648.99,0,3.5,Low
27.56116139549976,92.4297922853772,2987.0,24.73216438293457,1194.49,0,14.44,Low
28.4265,95.9575,1628.0,52.06655883789063,1891.54,1,93.71,Critical
28.4848,93.7827,1785.0,37.9726791381836,1535.18,1,77.61,Critical
25.75994706435364,91.77434288780448,631.0,23.44169807434082,1708.67,0,51.23,High
24.787978026076235,93.83898686639093,780.0,2.970863103866577,1648.99,0,1.03,Low
24.23953416568277,93.50075140967375,900.0,28.10444450378418,1381.49,0,6.62,Low
25.1813,91.4728,159.0,16.329483032226562,4780.93,1,79.26,Critical
22.29900804283642,92.87832593270409,600.0,16.034250259399414,2496.59,0,33.57,Moderate
28.168845564495072,95.3704495653662,318.0,4.294359683990479,2817.65,0,12.72,Low
28.6653,95.1753,2726.0,56.842403411865234,2270.17,1,90.5,Critical
23.3337,92.6409,507.0,30.590147018432617,2148.54,1,78.31,Critical
23.92249187810227,93.30792929080144,1281.0,16.305891036987305,1381.49,0,11.8,Low
25.44009897275261,91.40784668742737,1541.0,25.72849464416504,3693.54,0,25.68,Moderate
26.9732,92.5961,204.0,6.36432409286499,1421.55,1,70.75,High
27.2744,93.3986,1519.0,22.538379669189453,1971.8,1,59.94,High
25.2884,91.6713,1166.0,56.93601989746094,3717.5,1,99.36,Critical
26.09857283459715,91.30613326612584,49.0,2.261164665222168,1708.67,0,0.0,Low
28.3483,93.4415,3239.0,60.38356018066406,912.05,1,97.01,Critical
22.58887221389972,92.57201057317457,209.0,24.53535270690918,2496.59,0,27.67,Moderate
27.46134076173669,88.55242808527234,1534.0,26.36991500854492,1707.7,0,50.34,High
25.652024030796373,90.3361791137922,534.0,11.968592643737791,3693.54,0,0.77,Low
29.083858131253933,94.8505509066038,2733.0,33.74415588378906,1289.76,0,26.49,Moderate
25.084049660373147,94.11904314064373,818.0,4.755064487457275,1566.44,0,3.36,Low
26.27807061347699,92.5533312356686,60.0,0.930781066417694,1218.05,0,0.0,Low
28.11041032184901,93.94919073787943,2713.0,14.353264808654783,2320.86,0,27.49,Moderate
25.3144,91.8704,1169.0,35.397216796875,3717.5,1,91.19,Critical
28.3442,96.5466,2132.0,55.149295806884766,1891.54,1,90.63,Critical
26.244317872208004,91.16451919710153,40.0,2.777799606323242,1708.67,0,0.0,Low
24.872088244713773,92.64529848262931,21.0,1.0204572677612305,3573.05,0,0.0,Low
24.62525464522293,92.56388761183467,26.0,0.9309905171394348,2942.16,0,0.0,Low
27.9572,96.5164,1518.0,36.48504257202149,2484.94,1,92.14,Critical
23.4378,92.6327,477.0,19.740694046020508,2148.54,1,68.92,High
26.595347860888616,92.68389218919212,59.0,2.9755570888519287,1421.55,0,0.0,Low
25.60170718319128,94.73449512750858,2064.0,11.032977104187012,1566.44,0,17.32,Low
26.549260816910035,92.853091377659,68.0,2.268418073654175,1941.04,0,0.5,Low
28.4813,93.3377,3579.0,32.39448547363281,912.05,1,85.98,Critical
25.7271259838242,90.15078752074652,182.0,7.171452522277832,3693.54,0,1.0,Low
27.45594642369579,96.80309901751868,2163.0,4.165868282318115,1689.08,0,5.15,Low
28.0827,94.295,1185.0,45.033634185791016,2681.74,1,85.53,Critical
27.5627,93.4187,1930.0,37.51541519165039,1971.8,1,78.29,Critical
26.562296243921327,91.34548411507612,62.0,2.2686307430267334,1708.67,0,0.0,Low
26.9759,92.5788,254.0,15.211419105529783,1421.55,1,90.73,Critical
27.4264,88.5825,1668.0,20.5085563659668,1707.7,1,61.93,High
26.671314883885383,90.55786752017202,93.0,2.270416259765625,1708.67,0,0.0,Low
26.45396014949676,90.8714367679558,42.0,1.391079664230347,1708.67,0,0.0,Low
26.9747,93.1263,300.0,11.020581245422363,1941.04,1,94.05,Critical
28.2363,93.3508,2740.0,37.60730743408203,1472.72,1,78.01,Critical
26.9388,92.1843,725.0,29.72854232788086,1421.55,1,91.35,Critical
23.08152199932236,91.55876354090287,63.0,15.710838317871094,2396.11,0,12.52,Low
24.94118464772159,92.9815081747376,122.0,4.754899024963379,1648.99,0,10.1,Low
26.9394,93.079,432.0,17.55840492248535,1941.04,1,89.43,Critical
29.02332868470573,95.92855398740969,3449.0,20.044431686401367,1011.98,0,16.41,Low
27.0454,93.034,467.0,48.07772064208984,1941.04,1,99.02,Critical
27.59332735994155,93.47018180915676,2601.0,16.417591094970703,2592.49,0,15.05,Low
24.16122121978846,92.81952858765368,348.0,29.796497344970703,2141.49,0,61.89,High
27.1061,92.9849,643.0,28.85165786743164,1941.04,1,90.66,Critical
26.05009527734502,92.49665611953128,232.0,5.56776237487793,1218.05,0,5.0,Low
24.843906767272053,94.11144433310685,909.0,15.371825218200684,1271.17,0,4.11,Low
27.833112187015285,95.79111627769858,135.0,1.0467747449874878,2817.65,0,0.0,Low
25.0622,93.1656,615.0,31.583415985107425,1648.99,1,75.86,Critical
25.4313,91.8661,1621.0,36.92174911499024,3717.5,1,84.41,Critical
28.0896,95.1711,850.0,20.01547241210937,2724.38,1,50.43,High
26.9904,92.6052,371.0,19.740901947021484,1421.55,1,81.18,Critical
28.22294877284226,95.17018353373868,1517.0,28.76138496398925,2724.38,0,60.61,High
22.819336563114742,92.79024585701116,511.0,29.33708953857422,2496.59,0,66.08,High
26.9486,93.139,288.0,15.722494125366213,1941.04,1,95.11,Critical
28.35166622370516,96.33367746403212,3335.0,35.90732955932617,1891.54,0,5.76,Low
28.32981832101259,93.69911965705568,2336.0,24.07398223876953,1535.18,0,28.79,Moderate
24.2285,92.8733,132.0,9.284287452697754,1381.49,1,20.08,Low
27.2026,92.6855,1315.0,24.48239517211914,1421.55,1,58.25,High
25.9728,94.9302,912.0,29.17222595214844,1669.48,1,73.35,High
27.5994,96.4894,1796.0,46.84748840332031,2174.9,1,89.37,Critical
28.1941,95.9291,2482.0,43.70205307006836,2817.65,1,81.67,Critical
28.5073,93.5039,3018.0,43.90960311889648,1535.18,1,89.8,Critical
26.44839593982528,93.02230219800532,86.0,2.06723952293396,1427.25,0,0.0,Low
26.54515625962956,93.2666998077117,220.0,6.254039764404297,1427.25,0,8.68,Low
26.45535511456102,92.53480660072236,62.0,2.2668919563293457,1218.05,0,0.0,Low
26.58846483281744,90.92326353063883,52.0,2.269057035446167,1708.67,0,0.0,Low
25.483845805755703,92.0256726580518,1411.0,36.73519134521485,3717.5,0,49.76,Moderate
27.1719,92.96,1399.0,23.18769264221192,1941.04,1,54.23,High
23.169581596966616,93.27904355489189,1428.0,9.175016403198242,1506.81,0,26.93,Moderate
26.288476210233235,93.79572062921656,161.0,10.575654983520508,1649.52,0,3.5,Low
28.4501,93.3581,2541.0,62.837100982666016,912.05,1,94.2,Critical
26.9869,92.6003,406.0,29.73377799987793,1421.55,1,92.37,Critical
26.60705812192236,89.96503714068108,69.0,2.1292645931243896,2542.03,0,1.5,Low
26.841257784123574,92.4522757332234,126.0,4.245760440826416,1421.55,0,0.5,Low
28.415985937709262,93.6013179359296,2699.0,42.08462524414063,1535.18,0,41.66,Moderate
27.55935429377956,96.83689996070164,2210.0,29.395023345947266,1689.08,0,33.75,Moderate
26.1003,94.5233,1360.0,25.77511405944824,1566.44,1,43.03,Moderate
26.985,92.5274,455.0,12.516759872436523,1421.55,1,80.63,Critical
27.1824,88.4824,802.0,27.88794136047364,2542.03,1,85.19,Critical
27.5433,92.8879,675.0,37.512813568115234,1971.8,1,87.88,Critical
28.119322750804088,96.14523552609222,1289.0,42.40906524658203,2484.94,0,93.63,Critical
26.981,92.6111,298.0,14.689200401306152,1421.55,1,92.67,Critical
27.1018,92.1466,1631.0,50.52655792236328,1154.3,1,81.48,Critical
24.08691805403016,94.22602569838251,254.0,12.164538383483888,1381.49,0,11.5,Low
25.239,92.5967,1167.0,40.54704666137695,3573.05,1,87.61,Critical
25.83574413941923,91.68409479981148,510.0,16.330991744995117,3717.5,0,3.1,Low
26.0557,94.3224,637.0,25.247608184814453,1566.44,1,87.18,Critical
27.07145652768202,93.1376400932864,597.0,20.969989776611328,1941.04,0,65.46,High
27.7791,94.6043,843.0,36.99479293823242,2681.74,1,81.91,Critical
27.1353,88.0971,1718.0,27.591459274291992,2181.41,1,63.31,High
27.81791254453283,92.24927283328944,5086.0,10.92599105834961,1194.49,0,1.0,Low
23.8253,92.6582,144.0,17.833513259887695,2141.49,1,67.86,High
27.8332,96.42,1758.0,54.01157760620117,2484.94,1,95.31,Critical
27.1266,88.1298,1295.0,32.900272369384766,2181.41,1,72.51,High
27.8423,93.4899,883.0,25.809600830078125,2320.86,1,79.94,Critical
28.75562063756288,95.72767010405003,2686.0,23.211463928222656,1248.72,0,21.05,Low
25.498200227507464,94.45737662078864,1138.0,22.181446075439453,1566.44,0,12.58,Low
23.2145,93.0792,1278.0,19.84792709350586,1506.81,1,57.92,High
27.0417,95.794,1650.0,26.04453468322754,1916.88,1,61.71,High
28.9744,95.9704,1753.0,11.370448112487791,1011.98,1,72.84,High
25.949,94.5257,1051.0,36.57078552246094,1566.44,1,63.92,High
25.1026,93.1783,1147.0,25.24696159362793,1648.99,1,39.5,Moderate
28.745553693800165,94.11498950521974,3720.0,35.18242263793945,2030.02,0,0.96,Low
26.99754578898382,93.28820852587896,535.0,24.66146850585937,1941.04,0,73.17,High
25.9999,94.3839,599.0,17.4247989654541,1566.44,1,79.62,Critical
25.0402179017518,93.81385599540155,1599.0,35.312198638916016,1271.17,0,18.32,Low
26.29070026115938,93.5703912491636,654.0,26.73399353027344,1649.52,0,52.56,High
28.483,93.3413,3638.0,42.74337387084961,912.05,1,78.71,Critical
27.4399,96.3204,858.0,26.05770492553711,2174.9,1,73.71,High
27.7595,94.6279,1090.0,33.914276123046875,2681.74,1,79.0,Critical
23.6852,92.7035,992.0,27.59880256652832,2148.54,1,78.05,Critical
24.1882,92.8721,167.0,10.14597225189209,1381.49,1,76.83,Critical
27.89473775756746,95.08047767724644,313.0,21.80612564086914,2724.38,0,61.34,High
25.04055340531321,94.18912054073331,1154.0,19.43260383605957,1566.44,0,15.6,Low
24.01938072252016,93.70083850275324,1476.0,28.204748153686523,1381.49,0,6.26,Low
23.340917992018884,91.6893716310818,98.0,17.96327018737793,2396.11,0,13.1,Low
23.6652,92.7164,945.0,17.977527618408203,2148.54,1,64.09,High
25.238945078234085,94.11223532603282,1042.0,21.3782958984375,1566.44,0,17.87,Low
26.9777,92.5907,235.0,19.5860538482666,1421.55,1,98.31,Critical
26.277262460242447,93.0789847918027,325.0,27.08711242675781,1427.25,0,25.17,Moderate
27.346986470916427,94.1927289118963,96.0,2.7899599075317383,2567.19,0,0.0,Low
23.7664,93.359,1052.0,7.950562000274658,1381.49,1,14.3,Low
27.6839,94.5409,723.0,56.22854995727539,2567.19,1,98.12,Critical
24.510835403637422,94.12498809660552,977.0,14.944382667541504,1381.49,0,43.46,Moderate
28.5555,95.7325,1602.0,57.90984344482422,2348.99,1,83.11,Critical
27.9477,93.0819,1171.0,26.31200218200684,1472.72,1,55.95,High
26.3028,94.8525,788.0,25.38387489318848,1819.61,1,86.69,Critical
26.161896793528594,89.8406535571313,30.0,2.127445936203003,2542.03,0,0.0,Low
27.417316363863687,88.60873178794334,1472.0,26.5146598815918,1707.7,0,47.18,Moderate
25.52001108371956,90.64482024625184,327.0,14.323938369750977,3693.54,0,5.92,Low
23.5289,92.9274,1023.0,19.88889503479004,1327.95,1,77.84,Critical
24.488642974707744,92.29528567620116,48.0,5.924396991729736,3648.26,0,0.0,Low
24.299787294976618,92.21015925593176,53.0,3.1835832595825195,3648.26,0,0.0,Low
25.81279260669158,92.50130511446169,583.0,14.91334056854248,1218.05,0,2.44,Low
23.993404168757944,93.1630708849038,371.0,9.045737266540527,1381.49,0,26.6,Moderate
27.3985,94.0056,614.0,32.26457595825195,2592.49,1,83.89,Critical
26.27114550285408,90.49466829377688,59.0,22.573457717895508,3717.5,0,9.15,Low
25.562563090041827,90.68970349563412,368.0,8.497645378112793,3693.54,0,0.5,Low
23.7698,92.9454,1170.0,18.39094352722168,1381.49,1,53.09,High
27.0519,93.3376,631.0,37.37871551513672,1941.04,1,94.05,Critical
26.601666917238084,91.26146306044753,54.0,4.134581089019775,1708.67,0,0.0,Low
27.94318826535018,95.9922839150467,182.0,3.275129795074463,2484.94,0,0.56,Low
24.351009939748867,94.17457552999404,1049.0,18.80579948425293,1381.49,0,22.17,Low
27.4024,88.2851,1584.0,24.12906265258789,1690.33,1,70.36,High
26.80879944846941,93.8498313099648,80.0,4.254340648651123,2204.32,0,2.25,Low
27.7754,94.2588,525.0,57.54755401611328,2681.74,1,99.42,Critical
26.38479406634113,94.3045541063186,228.0,3.233783721923828,1747.44,0,0.78,Low
26.994,93.1892,274.0,23.61220932006836,1941.04,1,88.28,Critical
27.7639,94.4076,767.0,37.4155158996582,2681.74,1,92.47,Critical
26.2345,94.9345,1609.0,29.962278366088867,1669.48,1,64.7,High
27.583899252268136,88.18240881300979,4581.0,1.860726952552796,1690.33,0,2.0,Low
26.9525,93.1396,276.0,20.90995407104492,1941.04,1,91.74,Critical
26.0286379752686,92.560816760223,89.0,6.15834379196167,1218.05,0,4.0,Low
26.9703,92.5674,226.0,19.759593963623047,1421.55,1,98.62,Critical
26.044264290839656,90.80949560571707,43.0,2.2603001594543457,3717.5,0,0.0,Low
26.9534,92.2202,859.0,47.9119758605957,1421.55,1,95.75,Critical
23.42500166073282,92.54232244158648,485.0,15.280004501342772,2148.54,0,43.47,Moderate
27.5344,92.4462,3243.0,32.840755462646484,1194.49,1,57.43,High
22.249431921577948,92.68317622009842,265.0,14.660917282104492,2496.59,0,33.68,Moderate
26.608768556148423,90.32905603766083,75.0,2.782556533813477,1708.67,0,0.0,Low
26.9926,92.5751,431.0,21.597097396850582,1421.55,1,91.51,Critical
24.124649453346144,93.67063661792996,1104.0,21.452362060546875,1381.49,0,12.01,Low
26.059888482294564,94.0998612388027,200.0,9.714781761169434,1566.44,0,6.5,Low
26.74529429427849,90.14071665020911,168.0,2.975971937179565,2542.03,0,0.5,Low
28.0825,93.2866,1127.0,14.77979850769043,1472.72,1,42.64,Moderate
25.365620845993814,90.27012776814904,111.0,10.94057846069336,3693.54,0,4.79,Low
27.12675836060599,95.84556338844398,1062.0,44.867183685302734,1916.88,0,77.03,Critical
27.8401,93.3316,2749.0,27.96418190002441,1472.72,1,53.05,High
28.4084,95.3766,1084.0,16.16898536682129,2348.99,1,62.37,High
27.267,93.7194,1339.0,34.660499572753906,2592.49,1,85.58,Critical
28.12,95.9152,1108.0,36.11213302612305,2817.65,1,89.41,Critical
26.9925,92.3346,961.0,36.565338134765625,1421.55,1,94.62,Critical
28.4829,94.3859,1990.0,39.92496871948242,2030.02,1,80.5,Critical
28.549,94.4638,1806.0,42.65565490722656,2030.02,1,84.42,Critical
26.19990043158999,91.9858382953482,51.0,2.262781381607056,1708.67,0,0.0,Low
23.4553,93.1942,942.0,19.717754364013672,1327.95,1,53.44,High
27.389870581378503,95.87280890045218,163.0,4.259281635284424,2291.38,0,7.25,Low
26.9865,92.6332,243.0,22.325984954833984,1421.55,1,96.67,Critical
26.1738,94.3382,344.0,19.43598937988281,1566.44,1,79.26,Critical
27.2342,88.7013,1028.0,46.83058166503906,2542.03,1,96.87,Critical
27.8099,94.3175,695.0,38.217960357666016,2681.74,1,88.93,Critical
28.48051999464349,93.42528833328193,3667.0,43.1138801574707,912.05,0,32.6,Moderate
27.2652,93.8566,338.0,12.982711791992188,2592.49,1,67.11,High
27.4129,96.5525,1489.0,32.51879119873047,1689.08,1,58.26,High
28.140449809517506,94.50835895271688,1561.0,20.06031608581543,2681.74,0,33.16,Moderate
23.276766438767293,92.75055331825006,754.0,2.2196044921875,2148.54,0,11.01,Low
26.0726,94.3816,392.0,34.02870178222656,1566.44,1,89.06,Critical
26.70643788384985,94.36896079094534,117.0,2.1296777725219727,1747.44,0,0.5,Low
27.85350026500451,96.31452587601515,281.0,1.8606544733047483,2484.94,0,1.66,Low
26.501016461748154,92.69041171849383,75.0,3.236755609512329,1421.55,0,0.0,Low
27.54771991389964,93.82764502177038,1613.0,21.46494102478028,2592.49,0,33.95,Moderate
27.282273242973737,92.1366448632835,2945.0,32.90808868408203,1194.49,0,19.73,Low
24.19505756736615,92.78460950350149,333.0,22.02126121520996,2141.49,0,62.72,High
26.9747,93.0842,432.0,10.9155855178833,1941.04,1,94.0,Critical
28.542729463835773,96.20920489580732,4136.0,26.025291442871094,1891.54,0,3.16,Low
28.73,94.8503,946.0,53.31573486328125,2270.17,1,92.78,Critical
25.986453012911245,92.07668593037444,537.0,9.378992080688477,1218.05,0,3.29,Low
28.18,93.121,1837.0,49.93991088867188,1472.72,1,98.06,Critical
28.6706,95.7658,2839.0,53.501277923583984,2348.99,1,92.08,Critical
27.90391586700366,94.6442255093598,884.0,20.07933235168457,2681.74,0,46.87,Moderate
28.325468607848794,95.3132342916766,1970.0,25.027238845825195,2270.17,0,43.5,Moderate
27.82826560931916,92.87017718885072,2803.0,40.02816390991211,1472.72,0,57.29,High
25.18794795564797,94.41047289441624,1197.0,1.3830838203430176,1566.44,0,5.16,Low
27.8894,94.9046,321.0,17.833324432373047,2724.38,1,82.63,Critical
27.64043535052463,88.61241567688187,1888.0,23.869083404541016,1707.7,0,51.95,High
27.81759176277776,92.1939047725461,4519.0,32.568851470947266,1194.49,0,0.0,Low
27.283869795666483,88.36247198085877,2194.0,16.59746742248535,1690.33,0,22.39,Low
24.77643205436125,92.71125661530616,24.0,3.194563865661621,2942.16,0,0.0,Low
27.317293442447475,95.15495904447836,113.0,1.8607981204986568,1916.88,0,0.0,Low
26.9497,93.0957,341.0,12.361766815185549,1941.04,1,91.74,Critical
28.109633296273444,96.5749221111134,1366.0,36.30684280395508,2484.94,0,90.69,Critical
26.0609,94.9357,723.0,24.89994239807129,1669.48,1,79.0,Critical
25.32,91.7777,1016.0,32.55058288574219,3717.5,1,94.33,Critical
26.4733930738136,92.92974881609344,70.0,8.217522621154785,1427.25,0,1.04,Low
25.2454,91.5766,797.0,39.359840393066406,4943.24,1,94.57,Critical
28.91316481790916,95.8001259226578,1643.0,32.32535552978516,1248.72,0,12.33,Low
27.69049558809981,95.77681207213072,141.0,3.133458375930786,2174.9,0,1.0,Low
27.0691,92.7029,353.0,23.84425163269043,1421.55,1,98.21,Critical
28.27346428904018,96.2542629840999,3232.0,33.30244827270508,1891.54,0,26.57,Moderate
23.4463,92.5799,542.0,35.02526092529297,2148.54,1,80.02,Critical
26.2267,94.1842,304.0,9.283632278442385,1566.44,1,60.47,High
24.00448181134948,94.1139606191744,395.0,22.130353927612305,1381.49,0,21.38,Low
23.3304,92.697,406.0,34.63465118408203,2148.54,1,83.77,Critical
26.17585878062403,93.72028332861088,173.0,3.718276023864746,1649.52,0,0.51,Low
23.1516,93.0636,1170.0,22.24580764770508,1506.81,1,18.1,Low
25.702694301412865,94.1680907928928,1173.0,21.29380226135254,1566.44,0,14.31,Low
27.3748,93.9426,972.0,53.68012619018555,2592.49,1,98.76,Critical
26.9877,93.2214,491.0,19.75957679748535,1941.04,1,81.08,Critical
25.886228323002893,90.13429135733708,86.0,15.335420608520508,3693.54,0,2.56,Low
26.9811,93.2721,627.0,40.464317321777344,1941.04,1,97.57,Critical
28.1105,95.9128,708.0,28.41266632080078,2817.65,1,82.7,Critical
26.47378502155945,91.94471057190825,65.0,2.2671937942504883,1708.67,0,0.0,Low
27.7618,94.6287,1210.0,32.797332763671875,2681.74,1,85.44,Critical
28.3919,93.548,2327.0,23.12936210632324,1535.18,1,39.4,Moderate
27.7696,94.7332,695.0,39.18048858642578,2724.38,1,89.21,Critical
27.8365,94.9632,504.0,19.3172607421875,2724.38,1,72.8,High
26.508556342905106,92.80153868450924,72.0,3.8585593700408936,1941.04,0,0.0,Low
26.0336,94.8778,878.0,15.50426197052002,1669.48,1,60.3,High
28.987112809951466,95.68799817478528,2819.0,34.81903076171875,1248.72,0,31.93,Moderate
28.081122483406112,94.11810338798468,1189.0,30.904024124145508,2681.74,0,87.13,Critical
28.750489129466228,94.38543228393353,2447.0,31.45442008972168,2030.02,0,38.94,Moderate
28.2234,95.7768,716.0,30.51079368591309,2817.65,1,84.87,Critical
25.932462436454045,90.03081258564723,36.0,9.585247039794922,3693.54,0,7.5,Low
25.82259605974249,91.24750626698734,380.0,24.30623817443848,3717.5,0,17.05,Low
26.933218917767377,92.61204156193268,125.0,1.0383411645889282,1421.55,0,0.0,Low
27.8864,94.6806,1226.0,34.74480056762695,2724.38,1,88.59,Critical
28.9068,95.4213,2490.0,24.137067794799805,1248.72,1,66.1,High
28.608398078870128,96.29965127174624,3945.0,27.988157272338867,1891.54,0,1.57,Low
27.837,95.0047,327.0,34.94157409667969,2724.38,1,91.43,Critical
24.76916346969457,92.69955679765508,39.0,11.9674654006958,2942.16,0,11.09,Low
27.1925,92.8561,443.0,51.23627471923828,1941.04,1,99.65,Critical
28.8963,95.2285,2754.0,32.80439376831055,1289.76,1,39.64,Moderate
29.25704368185506,95.78695704611346,4235.0,39.3536376953125,1248.72,0,2.26,Low
26.9915,92.3287,1009.0,19.0577392578125,1421.55,1,82.26,Critical
27.1009,93.3485,624.0,33.2428092956543,1941.04,1,93.38,Critical
25.94920813009101,94.96263951148607,951.0,35.140953063964844,1669.48,0,55.58,High
28.2895,96.4673,2668.0,31.21293830871582,1891.54,1,48.89,Moderate
26.85283610937489,93.81425447002256,75.0,1.0376051664352417,2204.32,0,0.5,Low
28.4435862583078,94.04734873852202,1748.0,39.25815963745117,1535.18,0,54.73,High
27.818659237677583,92.55565638515536,4830.0,31.239919662475582,1194.49,0,0.44,Low
24.6721985982468,94.3413791362184,1116.0,14.289000511169434,1271.17,0,4.73,Low
26.1262,94.3835,348.0,25.269115447998047,1566.44,1,83.15,Critical
26.166178484271843,91.7774328885182,55.0,2.127462863922119,1708.67,0,0.0,Low
26.0323,94.877,860.0,11.727088928222656,1669.48,1,70.31,High
26.29907329602608,93.9228488001165,114.0,0.9307783246040344,1566.44,0,0.0,Low
28.75995296477736,94.79207957341588,896.0,27.602758407592773,1289.76,0,34.23,Moderate
26.250288583811216,91.36749338811232,49.0,4.249752998352051,1708.67,0,0.0,Low
28.98471343395532,95.25771043901672,3913.0,43.60916519165039,1289.76,0,11.0,Low
28.2576,95.7774,680.0,30.049585342407227,2348.99,1,80.64,Critical
27.15527461136637,93.21624483943076,1435.0,31.960834503173828,1941.04,0,44.0,Moderate
26.128053562053683,92.04552636897122,57.0,2.2616331577301025,1708.67,0,0.0,Low
22.81127082578136,92.91832759242445,333.0,37.3662109375,1506.81,0,28.93,Moderate
26.973,92.3493,633.0,32.201637268066406,1421.55,1,98.92,Critical
25.813278081502155,90.29816385492154,165.0,7.660449981689453,3693.54,0,1.0,Low
24.5255575904356,93.59221147098803,1258.0,30.045352935791016,1381.49,0,11.02,Low
27.0988,92.7585,365.0,23.387630462646484,1421.55,1,95.88,Critical
27.234528220592207,92.7052835941128,1230.0,54.73168563842773,1421.55,0,37.3,Moderate
26.944,93.1501,283.0,8.380827903747559,1941.04,1,95.07,Critical
26.9735,93.1174,325.0,23.570919036865234,1941.04,1,87.65,Critical
26.099728250561142,93.5346156503112,821.0,27.095672607421875,1649.52,0,42.32,Moderate
24.389499643537125,92.21498218977668,34.0,4.128631591796875,3648.26,0,0.0,Low
25.21764560725954,93.2715596469138,1527.0,16.16808319091797,1271.17,0,9.4,Low
27.699361493844176,93.20481007377678,2442.0,33.25598907470703,1971.8,0,42.19,Moderate
27.22785051902115,97.03564036839144,1781.0,42.33085632324219,1689.08,0,61.05,High
23.6397,92.9686,1123.0,20.34050750732422,1327.95,1,63.92,High
24.8787004174108,92.6611165874892,19.0,1.3812161684036257,3573.05,0,0.0,Low
27.55409110162796,91.72601098363027,2618.0,30.50750732421875,853.16,0,79.02,Critical
28.0788,94.9644,712.0,44.54703521728516,2724.38,1,94.94,Critical
27.0876,93.0024,632.0,45.87845993041992,1941.04,1,99.57,Critical
27.72603134342704,97.01232729397276,3639.0,19.604772567749023,1471.65,0,4.05,Low
25.827063187676547,91.73329856448352,690.0,10.913232803344728,1708.67,0,27.82,Moderate
23.8093,93.1641,389.0,16.9440860748291,1381.49,1,69.18,High
26.9705,93.1183,336.0,12.13319206237793,1941.04,1,92.3,Critical
28.2236,96.5657,1790.0,42.15396499633789,1471.65,1,57.3,High
24.716141891450253,93.26634057940775,738.0,23.44646644592285,1648.99,0,35.54,Moderate
28.97314817618648,96.12523105808349,3178.0,23.253692626953125,1011.98,0,26.37,Moderate
25.800818683933333,94.07268854091608,1187.0,12.904555320739746,1306.28,0,16.19,Low
25.9947,94.0444,467.0,42.8679084777832,1306.28,1,96.86,Critical
27.2934,88.3889,1374.0,32.41498947143555,1690.33,1,70.27,High
27.7533,96.4504,1585.0,36.14870834350586,2484.94,1,89.12,Critical
28.3691,95.6738,1959.0,39.92435073852539,2348.99,1,82.57,Critical
28.0661,96.2304,1856.0,37.45084381103516,2484.94,1,91.02,Critical
28.8987,95.2345,2878.0,42.857421875,1289.76,1,91.53,Critical
25.72078728566309,89.9978686218693,42.0,6.142528057098389,3693.54,0,0.0,Low
25.519103039763607,90.91621578799928,579.0,9.55723476409912,3693.54,0,0.56,Low
27.678,94.4815,548.0,33.44142150878906,2567.19,1,88.92,Critical
24.031687692098863,91.40383433065428,29.0,3.1775336265563965,2414.95,0,1.0,Low
27.0651,92.7884,322.0,27.75432014465332,1421.55,1,99.0,Critical
27.1243,88.1232,1229.0,33.2470817565918,2181.41,1,73.85,High
26.1785,94.4735,769.0,28.84432601928711,1566.44,1,83.16,Critical
28.0585,95.0817,1049.0,28.127901077270508,2724.38,1,73.96,High
26.211671733746904,93.40109238749618,673.0,19.436279296875,1427.25,0,22.89,Low
24.062931501451985,93.71529123715789,1542.0,38.0059700012207,1381.49,0,16.33,Low
28.97918955361425,94.43544162327076,3697.0,27.47522735595703,1158.49,0,4.81,Low
26.9382,92.1813,603.0,51.80389404296875,1421.55,1,99.88,Critical
27.25714000614502,93.94020981119898,131.0,9.767474174499512,2592.49,0,3.72,Low
24.03192825615286,92.64911157890025,272.0,19.292619705200195,2141.49,0,53.53,High
27.6519688234044,93.29147764348224,2558.0,31.88667869567871,1971.8,0,35.75,Moderate
27.7737,94.482,530.0,26.9674072265625,2681.74,1,82.54,Critical
27.06690200412738,93.73976092686456,331.0,32.38051986694336,2204.32,0,73.18,High
28.5013,94.353,1916.0,48.304443359375,2030.02,1,91.8,Critical
26.74643393121969,91.17518631912054,56.0,0.9307199716567992,1708.67,0,0.0,Low
25.9509,94.8004,1516.0,23.31012916564941,1669.48,1,55.56,High
26.9891,92.3672,655.0,51.21778106689453,1421.55,1,99.89,Critical
27.154996391095768,92.66090130809812,222.0,9.765141487121582,1421.55,0,26.36,Moderate
25.3573,91.6047,1625.0,10.896010398864746,3717.5,1,64.77,High
27.1607,92.9698,1076.0,46.33846664428711,1941.04,1,93.47,Critical
24.645248898452618,93.10866688458388,60.0,4.471078395843506,1625.06,0,0.5,Low
28.677,94.6623,729.0,48.05046463012695,2270.17,1,90.93,Critical
25.488118866630124,94.2695803140153,1996.0,30.144893646240234,1566.44,0,38.42,Moderate
26.973,93.2929,618.0,36.1290397644043,1941.04,1,92.04,Critical
27.42822657069324,88.34805565249319,1865.0,29.27198600769043,1690.33,0,48.25,Moderate
26.614331513431843,95.07591702989926,614.0,17.280799865722656,1819.61,0,52.91,High
26.9755,92.2635,709.0,24.47607421875,1421.55,1,97.09,Critical
25.0623,92.4495,469.0,24.28630828857422,3573.05,1,64.45,High
26.9979,92.3729,874.0,33.32832336425781,1421.55,1,94.5,Critical
25.836021801170656,93.32477662342804,196.0,12.29689121246338,1427.25,0,9.49,Low
27.310735845199822,94.66437678313528,103.0,7.312802314758301,2567.19,0,0.6,Low
24.428262598216435,92.7343444780016,159.0,12.8597412109375,2942.16,0,13.9,Low
27.2222,92.922,603.0,40.57683181762695,1941.04,1,97.58,Critical
23.857240119296648,93.18610722424197,1075.0,33.60294342041016,1381.49,0,4.36,Low
26.9745,92.5972,228.0,29.69779586791992,1421.55,1,97.31,Critical
27.7963,94.5425,522.0,32.339263916015625,2681.74,1,88.52,Critical
27.2429,88.6156,1195.0,42.25593185424805,2542.03,1,95.11,Critical
27.9595,93.2746,1475.0,36.88801574707031,1472.72,1,86.15,Critical
26.3865,94.4979,569.0,32.32547378540039,1747.44,1,88.97,Critical
26.037752611667024,92.56271043740044,85.0,10.921117782592772,1218.05,0,3.5,Low
22.88689494834942,92.4935208575793,270.0,3.437756061553955,2496.59,0,1.8,Low
26.9432,93.1442,253.0,16.268888473510742,1941.04,1,94.64,Critical
24.9839,92.7545,100.0,17.791900634765625,3573.05,1,77.32,Critical
27.034,92.6385,322.0,25.72805404663086,1421.55,1,98.24,Critical
28.5029,93.6504,2471.0,28.06795692443848,1535.18,1,61.33,High
27.28,88.0971,1725.0,33.00162887573242,1690.33,1,67.75,High
27.5232,96.2312,450.0,14.337824821472168,2174.9,1,66.39,High
25.32317881989208,93.35951552963814,849.0,18.03388214111328,1271.17,0,3.69,Low
27.17,92.5982,1586.0,43.372501373291016,1421.55,1,88.21,Critical
25.185,91.5437,142.0,27.02251243591309,4780.93,1,80.01,Critical
28.5037663034036,95.88146746437604,1632.0,39.10599899291992,2348.99,0,67.52,High
27.965,94.9214,584.0,36.609222412109375,2724.38,1,90.74,Critical
28.9951,94.9909,1327.0,30.39096450805664,1289.76,1,32.78,Moderate
26.543286365988497,94.11020062021991,92.0,3.471691370010376,1747.44,0,0.0,Low
26.9938,92.6263,273.0,22.36277198791504,1421.55,1,95.02,Critical
26.6112,94.8392,343.0,35.86448669433594,1819.61,1,80.3,Critical
28.0457,96.2872,999.0,20.84122657775879,2484.94,1,75.89,Critical
27.393,93.9576,1135.0,40.21368789672852,2592.49,1,89.92,Critical
27.05027070391787,94.6632456785798,94.0,2.131126165390014,1941.69,0,0.0,Low
23.6839,92.7032,895.0,31.623512268066406,2148.54,1,81.85,Critical
28.5273,95.7862,1176.0,46.845481872558594,2348.99,1,91.69,Critical
28.6359,94.3729,1987.0,50.33076095581055,2030.02,1,91.76,Critical
26.9756,92.1977,1386.0,48.45722961425781,1421.55,1,96.21,Critical
23.47880627025019,92.74138665709144,908.0,24.56175422668457,2148.54,0,73.26,High
24.41598486857625,93.6279825426652,1589.0,29.440879821777344,1381.49,0,8.43,Low
25.33083841615084,91.92907223328088,809.0,30.57773780822754,3717.5,0,87.63,Critical
28.0715,96.2371,2257.0,62.65602493286133,2484.94,1,91.55,Critical
25.5494,91.6468,1704.0,5.821863174438477,3717.5,1,69.51,High
24.302341773645374,92.02246093065324,30.0,3.4500091075897217,3648.26,0,0.0,Low
27.3566,88.6574,1850.0,33.29507827758789,1707.7,1,65.63,High
26.79270814561381,90.33998473599462,184.0,2.976104259490967,2542.03,0,0.0,Low
25.369485065686085,90.60365361247116,201.0,2.249796390533448,3693.54,0,0.0,Low
26.2475,94.2528,748.0,34.15071105957031,1566.44,1,85.87,Critical
25.576572758897164,89.89083642042176,24.0,2.125128507614136,3693.54,0,0.0,Low
28.5108,93.7854,2305.0,33.0348014831543,1535.18,1,70.25,High
27.763,96.3852,1234.0,48.54409790039063,2484.94,1,95.68,Critical
27.23084814222665,93.07822597499744,1184.0,20.345752716064453,1941.04,0,27.27,Moderate
24.93962363993251,92.68732940071612,21.0,2.122699499130249,3573.05,0,0.0,Low
27.9076,95.1496,409.0,19.75874900817871,2724.38,1,73.93,High
28.340832648880426,96.25684902809408,3853.0,42.016380310058594,1891.54,0,2.25,Low
28.1226,95.2605,508.0,28.96202278137207,2724.38,1,89.4,Critical
23.41019408370782,91.53023767022133,48.0,6.308525562286377,2396.11,0,0.03,Low
26.526246610338365,93.40861266547496,361.0,0.9307487607002258,1649.52,0,3.06,Low
23.2899,92.8115,450.0,22.131988525390625,2148.54,1,68.59,High
25.93037081305372,91.78613261813383,294.0,3.0855281352996826,1708.67,0,19.33,Low
28.6081,95.117,1439.0,33.94760513305664,2270.17,1,58.53,High
27.0773,92.8502,897.0,39.79192733764648,1941.04,1,93.29,Critical
25.40627575077352,94.4747210136346,1253.0,27.42059326171875,1566.44,0,36.29,Moderate
25.68600025174413,93.1778525426698,401.0,13.604002952575684,1271.17,0,2.25,Low
27.099,92.1918,1949.0,28.203554153442383,1421.55,1,83.4,Critical
26.1562,94.6146,1831.0,33.42960357666016,1566.44,1,57.83,High
26.349720498149388,89.90056651374391,38.0,2.7791635990142822,2542.03,0,0.0,Low
27.482951588934142,93.44346397230626,2391.0,7.245643615722656,1971.8,0,33.27,Moderate
29.1295,95.0093,1144.0,51.62926483154297,1289.76,1,88.65,Critical
23.3124,92.6262,758.0,38.91860580444336,2148.54,1,88.08,Critical
24.21724342368969,93.25107278145974,987.0,21.89267539978028,1381.49,0,24.09,Low
26.54981408228625,92.04438198798437,64.0,0.0,1154.3,0,0.0,Low
27.1113,88.3395,382.0,39.5315055847168,2181.41,1,91.44,Critical
24.27833970780237,93.41406787276748,1671.0,10.21725082397461,1381.49,0,9.15,Low
23.3302,92.6349,621.0,34.031333923339844,2148.54,1,87.02,Critical
27.173013271273387,94.03402195573028,94.0,5.509232044219971,2592.49,0,1.04,Low
26.02403332060639,93.43916296391409,273.0,17.200653076171875,1427.25,0,27.69,Moderate
25.3606,91.8811,1498.0,23.11031723022461,3717.5,1,80.66,Critical
23.31,92.7092,454.0,40.09737777709961,2148.54,1,92.82,Critical
24.65745317466133,92.54994482930825,30.0,0.9309865236282348,2942.16,0,0.0,Low
27.2318704920875,93.28213380599108,1340.0,17.59322738647461,1941.04,0,24.71,Low
23.4263,91.8211,106.0,28.65170860290528,2396.11,1,66.93,High
27.3702,93.8999,784.0,43.830528259277344,2592.49,1,97.27,Critical
25.76861304971517,92.26063379374202,740.0,8.380910873413086,2535.22,0,6.39,Low
26.82485684554613,95.27222222150972,772.0,29.63144874572754,1941.69,0,58.7,High
23.1632012061404,92.84143459165728,832.0,5.107633113861084,2496.59,0,3.15,Low
27.1383,93.0426,1289.0,39.96874237060547,1941.04,1,77.96,Critical
26.9433,93.1507,260.0,10.537826538085938,1941.04,1,94.05,Critical
28.01092302566946,97.10330197202155,3648.0,33.81077194213867,1471.65,0,0.54,Low
25.95420814102082,94.63918305756384,1625.0,27.462167739868164,1566.44,0,39.41,Moderate
27.3519,88.0875,3009.0,24.944503784179688,1690.33,1,67.71,High
25.53980057792772,93.31390965978404,420.0,23.785400390625,1271.17,0,8.94,Low
27.68053480495645,96.77802869090516,2691.0,36.23159790039063,1689.08,0,25.26,Moderate
26.46970298857052,90.75212400548624,46.0,0.930756151676178,1708.67,0,0.0,Low
27.2468,88.4919,887.0,29.06081962585449,2542.03,1,86.91,Critical
27.7924,94.5132,553.0,28.661657333374023,2681.74,1,87.49,Critical
27.40419547986911,92.5015507607669,1330.0,35.026737213134766,1194.49,0,26.52,Moderate
28.657267743493765,93.44531966032972,4802.0,35.17954635620117,912.05,0,3.26,Low
27.689184034298105,93.97757106757092,1416.0,25.239707946777344,2592.49,0,43.22,Moderate
26.9644,93.1507,262.0,24.71638870239257,1941.04,1,89.37,Critical
26.78175964779121,92.05833864673816,125.0,2.790183782577514,1154.3,0,0.0,Low
26.180830649623644,89.89591494787813,36.0,3.607109308242798,2542.03,0,0.0,Low
28.2854,95.589,928.0,25.87340545654297,2348.99,1,83.18,Critical
25.67829252152505,93.99531155118284,2104.0,17.1267032623291,1306.28,0,16.16,Low
25.044650130358576,93.34049516894378,426.0,16.755212783813477,1648.99,0,37.53,Moderate
26.9665,93.0985,470.0,13.261831283569336,1941.04,1,87.74,Critical
24.3495,92.7219,361.0,18.72405433654785,2942.16,1,63.21,High
23.9203,92.6665,234.0,11.545122146606444,2141.49,1,67.94,High
23.349632566393645,92.51226781399158,319.0,6.099481582641602,2148.54,0,23.77,Low
26.9768,92.5115,431.0,27.747119903564453,1421.55,1,98.9,Critical
25.1113,92.2352,118.0,13.410479545593262,3573.05,1,76.21,Critical
25.02324234239525,94.36491667071074,1517.0,22.55307006835937,1566.44,0,21.74,Low
24.730617044902964,92.7131732785174,24.0,4.175164699554443,2942.16,0,0.0,Low
27.1151,92.8884,645.0,18.86127281188965,1941.04,1,77.38,Critical
26.514137362998465,92.71604432567432,74.0,1.3914750814437866,1941.04,0,0.0,Low
28.5485,93.762,2852.0,45.85166549682617,1535.18,1,74.26,High
26.9867,92.297,993.0,41.476192474365234,1421.55,1,88.96,Critical
24.52863180494837,92.77201142088734,104.0,17.31561851501465,2942.16,0,12.19,Low
23.7661,92.5604,868.0,11.890199661254885,2141.49,1,72.37,High
28.4167,93.7986,1086.0,56.52557373046875,1535.18,1,93.05,Critical
25.025554653826138,94.44538981543482,1961.0,24.00768280029297,1566.44,0,40.72,Moderate
28.1626,95.8828,834.0,40.31941604614258,2817.65,1,93.87,Critical
27.578,93.2994,3138.0,26.70813369750977,1971.8,1,80.02,Critical
24.889535295800524,94.13878872298385,931.0,13.789521217346191,1271.17,0,3.37,Low
27.68151463629226,91.9207045765788,4003.0,31.62822532653809,853.16,0,0.5,Low
28.171,93.4371,1895.0,39.072509765625,1472.72,1,83.87,Critical
25.581747325318,93.03649777533612,159.0,8.156478881835938,1271.17,0,2.58,Low
27.9492,94.9754,538.0,33.16426467895508,2724.38,1,90.07,Critical
22.273544516505755,92.98993298646757,1010.0,28.27214813232422,1506.81,0,23.18,Low
27.40531217063838,95.9367280983248,169.0,3.8603053092956543,2291.38,0,0.58,Low
28.4509,95.6907,1732.0,44.86603927612305,2348.99,1,88.07,Critical
27.7348,94.4128,346.0,34.10587692260742,2567.19,1,94.49,Critical
28.29522196384672,96.81953294486884,3400.0,28.84748077392578,1044.44,0,9.31,Low
25.82887348301121,93.84107778914677,200.0,23.69729995727539,1306.28,0,40.04,Moderate
23.569981171867934,93.0262623615506,765.0,36.37266159057617,1327.95,0,13.68,Low
28.1122,94.5759,838.0,33.031272888183594,2681.74,1,88.01,Critical
28.4357,93.7128,1267.0,52.62388229370117,1535.18,1,93.05,Critical
24.724093001630347,94.09418234386447,978.0,39.75379180908203,1648.99,0,55.62,High
28.0149,96.332,626.0,30.08186912536621,2484.94,1,85.15,Critical
25.994770483813525,92.10443441924934,505.0,19.984373092651367,1218.05,0,3.49,Low
26.9515,93.0997,330.0,8.380826950073242,1941.04,1,96.22,Critical
26.493152856660515,91.87231632772288,65.0,6.203274726867676,1708.67,0,0.0,Low
26.9743,93.0821,464.0,22.487504959106445,1941.04,1,88.02,Critical
27.53443322586732,91.6829735056472,1437.0,33.73160934448242,853.16,0,30.81,Moderate
26.9415,92.1225,502.0,29.815031051635746,1154.3,1,97.21,Critical
27.2248,92.7834,833.0,25.48543739318848,1421.55,1,95.0,Critical
27.1164,92.8352,777.0,35.993465423583984,1421.55,1,95.06,Critical
27.022,92.998,633.0,51.545318603515625,1941.04,1,99.69,Critical
24.826990839159865,93.84711317721266,791.0,3.577876806259156,1648.99,0,1.03,Low
27.0703,92.8763,696.0,42.85350036621094,1941.04,1,98.5,Critical
25.206563925357774,92.65611198147836,1167.0,17.843420028686523,3573.05,0,11.69,Low
24.394594264581528,93.82396496511213,773.0,2.7551307678222656,1381.49,0,0.0,Low
26.831594448051348,95.48276435675308,2131.0,16.12916374206543,1916.88,0,15.73,Low
26.9851,92.3869,605.0,37.67254638671875,1421.55,1,98.82,Critical
22.26159958701545,92.84251766570505,308.0,13.575029373168944,2496.59,0,40.67,Moderate
24.11378229286591,93.20635472234184,1145.0,28.76140022277832,1381.49,0,17.87,Low
28.653265821093743,96.3702530212702,3383.0,45.18876266479492,1891.54,0,8.04,Low
27.6885,94.5309,618.0,50.19776153564453,2567.19,1,99.23,Critical
28.922042960812057,95.28284419813232,3831.0,9.476740837097168,1289.76,0,3.17,Low
26.776807811252898,91.43550077028767,138.0,1.860940933227539,1154.3,0,0.0,Low
25.591137158176416,90.43484710174238,612.0,9.609726905822754,3693.54,0,1.03,Low
25.32087989438523,90.07100086223241,109.0,10.654423713684082,3693.54,0,2.85,Low
28.1228,96.453,1953.0,34.64362716674805,2484.94,1,83.92,Critical
27.4588,93.9287,1967.0,30.26839637756348,2592.49,1,48.61,Moderate
28.395737348608773,94.17209100338712,3477.0,40.1032600402832,2030.02,0,7.67,Low
26.9838,92.631,255.0,23.638357162475582,1421.55,1,99.03,Critical
26.9371,92.1751,570.0,42.59538650512695,1421.55,1,99.2,Critical
26.5288,94.8276,765.0,34.33985900878906,1819.61,1,91.58,Critical
25.69607436970252,94.20970389813527,955.0,20.706165313720703,1566.44,0,44.41,Moderate
23.3998,92.5855,354.0,36.55083465576172,2148.54,1,84.87,Critical
27.23621607413961,93.62883358449255,1384.0,29.60284423828125,2204.32,0,36.5,Moderate
22.638150150983964,92.99537892272733,886.0,25.35662078857422,1506.81,0,20.62,Low
28.08066453113785,94.80706140286472,355.0,0.0,2724.38,0,1.46,Low
26.5753,94.815,606.0,21.64616775512696,1819.61,1,79.41,Critical
26.447,94.8971,408.0,21.595157623291016,1819.61,1,79.65,Critical
27.9263,94.24,818.0,23.81130599975586,2681.74,1,85.17,Critical
28.066,95.2313,1178.0,34.96841049194336,2724.38,1,86.81,Critical
25.32620205659764,89.96317806117106,61.0,6.5679850578308105,3693.54,0,0.0,Low
27.6639,94.2051,1068.0,42.68367004394531,2567.19,1,96.16,Critical
27.785988982685108,95.65212457330809,134.0,2.289259433746338,2817.65,0,0.0,Low
26.9781,92.2765,914.0,40.53063201904297,1421.55,1,94.32,Critical
27.0652,92.8559,591.0,20.036008834838867,1941.04,1,81.73,Critical
25.728208024113187,92.54823506187556,769.0,28.297080993652344,1218.05,0,23.47,Low
28.9393,94.7321,1256.0,47.52589797973633,1289.76,1,93.27,Critical
29.13364727612745,94.5588595810322,3520.0,19.061229705810547,1158.49,0,14.01,Low
25.712947588632893,91.7093034699852,789.0,8.216769218444824,3717.5,0,0.63,Low
23.932554998577867,91.75897696311806,221.0,19.89505386352539,2322.27,0,36.38,Moderate
26.0839,94.2241,767.0,31.092060089111328,1566.44,1,80.79,Critical
27.8214,94.9395,398.0,21.85884094238281,2724.38,1,74.24,High
24.61678913176579,92.44177434419385,20.0,0.0,2942.16,0,0.0,Low
29.0471,94.7867,1429.0,36.912235260009766,1289.76,1,72.68,High
27.15787513984982,92.10859362878034,1557.0,18.736217498779297,1154.3,0,73.6,High
25.3214,91.8899,1430.0,3.069954633712769,3717.5,1,65.04,High
28.418,95.5234,1165.0,14.157744407653809,2348.99,1,74.65,High
26.1403,94.9853,799.0,13.839177131652832,1669.48,1,69.88,High
24.117970321071137,93.96501408885408,1616.0,19.363201141357425,1381.49,0,15.89,Low
28.5368,94.768,2121.0,24.6640567779541,2270.17,1,53.6,High
27.4068,88.2818,2034.0,33.27111053466797,1690.33,1,72.68,High
25.2783,92.1665,958.0,19.27496910095215,2535.22,1,62.92,High
27.0605,93.3407,676.0,41.12509536743164,1941.04,1,97.12,Critical
27.1974,92.8574,765.0,52.06056594848633,1941.04,1,99.47,Critical
28.6905,95.1539,2227.0,46.23744583129883,2270.17,1,86.54,Critical
27.8936,93.4345,756.0,33.160491943359375,1472.72,1,83.6,Critical
27.82748182866477,92.89633606049414,3111.0,39.59775924682617,1472.72,0,32.25,Moderate
25.99796091656586,94.14422763390483,399.0,21.128623962402344,1566.44,0,64.38,High
28.1604,93.4234,1250.0,35.77395248413086,1472.72,1,89.67,Critical
26.641931795845338,93.39042322891046,82.0,2.2699337005615234,1649.52,0,0.0,Low
26.9855,92.5852,393.0,22.013059616088867,1421.55,1,94.48,Critical
27.5349,92.4479,3192.0,33.841087341308594,1194.49,1,64.19,High
23.4735,92.3652,267.0,27.804214477539062,2148.54,1,79.18,Critical
23.6459,92.6883,673.0,46.59186553955078,2148.54,1,96.75,Critical
27.6484,94.3851,582.0,37.38885498046875,2567.19,1,92.18,Critical
26.360143167036927,95.0713216352894,2108.0,20.325937271118164,1819.61,0,16.41,Low
25.52868535961535,90.73109686023916,390.0,7.157470226287842,3693.54,0,0.5,Low
27.0324,93.2804,430.0,39.42158508300781,1941.04,1,97.02,Critical
28.2444,96.0465,1366.0,39.7950325012207,2484.94,1,89.22,Critical
23.98107742646549,93.15963927103554,668.0,43.38499450683594,1381.49,0,17.09,Low
26.3339,94.6373,472.0,10.285419464111328,1747.44,1,76.05,Critical
25.3157,91.6445,821.0,27.910886764526367,3717.5,1,89.56,Critical
28.09339696404437,93.6050154297044,1021.0,36.76529312133789,2320.86,0,47.65,Moderate
27.39014597165185,92.30394457209994,2155.0,17.689477920532227,1194.49,0,5.1,Low
26.730121918592666,92.06028132913336,103.0,3.619605779647827,1154.3,0,0.0,Low
27.25377202416839,94.52953191324752,97.0,4.757810115814209,2567.19,0,1.77,Low
28.5275,94.3515,1424.0,36.13032913208008,2030.02,1,77.36,Critical
27.7588,94.4799,491.0,33.6999626159668,2681.74,1,92.54,Critical
25.560883627935084,91.39946163512658,1667.0,14.555914878845217,3693.54,0,16.24,Low
26.6720897429365,94.9361658485272,338.0,23.32270812988281,1819.61,0,76.89,Critical
26.9916,92.5588,401.0,23.96859359741211,1421.55,1,97.59,Critical
28.4779,95.7995,1052.0,29.04275894165039,2348.99,1,81.26,Critical
26.9941,92.5796,520.0,46.6632080078125,1421.55,1,99.33,Critical
27.85796543837332,96.40621496363232,1488.0,11.68188190460205,2484.94,0,40.29,Moderate
28.28997604621185,96.57161423633409,1277.0,36.91139221191406,1044.44,0,28.66,Moderate
28.58401442627898,95.10094621407218,1324.0,32.270851135253906,2270.17,0,30.61,Moderate
24.9902,92.4788,49.0,13.321467399597168,3573.05,1,70.56,High
28.0813,96.2722,1100.0,44.01763153076172,2484.94,1,93.13,Critical
27.0046,92.6346,263.0,22.381053924560547,1421.55,1,94.8,Critical
27.2558,88.5433,677.0,44.09976577758789,1707.7,1,94.28,Critical
27.3899,93.9325,963.0,25.52901268005371,2592.49,1,75.72,Critical
26.503388505755577,92.00245243425697,64.0,2.267672061920166,1154.3,0,0.0,Low
23.377971033112733,92.3984663870133,149.0,10.09748363494873,2148.54,0,25.71,Moderate
26.9543,93.1233,328.0,9.003449440002441,1941.04,1,95.74,Critical
28.5351,93.7059,2990.0,44.06519317626953,1535.18,1,88.84,Critical
28.2482,94.4669,1956.0,31.93183708190918,2681.74,1,79.22,Critical
26.22831216731613,94.78515268488334,1546.0,17.40009117126465,1669.48,0,50.45,High
27.8619,94.3055,681.0,35.16087341308594,2681.74,1,84.62,Critical
26.9942,92.1207,1944.0,54.72148513793945,1154.3,1,88.46,Critical
28.17173219449963,94.69767330326869,373.0,26.72390365600586,2724.38,0,68.85,High
26.522650655872745,90.74698725333032,51.0,2.1289167404174805,1708.67,0,0.0,Low
27.66279765289476,88.18411520033531,5291.0,37.85292053222656,1690.33,0,1.78,Low
27.7841,94.5517,454.0,26.09778213500977,2681.74,1,83.93,Critical
27.5154,92.2799,3503.0,52.368839263916016,1194.49,1,74.81,High
26.325208788647583,93.61456543723006,545.0,23.967266082763672,1649.52,0,41.51,Moderate
28.4943,93.8226,1929.0,31.373140335083008,1535.18,1,75.02,Critical
27.1212,92.9457,805.0,54.29732894897461,1941.04,1,98.36,Critical
25.577945467102108,93.15059313258406,310.0,19.29115295410156,1271.17,0,5.25,Low
27.38506242035551,95.22235535134108,120.0,2.0843615531921387,1916.88,0,0.0,Low
23.3382,92.4578,204.0,16.634422302246094,2148.54,1,78.19,Critical
28.4863,94.3909,2039.0,51.63549423217773,2030.02,1,95.48,Critical
25.9802,94.4845,1117.0,29.63399124145508,1566.44,1,51.44,High
27.74887637423376,88.83929327330483,5132.0,34.640071868896484,1707.7,0,2.0,Low
25.50780489151981,91.03771939567966,758.0,21.694509506225582,3693.54,0,11.31,Low
25.2931,91.5157,918.0,20.684022903442383,3693.54,1,58.15,High
28.1626,95.8988,779.0,26.258012771606445,2817.65,1,85.98,Critical
26.09063501355056,92.34777164758124,198.0,5.842092514038086,1218.05,0,10.87,Low
28.348,94.1979,1813.0,40.27315139770508,2030.02,1,77.87,Critical
23.50616971176972,93.38757521926486,923.0,20.443038940429688,1327.95,0,12.06,Low
26.38913303878477,91.69104180711324,62.0,5.934031009674072,1708.67,0,0.0,Low
27.0277,93.2651,361.0,27.03255271911621,1941.04,1,87.27,Critical
27.36001076286654,94.17789213267508,95.0,3.4803383350372314,2567.19,0,0.05,Low
27.57960643869509,94.8464591519036,107.0,2.133416175842285,2357.98,0,0.0,Low
26.0811,94.3052,954.0,32.52603530883789,1566.44,1,64.99,High
24.44924320131545,94.13675215170612,1042.0,23.75918769836425,1381.49,0,8.33,Low
26.2185,94.9562,1575.0,24.65365600585937,1669.48,1,46.95,Moderate
27.2654,88.1598,1132.0,32.52521133422852,1690.33,1,76.13,Critical
28.4366,95.7326,1242.0,34.398860931396484,2348.99,1,88.3,Critical
25.896423949958585,90.78535553013482,64.0,3.2215144634246826,3693.54,0,0.5,Low
28.03095364629556,93.09907811353226,2546.0,12.970399856567385,1472.72,0,20.97,Low
28.3837,93.6131,1787.0,43.011512756347656,1535.18,1,82.42,Critical
27.6786,94.5984,409.0,33.23081588745117,2567.19,1,92.54,Critical
26.091467110790976,90.77236285783948,48.0,3.467082262039185,3717.5,0,0.0,Low
26.48952752657376,90.03107378536849,53.0,5.240610122680664,2542.03,0,0.0,Low
26.0691,94.4964,960.0,18.76628875732422,1566.44,1,46.76,Moderate
25.62730744601737,92.89433003659136,187.0,4.244818210601807,2535.22,0,2.56,Low
26.476345080524904,91.49869948871545,58.0,2.067740201950073,1708.67,0,0.0,Low
27.188,92.8245,728.0,40.66217422485352,1421.55,1,96.97,Critical
26.655337966482453,93.95897958582516,93.0,1.860972881317139,1747.44,0,0.0,Low
27.0533,92.8454,322.0,35.694862365722656,1421.55,1,98.37,Critical
26.16192367865268,92.24287396320209,60.0,2.9743804931640625,1218.05,0,0.0,Low
26.952,93.0985,338.0,13.73114013671875,1941.04,1,92.45,Critical
25.2353,91.8005,641.0,37.77334213256836,4943.24,1,96.69,Critical
28.91167965078262,96.0758927780098,3091.0,40.28878021240234,1011.98,0,29.67,Moderate
28.2139,96.4402,1874.0,43.456356048583984,2484.94,1,89.68,Critical
28.39101297846665,96.2436911910734,3666.0,41.47502136230469,1891.54,0,5.07,Low
28.80788393435489,96.40689536640264,3178.0,31.7480697631836,1011.98,0,52.05,High
27.1023652437742,93.46860423496084,713.0,21.632129669189453,2204.32,0,61.84,High
25.511257245711512,90.85317820683696,549.0,20.67424392700196,3693.54,0,8.54,Low
26.981,92.4288,458.0,24.476058959960938,1421.55,1,95.92,Critical
27.48721611487096,96.01866551521438,177.0,2.7899038791656494,2174.9,0,1.5,Low
26.5385,94.6998,308.0,23.967679977416992,1819.61,1,75.0,Critical
27.761,94.7945,482.0,18.34397315979004,2724.38,1,76.03,Critical
28.05055309332101,97.18046807018322,4554.0,50.48469924926758,1471.65,0,1.0,Low
28.6422,94.3818,1783.0,58.36123275756836,2030.02,1,93.62,Critical
28.1305,93.5812,1022.0,62.43901443481445,2320.86,1,92.05,Critical
26.9681,93.2942,369.0,37.836727142333984,1941.04,1,96.22,Critical
28.3611,96.5073,2580.0,46.56248474121094,1891.54,1,32.51,Moderate
26.9706,92.534,203.0,23.939191818237305,1421.55,1,97.19,Critical
26.012892305002296,89.93850052809086,32.0,1.3882273435592651,3693.54,0,0.0,Low
25.4702652319256,92.0871556700358,1108.0,7.678704738616943,3717.5,0,0.04,Low
27.7192091050964,93.71061542269766,1225.0,24.236316680908203,2592.49,0,55.25,High
27.21774695939875,88.74236061306037,1325.0,17.593149185180664,2542.03,0,30.09,Moderate
26.0552,94.4454,722.0,25.07729721069336,1566.44,1,86.7,Critical
26.15401321171004,94.7352656745196,1770.0,29.67427062988281,1669.48,0,49.51,Moderate
27.5186,96.218,495.0,34.79561996459961,2174.9,1,81.68,Critical
27.141,92.8343,707.0,27.43136405944824,1421.55,1,96.47,Critical
26.9537,92.1325,582.0,19.75960922241211,1154.3,1,88.15,Critical
25.894937778960653,90.18939241577549,70.0,4.213123798370361,3693.54,0,0.0,Low
28.25519234894433,94.84278012049992,308.0,26.499340057373047,2270.17,0,54.55,High
27.97735361968271,93.13649806481338,1394.0,21.83522605895996,1472.72,0,31.44,Moderate
26.24290969548892,92.3077499972133,59.0,1.8610801696777344,1218.05,0,0.0,Low
28.2291,95.2998,1346.0,37.061893463134766,2724.38,1,88.78,Critical
27.5535,93.3605,3115.0,26.24285888671875,1971.8,1,76.14,Critical
27.60573649394321,96.2583761048044,411.0,15.853551864624023,2174.9,0,42.28,Moderate
25.451443142897567,92.03936827065236,1189.0,6.179998874664307,3717.5,0,1.19,Low
28.0695,95.9864,494.0,17.770980834960938,2484.94,1,43.63,Moderate
22.91056018915102,92.65695623595902,743.0,17.565540313720703,2496.59,0,36.55,Moderate
28.2302,93.3526,2554.0,28.98602104187012,1472.72,1,64.78,High
24.21713410038431,93.89546558193302,788.0,2.791157960891724,1381.49,0,1.5,Low
27.306711048026088,94.24189807034216,91.0,1.396800875663757,2567.19,0,0.0,Low
27.20323773779215,92.59816061917545,1193.0,31.8687686920166,1421.55,0,72.98,High
24.228135087831664,93.79085162003288,1133.0,32.08207321166992,1381.49,0,5.46,Low
24.210873890364,92.7925744832088,481.0,21.675870895385746,2141.49,0,57.91,High
28.638784656785724,94.0438564104757,2177.0,23.82095718383789,1535.18,0,28.23,Moderate
26.014438321533763,93.54035124765818,374.0,6.908867359161377,1427.25,0,7.36,Low
25.635992381637923,94.723887637083,1619.0,35.5955810546875,1566.44,0,64.57,High
27.46213998202997,92.98808457038008,1628.0,30.795713424682617,1971.8,0,50.02,High
27.875656164673195,97.19195464081574,3107.0,42.41995620727539,1471.65,0,11.31,Low
27.054,92.6586,262.0,19.7475528717041,1421.55,1,94.71,Critical
26.9998220329049,95.26607813764689,485.0,15.726481437683104,1941.69,0,34.29,Moderate
27.2941,88.262,1720.0,26.36928939819336,1690.33,1,70.75,High
26.9751,92.6013,221.0,28.41203689575196,1421.55,1,95.53,Critical
26.52237257889612,93.64388483181136,460.0,5.481626987457275,1649.52,0,6.31,Low
24.586150348488893,94.06927722787462,794.0,1.861499309539795,1381.49,0,0.0,Low
27.0619,92.6478,385.0,38.68026351928711,1421.55,1,97.79,Critical
26.03229731452164,91.46727725155633,48.0,2.126925230026245,1708.67,0,0.0,Low
26.9749,92.5828,203.0,27.01459693908692,1421.55,1,97.34,Critical
28.078642108894925,97.2837640182855,4227.0,57.43621063232422,1471.65,0,3.0,Low
27.325701684111788,94.04688934700953,129.0,2.789968252182007,2592.49,0,0.0,Low
28.12124744306193,97.20288659142362,3327.0,29.45604133605957,1471.65,0,4.12,Low
29.147852109837743,96.06777492848406,3735.0,22.537567138671875,1011.98,0,12.16,Low
25.906262332465545,91.27452190609684,275.0,27.484758377075195,3717.5,0,46.09,Moderate
27.3841,88.3251,1314.0,26.958335876464844,1690.33,1,66.56,High
27.2122,92.6458,1020.0,39.467403411865234,1421.55,1,88.2,Critical
25.0605,93.0746,635.0,44.81219100952149,1648.99,1,79.83,Critical
23.6695,92.4597,407.0,19.140321731567383,2148.54,1,59.61,High
24.69884781658197,94.2271250850529,961.0,21.599210739135746,1648.99,0,27.3,Moderate
26.0879,94.3926,553.0,22.35675430297852,1566.44,1,77.64,Critical
25.4368,91.8582,1809.0,28.43021583557129,3717.5,1,90.29,Critical
28.727630779734568,96.07641238757196,2567.0,49.63068008422852,1891.54,0,25.59,Moderate
28.6669,94.5564,1460.0,55.01860427856445,2030.02,1,89.61,Critical
28.9884,94.7904,1553.0,50.6356201171875,1289.76,1,76.01,Critical
26.7631232859083,91.94810581314783,131.0,2.1299142837524414,1154.3,0,0.0,Low
24.16758371825896,93.58210769995024,1138.0,31.59350204467773,1381.49,0,9.12,Low
23.262387237563363,93.19668077075782,886.0,34.140525817871094,1327.95,0,15.45,Low
26.214211852871934,92.98626355879404,78.0,3.7182562351226807,1427.25,0,0.0,Low
27.3258091846199,88.9144689415971,4365.0,12.959433555603027,1707.7,0,0.41,Low
27.1014,92.1378,1669.0,44.44307327270508,1154.3,1,90.77,Critical
27.0049,92.4003,593.0,40.5875244140625,1421.55,1,99.29,Critical
25.2902,91.7515,1004.0,42.25461959838867,3717.5,1,84.18,Critical
28.8461798317358,95.27143395626598,3154.0,39.5567512512207,1289.76,0,34.43,Moderate
27.1046,93.3585,662.0,47.78687286376953,1941.04,1,99.57,Critical
25.50194618512124,91.62831043290296,1630.0,6.4036126136779785,3717.5,0,11.32,Low
23.641438557329824,91.32287492704612,35.0,2.020737171173096,2414.95,0,0.0,Low
23.7759635593824,93.0017754572249,653.0,26.346147537231445,1381.49,0,4.0,Low
23.661754419758548,92.4467246698705,386.0,22.13809394836425,2148.54,0,61.25,High
27.84101037438161,92.7138815750731,3661.0,38.92390823364258,1472.72,0,1.47,Low
27.284,93.4363,1810.0,18.8760986328125,1971.8,1,56.31,High
28.606595875105302,93.86087093801088,4146.0,38.85881042480469,1535.18,0,3.32,Low
28.0179,95.1995,483.0,17.27752113342285,2724.38,1,61.52,High
27.821385677013847,94.85163681491488,429.0,33.177433013916016,2724.38,0,78.12,Critical
25.215476644833856,93.66144987290734,1119.0,11.680672645568848,1271.17,0,5.9,Low
25.111039659797143,92.40550817319004,571.0,8.226244926452637,3573.05,0,2.04,Low
27.8827,94.1249,1509.0,28.972713470458984,2681.74,1,68.84,High
25.27128829797531,91.12537636217398,567.0,2.97206449508667,3693.54,0,4.05,Low
27.48759693622495,96.7307333231207,1637.0,41.81364822387695,1689.08,0,61.2,High
26.285266420381348,90.5924808935817,35.0,2.1279451847076416,3717.5,0,0.0,Low
27.55856125754249,88.492983999495,2301.0,56.38736343383789,1707.7,0,37.18,Moderate
25.67916082261501,94.76620838453212,1755.0,20.46764373779297,1669.48,0,30.04,Moderate
26.415101440672988,92.8271613197326,75.0,1.3908253908157349,1427.25,0,0.0,Low
27.4086,88.2833,2076.0,34.712860107421875,1690.33,1,72.57,High
27.9606,94.9708,430.0,24.131919860839844,2724.38,1,80.29,Critical
28.4179,95.6626,1644.0,49.60954666137695,2348.99,1,94.08,Critical
27.881334531325034,93.16890159330656,2275.0,10.33542823791504,1472.72,0,16.08,Low
28.2828,96.0843,1129.0,71.19292449951172,1891.54,1,91.07,Critical
28.713242377361563,94.40278719598712,2819.0,33.33485412597656,2030.02,0,38.35,Moderate
28.2762536796646,93.3875480915541,3260.0,25.47696876525879,912.05,0,24.98,Low
23.83,91.526,115.0,14.536133766174316,2414.95,1,60.76,High
24.67504929868348,92.39416915391244,51.0,2.7584116458892822,3573.05,0,0.5,Low
26.15979425283718,94.39555524279682,696.0,31.30794334411621,1566.44,0,60.05,High
28.8806905044104,94.65020338372108,1457.0,39.07265090942383,1289.76,0,45.52,Moderate
27.9868,96.4056,490.0,32.36600112915039,2484.94,1,90.59,Critical
27.26665542887334,88.10791063506589,1630.0,33.201358795166016,1690.33,0,57.19,High
28.0178557124168,96.30607720461003,1246.0,35.982177734375,2484.94,0,87.98,Critical
25.71009320963269,94.77273429827429,1312.0,31.92886543273925,1669.48,0,48.34,Moderate
25.67571885613332,94.8102441887764,1800.0,19.432247161865234,1669.48,0,29.39,Moderate
27.135,95.8304,981.0,41.9448356628418,1916.88,1,83.89,Critical
26.9413,93.0787,427.0,7.740101337432861,1941.04,1,95.09,Critical
27.7471,94.4584,375.0,25.06284713745117,2567.19,1,85.73,Critical
26.0731,94.3833,390.0,24.87837791442871,1566.44,1,85.86,Critical
26.15,94.9961,862.0,21.8115348815918,1669.48,1,56.66,High
25.7854347289992,94.921251752035,1791.0,22.28824806213379,1669.48,0,26.92,Moderate
28.44890009887073,96.11772665210104,4174.0,39.00859832763672,1891.54,0,0.05,Low
26.0327,94.5459,1594.0,35.704124450683594,1566.44,1,65.46,High
27.7487,93.2481,1824.0,39.74750900268555,1971.8,1,72.83,High
25.951,94.254,978.0,29.903276443481445,1566.44,1,69.46,High
26.97896474650662,94.46740656849856,88.0,1.3945691585540771,1747.44,0,1.0,Low
27.4248,93.8581,1765.0,52.98891830444336,2592.49,1,97.91,Critical
23.4864,92.6173,524.0,20.131494522094727,2148.54,1,68.19,High
23.7804,92.6672,575.0,13.001999855041504,2141.49,1,71.61,High
27.7494,94.7345,691.0,33.47684860229492,2357.98,1,87.78,Critical
25.822401364461868,95.02426370064369,2345.0,17.526674270629883,1669.48,0,18.8,Low
28.4301,93.6413,2697.0,20.25083541870117,1535.18,1,60.07,High
26.359922692242883,90.78493325591324,43.0,6.361416816711426,1708.67,0,0.5,Low
26.72553635354482,94.20752235990707,100.0,1.392872333526611,1747.44,0,0.0,Low
27.7063,94.2236,1805.0,46.2109260559082,2567.19,1,95.25,Critical
28.2012,95.2274,398.0,46.244911193847656,2724.38,1,98.99,Critical
28.5558,94.9018,1841.0,32.63357925415039,2270.17,1,60.54,High
28.5501,94.4637,1964.0,47.89141845703125,2030.02,1,89.25,Critical
26.986,92.6297,257.0,18.913122177124023,1421.55,1,92.62,Critical
26.72902498071161,91.3630126347771,100.0,1.0364792346954346,1154.3,0,0.0,Low
26.8306,95.334,593.0,30.95882606506348,1941.69,1,71.08,High
27.0279,93.2616,407.0,30.90458297729492,1941.04,1,90.07,Critical
25.161655981111192,94.21277124151892,1082.0,14.542086601257324,1566.44,0,19.72,Low
25.594716282213763,92.80855956636952,268.0,4.755669116973877,2535.22,0,6.1,Low
27.9082,93.9412,1136.0,57.70577239990234,2320.86,1,89.91,Critical
28.1986,95.2316,389.0,41.22712707519531,2724.38,1,94.69,Critical
26.9891,92.3065,1374.0,44.82269287109375,1421.55,1,88.62,Critical
28.5095,93.5045,3209.0,45.342041015625,1535.18,1,85.78,Critical
25.977578755914585,93.54261925851148,179.0,13.046252250671388,1427.25,0,5.42,Low
26.2545,94.7474,1551.0,29.46953773498535,1819.61,1,66.87,High
23.8,92.6394,184.0,8.416046142578125,2141.49,1,74.41,High
27.2664,88.2395,817.0,37.15673065185547,1690.33,1,90.04,Critical
26.431215307145333,91.9139161614845,63.0,2.780223846435547,1708.67,0,0.0,Low
28.011393002932408,93.92283278849708,2164.0,6.850461959838867,2320.86,0,17.52,Low
28.67045344078852,93.83971695566952,3700.0,28.23285865783692,1535.18,0,3.44,Low
26.45080071809224,92.17627715262849,60.0,3.613206148147583,1218.05,0,0.0,Low
26.251602347978743,94.05467783174308,143.0,9.448296546936035,1566.44,0,1.58,Low
27.8415,94.3399,452.0,52.56237030029297,2681.74,1,99.04,Critical
27.2071,88.5275,1082.0,31.021265029907227,2542.03,1,86.11,Critical
28.4211,93.7787,1455.0,49.609771728515625,1535.18,1,97.75,Critical
24.933887576083823,92.86322119861792,57.0,11.665155410766602,1648.99,0,3.49,Low
25.87160472698743,90.93777805775132,253.0,12.57673168182373,3693.54,0,13.68,Low
23.7684,92.2704,700.0,21.142183303833008,2141.49,1,67.41,High
28.6695,95.0344,753.0,31.415225982666016,2270.17,1,73.1,High
28.4547,95.7557,1549.0,33.20579528808594,2348.99,1,87.74,Critical
27.0628,92.5912,359.0,34.4583854675293,1421.55,1,98.8,Critical
26.38330427033944,93.36702361867864,403.0,35.59321594238281,1427.25,0,24.17,Low
26.9898,92.1155,1675.0,45.38180923461914,1154.3,1,91.4,Critical
28.6196,95.5092,1922.0,48.9254035949707,2348.99,1,93.37,Critical
27.7831,93.1797,1843.0,28.78622436523437,1472.72,1,71.27,High
27.2445,88.2789,1236.0,36.02147674560547,2181.41,1,80.52,Critical
27.5234,96.2387,496.0,22.893848419189453,2174.9,1,68.17,High
27.37606946550229,95.09187639676745,114.0,6.935527324676514,2724.38,0,9.45,Low
24.27437852929599,92.83242372325618,253.0,13.721519470214844,2141.49,0,60.55,High
24.783143642557288,93.62065117293764,1015.0,25.481842041015625,1648.99,0,36.63,Moderate
25.315,91.9982,210.0,27.41448211669922,3717.5,1,69.0,High
23.81663282923958,93.22116327383964,1140.0,15.736822128295898,1381.49,0,16.01,Low
23.48185103846313,93.00269672282916,661.0,12.174514770507812,1327.95,0,3.87,Low
23.4483,92.8761,756.0,16.556421279907227,1327.95,1,18.59,Low
27.9255,96.2967,806.0,26.88743019104004,2484.94,1,82.82,Critical
26.706969050272168,93.52357621742428,89.0,2.790213108062744,2204.32,0,0.5,Low
28.947,95.4967,2763.0,31.941381454467773,1248.72,1,59.64,High
27.557,93.0748,1618.0,12.999069213867188,1971.8,1,32.31,Moderate
27.312989272213088,95.14379777965144,112.0,2.281125545501709,1916.88,0,0.0,Low
27.0913,92.9953,685.0,49.94361114501953,1941.04,1,99.71,Critical
28.09777705088168,97.01544905237662,1616.0,41.747215270996094,1471.65,0,37.22,Moderate
27.52799454771648,91.97309748760398,3965.0,12.951860427856444,853.16,0,0.5,Low
25.8414446520526,92.10355649428509,1115.0,21.808481216430664,1708.67,0,33.42,Moderate
28.7521358995586,96.08617617593806,3007.0,28.59427070617676,1891.54,0,41.89,Moderate
28.81,94.8005,541.0,45.20787811279297,1289.76,1,93.95,Critical
28.092732556834548,96.45537779373436,1257.0,15.176301956176758,2484.94,0,34.95,Moderate
26.07364651529868,91.48621330729304,55.0,3.4669034481048584,1708.67,0,0.0,Low
28.5018,93.4623,2359.0,21.28155899047852,1535.18,1,58.05,High
28.6223,95.6434,2843.0,36.41988754272461,2348.99,1,79.8,Critical
25.71743714441413,92.7271989426042,224.0,26.965551376342773,1218.05,0,4.58,Low
27.03893256076286,92.27336509353108,2365.0,33.723567962646484,1421.55,0,19.05,Low
26.9147,92.2554,394.0,24.11972045898437,1421.55,1,97.9,Critical
27.3869342100318,93.94568614276214,1217.0,27.143287658691406,2592.49,0,54.94,High
23.05031706841112,91.54020090641072,24.0,3.1561403274536133,2396.11,0,0.0,Low
26.75107555916202,90.5987391651193,163.0,3.24320125579834,1708.67,0,1.5,Low
26.696746790185955,93.04339678650032,71.0,1.3926804065704346,1941.04,0,0.0,Low
27.592858728551203,95.60859686114529,134.0,1.3987828493118286,1916.88,0,0.0,Low
26.9327,92.1245,424.0,38.30132675170898,1154.3,1,96.18,Critical
26.355975698105325,95.09144162029044,1930.0,26.39161491394043,1819.61,0,50.6,High
24.9598,92.6592,40.0,4.936460494995117,3573.05,1,68.5,High
27.6892,94.5652,880.0,63.56697082519531,2567.19,1,98.64,Critical
26.53200831338292,94.20095945036094,107.0,2.2681374549865723,1747.44,0,0.0,Low
28.98958700906502,95.79264092275368,2182.0,17.726152420043945,1248.72,0,8.96,Low
26.111911950731287,92.28032486623238,64.0,2.127244710922241,1218.05,0,0.0,Low
23.775339153717045,92.77400043449516,697.0,34.666053771972656,2141.49,0,72.34,High
26.84605360143898,92.16046988215794,144.0,0.9307068586349488,1421.55,0,0.0,Low
25.79571245371912,94.66799147692716,1459.0,15.564313888549805,1566.44,0,14.52,Low
27.474146624918188,92.65617212153028,2319.0,20.99841690063477,1194.49,0,6.86,Low
27.1264,92.8147,677.0,35.44185256958008,1421.55,1,98.5,Critical
28.6913,95.0933,2414.0,44.4052848815918,2270.17,1,82.81,Critical
26.67326245656871,93.56514040317572,75.0,0.9307295083999634,1649.52,0,0.0,Low
23.91230011983402,91.59722788156832,63.0,5.76422929763794,2322.27,0,2.02,Low
28.8834,95.7279,2713.0,39.07449722290039,1248.72,1,76.18,Critical
28.0377,96.4358,665.0,42.40316009521485,2484.94,1,96.58,Critical
25.237972238110835,93.13077811033828,421.0,18.28137969970703,1648.99,0,47.53,Moderate
26.84358349747483,92.7707269549308,83.0,4.174403190612793,1421.55,0,0.0,Low
26.07549818278074,89.83840786489463,29.0,0.0,2542.03,0,0.0,Low
28.5259,93.716,3190.0,48.70270919799805,1535.18,1,91.01,Critical
28.91346624966,94.5701582055937,1312.0,32.05129623413086,1158.49,0,17.68,Low
29.054077288119306,94.62245945668356,3242.0,24.31868362426757,1289.76,0,21.03,Low
25.11059008017653,92.62012051625403,810.0,35.638267517089844,3573.05,0,30.39,Moderate
27.39166193539501,93.69463151354977,1058.0,4.557704448699951,2592.49,0,3.76,Low
27.2929,88.3879,1303.0,21.032777786254883,1690.33,1,58.93,High
28.13402102705602,93.99559096523332,1605.0,17.178865432739258,2320.86,0,27.75,Moderate
27.46198533986733,94.65445552359265,101.0,1.043248414993286,2567.19,0,0.0,Low
27.17661203565552,93.27365393324104,1299.0,1.3959107398986816,1941.04,0,9.81,Low
23.3774,92.6113,748.0,19.220569610595703,2148.54,1,63.61,High
27.7604,94.6212,957.0,63.1937141418457,2681.74,1,98.71,Critical
23.09108785576748,91.79388552136882,103.0,23.535076141357425,2396.11,0,11.9,Low
28.4436,94.8621,614.0,32.5245246887207,2270.17,1,86.17,Critical
25.993931444914704,90.97374401352528,51.0,1.3881068229675293,3717.5,0,0.0,Low
27.24149853418274,92.29516948824076,2816.0,11.305254936218262,1421.55,0,20.01,Low
27.189572326395083,95.36890255756236,129.0,2.131721019744873,1916.88,0,0.0,Low
25.50769986446319,90.82987240187396,439.0,30.836036682128903,3693.54,0,35.0,Moderate
26.054,94.4174,599.0,16.079687118530273,1566.44,1,75.58,Critical
27.8862,94.1282,1261.0,28.194881439208984,2681.74,1,73.73,High
27.2114214334804,92.99011807082344,968.0,34.539249420166016,1941.04,0,58.88,High
25.26660651970031,92.31471696660452,1014.0,4.94476842880249,2535.22,0,1.13,Low
26.172964064641697,94.06809161342484,558.0,8.399710655212402,1566.44,0,59.3,High
25.9603,94.3028,779.0,31.48114967346192,1566.44,1,80.27,Critical
27.1097,92.9567,657.0,35.5115966796875,1941.04,1,92.46,Critical
27.0082,92.3398,1024.0,38.040016174316406,1421.55,1,93.68,Critical
28.4147,93.7871,1189.0,38.77970886230469,1535.18,1,73.25,High
27.3311,93.884,1088.0,24.54703140258789,2592.49,1,68.02,High
27.11645258333266,93.88302490289408,100.0,4.846169948577881,2204.32,0,6.03,Low
24.0876,93.0787,267.0,35.23439025878906,1381.49,1,67.55,High
26.37695777840998,90.05835480189445,46.0,1.033320069313049,2542.03,0,0.0,Low
25.10681345771158,94.21787558547632,1116.0,18.81771850585937,1566.44,0,15.55,Low
28.0504100132957,95.240613047569,671.0,32.65134048461914,2724.38,0,86.57,Critical
25.3502,91.6642,1082.0,31.70401382446289,3717.5,1,92.52,Critical
27.7929,94.9575,236.0,30.42264747619629,2724.38,1,85.29,Critical
27.3871,88.3157,1418.0,35.209083557128906,1690.33,1,76.3,Critical
28.92945312536112,94.57868411758896,1636.0,47.93577194213867,1158.49,0,33.04,Moderate
27.1834,92.6299,1889.0,50.5206184387207,1421.55,1,85.62,Critical
28.4998,95.7719,995.0,12.652664184570312,2348.99,1,68.4,High
28.7389,94.8554,667.0,34.147254943847656,2270.17,1,81.42,Critical
23.6039,92.4643,647.0,27.276731491088867,2148.54,1,76.97,Critical
24.13912695306337,93.84608194388016,822.0,7.066590785980225,1381.49,0,1.83,Low
25.552216197324736,94.7064325075073,2005.0,38.45962905883789,1566.44,0,34.31,Moderate
25.439767091166235,91.57450901778134,1579.0,11.968780517578123,3717.5,0,6.88,Low
27.2278,88.697,831.0,54.411991119384766,2542.03,1,99.3,Critical
23.4222,92.6214,531.0,30.93563842773437,2148.54,1,83.36,Critical
28.536,93.7081,2917.0,42.65055084228516,1535.18,1,76.18,Critical
27.7975,94.5846,576.0,28.662090301513672,2681.74,1,86.95,Critical
27.15430325165597,93.96677258449476,92.0,4.999112606048584,2592.49,0,3.0,Low
27.2766,93.4111,1589.0,32.32963180541992,1971.8,1,61.19,High
23.3851,92.8292,611.0,14.57671356201172,2148.54,1,60.84,High
22.542142445407848,92.92126192848262,573.0,18.111618041992188,1506.81,0,29.63,Moderate
27.3834,88.311,1476.0,25.116857528686523,1690.33,1,63.93,High
27.0377,93.1479,1111.0,40.67230224609375,1941.04,1,88.1,Critical
26.25252980710896,92.22590672716748,56.0,1.3897686004638672,1218.05,0,0.0,Low
26.4902751017169,94.03130186761148,98.0,3.47114372253418,1747.44,0,0.0,Low
27.6868,94.5933,460.0,23.36774253845215,2567.19,1,81.83,Critical
23.4492,92.4374,308.0,17.037494659423828,2148.54,1,67.2,High
28.0283,96.1865,888.0,37.43889236450195,2484.94,1,87.12,Critical
25.47746548550506,91.29715203899912,1514.0,8.85460376739502,3693.54,0,0.25,Low
27.3529,88.0702,3187.0,38.875335693359375,1690.33,1,52.67,High
27.68869712787216,95.36917274011832,118.0,0.0,2724.38,0,0.0,Low
27.271436003742224,96.06598370582932,458.0,21.57489967346192,1835.44,0,80.63,Critical
22.570424321176795,92.7350505319174,687.0,14.356860160827637,2496.59,0,35.95,Moderate
26.07973507093485,93.49137136484948,844.0,11.72985553741455,1427.25,0,19.69,Low
27.0619,93.1972,1022.0,29.633752822875977,1941.04,1,79.32,Critical
26.9594,93.1314,262.0,22.000242233276367,1941.04,1,92.61,Critical
27.7959,94.5575,620.0,22.564502716064453,2681.74,1,74.89,High
27.498,92.562,1827.0,50.76062774658203,1194.49,1,78.87,Critical
23.98760625967925,91.49946869681948,131.0,16.176851272583008,2414.95,0,8.87,Low
24.207,92.647,89.0,14.045958518981934,2141.49,1,65.34,High
27.472717957506024,88.61952480067765,3361.0,35.2584114074707,1707.7,0,4.95,Low
27.935221075770805,93.7667599966947,1416.0,28.59963035583496,2320.86,0,28.86,Moderate
28.559618386896663,93.7240142933427,3873.0,37.42805099487305,1535.18,0,13.79,Low
28.31967073476463,93.68843879278856,3242.0,39.56761932373047,1535.18,0,26.03,Moderate
25.95706171396728,90.21835709107636,36.0,2.126624822616577,3693.54,0,0.0,Low
28.27342573020858,95.64470228327056,373.0,1.05104660987854,2348.99,0,0.98,Low
28.0735,94.0326,1504.0,29.55001640319824,2320.86,1,55.48,High
28.39,93.5614,1968.0,24.565757751464844,1535.18,1,64.28,High
27.1189,92.6527,944.0,26.05699157714844,1421.55,1,86.78,Critical
27.5969,94.5115,293.0,28.91107749938965,2567.19,1,88.57,Critical
23.22433380250118,91.74602627794792,159.0,3.440582036972046,2396.11,0,3.27,Low
27.2481,88.0443,3245.0,16.35590171813965,2181.41,1,67.89,High
28.4965,93.3396,3635.0,41.103309631347656,912.05,1,86.21,Critical
27.339065651767083,93.45385075901554,1615.0,26.892501831054688,2592.49,0,38.69,Moderate
27.6148375995634,93.9776751940682,2046.0,32.34754180908203,2592.49,0,39.61,Moderate
28.1136,96.0363,1520.0,33.19291305541992,2484.94,1,86.71,Critical
27.8405,93.3336,2671.0,34.81705093383789,1472.72,1,78.31,Critical
26.077,94.5597,1809.0,28.41972541809082,1566.44,1,52.53,High
27.8538,94.7468,836.0,31.089982986450195,2724.38,1,89.51,Critical
28.8669,96.4599,3265.0,52.17467880249024,1011.98,1,75.33,Critical
26.500866379245608,94.92877330498266,790.0,17.181812286376953,1819.61,0,52.67,High
25.996604753116912,92.47406157354789,531.0,18.900270462036133,1218.05,0,3.23,Low
27.6427,94.5514,494.0,53.42741394042969,2567.19,1,99.59,Critical
26.9714,92.5428,246.0,18.07707405090332,1421.55,1,97.48,Critical
28.4678,94.8768,855.0,37.05779647827149,2270.17,1,81.1,Critical
26.5495648471974,90.98228659516568,46.0,1.3917070627212524,1708.67,0,0.0,Low
24.499115701598623,94.36577510212771,299.0,12.16539478302002,1381.49,0,4.22,Low
26.302323848156867,90.34687873132316,227.0,4.973876953125,3717.5,0,3.6,Low
25.524392413621307,94.21342733788862,1308.0,23.492809295654297,1566.44,0,31.93,Moderate
24.33676653601523,92.9482811558738,638.0,38.33193206787109,1625.06,0,51.88,High
26.1837,94.6328,1958.0,38.23801803588867,1566.44,1,71.08,High
25.93665885839679,93.01889926373728,94.0,2.790512561798096,1218.05,0,0.0,Low
28.4532,93.3587,2701.0,55.020973205566406,912.05,1,77.13,Critical
28.4802,93.3445,3464.0,34.6746940612793,912.05,1,91.76,Critical
25.04911808661944,94.006840594746,1119.0,36.304500579833984,1271.17,0,30.78,Moderate
23.65486039398977,91.34242595926736,33.0,7.040578365325928,2414.95,0,1.0,Low
26.612225127156563,89.96890833669721,74.0,4.531795978546143,2542.03,0,6.04,Low
24.9493846631268,94.0897464872825,1200.0,24.87401580810547,1271.17,0,10.06,Low
24.1795,92.6952,673.0,27.56346893310547,2141.49,1,78.37,Critical
26.050101127297538,91.85686870259586,168.0,13.31822109222412,1708.67,0,14.27,Low
27.017,92.6121,392.0,28.15839385986328,1421.55,1,98.99,Critical
26.56034951771922,92.96665180270608,72.0,2.1290714740753174,1941.04,0,0.0,Low
28.0775,93.5723,1446.0,43.342620849609375,2320.86,1,64.73,High
27.0286,93.2658,301.0,36.07590103149414,1941.04,1,92.25,Critical
27.133,88.1797,623.0,35.330936431884766,2181.41,1,83.79,Critical
26.9586,93.0976,439.0,28.73746109008789,1941.04,1,86.44,Critical
24.177598779603542,92.87961620195368,230.0,0.9310455322265624,1381.49,0,3.5,Low
26.654178097402514,92.8930899384741,70.0,3.617857694625856,1941.04,0,0.0,Low
26.884772470767626,93.3199947807981,114.0,2.7901432514190674,1941.04,0,0.0,Low
27.30279592940184,88.41172997588441,1596.0,8.477884292602539,1690.33,0,21.76,Low
27.52982230245244,94.1378259449416,526.0,1.3983433246612549,2567.19,0,4.05,Low
24.10040810865161,91.68269775616533,65.0,2.2310662269592285,2322.27,0,0.0,Low
22.5867417206177,92.83784084496952,363.0,5.915893077850342,2496.59,0,9.76,Low
28.83454950368972,95.70785505965723,3229.0,32.28953552246094,1248.72,0,19.25,Low
23.750025178460746,91.6828866796852,72.0,4.117736339569092,2396.11,0,17.53,Low
25.839203092151227,91.82395991902432,630.0,12.96693515777588,1708.67,0,29.79,Moderate
25.73082054468642,92.05902624238873,879.0,1.3864414691925049,3717.5,0,3.5,Low
26.878367720764874,92.36960980453112,173.0,1.037838339805603,1421.55,0,2.5,Low
27.06781356429603,94.2223287458486,88.0,0.930677592754364,2592.49,0,0.0,Low
25.3086,91.789,659.0,30.15047264099121,3717.5,1,84.61,Critical
28.7822,95.3464,3449.0,38.21564865112305,1289.76,1,76.92,Critical
27.0449,92.941,567.0,36.55571746826172,1941.04,1,89.82,Critical
25.294,91.6646,1219.0,54.70329666137695,3717.5,1,98.51,Critical
25.53700772052376,92.81815660918136,317.0,5.116964340209961,2535.22,0,5.93,Low
27.4943,92.0723,3508.0,37.53219223022461,853.16,1,77.59,Critical
27.37598389010978,93.21530743990914,2042.0,20.532995223999023,1971.8,0,20.48,Low
24.11087071591499,92.33509637493736,81.0,6.133906841278076,2141.49,0,1.56,Low
24.2127,92.8134,514.0,13.519145965576172,2141.49,1,65.86,High
26.42116067854966,93.35754433159708,478.0,9.71728515625,1427.25,0,8.39,Low
28.1527,95.1207,919.0,40.96847915649414,2724.38,1,87.48,Critical
24.514331740949984,93.89420429863102,772.0,1.3790608644485474,1381.49,0,0.0,Low
26.698032939924754,90.21017320846092,137.0,2.129642963409424,2542.03,0,0.0,Low
23.4468,92.4356,431.0,30.34522247314453,2148.54,1,77.84,Critical
27.2008,92.711,721.0,33.26884460449219,1421.55,1,97.57,Critical
26.9738,93.1245,322.0,7.742009162902832,1941.04,1,98.4,Critical
28.116288419801407,94.80828068810877,528.0,12.095866203308104,2724.38,0,31.57,Moderate
26.9451,93.0969,299.0,17.18101692199707,1941.04,1,92.58,Critical
26.693865368356946,94.991727633495,609.0,7.71950101852417,1819.61,0,20.67,Low
27.6843,94.6418,438.0,24.860410690307617,2567.19,1,80.11,Critical
23.75784110210333,93.23943569314636,800.0,16.16679573059082,1381.49,0,18.66,Low
25.9347,94.3205,493.0,42.218387603759766,1566.44,1,89.75,Critical
27.5661,93.3029,3035.0,40.74463272094727,1971.8,1,57.05,High
25.0556,92.4521,248.0,18.61226463317871,3573.05,1,64.82,High
26.881787207366887,95.27981992961236,873.0,35.32588577270508,1941.69,0,53.36,High
28.4143,93.7993,781.0,35.666805267333984,1535.18,1,72.4,High
27.56668266632659,96.28444653653534,597.0,18.84700393676757,2174.9,0,54.58,High
24.173466378526737,93.68824230727591,1104.0,27.314510345458984,1381.49,0,5.64,Low
26.023,94.0434,286.0,39.67187881469727,1306.28,1,93.11,Critical
25.24634147882088,93.03675044206643,659.0,11.58766746520996,1648.99,0,16.87,Low
26.689739772767595,90.69425949970018,141.0,3.618676424026489,1708.67,0,0.01,Low
27.526,96.2377,504.0,11.44453239440918,2174.9,1,59.5,High
28.5913,95.803,1111.0,35.02008438110352,2348.99,1,88.68,Critical
25.281426002259067,93.36743409118807,1484.0,19.849767684936523,1271.17,0,6.87,Low
27.3007,93.4994,1559.0,27.97469520568848,2592.49,1,59.06,High
27.501207292338066,88.48129887645723,1747.0,23.969676971435547,1707.7,0,49.1,Moderate
27.8018,94.0225,1349.0,39.74739837646485,2320.86,1,68.28,High
29.121,94.9478,988.0,24.82035446166992,1289.76,1,84.07,Critical
23.856985372415423,91.92134297625988,139.0,18.021163940429688,2322.27,0,24.26,Low
23.6833,92.3607,672.0,27.74591827392578,2148.54,1,82.65,Critical
27.5209,94.0599,1045.0,42.39173889160156,2567.19,1,96.32,Critical
29.037523616805807,94.66046520069348,3261.0,32.80659103393555,1289.76,0,17.27,Low
26.9387,93.0775,432.0,2.976512908935547,1941.04,1,58.49,High
25.70365526041973,94.93524320228946,1531.0,37.72956848144531,1669.48,0,72.81,High
26.9928,92.5089,597.0,18.5911808013916,1421.55,1,90.87,Critical
27.6899,94.5714,757.0,44.63332748413086,2567.19,1,97.37,Critical
25.84410963758135,94.3367803273579,714.0,24.898269653320312,1566.44,0,85.84,Critical
26.726584473788662,91.49442441853712,105.0,0.9307225346565248,1154.3,0,0.0,Low
26.2321,94.6401,1009.0,19.668312072753903,1566.44,1,52.71,High
28.4125,93.7677,940.0,49.941532135009766,1535.18,1,97.56,Critical
25.90414995607157,93.61371978617414,220.0,12.003392219543455,1306.28,0,9.15,Low
28.076890838952995,96.06810964767108,687.0,19.74057006835937,2484.94,0,52.99,High
27.1307,92.8512,588.0,27.44623565673828,1941.04,1,84.94,Critical
27.5482,96.5548,970.0,41.9904670715332,1689.08,1,65.79,High
23.74359100295678,92.05096449370184,172.0,17.823326110839844,2141.49,0,36.36,Moderate
27.53951952431143,88.62863498025871,1517.0,30.426729202270508,1707.7,0,62.95,High
29.1057,95.0054,1116.0,40.10713195800781,1289.76,1,90.6,Critical
25.27454897986394,91.10657562828884,547.0,2.765610694885254,3693.54,0,0.0,Low
26.9567,92.3341,460.0,30.360107421875,1421.55,1,97.12,Critical
25.4174,91.7869,1763.0,34.61354446411133,3717.5,1,91.8,Critical
27.2021,88.1515,2129.0,31.058969497680664,2181.41,1,66.66,High
27.68923244472835,95.4762003733558,117.0,0.0,2724.38,0,1.5,Low
25.754228405046543,91.35295443548682,757.0,19.28939247131348,3717.5,0,4.26,Low
27.394996927097072,94.45767612871543,95.0,2.132608890533448,2567.19,0,0.0,Low
27.7036,94.6896,391.0,34.02833938598633,2357.98,1,90.58,Critical
28.010746968657298,88.66786020191398,5681.0,6.382444381713867,1707.7,0,3.35,Low
27.4031,88.2846,1652.0,57.25055694580078,1690.33,1,94.11,Critical
25.350620063402864,92.02016352400967,1311.0,10.300825119018556,3717.5,0,6.31,Low
24.970029943303093,92.53363627823276,22.0,2.790879249572754,3573.05,0,0.0,Low
26.9684,93.0985,434.0,15.063984870910645,1941.04,1,91.44,Critical
27.7933,94.6865,1020.0,19.273157119750977,2724.38,1,67.47,High
28.07258621544483,96.51173038845016,875.0,44.3920783996582,2484.94,0,63.95,High
25.224358541730595,92.9972130586141,639.0,30.097057342529297,1648.99,0,54.34,High
28.3411,95.6893,1488.0,33.86597442626953,2348.99,1,85.77,Critical
25.0575,93.0873,407.0,31.99798011779785,1648.99,1,74.08,High
25.1788,91.8266,78.0,25.24675369262696,4943.24,1,43.93,Moderate
26.27327586052925,92.82905496655675,102.0,16.695842742919922,1218.05,0,7.34,Low
27.49832587202741,95.26513176848854,121.0,3.6377320289611816,2724.38,0,0.05,Low
28.567885025819592,93.9158534861246,4281.0,22.051006317138672,1535.18,0,4.23,Low
26.0295,94.3512,690.0,37.879432678222656,1566.44,1,89.98,Critical
25.02132621854633,93.16657490447008,124.0,14.057429313659668,1648.99,0,17.43,Low
24.11702148198021,93.15010502180778,551.0,11.426745414733888,1381.49,0,5.2,Low
28.0275,95.1996,498.0,35.003299713134766,2724.38,1,91.74,Critical
27.0614,93.3438,678.0,22.037670135498047,1941.04,1,79.2,Critical
23.733682623332992,92.79154652920012,351.0,26.5062313079834,2148.54,0,72.69,High
27.6881,94.5526,990.0,23.970090866088867,2567.19,1,85.82,Critical
28.0839,93.2682,1967.0,48.25761032104492,1472.72,1,92.92,Critical
27.293102076278355,88.04850561261598,3331.0,40.42399215698242,1690.33,0,9.57,Low
28.4226,93.3934,2433.0,22.3301944732666,912.05,1,74.13,High
28.6801,94.3857,2639.0,38.77995681762695,2030.02,1,51.98,High
25.9781,94.0514,557.0,35.081295013427734,1566.44,1,89.52,Critical
22.600240314671897,93.09979680896596,1391.0,21.46166610717773,1506.81,0,16.49,Low
23.70353150230192,92.78203205744944,520.0,31.879966735839844,2148.54,0,81.72,Critical
27.17914261187669,93.76912018755117,285.0,31.83967018127441,2204.32,0,57.78,High
26.0392,94.0545,374.0,15.80201244354248,1566.44,1,79.92,Critical
26.10483315334346,95.10633733690482,2365.0,32.31433868408203,1669.48,0,33.91,Moderate
24.0995,92.9337,561.0,7.124297618865967,1381.49,1,14.13,Low
24.61994431265644,92.68382938699848,60.0,10.717850685119627,2942.16,0,6.37,Low
27.5065,94.1272,691.0,47.21994018554688,2567.19,1,98.97,Critical
27.6654,94.2375,836.0,48.32012939453125,2567.19,1,95.67,Critical
27.648494225299405,95.44381487730249,116.0,0.9306001663208008,2724.38,0,0.5,Low
28.1314,95.9891,1571.0,41.6776008605957,2484.94,1,89.05,Critical
28.0735,93.2735,1727.0,56.098758697509766,1472.72,1,95.79,Critical
27.380491982059464,96.1273562206098,212.0,5.1986823081970215,2174.9,0,9.47,Low
28.33905998620204,96.30860510711672,3606.0,12.965384483337402,1891.54,0,25.21,Moderate
27.4743,96.2724,582.0,24.16272735595703,2174.9,1,75.42,Critical
25.70889103673792,90.73150384168775,348.0,14.78351593017578,3693.54,0,2.87,Low
26.350543363415632,90.70287159470932,41.0,4.164683818817139,3717.5,0,0.0,Low
22.27185008491673,92.72010812659892,547.0,29.9959774017334,2496.59,0,57.61,High
25.81514530495736,93.69730522341858,160.0,3.2195074558258057,1306.28,0,0.0,Low
27.334477223851152,88.1990784111583,1686.0,42.66875457763672,1690.33,0,65.27,High
28.4788,93.3489,3195.0,48.59324645996094,912.05,1,93.57,Critical
24.37301556620948,93.8711130792888,770.0,4.235441207885742,1381.49,0,2.0,Low
29.00131215926197,95.84231925505712,2482.0,42.23063278198242,1248.72,0,36.09,Moderate
27.3623,88.0692,3162.0,37.99746322631836,1690.33,1,70.18,High
28.4975,94.9112,1067.0,35.9534797668457,2270.17,1,58.54,High
27.66016425411308,95.03193109662551,111.0,3.132596492767334,2724.38,0,1.0,Low
28.26631967612133,97.18207156988623,3135.0,11.76426887512207,1044.44,0,40.55,Moderate
27.343196591061016,95.63182827338274,157.0,1.8607912063598635,1916.88,0,0.0,Low
28.4425,95.8081,1301.0,43.31141662597656,2348.99,1,90.56,Critical
25.356670652765715,94.22090044234903,1590.0,24.214111328125,1566.44,0,35.57,Moderate
27.6379,94.5727,651.0,41.80192565917969,2567.19,1,97.71,Critical
28.1987,93.3993,1537.0,53.41523742675781,1472.72,1,91.53,Critical
27.0341,93.1946,712.0,31.149995803833008,1941.04,1,86.05,Critical
27.2652,88.2452,826.0,30.78034782409668,1690.33,1,83.35,Critical
26.242883964887326,90.5410472882166,34.0,1.3897056579589844,3717.5,0,0.0,Low
28.02983856266788,88.50578500674985,5442.0,27.10200881958008,1707.7,0,1.22,Low
27.0312,92.6404,372.0,31.728731155395508,1421.55,1,98.49,Critical
25.14260435765061,94.09713917056632,938.0,17.241912841796875,1306.28,0,16.46,Low
27.37181050289482,95.7389233864588,151.0,0.9306371808052064,2291.38,0,0.0,Low
23.6882,92.6251,1122.0,12.512215614318848,2148.54,1,61.99,High
24.04400701911087,93.0627589561377,897.0,48.86418151855469,1381.49,0,13.4,Low
24.443597769981103,93.67803486022642,1179.0,21.04034996032715,1381.49,0,27.2,Moderate
26.50601574326836,95.10419913584406,1986.0,17.4006404876709,1819.61,0,23.08,Low
26.9965,92.5683,622.0,28.54185676574707,1421.55,1,98.86,Critical
27.1157,92.9165,749.0,47.46022033691406,1941.04,1,98.88,Critical
23.98988712665514,91.75487437838622,431.0,15.802572250366213,2322.27,0,45.14,Moderate
28.201121744387365,94.29335450812192,1924.0,26.8623161315918,2681.74,0,51.69,High
25.634874178548905,90.46298923909144,444.0,11.43414306640625,3693.54,0,4.75,Low
26.9499,93.1125,278.0,19.262435913085938,1941.04,1,91.33,Critical
25.5187,91.8109,1744.0,23.96578788757324,3717.5,1,93.63,Critical
26.46938392160112,92.61497243102684,63.0,1.3911815881729126,1218.05,0,0.0,Low
25.354,91.7659,1614.0,39.82354736328125,3717.5,1,92.09,Critical
28.1657,95.8978,949.0,28.03536033630371,2817.65,1,67.21,High
26.730075601664502,94.6809962434987,161.0,2.1297762393951416,1747.44,0,0.0,Low
26.9726,93.1025,385.0,19.027603149414062,1941.04,1,92.17,Critical
25.04732533548578,93.722745689171,1199.0,16.559497833251953,1271.17,0,3.92,Low
29.318007838093017,94.63241694033628,4525.0,34.41847610473633,1289.76,0,0.5,Low
27.2757,88.13,1657.0,39.27009201049805,1690.33,1,70.19,High
26.3403,94.8821,773.0,19.913015365600582,1819.61,1,78.6,Critical
23.579,92.4858,384.0,29.33075904846192,2148.54,1,82.03,Critical
26.540217389462647,95.08776163645484,1451.0,32.80437469482422,1819.61,0,54.31,High
24.63759390298333,93.17688925821922,597.0,28.693159103393555,1625.06,0,55.88,High
27.7929,94.3847,1434.0,34.94173812866211,2681.74,1,87.69,Critical
24.81429361446919,92.79155483144272,25.0,0.9309670329093932,3573.05,0,0.0,Low
26.978,93.3611,424.0,26.12226676940918,1941.04,1,88.57,Critical
23.314689958591405,91.66542077758182,71.0,10.18441677093506,2396.11,0,6.09,Low
27.2316,88.3958,2052.0,25.16537094116211,2181.41,1,39.09,Moderate
27.86550538022749,96.41817998714832,1585.0,47.162208557128906,2484.94,0,61.37,High
27.4473,94.0785,689.0,54.85366439819336,2567.19,1,99.38,Critical
24.768995774459977,93.60659171614012,495.0,17.813119888305664,1648.99,0,32.04,Moderate
23.77547326327603,92.82438031407466,388.0,32.854061126708984,2148.54,0,74.55,High
24.56257808150169,92.42135747855058,22.0,1.861505150794983,2942.16,0,0.0,Low
26.59047959545489,92.1398562665552,75.0,2.1291966438293457,1154.3,0,0.0,Low
26.09633927309732,90.16645929424924,27.0,0.0,3693.54,0,0.0,Low
28.03573367446489,96.97791614561804,1141.0,22.527061462402344,1471.65,0,20.94,Low
26.93854450890652,95.33864589121012,644.0,25.77476501464844,1941.69,0,67.41,High
23.73836303674158,92.2745716744156,483.0,17.273582458496094,2141.49,0,44.73,Moderate
28.787310018601293,95.448188984084,2428.0,23.11309814453125,1248.72,0,29.58,Moderate
26.0731,94.3827,396.0,27.880823135375977,1566.44,1,88.04,Critical
26.91061986812855,94.71537895994268,95.0,1.8609058856964111,1941.69,0,0.0,Low
25.40742157776089,90.69581372360722,554.0,14.918879508972168,3693.54,0,1.24,Low
27.0995,92.8167,363.0,23.6546630859375,1421.55,1,98.04,Critical
27.4232,93.9455,997.0,31.28660774230957,2592.49,1,86.14,Critical
27.85727272117691,88.63187442821908,5283.0,30.861717224121094,1707.7,0,1.0,Low
28.0838,93.2878,1159.0,45.26326370239258,1472.72,1,95.61,Critical
23.5222,92.4592,341.0,27.92064666748047,2148.54,1,81.03,Critical
25.3887,91.8731,1536.0,25.19632148742676,3717.5,1,90.78,Critical
27.134267490403342,94.6215368921888,93.0,0.9306687712669371,1747.44,0,0.0,Low
25.601351415871846,93.8340829246686,1638.0,32.9803581237793,1306.28,0,5.61,Low
28.7354,95.0908,2168.0,59.38148498535156,2270.17,1,94.9,Critical
26.3602,94.8987,667.0,25.999725341796875,1819.61,1,82.91,Critical
25.023389980173228,92.47729210884188,51.0,8.380988121032715,3573.05,0,7.0,Low
25.84696777098742,91.98543177650916,831.0,11.319147109985352,1708.67,0,23.5,Low
28.4607063777351,96.01517142049764,2861.0,19.72332000732422,1891.54,0,17.78,Low
28.683760894554432,95.88333216539436,2364.0,42.431434631347656,2348.99,0,50.26,High
28.111485799283585,92.88994353446064,4903.0,17.65477180480957,1472.72,0,2.8,Low
23.7923,92.6617,435.0,10.38284397125244,2141.49,1,86.45,Critical
25.81350444045973,92.0236532682453,859.0,5.211631774902344,1708.67,0,3.58,Low
25.720475032917268,90.1292494142133,235.0,10.572672843933104,3693.54,0,4.51,Low
28.63403708774497,94.50533272589364,3305.0,61.7421989440918,2030.02,0,19.0,Low
27.00901276070492,94.42762708437984,84.0,2.276003122329712,1747.44,0,0.0,Low
28.08811355605025,96.55793026316162,1023.0,26.70793533325196,2484.94,0,59.64,High
28.1058,95.2781,256.0,31.909149169921875,2724.38,1,93.32,Critical
27.416474903327032,93.59223021748254,1615.0,29.187639236450195,2592.49,0,36.91,Moderate
26.12706185290797,94.6900726932066,2078.0,15.424711227416992,1669.48,0,17.82,Low
28.8726,94.8081,1163.0,46.87638854980469,1289.76,1,91.03,Critical
26.82888309277261,93.43222240439124,82.0,3.474667549133301,1941.04,0,0.0,Low
27.69037454561167,88.35009019672606,4233.0,34.96128845214844,1690.33,0,1.11,Low
27.078964016417395,92.12663977918032,1155.0,45.490509033203125,1154.3,0,44.3,Moderate
23.903461471026404,92.21806322354792,94.0,12.15748119354248,2141.49,0,5.82,Low
28.664392371768383,94.40407899577794,2113.0,23.843156814575195,2030.02,0,26.38,Moderate
25.02959277209388,94.49836133552496,985.0,29.606897354125977,1566.44,0,58.06,High
27.13162896600367,92.55157734827132,1249.0,31.6253719329834,1421.55,0,40.74,Moderate
27.6968,94.6245,282.0,40.72986602783203,2567.19,1,91.93,Critical
29.0187,94.8725,1216.0,43.96210861206055,1289.76,1,92.18,Critical
28.185,95.8745,1045.0,58.88891220092773,2817.65,1,97.33,Critical
27.80545842812256,96.96699612662772,2474.0,37.94493103027344,1471.65,0,16.34,Low
28.2823,93.2549,3122.0,57.96517562866211,912.05,1,91.34,Critical
28.57484853708729,96.06007189751824,2780.0,31.407140731811523,1891.54,0,38.91,Moderate
24.235919516179155,92.99943225711408,633.0,17.69576644897461,1625.06,0,35.28,Moderate
27.8217,95.0232,284.0,18.286495208740234,2724.38,1,77.16,Critical
26.802423566261183,92.90607956256233,85.0,2.073615312576294,1941.04,0,1.5,Low
27.1719,93.1116,1703.0,36.57368469238281,1941.04,1,77.11,Critical
26.9678,92.5622,240.0,31.369548797607425,1421.55,1,98.98,Critical
26.9421,93.0796,420.0,23.37042808532715,1941.04,1,89.12,Critical
28.5011,94.3463,2687.0,46.77901458740234,2030.02,1,85.43,Critical
26.9951,92.5712,548.0,51.33633041381836,1421.55,1,99.79,Critical
25.461213460905224,94.1450971754024,1448.0,13.599040985107422,1566.44,0,12.15,Low
27.7211,94.5423,962.0,48.41848373413086,2567.19,1,97.93,Critical
27.3745,92.73,1515.0,15.469353675842283,1194.49,1,56.49,High
26.387164333923163,94.57154792273884,830.0,24.55788230895996,1747.44,0,58.16,High
27.99543531278917,97.08517484038735,4071.0,40.61467742919922,1471.65,0,0.5,Low
27.8605,94.3137,415.0,56.70484924316406,2681.74,1,95.99,Critical
27.0909,92.7258,712.0,39.99962615966797,1421.55,1,97.35,Critical
27.76212333210847,92.5876854236386,3292.0,73.43431854248047,1194.49,0,34.3,Moderate
26.01864873574436,94.91882818626092,1194.0,24.743125915527344,1669.48,0,39.81,Moderate
24.96243105660041,92.47850444084374,18.0,2.2436466217041016,3573.05,0,0.0,Low
22.16360972679208,92.97426344340732,791.0,28.71814346313477,1506.81,0,23.79,Low
27.1354,88.4966,464.0,29.11534118652344,2542.03,1,88.65,Critical
27.6863,94.5144,752.0,55.41977691650391,2567.19,1,99.34,Critical
28.7439,94.867,470.0,41.6655502319336,2270.17,1,94.72,Critical
25.2483750383394,94.50247776737584,1340.0,33.49919509887695,1566.44,0,44.22,Moderate
27.3521,88.0816,3067.0,25.343027114868164,1690.33,1,80.59,Critical
25.31698821149523,91.75123018646308,1620.0,9.229199409484863,3717.5,0,14.01,Low
28.151376005584748,94.26201234444564,2629.0,21.488187789916992,2681.74,0,23.57,Low
22.2606884060707,92.65749126880552,113.0,4.752127647399902,2496.59,0,3.38,Low
28.308863178149885,96.98175327599296,2327.0,39.90573120117188,1044.44,0,28.03,Moderate
24.814379613444835,92.90473665302017,25.0,2.241443157196045,1648.99,0,0.0,Low
27.77312473319122,97.04500881995686,2546.0,26.121723175048828,1471.65,0,17.95,Low
25.35949713237221,93.93589635313694,1421.0,21.740036010742188,1306.28,0,17.47,Low
27.8892,94.8941,321.0,17.841644287109375,2724.38,1,82.63,Critical
28.1874,93.5763,1957.0,49.16072463989258,2320.86,1,86.94,Critical
28.1612,95.8975,740.0,41.22552108764648,2817.65,1,95.94,Critical
27.0896,92.7474,295.0,36.98311614990234,1421.55,1,97.25,Critical
29.219843966034126,94.663942700698,4339.0,49.43603897094727,1289.76,0,2.01,Low
28.211453920700368,94.43677435185386,2107.0,38.87395095825195,2681.74,0,25.71,Moderate
25.269508096380267,93.09353193534868,588.0,31.1924991607666,1271.17,0,11.78,Low
26.8305728116054,92.77514173226774,88.0,2.7854983806610107,1421.55,0,0.0,Low
25.1647655334144,94.3843487338819,1299.0,19.971111297607425,1566.44,0,23.65,Low
27.2188,88.4853,403.0,26.97112846374512,2542.03,1,84.31,Critical
26.9678,92.5851,231.0,8.274262428283691,1421.55,1,81.13,Critical
25.83500505551467,92.99312363811332,100.0,3.083057880401612,1218.05,0,0.0,Low
26.47372075832407,95.00914044392256,1814.0,29.03108596801757,1819.61,0,49.93,Moderate
26.74675819809461,90.94099599593191,96.0,3.2430858612060547,1708.67,0,0.0,Low
25.434473980530274,93.04543872831638,213.0,6.8961334228515625,1271.17,0,2.5,Low
27.7729,94.3645,1196.0,31.937450408935547,2681.74,1,87.02,Critical
28.5479,94.4655,1709.0,35.15888977050781,2030.02,1,78.34,Critical
27.771198744824737,96.64254295084744,2821.0,32.148868560791016,1471.65,0,16.14,Low
24.40397048143081,92.9529934221778,215.0,13.980905532836914,1625.06,0,13.48,Low
28.01784659208119,92.73308800158108,5821.0,46.44098663330078,1472.72,0,11.5,Low
27.15125016399072,93.32893098136584,2070.0,21.63228416442871,1941.04,0,21.01,Low
27.0276,93.6584,297.0,19.27079963684082,2204.32,1,63.05,High
28.7636,94.8611,544.0,34.85519790649414,1289.76,1,93.33,Critical
26.987405637545383,93.74271411814505,96.0,2.130859613418579,2204.32,0,1.5,Low
26.363297641352144,90.21591731210168,50.0,0.930769979953766,3717.5,0,0.0,Low
28.4354,95.9262,2132.0,30.46778678894043,2348.99,1,80.29,Critical
28.4202,93.7699,1466.0,45.39011764526367,1535.18,1,93.4,Critical
24.0434,93.0244,921.0,30.572826385498047,1381.49,1,74.51,High
27.9031,96.346,770.0,41.00986099243164,2484.94,1,93.35,Critical
24.2495992262166,92.70010840336975,319.0,21.754358291625977,2141.49,0,53.03,High
26.110486789850924,92.02063415324116,78.0,11.077961921691896,1708.67,0,7.92,Low
27.2134,93.528,1209.0,19.404783248901367,2204.32,1,60.27,High
25.70931132772944,93.23705251039146,234.0,3.85709285736084,1271.17,0,0.0,Low
27.5179112643337,88.5275885429851,1000.0,29.029674530029297,1707.7,0,54.31,High
27.287988678922943,88.53092486824019,1552.0,9.931218147277832,1707.7,0,14.83,Low
26.233576439418883,91.49550533772975,52.0,1.0320501327514648,1708.67,0,0.0,Low
27.7672,94.3017,687.0,40.600059509277344,2681.74,1,91.44,Critical
28.18951942829052,94.34395758180332,2514.0,34.69287872314453,2681.74,0,18.11,Low
27.52872172170695,93.59884570818808,1563.0,16.630382537841797,2592.49,0,22.68,Low
27.2749,93.4138,1544.0,33.9086799621582,1971.8,1,69.9,High
25.227919770629423,94.23923828074108,1246.0,24.045185089111328,1566.44,0,36.7,Moderate
27.6996,94.7082,288.0,50.301395416259766,2357.98,1,94.6,Critical
26.9621,92.9891,204.0,23.661495208740234,1941.04,1,76.91,Critical
27.2328,88.4487,970.0,22.59175109863281,2181.41,1,79.25,Critical
26.25406999966477,91.74366228780126,102.0,26.87803840637207,1708.67,0,47.69,Moderate
24.17418233378733,94.10831478100312,870.0,23.89748764038086,1381.49,0,10.41,Low
27.6,94.4291,280.0,39.3325309753418,2567.19,1,89.29,Critical
28.26423717926684,94.5228845055536,1293.0,40.89494323730469,2030.02,0,66.65,High
29.079894835367902,95.6528426445505,3214.0,16.68785858154297,1248.72,0,12.26,Low
23.26667859991333,91.6308713158978,55.0,7.080503463745117,2396.11,0,0.5,Low
27.2558,93.867,244.0,13.668633460998535,2592.49,1,44.89,Moderate
28.5275,94.3557,1320.0,34.6446533203125,2030.02,1,72.03,High
27.693234196327445,96.18773900359636,257.0,5.9413652420043945,2174.9,0,7.01,Low
22.90272675486032,92.96158963373516,823.0,22.53654289245605,1506.81,0,14.52,Low
26.19658422400722,92.12578414346407,93.0,13.158490180969238,1218.05,0,5.23,Low
28.2464,95.8522,1365.0,51.05266571044922,2817.65,1,97.22,Critical
27.085739990688907,94.8135763902832,98.0,2.976929187774658,1941.69,0,0.0,Low
28.5906,95.3502,2674.0,27.72272491455078,2348.99,1,74.34,High
26.3024,94.5554,827.0,8.380867004394531,1747.44,1,53.6,High
26.9782,93.3546,667.0,44.1378173828125,1941.04,1,99.19,Critical
26.73801930017852,93.0551925122501,70.0,3.717984199523926,1941.04,0,0.0,Low
27.974,93.0748,1700.0,45.49835968017578,1472.72,1,92.52,Critical
23.050258966132294,92.59319571793591,95.0,3.852768421173096,2496.59,0,0.05,Low
28.3528,95.9006,1235.0,54.61848449707031,2348.99,1,94.38,Critical
26.846651846804978,94.26622681132248,87.0,2.273305177688598,1747.44,0,0.0,Low
26.9749,93.2479,354.0,9.091774940490724,1941.04,1,94.13,Critical
27.9176,96.3994,710.0,34.31134796142578,2484.94,1,87.53,Critical
27.78613836961796,93.1462382776306,2225.0,40.18588638305664,1472.72,0,45.76,Moderate
26.9407,93.0528,378.0,12.07772445678711,1941.04,1,95.52,Critical
28.169361636948462,93.2029768338117,1232.0,41.34517288208008,1472.72,0,79.0,Critical
28.2166,95.3935,1328.0,52.20086669921875,2817.65,1,98.21,Critical
28.5961,95.6588,1926.0,29.05008125305176,2348.99,1,79.05,Critical
28.2852,95.5219,877.0,43.55351638793945,2348.99,1,89.66,Critical
26.25367667488372,92.17627782402964,53.0,1.032226800918579,1218.05,0,0.0,Low
27.224176046428763,93.50465981210696,1227.0,25.29097557067871,2204.32,0,38.06,Moderate
24.02574147842461,92.056758751773,125.0,14.027313232421877,2322.27,0,16.31,Low
26.010915127954448,93.56278885481645,298.0,5.661105155944824,1427.25,0,7.62,Low
27.0957,93.0232,468.0,34.1390380859375,1941.04,1,95.23,Critical
24.45226316540575,93.615896950063,928.0,27.69259452819824,1381.49,0,5.52,Low
27.728,94.563,932.0,55.2685775756836,2567.19,1,98.63,Critical
28.1912,96.3534,1779.0,49.382843017578125,2484.94,1,96.35,Critical
27.98876669032624,95.73741479457266,157.0,1.860617995262146,2817.65,0,0.0,Low
25.242813270081385,94.4347779460176,1274.0,13.350276947021484,1566.44,0,18.76,Low
26.094149342684545,91.35046060616364,46.0,1.030823826789856,1708.67,0,0.0,Low
26.9884,93.6276,220.0,25.05027198791504,2204.32,1,69.96,High
23.01804379395549,93.0139940060312,697.0,1.861877202987671,1506.81,0,1.0,Low
28.355,94.2163,1426.0,51.02308654785156,2030.02,1,94.64,Critical
25.57418571828688,92.98901088651652,161.0,14.192679405212402,1271.17,0,7.89,Low
26.0558,94.439,593.0,24.873403549194336,1566.44,1,89.25,Critical
27.153470654731137,92.36882490904262,2617.0,39.14751815795898,1421.55,0,17.75,Low
28.757437282810567,94.05261751051025,3867.0,36.1171989440918,1158.49,0,5.1,Low
27.0946,92.6128,555.0,28.20840072631836,1421.55,1,98.76,Critical
23.58295903200247,91.23385449502952,67.0,1.3737528324127195,2414.95,0,0.0,Low
28.0354,96.1715,587.0,23.12207794189453,2484.94,1,71.63,High
26.5746,94.7881,826.0,48.90182113647461,1819.61,1,98.15,Critical
26.984,92.5302,339.0,22.387487411499023,1421.55,1,94.31,Critical
27.31567746891497,88.74436601406606,3051.0,35.97486877441406,1707.7,0,25.33,Moderate
26.234198931788832,91.1829715880819,39.0,2.263328313827514,1708.67,0,0.0,Low
26.85315468158762,91.829187176781,242.0,2.2734107971191406,1154.3,0,7.5,Low
26.77804829449672,91.65100074114436,131.0,1.86094069480896,1154.3,0,0.0,Low
28.71,95.805,1494.0,46.85224151611328,2348.99,1,89.52,Critical
27.8805,96.4665,925.0,60.78407669067383,2484.94,1,93.76,Critical
26.013,94.0318,288.0,29.563587188720703,1306.28,1,76.09,Critical
28.0864,96.1297,1320.0,54.69596481323242,2484.94,1,96.94,Critical
27.6472279057066,93.69653351682,1501.0,27.06696128845215,2592.49,0,43.44,Moderate
28.335574760454243,96.5064968529286,2636.0,71.5018539428711,1891.54,0,20.22,Low
26.42621009654555,92.3145108510969,65.0,0.0,1218.05,0,0.0,Low
27.608594362253907,96.3140962153477,522.0,15.399550437927246,2174.9,0,37.83,Moderate
25.2357,91.8003,643.0,32.57548904418945,4943.24,1,91.81,Critical
25.2898056202702,94.15491407916704,1964.0,46.58702087402344,1566.44,0,50.33,High
27.99995845550923,94.32588216512424,650.0,13.182061195373535,2681.74,0,30.56,Moderate
28.7891,95.8328,1657.0,43.31010055541992,1248.72,1,79.45,Critical
28.221,95.8554,1556.0,31.48352813720703,2817.65,1,84.8,Critical
26.9896,92.4799,577.0,47.32601547241211,1421.55,1,98.4,Critical
22.74100908497903,93.01086647845352,751.0,21.47714805603028,1506.81,0,22.58,Low
27.280089083865505,93.7944400162573,582.0,36.52555847167969,2592.49,0,70.15,High
28.5534,93.4617,2992.0,72.60675811767578,1535.18,1,76.54,Critical
26.2322,94.7635,1823.0,25.62645149230957,1669.48,1,57.06,High
22.57275022302125,92.9823120342752,872.0,3.533910036087036,1506.81,0,1.83,Low
27.791,94.3038,581.0,55.34966659545898,2681.74,1,98.62,Critical
25.751745781194145,89.91392285919034,26.0,2.2556989192962646,3693.54,0,0.0,Low
28.4158,95.4954,1762.0,47.34839630126953,2348.99,1,87.3,Critical
27.43777455051761,96.1966968777706,317.0,19.26116371154785,2174.9,0,51.03,High
28.4642,94.4419,2439.0,41.89288330078125,2030.02,1,71.27,High
26.48870962058993,93.08957842807676,153.0,11.031655311584473,1427.25,0,4.61,Low
26.259686757197933,90.52732402683166,35.0,5.2306437492370605,3717.5,0,0.0,Low
23.571752756277583,93.13604215762116,1090.0,31.95824241638184,1327.95,0,13.89,Low
27.0608,92.6249,904.0,46.326210021972656,1421.55,1,95.52,Critical
28.0624,93.3379,1439.0,29.37751579284668,1472.72,1,79.81,Critical
24.48271339645644,93.86745738020366,772.0,0.9310081005096436,1381.49,0,0.0,Low
27.7621,93.8388,1219.0,19.30753898620605,2320.86,1,63.32,High
28.46162761851437,94.30260015390232,3806.0,16.22481918334961,2030.02,0,8.61,Low
27.76299689742272,95.27479958651745,118.0,0.9305847883224488,2724.38,0,0.0,Low
28.61,95.6114,2492.0,48.82388305664063,2348.99,1,93.66,Critical
28.3682,94.5565,1374.0,43.32687377929688,2030.02,1,80.79,Critical
27.3739,93.9533,714.0,41.44218826293945,2592.49,1,95.96,Critical
28.283,93.255,3156.0,41.34796524047852,912.05,1,93.49,Critical
23.2389,93.1454,1164.0,32.281585693359375,1506.81,1,63.62,High
25.895712145908867,92.79012318733392,80.0,2.1263818740844727,1218.05,0,0.0,Low
25.78314684359105,93.5361661215983,218.0,4.823991775512695,1306.28,0,1.5,Low
27.2908,93.4518,1676.0,18.103334426879883,2592.49,1,53.95,High
28.36742180634983,95.23025881262636,1128.0,36.23597717285156,2270.17,0,56.26,High
28.205,95.8065,723.0,23.679283142089844,2817.65,1,79.53,Critical
27.1615,93.1444,1526.0,32.5252799987793,1941.04,1,72.6,High
26.54617517074133,92.36928204098406,54.0,1.0348312854766846,1421.55,0,0.0,Low
28.0706,93.2689,1979.0,50.99737548828125,1472.72,1,95.45,Critical
28.43145784433269,96.0405220496555,1665.0,54.15512847900391,1891.54,0,66.49,High
27.7978,94.5788,673.0,26.5151596069336,2681.74,1,81.65,Critical
26.72488561926867,94.39476871606162,109.0,1.8609546422958367,1747.44,0,0.0,Low
28.4264,95.8125,593.0,21.422895431518555,2348.99,1,71.09,High
26.9444,92.13,556.0,37.91497039794922,1154.3,1,96.53,Critical
28.182,95.9153,1954.0,54.95272064208984,2817.65,1,97.62,Critical
27.6817,94.5893,404.0,21.54549217224121,2567.19,1,79.91,Critical
28.869224578587,95.276378033502,3335.0,41.59919357299805,1289.76,0,33.7,Moderate
24.321423256928128,94.0644661085398,939.0,9.70353889465332,1381.49,0,4.48,Low
28.4647,95.7017,1415.0,24.490095138549805,2348.99,1,77.34,Critical
26.7024067759849,92.48144667952312,82.0,2.1296615600585938,1421.55,0,0.0,Low
25.68306772310706,94.80804895538334,1969.0,34.33506393432617,1669.48,0,43.99,Moderate
27.6489,94.3636,585.0,58.08350372314453,2567.19,1,96.93,Critical
26.977,92.1726,908.0,61.83226013183594,1421.55,1,97.37,Critical
27.287774707826,93.35003235746092,1449.0,31.007524490356445,1971.8,0,43.03,Moderate
26.339516615576667,92.28430831011524,56.0,2.265019655227661,1218.05,0,0.0,Low
24.213870552033256,93.24207930405191,1101.0,15.443866729736328,1381.49,0,15.96,Low
28.664338121132023,96.2795907063508,2171.0,17.848588943481445,1891.54,0,21.94,Low
25.9867,93.9879,430.0,19.68903350830078,1306.28,1,64.14,High
28.9578,95.1711,2871.0,49.902374267578125,1289.76,1,91.97,Critical
23.027180793715274,92.44428632764534,175.0,12.888227462768556,2496.59,0,9.09,Low
28.6429,95.7295,1693.0,33.720787048339844,2348.99,1,78.99,Critical
25.09962102486944,94.60715584583517,1664.0,32.07478332519531,1566.44,0,42.91,Moderate
28.11409975603568,93.84471091464113,1603.0,43.69733047485352,2320.86,0,50.58,High
28.3917,93.5564,2135.0,17.838571548461914,1535.18,1,62.07,High
24.198165977444265,92.52720811414986,46.0,5.062427520751953,2141.49,0,4.0,Low
28.59541199137721,93.61699903836043,2757.0,10.11036491394043,1535.18,0,20.26,Low
25.369554320787348,92.54019765856803,1065.0,9.82246208190918,2535.22,0,9.7,Low
27.0519,93.3365,631.0,41.76800537109375,1941.04,1,97.32,Critical
28.84151211956598,95.454045871076,2819.0,34.6029167175293,1248.72,0,25.57,Moderate
28.1879,96.1538,1600.0,46.3531494140625,2484.94,1,86.64,Critical
28.45388254226182,94.2902242769956,3769.0,13.051087379455566,2030.02,0,12.52,Low
27.636812823665053,93.40213417707804,2723.0,23.082595825195312,1971.8,0,37.24,Moderate
23.8814,92.6547,214.0,5.37899112701416,2141.49,1,63.29,High
26.9799,92.5508,443.0,40.223270416259766,1421.55,1,98.89,Critical
27.37691522208144,92.26653718107062,1690.0,33.72856521606445,1194.49,0,10.06,Low
24.170343790002644,91.8164551953112,44.0,3.1806507110595703,2322.27,0,2.0,Low
28.316699971765665,93.36445804248818,3846.0,44.81388473510742,912.05,0,16.82,Low
27.85778778574744,96.3302292945154,311.0,1.8606534004211424,2484.94,0,1.55,Low
26.301096415409937,91.04468513893949,43.0,1.861065149307251,1708.67,0,0.0,Low
25.87372990850418,92.53501278483334,561.0,2.126293897628784,1218.05,0,0.0,Low
28.479091065994407,96.29041450051996,4192.0,43.54264068603516,1891.54,0,0.53,Low
28.185,95.3559,735.0,34.53972244262695,2817.65,1,86.31,Critical
24.9854,92.7544,98.0,14.113977432250977,3573.05,1,75.97,Critical
27.9523,94.3404,463.0,48.58686065673828,2681.74,1,99.05,Critical
26.9364,93.0527,399.0,13.405831336975098,1941.04,1,94.26,Critical
27.4613,93.9679,1543.0,49.87207412719727,2592.49,1,97.66,Critical
23.70828096107824,92.93923702443256,854.0,19.243852615356445,1327.95,0,14.0,Low
27.9776,96.3328,1743.0,33.447654724121094,2484.94,1,76.1,Critical
28.5812,95.277,1599.0,50.03582000732422,2270.17,1,91.34,Critical
28.2286,93.4775,2699.0,53.97526168823242,2320.86,1,89.65,Critical
28.15,95.2966,487.0,33.26970291137695,2724.38,1,91.91,Critical
23.6794,92.7197,1045.0,53.73003005981445,2148.54,1,93.03,Critical
28.467,94.832,721.0,39.02298355102539,2270.17,1,89.54,Critical
27.0371,93.0519,701.0,31.15016746520996,1941.04,1,87.05,Critical
24.394407753472933,94.3156226829888,453.0,22.365211486816406,1381.49,0,20.5,Low
26.3454,94.885,821.0,24.639028549194336,1819.61,1,82.56,Critical
26.219016299721503,93.38502765317556,582.0,26.03473281860352,1427.25,0,16.5,Low
26.0101,94.3594,418.0,15.338440895080566,1566.44,1,77.27,Critical
27.0457,92.5545,885.0,41.592586517333984,1421.55,1,92.81,Critical
23.6052,92.4139,524.0,29.84209632873535,2148.54,1,77.05,Critical
26.9998,92.3874,558.0,28.43014335632324,1421.55,1,98.15,Critical
25.76004118344057,94.5272310818383,2074.0,39.54804229736328,1566.44,0,31.84,Moderate
27.156,88.2076,932.0,35.0166130065918,2181.41,1,77.13,Critical
26.3747,94.5973,1142.0,33.37614059448242,1747.44,1,70.78,High
24.513802142356298,94.31737781060284,741.0,23.20474433898925,1381.49,0,11.08,Low
24.05449972298268,94.16628883595634,424.0,20.48759078979492,1381.49,0,18.38,Low
25.3775,91.8734,1517.0,29.27638053894043,3717.5,1,92.37,Critical
27.327388673132287,95.85393485880644,150.0,1.3969440460205078,2291.38,0,0.0,Low
27.447119332900584,95.02029774062932,106.0,2.283411741256714,2357.98,0,0.0,Low
28.6925,95.9881,1804.0,38.917724609375,1891.54,1,64.16,High
28.8131,95.1895,1512.0,11.452425956726074,1289.76,1,60.63,High
28.23517199034088,97.28431759703427,4584.0,41.35213470458984,1471.65,0,3.0,Low
22.54207536559593,92.8066240184996,638.0,7.409001350402832,2496.59,0,3.51,Low
27.0346,93.1832,622.0,31.54510307312012,1941.04,1,91.55,Critical
26.0732,94.1895,465.0,38.53067398071289,1566.44,1,88.17,Critical
25.85285087111748,92.9555635894894,91.0,2.973561286926269,1218.05,0,1.5,Low
26.77859462408938,94.903532392818,388.0,22.98617935180664,1941.69,0,46.19,Moderate
22.90998430521457,92.799012425677,716.0,35.84050369262695,2496.59,0,52.2,High
27.2133,88.6886,1026.0,35.82292175292969,2542.03,1,86.88,Critical
27.542,92.3257,2556.0,35.319976806640625,1194.49,1,76.85,Critical
27.694199073559133,88.17242739879954,6737.0,66.12234497070312,1690.33,0,3.5,Low
25.151251936335843,94.07247276746638,946.0,25.79906463623047,1306.28,0,18.89,Low
26.96749424152249,94.2278553570656,84.0,2.2753124237060547,2592.49,0,0.0,Low
25.02183205977747,93.18660848316132,207.0,15.002694129943848,1648.99,0,13.45,Low
27.0115,92.9616,370.0,26.508094787597656,1941.04,1,88.71,Critical
27.872311599257657,95.9148040005512,149.0,2.7897489070892334,2484.94,0,0.0,Low
28.6443,95.8394,1000.0,61.52000427246094,2348.99,1,96.42,Critical
25.859869425368235,90.3712863983451,202.0,19.669246673583984,3693.54,0,4.12,Low
27.99911703349828,94.91252549625796,512.0,20.74490547180176,2724.38,0,62.25,High
28.4871,95.6154,2208.0,50.063751220703125,2348.99,1,96.25,Critical
26.761192624464933,92.49409110624735,92.0,1.3931090831756592,1421.55,0,0.0,Low
22.816019169634554,93.00073904831196,1105.0,21.364295959472656,1506.81,0,14.84,Low
26.9526,93.1283,315.0,7.184264659881592,1941.04,1,90.53,Critical
27.41778756643209,95.93693165764373,163.0,5.89431619644165,2291.38,0,9.92,Low
26.0866,94.5182,1015.0,23.488008499145508,1566.44,1,53.77,High
25.9918,94.0681,306.0,13.69650173187256,1566.44,1,78.26,Critical
22.24451831546202,92.62224169147687,231.0,7.140009880065918,2496.59,0,1.0,Low
27.6427,94.3352,515.0,50.770286560058594,2567.19,1,99.7,Critical
27.5304,94.1777,811.0,49.09226989746094,2567.19,1,98.83,Critical
25.97232794213036,92.68614866267916,75.0,0.0,1218.05,0,0.0,Low
26.9938,92.5825,525.0,51.04196166992188,1421.55,1,99.86,Critical
27.834463257137664,96.18279470528172,216.0,2.1345443725585938,2484.94,0,0.0,Low
26.245662992789573,92.8329574548161,222.0,14.135120391845703,1218.05,0,6.02,Low
28.1866,95.3534,752.0,39.32067108154297,2817.65,1,93.95,Critical
26.0048,94.3608,448.0,20.69769096374512,1566.44,1,86.97,Critical
27.9695,94.9202,608.0,3.86146092414856,2724.38,1,6.86,Low
23.4699,92.3755,272.0,19.94617080688477,2148.54,1,66.29,High
25.134303638624225,92.7028600591198,1415.0,10.89472198486328,3573.05,0,5.49,Low
27.50396445404881,93.55898408548514,1459.0,8.492289543151855,2592.49,0,25.7,Moderate
26.719035828328064,93.44942000147743,79.0,2.9758994579315186,1941.04,0,0.0,Low
25.49584397464077,94.1823506786017,1214.0,25.79401206970215,1566.44,0,27.36,Moderate
27.1355,88.1942,602.0,42.82409286499024,2181.41,1,95.16,Critical
25.711647033147884,92.32600939152512,895.0,4.822852611541748,2535.22,0,5.48,Low
26.0818,94.9171,783.0,35.12509536743164,1669.48,1,81.99,Critical
27.7966,94.5378,530.0,7.403810024261475,2681.74,1,40.0,Moderate
27.864,95.0133,252.0,17.533050537109375,2724.38,1,80.81,Critical
28.5153,94.8901,1670.0,35.77320861816406,2270.17,1,74.7,High
25.32881389272105,93.91671945706038,2195.0,24.326416015625,1306.28,0,27.47,Moderate
26.9497,93.0783,390.0,15.499914169311523,1941.04,1,92.92,Critical
26.9454,93.091,318.0,27.479909896850582,1941.04,1,86.41,Critical
25.97942235553095,94.7708897185195,2111.0,37.71477890014648,1669.48,0,31.98,Moderate
27.55092912368074,95.89937931862616,155.0,2.2851884365081787,2174.9,0,0.0,Low
27.0005,92.6314,290.0,12.302452087402344,1421.55,1,93.51,Critical
28.3012,95.8358,1531.0,43.56244659423828,2348.99,1,86.87,Critical
25.9856,94.0527,402.0,24.529226303100582,1566.44,1,74.84,High
21.998740071861228,92.90965162512563,133.0,21.846715927124023,1506.81,0,1.92,Low
23.52950977198645,93.27104407110524,907.0,27.18013572692871,1327.95,0,8.56,Low
28.4248,93.3464,1965.0,66.05874633789062,912.05,1,88.92,Critical
27.6654,94.2078,873.0,24.57217788696289,2567.19,1,83.74,Critical
28.07083661325944,96.06372191739504,667.0,11.351851463317873,2484.94,0,19.29,Low
25.480018454160724,92.83454486154297,541.0,11.30390453338623,2535.22,0,30.57,Moderate
25.209838668466794,91.24453555798804,84.0,10.761771202087402,4780.93,0,9.62,Low
26.608192666111627,92.16682271608258,75.0,2.269379138946533,1421.55,0,0.0,Low
27.4985,92.5618,1911.0,48.96191787719727,1194.49,1,71.91,High
23.838,92.4878,936.0,37.86739349365234,2141.49,1,86.63,Critical
27.794,94.5162,573.0,29.823389053344727,2681.74,1,86.22,Critical
27.43674520272621,96.20698794863468,411.0,16.016613006591797,2174.9,0,41.85,Moderate
27.1062,92.8349,407.0,33.70418167114258,1421.55,1,97.44,Critical
25.26968621049585,94.09618245371117,1221.0,18.210851669311523,1306.28,0,39.78,Moderate
27.85103578065863,95.1362462350137,298.0,16.39360237121582,2724.38,0,59.11,High
26.3092,94.8712,898.0,6.172985553741455,1819.61,1,58.28,High
27.0761,92.9368,624.0,36.89063262939453,1941.04,1,93.33,Critical
26.03928689241571,92.68059891094636,65.0,3.2250688076019287,1218.05,0,0.0,Low
27.7613,94.6306,1183.0,52.24494552612305,2681.74,1,98.39,Critical
27.6070061338832,95.2784375776869,117.0,1.398881912231445,2724.38,0,1.5,Low
26.9626,93.1166,368.0,14.57365608215332,1941.04,1,90.15,Critical
24.179820808366944,92.64254303948292,124.0,3.042088508605957,2141.49,0,3.5,Low
27.0305,93.2751,413.0,32.82276916503906,1941.04,1,90.53,Critical
25.2618,92.2081,859.0,21.97669982910156,2535.22,1,65.64,High
27.6014,96.3971,728.0,22.812519073486328,2174.9,1,70.24,High
28.8294,94.1751,2757.0,37.97166442871094,1158.49,1,63.15,High
26.581687988349387,94.19387552364644,101.0,1.3919193744659424,1747.44,0,0.0,Low
27.590459102416936,92.24846976604522,4198.0,40.51813125610352,1194.49,0,1.5,Low
28.7049,95.042,1210.0,44.26741409301758,2270.17,1,82.96,Critical
26.839589256087127,94.21374551922182,83.0,1.3936339616775513,1747.44,0,0.0,Low
26.9888,92.492,663.0,40.35726547241211,1421.55,1,98.88,Critical
23.9833,92.9059,782.0,28.852928161621094,1381.49,1,64.45,High
26.064092341324468,92.70307165713253,67.0,3.0890207290649414,1218.05,0,0.0,Low
28.2577,95.7733,793.0,33.66056442260742,2348.99,1,89.92,Critical
27.75568507231127,93.89638272201692,1280.0,48.31985855102539,2592.49,0,55.77,High
25.658900620078136,92.72461253250806,551.0,12.092564582824709,1218.05,0,0.65,Low
26.640918900849293,90.8914107007842,67.0,3.240347385406494,1708.67,0,0.0,Low
23.526,92.4049,388.0,29.37438201904297,2148.54,1,81.9,Critical
26.9426,93.1436,249.0,9.227154731750488,1941.04,1,64.92,High
28.333712344507703,96.69184348995542,2853.0,50.01578903198242,1044.44,0,70.22,High
24.987344824432444,93.8956285567418,884.0,2.971353530883789,1271.17,0,1.0,Low
28.9832,95.9616,1831.0,32.26570510864258,1011.98,1,75.62,Critical
27.1885,92.8321,547.0,59.62311553955078,1421.55,1,99.41,Critical
28.2982,94.3018,1834.0,29.820772171020508,2030.02,1,61.91,High
28.40222732349764,93.8053911596198,1154.0,27.67691230773925,1535.18,0,34.96,Moderate
27.8653,94.0054,844.0,30.443504333496094,2320.86,1,79.42,Critical
27.977102695694047,95.88442317501836,176.0,7.475824356079102,2817.65,0,18.02,Low
22.943545777192213,92.78094777847232,1114.0,17.39464569091797,2496.59,0,32.55,Moderate
25.185,91.4681,229.0,29.497529983520508,4780.93,1,81.0,Critical
26.9644,93.1173,331.0,14.490925788879396,1941.04,1,95.09,Critical
26.07607657885487,93.126217310763,94.0,3.466928720474243,1427.25,0,0.5,Low
28.454,95.7111,1274.0,31.19142723083496,2348.99,1,83.75,Critical
26.44049660352029,92.07245861988704,58.0,0.9307599067687988,1218.05,0,0.0,Low
25.744525293147227,93.1938446181849,144.0,9.364863395690918,1271.17,0,3.08,Low
26.89972555927324,92.7217567850006,97.0,2.130488395690918,1421.55,0,0.0,Low
25.9871,94.3568,454.0,24.566600799560547,1566.44,1,83.91,Critical
26.9921,93.1811,308.0,8.700939178466797,1941.04,1,98.12,Critical
27.128,92.8648,651.0,20.00367546081543,1941.04,1,79.28,Critical
25.980379156675497,94.10307787734524,433.0,29.170154571533203,1566.44,0,87.59,Critical
26.547905276918307,92.82390989804634,71.0,3.4717371463775635,1941.04,0,0.0,Low
26.0197,94.3238,675.0,21.071701049804688,1566.44,1,73.12,High
26.00498854395142,90.23893662785188,35.0,4.756173133850098,3693.54,0,0.0,Low
27.1632,92.6464,806.0,46.92858123779297,1421.55,1,96.09,Critical
26.9396,93.0494,439.0,17.744232177734375,1941.04,1,89.31,Critical
27.2071,92.1685,3000.0,24.95355987548828,1421.55,1,73.85,High
28.545950301156847,95.418648483112,3821.0,3.4936559200286865,2348.99,0,14.0,Low
27.0213,93.2364,373.0,31.19177627563477,1941.04,1,86.4,Critical
27.57058433803462,96.1217452445691,316.0,20.048152923583984,2174.9,0,52.59,High
27.1689,92.9577,1243.0,42.15106964111328,1941.04,1,85.66,Critical
26.734898895709865,94.37754467690836,109.0,3.242783308029175,1747.44,0,0.0,Low
26.3486,94.8955,600.0,42.94503784179688,1819.61,1,95.77,Critical
25.2441,91.4843,913.0,39.19537353515625,4780.93,1,71.34,High
26.9921,92.5902,435.0,38.01313781738281,1421.55,1,98.6,Critical
25.108392888799777,92.68653546099569,1267.0,18.785648345947266,3573.05,0,14.89,Low
28.1305,93.3128,1479.0,35.50440979003906,1472.72,1,88.68,Critical
27.11595194384475,93.7858933023834,171.0,8.314116477966309,2204.32,0,8.04,Low
25.051810410637696,93.21910250433504,470.0,19.709518432617188,1648.99,0,37.4,Moderate
26.880297939920347,95.40512907323888,725.0,18.861751556396484,1941.69,0,45.03,Moderate
27.144895922289177,93.49764747087704,1215.0,33.14457321166992,2204.32,0,38.97,Moderate
26.37029134934569,90.13921708664935,40.0,0.9307690858840942,2542.03,0,0.0,Low
26.26535167062318,92.6377335127224,67.0,9.44832992553711,1218.05,0,1.0,Low
27.920606367352303,93.21773289352612,2180.0,24.52566146850586,1472.72,0,31.5,Moderate
27.7907,94.578,625.0,21.85818099975586,2681.74,1,75.83,Critical
23.2267,92.6514,327.0,19.72927665710449,2496.59,1,58.92,High
23.291167625667924,93.05313454797522,1289.0,20.826265335083008,1506.81,0,23.7,Low
27.2261,92.8957,530.0,32.363372802734375,1941.04,1,90.53,Critical
26.442729580163785,91.65915740829824,52.0,2.1285879611968994,1708.67,0,0.0,Low
27.795,94.5689,653.0,27.90977096557617,2681.74,1,86.71,Critical
26.44641677720834,93.26793270191423,705.0,16.12000846862793,1427.25,0,17.49,Low
25.9443,94.4676,1100.0,29.12135124206543,1566.44,1,52.36,High
23.43247670265802,92.51789998699634,802.0,36.999977111816406,2148.54,0,72.46,High
29.191621896577388,94.6288664356187,3865.0,47.092281341552734,1289.76,0,10.21,Low
28.481907536969377,95.53668237884165,2751.0,41.2393798828125,2348.99,0,80.27,Critical
26.91968928210122,93.26475499608568,133.0,3.1119272708892822,1941.04,0,0.5,Low
27.8136,94.1355,1338.0,36.30033874511719,2681.74,1,88.13,Critical
27.6802,94.5728,415.0,17.654460906982422,2567.19,1,79.57,Critical
26.0871,94.3907,521.0,27.543493270874023,1566.44,1,89.3,Critical
23.1473,93.1393,1203.0,6.490847587585449,1506.81,1,60.11,High
25.617335701740263,92.13735236106136,961.0,11.151885986328123,2535.22,0,23.2,Low
25.97792805091182,91.12545677884692,49.0,1.3880058526992798,3717.5,0,0.0,Low
25.478362651906707,91.6523337496094,1772.0,17.44675636291504,3717.5,0,34.16,Moderate
25.12777413719992,92.46389748188476,622.0,26.79323387145996,3573.05,0,27.32,Moderate
25.436,92.415,1173.0,12.295086860656738,2535.22,1,53.91,High
28.076457929473104,96.92227371846076,3391.0,47.44220352172852,1471.65,0,27.53,Moderate
25.53330581232698,91.22633291645256,1399.0,13.737407684326172,3693.54,0,3.38,Low
27.1091,93.0062,775.0,19.34427261352539,1941.04,1,80.87,Critical
27.1876,92.8808,689.0,61.80459976196289,1941.04,1,98.96,Critical
26.9868,92.4803,489.0,14.15018081665039,1421.55,1,89.08,Critical
26.072,92.2482,198.0,9.283679962158203,1218.05,1,73.87,High
28.406393220213275,94.12529580079212,2087.0,37.21658706665039,2030.02,0,43.79,Moderate
26.2607,94.8798,1520.0,29.40627861022949,1819.61,1,62.8,High
28.1262,95.9634,713.0,45.1539192199707,2484.94,1,94.43,Critical
28.8656,95.3598,3749.0,42.81432342529297,1248.72,1,66.39,High
28.86814343290297,94.09181045443836,3559.0,29.309465408325195,1158.49,0,4.15,Low
25.99436780610639,94.515724565348,1699.0,33.270782470703125,1566.44,0,40.67,Moderate
28.18994839736713,94.87300756527122,499.0,25.387983322143555,2270.17,0,57.31,High
26.9787,93.3572,591.0,18.589141845703125,1941.04,1,76.2,Critical
25.450719591443,94.19575470037329,1334.0,22.48737144470215,1566.44,0,18.31,Low
27.678,93.9029,1270.0,22.112524032592773,2592.49,1,65.25,High
26.451354174670985,91.96802921664134,65.0,5.9343671798706055,1708.67,0,0.0,Low
24.27748792605889,92.7380543143106,120.0,18.60818862915039,2942.16,0,6.65,Low
26.79775918928977,92.3024487776278,111.0,2.272496461868286,1421.55,0,0.0,Low
27.584994101730075,88.74853887345031,4727.0,32.30155944824219,1707.7,0,0.86,Low
24.3857,92.9784,289.0,28.41127586364746,1625.06,1,56.85,High
27.17219947567297,92.08064945643106,2137.0,42.65212631225586,1154.3,0,41.77,Moderate
24.74481891283067,93.7242965111066,1953.0,18.28547096252441,1648.99,0,15.33,Low
26.37450609758948,92.02063813866302,55.0,2.1283082962036133,1708.67,0,0.0,Low
26.51151523601723,95.09072594477628,1587.0,30.17567253112793,1819.61,0,53.23,High
24.75814629369444,93.39827700664662,564.0,19.19075393676757,1648.99,0,39.71,Moderate
27.1364,88.45,696.0,49.3723030090332,2181.41,1,97.85,Critical
27.243746747803016,93.7040252224528,508.0,24.776350021362305,2204.32,0,65.73,High
26.26540719504128,89.76102715712723,30.0,2.127863883972168,2542.03,0,0.0,Low
28.9585,95.1954,3125.0,37.09251403808594,1289.76,1,75.86,Critical
28.139544706868275,93.7281381395718,1751.0,32.4494514465332,2320.86,0,64.04,High
23.9298,91.5538,121.0,6.331127643585205,2322.27,1,60.93,High
28.7708,95.3206,2852.0,34.41928482055664,1289.76,1,64.87,High
27.22259254504904,93.28906347138216,1618.0,42.7882194519043,1941.04,0,63.75,High
27.1412,88.1797,770.0,26.966758728027344,2181.41,1,78.07,Critical
25.89260440231112,93.42263537664246,171.0,6.220282554626465,1427.25,0,2.75,Low
27.0318,93.141,976.0,47.86211395263672,1941.04,1,95.06,Critical
27.0881,92.3847,1671.0,45.758182525634766,1421.55,1,86.95,Critical
22.027664670077005,92.94263912925472,262.0,20.18194961547852,1506.81,0,29.81,Moderate
27.93752071057773,94.04252169774357,1763.0,22.60589408874512,2320.86,0,34.7,Moderate
22.34711409613191,92.90825696968432,881.0,37.78707885742188,1506.81,0,40.91,Moderate
23.698195251438687,91.18103510056898,46.0,10.048136711120604,2414.95,0,1.0,Low
27.668577065475763,95.8447114890098,143.0,1.3993135690689087,2174.9,0,0.0,Low
27.1802,92.7241,351.0,43.54237365722656,1421.55,1,98.36,Critical
28.5338,94.4211,1706.0,43.80668258666992,2030.02,1,74.74,High
28.01659184655332,93.771826602841,1159.0,23.467065811157227,2320.86,0,33.39,Moderate
27.2291,92.0854,3344.0,38.45027542114258,1154.3,1,71.28,High
23.481851169904424,93.04314163088068,1114.0,35.5394287109375,1327.95,0,15.67,Low
27.7768,94.5123,362.0,25.025182723999023,2681.74,1,84.09,Critical
27.957390384279904,93.32992755653105,2726.0,53.335479736328125,1472.72,0,48.39,Moderate
23.7037309145835,91.36048421217627,51.0,9.072319984436035,2414.95,0,0.0,Low
25.362781681380763,91.30822645152335,1367.0,5.520543098449707,3693.54,0,0.19,Low
23.17788490956033,92.5977655275488,684.0,17.869482040405273,2496.59,0,40.4,Moderate
24.216803202571967,92.67852538570136,633.0,7.070816040039063,2141.49,0,22.86,Low
27.6478,94.5431,380.0,33.90578842163086,2567.19,1,92.12,Critical
28.51905278294803,94.10324782122214,3575.0,36.57444381713867,2030.02,0,8.89,Low
27.104779802327453,95.3542215210127,208.0,11.02736759185791,1916.88,0,15.95,Low
26.0153,94.3575,435.0,32.50474166870117,1566.44,1,88.82,Critical
27.2523105940444,94.92595811208874,104.0,4.158283710479736,1941.69,0,0.05,Low
27.2557,88.2613,887.0,34.0430908203125,1690.33,1,81.98,Critical
23.885,92.6624,205.0,19.15464401245117,2141.49,1,73.61,High
26.45031969376339,93.86031290494503,108.0,2.0672740936279297,1649.52,0,0.5,Low
27.92169236584351,94.60628316390012,1016.0,44.38761520385742,2681.74,0,52.95,High
27.9465,93.2846,1418.0,40.75581359863281,1472.72,1,87.31,Critical
26.93931132082976,93.84037105980715,82.0,3.112467288970948,2204.32,0,0.05,Low
26.9516,93.1378,280.0,12.132868766784668,1941.04,1,95.78,Critical
27.6287,94.2191,292.0,38.68545150756836,2567.19,1,94.44,Critical
27.166672232104336,94.92693286733704,104.0,1.0404906272888184,1941.69,0,0.0,Low
26.60636778245337,92.5232212709237,64.0,3.472344160079956,1421.55,0,0.0,Low
26.316607103375745,93.65539105959402,362.0,7.562726020812988,1649.52,0,13.13,Low
24.31910695410432,92.4340145350041,131.0,8.074835777282715,2942.16,0,0.0,Low
28.1605,94.3107,1778.0,25.37140655517578,2681.74,1,59.02,High
27.6741,94.3275,845.0,34.64254379272461,2567.19,1,88.25,Critical
23.58662359043532,92.34429008905154,280.0,23.709705352783203,2148.54,0,62.8,High
26.9841,93.215,304.0,30.89781951904297,1941.04,1,86.52,Critical
27.348158843209067,93.5528348717296,1675.0,11.267118453979492,2592.49,0,25.52,Moderate
26.9768,92.5981,313.0,29.120962142944336,1421.55,1,99.34,Critical
26.4238,94.4903,564.0,28.41180229187012,1747.44,1,82.93,Critical
26.6415,94.9262,325.0,18.244091033935547,1819.61,1,74.15,High
26.76442387200035,91.27373208392204,118.0,3.473991632461548,1154.3,0,1.0,Low
27.84879527482287,91.60940019744568,4695.0,34.7844352722168,853.16,0,6.43,Low
26.9978,92.6299,256.0,24.796236038208008,1421.55,1,99.06,Critical
27.8361,94.9541,554.0,24.244579315185547,2724.38,1,78.94,Critical
28.5976,95.6209,1972.0,28.53738594055176,2348.99,1,81.65,Critical
28.6742,95.1645,2439.0,30.51083755493164,2270.17,1,59.26,High
27.7261,94.4428,466.0,21.353145599365234,2567.19,1,80.85,Critical
25.84946943727196,94.18079421985716,1367.0,25.91512680053711,1566.44,0,32.28,Moderate
26.51938049449829,92.39734181311928,53.0,0.0,1421.55,0,0.0,Low
26.9434,93.137,266.0,14.940951347351074,1941.04,1,95.24,Critical
29.01610247815152,96.32755956080128,3508.0,9.69194221496582,1011.98,0,10.27,Low
26.9681,93.3416,320.0,38.44636535644531,1941.04,1,93.59,Critical
26.5510381582378,94.72611771830636,631.0,12.895340919494627,1819.61,0,47.95,Moderate
27.2121,93.5171,998.0,31.302684783935547,2204.32,1,74.64,High
28.03945421857729,93.7238175509466,1019.0,33.75788497924805,2320.86,0,42.66,Moderate
26.25752369895517,89.88743412149502,40.0,3.468761920928955,2542.03,0,0.0,Low
27.6305,94.6277,248.0,19.189977645874023,2567.19,1,78.12,Critical
25.2595,92.3852,837.0,13.824989318847656,2535.22,1,60.34,High
26.5106,94.756,791.0,21.54309844970703,1819.61,1,80.44,Critical
28.5058,94.7515,2200.0,46.518009185791016,2270.17,1,90.67,Critical
28.70879182220301,95.13626745575954,2732.0,33.77764892578125,2270.17,0,36.35,Moderate
26.6995,94.7802,178.0,17.0186767578125,1819.61,1,61.07,High
25.66291216795204,92.80445629312813,233.0,1.027086853981018,1218.05,0,0.5,Low
29.04579973614885,94.30894981711614,3876.0,32.3980712890625,1158.49,0,1.15,Low
28.9487,94.7047,1298.0,59.27702713012695,1289.76,1,94.68,Critical
27.277618817785427,95.34015266327503,124.0,2.132099866867065,1916.88,0,0.0,Low
27.0425,93.0929,821.0,39.458404541015625,1941.04,1,96.62,Critical
24.57922536342003,92.81641479331006,79.0,3.189985752105713,2942.16,0,0.5,Low
26.419394110524408,94.25986906854912,262.0,24.293344497680664,1747.44,0,53.94,High
27.2595,93.8158,332.0,11.07059097290039,2592.49,1,74.57,High
25.91925424778428,91.234681861864,124.0,21.808931350708008,3717.5,0,2.53,Low
27.4486,94.0852,687.0,58.59402847290039,2567.19,1,98.65,Critical
23.121176903535385,92.41028593735555,236.0,21.494218826293945,2496.59,0,51.92,High
24.628651565740498,92.58579767906164,32.0,3.191128730773926,2942.16,0,0.0,Low
28.032744875965253,95.3256466421719,159.0,1.4018938541412354,2724.38,0,1.0,Low
29.05425921353855,94.30271047156288,4502.0,35.629886627197266,1158.49,0,1.26,Low
26.967604475864345,93.491058180597,164.0,10.632676124572754,2204.32,0,13.33,Low
28.6551,94.0633,2675.0,24.13565826416016,2030.02,1,64.22,High
27.53805099919164,93.19166772881404,1743.0,24.135820388793945,1971.8,0,49.41,Moderate
28.74217777982675,95.05405837632888,2065.0,27.14995574951172,2270.17,0,34.46,Moderate
29.171647341053458,96.07702278630192,3621.0,79.5204086303711,1011.98,0,41.53,Moderate
28.562855092587963,94.03485719977722,3496.0,23.067455291748047,1535.18,0,17.94,Low
27.5161,96.2355,526.0,5.898336887359619,2174.9,1,61.96,High
27.358420740041847,93.95153437306472,319.0,16.325193405151367,2592.49,0,63.94,High
26.9917,92.5111,530.0,34.04192352294922,1421.55,1,96.33,Critical
25.9391,94.3267,497.0,26.185529708862305,1566.44,1,87.07,Critical
26.1277,94.4164,492.0,23.35954093933105,1566.44,1,79.68,Critical
27.2144,93.5274,1198.0,11.256210327148438,2204.32,1,58.51,High
27.49338803679716,94.88234808932876,103.0,8.317403793334961,2357.98,0,3.61,Low
26.5097,94.7813,745.0,15.789861679077148,1819.61,1,67.09,High
28.03,95.2672,289.0,22.082534790039062,2724.38,1,75.22,Critical
27.61713795539274,92.5229770341912,3369.0,30.50526428222656,1194.49,0,16.96,Low
27.5888,94.1508,623.0,34.8924674987793,2567.19,1,82.29,Critical
28.1710626811383,94.3974438310092,2090.0,23.067352294921875,2681.74,0,21.81,Low
25.0518,92.4539,172.0,30.07558822631836,3573.05,1,78.32,Critical
27.8262,94.7142,847.0,29.92011451721192,2724.38,1,86.57,Critical
27.2835,93.8596,488.0,34.671897888183594,2592.49,1,90.03,Critical
23.9002,92.6811,351.0,37.89882278442383,2141.49,1,92.05,Critical
26.3418,94.8915,593.0,26.88280296325684,1819.61,1,85.45,Critical
23.5949,92.358,421.0,37.41376876831055,2148.54,1,90.97,Critical
23.335687828115702,92.91670456026124,737.0,31.64590072631836,1327.95,0,36.4,Moderate
26.965176935306364,94.02515198587336,83.0,1.394477367401123,2204.32,0,1.0,Low
25.29767016462705,90.27779210788076,65.0,12.892678260803224,3693.54,0,4.13,Low
26.92250415399817,94.64441251473076,105.0,3.624076128005981,1747.44,0,0.0,Low
24.026440239002028,93.10316513041906,362.0,12.289888381958008,1381.49,0,3.8,Low
24.710727532548965,92.58784530412242,22.0,0.9309799075126648,2942.16,0,0.0,Low
27.299614835679343,88.54678270924127,1866.0,33.21092987060547,1707.7,0,54.04,High
25.44161222480396,93.74846657072294,1280.0,7.406233787536621,1271.17,0,5.45,Low
27.85474412895241,96.95374863663804,2129.0,40.44544219970703,1471.65,0,42.03,Moderate
28.0359,96.1746,675.0,25.372913360595703,2484.94,1,78.24,Critical
28.5946,95.6606,1994.0,42.92021560668945,2348.99,1,84.52,Critical
28.047203110996296,93.70288884967412,930.0,26.25612449645996,2320.86,0,74.51,High
25.09966197167068,94.63818943650826,1391.0,32.564151763916016,1566.44,0,45.28,Moderate
28.0767,93.2843,1207.0,39.5113410949707,1472.72,1,86.07,Critical
27.99071843988746,95.22538053645664,219.0,2.292843580245972,2724.38,0,0.0,Low
28.0543,94.2144,981.0,26.86243438720703,2681.74,1,79.9,Critical
28.6749,95.7202,1736.0,39.95166397094727,2348.99,1,83.77,Critical
28.701843428847457,94.16698435116535,3258.0,30.326135635375977,2030.02,0,12.85,Low
25.91145810768356,92.74643422534976,81.0,4.962692737579346,1218.05,0,1.0,Low
27.0803,92.7603,319.0,15.469802856445312,1421.55,1,96.45,Critical
26.31653879766525,90.7335290852095,41.0,2.264652967453003,3717.5,0,0.0,Low
24.321995678575508,93.82408033880148,1102.0,7.508077144622803,1381.49,0,9.05,Low
28.4485,93.8059,2238.0,58.20846176147461,1535.18,1,97.48,Critical
25.534537573612496,89.90861222755741,47.0,4.097405433654785,3693.54,0,0.0,Low
25.902050714837355,94.23542895547156,923.0,4.6443586349487305,1566.44,0,3.04,Low
25.343754852697305,93.74921086867472,1247.0,4.817058563232422,1271.17,0,7.66,Low
26.3614,94.8967,679.0,25.511924743652344,1819.61,1,82.02,Critical
27.088677477582795,94.96055633075396,102.0,2.790062665939331,1941.69,0,0.0,Low
28.9794266176062,94.36124019778882,3909.0,22.398935317993164,1158.49,0,1.5,Low
25.34606297258728,90.61919662054872,283.0,3.0705771446228027,3693.54,0,2.0,Low
27.8904,94.2568,1026.0,46.902713775634766,2681.74,1,93.77,Critical
27.865,94.0406,1727.0,38.570411682128906,2320.86,1,74.23,High
27.360791290953248,94.03552982742389,211.0,15.585848808288574,2592.49,0,41.93,Moderate
25.52235553110556,93.90163040519688,2094.0,24.573341369628903,1306.28,0,28.29,Moderate
25.526194860148824,91.40145827518332,1526.0,1.8612639904022217,3693.54,0,0.05,Low
25.929113369998465,93.2119823150569,214.0,5.076291084289551,1427.25,0,4.16,Low
25.355384688163035,93.33486041455804,489.0,24.291446685791016,1271.17,0,8.88,Low
28.1091,96.2626,1376.0,70.67991638183594,2484.94,1,93.43,Critical
24.43790931385001,92.34670375190744,54.0,5.071905136108398,3648.26,0,0.0,Low
26.814101078158725,92.82244245441584,80.0,2.272767305374145,1421.55,0,0.0,Low
28.933090637205623,95.28238328039971,3354.0,12.850090980529783,1289.76,0,18.3,Low
23.34021512105128,93.35574478600654,827.0,22.801074981689453,1327.95,0,15.83,Low
28.93499429699748,94.89346823247288,826.0,17.442293167114258,1289.76,0,16.99,Low
26.12201105281293,91.34384570862234,47.0,4.160269260406494,1708.67,0,0.0,Low
27.782900627539203,91.69156317406512,3978.0,40.65932846069336,853.16,0,11.0,Low
26.01192781124584,90.08885426730942,28.0,3.087655544281006,3693.54,0,0.0,Low
24.0668,93.1578,721.0,17.1595401763916,1381.49,1,57.62,High
26.9506,92.2089,709.0,38.77858352661133,1421.55,1,97.67,Critical
22.95071799591027,93.10715900151553,528.0,24.03194808959961,1506.81,0,23.18,Low
27.63299576218867,92.2712916278618,4463.0,2.0890374183654785,1194.49,0,2.5,Low
26.0914,94.3833,369.0,21.533859252929688,1566.44,1,81.06,Critical
26.9988,92.6206,276.0,19.93566131591797,1421.55,1,95.27,Critical
26.9785,92.5872,291.0,37.37568283081055,1421.55,1,98.93,Critical
27.0311,93.2752,438.0,36.4740104675293,1941.04,1,92.63,Critical
23.30958648489345,93.3603404380955,732.0,21.556116104125977,1327.95,0,22.51,Low
27.2572,93.8872,250.0,16.912242889404297,2592.49,1,84.04,Critical
28.019,96.2609,1121.0,41.81967926025391,2484.94,1,93.04,Critical
26.1656,94.6324,1463.0,28.86584854125977,1566.44,1,54.26,High
26.959,93.1191,355.0,22.64495277404785,1941.04,1,89.61,Critical
26.7640214188628,91.39031252573396,125.0,4.253965377807617,1154.3,0,0.0,Low
25.63000694098634,91.05084505290004,910.0,16.85087776184082,3693.54,0,5.94,Low
27.29859960954396,92.69181710786616,1232.0,17.26401710510254,1194.49,0,8.22,Low
27.1825,92.8226,364.0,40.68977355957031,1421.55,1,99.8,Critical
25.93897985550928,92.15748869132582,563.0,5.836361885070801,1218.05,0,1.35,Low
23.312563091098287,91.7550818386544,64.0,7.08286190032959,2396.11,0,0.5,Low
26.1545,94.7117,2048.0,27.415252685546875,1669.48,1,51.95,High
28.259942435767915,94.72966409600696,913.0,26.939668655395508,2724.38,0,75.84,Critical
27.0817,93.3885,723.0,23.31818580627441,1941.04,1,83.02,Critical
28.6098,95.8422,1232.0,46.02265548706055,2348.99,1,89.24,Critical
27.0709,92.8825,927.0,44.18168640136719,1941.04,1,93.0,Critical
23.74220304354093,92.0440003728852,177.0,19.91708755493164,2141.49,0,46.43,Moderate
26.70379446999901,91.61337263363794,88.0,2.2709498405456543,1154.3,0,0.0,Low
28.5077,93.4806,3152.0,49.53900909423828,1535.18,1,84.17,Critical
28.2195,93.4782,2228.0,50.363712310791016,2320.86,1,86.48,Critical
29.221773878473016,94.62623649399004,4233.0,11.21969985961914,1289.76,0,4.83,Low
26.775996388401023,94.75128203978991,113.0,2.7901859283447266,1819.61,0,0.5,Low
25.31245022057904,90.53450499681269,195.0,17.38863754272461,3693.54,0,17.08,Low
28.3963,96.5703,1742.0,19.23802757263184,1044.44,1,74.49,High
27.8494716076097,91.55625582932944,4740.0,27.688879013061523,853.16,0,1.0,Low
28.260464666080384,94.17540645780832,1756.0,31.86273765563965,2030.02,0,54.24,High
25.35352178032836,90.02263053755193,62.0,3.208249568939209,3693.54,0,0.0,Low
25.18301672851441,90.57013616933916,82.0,26.28396415710449,4780.93,0,18.57,Low
27.0951,92.6538,1054.0,56.496490478515625,1421.55,1,85.25,Critical
25.43383287854441,93.12325654815486,218.0,15.56429672241211,1271.17,0,3.77,Low
26.9588,93.1303,298.0,31.71695709228516,1941.04,1,86.98,Critical
24.918920444683984,93.8711594829328,806.0,1.020840764045715,1271.17,0,0.0,Low
26.087868128478814,90.7941601607059,42.0,4.64423942565918,3717.5,0,1.5,Low
26.293328840888982,93.04795809557866,343.0,2.264277696609497,1427.25,0,6.21,Low
27.1854,88.3195,396.0,29.082801818847656,2181.41,1,82.83,Critical
23.9833,92.6696,561.0,12.119000434875488,2141.49,1,70.84,High
28.3236,95.7474,415.0,46.79561233520508,2348.99,1,95.78,Critical
27.8973,96.5251,851.0,39.98518753051758,2484.94,1,89.38,Critical
26.9521,93.0648,436.0,14.573519706726074,1941.04,1,91.49,Critical
28.9505,95.7111,2882.0,19.71442222595215,1248.72,1,37.08,Moderate
28.0109,94.9045,1185.0,33.175445556640625,2724.38,1,86.26,Critical
28.0757,93.2814,1347.0,37.980934143066406,1472.72,1,91.0,Critical
27.25604033132678,94.43185615412968,90.0,2.2801601886749268,2567.19,0,0.0,Low
24.647756201407965,93.78596998175064,772.0,2.121617794036865,1648.99,0,0.53,Low
27.9607,93.2742,1614.0,34.69566345214844,1472.72,1,84.3,Critical
27.1373,88.0969,1837.0,33.19341278076172,2181.41,1,69.39,High
23.70040324272568,91.89237691264974,147.0,5.063007831573486,2396.11,0,6.59,Low
28.48977657307348,95.04687427367084,1155.0,20.68648338317871,2270.17,0,31.18,Moderate
26.0168,94.3442,700.0,29.120750427246094,1566.44,1,82.61,Critical
25.809579475060463,92.62241484748245,448.0,6.903392314910889,1218.05,0,1.35,Low
27.1624,92.7255,533.0,32.69464874267578,1421.55,1,99.21,Critical
27.0709,92.6959,367.0,23.6403865814209,1421.55,1,97.97,Critical
26.47519609176636,90.02367435366348,53.0,1.3912198543548584,2542.03,0,0.0,Low
27.3178,92.7292,867.0,21.298906326293945,1194.49,1,60.79,High
26.276031973741272,90.36623854281788,47.0,2.1279077529907227,3717.5,0,0.0,Low
24.999635548036814,93.929451031311,1124.0,30.849485397338867,1271.17,0,8.44,Low
27.499431137063148,88.3333138414279,3060.0,35.81032943725586,1690.33,0,23.26,Low
26.302436240446497,91.13907331356772,41.0,1.0326592922210691,1708.67,0,0.0,Low
27.1395,88.4723,799.0,35.367919921875,2542.03,1,87.75,Critical
27.284046985815475,96.92808097609748,1350.0,4.183319568634033,1689.08,0,4.02,Low
26.627898599670026,90.00113120091875,69.0,2.975646495819092,2542.03,0,1.5,Low
26.1648,94.7321,2008.0,41.97589492797852,1669.48,1,68.12,High
25.478844526034568,93.74381468815108,1034.0,24.455625534057617,1271.17,0,13.96,Low
27.0706,92.6737,328.0,28.04219055175781,1421.55,1,99.08,Critical
24.292598387972312,92.19362206324423,65.0,8.969206809997559,3648.26,0,0.0,Low
28.2458,95.7495,350.0,17.84531021118164,2817.65,1,81.87,Critical
26.01875498931265,92.90162720031556,69.0,6.192503929138184,1218.05,0,0.0,Low
23.59965217481394,91.5873896778156,131.0,14.11469841003418,2396.11,0,16.13,Low
25.736388289250684,94.59770382425964,1765.0,47.58070373535156,1566.44,0,53.09,High
23.57260254021737,91.64312895005595,51.0,12.672743797302246,2396.11,0,5.72,Low
28.769454731429708,96.52105892036896,3532.0,9.01231861114502,1011.98,0,13.12,Low
27.2317,92.0831,3392.0,45.36946105957031,1154.3,1,63.16,High
28.0425,96.2046,963.0,37.203887939453125,2484.94,1,87.53,Critical
27.7632,94.4123,623.0,24.77715492248535,2681.74,1,83.53,Critical
27.3634,92.8958,1832.0,49.66896438598633,1971.8,1,95.53,Critical
25.346159597202348,94.35588905747096,1135.0,24.79647254943848,1566.44,0,24.12,Low
29.0496,96.1349,3521.0,34.98125076293945,1011.98,1,72.06,High
28.1411,95.9067,1325.0,27.57523727416992,2817.65,1,74.13,High
26.008939311330003,94.63493873598246,1952.0,18.231430053710938,1566.44,0,18.18,Low
26.0928,94.3567,789.0,22.77460289001465,1566.44,1,70.56,High
25.44199333721988,91.12466449128348,976.0,11.173019409179688,3693.54,0,1.18,Low
27.4753862858031,88.36841648633433,2917.0,36.4962158203125,1690.33,0,34.36,Moderate
28.9606,95.0455,1641.0,33.39459991455078,1289.76,1,15.1,Low
27.17801335653138,93.6062447951148,1324.0,33.90862274169922,2204.32,0,41.97,Moderate
26.42744081744476,94.7158458559572,499.0,21.275346755981445,1819.61,0,64.36,High
25.3019,91.8563,464.0,32.01903533935547,3717.5,1,78.99,Critical
22.76726568072856,92.58190384448186,96.0,16.685087203979492,2496.59,0,3.84,Low
23.7007,93.1662,1093.0,14.13640308380127,1327.95,1,69.5,High
25.722594465758736,91.07342666539084,807.0,2.1256980895996094,3693.54,0,0.0,Low
29.027098638943457,96.03953891756318,3792.0,37.1142578125,1011.98,0,6.16,Low
26.1358,94.8492,2108.0,11.597333908081056,1669.48,1,44.97,Moderate
27.82916185360348,96.81523876422432,1761.0,31.440160751342773,1471.65,0,33.95,Moderate
27.0859,92.9655,853.0,44.98503875732422,1941.04,1,96.9,Critical
28.1201,95.2323,1120.0,33.135963439941406,2724.38,1,82.4,Critical
24.0636,92.7819,990.0,21.34199905395508,2141.49,1,75.83,Critical
28.467,95.4856,1680.0,55.390621185302734,2348.99,1,91.39,Critical
28.1508,95.8854,772.0,13.774853706359863,2817.65,1,62.03,High
29.1268,94.3557,3338.0,22.704910278320312,1158.49,1,63.98,High
27.821717790512107,95.36992318354238,119.0,3.71740984916687,2724.38,0,1.05,Low
27.612,96.4021,914.0,41.2878303527832,2174.9,1,88.95,Critical
25.6862397299248,90.28654129966556,455.0,20.311323165893555,3693.54,0,10.0,Low
28.3389108851222,93.83836252844904,2350.0,17.72878646850586,1535.18,0,35.77,Moderate
24.19142354036325,93.30433921399502,1014.0,28.36536407470703,1381.49,0,7.34,Low
26.6002,94.7979,762.0,52.15663146972656,1819.61,1,97.4,Critical
27.130594612888828,93.66565824515332,467.0,25.326902389526367,2204.32,0,62.75,High
27.4322,94.0618,747.0,32.94582748413086,2567.19,1,87.55,Critical
26.9395,92.1447,524.0,27.62174797058105,1154.3,1,93.99,Critical
27.98176966674533,94.4261292690839,666.0,18.549304962158203,2681.74,0,61.22,High
28.1168,93.4046,1195.0,38.71419525146485,1472.72,1,86.89,Critical
27.36042687109017,93.37768323688933,2741.0,15.367182731628418,1971.8,0,20.79,Low
29.0456,95.2177,3224.0,11.965601921081545,1289.76,1,25.51,Moderate
25.52473377251384,91.0926250639989,1035.0,11.078378677368164,3693.54,0,1.66,Low
26.2662,94.5116,749.0,21.159290313720703,1747.44,1,73.61,High
26.681410918287497,92.43262696139972,78.0,3.858887434005737,1421.55,0,0.0,Low
28.4922,95.4521,2315.0,22.27559280395508,2348.99,1,67.02,High
28.7537,95.8185,1937.0,23.581281661987305,1248.72,1,50.84,High
24.349671706834823,93.45281353975346,1111.0,23.413896560668945,1381.49,0,7.95,Low
23.389,92.4297,790.0,30.24667739868164,2148.54,1,76.98,Critical
27.305709661961806,93.24271112752923,1556.0,11.803853034973145,1971.8,0,27.31,Moderate
25.967993890387923,94.68657862386456,1746.0,43.815406799316406,1669.48,0,51.24,High
27.2183,93.3064,1521.0,29.72756004333496,1941.04,1,67.04,High
27.5092,94.1409,700.0,14.464850425720217,2567.19,1,54.22,High
27.5173,94.1996,466.0,32.53318405151367,2567.19,1,93.0,Critical
27.790577079004787,92.18707504828294,4710.0,21.804101943969727,1194.49,0,0.5,Low
27.29284353585517,96.5173036190114,1651.0,10.783883094787598,1689.08,0,23.1,Low
28.2254,93.7751,2466.0,48.64567184448242,2320.86,1,89.59,Critical
25.16235756262459,93.91121816780408,2526.0,30.475643157958984,1271.17,0,21.15,Low
27.90079294791879,97.2133646454814,3481.0,30.86908721923828,1471.65,0,5.61,Low
27.1045,92.0689,1649.0,39.668113708496094,1154.3,1,87.67,Critical
24.99947088563223,93.36773070298372,195.0,22.78667449951172,1648.99,0,13.0,Low
26.1279,94.3431,635.0,25.077587127685547,1566.44,1,87.69,Critical
27.68075450178417,96.90522502817836,4245.0,27.47936248779297,1689.08,0,0.56,Low
27.690152027124203,94.31490347064565,380.0,36.35805892944336,2567.19,0,75.65,Critical
26.315,94.4908,1011.0,32.04773712158203,1747.44,1,77.46,Critical
25.946141322654466,94.03328515217764,448.0,12.328325271606444,1306.28,0,4.49,Low
25.36610145506984,93.1447992771736,298.0,12.895339965820312,1271.17,0,1.87,Low
28.462,94.4394,2673.0,42.43665313720703,2030.02,1,61.76,High
25.26887838120849,92.806575608419,1075.0,8.963780403137207,3573.05,0,3.18,Low
28.4827,95.7937,1350.0,46.99520111083984,2348.99,1,86.78,Critical
28.2837,93.2558,3116.0,63.61443710327149,912.05,1,90.49,Critical
28.3237,95.6852,654.0,38.59452819824219,2348.99,1,90.95,Critical
27.624782805656206,94.61366011707698,154.0,16.59650421142578,2567.19,0,10.87,Low
25.048,92.4525,208.0,12.252285957336426,3573.05,1,69.97,High
28.8366,95.1327,1452.0,39.08331298828125,1289.76,1,69.65,High
24.213516180574565,92.67054865227368,517.0,14.704153060913086,2141.49,0,50.43,High
27.0159,92.6286,225.0,30.970563888549805,1421.55,1,94.01,Critical
26.75547985171744,92.33783210985486,98.0,1.3930720090866089,1421.55,0,0.0,Low
24.617041270271773,92.5686252420966,24.0,1.3796628713607788,2942.16,0,0.0,Low
26.0477,94.4356,570.0,19.760454177856445,1566.44,1,84.15,Critical
27.635930712537625,94.77622935199469,116.0,2.1336631774902344,2357.98,0,2.75,Low
25.781684934144835,95.00928711695435,2173.0,17.493982315063477,1669.48,0,18.02,Low
25.227171448211376,91.67343447178152,720.0,23.3552474975586,3717.5,0,25.49,Moderate
26.945,93.1426,280.0,12.094186782836914,1941.04,1,96.28,Critical
23.5817,93.4186,973.0,21.81239128112793,1327.95,1,74.25,High
23.8122,92.6158,461.0,22.047719955444336,2141.49,1,69.09,High
26.0117,94.2889,796.0,24.391504287719727,1566.44,1,69.07,High
24.100433810144143,92.40614969549708,349.0,13.085168838500977,2141.49,0,58.14,High
28.1625,96.5269,780.0,57.398738861083984,2484.94,1,94.62,Critical
24.67704631331681,94.35340964363988,824.0,32.061092376708984,1271.17,0,30.31,Moderate
24.877739049648486,94.5164488236498,1357.0,11.212084770202637,1566.44,0,12.03,Low
28.758145749275457,95.29572225577212,2236.0,18.236478805541992,1289.76,0,55.96,High
27.0784,92.9894,787.0,63.47137069702149,1941.04,1,99.13,Critical
28.709796873470804,96.46332638718904,4081.0,39.59431457519531,1891.54,0,0.05,Low
28.4449,93.3573,2158.0,23.818782806396484,912.05,1,85.42,Critical
28.1889,95.8361,647.0,40.74808120727539,2817.65,1,96.24,Critical
27.59375356283536,95.44514333535516,126.0,2.088294982910156,2724.38,0,0.0,Low
27.6554,91.9987,3183.0,34.76941680908203,853.16,1,94.47,Critical
26.9556,93.1332,272.0,24.10726356506348,1941.04,1,87.55,Critical
27.283271315878466,95.48589663093368,164.0,4.183302402496338,1916.88,0,1.01,Low
24.821212458376785,94.48944799371937,1430.0,31.68382453918457,1566.44,0,42.61,Moderate
28.2465,93.2117,2438.0,23.306621551513672,1472.72,1,40.26,Moderate
24.6277472285941,92.94302517392116,37.0,0.9309901595115662,2942.16,0,0.0,Low
27.9022,94.8985,454.0,41.770843505859375,2724.38,1,95.88,Critical
25.2249,91.6173,348.0,30.325353622436523,4943.24,1,82.21,Critical
27.651626478096325,88.4031815054845,4248.0,41.83740615844727,1707.7,0,0.06,Low
24.680882791326603,93.19243135562814,395.0,33.699222564697266,1648.99,0,58.77,High
27.5246,92.0647,3912.0,34.947120666503906,853.16,1,65.66,High
27.3543,88.6582,1754.0,18.88510131835937,1707.7,1,65.43,High
28.4856,95.4584,1955.0,22.035564422607425,2348.99,1,75.2,Critical
25.94102164465843,92.75668016651944,71.0,2.7739148139953613,1218.05,0,0.0,Low
26.9725,93.2892,554.0,32.5254020690918,1941.04,1,89.68,Critical
26.9486,93.1596,265.0,9.444438934326172,1941.04,1,93.84,Critical
27.56987968079396,96.56501774585948,1044.0,36.77600860595703,1689.08,0,54.2,High
27.2645,88.245,875.0,27.03584098815918,1690.33,1,73.46,High
28.52990134728703,93.59694930157832,4074.0,18.858339309692383,1535.18,0,2.29,Low
27.5345,92.4466,3213.0,27.34872817993164,1194.49,1,73.73,High
27.5724,94.1704,936.0,56.07494354248047,2567.19,1,98.58,Critical
25.368572968158883,90.95190042235237,506.0,8.48826789855957,3693.54,0,0.08,Low
26.96195083885273,93.8220587131986,84.0,0.9306915998458862,2204.32,0,0.0,Low
25.28840154879673,90.54022968889376,71.0,7.406386375427246,3693.54,0,0.0,Low
26.9931,92.6041,419.0,36.949954986572266,1421.55,1,92.04,Critical
23.601806251054107,92.95272020649882,1506.0,10.136086463928224,1327.95,0,19.18,Low
28.260646328929905,95.2792488775928,1035.0,34.90624237060547,2270.17,0,47.09,Moderate
23.6195,92.4525,481.0,30.35562515258789,2148.54,1,80.85,Critical
24.9553323797988,92.7569363487944,26.0,2.12275767326355,3573.05,0,0.0,Low
27.27135422563752,88.69166791387362,2027.0,27.447555541992188,1707.7,0,41.65,Moderate
26.5061,94.6995,515.0,26.43581962585449,1819.61,1,85.25,Critical
25.56501481132937,91.39304439952446,1610.0,7.406110763549805,3693.54,0,5.7,Low
26.808685240566103,92.03587250470892,146.0,5.082071304321289,1154.3,0,0.5,Low
26.014703449415943,90.5544035295444,59.0,1.3882397413253784,3693.54,0,0.0,Low
26.9833,92.5787,391.0,41.754356384277344,1421.55,1,99.76,Critical
28.384,93.5548,1875.0,32.57593536376953,1535.18,1,75.93,Critical
24.0234,92.1646,119.0,9.759238243103027,2141.49,1,73.62,High
28.412479451611446,95.29502932617476,1427.0,27.709108352661133,2270.17,0,30.35,Moderate
28.2006,95.8499,779.0,21.96640968322754,2817.65,1,77.38,Critical
27.075622620683816,93.7680597200859,272.0,18.4204044342041,2204.32,0,62.42,High
26.9514,93.0336,362.0,4.255536079406738,1941.04,1,89.65,Critical
25.00095880035112,94.102270735909,1112.0,21.89968490600586,1271.17,0,5.06,Low
28.0392,95.1649,1068.0,38.10993576049805,2724.38,1,80.51,Critical
24.25210904366288,93.19545791678904,935.0,28.468107223510746,1381.49,0,6.47,Low
27.577924428449048,92.7129541364824,2485.0,19.521427154541016,1194.49,0,16.69,Low
24.494338363343413,93.9796077935438,785.0,2.970151424407959,1381.49,0,0.0,Low
27.2541,88.2631,996.0,39.62589263916016,1690.33,1,82.12,Critical
27.1257,92.1042,1931.0,39.87220001220703,1154.3,1,88.89,Critical
26.0085,94.0208,465.0,32.575157165527344,1306.28,1,82.29,Critical
28.532,95.2412,1376.0,30.57231712341309,2270.17,1,40.11,Moderate
26.156307910591803,93.18378499568745,343.0,2.974365711212158,1427.25,0,7.46,Low
28.0932,96.0463,846.0,33.03110885620117,2484.94,1,89.53,Critical
25.4637662025042,93.3822049530374,441.0,10.188426971435549,1271.17,0,4.2,Low
28.30509216408306,96.86784025001108,3172.0,22.506805419921875,1044.44,0,40.16,Moderate
27.58141029551984,96.32902275422528,550.0,5.56656551361084,2174.9,0,20.08,Low
26.64501613588688,91.6162301344317,69.0,1.3923379182815552,1154.3,0,0.0,Low
27.925972731146103,96.20954889824678,247.0,1.047669529914856,2484.94,0,0.61,Low
26.142985612359865,94.23137050158392,811.0,29.530351638793945,1566.44,0,73.97,High
28.473,93.3502,3294.0,43.21247482299805,912.05,1,69.2,High
26.56372472937548,90.9069584616171,53.0,1.3918004035949707,1708.67,0,0.0,Low
28.105769661233065,94.62916262330606,754.0,29.166133880615234,2681.74,0,74.49,High
28.5936,95.7548,1144.0,29.335344314575195,2348.99,1,75.22,Critical
28.5092,93.5066,3100.0,13.91221809387207,1535.18,1,30.43,Moderate
27.2822,93.4366,1697.0,37.84331893920898,1971.8,1,70.81,High
26.0243,94.0417,316.0,48.67464828491211,1306.28,1,86.09,Critical
27.2074,92.3887,1640.0,45.53065872192383,1421.55,1,90.33,Critical
22.077876297267423,92.95049680375698,435.0,25.16082763671875,1506.81,0,31.49,Moderate
25.2595,93.258,926.0,32.0158805847168,1271.17,1,62.12,High
27.52108519590168,93.32509481265012,3051.0,24.7596492767334,1971.8,0,41.84,Moderate
23.57978066496768,91.7728415373356,111.0,4.229877471923828,2396.11,0,10.09,Low
27.0607,93.0506,943.0,51.40684509277344,1941.04,1,99.23,Critical
28.329648758999745,95.09424602500286,1474.0,31.928455352783203,2270.17,0,42.08,Moderate
28.7369,95.129,2817.0,44.855499267578125,2270.17,1,76.67,Critical
27.557613368793763,92.99073616904886,746.0,29.857885360717773,1971.8,0,52.79,High
25.1885,91.533,117.0,11.77167510986328,4780.93,1,78.87,Critical
28.08114176170111,97.03704699804464,2594.0,55.56122589111328,1471.65,0,22.13,Low
28.004525378594693,96.5500233026967,1728.0,33.8095817565918,2484.94,0,58.62,High
27.40409808251081,88.74954595056923,4139.0,12.59493350982666,1707.7,0,0.94,Low
26.9763,92.3699,521.0,34.1838264465332,1421.55,1,98.52,Critical
24.52279263187785,93.78541068863044,768.0,0.0,1381.49,0,0.0,Low
28.1528,96.0145,1885.0,22.589677810668945,2484.94,1,71.81,High
27.131000055420063,94.03636479300825,89.0,0.9306691884994508,2592.49,0,0.0,Low
26.1253,94.7668,1242.0,24.260887145996094,1669.48,1,54.14,High
27.2101,92.8369,1177.0,24.068790435791016,1421.55,1,74.51,High
27.7457,94.4172,452.0,11.692609786987305,2567.19,1,77.38,Critical
26.218087282941635,93.88272052629836,120.0,2.9745311737060547,1306.28,0,0.0,Low
28.1903,95.8398,698.0,34.90572738647461,2817.65,1,87.67,Critical
26.0079,94.5906,1624.0,29.53426551818848,1566.44,1,57.26,High
26.0808,94.4324,820.0,24.918832778930664,1566.44,1,72.07,High
26.9926,93.1642,297.0,26.757678985595703,1941.04,1,84.42,Critical
25.28653077368292,93.94578052770233,2032.0,25.897708892822266,1306.28,0,19.23,Low
26.962099773709568,94.39928396351225,91.0,9.618781089782717,1747.44,0,0.5,Low
28.83337839564741,96.55652316005772,4554.0,24.52398109436035,1011.98,0,0.0,Low
27.248352498845858,93.4021835073786,1398.0,19.97317695617676,1971.8,0,34.9,Moderate
26.36171107189725,94.732557218692,1072.0,52.793190002441406,1819.61,0,56.18,High
24.432051275899536,94.16965016114688,1099.0,35.254539489746094,1381.49,0,10.95,Low
25.036690679011173,92.7653970976564,347.0,18.419166564941406,3573.05,0,23.64,Low
27.494433154101745,88.67951455584253,3613.0,19.051008224487305,1707.7,0,14.44,Low
28.5103,93.4822,3048.0,36.13305282592773,1535.18,1,75.89,Critical
26.94828215924534,95.66046567574124,1394.0,11.599688529968262,1916.88,0,15.07,Low
25.21301371352315,91.04538860413724,303.0,19.409786224365234,4780.93,0,28.15,Moderate
25.1631,91.449,28.0,14.180066108703612,4780.93,1,55.58,High
27.1069,92.8112,438.0,14.678777694702148,1421.55,1,81.06,Critical
25.89682446342121,91.68529377663737,553.0,16.793371200561523,1708.67,0,35.73,Moderate
27.5909,96.4414,1159.0,41.817909240722656,2174.9,1,85.45,Critical
26.056359959518808,92.66482724356568,85.0,14.704628944396973,1218.05,0,2.36,Low
27.999634848933685,95.83039825025736,162.0,5.545709133148193,2817.65,0,4.85,Low
27.971152184290425,96.83228437126525,2059.0,33.36956024169922,1471.65,0,26.93,Moderate
26.336775606805386,94.98641382254458,2020.0,32.25310134887695,1819.61,0,44.12,Moderate
27.1952,88.1348,2171.0,15.268756866455078,2181.41,1,53.69,High
27.1834,92.7255,454.0,33.4692497253418,1421.55,1,96.96,Critical
26.68235482071714,92.27355719630248,84.0,1.3925845623016355,1421.55,0,0.0,Low
26.0768,94.953,771.0,24.04804229736328,1669.48,1,72.22,High
26.7314036595052,94.20105821457258,99.0,2.12978196144104,1747.44,0,0.0,Low
25.992558803067148,90.5851060445732,54.0,3.2239041328430176,3693.54,0,0.0,Low
27.7465,93.6002,920.0,36.25437545776367,2592.49,1,88.28,Critical
25.423377296881974,90.11192689632136,124.0,15.716185569763184,3693.54,0,3.29,Low
24.1506688313784,93.76203383830162,870.0,18.74853515625,1381.49,0,6.82,Low
26.126459156539063,92.44170509900202,81.0,5.465281486511231,1218.05,0,2.0,Low
26.967261921968777,94.6888808731751,97.0,4.543461799621582,1941.69,0,2.05,Low
27.0,92.3849,660.0,18.812862396240234,1421.55,1,85.49,Critical
26.076000198628428,95.07282885145511,1999.0,32.01907730102539,1669.48,0,36.02,Moderate
26.1392,94.3779,445.0,25.26925277709961,1566.44,1,87.88,Critical
26.92183971376185,95.13375986268188,195.0,8.300233840942383,1941.69,0,30.76,Moderate
29.141506317501594,94.39332588887018,3443.0,32.09725570678711,1158.49,0,8.76,Low
27.0395,93.2363,399.0,20.691648483276367,1941.04,1,88.39,Critical
25.1099,93.1746,932.0,26.7168083190918,1648.99,1,48.33,Moderate
28.136,93.2405,1208.0,20.498779296875,1472.72,1,66.51,High
28.50734124408752,94.08598635439432,3209.0,31.050342559814453,2030.02,0,42.45,Moderate
23.899619647601387,91.54378213742685,120.0,11.586227416992188,2414.95,0,19.36,Low
28.0761,95.2369,1125.0,51.9144172668457,2724.38,1,98.03,Critical
28.4579,95.7154,1517.0,50.42096328735352,2348.99,1,91.67,Critical
26.920940858122783,92.70694543148343,105.0,0.9306970238685608,1421.55,0,0.0,Low
28.2319,95.2248,403.0,31.008689880371094,2724.38,1,91.94,Critical
28.99600014181165,95.46247151099716,2479.0,29.730863571166992,1248.72,0,23.83,Low
25.063,93.1658,676.0,26.927921295166016,1648.99,1,72.52,High
28.0438,94.9903,1370.0,27.69376564025879,2724.38,1,66.26,High
28.600832347645603,94.44065749847212,2808.0,19.04916000366211,2030.02,0,23.15,Low
27.0633,92.6452,451.0,26.41460227966309,1421.55,1,94.79,Critical
27.6555,94.2254,483.0,37.98613357543945,2567.19,1,94.02,Critical
27.0358,92.6234,243.0,27.96332359313965,1421.55,1,99.38,Critical
26.1161,94.4178,443.0,16.16014862060547,1566.44,1,83.18,Critical
28.02183279434901,95.24404827120956,332.0,9.10114288330078,2724.38,0,24.24,Low
26.1084,91.9078,108.0,14.140558242797852,1708.67,1,67.09,High
27.348,88.7563,3153.0,44.37825393676758,1707.7,1,59.86,High
28.5396,94.7631,2577.0,55.829227447509766,2270.17,1,88.5,Critical
22.39407462826473,93.04822101554824,1414.0,13.068371772766112,1506.81,0,19.33,Low
29.265905088093085,96.07990154090848,4416.0,37.48092651367188,1011.98,0,0.26,Low
27.3731,93.8929,637.0,24.093900680541992,2592.49,1,80.61,Critical
28.3424,96.5464,1972.0,42.62337112426758,1891.54,1,80.11,Critical
27.757919450592208,94.57869351904245,1057.0,40.05929946899414,2681.74,0,65.94,High
27.838,94.7655,663.0,35.24326705932617,2724.38,1,87.52,Critical
27.43669683727657,93.8847488199749,1483.0,37.912841796875,2592.49,0,71.83,High
24.2263,92.8071,626.0,28.943714141845703,2141.49,1,83.74,Critical
25.62921869095292,90.01927397130801,161.0,9.83651638031006,3693.54,0,2.0,Low
28.2169,93.2904,2403.0,57.619773864746094,1472.72,1,93.51,Critical
23.9631,92.8113,199.0,15.444348335266112,2141.49,1,70.53,High
28.6604,95.7909,2818.0,20.04276466369629,2348.99,1,61.69,High
27.6201,96.4355,1237.0,45.03673553466797,2174.9,1,84.11,Critical
27.9377,95.0185,603.0,25.643632888793945,2724.38,1,82.58,Critical
26.35945538188174,91.0186316854471,44.0,1.861050009727478,1708.67,0,0.0,Low
28.705845911120583,94.91255579728328,1505.0,38.58018493652344,2270.17,0,60.54,High
27.7485,94.1659,1435.0,39.18080139160156,2567.19,1,88.67,Critical
25.360829265833143,90.18143575174687,75.0,6.178041458129883,3693.54,0,1.04,Low
26.9568,92.3311,475.0,28.317516326904297,1421.55,1,98.08,Critical
28.25560345265032,95.4572744579678,1567.0,47.80924606323242,2348.99,0,60.48,High
26.212122383369334,91.9370560341879,272.0,3.4683024883270264,1708.67,0,7.39,Low
26.194619786842203,94.18258319698316,539.0,23.62042999267578,1566.44,0,60.77,High
27.645295607501573,94.96967972645156,108.0,0.930600643157959,2724.38,0,0.0,Low
27.8426558942553,95.54140708058,134.0,1.0468679666519165,2724.38,0,0.0,Low
27.9172,93.2676,1730.0,35.12690734863281,1472.72,1,82.34,Critical
26.121,94.4126,465.0,16.688871383666992,1566.44,1,82.14,Critical
28.6078,95.8538,823.0,35.96928024291992,2348.99,1,87.6,Critical
27.04165116242453,95.88130370437544,1279.0,23.387489318847656,1916.88,0,43.39,Moderate
27.42242112548364,93.8139089780302,1765.0,30.748252868652344,2592.49,0,40.94,Moderate
27.785,94.8056,920.0,59.72831726074219,2724.38,1,97.43,Critical
26.0028,94.0523,224.0,27.47064018249512,1566.44,1,72.09,High
27.6083,94.518,459.0,44.34339904785156,2567.19,1,98.23,Critical
25.63781544867204,94.27283360034812,1456.0,35.34787368774414,1566.44,0,60.2,High
27.46876491444213,92.59031092941756,2636.0,23.59882354736328,1194.49,0,13.1,Low
26.054,94.4542,747.0,15.446005821228027,1566.44,1,78.89,Critical
26.85431053291241,92.75923394202576,80.0,2.1302976608276367,1421.55,0,0.0,Low
24.876503529892307,93.69720125419252,1314.0,38.95817947387695,1648.99,0,59.5,High
23.9744,92.6775,459.0,15.291646003723145,2141.49,1,64.55,High
27.6203,96.4147,1015.0,37.55916976928711,2174.9,1,84.91,Critical
26.9583,93.0985,391.0,19.73756980895996,1941.04,1,90.32,Critical
27.0443,93.1878,1415.0,33.70437240600586,1941.04,1,72.69,High
27.8166,94.9326,515.0,18.10098457336425,2724.38,1,70.54,High
28.8362,94.8715,845.0,44.03461456298828,1289.76,1,93.82,Critical
23.4375,92.4288,690.0,30.877376556396484,2148.54,1,82.37,Critical
22.493844197595696,93.0768154854422,1048.0,18.335729598999023,1506.81,0,20.76,Low
28.6269,94.6859,1133.0,47.16551971435547,2270.17,1,83.69,Critical
27.8688,94.996,289.0,32.001739501953125,2724.38,1,90.18,Critical
27.29424624241769,88.19995808080056,2152.0,17.612077713012695,1690.33,0,26.1,Moderate
28.1659,93.1297,2332.0,35.86149597167969,1472.72,1,81.41,Critical
26.35017249218885,91.9414181281156,56.0,3.469707489013672,1708.67,0,0.0,Low
29.16071930356269,94.7443674784374,3647.0,34.71921157836914,1289.76,0,7.89,Low
25.9773,91.8607,308.0,23.14832305908203,1708.67,1,60.82,High
28.21736484950185,94.96790472684972,1095.0,33.51424789428711,2724.38,0,60.34,High
25.9637,94.6582,1951.0,31.58455467224121,1669.48,1,55.98,High
26.9397,93.1267,298.0,2.78696084022522,1941.04,1,63.83,High
26.948,93.0459,341.0,12.790505409240724,1941.04,1,93.98,Critical
27.1497,88.1759,1256.0,32.734580993652344,2181.41,1,76.78,Critical
26.9957,92.3615,737.0,29.151206970214844,1421.55,1,96.83,Critical
28.11782324972697,92.90031899536147,5025.0,19.862247467041016,1472.72,0,0.89,Low
23.6075,92.4246,710.0,36.26332092285156,2148.54,1,81.65,Critical
28.9478,95.4952,2867.0,32.78813552856445,1248.72,1,51.69,High
27.169026474268048,96.92895072073064,1848.0,44.54156112670898,1689.08,0,45.21,Moderate
26.95,93.0927,362.0,20.219751358032227,1941.04,1,90.04,Critical
26.9809,92.5801,224.0,12.852155685424805,1421.55,1,83.66,Critical
25.25858717046973,90.7822518179158,171.0,10.896056175231934,3693.54,0,4.62,Low
26.864469366832587,94.20436775747928,84.0,3.622722864151001,1747.44,0,0.0,Low
24.06603943374449,92.5497536376146,156.0,31.62351417541504,2141.49,0,63.44,High
28.97432350360324,96.44909556906732,4293.0,37.06403732299805,1011.98,0,0.26,Low
27.443,88.5018,944.0,52.71506118774414,1707.7,1,92.01,Critical
26.03579855545589,93.19747747226596,102.0,2.775120735168457,1427.25,0,0.0,Low
26.982,92.5596,382.0,48.859771728515625,1421.55,1,99.88,Critical
25.63434282827139,90.23129028971144,444.0,9.711908340454102,3693.54,0,0.44,Low
24.704321814965944,94.32068767412969,582.0,28.683631896972656,1271.17,0,7.54,Low
27.4617,94.1038,573.0,40.85102081298828,2567.19,1,96.25,Critical
26.571194967687227,92.1332194527109,77.0,2.97549057006836,1154.3,0,0.0,Low
24.567832071914182,94.06785101970723,791.0,1.3793736696243286,1381.49,0,0.0,Low
26.9985,92.6309,248.0,28.542266845703125,1421.55,1,98.06,Critical
23.6179,92.4075,588.0,30.8123722076416,2148.54,1,83.05,Critical
28.0809,95.1436,1469.0,31.0163688659668,2724.38,1,83.24,Critical
26.46467929128148,92.11136382386036,57.0,2.267045021057129,1218.05,0,0.0,Low
28.4139,95.8969,574.0,58.89336013793945,2348.99,1,91.7,Critical
25.89603906101815,93.71682590576695,153.0,0.0,1306.28,0,0.0,Low
22.58039384016858,92.86322446672102,707.0,24.91593360900879,2496.59,0,62.6,High
24.490349827642376,93.5889413323848,799.0,10.90005588531494,1381.49,0,2.89,Low
25.25402765862721,93.17268097876271,350.0,6.119020462036133,1271.17,0,1.45,Low
25.42290878939061,91.14115070528575,977.0,18.100242614746094,3693.54,0,8.42,Low
26.500706728932403,90.3560691188816,51.0,2.79029393196106,3717.5,0,0.0,Low
27.586151794312272,92.27354193615118,3305.0,32.77865982055664,1194.49,0,20.12,Low
25.263795994078404,93.33084118499308,1500.0,10.183368682861328,1271.17,0,12.23,Low
27.588021667925435,92.3428419752812,4085.0,9.122466087341309,1194.49,0,2.1,Low
26.1429,94.9877,880.0,30.565406799316406,1669.48,1,79.74,Critical
28.1598,93.5355,1317.0,37.36557769775391,2320.86,1,59.75,High
27.997,93.0663,2829.0,48.10758972167969,1472.72,1,72.16,High
27.2221,88.328,940.0,34.14515686035156,2181.41,1,81.5,Critical
26.1024,94.2932,1692.0,45.25761032104492,1566.44,1,81.25,Critical
27.487250428225696,93.55527713745724,955.0,24.817930221557617,2592.49,0,60.42,High
22.76641915451427,92.8213582437634,298.0,20.51870346069336,2496.59,0,45.87,Moderate
22.423557745517154,93.09408291517704,1264.0,21.39535522460937,1506.81,0,27.13,Moderate
25.328489368850303,92.61625334822368,1082.0,12.308719635009766,2535.22,0,31.18,Moderate
27.80456927977898,95.892720869709,142.0,2.289578914642334,2484.94,0,0.0,Low
25.973,94.9482,1178.0,17.399599075317383,1669.48,1,52.61,High
22.23283996400724,92.95180755494286,723.0,19.326290130615234,1506.81,0,25.52,Moderate
27.0681,93.1773,1131.0,47.65853118896485,1941.04,1,92.82,Critical
23.614366186021662,93.40572165196184,1205.0,12.081384658813477,1327.95,0,16.83,Low
28.4926,95.448,2564.0,54.56393814086914,2348.99,1,91.6,Critical
26.466737393032886,94.76856550066952,818.0,18.77762985229492,1819.61,0,51.7,High
25.67607531758351,90.58661269503128,281.0,6.800693988800049,3693.54,0,2.5,Low
26.150131341589496,93.5200599168464,1237.0,12.322757720947266,1649.52,0,10.48,Low
27.255950460789848,95.99855464496562,374.0,5.887741088867188,1835.44,0,21.85,Low
24.1529,92.9335,530.0,31.576305389404297,1381.49,1,65.97,High
28.3927,95.4869,1073.0,46.15867614746094,2348.99,1,90.47,Critical
26.35,94.7245,625.0,32.80495071411133,1819.61,1,92.06,Critical
26.9757,93.0879,420.0,5.661927700042725,1941.04,1,90.49,Critical
26.751231681002405,90.8620381642584,196.0,3.4738519191741943,1708.67,0,1.06,Low
28.73388293725669,94.57193238525764,2338.0,27.927001953125,2030.02,0,33.81,Moderate
24.85570716119264,92.98516995591515,30.0,2.760557174682617,1648.99,0,0.5,Low
25.78687924268068,93.78182331340923,325.0,22.65140724182129,1306.28,0,19.95,Low
27.2835,93.4362,1809.0,20.34698867797852,1971.8,1,41.94,Moderate
28.0303,93.2314,2119.0,31.296613693237305,1472.72,1,71.82,High
27.3273,92.7449,888.0,49.60771179199219,1194.49,1,90.1,Critical
28.8427,94.8751,1186.0,15.127593994140623,1289.76,1,47.17,Moderate
26.67951451239372,90.26462176889665,131.0,1.8609665632247925,2542.03,0,0.5,Low
27.10786660797753,94.3636076361386,84.0,2.277659177780152,2567.19,0,0.0,Low
26.3451,94.8963,602.0,25.328676223754883,1819.61,1,86.26,Critical
27.7825,94.5916,517.0,29.703975677490234,2681.74,1,88.71,Critical
27.3933,96.2527,887.0,13.763367652893066,2174.9,1,66.98,High
27.9846,94.0968,2035.0,21.01883316040039,2681.74,1,49.56,Moderate
23.16331382805093,92.9774989030638,807.0,40.66423416137695,1506.81,0,36.29,Moderate
26.0299,94.3494,708.0,34.134315490722656,1566.44,1,89.61,Critical
26.70120787451525,93.67059676959128,80.0,0.0,2204.32,0,0.0,Low
26.40149303360002,92.96471061991166,124.0,18.96295166015625,1427.25,0,4.88,Low
26.48017229816891,91.91399820871796,64.0,1.3912526369094849,1708.67,0,0.0,Low
24.0329,93.0841,280.0,16.24226188659668,1381.49,1,76.84,Critical
25.73030415125557,92.2070346144993,786.0,3.080357074737549,2535.22,0,1.44,Low
28.95857888858117,96.13290789965131,2994.0,37.94716262817383,1011.98,0,21.09,Low
28.86057836949688,95.998464562119,1620.0,14.601229667663574,1248.72,0,16.14,Low
26.9752,92.5434,384.0,12.286199569702148,1421.55,1,89.84,Critical
28.45830972723089,96.26678536903373,3695.0,33.020721435546875,1891.54,0,2.24,Low
22.59320278960413,92.57924332503912,461.0,26.73328399658203,2496.59,0,53.16,High
28.116896537443765,95.615174823564,212.0,1.4024977684020996,2817.65,0,0.0,Low
27.95487419784134,93.93473596136224,2221.0,37.85744094848633,2320.86,0,35.94,Moderate
28.378100152433337,93.80320407631272,2374.0,33.70343017578125,1535.18,0,65.35,High
28.2801,95.5789,999.0,37.41196823120117,2348.99,1,85.65,Critical
24.0666,92.7905,903.0,55.78224563598633,2141.49,1,95.46,Critical
24.9840526493092,93.2896775875004,467.0,9.718842506408691,1648.99,0,8.14,Low
24.968978823505644,93.26761832354062,156.0,30.769306182861328,1648.99,0,45.63,Moderate
26.0519,94.4161,562.0,18.091392517089844,1566.44,1,81.41,Critical
26.73522926426241,92.579426791873,80.0,3.1069016456604004,1421.55,0,0.0,Low
28.4703203609686,95.8077870505691,886.0,5.946036815643311,2348.99,0,13.24,Low
28.3663,95.6666,1920.0,39.78040313720703,2348.99,1,82.4,Critical
27.6405,94.579,751.0,11.081748008728027,2567.19,1,41.11,Moderate
27.9851,96.4021,499.0,40.5744514465332,2484.94,1,95.5,Critical
26.9784,92.1681,964.0,35.98567199707031,1421.55,1,94.45,Critical
27.1389,88.1791,659.0,18.23332595825196,2181.41,1,64.64,High
28.0828,93.2836,1352.0,32.58027267456055,1472.72,1,78.83,Critical
28.3346,95.7947,659.0,56.02476119995117,2348.99,1,96.42,Critical
29.04072788585892,94.43276217076183,2781.0,32.68522644042969,1158.49,0,19.88,Low
28.0923,93.2893,1200.0,42.35637664794922,1472.72,1,89.89,Critical
28.33729114345316,94.98315382639429,771.0,57.965579986572266,2270.17,0,48.09,Moderate
28.737448638975515,95.8582845787429,1157.0,30.744935989379883,2348.99,0,67.72,High
25.213743018564944,91.01513891048192,101.0,29.79627990722656,4780.93,0,21.82,Low
24.307,92.6284,159.0,9.284707069396973,2942.16,1,5.5,Low
28.6495,95.7074,1130.0,49.85728073120117,2348.99,1,96.85,Critical
26.506,94.8588,470.0,22.93671417236328,1819.61,1,83.02,Critical
27.9879,93.1978,1395.0,38.91770935058594,1472.72,1,81.53,Critical
26.27740999012102,90.3359398168329,45.0,3.6092817783355713,3717.5,0,0.0,Low
27.208035546523696,94.35655704916752,88.0,2.2793476581573486,2567.19,0,0.0,Low
27.873627611666286,96.58767927191826,2272.0,33.41793441772461,1471.65,0,14.18,Low
27.0151,92.3482,1105.0,36.103946685791016,1421.55,1,92.31,Critical
28.0818,93.2654,1869.0,38.74161148071289,1472.72,1,83.69,Critical
28.066,96.2728,919.0,52.34021759033203,2484.94,1,96.66,Critical
28.690022163484983,94.84577695846406,1681.0,25.20444297790528,2270.17,0,43.53,Moderate
27.913,96.4766,746.0,41.32026672363281,2484.94,1,95.35,Critical
25.82396348623121,94.16603159001102,1097.0,19.32229423522949,1566.44,0,20.3,Low
28.6559,95.2236,1527.0,48.86511993408203,2270.17,1,92.4,Critical
26.0918,94.2814,1738.0,55.8609619140625,1566.44,1,81.3,Critical
27.4404,93.946,1499.0,49.43220138549805,2592.49,1,97.7,Critical
25.94395786132668,93.66158152355962,203.0,1.8611572980880733,1306.28,0,1.5,Low
28.0149,96.2556,1158.0,46.23683166503906,2484.94,1,92.99,Critical
26.9385,93.0794,419.0,10.273497581481934,1941.04,1,95.77,Critical
24.819700729152107,92.61907634797063,17.0,3.0574982166290283,3573.05,0,0.0,Low
28.0905,93.2696,2008.0,60.43709945678711,1472.72,1,94.12,Critical
28.9667,94.8713,597.0,34.44536590576172,1289.76,1,89.56,Critical
27.777,94.5012,441.0,20.8402042388916,2681.74,1,82.99,Critical
27.708674167882755,93.31912206677076,1764.0,32.32611846923828,1971.8,0,51.06,High
26.947,93.1453,300.0,8.302016258239746,1941.04,1,97.69,Critical
26.9364,93.0536,380.0,18.28007125854492,1941.04,1,92.44,Critical
25.3365,91.844,636.0,42.22230911254883,3717.5,1,97.66,Critical
28.799,95.2366,1996.0,24.8007926940918,1289.76,1,71.66,High
27.781,94.689,1041.0,67.40724182128906,2724.38,1,92.56,Critical
25.23765335942827,94.0459190054366,1559.0,33.223873138427734,1306.28,0,3.34,Low
27.11202112735735,94.87523730240446,102.0,1.3954700231552124,1941.69,0,0.0,Low
27.65284554683228,94.46713942040626,176.0,27.69439697265625,2567.19,0,23.58,Low
28.68913552165873,94.82845669882244,1161.0,27.461435317993164,2270.17,0,30.54,Moderate
26.983,92.374,877.0,33.0589599609375,1421.55,1,94.91,Critical
26.9728,92.432,474.0,19.96621322631836,1421.55,1,87.58,Critical
28.2419,96.519,936.0,52.05038833618164,2484.94,1,96.65,Critical
23.00255712116393,91.63253876194828,53.0,18.3010482788086,2396.11,0,10.18,Low
24.323875658900025,92.27476090131157,51.0,8.28144359588623,3648.26,0,0.0,Low
27.0184,93.1562,532.0,12.797552108764648,1941.04,1,72.71,High
28.737,95.0894,2370.0,37.997066497802734,2270.17,1,60.8,High
27.668523243050185,95.67494102520652,139.0,1.0452038049697876,2174.9,0,0.0,Low
25.51450892035233,92.666986350891,636.0,3.4613757133483887,2535.22,0,8.37,Low
25.37789409673316,90.33496359973164,98.0,4.947811603546143,3693.54,0,0.05,Low
25.053452020862053,92.65126952213215,473.0,27.487287521362305,3573.05,0,28.42,Moderate
27.489216719202496,92.24741401025268,2724.0,31.590734481811523,1194.49,0,27.34,Moderate
26.321252719600484,92.6811269497516,65.0,1.8610599040985107,1218.05,0,0.0,Low
28.2578,95.8549,1703.0,42.79898452758789,2348.99,1,89.46,Critical
26.77261670780682,91.07745493520886,81.0,4.537035465240479,1708.67,0,0.5,Low
26.965757749849995,93.63674072132068,103.0,3.24880599975586,2204.32,0,1.07,Low
23.98754055372752,92.1463719122829,141.0,15.50881576538086,2141.49,0,50.08,High
27.4231621487654,92.7115351922703,2190.0,18.170259475708008,1194.49,0,6.86,Low
27.34155074015748,94.2178604450588,94.0,3.860177755355835,2567.19,0,0.05,Low
28.6792,94.3884,2563.0,24.33322525024414,2030.02,1,65.62,High
28.1823,95.8367,533.0,37.33308792114258,2817.65,1,93.91,Critical
27.1045,92.9136,586.0,42.36384963989258,1941.04,1,97.33,Critical
27.6579,92.0071,2893.0,32.54206466674805,853.16,1,82.06,Critical
23.5910991348288,93.04995704294524,892.0,27.981143951416016,1327.95,0,13.94,Low
27.3045,92.243,2291.0,31.946855545043945,1194.49,1,49.18,Moderate
27.0387,92.9331,377.0,22.885541915893555,1941.04,1,86.43,Critical
27.057378148164183,92.44196505224326,1722.0,53.36787796020508,1421.55,0,35.76,Moderate
27.86494839829968,95.1615616438935,194.0,9.341130256652832,2724.38,0,7.96,Low
26.991210082618068,94.78974867963956,91.0,3.476381063461304,1941.69,0,0.05,Low
26.108,94.3671,626.0,17.16521453857422,1566.44,1,61.6,High
25.214947787934587,92.11416378820608,316.0,38.56190490722656,3573.05,0,77.91,Critical
25.9574,94.3541,640.0,21.5135440826416,1566.44,1,83.06,Critical
27.89085658106153,92.96524191655756,3037.0,28.210054397583008,1472.72,0,34.18,Moderate
22.94988921522076,92.5994855739284,112.0,5.015048027038574,2496.59,0,4.14,Low
27.538636471528097,94.6223130458618,104.0,0.9306148886680604,2567.19,0,0.0,Low
28.1235,94.4289,1552.0,50.03976058959961,2681.74,1,95.87,Critical
25.9546,94.2481,915.0,15.564324378967283,1566.44,1,63.84,High
27.504317606055697,93.74146878380272,1108.0,17.79665184020996,2592.49,0,25.8,Moderate
26.04161081808701,93.97790999746115,288.0,17.01214027404785,1306.28,0,26.5,Moderate
27.6758,94.3296,930.0,15.748961448669434,2567.19,1,62.05,High
25.059,92.7929,343.0,31.422542572021484,3573.05,1,78.22,Critical
28.2707,94.4639,2007.0,25.609493255615234,2030.02,1,37.07,Moderate
23.2262,92.7019,714.0,39.20051574707031,2496.59,1,78.03,Critical
28.1182,96.0866,1957.0,22.863649368286133,2484.94,1,69.88,High
26.9989,92.5749,576.0,31.08265686035156,1421.55,1,98.24,Critical
26.562402223969134,92.75276015230688,61.0,3.615754365921021,1941.04,0,0.0,Low
23.4507,92.5128,961.0,23.64852333068848,2148.54,1,78.32,Critical
27.3188,92.7309,924.0,31.380922317504883,1194.49,1,83.76,Critical
25.4949813302712,92.12905071042456,1324.0,5.43993616104126,2535.22,0,3.99,Low
27.2880053802446,94.86864017566587,104.0,4.159612655639648,2567.19,0,1.17,Low
27.6728,94.5672,407.0,40.1486930847168,2567.19,1,97.19,Critical
27.2674,88.2373,856.0,38.879093170166016,1690.33,1,85.92,Critical
25.52,92.6779,622.0,4.819817543029785,2535.22,1,58.52,High
23.56809404387509,93.0404137254815,567.0,8.236412048339844,1327.95,0,20.14,Low
26.2302,94.1776,304.0,8.860404968261719,1566.44,1,46.57,Moderate
26.45512246927756,89.89632827349926,47.0,0.9307580590248108,2542.03,0,0.0,Low
26.9494,93.0882,319.0,30.020404815673828,1941.04,1,82.99,Critical
28.692,95.1026,2085.0,31.90858459472656,2270.17,1,61.88,High
27.3845,88.2953,1869.0,25.51027107238769,1690.33,1,66.89,High
27.4755,94.1256,543.0,26.23090553283692,2567.19,1,80.9,Critical
26.061,94.4213,626.0,42.14243698120117,1566.44,1,85.4,Critical
27.55809439230369,91.91189300162196,1871.0,13.431330680847168,853.16,0,11.19,Low
28.8943,95.2281,2762.0,23.5327262878418,1289.76,1,71.47,High
27.0725,92.7617,266.0,25.88851356506348,1421.55,1,98.38,Critical
25.996570910562912,94.87201963987812,887.0,26.101318359375,1669.48,0,51.72,High
23.2443581972773,92.89880485294532,601.0,26.00560188293457,1327.95,0,9.64,Low
26.9487,93.0949,336.0,21.66728401184082,1941.04,1,89.84,Critical
27.8567,95.0043,352.0,37.3820686340332,2724.38,1,94.83,Critical
27.062,92.6275,875.0,49.450965881347656,1421.55,1,98.9,Critical
27.41386145641141,94.5420922021898,90.0,1.3975398540496826,2567.19,0,0.0,Low
27.1538,88.2618,1263.0,39.79601287841797,2181.41,1,82.56,Critical
28.748652780388472,96.5282986481472,4091.0,29.28867721557617,1011.98,0,0.0,Low
27.733,94.455,351.0,22.24786949157715,2567.19,1,82.89,Critical
25.5762,91.9972,1249.0,31.29813575744629,3717.5,1,96.22,Critical
27.3703730438991,96.9152011913697,2483.0,42.74497985839844,1689.08,0,22.54,Low
28.140169394576297,95.84113099685096,386.0,1.4026657342910769,2817.65,0,2.37,Low
23.39741558626041,92.45954123083014,298.0,43.35187149047852,2148.54,0,48.5,Moderate
28.0476,96.2169,1723.0,50.75085067749024,2484.94,1,97.7,Critical
28.37715753657326,94.23587603017572,1895.0,38.96232986450195,2030.02,0,66.21,High
25.1707,91.44,103.0,11.098714828491213,4780.93,1,76.86,Critical
26.9471,93.1019,291.0,15.236865997314451,1941.04,1,94.86,Critical
27.00813094863072,94.5065120122229,89.0,0.0,1747.44,0,0.0,Low
23.9526,92.6232,168.0,22.148685455322266,2141.49,1,62.13,High
28.763068980967603,96.44883268298344,3060.0,13.58723258972168,1011.98,0,9.79,Low
27.2242,88.3395,1561.0,38.97784423828125,2181.41,1,78.77,Critical
28.1837,96.4421,2455.0,39.90309524536133,2484.94,1,67.53,High
26.2459,94.8122,1396.0,31.114845275878903,1669.48,1,60.14,High
28.9527,94.7035,1849.0,26.83363342285156,1289.76,1,69.71,High
25.663915180571983,93.41131933986397,289.0,8.365970611572266,1271.17,0,6.76,Low
26.0477,94.436,569.0,11.727993965148926,1566.44,1,73.29,High
26.0038,94.3448,461.0,19.56296730041504,1566.44,1,82.65,Critical
27.281,93.4362,1668.0,51.81776809692383,1971.8,1,95.69,Critical
28.0998,96.2537,1429.0,52.00300216674805,2484.94,1,96.85,Critical
28.685,95.8324,1159.0,36.70635223388672,2348.99,1,85.37,Critical
27.946802699470386,95.70571626261057,142.0,2.13504695892334,2817.65,0,0.0,Low
28.2226,95.776,654.0,37.94842147827149,2817.65,1,94.6,Critical
23.3116,92.5519,680.0,25.22017288208008,2148.54,1,74.43,High
25.85526151053437,91.16653594061955,68.0,0.9308355450630188,3717.5,0,0.5,Low
24.44518989879285,93.2311851284828,323.0,30.51158905029297,1625.06,0,33.72,Moderate
28.223604730593355,94.29127423313751,2533.0,40.37619018554688,2681.74,0,26.72,Moderate
28.0392,96.1866,1011.0,22.165817260742188,2484.94,1,78.93,Critical
27.64671057075565,96.83458637486169,3629.0,43.418853759765625,1689.08,0,11.7,Low
27.40861772874068,92.38919217691344,2183.0,25.648229598999023,1194.49,0,10.45,Low
27.3008,88.3916,1764.0,34.44575500488281,1690.33,1,72.73,High
23.57294920248516,91.34750591012114,51.0,6.039119720458984,2396.11,0,0.03,Low
28.4535,93.3291,3619.0,36.60017013549805,912.05,1,87.06,Critical
23.708097280140795,92.05526275290366,297.0,12.26227569580078,2141.49,0,46.12,Moderate
22.94371790569159,92.57689742139976,131.0,21.14667510986328,2496.59,0,5.82,Low
27.908,96.55,1901.0,45.12007141113281,1471.65,1,62.2,High
27.83779669902928,96.36861300065344,584.0,60.32856750488281,2484.94,0,53.6,High
27.1421,92.8691,1265.0,33.88013458251953,1941.04,1,74.53,High
28.293014698895647,94.62981814347316,577.0,31.34374237060547,2030.02,0,61.84,High
28.32507304473568,96.61635669812914,1383.0,27.11821174621582,1044.44,0,32.36,Moderate
28.44347089917393,94.72817821998042,1473.0,42.1153450012207,2270.17,0,78.04,Critical
24.968301800802724,94.49438708199284,1191.0,26.15466690063477,1566.44,0,26.3,Moderate
27.1667,93.6055,1116.0,44.392948150634766,2204.32,1,77.55,Critical
27.8426,94.3362,451.0,25.810209274291992,2681.74,1,83.93,Critical
26.52359652441032,93.93671453486574,101.0,9.88650131225586,1747.44,0,4.61,Low
27.8734,94.6185,1445.0,46.9362907409668,2681.74,1,95.04,Critical
27.1032,92.1943,2203.0,33.81986618041992,1421.55,1,44.39,Moderate
24.105473691359684,92.34517323915226,118.0,5.92259693145752,2141.49,0,33.58,Moderate
28.449150808996308,93.24505314544318,3297.0,39.80100631713867,912.05,0,40.17,Moderate
23.5447,93.1376,866.0,25.160812377929688,1327.95,1,45.67,Moderate
24.94741644316069,93.5141477064472,844.0,26.739723205566406,1648.99,0,36.31,Moderate
27.7905,94.5342,565.0,36.69985580444336,2681.74,1,91.65,Critical
27.0139,92.9156,198.0,20.229915618896484,1941.04,1,53.05,High
27.094191719146004,95.63664393556972,1050.0,27.08527374267578,1916.88,0,46.0,Moderate
26.65770217816745,94.18432304774132,94.0,2.270193099975586,1747.44,0,0.0,Low
24.52918852218216,93.40891156328848,452.0,23.844831466674805,1625.06,0,39.25,Moderate
26.1285,94.1999,470.0,23.80377769470215,1566.44,1,80.12,Critical
26.3261,94.666,577.0,31.912771224975582,1819.61,1,88.26,Critical
27.8404,93.1344,2831.0,29.3044376373291,1472.72,1,70.44,High
26.208949202980914,89.98254375921445,31.0,2.26292371749878,2542.03,0,0.0,Low
28.0485,96.0981,682.0,17.403982162475586,2484.94,1,51.1,High
27.848974919754824,93.91134658315184,1339.0,27.8000717163086,2320.86,0,29.91,Moderate
28.5123,93.483,2993.0,49.37460708618164,1535.18,1,91.12,Critical
27.5835,96.5697,1340.0,42.6856689453125,1689.08,1,70.54,High
26.9498,92.1354,443.0,15.540815353393556,1154.3,1,78.81,Critical
26.2873065391105,90.81270861273794,38.0,2.2641794681549072,3717.5,0,0.0,Low
27.269,88.0625,2168.0,20.57537651062012,1690.33,1,50.21,High
27.5192,92.9618,690.0,40.38364410400391,1971.8,1,84.81,Critical
27.266407319431963,88.7367519336463,2420.0,44.36808013916016,1707.7,0,32.65,Moderate
28.163701167625952,97.06812638587834,1674.0,55.67464828491211,1471.65,0,32.61,Moderate
27.739,94.1854,778.0,12.321913719177246,2567.19,1,61.65,High
23.6894,92.3596,676.0,29.43251609802246,2148.54,1,82.11,Critical
25.43030397404137,91.03672427116231,602.0,9.194067001342772,3693.54,0,2.06,Low
27.0674,92.9305,733.0,39.1680908203125,1941.04,1,96.12,Critical
28.9552,95.0499,1230.0,43.700340270996094,1289.76,1,89.81,Critical
24.0913,91.9221,105.0,18.61687469482422,2322.27,1,31.39,Moderate
28.9579,95.1984,3230.0,45.28446578979492,1289.76,1,87.54,Critical
23.2906,92.4178,98.0,8.381224632263184,2148.54,1,73.58,High
23.3325,92.6091,797.0,37.29315948486328,2148.54,1,85.36,Critical
27.9607,94.9625,366.0,16.940189361572266,2724.38,1,77.58,Critical
25.283075568165813,90.70136131245066,35.0,9.245359420776367,3693.54,0,7.5,Low
27.1248,92.975,946.0,28.3554916381836,1941.04,1,76.27,Critical
27.9412,93.2352,1560.0,14.47275447845459,1472.72,1,61.42,High
25.4469,91.741,1730.0,15.324898719787598,3717.5,1,53.34,High
28.36671368240616,93.6632518737369,2149.0,30.301815032958984,1535.18,0,44.28,Moderate
24.503848076303367,94.35748213612644,634.0,27.348678588867188,1381.49,0,4.61,Low
28.2225,96.5741,1926.0,46.101837158203125,1471.65,1,78.96,Critical
23.16890677721451,92.75890594937432,666.0,28.175668716430664,2496.59,0,64.23,High
27.0319,93.1445,902.0,51.40714645385742,1941.04,1,98.8,Critical
28.0455,96.2186,1462.0,54.79009628295898,2484.94,1,90.85,Critical
25.3908,91.8733,1572.0,50.414207458496094,3717.5,1,98.24,Critical
28.5798,94.5937,1109.0,52.280757904052734,2030.02,1,95.11,Critical
22.11230905935115,92.93058302342337,130.0,27.80888557434082,1506.81,0,31.32,Moderate
25.504367959289336,92.65359850436624,729.0,3.856729745864868,2535.22,0,1.25,Low
25.61096337231276,90.38917028295997,619.0,11.968628883361816,3693.54,0,1.78,Low
26.071971413116103,93.69285559189782,171.0,6.754281997680664,1306.28,0,8.0,Low
26.0511,94.8034,1437.0,30.335033416748047,1669.48,1,58.78,High
25.61776557570932,90.38694224634924,595.0,11.735566139221191,3693.54,0,2.91,Low
28.91893054553404,94.95631315844692,1744.0,12.034428596496582,1289.76,0,8.1,Low
27.903176227320586,88.35271312465622,4907.0,25.383995056152344,1690.33,0,0.77,Low
27.559678651038706,95.35275731196072,121.0,1.0441709756851196,2724.38,0,0.0,Low
27.295,93.495,1508.0,20.72419166564941,2592.49,1,54.51,High
27.6928,94.677,285.0,20.90436553955078,2357.98,1,71.05,High
26.9879,93.4572,395.0,9.031830787658691,2204.32,1,69.36,High
25.0732,93.095,371.0,36.26137161254883,1648.99,1,77.25,Critical
27.49461161273961,88.67134458300957,3541.0,28.24837303161621,1707.7,0,7.51,Low
27.0731,92.8853,864.0,58.1249885559082,1941.04,1,93.89,Critical
27.8766,94.7055,668.0,45.86417770385742,2724.38,1,97.42,Critical
26.95,92.1279,560.0,30.358667373657227,1154.3,1,96.65,Critical
26.75081702963459,94.0583603168742,80.0,0.0,1747.44,0,0.0,Low
27.0403,93.166,443.0,45.39161682128906,1941.04,1,99.51,Critical
28.0885,94.2999,1415.0,47.20336532592773,2681.74,1,92.24,Critical
28.0187,95.1974,492.0,21.856822967529297,2724.38,1,73.12,High
27.1514,92.1338,1948.0,24.527080535888672,1154.3,1,94.96,Critical
27.826524178553992,93.8544379923408,1023.0,2.1345083713531494,2320.86,0,1.98,Low
27.46861202688826,92.71825616575994,2187.0,28.714618682861328,1194.49,0,16.19,Low
28.3925,93.5477,2354.0,23.1294002532959,1535.18,1,50.72,High
27.0847,92.6525,1268.0,54.52964782714844,1421.55,1,50.15,High
25.432510321176192,92.86988179986156,287.0,5.073165416717529,2535.22,0,7.76,Low
28.4533,93.3237,3445.0,11.106396675109863,912.05,1,65.25,High
23.3312,93.3294,1078.0,17.24724769592285,1327.95,1,71.51,High
28.57173927142377,96.30648497542629,2905.0,7.202761173248291,1891.54,0,12.71,Low
27.8959,93.4245,789.0,36.31261444091797,1472.72,1,89.09,Critical
28.665071933404366,96.07219909419398,1753.0,22.227725982666016,1891.54,0,30.38,Moderate
26.9361,93.0535,392.0,19.22704315185547,1941.04,1,91.21,Critical
28.7276,95.8359,2203.0,56.032962799072266,2348.99,1,93.8,Critical
27.6884,94.5639,698.0,46.31813430786133,2567.19,1,98.99,Critical
27.830182025625422,96.63331623191011,2097.0,33.5512580871582,1471.65,0,21.54,Low
26.9451,92.1339,437.0,37.81143951416016,1154.3,1,98.44,Critical
23.246763543802825,91.36763362412336,49.0,4.024526119232178,2396.11,0,0.0,Low
28.0579,94.2882,1445.0,18.834125518798828,2681.74,1,65.9,High
28.6589,94.3862,1826.0,50.19424057006836,2030.02,1,96.12,Critical
27.7736,92.8846,1535.0,35.56222152709961,1472.72,1,87.63,Critical
27.1680686422049,93.6864299076194,712.0,42.07764434814453,2204.32,0,64.31,High
26.9589,92.2983,535.0,31.368070602416992,1421.55,1,98.53,Critical
29.27401765342529,94.667106074518,3318.0,7.021528720855713,1289.76,0,17.59,Low
27.29572918384565,92.1346451445042,3379.0,39.084381103515625,1194.49,0,15.65,Low
27.523379588263605,93.58664460517704,1839.0,23.61016845703125,2592.49,0,39.77,Moderate
27.0997,92.9807,801.0,29.79013061523437,1941.04,1,84.65,Critical
27.6196,94.4807,379.0,55.40726852416992,2567.19,1,98.55,Critical
27.107,92.8585,641.0,35.44113540649414,1941.04,1,91.13,Critical
27.5622,94.1607,851.0,25.35849380493164,2567.19,1,85.54,Critical
26.6383,94.6053,381.0,25.80158233642578,1747.44,1,68.93,High
25.039201433420832,93.68314671421165,1599.0,22.413793563842773,1271.17,0,6.88,Low
27.6024,94.4283,472.0,48.049747467041016,2567.19,1,98.53,Critical
28.4453,93.3279,3169.0,50.78776168823242,912.05,1,82.14,Critical
27.1327,92.9073,771.0,29.173629760742188,1941.04,1,86.99,Critical
23.783255543520333,93.20574365281908,799.0,23.098068237304688,1381.49,0,8.69,Low
24.261689741028604,92.62255086291948,114.0,9.247325897216797,2942.16,0,1.56,Low
27.7899,94.5566,498.0,32.21105194091797,2681.74,1,91.47,Critical
26.9915,92.3608,595.0,23.82436180114746,1421.55,1,96.92,Critical
27.7194,94.5454,770.0,31.63569068908692,2567.19,1,87.46,Critical
29.204350522631444,94.68428547225558,3084.0,22.97026824951172,1289.76,0,14.98,Low
23.822666118208893,93.29947333884768,1490.0,28.513347625732425,1381.49,0,5.36,Low
27.3086,93.9202,396.0,41.17518997192383,2592.49,1,96.61,Critical
25.27059937480172,91.94894040855876,877.0,35.61998748779297,3717.5,0,31.59,Moderate
25.1023,92.8011,191.0,23.84465408325196,3573.05,1,80.82,Critical
27.16957226432593,94.8155052731423,98.0,1.3958615064620972,1941.69,0,0.0,Low
26.94501544072437,94.89860885112202,115.0,3.624601602554321,1941.69,0,0.05,Low
28.1249,96.4558,2036.0,42.79366302490234,2484.94,1,85.68,Critical
27.04247853938033,92.91401021379336,471.0,9.762590408325195,1941.04,0,72.74,High
27.0783,92.1388,1183.0,27.611377716064453,1154.3,1,91.49,Critical
26.709296120511706,91.67639242937408,91.0,3.4734137058258057,1154.3,0,0.5,Low
23.5697,92.5754,789.0,25.03264045715332,2148.54,1,80.65,Critical
26.9006,92.1505,395.0,27.51396942138672,1421.55,1,98.49,Critical
27.7375,94.1839,816.0,36.84017562866211,2567.19,1,89.88,Critical
25.5017,91.7262,1710.0,17.283506393432617,3717.5,1,70.07,High
27.8432270421538,94.25860110062492,822.0,16.7713565826416,2681.74,0,39.61,Moderate
28.1758,94.4158,1431.0,36.84368896484375,2681.74,1,89.62,Critical
25.22022869057439,93.58650210178963,475.0,31.4040584564209,1271.17,0,16.71,Low
27.54850166604316,96.1435057467534,304.0,27.14283561706543,2174.9,0,54.64,High
24.233922605457828,93.73584769051888,1286.0,25.985734939575195,1381.49,0,7.58,Low
26.5024,94.8498,615.0,19.22517776489257,1819.61,1,68.13,High
23.6672,92.7165,955.0,18.83781623840332,2148.54,1,67.7,High
27.0149,93.2523,344.0,31.89609336853028,1941.04,1,85.88,Critical
28.850492460556687,94.59584079504646,2465.0,39.6966667175293,1158.49,0,17.84,Low
26.402003233148367,92.00107573814516,54.0,1.3907400369644165,1708.67,0,0.0,Low
27.0763,92.8427,801.0,30.357213973999023,1421.55,1,85.18,Critical
28.812122402575632,96.51055760134317,4510.0,16.5238037109375,1011.98,0,1.5,Low
27.10040637728377,93.80075574805797,196.0,19.53253936767578,2204.32,0,24.28,Low
23.07748429869871,92.71372105000732,678.0,35.668941497802734,2496.59,0,57.75,High
23.74327296646702,92.5918451958976,487.0,38.10912704467773,2148.54,0,74.1,High
27.9614,93.2892,1495.0,45.12902069091797,1472.72,1,91.5,Critical
27.2656,93.7157,1267.0,31.56503677368164,2592.49,1,74.95,High
26.99,92.5676,363.0,15.847739219665527,1421.55,1,93.11,Critical
26.9489,93.0925,337.0,21.16534805297852,1941.04,1,90.23,Critical
28.193026733583363,94.66358990523622,1067.0,28.851917266845703,2724.38,0,54.12,High
28.0743,96.1131,946.0,24.89774703979492,2484.94,1,78.09,Critical
26.1456,94.3559,433.0,22.22568130493164,1566.44,1,81.97,Critical
24.07458747059547,91.6744805421738,62.0,1.3765186071395874,2322.27,0,0.5,Low
24.45553769292188,92.24551391348028,28.0,4.923124313354492,3648.26,0,3.0,Low
27.6378,96.368,1448.0,28.68272018432617,2174.9,1,52.92,High
22.114254796616333,92.60330276930648,275.0,13.754164695739746,2496.59,0,32.61,Moderate
25.2619,92.2077,859.0,23.356475830078125,2535.22,1,77.07,Critical
28.0894,93.2579,1621.0,15.81421947479248,1472.72,1,63.38,High
27.057,92.6776,240.0,8.867110252380371,1421.55,1,90.1,Critical
23.6363,92.3897,420.0,54.12017822265625,2148.54,1,91.3,Critical
23.71049545191278,91.89577637867976,153.0,15.75637912750244,2322.27,0,8.13,Low
27.599843668829752,88.33982263428555,3028.0,25.80840492248535,1690.33,0,77.34,Critical
24.61411431678325,93.505529479607,729.0,21.32627868652344,1625.06,0,34.3,Moderate
26.710813863915227,93.69663755051523,70.0,0.9307246208190918,2204.32,0,1.0,Low
26.946,93.2137,239.0,18.270666122436523,1941.04,1,90.98,Critical
25.1639,91.4513,64.0,13.15439510345459,4780.93,1,73.58,High
26.27841629608118,93.06962981628224,195.0,10.524490356445312,1427.25,0,6.24,Low
27.015288662138754,94.2189090085856,83.0,2.787978410720825,2592.49,0,0.5,Low
27.577413517572097,92.51645619063748,2822.0,36.37625503540039,1194.49,0,41.52,Moderate
27.8822,94.219,791.0,31.640182495117188,2681.74,1,89.28,Critical
27.4646,94.0896,994.0,66.72843933105469,2567.19,1,97.67,Critical
27.8783,94.6658,1234.0,44.57112884521485,2724.38,1,85.77,Critical
25.3062,91.9593,813.0,28.41919708251953,3717.5,1,91.17,Critical
27.7795,94.796,760.0,45.26459503173828,2724.38,1,95.94,Critical
22.72927765184368,92.51449121073284,58.0,3.7199652194976807,2496.59,0,0.0,Low
25.95055851515636,90.8716367781154,56.0,3.4656710624694824,3717.5,0,0.0,Low
26.9929,93.165,302.0,10.328656196594238,1941.04,1,98.0,Critical
26.3728,94.7431,1043.0,23.75591278076172,1819.61,1,72.91,High
24.544307907331035,94.16204482488284,1034.0,13.281161308288574,1381.49,0,14.56,Low
26.1962,94.2208,265.0,13.419302940368652,1566.44,1,75.94,Critical
28.2369,93.307,2442.0,33.48271560668945,1472.72,1,78.7,Critical
28.3018,96.1898,2127.0,36.17116928100586,1891.54,1,56.98,High
23.5218,92.6472,221.0,24.29365539550781,2148.54,1,71.37,High
27.548612579783114,92.1742525520434,4353.0,11.37192440032959,1194.49,0,2.0,Low
27.1837,92.0966,2187.0,36.06291580200195,1154.3,1,74.95,High
26.9781,92.2773,868.0,40.84553909301758,1421.55,1,89.63,Critical
27.0242,93.2561,367.0,11.21547031402588,1941.04,1,94.89,Critical
23.042274315242143,91.65292404950212,28.0,4.752875328063965,2396.11,0,15.0,Low
28.4435,93.3219,2955.0,57.959232330322266,912.05,1,93.17,Critical
27.966,94.9157,802.0,41.29170989990234,2724.38,1,92.55,Critical
27.0068,92.5116,989.0,44.26820755004883,1421.55,1,88.06,Critical
24.9922,92.7423,167.0,23.924049377441406,3573.05,1,78.07,Critical
27.19581560349765,88.45042858263871,876.0,39.70096969604492,2542.03,0,64.78,High
28.08028814039024,95.441709328553,169.0,2.135649919509888,2817.65,0,1.0,Low
27.003,92.6288,329.0,13.839744567871094,1421.55,1,95.19,Critical
25.41941453329311,91.51874090842296,1559.0,18.85474395751953,3693.54,0,14.07,Low
26.488717263264324,94.4301867651733,478.0,14.2404203414917,1747.44,0,40.8,Moderate
22.33320244268393,92.73233504615632,221.0,27.630535125732425,2496.59,0,30.16,Moderate
28.0043,95.2112,333.0,15.375579833984377,2724.38,1,70.12,High
25.29054595619888,94.29217796137944,1680.0,40.653785705566406,1566.44,0,61.34,High
28.11757262739327,95.86894015917032,654.0,33.207069396972656,2817.65,0,72.49,High
24.3691,92.0763,199.0,10.86130142211914,3648.26,1,58.79,High
27.5213,94.1534,830.0,53.68951416015625,2567.19,1,99.31,Critical
23.7116,91.5709,158.0,11.970307350158691,2396.11,1,55.56,High
27.71611185072136,93.9349313934089,650.0,12.146255493164062,2592.49,0,25.94,Moderate
28.7619,95.204,2650.0,27.17436408996582,1289.76,1,80.09,Critical
24.664646162340304,92.81424590532949,32.0,9.571439743041992,2942.16,0,3.0,Low
27.1324,88.176,766.0,37.98237228393555,2181.41,1,90.2,Critical
28.097070604790595,96.76750196846211,3312.0,24.22673797607422,1471.65,0,5.37,Low
27.9111,96.4848,907.0,42.25160217285156,2484.94,1,94.06,Critical
27.021737157224752,92.39178315807794,788.0,30.396146774291992,1421.55,0,44.77,Moderate
28.0694,93.2727,1680.0,26.320594787597656,1472.72,1,59.45,High
28.087806335293006,93.76385924799116,1156.0,36.57791519165039,2320.86,0,50.66,High
28.2261,96.5782,2233.0,47.3682746887207,1471.65,1,82.99,Critical
27.64801910640716,94.07827524885656,2073.0,24.25705337524414,2567.19,0,22.04,Low
25.38250560104164,94.53650332916769,1441.0,22.256948471069336,1566.44,0,18.01,Low
26.9591,92.3332,507.0,44.046634674072266,1421.55,1,99.02,Critical
27.718733527349656,93.69505900447014,1252.0,11.836087226867676,2592.49,0,52.11,High
28.627,95.0866,1546.0,36.34903335571289,2270.17,1,75.38,Critical
26.9627,93.2374,475.0,62.12517929077149,1941.04,1,99.05,Critical
28.9745,94.8813,641.0,36.06817626953125,1289.76,1,91.72,Critical
27.75713033348505,95.56180133735089,127.0,0.9305855631828308,2724.38,0,0.0,Low
28.02090106864064,94.30906139760847,529.0,30.892990112304688,2681.74,0,91.7,Critical
28.1111,93.2302,1377.0,61.85055160522461,1472.72,1,99.37,Critical
26.0415,94.0546,459.0,40.65314865112305,1566.44,1,89.37,Critical
26.622323420866724,91.4005831803572,69.0,2.782732486724853,1708.67,0,0.0,Low
27.9531,94.3859,874.0,36.27413177490234,2681.74,1,84.63,Critical
28.4305,93.8154,1640.0,48.08914566040039,1535.18,1,91.09,Critical
26.178193794283075,92.4597918353386,63.0,2.97442364692688,1218.05,0,0.0,Low
27.1443,92.8893,1141.0,14.153471946716309,1941.04,1,57.02,High
28.1008,95.2434,1442.0,39.1092414855957,2724.38,1,82.31,Critical
26.0813,94.4772,968.0,17.753198623657227,1566.44,1,49.33,Moderate
23.8068,92.6392,93.0,4.753653526306152,2141.49,1,67.53,High
24.1122603151067,93.38429868491072,1114.0,47.21646881103516,1381.49,0,17.4,Low
28.1655,96.4879,1741.0,38.77948760986328,2484.94,1,90.03,Critical
25.027503514852047,92.47598831310935,123.0,22.58277702331543,3573.05,0,50.61,High
25.32788376173568,90.29301923955948,40.0,3.207627773284912,3693.54,0,0.0,Low
28.044,96.3406,1108.0,41.47501754760742,2484.94,1,90.31,Critical
26.966,93.1345,304.0,1.394482970237732,1941.04,1,73.33,High
27.324382827401934,95.51612072003296,177.0,0.9306434988975524,1916.88,0,0.5,Low
23.8707,91.525,103.0,11.869426727294922,2414.95,1,60.02,High
28.15,95.2913,517.0,32.75113296508789,2724.38,1,92.22,Critical
23.7997,92.6648,317.0,27.149736404418945,2141.49,1,66.54,High
26.5114,94.7598,776.0,18.114919662475582,1819.61,1,71.75,High
28.4657,95.8288,778.0,21.005334854125977,2348.99,1,70.46,High
27.269,92.7098,878.0,27.036169052124023,1194.49,1,43.69,Moderate
23.494812409917017,93.1280780449241,884.0,16.05562973022461,1327.95,0,19.76,Low
28.4842,93.3554,3404.0,42.49149703979492,912.05,1,85.8,Critical
27.7369,94.4325,375.0,33.54275131225586,2567.19,1,93.23,Critical
26.9821,92.6109,326.0,40.94806671142578,1421.55,1,99.1,Critical
28.6374,95.0942,1913.0,35.00691223144531,2270.17,1,71.76,High
28.24706075602325,94.97128029356254,885.0,38.69137573242188,2724.38,0,81.05,Critical
26.4997,94.7225,790.0,33.108177185058594,1819.61,1,91.61,Critical
28.1995,96.2477,2447.0,42.31159973144531,2484.94,1,81.98,Critical
23.1816,92.7363,820.0,14.282519340515137,2496.59,1,56.25,High
27.13066721110126,94.68716681273445,92.0,1.395596623420715,1941.69,0,0.0,Low
26.9756,93.1135,359.0,12.96926212310791,1941.04,1,94.06,Critical
25.226998002989447,91.83230225159676,831.0,2.7907826900482178,4943.24,0,28.5,Moderate
27.6382,94.4979,317.0,31.735469818115234,2567.19,1,92.01,Critical
28.2036,95.1797,950.0,13.49095630645752,2724.38,1,55.75,High
26.9536,92.309,577.0,25.33697509765625,1421.55,1,97.34,Critical
26.75290230970963,90.14099818897844,176.0,3.620132446289064,2542.03,0,0.05,Low
24.99088461506522,94.4962882579314,1005.0,35.96953201293945,1566.44,0,60.57,High
26.0156,94.4425,653.0,11.035887718200684,1566.44,1,65.99,High
27.6647,94.2133,574.0,35.908470153808594,2567.19,1,86.18,Critical
25.46505518444121,92.84306114524384,476.0,22.78462600708008,2535.22,0,61.26,High
26.6396370839118,90.37154316551248,79.0,1.3923029899597168,1708.67,0,0.0,Low
26.0212,94.0364,337.0,37.70363235473633,1306.28,1,84.26,Critical
24.87580006352536,94.60744150493916,409.0,6.344241619110107,1566.44,0,8.02,Low
26.2578,94.661,1018.0,32.03634262084961,1819.61,1,78.26,Critical
27.6225,96.4234,1236.0,43.52754592895508,2174.9,1,79.99,Critical
27.15760960514241,94.54741427131312,96.0,2.789905548095703,2567.19,0,0.0,Low
27.7418,94.6654,426.0,22.558961868286133,2357.98,1,65.88,High
27.26753621195685,95.67760436265122,183.0,2.132056713104248,1916.88,0,0.0,Low
25.84222583172289,91.09284882984048,343.0,18.647436141967773,3717.5,0,5.41,Low
28.180135371681736,93.31946289209772,2706.0,20.2487850189209,1472.72,0,43.96,Moderate
24.83179466636485,93.93022162332709,777.0,2.2416985034942627,1648.99,0,0.03,Low
26.9443,93.0824,411.0,11.629474639892578,1941.04,1,90.42,Critical
28.1162,96.0017,735.0,38.87685012817383,2484.94,1,94.12,Critical
28.682,95.0949,1986.0,46.334228515625,2270.17,1,87.57,Critical
27.4482,93.9117,2146.0,63.59526062011719,2592.49,1,93.35,Critical
27.2804,88.0981,1699.0,25.103975296020508,1690.33,1,68.01,High
27.8774,94.7076,633.0,42.702369689941406,2724.38,1,93.22,Critical
25.60807616859355,91.54671854051934,1482.0,17.14247703552246,3717.5,0,10.64,Low
28.02230097517653,95.05962827163576,1678.0,18.649375915527344,2724.38,0,54.99,High
28.65781474306448,94.5147617963855,1969.0,61.1865348815918,2030.02,0,57.65,High
26.81339671224753,93.8206503069688,73.0,9.949986457824709,2204.32,0,14.72,Low
27.429555734669744,93.722447015723,674.0,31.9794979095459,2592.49,0,73.74,High
28.1622,95.2707,388.0,46.153438568115234,2724.38,1,98.36,Critical
27.82433281763405,96.26139605966816,240.0,0.0,2484.94,0,0.0,Low
28.3365,93.7874,2067.0,36.67129135131836,1535.18,1,74.58,High
27.8337,96.4157,1503.0,45.38619613647461,2484.94,1,90.6,Critical
27.7884,93.3786,1838.0,35.26028823852539,1472.72,1,89.26,Critical
25.070875610747454,94.31920203141246,1248.0,29.22037506103516,1566.44,0,38.61,Moderate
25.58184518366473,94.69585013388831,1705.0,30.39034080505371,1566.44,0,44.91,Moderate
27.2788,93.4159,1702.0,23.754364013671875,1971.8,1,59.49,High
23.8049,92.9629,1326.0,42.00679397583008,1381.49,1,69.64,High
27.492020479391105,94.70659676815856,101.0,4.852734565734863,2567.19,0,1.95,Low
27.8562,95.0052,316.0,30.21130752563477,2724.38,1,90.91,Critical
27.696,94.5858,924.0,52.77008819580078,2567.19,1,97.93,Critical
27.7883,94.8775,345.0,30.43681907653809,2724.38,1,85.48,Critical
26.08179317884713,90.0470526611993,28.0,0.9308064579963684,3693.54,0,0.0,Low
28.9826,94.8043,1443.0,42.99360275268555,1289.76,1,92.38,Critical
25.19,91.4544,151.0,38.01802062988281,4780.93,1,92.33,Critical
25.584804042209203,92.39260812958136,1025.0,6.352249622344971,2535.22,0,2.58,Low
22.04364939440412,92.92892039295155,85.0,14.765291213989258,1506.81,0,3.69,Low
26.29670216665678,92.18461189456436,56.0,1.3900548219680786,1218.05,0,0.0,Low
24.82504978129204,92.59280528298125,26.0,2.9709534645080566,3573.05,0,0.0,Low
28.0445,93.5351,1276.0,63.88396835327149,2320.86,1,89.38,Critical
25.875400932324283,90.61573566969032,60.0,3.220991373062134,3693.54,0,0.0,Low
25.646061074739787,93.8578456289589,924.0,17.264591217041016,1306.28,0,11.24,Low
27.899,94.8836,455.0,30.365428924560547,2724.38,1,91.35,Critical
23.9011,91.7586,205.0,14.016242027282717,2322.27,1,66.21,High
28.75070311830176,95.90301300977016,2505.0,35.24656295776367,1248.72,0,69.48,High
27.481902635035823,92.61833236821822,2713.0,29.05205345153809,1194.49,0,15.94,Low
25.245057027258,92.67737258327814,1290.0,12.81583023071289,3573.05,0,2.77,Low
26.0898,94.4376,639.0,25.62592124938965,1566.44,1,86.75,Critical
28.1957,95.8418,834.0,33.34029769897461,2817.65,1,85.66,Critical
25.82325682287109,90.67496746866948,187.0,12.965479850769045,3693.54,0,2.55,Low
28.775784295614034,96.17493302192632,3295.0,22.793514251708984,1891.54,0,47.32,Moderate
26.0068,94.3427,638.0,24.69986343383789,1566.44,1,88.03,Critical
27.1658,92.7598,646.0,40.19346618652344,1421.55,1,99.38,Critical
26.59764146570296,93.19674905581812,70.0,0.930739402770996,1941.04,0,0.0,Low
28.299,94.2926,1722.0,48.67402267456055,2030.02,1,96.14,Critical
28.0095,94.9661,803.0,44.50710678100586,2724.38,1,95.28,Critical
28.085,94.2883,1485.0,35.01742935180664,2681.74,1,87.06,Critical
23.63,92.7202,765.0,29.050769805908203,2148.54,1,80.92,Critical
26.1724,94.7364,2174.0,33.0188102722168,1669.48,1,51.77,High
27.1142,92.9826,846.0,34.76106262207031,1941.04,1,88.99,Critical
25.71772380018928,91.44381709537282,675.0,22.51432037353516,3717.5,0,19.67,Low
25.31170996226538,91.91276229874504,1279.0,26.36255073547364,3717.5,0,91.1,Critical
27.204913746743063,93.19233178787223,1653.0,28.97001266479492,1941.04,0,48.24,Moderate
25.9337,94.2909,547.0,29.25435447692871,1566.44,1,87.95,Critical
27.8476,93.4402,1592.0,38.016746520996094,1472.72,1,85.88,Critical
25.4372,91.8586,1774.0,24.00942611694336,3717.5,1,86.86,Critical
27.113,92.9152,804.0,40.57470703125,1941.04,1,95.18,Critical
28.3005,94.2943,1929.0,38.2949333190918,2030.02,1,72.6,High
27.86182284763201,96.32156067194931,295.0,0.930571436882019,2484.94,0,1.89,Low
23.4443,92.6152,549.0,21.77644729614257,2148.54,1,66.74,High
25.9457,94.3302,547.0,27.7403621673584,1566.44,1,89.35,Critical
27.3219,93.9659,225.0,16.912147521972656,2592.49,1,78.1,Critical
26.9834,92.611,419.0,50.84738540649414,1421.55,1,99.36,Critical
26.394654935844,94.96634649686742,1259.0,30.616331100463867,1819.61,0,52.82,High
27.6807,94.6431,382.0,30.43916320800781,2567.19,1,84.87,Critical
23.83129182538059,91.88574247165256,155.0,6.866880893707275,2322.27,0,3.79,Low
28.77005556932998,94.81931621445338,1206.0,44.464088439941406,1289.76,0,87.42,Critical
27.779418301318923,95.88148436565538,144.0,4.279752731323242,2174.9,0,3.64,Low
28.67559999360248,96.30638332502754,2769.0,48.92258071899414,1891.54,0,39.02,Moderate
27.556022548472985,88.3761971455379,2801.0,36.72724914550781,1690.33,0,39.98,Moderate
26.4855,94.8998,379.0,18.83806037902832,1819.61,1,73.13,High
28.0596,96.4799,562.0,32.36333084106445,2484.94,1,89.09,Critical
27.3186,92.7912,863.0,32.08160781860352,1194.49,1,69.72,High
27.541985888150265,88.30169399257393,4339.0,31.250581741333008,1690.33,0,2.62,Low
28.1369,95.9303,1732.0,35.981651306152344,2817.65,1,90.12,Critical
28.407971611873663,94.20488189478056,2622.0,43.42227554321289,2030.02,0,70.85,High
26.9854,92.5944,379.0,20.81548500061035,1421.55,1,84.81,Critical
27.271122013845947,95.34387133266544,126.0,2.0822348594665527,1916.88,0,0.0,Low
26.983078624252062,93.39153783981536,558.0,32.11343002319336,1941.04,0,71.25,High
26.9467,93.0991,321.0,18.805065155029297,1941.04,1,92.14,Critical
25.14258353119329,92.560631224094,509.0,22.7878475189209,3573.05,0,32.83,Moderate
27.5371,92.4483,3262.0,40.74013519287109,1194.49,1,73.38,High
25.9703,94.3265,792.0,33.811153411865234,1566.44,1,80.22,Critical
27.5505,94.093,1440.0,47.615840911865234,2567.19,1,94.95,Critical
28.0628,95.199,1477.0,54.91730880737305,2724.38,1,97.15,Critical
25.753067601801256,90.95880081782852,704.0,15.79197883605957,3693.54,0,7.98,Low
26.9965,92.6218,277.0,20.48993873596192,1421.55,1,93.91,Critical
26.78677673224979,92.04244635101485,126.0,2.272313117980957,1154.3,0,0.0,Low
28.2437,93.1974,2158.0,54.69410705566406,1472.72,1,92.64,Critical
26.9762,93.0844,404.0,11.96741771697998,1941.04,1,95.13,Critical
29.059303896289325,95.57954340583696,3760.0,21.631256103515625,1248.72,0,6.32,Low
26.3586,94.6555,456.0,23.31716728210449,1819.61,1,83.27,Critical
26.479810008644804,94.83489860470976,827.0,9.273721694946287,1819.61,0,21.54,Low
26.1633,94.4298,568.0,13.158352851867676,1566.44,1,78.89,Critical
27.2061,92.5671,1209.0,45.63561248779297,1421.55,1,94.72,Critical
29.27506565083892,94.65420583664692,4030.0,30.08229637145996,1289.76,0,3.71,Low
23.26960134486719,92.79452015016804,948.0,23.025529861450195,2148.54,0,62.09,High
27.98131862817457,97.04775320226038,3226.0,25.072874069213867,1471.65,0,8.76,Low
23.5703,91.7483,274.0,20.7609977722168,2396.11,1,75.9,Critical
23.69787310674274,91.4164406338318,43.0,2.747202157974243,2414.95,0,0.0,Low
27.372304547515427,94.47569592649836,95.0,1.3972522020339966,2567.19,0,0.0,Low
26.69516606040771,93.64064189765963,78.0,1.3926712274551392,1649.52,0,0.0,Low
25.9947,94.0149,393.0,23.795562744140625,1306.28,1,66.62,High
26.35362703721845,91.13080857226026,40.0,0.0,1708.67,0,0.0,Low
24.32123315090172,93.53803219157834,1198.0,13.702380180358888,1381.49,0,8.08,Low
22.4614004939904,92.90101779571326,944.0,34.005836486816406,1506.81,0,37.62,Moderate
26.665361036425423,90.79681341110758,115.0,1.392472267150879,1708.67,0,0.0,Low
28.0592,95.1233,1376.0,26.256309509277344,2724.38,1,66.58,High
28.8709926515002,95.01231541276556,2232.0,30.0147762298584,1289.76,0,29.7,Moderate
28.0748,93.2804,1360.0,39.94681167602539,1472.72,1,85.04,Critical
27.95660143935877,95.13705491765792,579.0,22.15355491638184,2724.38,0,66.37,High
27.479668007720093,95.7265196405219,146.0,1.0434157848358154,2291.38,0,0.0,Low
26.9973,92.4069,445.0,17.327804565429688,1421.55,1,90.39,Critical
24.82728077707464,94.1991189145396,1210.0,29.068191528320312,1271.17,0,8.95,Low
28.0917,95.9804,621.0,32.864532470703125,2484.94,1,89.4,Critical
26.966591297729124,93.95679032992886,81.0,0.9306909441947936,2204.32,0,0.0,Low
25.33639912265016,91.74701517520243,1317.0,34.975242614746094,3717.5,0,52.2,High
26.0213,91.8329,91.0,15.890742301940918,1708.67,1,60.72,High
26.9416,92.1297,496.0,33.43621826171875,1154.3,1,94.68,Critical
25.853520679104,92.456193016701,715.0,15.33463191986084,1218.05,0,2.24,Low
27.7171,94.1679,866.0,34.638607025146484,2567.19,1,84.06,Critical
25.48247090155132,90.82942896056235,438.0,9.28386688232422,3693.54,0,1.56,Low
26.0541,94.4555,706.0,19.317455291748047,1566.44,1,79.64,Critical
28.4853,94.8997,1449.0,40.31546401977539,2270.17,1,70.25,High
27.64649937922699,91.99343758184416,3182.0,62.21077728271485,853.16,0,41.02,Moderate
26.14334309163276,93.6374118958138,829.0,24.343002319335938,1649.52,0,32.25,Moderate
26.2895,94.8604,923.0,23.352218627929688,1819.61,1,78.97,Critical
25.2769,91.67,1238.0,41.323429107666016,3717.5,1,93.8,Critical
26.1086766033412,91.731701907828,49.0,1.388840913772583,1708.67,0,0.0,Low
26.1896,94.802,1576.0,18.39623260498047,1669.48,1,54.45,High
28.253495330780115,95.15247823429414,1193.0,27.57683563232422,2270.17,0,31.35,Moderate
24.73936143811461,92.68920959350628,36.0,5.568747997283936,2942.16,0,0.5,Low
22.114236467758072,93.04494144105064,645.0,24.37310028076172,1506.81,0,18.69,Low
26.9444,93.0992,313.0,16.905088424682617,1941.04,1,94.96,Critical
26.9381,92.1827,631.0,36.85463333129883,1421.55,1,96.89,Critical
28.403,95.4685,1606.0,47.99352264404297,2348.99,1,69.96,High
27.69694290103598,91.8173802929449,4455.0,45.32545471191406,853.16,0,1.5,Low
25.049590521108083,92.9999847076214,743.0,15.953472137451172,1648.99,0,29.32,Moderate
28.8748,95.1894,2795.0,45.30767822265625,1289.76,1,95.31,Critical
27.6653,94.4454,544.0,40.77828979492188,2567.19,1,95.06,Critical
26.9473,93.0885,315.0,10.294499397277832,1941.04,1,98.49,Critical
24.248890393846963,92.35190772747993,93.0,6.271994590759277,2141.49,0,12.53,Low
27.1475,92.7109,790.0,29.37782859802246,1421.55,1,89.48,Critical
26.9725,93.1202,304.0,26.78420066833496,1941.04,1,82.13,Critical
25.64930585724969,89.91392651066528,22.0,2.254108190536499,3693.54,0,0.0,Low
27.091425070294253,93.72211012296034,278.0,40.59995651245117,2204.32,0,39.72,Moderate
28.69537129034796,94.48618963582702,3872.0,6.485930919647217,2030.02,0,9.93,Low
28.052,93.3987,1155.0,49.31176376342773,1472.72,1,99.33,Critical
26.585088953963027,93.0839440770793,73.0,2.7822418212890625,1941.04,0,0.0,Low
28.939095621484707,96.09735989285711,3490.0,26.861745834350582,1011.98,0,10.35,Low
28.39173341753341,95.7870099448024,762.0,6.24948263168335,2348.99,0,18.37,Low
26.35499071853704,91.18177742827716,40.0,1.3904340267181396,1708.67,0,0.0,Low
27.24143142420805,94.54277027359214,91.0,5.568915367126465,2567.19,0,0.04,Low
27.5747,96.1701,506.0,24.1785945892334,2174.9,1,68.14,High
24.02084752778784,92.41091956188392,82.0,8.844159126281738,2141.49,0,3.04,Low
26.6308,94.8151,435.0,28.239334106445312,1819.61,1,87.71,Critical
28.2571,95.8301,1585.0,44.19464111328125,2348.99,1,83.86,Critical
24.176138513251377,92.3840066914166,123.0,16.062034606933594,2141.49,0,32.13,Moderate
28.75292236417792,94.93002771658784,985.0,20.394933700561523,1289.76,0,54.15,High
28.826829564235013,95.55516995084253,2511.0,19.0606746673584,1248.72,0,20.29,Low
25.32290449070051,93.76229132901004,1741.0,11.560381889343262,1271.17,0,9.14,Low
23.6506,92.9718,1287.0,26.79522132873535,1327.95,1,54.88,High
26.157217912803144,89.76555997093661,30.0,5.143581390380859,2542.03,0,0.0,Low
26.1609,94.2479,715.0,20.501564025878903,1566.44,1,79.47,Critical
28.136375610747287,92.99325841423467,4451.0,22.610002517700195,1472.72,0,1.26,Low
24.1,91.9263,107.0,13.986114501953123,2322.27,1,58.58,High
27.8394,94.7968,406.0,34.61467742919922,2724.38,1,92.37,Critical
28.6397,95.2539,1616.0,32.7829475402832,2270.17,1,63.7,High
24.28597020686308,92.68475340769146,203.0,19.054458618164062,2942.16,0,14.59,Low
27.423,94.045,613.0,31.38606071472168,2592.49,1,81.88,Critical
25.91426195344605,94.82739152678668,701.0,31.427160263061523,1669.48,0,62.67,High
25.389,91.8739,1495.0,30.562057495117188,3717.5,1,94.15,Critical
27.25344032573216,94.39801245882056,93.0,4.182688236236572,2567.19,0,1.29,Low
26.904877693770995,95.6656069144348,2220.0,8.299027442932129,1916.88,0,12.82,Low
27.6318,94.1798,898.0,38.52238464355469,2567.19,1,92.62,Critical
28.0595,96.1225,917.0,41.96198654174805,2484.94,1,93.9,Critical
24.31122211240658,93.27812141896632,842.0,26.594018936157227,1381.49,0,3.16,Low
26.3721,94.9096,528.0,29.094751358032227,1819.61,1,88.68,Critical
27.5454,92.5398,2548.0,38.67127227783203,1194.49,1,73.41,High
27.36866673719225,94.74370408751092,97.0,0.0,2567.19,0,0.0,Low
27.8418,94.3407,510.0,32.873069763183594,2681.74,1,92.83,Critical
27.0121,92.6199,276.0,26.52598190307617,1421.55,1,98.18,Critical
29.121752835341635,94.4981272372094,2585.0,40.640254974365234,1158.49,0,27.84,Moderate
26.9586,93.0963,482.0,22.48065948486328,1941.04,1,84.79,Critical
28.23295497173373,95.80968703553135,919.0,28.61105155944824,2817.65,0,66.08,High
28.194987005878005,95.97180106512292,2984.0,36.200721740722656,2484.94,0,36.29,Moderate
22.958816346149607,93.01068295035948,1000.0,33.127197265625,1506.81,0,33.72,Moderate
26.676091127802803,90.96822974330058,72.0,1.3925440311431885,1708.67,0,0.0,Low
24.51856645586003,93.6274483645576,865.0,31.855424880981445,1381.49,0,27.92,Moderate
27.9794877267142,97.3128979908452,4335.0,35.52610778808594,1471.65,0,0.0,Low
26.9466,92.3128,421.0,26.04473304748535,1421.55,1,95.58,Critical
27.218234274367703,93.04819494413942,797.0,15.648329734802246,1941.04,0,74.22,High
28.0822,94.2915,1343.0,29.89362907409668,2681.74,1,76.44,Critical
28.3101,95.5821,1218.0,29.81574249267578,2348.99,1,77.13,Critical
28.0649,96.1127,684.0,35.78035354614258,2484.94,1,83.16,Critical
27.78261737620074,88.48029018463869,3545.0,50.59416580200195,1707.7,0,7.09,Low
22.427651814194626,93.1746594767638,577.0,20.47408103942871,1506.81,0,19.7,Low
28.3629,96.4969,2332.0,63.16691589355469,1891.54,1,87.14,Critical
27.763633922427445,96.97095398079314,2923.0,35.48548126220703,1471.65,0,13.39,Low
25.76103514421566,93.80228025675274,360.0,33.236202239990234,1306.28,0,25.5,Moderate
28.4951,95.776,1095.0,34.05802917480469,2348.99,1,87.88,Critical
29.1115,95.8366,2664.0,13.790234565734863,1248.72,1,70.06,High
26.9915,92.3888,578.0,39.4479866027832,1421.55,1,98.84,Critical
27.5838,96.4349,877.0,41.755615234375,2174.9,1,87.86,Critical
27.64582578994305,91.85188212906208,3861.0,9.226242065429688,853.16,0,10.6,Low
26.4753,94.6939,461.0,26.002704620361328,1819.61,1,82.23,Critical
28.133068987299502,93.0496641023431,4159.0,23.6760196685791,1472.72,0,0.13,Low
27.761,94.4813,513.0,36.14503479003906,2681.74,1,92.57,Critical
28.1327,95.9888,1663.0,40.79315948486328,2484.94,1,88.8,Critical
28.6346,95.2779,1685.0,40.31661224365234,2270.17,1,75.88,Critical
27.4522902441484,94.81939898156196,98.0,5.6623616218566895,2357.98,0,7.13,Low
23.892833852523808,91.62059696039796,43.0,2.749387741088867,2322.27,0,0.0,Low
28.690245789489744,95.21251578308248,2592.0,50.019508361816406,2270.17,0,56.79,High
28.3184,96.122,2331.0,30.05353164672852,1891.54,1,47.54,Moderate
27.9062,94.8804,604.0,33.56639862060547,2724.38,1,90.76,Critical
27.1695,93.0776,1760.0,26.41779327392578,1941.04,1,64.77,High
25.73376944702904,91.87440679987156,757.0,2.9732506275177,3717.5,0,5.0,Low
27.1715,88.1627,1285.0,10.581642150878906,2181.41,1,66.94,High
27.197300935047856,93.1952449644378,1878.0,18.083341598510746,1941.04,0,25.98,Moderate
25.98811537766961,93.9374655351359,152.0,1.0298967361450195,1306.28,0,0.0,Low
25.39,91.8732,1551.0,30.514272689819336,3717.5,1,93.63,Critical
28.234425970907605,93.09890393024996,3560.0,34.43671798706055,1472.72,0,5.38,Low
28.270887670804523,95.2051744528693,494.0,20.88023376464844,2270.17,0,54.69,High
26.3991,94.8853,771.0,16.79636001586914,1819.61,1,68.39,High
28.1057,96.2904,1700.0,43.339656829833984,2484.94,1,93.37,Critical
27.1378,92.852,824.0,29.365497589111328,1941.04,1,87.94,Critical
23.6163,92.461,778.0,21.4329776763916,2148.54,1,73.68,High
26.5949,94.7349,352.0,27.93756866455078,1819.61,1,80.48,Critical
27.7836,94.5163,570.0,25.28911399841309,2681.74,1,82.39,Critical
26.1288,94.3334,712.0,13.82721710205078,1566.44,1,72.16,High
28.28026546120829,95.2604648150284,1722.0,30.62410354614257,2270.17,0,52.4,High
27.907,95.1441,441.0,29.309425354003903,2724.38,1,89.63,Critical
27.8008,94.8449,727.0,65.12293243408203,2724.38,1,96.17,Critical
27.773181535976,96.16577629684416,208.0,7.696572780609131,2174.9,0,11.59,Low
27.04793886555963,92.81533174072464,155.0,4.995904445648193,1421.55,0,5.38,Low
25.651997944315568,90.72305009760102,361.0,3.215492486953736,3693.54,0,0.55,Low
27.745077248434253,94.8721033002856,292.0,14.585027694702148,2724.38,0,47.2,Moderate
27.1263,88.1302,1264.0,27.898136138916016,2181.41,1,59.09,High
28.4567,95.7115,1494.0,40.6161003112793,2348.99,1,82.07,Critical
23.10873518051017,93.08143278398975,1689.0,28.0738525390625,1506.81,0,35.93,Moderate
27.26401689639352,94.17897799097902,92.0,1.3965072631835938,2567.19,0,0.0,Low
23.443539570282823,91.54193245415968,65.0,7.150054454803467,2396.11,0,1.0,Low
27.4566,94.1184,410.0,31.86306953430176,2567.19,1,91.34,Critical
23.5927,92.467,552.0,22.006397247314453,2148.54,1,72.59,High
25.46554266183256,91.1148925921704,935.0,15.475536346435549,3693.54,0,6.46,Low
23.15394842128892,93.04498077730754,1086.0,27.04524612426757,1506.81,0,19.87,Low
26.46117699358768,91.53676760485644,57.0,1.0340702533721924,1708.67,0,0.0,Low
26.9783,92.6028,226.0,11.062521934509276,1421.55,1,89.6,Critical
26.9702,92.5912,203.0,13.75718879699707,1421.55,1,93.76,Critical
26.03000532540443,90.45109904916433,50.0,4.217679500579834,3693.54,0,0.0,Low
23.612512802410954,92.36704630468329,202.0,19.506616592407227,2148.54,0,33.46,Moderate
26.627861529422987,91.258551030906,55.0,2.975646495819092,1708.67,0,0.0,Low
27.6505,94.6535,262.0,17.4030704498291,2357.98,1,66.54,High
27.0721,92.8833,952.0,41.860538482666016,1941.04,1,93.27,Critical
27.42210323486768,92.78385892998956,1275.0,31.21654891967773,1194.49,0,14.95,Low
26.9865,92.3792,768.0,47.34991836547852,1421.55,1,98.26,Critical
27.1397,92.8559,843.0,46.7310905456543,1941.04,1,97.45,Critical
28.00778829138182,96.78775897318368,2459.0,39.6103515625,1471.65,0,9.02,Low
26.9919,92.4419,521.0,53.57088851928711,1421.55,1,97.83,Critical
26.063834163972903,92.31185193415932,187.0,21.588844299316406,1218.05,0,28.34,Moderate
26.38698622810407,91.8328779479194,59.0,2.779647827148437,1708.67,0,0.0,Low
26.9743,92.3625,652.0,39.84986877441406,1421.55,1,98.91,Critical
26.721167020090483,94.32271777797644,106.0,3.473538398742676,1747.44,0,0.0,Low
24.471633940902542,93.87259793944206,774.0,1.0172041654586792,1381.49,0,0.0,Low
26.270039541977265,92.6236262731722,59.0,2.127882957458496,1218.05,0,0.0,Low
28.992258661285632,95.99745557904124,3582.0,37.94538116455078,1011.98,0,10.58,Low
28.15201168334689,94.02598160767722,1113.0,47.9410514831543,2320.86,0,49.89,Moderate
25.2745558725948,92.05061341254124,891.0,4.088662147521973,3717.5,0,1.04,Low
27.45922289618957,92.69509740356328,2662.0,21.97732353210449,1194.49,0,5.83,Low
27.6627,94.2052,979.0,39.96974563598633,2567.19,1,93.22,Critical
27.9557,94.4942,815.0,32.76775360107422,2681.74,1,90.37,Critical
25.116632566394653,92.62705496728728,772.0,27.751052856445312,3573.05,0,26.87,Moderate
23.74131599117112,93.30762697239628,1504.0,8.193086624145508,1327.95,0,16.14,Low
24.914987165318934,94.35945090502764,1038.0,24.318315505981445,1566.44,0,28.38,Moderate
26.0347,94.8814,997.0,31.60856437683105,1669.48,1,76.45,Critical
28.1649,96.4763,2158.0,27.37453269958496,2484.94,1,71.93,High
27.8131,94.3192,817.0,31.53678703308105,2681.74,1,88.69,Critical
27.692,94.6557,269.0,45.90674209594727,2357.98,1,95.14,Critical
25.368726320480945,93.03794403252272,229.0,7.167884349822998,1271.17,0,3.0,Low
28.1977,95.4151,577.0,26.49407196044922,2817.65,1,84.15,Critical
28.062,93.3432,1182.0,28.27081298828125,1472.72,1,74.22,High
26.1838,94.0772,490.0,12.565664291381836,1566.44,1,77.69,Critical
27.972254548256423,96.93820942386066,2588.0,32.572696685791016,1471.65,0,13.49,Low
26.86983783117221,92.5818514892668,103.0,1.393834948539734,1421.55,0,0.0,Low
28.74880759971564,95.9825320225133,3116.0,11.770045280456545,1891.54,0,40.97,Moderate
23.461,92.4104,490.0,30.931453704833984,2148.54,1,82.88,Critical
26.6117,94.7335,397.0,55.18331909179688,1819.61,1,95.3,Critical
27.4952,94.154,552.0,36.06754302978516,2567.19,1,89.06,Critical
27.1063,92.9836,686.0,15.98636531829834,1941.04,1,69.69,High
25.27362582056847,92.92596655532166,700.0,14.814896583557127,1648.99,0,24.17,Low
27.9072,96.3496,857.0,35.190025329589844,2484.94,1,86.49,Critical
24.83093010624982,92.92494125649064,25.0,2.2416861057281494,1648.99,0,0.0,Low
28.024,96.253,1427.0,33.267330169677734,2484.94,1,83.71,Critical
27.2802,88.7155,1302.0,32.081790924072266,1707.7,1,59.94,High
26.43596415264248,90.27113901806456,49.0,2.1285593509674072,3717.5,0,0.0,Low
27.44385611394976,95.94702039894985,165.0,0.9306275844573976,2291.38,0,0.0,Low
25.58065723953017,91.86900904808245,1462.0,5.201877117156982,3717.5,0,4.19,Low
25.4692,91.5646,1578.0,22.51677703857422,3717.5,1,88.72,Critical
27.79432507345016,88.63047256696773,4398.0,21.22736167907715,1707.7,0,2.93,Low
27.7381,94.1906,581.0,37.542606353759766,2567.19,1,93.9,Critical
28.294,95.4855,1562.0,57.00302505493164,2348.99,1,74.73,High
26.19694504533333,89.73288249140141,37.0,2.12758731842041,2542.03,0,0.0,Low
25.07832378999168,92.368329060505,282.0,21.62632179260254,3573.05,0,20.1,Low
25.2609,92.3858,830.0,12.135899543762209,2535.22,1,57.39,High
25.20368411895461,91.63461203163504,158.0,11.9555082321167,4943.24,0,20.14,Low
24.156024852280066,93.21076151337468,1171.0,31.66118812561035,1381.49,0,10.6,Low
24.33513094620048,93.0791179887954,377.0,24.1394271850586,1625.06,0,34.35,Moderate
27.902526199378023,93.78451322071976,2283.0,29.952735900878903,2320.86,0,30.99,Moderate
25.68048280087275,92.7285272754626,470.0,4.245233058929443,1218.05,0,2.5,Low
26.9567,93.098,383.0,20.027250289916992,1941.04,1,91.26,Critical
26.9745,93.3609,413.0,49.79512023925781,1941.04,1,99.11,Critical
27.69735554298012,92.0258923550175,3538.0,36.52198791503906,853.16,0,31.68,Moderate
26.2171,94.8982,2035.0,31.78414535522461,1669.48,1,55.84,High
25.08265208385104,94.69088401183558,1588.0,25.957807540893555,1566.44,0,34.66,Moderate
25.2857,91.7597,1098.0,34.31163024902344,3717.5,1,94.97,Critical
25.25309612281374,94.53669777365862,1193.0,20.126201629638672,1566.44,0,15.37,Low
24.12265979789157,94.16512732743664,642.0,23.76581382751465,1381.49,0,8.83,Low
27.5134,96.2456,363.0,27.122539520263672,2174.9,1,73.01,High
28.79794406838888,94.74395385718574,1197.0,28.951156616210938,1289.76,0,69.72,High
28.12634389968952,96.83089510687115,3634.0,32.363094329833984,1471.65,0,1.16,Low
27.4134,88.2841,2360.0,37.744388580322266,1690.33,1,59.49,High
25.9582,94.357,574.0,19.550960540771484,1566.44,1,81.54,Critical
28.3941,93.5601,2146.0,19.563703536987305,1535.18,1,64.28,High
28.51816801099088,95.14984035280682,1453.0,7.296271800994873,2270.17,0,9.59,Low
27.8442,94.9831,460.0,54.79615783691406,2724.38,1,98.76,Critical
27.6338,94.2124,477.0,38.50960922241211,2567.19,1,93.77,Critical
26.9413,93.0767,404.0,20.512788772583008,1941.04,1,87.9,Critical
27.1948,92.789,1132.0,36.10643768310547,1421.55,1,93.16,Critical
26.9676,93.1359,300.0,9.664300918579102,1941.04,1,97.61,Critical
28.58799560139891,96.1354891129478,2665.0,11.218393325805664,1891.54,0,19.72,Low
27.2683,93.384,1693.0,29.3970947265625,1971.8,1,57.43,High
23.4426,92.5847,609.0,32.88368606567383,2148.54,1,87.58,Critical
27.0524,92.613,678.0,37.314754486083984,1421.55,1,97.31,Critical
27.79379930676658,92.17270954198246,5237.0,19.71149063110352,1194.49,0,0.5,Low
26.27083877462763,89.96361246258867,52.0,3.230893611907959,2542.03,0,0.0,Low
26.028001290132448,94.85838942811404,974.0,34.713226318359375,1669.48,0,52.04,High
25.402151052376617,90.72871708309214,439.0,13.735692024230955,3693.54,0,4.26,Low
28.18374168701809,93.52194722615964,1714.0,19.48689079284668,2320.86,0,35.77,Moderate
27.0542,92.9197,797.0,25.241527557373047,1941.04,1,88.74,Critical
23.08850854688574,91.65044531768471,30.0,1.3710514307022097,2396.11,0,0.0,Low
23.9014,93.1401,969.0,22.56209373474121,1381.49,1,61.37,High
26.1614,94.4238,667.0,21.36711502075196,1566.44,1,76.36,Critical
26.621317487406984,94.88005356862114,423.0,18.025882720947266,1819.61,0,73.37,High
25.2819,92.3805,898.0,13.411824226379396,2535.22,1,58.59,High
27.767,94.723,601.0,37.09383010864258,2724.38,1,93.1,Critical
25.195655381920552,91.0336557881937,133.0,23.215614318847656,4780.93,0,19.79,Low
27.7733,96.5734,2074.0,33.829689025878906,1471.65,1,58.41,High
23.30915490434357,91.48438622637052,29.0,2.116903066635132,2396.11,0,0.0,Low
28.9842,95.3946,2503.0,35.10517883300781,1248.72,1,71.82,High
26.74149826103349,90.84534870958734,191.0,1.860950231552124,1708.67,0,0.5,Low
27.0989,92.6527,1218.0,28.16139030456543,1421.55,1,85.39,Critical
27.8499,94.9174,210.0,20.840478897094727,2724.38,1,72.11,High
27.29212045672977,97.0008134368541,2713.0,41.71760940551758,1689.08,0,22.32,Low
27.768433028922043,91.81367909263165,4359.0,17.821704864501953,853.16,0,1.5,Low
27.6884,94.4566,960.0,32.859336853027344,2567.19,1,87.04,Critical
27.888,94.255,995.0,45.239105224609375,2681.74,1,86.24,Critical
24.25589276650896,93.34087834853187,954.0,31.823715209960938,1381.49,0,30.27,Moderate
28.1432,95.9903,1741.0,28.0181941986084,2484.94,1,77.95,Critical
27.1255,92.8456,497.0,44.13617706298828,1421.55,1,99.02,Critical
26.4742,94.6738,541.0,63.59003829956055,1819.61,1,96.99,Critical
23.6735,92.6938,830.0,19.687429428100582,2148.54,1,69.51,High
27.8733,95.014,376.0,26.41797065734864,2724.38,1,83.74,Critical
28.5184,95.0035,1049.0,42.31040573120117,2270.17,1,82.61,Critical
28.64274005413037,94.91743538955228,1212.0,33.43443298339844,2270.17,0,40.03,Moderate
26.976,92.5942,261.0,12.30233097076416,1421.55,1,93.76,Critical
27.65050837021268,95.04327190797012,113.0,1.399187088012695,2724.38,0,0.0,Low
25.4473774487509,94.05820847334924,1850.0,41.321895599365234,1306.28,0,25.5,Moderate
23.901698156171623,93.09523781291752,623.0,37.736270904541016,1381.49,0,10.83,Low
22.92967369780977,93.02302894118831,317.0,6.2881927490234375,1506.81,0,6.08,Low
24.99971918772387,93.6928714398548,1268.0,29.18646812438965,1271.17,0,5.22,Low
28.1609,93.5407,1160.0,46.10107803344727,2320.86,1,82.88,Critical
27.293,88.288,654.0,43.56988143920898,1690.33,1,94.53,Critical
28.1747,95.8503,844.0,43.27364730834961,2817.65,1,92.74,Critical
27.7849,94.5501,525.0,18.85989189147949,2681.74,1,70.05,High
27.32188802183469,95.55096482191465,162.0,6.81512451171875,1916.88,0,3.69,Low
28.9543,95.0491,1236.0,30.467947006225582,1289.76,1,68.68,High
27.6998,94.6199,281.0,24.86341094970703,2567.19,1,83.1,Critical
28.5098,93.5014,3141.0,30.860759735107425,1535.18,1,84.86,Critical
27.7776,94.5041,452.0,35.51525115966797,2681.74,1,91.21,Critical
27.1287,92.9891,1205.0,45.526981353759766,1941.04,1,93.11,Critical
27.6899,94.6534,313.0,29.420562744140625,2357.98,1,79.79,Critical
25.650923500125987,94.50429837448834,1359.0,37.66099166870117,1566.44,0,61.79,High
26.211436643268097,94.346682586045,661.0,23.61141586303711,1566.44,0,57.0,High
28.096743878126546,95.56226154537798,207.0,0.9305396676063538,2817.65,0,1.0,Low
23.85010448560216,93.29320347778572,1388.0,28.02557182312012,1381.49,0,5.81,Low
22.69117249487861,93.075803092285,748.0,34.14707565307617,1506.81,0,46.28,Moderate
28.060691673655388,95.07178673890884,1477.0,27.729366302490234,2724.38,0,50.72,High
29.117820079511127,95.52430640618964,3479.0,10.568883895874023,1248.72,0,8.37,Low
28.3332,95.3895,2100.0,36.45962142944336,2348.99,1,80.46,Critical
26.6455658901896,89.94081841221036,78.0,1.0357259511947632,2542.03,0,0.0,Low
27.228630601070925,94.14662667975858,86.0,2.2796950340271,2592.49,0,0.0,Low
27.9848,94.0982,1979.0,12.597417831420898,2681.74,1,65.38,High
26.0006,94.4771,1296.0,20.684490203857425,1566.44,1,42.52,Moderate
23.5144,92.3974,345.0,38.03062438964844,2148.54,1,90.97,Critical
28.6415,94.3808,1845.0,42.14404678344727,2030.02,1,81.61,Critical
26.0933,94.8456,1519.0,51.99087905883789,1669.48,1,95.81,Critical
28.4867,95.4576,1983.0,17.442466735839844,2348.99,1,40.2,Moderate
27.7927,94.5193,511.0,40.81716537475586,2681.74,1,96.23,Critical
28.2747,96.3008,2293.0,38.16115188598633,1891.54,1,61.49,High
27.7914,94.5236,450.0,35.694305419921875,2681.74,1,91.06,Critical
27.2794,88.0976,1710.0,33.84382629394531,1690.33,1,74.36,High
27.36953375684542,96.07465531728327,728.0,12.833145141601562,2174.9,0,39.2,Moderate
24.813149856058104,93.55230584053665,376.0,29.34357643127441,1648.99,0,53.76,High
25.37932295978948,91.5244964050077,1508.0,22.940109252929688,3717.5,0,82.38,Critical
27.77668079393964,94.89784395282165,488.0,17.34018898010254,2724.38,0,44.19,Moderate
26.81028337762248,92.00624822745708,156.0,3.474472045898437,1154.3,0,0.0,Low
28.9652,94.736,2353.0,28.470678329467773,1289.76,1,76.68,Critical
28.5114,93.5016,3201.0,13.686434745788574,1535.18,1,30.52,Moderate
27.0419,93.0161,374.0,34.69186019897461,1941.04,1,93.31,Critical
26.5395,94.6959,427.0,48.08360290527344,1819.61,1,93.71,Critical
27.09388292997138,95.7596727868487,1033.0,17.401853561401367,1916.88,0,20.58,Low
27.2471,92.8837,459.0,33.773223876953125,1941.04,1,90.51,Critical
29.206899410661222,96.34226399391795,3445.0,49.64803695678711,1011.98,0,55.09,High
28.3156,96.0455,1424.0,49.42677688598633,1891.54,1,93.66,Critical
25.79586180948641,89.92059801694182,28.0,1.3868505954742432,3693.54,0,0.0,Low
26.622926894659155,91.28934592100325,59.0,2.2696244716644287,1708.67,0,0.0,Low
26.653463583379803,94.92437676136636,340.0,35.7073974609375,1819.61,0,58.49,High
25.28648409775167,91.11098639609784,584.0,5.10645866394043,3693.54,0,0.54,Low
26.28328201001836,94.39527582360952,1205.0,9.259162902832031,1747.44,0,14.6,Low
28.1971166713058,96.8035208329212,3386.0,32.370391845703125,1471.65,0,4.52,Low
27.0921,92.5695,855.0,19.443248748779297,1421.55,1,82.15,Critical
26.29441380171321,95.05839164906308,2284.0,20.88832664489746,1819.61,0,16.84,Low
28.2849,95.5991,729.0,28.480255126953125,2348.99,1,80.17,Critical
25.08581196337945,94.60081001816732,1787.0,22.41389846801757,1566.44,0,15.23,Low
28.2117,95.7945,785.0,40.0989990234375,2817.65,1,95.58,Critical
27.820177531507785,96.86465378124096,2876.0,40.02207946777344,1471.65,0,13.26,Low
25.0866,92.4608,305.0,34.420265197753906,3573.05,1,77.75,Critical
24.38665548719805,93.06791713379556,495.0,9.560342788696287,1625.06,0,19.7,Low
28.4166,93.7922,1234.0,58.37467193603516,1535.18,1,95.55,Critical
27.0677,92.7019,327.0,12.586647033691406,1421.55,1,92.27,Critical
26.9663,93.2254,375.0,35.06925582885742,1941.04,1,92.47,Critical
27.749475511750024,94.7027423329805,581.0,31.322751998901367,2357.98,0,71.41,High
27.1642,93.1392,1465.0,25.630083084106445,1941.04,1,56.36,High
28.6796,94.3908,2513.0,44.62369918823242,2030.02,1,83.12,Critical
29.0113,95.013,1633.0,24.401670455932617,1289.76,1,66.05,High
27.27322811010911,93.30920155614824,1665.0,11.070993423461914,1941.04,0,19.78,Low
28.1077,96.266,1382.0,38.72395706176758,2484.94,1,90.53,Critical
24.712992205935134,93.22779270120787,371.0,10.724687576293944,1648.99,0,22.22,Low
26.9561,93.1025,348.0,15.541507720947266,1941.04,1,89.94,Critical
26.178385934715003,94.80743241447436,1645.0,9.250394821166992,1669.48,0,22.29,Low
27.9967,94.3733,1590.0,31.98923683166504,2681.74,1,78.53,Critical
26.598089904388505,94.06068996517897,91.0,4.252590656280518,1747.44,0,0.0,Low
27.7615,94.6185,1200.0,35.485328674316406,2681.74,1,88.22,Critical
27.44697309329679,93.26226113970688,2433.0,20.19986152648925,1971.8,0,15.08,Low
27.1338,92.8555,624.0,29.73647689819336,1941.04,1,90.68,Critical
28.589072125369466,94.46902116900188,3054.0,31.10643196105957,2030.02,0,28.4,Moderate
23.8722,92.5676,647.0,12.276455879211426,2141.49,1,64.27,High
28.4374,94.411,2117.0,60.31185150146485,2030.02,1,90.66,Critical
24.273468538459653,92.20948129646531,77.0,10.41800594329834,3648.26,0,2.25,Low
26.3483,94.6813,491.0,10.932910919189451,1819.61,1,74.9,High
28.162,93.8504,2088.0,32.36479568481445,2320.86,1,67.76,High
27.0305,93.2773,393.0,46.87429428100586,1941.04,1,98.82,Critical
28.29054933739425,94.45955949715092,1577.0,26.96799087524414,2030.02,0,48.82,Moderate
26.87950539557663,93.66413706162912,77.0,2.7861523628234863,2204.32,0,0.5,Low
25.73608796692015,90.4188497413521,302.0,10.244906425476074,3693.54,0,3.1,Low
26.4927,94.6864,715.0,37.85508728027344,1819.61,1,89.98,Critical
27.0467,92.652,348.0,11.818011283874512,1421.55,1,89.39,Critical
23.00124027952876,92.8774504787406,492.0,17.799495697021484,2496.59,0,38.4,Moderate
27.94870756023636,88.49463940115315,4640.0,15.754106521606444,1707.7,0,0.88,Low
27.8483,94.7321,1171.0,23.42198371887207,2724.38,1,66.8,High
26.5057,94.7743,642.0,23.62738990783692,1819.61,1,81.42,Critical
23.97319573628513,91.84062878647414,61.0,7.960297107696533,2322.27,0,0.6,Low
28.4033,95.7144,1613.0,37.47773742675781,2348.99,1,78.21,Critical
27.0754,92.8661,940.0,40.70783996582031,1941.04,1,93.28,Critical
25.20273041668532,91.4582827578702,74.0,11.69135284423828,4780.93,0,21.48,Low
23.510978274784247,91.56348733765098,32.0,2.7914133071899414,2396.11,0,3.0,Low
24.10548782347019,92.45829892390448,77.0,4.123744010925293,2141.49,0,3.31,Low
26.696985455364192,95.03095073993887,895.0,8.864145278930664,1819.61,0,13.44,Low
24.9902,92.4763,35.0,14.999035835266112,3573.05,1,41.16,Moderate
25.74828121371536,89.9647491277409,26.0,3.0808217525482178,3693.54,0,0.0,Low
26.0346,94.055,268.0,33.573665618896484,1566.44,1,66.65,High
28.1851,94.052,1467.0,52.979278564453125,2681.74,1,96.26,Critical
28.609,95.9082,999.0,35.002105712890625,2348.99,1,85.96,Critical
25.88593822626433,92.59673924900363,418.0,9.182635307312012,1218.05,0,3.53,Low
23.7633,92.6479,392.0,11.05874252319336,2141.49,1,80.75,Critical
25.2966,92.183,866.0,30.21956825256348,2535.22,1,87.41,Critical
26.22651928423136,92.3077060946007,59.0,2.263203859329224,1218.05,0,0.0,Low
22.75378482068881,92.99760584495962,453.0,17.270376205444336,1506.81,0,29.58,Moderate
26.742842678852128,93.0273019449388,73.0,1.860949873924256,1941.04,0,0.0,Low
26.9616,93.222,364.0,22.879728317260746,1941.04,1,88.93,Critical
28.1035,93.4047,789.0,54.23986053466797,1472.72,1,96.12,Critical
25.143857028771023,92.18602567536271,163.0,27.418115615844727,3573.05,0,33.19,Moderate
23.3311,92.5151,458.0,39.1253547668457,2148.54,1,92.41,Critical
26.3740737494691,90.67681525176712,128.0,7.6819353103637695,3717.5,0,1.5,Low
28.0474,93.3889,1383.0,54.23280715942383,1472.72,1,97.46,Critical
24.595837168058143,92.32075096163696,26.0,2.757479429244995,3648.26,0,0.0,Low
27.9312,96.3341,811.0,36.25600814819336,2484.94,1,90.49,Critical
28.4993,95.2752,1540.0,26.0247802734375,2270.17,1,49.56,Moderate
25.51826047005338,90.1618087238481,175.0,3.592529535293579,3693.54,0,0.05,Low
27.37891068591745,95.08424888305056,113.0,1.8607817888259888,2724.38,0,0.0,Low
25.46602817049089,91.2253469323034,1222.0,12.853754043579102,3693.54,0,1.54,Low
26.3464,94.8945,600.0,33.2202033996582,1819.61,1,91.19,Critical
26.746868689733407,94.87515976505216,338.0,14.145233154296877,1819.61,0,43.75,Moderate
26.9564,92.2779,659.0,30.05124282836914,1421.55,1,97.64,Critical
27.6477550643115,96.17064115943644,399.0,4.274880409240723,2174.9,0,12.52,Low
28.743213487575552,94.31061647131432,2280.0,28.941699981689453,2030.02,0,29.47,Moderate
25.341798321449065,93.52849963259344,1372.0,20.297664642333984,1271.17,0,5.34,Low
25.3916,91.8731,1586.0,23.062131881713867,3717.5,1,92.23,Critical
26.53932522754531,90.1449426900966,60.0,5.080267906188965,2542.03,0,0.5,Low
27.3522,88.0799,3115.0,28.39946746826172,1690.33,1,83.87,Critical
27.0618,92.8749,451.0,31.072553634643555,1941.04,1,90.22,Critical
26.075842208238228,92.08043549690012,429.0,0.9308071732521056,1218.05,0,1.0,Low
23.224991860830706,91.78582318834128,42.0,2.116619825363159,2396.11,0,0.0,Low
27.948,96.3247,1030.0,56.86393356323242,2484.94,1,94.2,Critical
27.8726,94.6203,1333.0,39.78499984741211,2681.74,1,86.76,Critical
26.65499172287181,94.83831917839372,936.0,23.683971405029297,1819.61,0,64.0,High
27.47663305574449,96.21469171466607,411.0,14.361424446105955,2174.9,0,53.21,High
28.23669649196584,93.049267978468,3096.0,19.76553535461425,1472.72,0,27.94,Moderate
27.2256,92.0998,3098.0,24.61250877380371,1154.3,1,83.49,Critical
25.260410742863268,90.95840060273476,260.0,6.716920852661133,3693.54,0,1.0,Low
26.885845392721937,94.2752353081818,82.0,1.3939430713653564,1747.44,0,0.0,Low
24.488145984540328,92.44224361978418,30.0,4.0629472732543945,2942.16,0,0.0,Low
26.51085281470125,92.51105907069258,64.0,1.8610105514526367,1421.55,0,0.0,Low
27.0173,92.5481,712.0,22.882970809936523,1421.55,1,87.56,Critical
22.914219399986653,92.9201634701922,567.0,23.388090133666992,1506.81,0,15.32,Low
25.05929275321908,93.22956054377802,638.0,9.70815086364746,1648.99,0,10.36,Low
22.82857353308892,92.86170906768436,573.0,36.03248977661133,2496.59,0,56.37,High
27.271139675686605,95.40143588930069,127.0,2.977458953857422,1916.88,0,0.0,Low
27.1547,95.918,417.0,14.918115615844728,1916.88,1,74.04,High
27.7284,94.5877,561.0,48.73053741455078,2567.19,1,99.43,Critical
26.9457,93.0698,383.0,18.8332462310791,1941.04,1,91.78,Critical
27.269141850903765,95.36686106474204,119.0,2.0821986198425293,1916.88,0,0.0,Low
27.874354055842414,93.9781537695734,1085.0,16.35348892211914,2320.86,0,46.16,Moderate
27.3481,88.1307,1782.0,9.27482795715332,1690.33,1,61.62,High
25.22080175913683,92.79583760831588,1038.0,7.677848815917969,3573.05,0,0.51,Low
27.1617,92.7527,714.0,30.85169982910156,1421.55,1,94.67,Critical
27.7375,94.4424,311.0,33.67249298095703,2567.19,1,93.22,Critical
27.359700633295567,93.72403476577246,1097.0,16.564847946166992,2592.49,0,25.62,Moderate
25.77976521804436,89.8774187601191,21.0,0.0,3693.54,0,0.0,Low
27.0112,92.3407,1143.0,32.38004302978516,1421.55,1,83.94,Critical
27.5018,92.5841,2115.0,45.64146423339844,1194.49,1,80.3,Critical
27.1047,92.8718,789.0,38.39093780517578,1941.04,1,93.16,Critical
27.39326891738715,94.97970365825906,109.0,1.8607778549194336,2357.98,0,0.0,Low
28.3998,95.9592,1122.0,46.20531463623047,1891.54,1,88.19,Critical
26.1331,94.3761,427.0,27.1313419342041,1566.44,1,86.11,Critical
25.3141,91.8691,1164.0,30.584217071533203,3717.5,1,96.27,Critical
26.2221,94.9685,1500.0,37.65467834472656,1669.48,1,73.0,High
27.7746,94.8538,262.0,33.188720703125,2724.38,1,87.76,Critical
28.15412752267604,96.71426714964544,3598.0,33.33656692504883,1471.65,0,2.84,Low
28.657763789900667,95.43567658866787,1944.0,38.42314529418945,2348.99,0,58.79,High
23.318719808654183,93.3649022681517,765.0,2.1169350147247314,1327.95,0,3.77,Low
28.4880812690922,94.52160082427096,2388.0,18.41217613220215,2030.02,0,19.54,Low
27.58376808090625,92.69203866691582,2553.0,36.29166030883789,1194.49,0,68.75,High
28.5945,95.9538,1764.0,31.07512855529785,1891.54,1,62.09,High
28.2285,95.2336,576.0,36.19718933105469,2724.38,1,88.83,Critical
26.9458,93.0931,299.0,13.425787925720217,1941.04,1,95.56,Critical
27.54353674360658,94.74357058688668,108.0,2.795215845108032,2567.19,0,0.0,Low
25.239547307728184,93.30427763528331,1282.0,28.717872619628903,1271.17,0,5.21,Low
25.270064096437565,90.15708380274675,98.0,12.79509162902832,3693.54,0,3.45,Low
23.8225,93.3493,721.0,21.255586624145508,1381.49,1,50.7,High
27.760369832858466,95.9592065936111,203.0,2.091458797454834,2174.9,0,4.5,Low
25.782128799284425,94.32507933555516,1036.0,23.02626609802246,1566.44,0,22.1,Low
25.28833106992624,91.414515432297,619.0,18.93671607971192,3693.54,0,2.36,Low
26.66792309274571,91.56130035020055,77.0,2.790228366851806,1154.3,0,0.0,Low
27.42223023902317,94.89546939844764,105.0,2.282984495162964,2357.98,0,0.0,Low
23.506663641444785,93.22539997534004,1190.0,24.467491149902344,1327.95,0,38.84,Moderate
27.5764,93.2981,3027.0,27.543363571166992,1971.8,1,68.03,High
26.3387,94.7326,949.0,40.99992752075195,1819.61,1,79.92,Critical
27.6438,93.5584,2042.0,39.60054397583008,2592.49,1,48.36,Moderate
26.9932,92.5875,533.0,10.333687782287598,1421.55,1,73.17,High
26.9738,93.5632,196.0,14.282340049743652,2204.32,1,29.79,Moderate
24.261317103463107,92.70052781480553,351.0,29.813810348510746,2942.16,0,29.84,Moderate
28.726492733722043,94.22637936386676,3348.0,14.649591445922852,1158.49,0,33.9,Moderate
25.694327103428613,91.7590542274822,914.0,5.930370330810547,3717.5,0,0.57,Low
25.656670048736387,91.7273183636256,1005.0,11.986262321472168,3717.5,0,1.24,Low
23.918959788812035,91.7146486650476,96.0,10.12960147857666,2322.27,0,13.72,Low
25.184919287111125,92.33765006206409,674.0,19.92976760864257,3573.05,0,9.68,Low
28.25697552162926,96.31731816241202,2930.0,30.838722229003903,1891.54,0,36.1,Moderate
27.8392,93.3294,2866.0,36.62202453613281,1472.72,1,80.77,Critical
26.68958095350509,93.9848615829731,89.0,2.1296072006225586,1747.44,0,0.5,Low
28.4282,93.7605,1464.0,48.68756484985352,1535.18,1,96.73,Critical
23.4097,92.5215,520.0,31.020835876464844,2148.54,1,83.51,Critical
24.45495060719331,94.01955013412912,796.0,2.1209142208099365,1381.49,0,0.0,Low
26.5099,94.658,835.0,35.23356246948242,1819.61,1,87.71,Critical
27.290913553540623,88.51259185160279,1928.0,58.20011520385742,1707.7,0,83.33,Critical
22.979126326695816,92.7522889638508,533.0,18.768360137939453,2496.59,0,46.05,Moderate
26.5181,94.7651,1050.0,34.231563568115234,1819.61,1,74.68,High
26.611947502584027,94.13324816942358,91.0,2.790250539779663,1747.44,0,0.0,Low
25.7877,91.8736,677.0,29.4998722076416,1708.67,1,80.92,Critical
27.9533,94.9987,808.0,23.731624603271484,2724.38,1,78.78,Critical
26.48954522978692,94.20396732860156,117.0,5.240610122680664,1747.44,0,1.83,Low
26.989,93.0632,331.0,24.91634750366211,1941.04,1,88.07,Critical
27.41860548026061,94.09011206767042,294.0,20.425350189208984,2567.19,0,67.47,High
27.225,92.6474,1240.0,39.66769027709961,1421.55,1,82.57,Critical
26.25081707962013,89.8444456767809,32.0,0.0,2542.03,0,0.0,Low
28.24142892547052,97.13661994726527,4310.0,22.196094512939453,1471.65,0,0.0,Low
28.322,94.5409,1226.0,39.45350646972656,2030.02,1,79.32,Critical
27.325952612109337,95.3990847139864,120.0,2.0832552909851074,1916.88,0,0.0,Low
26.9819,92.3763,758.0,44.50426864624024,1421.55,1,91.33,Critical
28.037600465027072,95.61434175378942,165.0,4.264996528625488,2817.65,0,4.55,Low
27.3412,88.0713,3506.0,18.297941207885746,1690.33,1,68.93,High
27.39559352386056,92.21328620738193,2016.0,21.29345703125,1194.49,0,8.96,Low
27.16903524734148,94.87286000667592,102.0,2.977166652679444,1941.69,0,0.0,Low
26.3509,94.8961,577.0,20.974803924560547,1819.61,1,71.59,High
28.2567,95.8311,1439.0,50.910770416259766,2348.99,1,89.86,Critical
26.4086139968844,91.14123906302738,42.0,2.2661361694335938,1708.67,0,0.0,Low
26.78323523674154,92.02227984520134,131.0,4.173200130462647,1154.3,0,0.0,Low
24.852776918453984,93.91007374369087,868.0,22.525842666625977,1648.99,0,23.96,Low
27.392915066657096,88.18439738160623,2648.0,25.29926872253418,1690.33,0,52.03,High
26.482531633084136,94.35858339360124,286.0,28.438907623291016,1747.44,0,50.46,High
26.479464356753937,90.52185794475184,62.0,4.25161600112915,3717.5,0,1.0,Low
26.0,94.0414,480.0,32.44544982910156,1306.28,1,79.42,Critical
27.2702,88.2125,811.0,23.05500602722168,1690.33,1,74.54,High
26.29031919721476,91.65361681270296,57.0,2.264228582382202,1708.67,0,0.0,Low
28.2519,95.7752,727.0,28.86515998840332,2348.99,1,83.68,Critical
27.059,92.6508,338.0,15.632587432861328,1421.55,1,94.0,Critical
27.8129,96.3637,894.0,36.00911331176758,2484.94,1,88.5,Critical
27.1443,88.3911,1515.0,42.3292236328125,2181.41,1,86.5,Critical
23.85911380987118,91.87644430699558,112.0,13.734857559204102,2322.27,0,30.48,Moderate
27.945089724399867,94.59935333647074,922.0,14.497854232788086,2681.74,0,38.42,Moderate
27.8675836212048,93.58832749147422,1519.0,42.62471008300781,2320.86,0,70.08,High
27.89395338597852,95.79000138256984,138.0,1.8606436252594,2817.65,0,0.0,Low
28.01968992414971,97.058891802345,3514.0,41.26664733886719,1471.65,0,17.35,Low
28.2876,93.2567,3027.0,26.611114501953125,912.05,1,77.56,Critical
25.9344,94.3202,502.0,42.04120635986328,1566.44,1,87.75,Critical
27.9148,94.0594,1869.0,23.295883178710938,2681.74,1,61.79,High
25.66862727166646,94.4902366973415,1241.0,17.309255599975586,1566.44,0,15.17,Low
27.3183,92.7776,620.0,36.16645431518555,1194.49,1,85.19,Critical
26.8445929951678,95.1096866692804,387.0,28.53246688842773,1819.61,0,83.4,Critical
27.1936,92.7972,1213.0,14.29570198059082,1421.55,1,61.11,High
27.923530560278003,96.83388312625024,2590.0,29.66903686523437,1471.65,0,22.28,Low
27.1275,88.1289,1378.0,33.19572448730469,2181.41,1,71.47,High
25.797040455401387,94.04884277415552,972.0,11.581721305847168,1306.28,0,11.15,Low
26.58184750726936,89.94656755930714,66.0,0.9307414889335632,2542.03,0,0.0,Low
27.8762,93.3679,1675.0,37.11456680297852,1472.72,1,80.3,Critical
25.43363068824752,91.59081121435896,1622.0,19.85600852966309,3717.5,0,35.13,Moderate
28.1147,94.4135,1516.0,36.10205078125,2681.74,1,88.64,Critical
26.102835135597854,91.03484081916524,40.0,2.061131715774536,3717.5,0,0.0,Low
28.38571185031588,93.23343968238214,3988.0,29.82207298278809,912.05,0,1.5,Low
27.718859036403064,88.77796631536756,4050.0,42.40262985229492,1707.7,0,1.06,Low
26.3775,94.9479,723.0,15.921504020690918,1819.61,1,63.03,High
23.416,91.797,130.0,4.112208366394043,2396.11,1,58.02,High
24.024806471616547,93.57195736093374,808.0,24.845111846923828,1381.49,0,4.9,Low
28.125145883445345,96.70107518687288,1921.0,31.740169525146484,1471.65,0,56.37,High
27.77119555230039,92.12781535158432,4786.0,21.135093688964844,1194.49,0,0.0,Low
27.6755,92.1574,3364.0,54.6126594543457,1194.49,1,78.92,Critical
25.769118204138778,90.54588815693724,90.0,9.034379005432127,3693.54,0,0.04,Low
28.5626,94.2971,2608.0,64.9513168334961,2030.02,1,93.95,Critical
24.13132328737971,93.64366811055484,960.0,25.03116226196289,1381.49,0,18.09,Low
27.1508,93.4794,1547.0,27.09897804260254,2204.32,1,54.31,High
27.0614,92.8928,808.0,43.214691162109375,1941.04,1,96.72,Critical
24.047618133168964,93.15174964110253,872.0,33.17074203491211,1381.49,0,9.13,Low
23.56558893663845,92.98102089549292,858.0,13.653882026672363,1327.95,0,13.09,Low
26.9498,93.1087,297.0,11.647468566894531,1941.04,1,94.25,Critical
27.87714622198778,93.23335121032794,2515.0,78.0479965209961,1472.72,0,25.91,Moderate
27.3957,88.624,1638.0,26.488597869873047,1707.7,1,59.01,High
26.480371033939715,93.28016968066672,718.0,38.24401473999024,1427.25,0,33.97,Moderate
22.80736020614323,93.00083669483315,1074.0,42.06399917602539,1506.81,0,58.06,High
23.133,92.6167,605.0,21.54637908935547,2496.59,1,63.16,High
26.5512,94.8052,856.0,51.237525939941406,1819.61,1,96.04,Critical
28.29854566945904,95.6556019891846,480.0,2.2983057498931885,2348.99,0,6.36,Low
23.16446865576628,92.90359467489046,678.0,15.711009979248049,1506.81,0,26.81,Moderate
27.7909,94.521,478.0,25.41133689880371,2681.74,1,79.61,Critical
28.0301,93.1772,3101.0,64.40349578857422,1472.72,1,85.46,Critical
27.49905727843616,93.6182521650852,1390.0,17.051694869995117,2592.49,0,26.11,Moderate
28.591000352439337,95.78018923277712,1262.0,33.8317985534668,2348.99,0,86.14,Critical
27.66742113508268,95.90325539468422,158.0,1.86070454120636,2174.9,0,0.0,Low
24.846131741316967,92.47025767433824,19.0,1.3810219764709473,3573.05,0,0.0,Low
27.8438,94.982,453.0,33.82060241699219,2724.38,1,93.29,Critical
24.9588,92.6581,46.0,7.133507251739502,3573.05,1,64.5,High
26.9748,93.3008,559.0,14.569950103759766,1941.04,1,79.0,Critical
23.8885,91.8102,158.0,3.558882236480713,2322.27,1,25.4,Moderate
27.2218,92.9278,485.0,43.30284118652344,1941.04,1,97.57,Critical
23.76807884069188,92.24459378054208,170.0,6.3324127197265625,2141.49,0,12.08,Low
27.94029155922724,94.50191619730016,1056.0,21.158397674560547,2681.74,0,43.07,Moderate
26.9805,92.5525,449.0,31.294235229492188,1421.55,1,98.05,Critical
28.95901756877031,94.99381305821753,933.0,23.16880798339844,1289.76,0,26.96,Moderate
26.9471,93.1486,295.0,4.992873191833496,1941.04,1,87.46,Critical
27.6695,94.6759,546.0,35.34659576416016,2357.98,1,80.93,Critical
28.2455,96.5187,1030.0,56.21943283081055,2484.94,1,94.69,Critical
27.92739468475581,96.71148913766534,1830.0,33.35898971557617,1471.65,0,49.96,Moderate
24.198225382000047,92.57935995941598,207.0,27.20591926574707,2141.49,0,47.56,Moderate
26.00965871947712,93.48248711286108,180.0,8.909085273742676,1427.25,0,12.45,Low
25.514511735295123,89.87696341295722,25.0,1.0258214473724363,3693.54,0,0.0,Low
27.48746087423869,94.5683814043958,105.0,5.5756425857543945,2567.19,0,0.45,Low
27.211204952099298,95.88585293635066,365.0,13.697185516357422,1916.88,0,51.32,High
23.5448,92.5644,607.0,40.19532012939453,2148.54,1,94.52,Critical
28.41770474801709,95.70557512540286,2133.0,49.19759750366211,2348.99,0,96.25,Critical
27.168833953478025,95.5006791737352,259.0,10.775334358215332,1916.88,0,60.42,High
27.0324,93.1931,600.0,26.413679122924805,1941.04,1,87.11,Critical
26.039664451939807,91.99776981281435,225.0,4.248064041137695,1708.67,0,1.73,Low
27.9787,96.3512,1333.0,18.32305335998535,2484.94,1,65.12,High
23.8384,92.6644,111.0,17.28380584716797,2141.49,1,66.95,High
26.16824946102141,90.97696438323068,40.0,5.226712226867676,3717.5,0,1.5,Low
26.3447,94.6438,578.0,15.476293563842772,1747.44,1,58.58,High
27.6197,93.4459,2790.0,52.129207611083984,1971.8,1,86.3,Critical
27.728972189692488,93.7104391343032,1096.0,5.662622451782227,2592.49,0,17.44,Low
28.7031774878534,95.82156458550368,1583.0,52.34065628051758,2348.99,0,65.69,High
23.725076140550648,91.37034379505522,35.0,1.0113261938095093,2414.95,0,0.0,Low
28.6199,95.559,2427.0,47.08321380615234,2348.99,1,85.18,Critical
28.21498011703641,95.11992341509011,1640.0,25.407772064208984,2724.38,0,46.75,Moderate
24.03673445949819,93.58755354269675,856.0,20.41232681274414,1381.49,0,4.99,Low
23.69439817053079,92.85848120994116,874.0,42.008419036865234,2148.54,0,57.78,High
27.5146,96.2263,402.0,30.11687660217285,2174.9,1,83.82,Critical
26.9671,92.5846,230.0,22.010475158691406,1421.55,1,97.03,Critical
25.24200954013525,92.64205187569829,1163.0,20.683990478515625,3573.05,0,11.34,Low
25.401,91.9987,1404.0,30.05971908569336,3717.5,1,91.85,Critical
29.26983734182092,96.01288735847127,4275.0,52.82716369628906,1011.98,0,4.25,Low
23.83085343198061,93.12743408660052,656.0,40.65922927856445,1381.49,0,13.44,Low
27.0577,92.6624,356.0,11.641374588012695,1421.55,1,88.03,Critical
28.4154,95.537,1456.0,43.338645935058594,2348.99,1,89.93,Critical
26.899938709575537,95.53998129519636,1573.0,27.77644920349121,1916.88,0,50.84,High
26.03026848966148,91.67350852729264,361.0,17.01202964782715,1708.67,0,33.99,Moderate
26.4095,94.8375,1356.0,53.0963134765625,1819.61,1,89.88,Critical
28.693931125349465,94.71871561650156,1402.0,30.41335868835449,2270.17,0,39.2,Moderate
28.4181,93.7396,1769.0,53.66130065917969,1535.18,1,97.09,Critical
26.720075238277857,94.44587764576464,112.0,1.3928353786468506,1747.44,0,0.0,Low
28.145596689395067,97.07828520425468,2698.0,34.85063552856445,1471.65,0,15.97,Low
27.7521,94.4533,430.0,25.74242210388184,2681.74,1,83.59,Critical
27.2812,92.712,704.0,32.87038803100586,1194.49,1,79.39,Critical
26.398598103892223,90.62216069328136,52.0,0.9307653903961182,3717.5,0,0.0,Low
27.8323,94.7523,873.0,52.66670608520508,2724.38,1,96.89,Critical
27.7967,94.7314,840.0,36.746578216552734,2724.38,1,83.81,Critical
26.92958869333535,94.93956629502834,125.0,3.6242446899414062,1941.69,0,1.18,Low
26.9455,93.0943,293.0,8.019001960754395,1941.04,1,96.94,Critical
28.2739,95.7519,806.0,41.35158157348633,2348.99,1,93.93,Critical
27.0349,93.2867,445.0,29.168853759765625,1941.04,1,89.09,Critical
25.672795146072104,94.05904926800562,1416.0,33.28554916381836,1306.28,0,4.22,Low
27.4839,92.1299,2971.0,29.1441650390625,853.16,1,86.14,Critical
23.690189766563183,92.80301358282364,564.0,27.393505096435547,2148.54,0,65.51,High
27.998585173067458,94.15334271628912,1266.0,22.20889663696289,2681.74,0,45.33,Moderate
23.2656,92.4142,110.0,5.472383975982666,2148.54,1,76.98,Critical
26.23211814446449,94.1631596865912,357.0,15.22500991821289,1566.44,0,48.51,Moderate
27.2326,88.6947,1238.0,31.564828872680664,2542.03,1,88.05,Critical
26.3029,94.8456,942.0,24.27071189880371,1819.61,1,73.73,High
25.33481205789058,91.0067320142418,327.0,7.649803638458252,3693.54,0,2.0,Low
27.4088606986356,92.40159978247088,2539.0,27.260730743408203,1194.49,0,16.51,Low
26.3428,94.8547,1669.0,25.89288902282715,1819.61,1,61.26,High
26.71395150415152,94.2973737730082,105.0,1.392794847488403,1747.44,0,0.0,Low
27.5446,96.5595,1080.0,22.501972198486328,1689.08,1,60.5,High
24.06535527490908,93.48198189400556,1159.0,27.35581016540528,1381.49,0,7.79,Low
27.1002,93.3449,547.0,39.10418701171875,1941.04,1,94.49,Critical
27.0664,93.1772,1005.0,51.53521347045898,1941.04,1,97.64,Critical
27.04920614501832,95.78513572373286,1421.0,33.104793548583984,1916.88,0,52.86,High
26.9356,92.1749,464.0,28.58316421508789,1421.55,1,97.17,Critical
28.2736,96.0812,1099.0,21.013643264770508,1891.54,1,47.61,Moderate
26.3553,94.7188,755.0,24.05429077148437,1819.61,1,85.16,Critical
22.634437682612308,92.626300101673,105.0,6.491262435913086,2496.59,0,1.75,Low
25.03752758267965,93.37602826146036,238.0,4.75501012802124,1648.99,0,2.18,Low
26.61333599139783,94.40826914537324,169.0,2.269465446472168,1747.44,0,0.0,Low
26.2824964255515,95.11764548862936,1195.0,22.64821052551269,1819.61,0,35.77,Moderate
26.25163081863989,93.19561334736188,243.0,23.254283905029297,1427.25,0,16.2,Low
25.35030772040886,91.32017866082754,855.0,37.14412689208984,3693.54,0,25.75,Moderate
26.9529,93.1139,305.0,17.0056209564209,1941.04,1,92.74,Critical
28.1039,95.9818,1062.0,48.16077423095703,2484.94,1,95.3,Critical
25.498817604668965,94.3310870790216,1530.0,23.59902572631836,1566.44,0,30.82,Moderate
27.252220636433783,94.55810161334558,98.0,4.260442733764648,2567.19,0,1.17,Low
28.437,95.5361,1812.0,37.28790283203125,2348.99,1,84.34,Critical
24.939647094626284,93.18646157376128,69.0,6.173063278198242,1648.99,0,0.5,Low
26.9554,93.113,333.0,18.13884925842285,1941.04,1,93.79,Critical
26.655841263337667,91.7245549861464,78.0,0.9307318329811096,1154.3,0,0.0,Low
28.4566,95.7345,1394.0,31.6268310546875,2348.99,1,86.99,Critical
27.7047,94.6857,280.0,5.295376777648926,2357.98,1,71.78,High
26.1922824910813,90.45032757512652,28.0,0.0,3717.5,0,0.0,Low
28.25620323681469,95.62764666893987,361.0,5.602725505828857,2348.99,0,15.18,Low
27.793802434677648,96.34015385482596,404.0,4.193916320800781,2484.94,0,9.97,Low
23.69058887331735,93.13485597056784,1307.0,20.619815826416016,1327.95,0,23.65,Low
26.333375241417524,92.82779405005552,65.0,2.7789506912231445,1218.05,0,0.0,Low
25.9603,94.2336,1069.0,29.07064819335937,1566.44,1,47.55,Moderate
24.157606059380143,92.95605856299096,593.0,22.41731643676757,1381.49,0,13.73,Low
27.46480658282453,94.74986630976872,101.0,0.0,2567.19,0,0.0,Low
24.2067151733992,91.9341389280267,104.0,3.042726516723633,2322.27,0,8.31,Low
27.3564,88.4755,532.0,26.35774803161621,1707.7,1,75.15,Critical
28.32588937742265,93.92384617065711,1305.0,22.13510704040528,1535.18,0,23.68,Low
26.65333694385903,93.6212688641723,80.0,2.1294569969177246,1649.52,0,0.0,Low
27.597664139485783,92.22821364562198,4678.0,36.882808685302734,1194.49,0,1.09,Low
25.64681490589961,92.75909367776,283.0,14.884408950805664,2535.22,0,47.62,Moderate
27.6777,94.4855,392.0,49.615753173828125,2567.19,1,99.16,Critical
28.0948,94.3679,973.0,32.37360000610352,2681.74,1,75.47,Critical
28.0707,94.7024,862.0,29.747127532958984,2724.38,1,85.22,Critical
25.4672,91.5985,1618.0,20.586790084838867,3717.5,1,68.3,High
23.650901403162266,93.30074784622845,1722.0,46.62411880493164,1327.95,0,35.94,Moderate
28.741594647172885,96.2636975391206,3816.0,40.57587432861328,1891.54,0,7.05,Low
28.62123480072786,93.36286561279218,4048.0,27.38519096374512,912.05,0,4.0,Low
26.4223,94.8917,449.0,25.222694396972656,1819.61,1,84.85,Critical
28.359909576430063,94.63220705173036,906.0,29.286989212036133,2030.02,0,67.81,High
28.908962348474944,96.34388514314844,4143.0,23.72397994995117,1011.98,0,0.0,Low
28.11111563907741,94.66141554435264,806.0,23.271503448486328,2724.38,0,64.12,High
26.41655377153156,94.96915659718545,651.0,13.020886421203612,1819.61,0,49.16,Moderate
23.9826658202504,91.54851208000422,68.0,6.6613945960998535,2414.95,0,3.0,Low
28.1531,96.5274,845.0,34.746368408203125,2484.94,1,84.59,Critical
27.8653,93.2579,1445.0,23.294300079345703,1472.72,1,45.11,Moderate
28.3457,96.5342,2029.0,40.1022834777832,1891.54,1,66.17,High
25.9352,94.2924,529.0,27.573471069335938,1566.44,1,88.71,Critical
26.4798,94.784,699.0,25.78229713439941,1819.61,1,85.15,Critical
25.21360080141512,91.37157564426695,38.0,9.445810317993164,4780.93,0,4.5,Low
25.83849050073924,91.67882568801096,554.0,20.642578125,3717.5,0,8.8,Low
27.3018,93.7425,1577.0,35.61967468261719,2592.49,1,82.93,Critical
28.334312341394007,96.62583101900728,1970.0,55.30146026611328,1044.44,0,37.99,Moderate
24.71240416537605,93.38134957756247,600.0,18.59344291687012,1648.99,0,41.4,Moderate
25.9406,94.3503,643.0,22.106231689453125,1566.44,1,78.12,Critical
28.8409,94.8252,737.0,46.47335433959961,1289.76,1,91.56,Critical
27.82499835615355,93.93239837253498,398.0,34.84750747680664,2320.86,0,59.31,High
27.17131964166637,93.97133999531869,95.0,3.2542312145233154,2592.49,0,0.05,Low
24.1113902837428,92.06315315671064,75.0,17.86956024169922,2322.27,0,13.37,Low
28.34912415560726,94.5136260708314,1598.0,41.24273300170898,2030.02,0,75.1,Critical
27.6376,96.5485,2526.0,43.53180313110352,2174.9,1,78.59,Critical
25.58347819172783,92.29056735656032,1235.0,7.170013904571533,2535.22,0,6.66,Low
23.7167,92.693,807.0,17.57619857788086,2148.54,1,61.15,High
27.1224,92.9048,1032.0,36.37630844116211,1941.04,1,84.84,Critical
27.88601488290969,95.1591439292888,307.0,13.497980117797852,2724.38,0,40.78,Moderate
22.742795832938107,92.56936430842644,233.0,18.74552726745605,2496.59,0,35.71,Moderate
27.7453,94.4666,401.0,33.23781204223633,2567.19,1,90.87,Critical
25.200679456302225,91.52387649247667,103.0,15.343982696533203,4780.93,0,23.19,Low
25.95893493201536,89.92803131458322,31.0,5.076481342315674,3693.54,0,1.0,Low
26.9401,93.1464,246.0,14.42292594909668,1941.04,1,94.24,Critical
26.0759,94.4759,957.0,23.69456672668457,1566.44,1,58.84,High
28.3928,93.3718,2918.0,36.03827667236328,912.05,1,90.76,Critical
27.8912,96.5522,1352.0,27.120332717895508,1471.65,1,65.96,High
28.0625,96.1374,654.0,38.13365173339844,2484.94,1,90.58,Critical
28.2829,96.5433,1872.0,37.68944549560547,1891.54,1,77.37,Critical
22.794926165036177,92.8732059281126,497.0,28.77187156677246,2496.59,0,58.41,High
25.733168734642565,90.93397864563356,671.0,12.281709671020508,3693.54,0,0.67,Low
25.107445147274497,92.35670524978516,115.0,15.088726997375488,3573.05,0,30.02,Moderate
27.7639,93.1593,1699.0,44.6643180847168,1472.72,1,87.43,Critical
22.97970013335638,92.94350538851312,395.0,29.804407119750977,1506.81,0,20.53,Low
26.566334275447733,91.41971523236712,60.0,2.129096746444702,1708.67,0,0.0,Low
26.9785,93.3541,708.0,35.5682258605957,1941.04,1,92.9,Critical
27.09381276322244,94.35456173890076,92.0,3.628095865249634,2567.19,0,0.05,Low
25.915307048731155,91.01789290647076,59.0,2.25826358795166,3717.5,0,0.0,Low
27.7762,94.7893,753.0,36.2496452331543,2724.38,1,87.77,Critical
26.9907,92.5758,378.0,12.943275451660156,1421.55,1,89.35,Critical
26.0038,94.0201,430.0,38.26935195922852,1306.28,1,91.85,Critical
26.36130230052771,93.99851247825156,109.0,1.3904756307601929,1566.44,0,0.0,Low
26.77130210976652,93.22168400042354,81.0,1.393177509307861,1941.04,0,0.0,Low
27.2338,93.2632,1513.0,37.47172546386719,1941.04,1,79.76,Critical
29.00548859480797,95.6358887345774,2809.0,30.92282485961914,1248.72,0,32.7,Moderate
25.11909550485303,94.08547197843478,819.0,11.995443344116213,1306.28,0,3.16,Low
27.8111,94.2977,1409.0,41.83810424804688,2681.74,1,85.55,Critical
26.40011775277072,91.90233830721384,64.0,2.12841272354126,1708.67,0,0.0,Low
27.0607,92.6472,367.0,24.12737846374512,1421.55,1,98.22,Critical
25.411653239702147,92.230567498264,1329.0,5.561405658721924,2535.22,0,5.99,Low
26.0253,94.5067,1178.0,29.86856269836425,1566.44,1,56.22,High
26.0155,94.348,602.0,34.31822204589844,1566.44,1,93.31,Critical
26.430578880066903,91.29739055741456,51.0,2.7802164554595947,1708.67,0,0.0,Low
28.5045,93.4731,3231.0,34.53659439086914,1535.18,1,70.77,High
23.206,93.2769,1243.0,20.21483421325684,1506.81,1,45.32,Moderate
26.083856765538584,91.91798370630724,70.0,3.857769727706909,1708.67,0,0.0,Low
27.32815727766369,93.35787480252522,2110.0,28.92515754699707,1971.8,0,34.21,Moderate
25.461038548341648,90.20305242417224,114.0,4.950106143951416,3693.54,0,0.55,Low
24.01462032895038,93.58331905972123,917.0,18.030736923217773,1381.49,0,8.54,Low
27.9311,96.3325,881.0,41.691593170166016,2484.94,1,93.74,Critical
25.563733490930773,92.87674248184948,202.0,10.903518676757812,2535.22,0,12.7,Low
26.0681,94.436,754.0,21.629026412963867,1566.44,1,76.82,Critical
28.0355,95.2063,569.0,20.34493827819824,2724.38,1,72.34,High
25.641872345016484,92.7072286715854,619.0,4.755726337432861,2535.22,0,15.08,Low
26.9782,93.1761,259.0,4.250619411468506,1941.04,1,77.31,Critical
27.8697,95.0033,270.0,46.51341247558594,2724.38,1,98.95,Critical
27.379833749561445,94.59236775441212,96.0,2.282259464263916,2567.19,0,0.0,Low
27.249692315532474,92.68423696317386,979.0,44.468257904052734,1421.55,0,47.43,Moderate
27.94751832800277,95.95298125542092,178.0,6.948004245758057,2484.94,0,8.77,Low
25.232136302871616,93.11256590722488,523.0,16.814382553100586,1648.99,0,23.52,Low
27.97,94.9246,751.0,20.63761138916016,2724.38,1,65.3,High
27.2894,88.2758,966.0,48.92940139770508,1690.33,1,98.8,Critical
27.228523880518445,93.55432608736903,805.0,24.320545196533203,2204.32,0,66.9,High
28.1468,95.2705,329.0,46.02705383300781,2724.38,1,98.01,Critical
26.572566281313687,91.95117791813854,72.0,3.2385873794555664,1154.3,0,0.0,Low
24.66981617154524,94.23935867179743,855.0,14.841546058654783,1648.99,0,25.72,Moderate
27.9062,94.915,352.0,40.56309509277344,2724.38,1,95.02,Critical
26.4379622046242,90.5938533149794,61.0,6.248414993286133,3717.5,0,0.5,Low
28.64626462012169,94.2998704407296,2597.0,23.296987533569336,2030.02,0,51.29,High
26.1366,94.4021,511.0,11.968162536621094,1566.44,1,70.32,High
28.953967274210363,95.03741022819982,1416.0,30.424495697021484,1289.76,0,27.73,Moderate
23.56090862923089,93.12436906741634,775.0,23.59886360168457,1327.95,0,10.74,Low
28.2174,95.4611,770.0,22.491256713867188,2817.65,1,74.38,High
27.75057600490165,96.68747073273892,3551.0,21.27216339111328,1471.65,0,3.41,Low
27.7473,94.4619,401.0,22.45844841003418,2567.19,1,81.1,Critical
27.24775599481377,92.63556394102255,1796.0,39.1085090637207,1421.55,0,63.78,High
27.9778,96.3313,1824.0,40.19607162475586,2484.94,1,91.37,Critical
25.23046559218051,90.27243777970484,54.0,17.98305892944336,4780.93,0,35.69,Moderate
25.6535,91.9253,1094.0,28.799190521240234,3717.5,1,89.58,Critical
26.9935,93.1855,277.0,13.535175323486328,1941.04,1,96.85,Critical
26.201,94.7803,1300.0,17.982393264770508,1669.48,1,55.47,High
26.9145,92.173,360.0,25.034887313842773,1421.55,1,97.95,Critical
26.57715189932385,92.31393168907528,69.0,0.930742084980011,1421.55,0,0.0,Low
23.778817248849016,91.89719448088498,134.0,6.865970134735107,2322.27,0,4.29,Low
27.0303,93.1387,785.0,28.15867805480957,1941.04,1,85.48,Critical
26.0804,94.3871,383.0,12.705596923828123,1566.44,1,74.75,High
27.0116,92.5427,820.0,30.61735916137696,1421.55,1,88.99,Critical
26.06956124307315,95.02146479358797,1952.0,33.186378479003906,1669.48,0,42.85,Moderate
23.6416,92.3432,478.0,23.962841033935547,2148.54,1,68.69,High
26.9554,93.1116,311.0,19.369281768798828,1941.04,1,91.09,Critical
25.8731947110792,93.18599305501796,168.0,14.127814292907717,1427.25,0,14.57,Low
26.36580139835314,89.839286853024,43.0,0.930769681930542,2542.03,0,0.0,Low
27.277,93.3984,1595.0,24.477832794189453,1971.8,1,61.17,High
28.5278,93.6526,2603.0,40.42201614379883,1535.18,1,62.78,High
26.9651,93.0648,388.0,5.583099365234375,1941.04,1,84.99,Critical
28.078266549534337,94.91899750752908,1005.0,39.67344665527344,2724.38,0,56.17,High
27.4577,93.9263,2073.0,43.68881607055664,2592.49,1,72.55,High
28.42241626713419,96.64838864069392,4255.0,4.75949239730835,1044.44,0,5.5,Low
28.5684,94.3718,2536.0,45.34106063842773,2030.02,1,81.9,Critical
27.9709,94.9196,708.0,38.688697814941406,2724.38,1,88.84,Critical
28.18168582359925,95.04431567326915,584.0,18.993627548217773,2724.38,0,54.13,High
23.58468613860496,92.8886468217062,543.0,26.785755157470703,1327.95,0,14.99,Low
25.42525867380544,93.2647719641541,453.0,20.751445770263672,1271.17,0,7.99,Low
25.19552572742757,92.86205112958586,745.0,23.988245010375977,3573.05,0,26.98,Moderate
27.6868,94.7325,321.0,39.42538833618164,2357.98,1,94.91,Critical
27.449025401109285,96.0485037517144,182.0,2.283440113067627,2174.9,0,0.0,Low
27.1884,88.6382,935.0,41.12749099731445,2542.03,1,93.12,Critical
22.153884065843613,92.67995575573848,187.0,15.254586219787598,2496.59,0,9.14,Low
27.6428,92.5828,2050.0,39.885196685791016,1194.49,1,73.3,High
26.1488,94.975,940.0,21.325660705566406,1669.48,1,63.2,High
23.10231455045708,91.72473000178032,72.0,4.020223617553711,2396.11,0,10.0,Low
26.329026750825545,92.67736463518816,68.0,4.522643566131592,1218.05,0,0.0,Low
24.5899493019228,94.04654865992694,781.0,2.121406078338623,1381.49,0,0.0,Low
27.025037416466112,94.80865088044096,98.0,1.0391825437545776,1941.69,0,0.0,Low
26.2191,94.9596,1565.0,30.12559509277344,1669.48,1,65.03,High
27.13703415274511,93.7162600712627,157.0,4.8465256690979,2204.32,0,0.79,Low
28.133178784111745,95.55515338013144,233.0,2.295356512069702,2817.65,0,0.0,Low
27.6843,94.4567,726.0,46.50701904296875,2567.19,1,98.93,Critical
25.52017883804437,92.62311424222932,719.0,0.0,2535.22,0,0.15,Low
28.219271958731536,96.96175639738748,3141.0,61.19893646240234,1471.65,0,23.23,Low
25.79769722319588,92.22143957804468,947.0,20.120088577270508,3717.5,0,15.8,Low
24.9936,92.6323,308.0,14.529231071472168,3573.05,1,65.38,High
27.4729,94.0961,923.0,19.319536209106445,2567.19,1,71.34,High
27.34487789354873,94.39660729540108,94.0,1.3970645666122437,2567.19,0,0.0,Low
27.062,92.1498,1171.0,29.405384063720703,1154.3,1,93.2,Critical
28.1235,95.2689,366.0,33.7722282409668,2724.38,1,92.59,Critical
23.7381,92.7724,525.0,25.189271926879883,2148.54,1,67.03,High
27.3425,88.4806,504.0,38.51066207885742,1707.7,1,83.29,Critical
28.09686332632194,93.46031575234348,1464.0,52.61943435668945,2320.86,0,56.22,High
27.38732480924598,93.5321566048084,1452.0,13.43031406402588,2592.49,0,36.42,Moderate
28.698576663948792,94.18774742261414,3413.0,26.32539749145508,2030.02,0,31.95,Moderate
28.4981,94.3464,2633.0,58.53571701049805,2030.02,1,95.38,Critical
27.0252,93.1706,383.0,30.614301681518555,1941.04,1,86.96,Critical
23.6785,92.593,803.0,5.481406211853027,2148.54,1,26.08,Moderate
26.5046,94.6981,486.0,27.08038902282715,1819.61,1,82.2,Critical
27.8288,94.4583,1550.0,40.73261260986328,2681.74,1,88.98,Critical
24.33063763457826,92.7320734438622,196.0,21.808225631713867,2942.16,0,11.89,Low
28.97061557271708,94.31438081156313,3416.0,40.761505126953125,1158.49,0,15.21,Low
28.250023633712303,96.93393040464665,3352.0,38.77511978149414,1044.44,0,16.21,Low
25.46326812590415,93.47590807718872,562.0,19.22096824645996,1271.17,0,6.33,Low
25.9676,94.3187,958.0,39.88219451904297,1566.44,1,74.31,High
22.96830267897261,92.54993090225037,486.0,9.69565773010254,2496.59,0,12.92,Low
26.489036459703936,90.66521182123478,52.0,2.1287784576416016,1708.67,0,0.0,Low
28.6074,95.2231,1718.0,32.038631439208984,2270.17,1,58.64,High
27.2773,88.5577,1067.0,40.06660079956055,1707.7,1,76.03,Critical
26.3167882818626,89.9066996468171,47.0,4.124448299407959,2542.03,0,1.0,Low
28.0794,96.1971,1923.0,62.26354217529297,2484.94,1,89.07,Critical
27.32073190817891,96.94455653121643,1861.0,40.21394348144531,1689.08,0,46.25,Moderate
23.556669132542527,92.85794574858592,806.0,37.84632110595703,1327.95,0,22.12,Low
25.97593181424608,91.82759628291808,339.0,10.57418727874756,1708.67,0,23.71,Low
26.9699,93.2951,458.0,49.32568740844727,1941.04,1,99.65,Critical
25.618112806506595,93.25390136175852,435.0,8.041810989379883,1271.17,0,9.36,Low
27.0555,93.0749,880.0,36.58342361450195,1941.04,1,85.33,Critical
28.1159,96.469,2344.0,36.30794906616211,2484.94,1,84.05,Critical
23.888485474419568,91.58637992207156,77.0,0.9310806393623352,2322.27,0,1.0,Low
28.04575440525756,93.87825624873273,2221.0,18.808399200439453,2320.86,0,26.96,Moderate
25.218902415376046,94.55852125655524,2092.0,31.289878845214844,1566.44,0,41.87,Moderate
27.50038247009645,93.2927324960542,2882.0,29.17012596130371,1971.8,0,35.76,Moderate
26.72061389724433,91.56621228782384,95.0,5.081478118896484,1154.3,0,6.0,Low
25.444634161625125,92.53534384866064,834.0,4.94965410232544,2535.22,0,2.25,Low
27.6726,94.2117,819.0,40.34978866577149,2567.19,1,95.85,Critical
28.6068,95.7941,1307.0,46.39205551147461,2348.99,1,90.66,Critical
27.1342,92.7836,893.0,21.536821365356445,1421.55,1,78.57,Critical
24.650604309210625,93.55259624105648,822.0,16.918556213378906,1648.99,0,27.37,Moderate
27.7138,94.1542,1526.0,45.57833480834961,2567.19,1,95.73,Critical
26.9785,93.1736,302.0,27.73626518249512,1941.04,1,87.17,Critical
26.0077,94.3541,516.0,31.69261741638184,1566.44,1,86.8,Critical
26.40912356429107,90.30191164850989,46.0,3.4703102111816406,3717.5,0,0.0,Low
24.2226,92.8838,181.0,9.280196189880373,1381.49,1,78.35,Critical
28.0147,96.3818,1288.0,57.48348617553711,2484.94,1,96.66,Critical
28.4351,93.7821,1436.0,46.24992752075195,1535.18,1,93.14,Critical
28.157957743567906,94.8815639240599,970.0,35.99661636352539,2724.38,0,62.76,High
27.0306,93.274,412.0,30.20307159423828,1941.04,1,89.03,Critical
26.652500963432683,93.7580379150466,89.0,2.783132553100586,1649.52,0,5.0,Low
26.68973004577639,92.32083726167816,83.0,0.9307273626327516,1421.55,0,0.0,Low
27.0549,93.3249,856.0,36.13368606567383,1941.04,1,91.31,Critical
27.4099973740167,96.26790833866065,718.0,5.893999099731445,2174.9,0,16.6,Low
27.1052,92.5768,494.0,34.93192672729492,1421.55,1,98.68,Critical
26.9898,92.5172,397.0,30.052175521850582,1421.55,1,97.63,Critical
28.79542349581954,94.20836584492504,2478.0,24.75761604309082,1158.49,0,10.38,Low
23.105698655216624,92.85341486444182,688.0,37.71444320678711,2496.59,0,61.69,High
28.1303,96.3076,2379.0,28.566085815429688,2484.94,1,78.16,Critical
27.8935,96.3504,461.0,28.79816246032715,2484.94,1,82.43,Critical
26.9886,92.2981,1190.0,34.90079879760742,1421.55,1,94.33,Critical
28.126598342862497,96.2857898942036,2657.0,48.53752899169922,2484.94,0,49.14,Moderate
25.162774637226025,92.95044813028242,725.0,10.164000511169434,1648.99,0,11.79,Low
27.4084,94.007,1041.0,39.07769775390625,2592.49,1,85.6,Critical
28.379602338966105,93.42672140417736,1781.0,61.97090530395508,912.05,0,90.37,Critical
27.018,93.3025,287.0,17.58595848083496,1941.04,1,94.86,Critical
27.1047,92.8635,653.0,32.899173736572266,1941.04,1,92.42,Critical
27.214,92.7753,742.0,36.49187088012695,1421.55,1,96.17,Critical
27.45037081020266,92.61604864629388,2298.0,38.75135040283203,1194.49,0,50.96,High
28.0904,93.7757,877.0,50.25190734863281,2320.86,1,90.13,Critical
27.1079,92.8355,480.0,39.147647857666016,1421.55,1,93.55,Critical
28.3929,93.3725,2862.0,44.75288009643555,912.05,1,94.46,Critical
27.7742,94.5353,326.0,24.612354278564453,2681.74,1,80.6,Critical
26.54880561099069,94.15870885962828,94.0,2.268413543701172,1747.44,0,0.0,Low
25.9639132160264,91.16886521490568,88.0,21.189069747924805,3717.5,0,3.2,Low
28.75899510909625,94.804208308583,830.0,31.344491958618164,1289.76,0,74.75,High
27.3555,88.0828,3070.0,27.0943603515625,1690.33,1,87.3,Critical
23.099199170804752,91.3944281453977,23.0,5.65902853012085,2396.11,0,0.0,Low
26.11438264660424,91.1328980365104,43.0,3.2269535064697266,3717.5,0,0.0,Low
28.573200407574568,96.18947993511382,3906.0,29.85704803466797,1891.54,0,2.05,Low
25.455908666352062,89.97001874665337,48.0,3.85664439201355,3693.54,0,0.0,Low
25.8113712365492,91.3944927128898,326.0,33.01288604736328,3717.5,0,29.88,Moderate
26.151215858384443,94.04616261011104,362.0,13.817375183105469,1306.28,0,5.19,Low
24.005888018218062,91.9269557490911,130.0,22.20465087890625,2322.27,0,7.37,Low
27.045,92.6331,350.0,19.03890991210937,1421.55,1,95.92,Critical
27.0083,92.6112,264.0,15.438247680664062,1421.55,1,97.32,Critical
22.82622103420816,92.91737210110804,483.0,40.082557678222656,1506.81,0,30.7,Moderate
27.99750842754426,94.27646731615606,592.0,27.545095443725582,2681.74,0,73.22,High
27.1185,92.9446,810.0,50.558013916015625,1941.04,1,99.61,Critical
28.5088,93.4934,2969.0,49.1006965637207,1535.18,1,92.38,Critical
26.09681855570691,94.20151300231764,715.0,12.093092918395996,1566.44,0,60.21,High
28.0828,93.2638,1858.0,45.14947891235352,1472.72,1,90.47,Critical
27.1241,92.8184,811.0,46.51215362548828,1421.55,1,99.09,Critical
26.60904251833167,91.17586347026722,49.0,2.782560348510742,1708.67,0,0.0,Low
26.63720961823929,90.81102197910906,77.0,0.9307342767715454,1708.67,0,0.0,Low
26.265751513926936,93.2657396596232,457.0,3.858105182647705,1427.25,0,7.12,Low
27.1242,88.4751,386.0,43.94147109985352,2542.03,1,96.86,Critical
25.9677,94.3141,1037.0,28.72345924377441,1566.44,1,56.22,High
28.4044,95.8079,972.0,59.39738845825195,2348.99,1,95.1,Critical
26.318074643838724,92.6357399015041,60.0,5.573818206787109,1218.05,0,0.0,Low
25.9814,94.062,380.0,13.816551208496094,1566.44,1,74.94,High
25.963377914662967,92.8076888073214,77.0,2.0586981773376465,1218.05,0,0.0,Low
26.2185,94.9584,1570.0,42.36103057861328,1669.48,1,72.83,High
26.477664903421,91.40999374087907,53.0,3.6138195991516113,1708.67,0,0.0,Low
24.01880281724973,93.32711667952846,498.0,20.3896484375,1381.49,0,14.81,Low
28.12521255101517,94.63384216898102,608.0,12.403538703918455,2681.74,0,27.78,Moderate
27.844,96.4079,1287.0,53.7348518371582,2484.94,1,94.7,Critical
27.8407,94.9959,461.0,18.303993225097656,2724.38,1,77.92,Critical
26.1904,94.7501,2007.0,46.05239868164063,1669.48,1,76.89,Critical
27.13831567237036,88.7367235372166,2961.0,30.630172729492188,2542.03,0,21.1,Low
28.0593,96.1624,780.0,36.172096252441406,2484.94,1,90.24,Critical
27.7866,94.5129,497.0,28.58704948425293,2681.74,1,88.07,Critical
27.1147,92.888,636.0,15.10106086730957,1941.04,1,69.3,High
26.79887256009576,91.90909972856372,163.0,1.39336097240448,1154.3,0,3.0,Low
28.2983,95.6099,747.0,25.48719024658203,2348.99,1,77.26,Critical
28.78851799301622,96.40041949006176,3018.0,50.88799285888672,1891.54,0,24.68,Low
26.2701,94.9562,2084.0,41.0020751953125,1819.61,1,71.03,High
25.59321592375216,94.26415203897614,1533.0,26.04754447937012,1566.44,0,36.46,Moderate
26.9334,93.1017,261.0,17.2142391204834,1941.04,1,94.42,Critical
25.495513167057453,92.36401509677614,1176.0,3.5920376777648926,2535.22,0,1.81,Low
29.112233164736413,94.69181915484268,4097.0,41.82599258422852,1289.76,0,2.0,Low
25.97,94.2865,714.0,14.922791481018066,1566.44,1,78.45,Critical
28.5894,93.6009,3426.0,22.60735511779785,1535.18,1,57.52,High
27.8027,94.5486,726.0,37.38136672973633,2681.74,1,91.62,Critical
26.9895,92.3243,1208.0,32.625946044921875,1421.55,1,87.94,Critical
26.027793334304345,89.99066639034021,27.0,1.388323187828064,3693.54,0,0.0,Low
24.57071939791557,92.6664600114762,56.0,16.752792358398438,2942.16,0,8.69,Low
27.1065,92.1736,1854.0,47.67549514770508,1421.55,1,85.22,Critical
27.1221,88.1343,1027.0,25.3262996673584,2181.41,1,77.75,Critical
25.4484223534098,93.4101550340698,379.0,4.7554931640625,1271.17,0,3.12,Low
28.0836,94.2929,1290.0,26.588106155395508,2681.74,1,71.21,High
27.27491999238499,94.13969283211928,93.0,7.235803604125977,2567.19,0,1.04,Low
25.234235785380747,92.18649565142968,807.0,7.677894115447998,3573.05,0,0.59,Low
25.469459517922903,91.29664526945471,1483.0,5.1141204833984375,3693.54,0,1.09,Low
27.0526,92.8474,287.0,25.923566818237305,1421.55,1,98.42,Critical
25.9687,94.411,820.0,18.806058883666992,1566.44,1,68.57,High
26.30891468586504,91.95487730300532,52.0,1.3901342153549194,1708.67,0,0.0,Low
29.058113886540568,95.53878659802854,3355.0,19.42695617675781,1248.72,0,8.56,Low
28.16172888238401,96.30676748057084,2246.0,45.67708206176758,2484.94,0,44.93,Moderate
26.543371706757128,93.58811252577712,422.0,23.95699882507324,1649.52,0,36.68,Moderate
27.263,93.4866,1157.0,30.05990600585937,2592.49,1,68.92,High
27.2125,88.6897,987.0,46.30690383911133,2542.03,1,96.11,Critical
28.3383,95.1495,1509.0,48.84660720825195,2270.17,1,92.35,Critical
26.208762605460905,93.69206804885494,313.0,22.7969913482666,1649.52,0,31.84,Moderate
28.43407792690056,96.02388215538404,2439.0,46.46615982055664,1891.54,0,32.71,Moderate
28.1248,94.1167,1306.0,47.5628662109375,2681.74,1,92.5,Critical
28.1235,96.4871,1967.0,38.462005615234375,2484.94,1,87.89,Critical
25.28575049560018,91.09861236311276,534.0,8.024741172790527,3693.54,0,2.58,Low
26.9689,93.2945,401.0,39.48088836669922,1941.04,1,96.58,Critical
28.1171,93.4055,1146.0,51.26277160644531,1472.72,1,98.81,Critical
28.701,96.3398,3620.0,36.79682159423828,1891.54,1,62.59,High
24.06298787543557,92.15887308487908,98.0,12.706911087036133,2141.49,0,5.73,Low
27.877,94.2489,919.0,45.93221282958984,2681.74,1,91.64,Critical
28.82042620382353,94.2258349709787,2452.0,51.13333511352539,1158.49,0,29.57,Moderate
23.3028769692311,93.11936790596374,1014.0,24.316293716430664,1506.81,0,19.38,Low
27.917,96.3966,647.0,45.31407165527344,2484.94,1,95.39,Critical
27.5717,93.3116,3329.0,13.466958999633787,1971.8,1,63.46,High
28.905,95.5551,2955.0,41.79237747192383,1248.72,1,78.74,Critical
26.2318,94.7673,1661.0,25.381591796875,1669.48,1,45.04,Moderate
28.85767113106028,95.65385976479176,2772.0,23.37460899353028,1248.72,0,20.27,Low
26.602095828153946,91.85396838481536,75.0,0.9307388663291932,1154.3,0,0.0,Low
25.48229143757016,91.2047926797094,1331.0,8.005794525146484,3693.54,0,0.05,Low
27.6624,93.8369,1437.0,8.35401725769043,2592.49,1,57.32,High
28.62877156655491,95.59895658520144,3412.0,18.65523338317871,2348.99,0,17.67,Low
26.9811,92.6144,270.0,14.221717834472656,1421.55,1,95.32,Critical
28.822433890639903,94.42010605822676,3618.0,10.4884614944458,2030.02,0,10.6,Low
28.1953,96.1511,1741.0,55.371707916259766,2484.94,1,97.65,Critical
24.723851187173608,92.79195571993264,29.0,6.164565563201904,2942.16,0,0.0,Low
28.4647,94.8303,768.0,42.01726150512695,2270.17,1,82.12,Critical
26.0072,94.3452,610.0,30.956254959106445,1566.44,1,86.75,Critical
27.083027759730008,95.09667270189182,115.0,2.790064811706543,1941.69,0,0.0,Low
26.6145,94.8637,256.0,36.54896545410156,1819.61,1,88.39,Critical
26.9704,92.1516,509.0,27.60378646850586,1421.55,1,95.92,Critical
25.4169,91.7854,1797.0,34.902286529541016,3717.5,1,77.76,Critical
26.0358639915922,94.49820852759342,1065.0,28.505245208740234,1566.44,0,42.53,Moderate
27.988402998179883,95.83244576263832,160.0,2.292799711227417,2817.65,0,1.0,Low
24.631684410032225,93.8318023740511,773.0,2.2387478351593018,1648.99,0,0.53,Low
28.4756,93.3533,3036.0,40.31343078613281,912.05,1,90.82,Critical
26.01960642386976,94.58829452170596,1866.0,18.40793800354004,1566.44,0,13.56,Low
24.92543819816834,94.03314543365596,799.0,7.345109939575195,1271.17,0,0.22,Low
25.8164233768706,92.26463728826708,894.0,24.10942840576172,1218.05,0,11.71,Low
24.93311463902317,93.05439904492395,69.0,8.467568397521973,1648.99,0,1.04,Low
27.55287830614915,93.23340154390912,1657.0,38.63785171508789,1971.8,0,59.51,High
29.08139637504797,95.493294533069,3619.0,20.68736267089844,1248.72,0,3.25,Low
27.7926,94.5387,440.0,23.6805477142334,2681.74,1,81.99,Critical
27.1868,88.743,1753.0,23.657855987548828,2542.03,1,69.48,High
27.4073,94.0019,914.0,51.392578125,2592.49,1,99.33,Critical
23.3959,92.4348,592.0,21.9866886138916,2148.54,1,74.22,High
26.9542,93.1229,323.0,16.417634963989258,1941.04,1,95.14,Critical
26.018718871037382,92.94521722826155,74.0,3.603489637374878,1218.05,0,0.0,Low
27.54351699913012,95.74598240789038,148.0,2.9782497882843018,2291.38,0,0.5,Low
25.2804,92.3799,916.0,20.289764404296875,2535.22,1,66.49,High
28.0701,96.1111,950.0,26.32071304321289,2484.94,1,71.53,High
26.130943536841624,90.662519657546,94.0,29.37314796447754,3717.5,0,9.36,Low
28.413,93.7459,1459.0,40.8825569152832,1535.18,1,77.77,Critical
25.5301017797779,91.05196440353106,923.0,5.660721778869629,3693.54,0,2.07,Low
23.5352,92.509,492.0,45.05099105834961,2148.54,1,92.94,Critical
26.9805,92.5833,291.0,10.29592227935791,1421.55,1,92.73,Critical
27.0878,92.9234,687.0,34.63407516479492,1941.04,1,93.15,Critical
27.208436406678626,94.85542273881735,97.0,2.2793524265289307,1941.69,0,0.0,Low
28.6454,94.3803,2029.0,46.948387145996094,2030.02,1,88.09,Critical
27.432,93.3543,3174.0,35.14162063598633,1971.8,1,45.75,Moderate
23.7065,92.6144,914.0,10.477750778198242,2148.54,1,71.91,High
26.0905,94.6173,1260.0,34.820655822753906,1566.44,1,66.78,High
25.63846542580612,91.87553668547788,997.0,11.025863647460938,3717.5,0,4.21,Low
25.86565500895252,91.25572461000124,347.0,20.03148651123047,3717.5,0,4.97,Low
29.076926920892344,95.97068878757318,3414.0,36.01003646850586,1011.98,0,18.44,Low
28.08161473339145,94.91858576908098,1089.0,33.76665496826172,2724.38,0,57.21,High
27.247321880873905,93.97386229880532,113.0,1.396393060684204,2592.49,0,0.0,Low
24.36095083827393,92.0660080519443,91.0,13.017555236816406,3648.26,0,7.87,Low
26.037440553832656,95.08303359246209,1739.0,31.25277137756348,1669.48,0,51.45,High
28.3642,96.4883,2082.0,61.70697784423828,1891.54,1,94.47,Critical
28.396724214369296,94.59438825614129,1678.0,37.3466911315918,2030.02,0,78.14,Critical
23.15203939959168,93.10999560086393,932.0,39.81859970092773,1506.81,0,41.04,Moderate
26.9524,93.0568,352.0,18.455007553100582,1941.04,1,91.85,Critical
24.911644112342618,93.38164221815472,256.0,4.4789228439331055,1648.99,0,5.95,Low
25.2051,91.5752,301.0,15.912506103515623,4943.24,1,75.28,Critical
27.0086,95.6428,1862.0,60.482547760009766,1916.88,1,91.72,Critical
26.14011006941,90.72555248951288,40.0,3.6061952114105225,3717.5,0,0.0,Low
26.977,92.2757,858.0,47.94255065917969,1421.55,1,94.82,Critical
27.143677118889308,93.68040168428844,631.0,34.455196380615234,2204.32,0,58.47,High
27.9957,93.9888,1831.0,35.26821517944336,2320.86,1,68.9,High
27.35,88.0719,3209.0,32.16522216796875,1690.33,1,70.9,High
26.9797,92.6127,255.0,27.92233657836914,1421.55,1,99.43,Critical
26.993,93.1845,325.0,19.49350929260254,1941.04,1,91.94,Critical
24.422476326731072,92.3093862755121,36.0,2.235697031021118,3648.26,0,0.0,Low
25.97052255484423,94.46727965071425,1254.0,15.37911891937256,1566.44,0,19.05,Low
28.78649557060612,96.39521215050576,3499.0,57.90202331542969,1891.54,0,9.49,Low
28.0954,93.4753,1658.0,20.351322174072266,2320.86,1,47.57,Moderate
23.57458004370316,91.46485771604642,41.0,4.114816188812256,2396.11,0,4.53,Low
24.627523787375267,93.79923973381136,773.0,5.068305015563965,1648.99,0,0.93,Low
23.565794847678152,92.98011459391644,898.0,20.76038932800293,1327.95,0,11.11,Low
27.66277442460023,93.86864567509944,1272.0,24.516902923583984,2592.49,0,50.29,High
27.4548,96.4058,754.0,16.018281936645508,2174.9,1,63.66,High
27.7579,94.6268,1025.0,33.38088607788086,2681.74,1,77.09,Critical
25.24878401193856,92.36379102022134,827.0,15.089637756347656,2535.22,0,41.99,Moderate
27.0467,92.6585,269.0,32.633888244628906,1421.55,1,98.89,Critical
23.809344648006853,93.24980834309557,1886.0,20.36237907409668,1381.49,0,13.09,Low
26.55548466405969,94.7929446243472,1045.0,39.09339141845703,1819.61,0,61.9,High
27.52147211196325,92.56790488294644,2666.0,26.2376651763916,1194.49,0,11.06,Low
26.891358240402617,95.04581486577024,249.0,18.412023544311523,1941.69,0,39.12,Moderate
26.9532,92.1208,687.0,41.09829711914063,1154.3,1,79.73,Critical
26.5107,94.7822,801.0,21.823171615600582,1819.61,1,78.42,Critical
26.75746967358911,93.30910391390348,77.0,3.473918914794922,1941.04,0,0.0,Low
28.99349514203116,94.54730840394782,2649.0,32.74078369140625,1158.49,0,10.02,Low
27.978638686622293,93.09700037688552,2231.0,41.57109832763672,1472.72,0,56.74,High
27.0606,93.4013,664.0,39.95264053344727,1941.04,1,97.39,Critical
24.0100739107828,92.1206223529668,139.0,5.383652210235596,2141.49,0,30.96,Moderate
28.1693,93.6176,2011.0,44.20755386352539,2320.86,1,82.6,Critical
23.7696,92.9082,936.0,23.25248146057129,1381.49,1,50.85,High
26.271527585429663,92.12226927921031,53.0,2.7781479358673096,1218.05,0,0.0,Low
28.721743061143545,94.09328039744932,3876.0,28.38672637939453,2030.02,0,3.13,Low
25.72520504836778,93.6997910376026,328.0,17.15595054626465,1306.28,0,11.34,Low
28.0072,96.3804,1203.0,47.113895416259766,2484.94,1,90.13,Critical
25.66319112428793,92.39397862858311,857.0,3.718538284301758,2535.22,0,1.27,Low
28.4118,95.3994,1315.0,29.96065139770508,2348.99,1,80.91,Critical
25.46839207436785,93.43204506949176,423.0,8.25289249420166,1271.17,0,3.24,Low
27.105,92.1816,1903.0,29.386768341064453,1421.55,1,89.14,Critical
26.867143000472733,94.52359726283098,95.0,2.1303513050079346,1747.44,0,0.0,Low
24.82946780708937,92.86422817618973,27.0,1.380922555923462,1648.99,0,0.0,Low
27.1253,92.1379,1740.0,31.198766708374023,1154.3,1,85.51,Critical
25.148150483142807,92.26248031102088,240.0,8.436325073242188,3573.05,0,3.5,Low
25.1906,91.5255,93.0,15.343132972717283,4780.93,1,70.93,High
25.03828578271297,94.25780742568816,1121.0,21.25779151916504,1566.44,0,15.28,Low
27.206,92.5694,1178.0,44.59811019897461,1421.55,1,86.56,Critical
28.5147356711409,94.27192046500808,1993.0,38.06610107421875,2030.02,0,72.61,High
26.46640478327317,94.82177296391636,1363.0,18.496477127075195,1819.61,0,41.88,Moderate
27.84252984816188,93.84815387211248,1123.0,34.05250930786133,2320.86,0,42.24,Moderate
27.5251,96.2371,464.0,24.11313438415528,2174.9,1,70.45,High
28.3725,94.4678,2187.0,40.47872924804688,2030.02,1,61.65,High
26.30368959684556,94.18069966499024,453.0,20.835004806518555,1747.44,0,62.49,High
28.9234,95.8516,2882.0,20.485626220703125,1248.72,1,52.76,High
25.39602837743995,92.64354867652968,761.0,3.4602291584014893,2535.22,0,1.27,Low
26.9451,92.1822,814.0,39.768402099609375,1421.55,1,95.98,Critical
27.9977,94.4772,679.0,18.649145126342773,2681.74,1,62.84,High
28.23122817704886,95.63339385159686,309.0,1.860552191734314,2817.65,0,2.02,Low
26.29313922087759,90.1927437859988,39.0,1.861067175865173,3717.5,0,0.0,Low
28.02022376887106,94.44200458696598,709.0,28.856853485107425,2681.74,0,80.84,Critical
26.69377626219659,91.153046550448,53.0,2.7902183532714844,1708.67,0,0.0,Low
25.411995731702525,90.9533719351316,313.0,35.65101623535156,3693.54,0,43.45,Moderate
26.0417004731424,92.38011512718968,646.0,8.97168254852295,1218.05,0,1.53,Low
25.985420477804603,94.5366254114819,1161.0,27.01518821716309,1566.44,0,26.67,Moderate
26.62902207169064,94.45892740516132,178.0,4.17013692855835,1747.44,0,0.51,Low
27.6808,94.4049,416.0,43.24867248535156,2567.19,1,96.95,Critical
25.319968338256864,92.69644912273388,991.0,15.090099334716797,2535.22,0,33.28,Moderate
24.45093194516236,93.89170001461146,762.0,4.46542501449585,1381.49,0,12.62,Low
24.54848610806495,93.56860320127556,974.0,32.95893859863281,1381.49,0,12.04,Low
27.970178990201635,97.23800343069202,4221.0,33.772220611572266,1471.65,0,0.0,Low
24.39847908770099,92.24913859339011,62.0,10.193378448486328,3648.26,0,0.5,Low
26.709975490946213,91.06635259350578,61.0,0.0,1708.67,0,0.0,Low
28.0288,93.1775,2938.0,51.60520553588867,1472.72,1,86.89,Critical
27.2162885487364,95.86776437823325,266.0,8.27060604095459,1916.88,0,25.63,Moderate
26.521891984263725,92.75212048537348,67.0,3.101149320602417,1941.04,0,0.0,Low
28.1809,93.1683,2129.0,47.81840133666992,1472.72,1,90.16,Critical
26.6102,94.7437,605.0,54.28515625,1819.61,1,95.98,Critical
27.0964,92.1974,2049.0,24.726146697998047,1421.55,1,72.02,High
25.36457910127,92.78357214113169,1011.0,8.930477142333984,2535.22,0,7.96,Low
27.518943944266205,93.40117107265242,1675.0,29.174057006835938,1971.8,0,46.87,Moderate
26.76826469216752,92.78955183824851,77.0,2.129936456680298,1421.55,0,0.0,Low
23.7824,92.9665,1013.0,4.446455955505371,1381.49,1,59.88,High
27.9706,93.0723,1734.0,44.84030151367188,1472.72,1,88.03,Critical
27.4739,92.2047,2601.0,23.681516647338867,1194.49,1,14.47,Low
27.066629427382235,93.94535508199988,93.0,3.859633207321167,2204.32,0,0.76,Low
23.3137,92.7797,681.0,47.35330581665039,2148.54,1,95.76,Critical
26.9461,93.1516,277.0,18.07031440734864,1941.04,1,94.08,Critical
26.981,92.2811,1008.0,38.30765151977539,1421.55,1,92.22,Critical
23.63872873121309,93.00191443217936,926.0,48.0540771484375,1327.95,0,59.47,High
27.82,93.8321,1818.0,54.68587875366211,2320.86,1,90.9,Critical
26.18382528335907,91.0828422371332,45.0,2.777018785476685,3717.5,0,0.0,Low
25.959365583426727,92.1813036312725,712.0,28.493793487548828,1218.05,0,15.72,Low
24.642048572116163,93.49299246863416,927.0,31.987234115600582,1648.99,0,46.25,Moderate
23.66122006663057,91.26097197426355,15.0,4.443086624145508,2414.95,0,2.5,Low
28.15015992434948,96.5630353615177,1640.0,45.803993225097656,1471.65,0,39.21,Moderate
28.4177,95.8773,763.0,36.3630485534668,2348.99,1,88.94,Critical
22.668839833301472,92.60936053792084,167.0,2.0062155723571777,2496.59,0,3.0,Low
27.21598922314977,92.57120969124772,1755.0,38.31015396118164,1421.55,0,52.91,High
26.933934003406627,92.37013431191072,308.0,22.51918601989746,1421.55,0,52.78,High
28.43596817604525,95.31801085542284,1975.0,34.23051834106445,2270.17,0,45.71,Moderate
27.278071824236648,94.78606472517174,98.0,1.3966044187545776,2567.19,0,0.0,Low
23.3792,93.2195,733.0,57.8080940246582,1327.95,1,68.72,High
25.3037,91.7828,574.0,48.43674087524414,3717.5,1,99.24,Critical
26.9454,93.097,309.0,16.299541473388672,1941.04,1,94.7,Critical
28.2016,96.357,2101.0,44.73931121826172,2484.94,1,81.99,Critical
26.07661199665785,91.8338406654551,289.0,17.06270980834961,1708.67,0,30.56,Moderate
28.4145,93.7717,954.0,64.02214813232422,1535.18,1,97.68,Critical
27.4024,88.2842,1663.0,67.11109161376953,1690.33,1,92.77,Critical
27.7182,94.1684,987.0,53.02619171142578,2567.19,1,99.37,Critical
27.8448,96.4057,1319.0,47.67586898803711,2484.94,1,91.5,Critical
26.9889,92.3032,1400.0,30.39398193359375,1421.55,1,79.32,Critical
27.83193829895235,92.68541529726588,4003.0,32.87171936035156,1472.72,0,1.05,Low
27.9519,96.4126,418.0,6.238327980041504,2484.94,1,63.88,High
28.1233,94.4271,1637.0,50.6966438293457,2681.74,1,97.61,Critical
24.75320609751701,94.36525503400674,1210.0,26.786821365356445,1566.44,0,30.37,Moderate
28.3012,95.6086,953.0,46.041542053222656,2348.99,1,88.01,Critical
25.91532158628702,91.04091301763762,66.0,2.773587226867676,3717.5,0,1.5,Low
24.447579261117745,93.5987991047977,771.0,17.630910873413086,1381.49,0,9.67,Low
25.34767040153645,93.19846943805582,521.0,11.561492919921877,1271.17,0,0.69,Low
27.0811,92.7344,399.0,27.51972961425781,1421.55,1,98.74,Critical
27.1598,88.1726,1525.0,16.789207458496094,2181.41,1,64.49,High
28.5603,94.8174,1741.0,34.23283767700195,2270.17,1,54.9,High
25.74848261121842,93.54292901476136,214.0,5.8292388916015625,1306.28,0,0.5,Low
25.443113796986093,93.80362853148632,1397.0,56.99876403808594,1306.28,0,38.64,Moderate
27.07215101897069,94.57903550887256,91.0,4.253971099853516,1747.44,0,0.0,Low
28.0235,95.1421,698.0,28.78183555603028,2724.38,1,86.0,Critical
25.419551971905243,91.12971719304564,893.0,10.282184600830078,3693.54,0,7.23,Low
27.6614,94.2513,410.0,32.184295654296875,2567.19,1,92.77,Critical
26.9881,93.1768,321.0,18.83681869506836,1941.04,1,91.95,Critical
25.771920367542062,93.17993617790404,124.0,6.416694641113281,1271.17,0,0.08,Low
25.40031168891709,91.95322963162464,1243.0,32.47111892700195,3717.5,0,95.78,Critical
26.2257,94.1746,305.0,20.74964714050293,1566.44,1,83.57,Critical
27.0221,93.3183,334.0,22.58764839172364,1941.04,1,89.14,Critical
25.847084319568744,90.52009692159643,129.0,15.074067115783691,3693.54,0,3.01,Low
26.32819542621531,93.86691798648936,125.0,4.25038480758667,1306.28,0,0.5,Low
29.127811035748515,95.77903535851443,3541.0,8.885563850402832,1248.72,0,3.62,Low
25.609556619433604,90.60856048364862,504.0,21.160669326782227,3693.54,0,10.25,Low
27.7756,94.6267,1067.0,47.864444732666016,2681.74,1,92.09,Critical
27.88053442955141,93.46690003991787,1187.0,43.270904541015625,2320.86,0,56.36,High
