{
"type": "FeatureCollection",
"name": "ner_boundary",
"crs": { "type": "name", "properties": { "name": "urn:ogc:def:crs:OGC:1.3:CRS84" } },
"features": [
{ "type": "Feature", "properties": { "dt_code": "249", "district": "Upper Subansiri", "st_code": "12", "year": "2011_c", "st_nm": "Arunachal Pradesh", "state": "arunachal-pradesh" }, "geometry": { "type": "Polygon", "coordinates": [ [ [ 94.401727916503773, 28.338607681921161 ], [ 94.403365738061993, 28.328000821175049 ], [ 94.377706533649814, 28.308908471832048 ], [ 94.374976831052777, 28.294907415647184 ], [ 94.39408474923205, 28.263511107838696 ], [ 94.417014251047192, 28.254177070382116 ], [ 94.383165938843888, 28.257995540250718 ], [ 94.368971485339287, 28.244418758495694 ], [ 94.36787960430047, 28.211749627397673 ], [ 94.356414853392906, 28.198597120072495 ], [ 94.391355046635013, 28.142168620903188 ], [ 94.391900987154429, 28.082770200724966 ], [ 94.467240778832718, 28.048828246337411 ], [ 94.48416493493437, 28.021674682827367 ], [ 94.484710875453786, 28.021674682827367 ], [ 94.513099782463001, 28.0153105663797 ], [ 94.513099782463001, 28.0153105663797 ], [ 94.513099782463001, 28.0153105663797 ], [ 94.532207700642275, 27.986035630720433 ], [ 94.525656414409383, 27.960154890499926 ], [ 94.53275364116169, 27.945305285455369 ], [ 94.558412845573855, 27.902453568041082 ], [ 94.592807098296561, 27.890149609575595 ], [ 94.592807098296561, 27.890149609575595 ], [ 94.593353038815962, 27.890149609575595 ], [ 94.594990860374196, 27.87063298580275 ], [ 94.589531455180108, 27.866390241504305 ], [ 94.588985514660706, 27.861723222776014 ], [ 94.582434228427815, 27.860026125056638 ], [ 94.44431127701759, 27.828629817248149 ], [ 94.4383059313041, 27.812931663343907 ], [ 94.382074057805085, 27.797233509439661 ], [ 94.335123173135997, 27.760321634043194 ], [ 94.334577232616581, 27.760321634043194 ], [ 94.318199017034345, 27.773049866938528 ], [ 94.318199017034345, 27.773474141368375 ], [ 94.271248132365258, 27.809537467905152 ], [ 94.193178638089918, 27.811658840054371 ], [ 94.192086757051101, 27.836691031415192 ], [ 94.15987626640603, 27.843903696722549 ], [ 94.148957456017868, 27.865965967074459 ], [ 94.074163604858981, 27.849419264310527 ], [ 94.047412519407985, 27.911787605497658 ], [ 94.068158259145491, 27.939365443437548 ], [ 94.023391136554039, 27.956336420631324 ], [ 94.010834504607644, 27.956336420631324 ], [ 93.998823813180678, 27.965670458087903 ], [ 93.967705203574411, 27.977974416553391 ], [ 93.961699857860935, 27.97882296541308 ], [ 93.94914322591454, 27.980520063132456 ], [ 93.940954118123429, 28.000460961335147 ], [ 93.912565211114213, 28.012764919800635 ], [ 93.909835508517176, 28.029311622564567 ], [ 93.873803434236237, 28.053495265065699 ], [ 93.874895315275054, 28.073011888838543 ], [ 93.854695516056964, 28.081497377435433 ], [ 93.880900660988544, 28.107802392085787 ], [ 93.876533136833288, 28.120954899410965 ], [ 93.892365411896122, 28.128591839148164 ], [ 93.846506408265839, 28.207931157529075 ], [ 93.839955122032947, 28.236781818758494 ], [ 93.765707211393462, 28.263086833408849 ], [ 93.701832170622723, 28.308059922972362 ], [ 93.679994549846413, 28.322060979157229 ], [ 93.660340691147724, 28.304665727533607 ], [ 93.627584259983237, 28.306787099682829 ], [ 93.611751984920417, 28.271996596435585 ], [ 93.611751984920417, 28.271572322005738 ], [ 93.603016936609876, 28.269450949856516 ], [ 93.560979516615461, 28.260541186829784 ], [ 93.554974170901986, 28.259268363540251 ], [ 93.479634379223683, 28.281330633892161 ], [ 93.456704877408541, 28.272420870865428 ], [ 93.455067055850321, 28.271572322005738 ], [ 93.453429234292088, 28.273693694154961 ], [ 93.428861910918741, 28.28302773161154 ], [ 93.425040327282886, 28.282603457181693 ], [ 93.423402505724653, 28.285149103760762 ], [ 93.408662111700636, 28.306787099682829 ], [ 93.38627855040491, 28.306362825252982 ], [ 93.384094788327275, 28.310605569551427 ], [ 93.378635383133201, 28.311454118411117 ], [ 93.370446275342076, 28.32630372345567 ], [ 93.360619345992731, 28.329697918894428 ], [ 93.360619345992731, 28.343698975079292 ], [ 93.336597963138786, 28.353457286965714 ], [ 93.294014602624969, 28.340304779640537 ], [ 93.282549851717391, 28.364912696571515 ], [ 93.253615004188774, 28.361942775562603 ], [ 93.223042335101923, 28.334364937622716 ], [ 93.22413421614074, 28.342426151789759 ], [ 93.233415204970683, 28.400127474248603 ], [ 93.183188677185143, 28.432372330916781 ], [ 93.237236788606538, 28.482436713638425 ], [ 93.278182327562135, 28.504498983990334 ], [ 93.307663115610168, 28.566018776317776 ], [ 93.30220371041608, 28.599112181845644 ], [ 93.330046676905894, 28.608021944872377 ], [ 93.339327665735823, 28.639842527110709 ], [ 93.414121516894724, 28.652570760006043 ], [ 93.447969829098014, 28.675905853647485 ], [ 93.46871556883552, 28.651722211146353 ], [ 93.493282892208882, 28.683542793384685 ], [ 93.535866252722698, 28.658510602023863 ], [ 93.622124854789163, 28.657237778734331 ], [ 93.733496720748391, 28.68863408654282 ], [ 93.777171962301026, 28.667844639480442 ], [ 93.845960467746437, 28.706877887026128 ], [ 93.92130025942474, 28.669541737199818 ], [ 93.962245798380337, 28.712393454614109 ], [ 93.989542824350735, 28.68778553768313 ], [ 94.023391136554039, 28.65129793671651 ], [ 94.005921039932971, 28.621598726627397 ], [ 94.001553515777715, 28.577898460353421 ], [ 94.07143390226193, 28.539289487237578 ], [ 94.097093106674109, 28.536319566228666 ], [ 94.108557857581673, 28.52146996118411 ], [ 94.114563203295162, 28.475648322760911 ], [ 94.148411515498466, 28.439584996224134 ], [ 94.157692504328395, 28.434917977495846 ], [ 94.168611314716557, 28.432796605346624 ], [ 94.219383783021499, 28.436190800785379 ], [ 94.231394474448479, 28.428129586618336 ], [ 94.241767344317225, 28.446797661531491 ], [ 94.292539812622167, 28.428978135478026 ], [ 94.308372087685001, 28.417098451442381 ], [ 94.301820801452109, 28.395884729950158 ], [ 94.308372087685001, 28.375519557317627 ], [ 94.329663767941909, 28.357700031264159 ], [ 94.36787960430047, 28.353033012535871 ], [ 94.368971485339287, 28.352184463676181 ], [ 94.385895641440939, 28.336062035342092 ], [ 94.401181975984358, 28.340304779640537 ], [ 94.401727916503773, 28.338607681921161 ] ] ] } },
{ "type": "Feature", "properties": { "dt_code": "260", "district": "Anjaw", "st_code": "12", "year": "2011_c", "st_nm": "Arunachal Pradesh", "state": "arunachal-pradesh" }, "geometry": { "type": "Polygon", "coordinates": [ [ [ 96.861189956436746, 27.630917932940644 ], [ 96.848633324490365, 27.624129542063134 ], [ 96.78257452164199, 27.642373342546442 ], [ 96.765650365540353, 27.61818970004531 ], [ 96.764558484501535, 27.616916876755777 ], [ 96.717607599832448, 27.648737458994109 ], [ 96.705596908405468, 27.650858831143331 ], [ 96.700137503211394, 27.660617143029754 ], [ 96.648819094387036, 27.673769650354931 ], [ 96.639538105557108, 27.681830864521974 ], [ 96.629165235688347, 27.684800785530886 ], [ 96.624251771013675, 27.694559097417308 ], [ 96.619338306339003, 27.70346886044404 ], [ 96.616062663222564, 27.709408702461864 ], [ 96.619884246858419, 27.714075721190152 ], [ 96.64008404607651, 27.737835089261441 ], [ 96.615516722703148, 27.770079945929616 ], [ 96.612787020106111, 27.773898415798218 ], [ 96.631894938285384, 27.810386016764838 ], [ 96.613878901144929, 27.857480478477569 ], [ 96.586035934655115, 27.853237734179128 ], [ 96.528712180117282, 27.900756470321703 ], [ 96.416248433119236, 27.923243015103459 ], [ 96.391681109745875, 27.975004495544479 ], [ 96.287952411058356, 28.061980753662588 ], [ 96.282493005864282, 28.072163339978854 ], [ 96.273212017034339, 28.091255689321855 ], [ 96.327260128455734, 28.13113748572723 ], [ 96.335449236246859, 28.172292105422141 ], [ 96.295595578330065, 28.249085777223986 ], [ 96.301600924043555, 28.283876280471226 ], [ 96.337087057805078, 28.339456230780847 ], [ 96.3114278533929, 28.365336971001359 ], [ 96.30542250767941, 28.369579715299803 ], [ 96.306514388718227, 28.371276813019183 ], [ 96.30378468612119, 28.373822459598248 ], [ 96.313611615470535, 28.38358077148467 ], [ 96.369297548450149, 28.389096339072648 ], [ 96.378032596760676, 28.358972854553691 ], [ 96.390589228707057, 28.357275756834316 ], [ 96.397686455459365, 28.339456230780847 ], [ 96.410789027925162, 28.341577602930069 ], [ 96.421161897793908, 28.345820347228514 ], [ 96.430442886623837, 28.386550692493582 ], [ 96.456648031555432, 28.414128530433469 ], [ 96.508512380899191, 28.412855707143937 ], [ 96.577846826864004, 28.457828796707446 ], [ 96.663013547891651, 28.460374443286511 ], [ 96.749272149958102, 28.415825628152845 ], [ 96.780390759564369, 28.364488422141669 ], [ 96.849725205529182, 28.361942775562603 ], [ 96.89667609019827, 28.379762301616068 ], [ 96.923427175649252, 28.338607681921161 ], [ 96.993853502652883, 28.309332746261894 ], [ 97.020058647584463, 28.31951533257816 ], [ 97.049539435632497, 28.351335914816492 ], [ 97.089939034068692, 28.362791324422293 ], [ 97.149446550684161, 28.327152272315359 ], [ 97.171284171460485, 28.291937494638272 ], [ 97.221510699246011, 28.292361769068116 ], [ 97.238434855347663, 28.26775385213714 ], [ 97.27938039430326, 28.268602400996826 ], [ 97.309953063390111, 28.243994484065851 ], [ 97.371644342083215, 28.217689469415497 ], [ 97.39730354649538, 28.185444612747318 ], [ 97.368914639486178, 28.192233003624828 ], [ 97.327423160011165, 28.154896853798519 ], [ 97.321417814297675, 28.140047248753966 ], [ 97.33561226780229, 28.111196587524542 ], [ 97.306677420273658, 28.084891572874188 ], [ 97.304493658196023, 28.068769144540099 ], [ 97.327969100530566, 28.056889460504454 ], [ 97.370006520524981, 28.061980753662588 ], [ 97.364547115330907, 28.044161227609123 ], [ 97.373282163641434, 28.0305844458541 ], [ 97.411498, 28.0153105663797 ], [ 97.387476617146049, 28.003430882344055 ], [ 97.374374044680252, 27.977550142123548 ], [ 97.371644342083215, 27.935546973568947 ], [ 97.383655033510195, 27.917727447515482 ], [ 97.374919985199654, 27.909241958918592 ], [ 97.385292855068414, 27.887603962996526 ], [ 97.360725531695053, 27.876148553390728 ], [ 97.339433851438145, 27.88505831641746 ], [ 97.317050290142419, 27.880815572119015 ], [ 97.320325933258857, 27.903302116900768 ], [ 97.305039598715439, 27.921121642954237 ], [ 97.252629308852278, 27.901180744751549 ], [ 97.156543777436468, 27.814204486633439 ], [ 97.098674082379219, 27.784929550974173 ], [ 97.087755271991057, 27.73401661939284 ], [ 97.061550127059476, 27.748441950007553 ], [ 97.047355673554861, 27.739107912550974 ], [ 97.031523398492041, 27.749290498867239 ], [ 96.985664394861772, 27.686073608820418 ], [ 96.98293469226472, 27.666556985047574 ], [ 96.934891926556816, 27.661465691889443 ], [ 96.903773316950563, 27.613946955746865 ], [ 96.861189956436746, 27.630917932940644 ] ] ] } },
{ "type": "Feature", "properties": { "dt_code": "253", "district": "Changlang", "st_code": "12", "year": "2011_c", "st_nm": "Arunachal Pradesh", "state": "arunachal-pradesh" }, "geometry": { "type": "Polygon", "coordinates": [ [ [ 96.700137503211394, 27.660617143029754 ], [ 96.705596908405468, 27.650858831143331 ], [ 96.717607599832448, 27.648737458994109 ], [ 96.764558484501535, 27.616916876755777 ], [ 96.765650365540353, 27.61818970004531 ], [ 96.78257452164199, 27.642373342546442 ], [ 96.848633324490365, 27.624129542063134 ], [ 96.861189956436746, 27.630917932940644 ], [ 96.89667609019827, 27.616068327896087 ], [ 96.890124803965364, 27.579580726929468 ], [ 96.908140841105833, 27.579580726929468 ], [ 96.906503019547614, 27.544365949252377 ], [ 96.935437867076232, 27.5083026227156 ], [ 96.910324603183469, 27.486664626793534 ], [ 96.903227376431161, 27.452722672405979 ], [ 96.932162223959779, 27.431508950913759 ], [ 96.934891926556816, 27.41538652257967 ], [ 96.962188952527228, 27.40180974082465 ], [ 96.962188952527228, 27.372959079595226 ], [ 96.990031919017028, 27.344108418365806 ], [ 96.998221026808153, 27.318651952575138 ], [ 97.028247755375588, 27.308469366258873 ], [ 97.054998840826585, 27.265193374414739 ], [ 97.088301212510473, 27.238888359764385 ], [ 97.090484974588094, 27.21343189397372 ], [ 97.163641004188776, 27.142153789759856 ], [ 97.16145724211114, 27.123061440416855 ], [ 97.137981799776597, 27.091665132608366 ], [ 97.100311903937438, 27.109060384231988 ], [ 97.097036260821, 27.0967564257665 ], [ 97.063187948617696, 27.091665132608366 ], [ 97.030431517453223, 27.131546929013744 ], [ 96.992761621614065, 27.140032417610634 ], [ 96.984026573303538, 27.154457748225344 ], [ 96.901589554872942, 27.168458804410211 ], [ 96.860098075397929, 27.189672525902431 ], [ 96.854638670203855, 27.210886247394654 ], [ 96.885757279810107, 27.22700867572874 ], [ 96.885211339290692, 27.259253532396919 ], [ 96.846995502932131, 27.271557490862406 ], [ 96.848087383970949, 27.290225565775561 ], [ 96.796768975146605, 27.345805516085182 ], [ 96.703959086847249, 27.372110530735537 ], [ 96.697953741133759, 27.357685200120827 ], [ 96.605689793353804, 27.365746414287873 ], [ 96.590949399329787, 27.347926888234404 ], [ 96.596408804523875, 27.333501557619694 ], [ 96.551095741413008, 27.318227678145295 ], [ 96.523798715442609, 27.286407095906963 ], [ 96.507420499860373, 27.299135328802294 ], [ 96.457739912594249, 27.306772268539497 ], [ 96.386221704551801, 27.284709998187584 ], [ 96.305968448198826, 27.294044035644163 ], [ 96.274303898073157, 27.283437174898051 ], [ 96.27157419547612, 27.271557490862406 ], [ 96.228444894442887, 27.278770156169763 ], [ 96.185315593409655, 27.249070946080653 ], [ 96.15528886484222, 27.248222397220964 ], [ 96.089776002513261, 27.223190205860142 ], [ 96.022079378106667, 27.179489939586166 ], [ 96.010068686679688, 27.142153789759856 ], [ 95.967485326165871, 27.098453523485876 ], [ 95.945647705389547, 27.051359061773145 ], [ 95.904156225914548, 27.039055103307657 ], [ 95.870307913711244, 27.013174363087145 ], [ 95.83100019631388, 27.007658795499168 ], [ 95.802065348785248, 27.014871460806525 ], [ 95.755114464116161, 26.953775942908926 ], [ 95.760027928790834, 26.936804965715147 ], [ 95.748017237363854, 26.926198104969039 ], [ 95.744741594247415, 26.896074620450083 ], [ 95.716352687238199, 26.879103643256304 ], [ 95.679228731918457, 26.896074620450083 ], [ 95.684688137112531, 26.903711560187283 ], [ 95.693969125942473, 26.91771261637215 ], [ 95.680866553476676, 26.985172250717415 ], [ 95.642650717118116, 26.990687818305393 ], [ 95.631185966210552, 27.011052990937923 ], [ 95.629002204132917, 27.026751144842169 ], [ 95.649747943870423, 27.063238745808789 ], [ 95.638829133482261, 27.100150621205255 ], [ 95.663396456855622, 27.125182812566077 ], [ 95.667763981010893, 27.171852999848966 ], [ 95.640466955040495, 27.193066721341186 ], [ 95.633915668807589, 27.230402871167495 ], [ 95.681412493996092, 27.252040867089562 ], [ 95.720174270874054, 27.249495220510497 ], [ 95.742011891650378, 27.266890472134119 ], [ 95.779681787489523, 27.269860393143031 ], [ 95.800973467746431, 27.284285723757741 ], [ 95.804795051382285, 27.273254588581786 ], [ 95.859389103323096, 27.287255644766653 ], [ 95.856113460206643, 27.271133216432563 ], [ 95.892145534487568, 27.255435062528317 ], [ 95.904156225914548, 27.274103137441475 ], [ 95.89705899916224, 27.282164351608518 ], [ 95.959842158894162, 27.311015012837938 ], [ 95.95492869421949, 27.317803403715452 ], [ 95.975674433956996, 27.324591794592962 ], [ 95.965301564088236, 27.327985990031717 ], [ 95.989322946942195, 27.356412376831294 ], [ 96.01498215135436, 27.368292060866938 ], [ 95.983317601228705, 27.411992327140915 ], [ 95.970215028762908, 27.414962248149827 ], [ 95.96912314772409, 27.428114755475004 ], [ 95.954382753700074, 27.419629266878115 ], [ 95.941280181234291, 27.43744879293158 ], [ 95.907977809550403, 27.434478871922671 ], [ 95.885594248254677, 27.398415545385895 ], [ 95.88286454565764, 27.435327420782357 ], [ 95.857205341245461, 27.420053541307958 ], [ 95.859935043842498, 27.408173857272317 ], [ 95.844648709299079, 27.421750639027337 ], [ 95.853383757609606, 27.456965416704424 ], [ 95.87085385423066, 27.466723728590846 ], [ 95.874129497347099, 27.493453017671047 ], [ 95.886686129293494, 27.497271487539646 ], [ 95.875767318905332, 27.512545367014045 ], [ 95.874129497347099, 27.544365949252377 ], [ 95.874129497347099, 27.544365949252377 ], [ 95.874129497347099, 27.546911595831446 ], [ 96.001879578888577, 27.556669907717868 ], [ 96.061387095504045, 27.606310016009665 ], [ 96.125808076794186, 27.619462523334843 ], [ 96.132905303546494, 27.606310016009665 ], [ 96.224623310807033, 27.568125317323666 ], [ 96.293957756771846, 27.558791279867091 ], [ 96.307606269757045, 27.566852494034134 ], [ 96.3114278533929, 27.569822415043046 ], [ 96.372573191566602, 27.644918989125511 ], [ 96.38349200195475, 27.638979147107687 ], [ 96.39386487182351, 27.648737458994109 ], [ 96.43972387545378, 27.652555928862711 ], [ 96.452280507400161, 27.641100519256909 ], [ 96.480123473889975, 27.646191812415044 ], [ 96.518885250767937, 27.636857774958465 ], [ 96.58221435101926, 27.655950124301466 ], [ 96.640629986595911, 27.627948011931732 ], [ 96.682121466070924, 27.654677301011933 ], [ 96.700137503211394, 27.660617143029754 ] ] ] } },
{ "type": "Feature", "properties": { "dt_code": "245", "district": "Tawang", "st_code": "12", "year": "2011_c", "st_nm": "Arunachal Pradesh", "state": "arunachal-pradesh" }, "geometry": { "type": "Polygon", "coordinates": [ [ [ 92.013784084613235, 27.490058822232292 ], [ 91.980481712929347, 27.464602356441624 ], [ 91.940628055012567, 27.460359612143179 ], [ 91.850547869310248, 27.482421882495093 ], [ 91.829802129572741, 27.468845100740069 ], [ 91.721705906729966, 27.470117924029601 ], [ 91.712424917900023, 27.490907371091978 ], [ 91.691679178162516, 27.50236278069778 ], [ 91.65510116336219, 27.482846156924936 ], [ 91.622344732197703, 27.512969641443892 ], [ 91.611425921809555, 27.541396028243469 ], [ 91.596139587266123, 27.539274656094246 ], [ 91.563929096621052, 27.584247745657756 ], [ 91.578123550125667, 27.608431388158888 ], [ 91.560107512985198, 27.633463579519709 ], [ 91.598323349343758, 27.692437725268086 ], [ 91.626166315833558, 27.706014507023109 ], [ 91.641998590896392, 27.764988652771486 ], [ 91.630533839988829, 27.800627704878416 ], [ 91.601053051940795, 27.82099287751095 ], [ 91.567750680256907, 27.815477309922972 ], [ 91.546459, 27.855783380758194 ], [ 91.664382152192118, 27.858329027337259 ], [ 91.711878977380621, 27.81335593777375 ], [ 91.760467683607928, 27.801051979308262 ], [ 91.826526486456302, 27.810386016764838 ], [ 91.862558560737227, 27.736986540401752 ], [ 91.880574597877683, 27.721712660927352 ], [ 91.910055385925716, 27.725955405225797 ], [ 91.920428255794462, 27.714924270049842 ], [ 91.947179341245459, 27.728501051804862 ], [ 91.957552211114219, 27.750563322156772 ], [ 91.985941118123421, 27.769655671499773 ], [ 92.057459326165869, 27.759048810753661 ], [ 92.157912381736949, 27.836691031415192 ], [ 92.202133563808985, 27.856631929617883 ], [ 92.256727615749796, 27.861723222776014 ], [ 92.309137905612957, 27.778989708956352 ], [ 92.381202054174807, 27.794687862860595 ], [ 92.38447769729126, 27.815053035493129 ], [ 92.408499080145205, 27.821841426370639 ], [ 92.445077094945546, 27.800203430448573 ], [ 92.46855253728009, 27.814628761063283 ], [ 92.461455310527782, 27.784929550974173 ], [ 92.46090937000838, 27.781959629965261 ], [ 92.459817488969563, 27.781535355535418 ], [ 92.412866604300476, 27.755654615314906 ], [ 92.413412544819877, 27.708984428032018 ], [ 92.393212745601787, 27.672496827065398 ], [ 92.342986217816247, 27.672496827065398 ], [ 92.269830188215579, 27.648313184564266 ], [ 92.244716924322816, 27.650858831143331 ], [ 92.22233336302709, 27.627099463072042 ], [ 92.22233336302709, 27.60291582057091 ], [ 92.209230790561293, 27.580429275789154 ], [ 92.151907036023459, 27.577459354780245 ], [ 92.112053378106665, 27.525273599909379 ], [ 92.049270218374758, 27.51678811131249 ], [ 92.013784084613235, 27.491331645521825 ], [ 92.013784084613235, 27.490058822232292 ] ] ] } },
{ "type": "Feature", "properties": { "dt_code": "248", "district": "Papum Pare", "st_code": "12", "year": "2011_c", "st_nm": "Arunachal Pradesh", "state": "arunachal-pradesh" }, "geometry": { "type": "Polygon", "coordinates": [ [ [ 93.942045999162247, 27.511272543724512 ], [ 94.045228757330349, 27.499392859688868 ], [ 94.068704199664893, 27.482421882495093 ], [ 94.105828154984636, 27.493453017671047 ], [ 94.150595277576087, 27.530364893067514 ], [ 94.190994876012283, 27.535880460655491 ], [ 94.205189329516898, 27.5312134419272 ], [ 94.219929723540901, 27.504908427276845 ], [ 94.156600623289577, 27.474784942757893 ], [ 94.159330325886614, 27.461632435432712 ], [ 94.0894499394024, 27.407325308412627 ], [ 94.059969151354366, 27.361503669989428 ], [ 93.991180645908955, 27.32841026446156 ], [ 93.806106809829657, 27.148942180637366 ], [ 93.805560869310241, 27.137062496601722 ], [ 93.797917702038532, 27.136638222171875 ], [ 93.82521472800893, 27.116697323969188 ], [ 93.837771359955312, 27.085301016160699 ], [ 93.829036311644785, 27.067057215677391 ], [ 93.810474333984914, 27.067481490107234 ], [ 93.80337710723262, 27.058147452650658 ], [ 93.793550177883276, 27.072572783265368 ], [ 93.800101464116167, 27.058147452650658 ], [ 93.783723248533931, 27.051359061773145 ], [ 93.78099354593688, 27.065784392387858 ], [ 93.778263843339843, 27.049237689623922 ], [ 93.770620676068134, 27.061965922519256 ], [ 93.767345032951681, 27.0394793777375 ], [ 93.723123850879645, 27.020811302824345 ], [ 93.697464646467466, 26.994082013744148 ], [ 93.697464646467466, 26.994082013744148 ], [ 93.67671890672996, 26.979232408699591 ], [ 93.66470821530298, 26.968625547953479 ], [ 93.661432572186541, 26.968201273523636 ], [ 93.474174974029594, 26.937229240144994 ], [ 93.47035339039374, 26.936804965715147 ], [ 93.469261509354922, 26.937653514574837 ], [ 93.448515769617416, 26.950806021900014 ], [ 93.39828924183189, 26.957170138347681 ], [ 93.391192015079582, 26.958442961637214 ], [ 93.387370431443728, 26.967352724663947 ], [ 93.380819145210836, 26.984747976287569 ], [ 93.339873606255239, 26.992809190454615 ], [ 93.339873606255239, 26.992809190454615 ], [ 93.342603308852276, 27.036509456728592 ], [ 93.312576580284841, 27.079361174142878 ], [ 93.292922721586152, 27.078088350853346 ], [ 93.272176981848645, 27.10354481664401 ], [ 93.212123524713761, 27.117545872828877 ], [ 93.212123524713761, 27.117545872828877 ], [ 93.214307286791396, 27.137911045461411 ], [ 93.311484699246023, 27.172701548708655 ], [ 93.273814803406864, 27.210886247394654 ], [ 93.22577203769896, 27.201127935508232 ], [ 93.21976669198547, 27.199855112218696 ], [ 93.220858573024287, 27.211734796254341 ], [ 93.22413421614074, 27.23464561546594 ], [ 93.22413421614074, 27.235069889895787 ], [ 93.22413421614074, 27.235069889895787 ], [ 93.233961145490085, 27.238039810904695 ], [ 93.22577203769896, 27.252040867089562 ], [ 93.294014602624969, 27.289801291345718 ], [ 93.288009256911479, 27.327561715601874 ], [ 93.303295591454898, 27.341138497356894 ], [ 93.319673807037134, 27.347926888234404 ], [ 93.330046676905894, 27.354715279111915 ], [ 93.373721918458529, 27.369989158586314 ], [ 93.370446275342076, 27.414962248149827 ], [ 93.369900334822674, 27.414962248149827 ], [ 93.330046676905894, 27.442540086089714 ], [ 93.314760342362462, 27.441267262800181 ], [ 93.327316974308843, 27.460783886573026 ], [ 93.320765688075952, 27.48708890122338 ], [ 93.294014602624969, 27.521455130040778 ], [ 93.330592617425296, 27.556245633288022 ], [ 93.300019948338445, 27.578732178069778 ], [ 93.28200391119799, 27.577035080350399 ], [ 93.284187673275625, 27.588066215526354 ], [ 93.271631041329229, 27.594854606403867 ], [ 93.228501740296011, 27.602491546141067 ], [ 93.229047680815412, 27.603340095000753 ], [ 93.291284900027918, 27.657647222020842 ], [ 93.329500736386478, 27.669526906056486 ], [ 93.51457457246579, 27.650010282283642 ], [ 93.542963479475006, 27.621583895484065 ], [ 93.544601301033225, 27.619886797764689 ], [ 93.562617338173695, 27.602067271711221 ], [ 93.617757330633893, 27.53206199078689 ], [ 93.607384460765147, 27.49387729210089 ], [ 93.568076743367769, 27.471815021748981 ], [ 93.557157932979607, 27.437873067361426 ], [ 93.578449613236529, 27.434903146352514 ], [ 93.600287234012839, 27.367443512007249 ], [ 93.612843865959221, 27.357260925690984 ], [ 93.63085990309969, 27.360230846699896 ], [ 93.665800096341798, 27.33604720419876 ], [ 93.740593947500699, 27.352593906962696 ], [ 93.784815129572749, 27.350472534813473 ], [ 93.806652750349059, 27.37126198187585 ], [ 93.826852549567164, 27.358109474550673 ], [ 93.835587597877691, 27.363625042138651 ], [ 93.827398490086566, 27.424720560036249 ], [ 93.849782051382292, 27.440418713940492 ], [ 93.852511753979329, 27.465026630871471 ], [ 93.888543828260254, 27.491331645521825 ], [ 93.942045999162247, 27.511272543724512 ] ] ] } },
{ "type": "Feature", "properties": { "dt_code": "254", "district": "Tirap", "st_code": "12", "year": "2011_c", "st_nm": "Arunachal Pradesh", "state": "arunachal-pradesh" }, "geometry": { "type": "Polygon", "coordinates": [ [ [ 95.633915668807589, 27.230402871167495 ], [ 95.640466955040495, 27.193066721341186 ], [ 95.667763981010893, 27.171852999848966 ], [ 95.663396456855622, 27.125182812566077 ], [ 95.638829133482261, 27.100150621205255 ], [ 95.649747943870423, 27.063238745808789 ], [ 95.629002204132917, 27.026751144842169 ], [ 95.631185966210552, 27.011052990937923 ], [ 95.642650717118116, 26.990687818305393 ], [ 95.680866553476676, 26.985172250717415 ], [ 95.693969125942473, 26.91771261637215 ], [ 95.684688137112531, 26.903711560187283 ], [ 95.667218040491477, 26.902863011327593 ], [ 95.631731906729954, 26.873588075668327 ], [ 95.626818442055281, 26.842616042289684 ], [ 95.60825646439541, 26.813341106630418 ], [ 95.569494687517448, 26.81631102763933 ], [ 95.543289542585867, 26.835403376982327 ], [ 95.505619646746709, 26.799764324875397 ], [ 95.49633865791678, 26.818008125358705 ], [ 95.505073706227307, 26.876557996677239 ], [ 95.440652724937166, 26.867223959220659 ], [ 95.394793721306897, 26.901165913608217 ], [ 95.378961446244062, 26.912621323214015 ], [ 95.3680426358559, 26.935532142425615 ], [ 95.377323624685843, 27.008931618788701 ], [ 95.360399468584191, 27.03269098685999 ], [ 95.388788375593407, 27.044570670895634 ], [ 95.387150554035188, 27.084452467301013 ], [ 95.374593922088792, 27.092937955897899 ], [ 95.376777684166427, 27.095907876906811 ], [ 95.376231743647025, 27.0967564257665 ], [ 95.378961446244062, 27.098453523485876 ], [ 95.397523423903934, 27.110757481951367 ], [ 95.434101438704275, 27.126031361425767 ], [ 95.439560843898349, 27.126031361425767 ], [ 95.441198665456568, 27.129001282434675 ], [ 95.448841832728277, 27.132395477873434 ], [ 95.453209356883548, 27.129425556864522 ], [ 95.455393118961183, 27.134941124452499 ], [ 95.461944405194075, 27.149790729497056 ], [ 95.453209356883548, 27.157427669234256 ], [ 95.466311929349345, 27.181611311735388 ], [ 95.458668762077622, 27.207492051955896 ], [ 95.469041631946382, 27.22106883371092 ], [ 95.484327966489801, 27.241434006343454 ], [ 95.491425193242108, 27.243979652922519 ], [ 95.503435884669088, 27.248646671650807 ], [ 95.508895289863162, 27.261799178975984 ], [ 95.535100434794742, 27.264344825555053 ], [ 95.579321616866793, 27.235918438755476 ], [ 95.596791713487846, 27.224463029149675 ], [ 95.598975475565481, 27.223190205860142 ], [ 95.608802404914826, 27.226584401298897 ], [ 95.633915668807589, 27.230402871167495 ] ] ] } },
{ "type": "Feature", "properties": { "dt_code": "251", "district": "East Siang", "st_code": "12", "year": "2011_c", "st_nm": "Arunachal Pradesh", "state": "arunachal-pradesh" }, "geometry": { "type": "Polygon", "coordinates": [ [ [ 95.519268159731908, 27.883361218698081 ], [ 95.519268159731908, 27.883361218698081 ], [ 95.514900635576652, 27.879967023259326 ], [ 95.379507386763464, 27.839236677994261 ], [ 95.308535119240432, 27.868087339223681 ], [ 95.249027602624963, 27.850267813170216 ], [ 95.209173944708184, 27.837963854704729 ], [ 95.136563855626918, 27.815901584352815 ], [ 95.115272175370009, 27.856631929617883 ], [ 95.120731580564083, 27.903302116900768 ], [ 95.071596933817361, 27.916030349796102 ], [ 95.089067030438414, 27.967791830237125 ], [ 95.067229409662104, 28.023371780546746 ], [ 95.115272175370009, 28.024220329406432 ], [ 95.205352361072329, 28.052646716206013 ], [ 95.240292554314436, 28.047131148618032 ], [ 95.288881260541743, 28.090407140462165 ], [ 95.295432546774634, 28.120954899410965 ], [ 95.250665424183182, 28.150229835070231 ], [ 95.227735922368055, 28.155745402658209 ], [ 95.26977334236247, 28.197324296782963 ], [ 95.303075714046358, 28.202415589941097 ], [ 95.305259476123979, 28.224053585863164 ], [ 95.34183749092432, 28.244843032925541 ], [ 95.346205015079576, 28.283876280471226 ], [ 95.383328970399333, 28.312302667270806 ], [ 95.384420851438136, 28.312302667270806 ], [ 95.389334316112809, 28.307635648542515 ], [ 95.436831141301312, 28.313999764990182 ], [ 95.455393118961183, 28.277512164023562 ], [ 95.465220048310528, 28.257571265820872 ], [ 95.465220048310528, 28.257571265820872 ], [ 95.47613885869869, 28.261814010119316 ], [ 95.535100434794742, 28.284724829330916 ], [ 95.537284196872378, 28.283452006041383 ], [ 95.562943401284556, 28.256298442531339 ], [ 95.564035282323374, 28.255025619241806 ], [ 95.562943401284556, 28.066223497961033 ], [ 95.560213698687519, 28.051373892916477 ], [ 95.53018697012007, 28.0000366869053 ], [ 95.502889944149672, 27.952942225192569 ], [ 95.500706182072037, 27.949972304183657 ], [ 95.501798063110854, 27.946153834315059 ], [ 95.519268159731908, 27.883361218698081 ] ] ] } },
{ "type": "Feature", "properties": { "dt_code": "259", "district": "Lohit", "st_code": "12", "year": "2011_c", "st_nm": "Arunachal Pradesh", "state": "arunachal-pradesh" }, "geometry": { "type": "Polygon", "coordinates": [ [ [ 96.30542250767941, 28.369579715299803 ], [ 96.3114278533929, 28.365336971001359 ], [ 96.337087057805078, 28.339456230780847 ], [ 96.301600924043555, 28.283876280471226 ], [ 96.295595578330065, 28.249085777223986 ], [ 96.335449236246859, 28.172292105422141 ], [ 96.327260128455734, 28.13113748572723 ], [ 96.273212017034339, 28.091255689321855 ], [ 96.282493005864282, 28.072163339978854 ], [ 96.287952411058356, 28.061980753662588 ], [ 96.391681109745875, 27.975004495544479 ], [ 96.416248433119236, 27.923243015103459 ], [ 96.528712180117282, 27.900756470321703 ], [ 96.586035934655115, 27.853237734179128 ], [ 96.613878901144929, 27.857480478477569 ], [ 96.631894938285384, 27.810386016764838 ], [ 96.612787020106111, 27.773898415798218 ], [ 96.615516722703148, 27.770079945929616 ], [ 96.64008404607651, 27.737835089261441 ], [ 96.619884246858419, 27.714075721190152 ], [ 96.616062663222564, 27.709408702461864 ], [ 96.619338306339003, 27.70346886044404 ], [ 96.624251771013675, 27.694559097417308 ], [ 96.629165235688347, 27.684800785530886 ], [ 96.639538105557108, 27.681830864521974 ], [ 96.648819094387036, 27.673769650354931 ], [ 96.700137503211394, 27.660617143029754 ], [ 96.682121466070924, 27.654677301011933 ], [ 96.640629986595911, 27.627948011931732 ], [ 96.58221435101926, 27.655950124301466 ], [ 96.518885250767937, 27.636857774958465 ], [ 96.480123473889975, 27.646191812415044 ], [ 96.452280507400161, 27.641100519256909 ], [ 96.43972387545378, 27.652555928862711 ], [ 96.39386487182351, 27.648737458994109 ], [ 96.38349200195475, 27.638979147107687 ], [ 96.372573191566602, 27.644918989125511 ], [ 96.3114278533929, 27.569822415043046 ], [ 96.285222708461319, 27.59527888083371 ], [ 96.291773994694211, 27.627948011931732 ], [ 96.269936373917901, 27.651707380003021 ], [ 96.260655385087958, 27.71959128877813 ], [ 96.273212017034339, 27.787899471983085 ], [ 96.207699154705381, 27.87742137668026 ], [ 96.023171259145485, 27.850267813170216 ], [ 95.804795051382285, 27.736137991542062 ], [ 95.770946739178996, 27.729773875094395 ], [ 95.774222382295449, 27.731895247243617 ], [ 95.779135846970121, 27.733592344962997 ], [ 95.779135846970121, 27.734865168252529 ], [ 95.775860203853668, 27.753533243165684 ], [ 95.812984159173411, 27.798506332729193 ], [ 95.837551482546772, 27.809961742334995 ], [ 95.837551482546772, 27.810386016764838 ], [ 95.838097423066174, 27.810386016764838 ], [ 95.837551482546772, 27.824387072949705 ], [ 95.870307913711244, 27.832872561546594 ], [ 95.87085385423066, 27.833296835976437 ], [ 95.915620976822112, 27.883785493127927 ], [ 95.924901965652055, 27.881664120978705 ], [ 95.915620976822112, 27.889301060715905 ], [ 95.937458597598436, 27.898210823742637 ], [ 95.929815430326727, 27.902877842470925 ], [ 95.952744932141854, 27.920273094094547 ], [ 95.952744932141854, 27.920273094094547 ], [ 95.952744932141854, 27.920697368524394 ], [ 95.948923348506, 27.938092620148012 ], [ 95.954382753700074, 27.944032462165836 ], [ 95.96912314772409, 27.960154890499926 ], [ 95.969669088243506, 27.960154890499926 ], [ 95.986593244345144, 27.958457792780546 ], [ 96.013890270315557, 27.995369668177013 ], [ 96.019895616029032, 28.040767032170368 ], [ 96.057019571348775, 28.085740121733878 ], [ 96.058657392907008, 28.087437219453253 ], [ 96.058657392907008, 28.0878614938831 ], [ 96.059749273945826, 28.091679963751698 ], [ 96.070668084333974, 28.120954899410965 ], [ 96.070668084333974, 28.12350054599003 ], [ 96.069030262775755, 28.167625086693853 ], [ 96.067938381736937, 28.190535905905453 ], [ 96.089776002513261, 28.191384454765142 ], [ 96.100694812901423, 28.190111631475609 ], [ 96.142186292376422, 28.170170733272919 ], [ 96.21534232197709, 28.230841976740674 ], [ 96.267752611840265, 28.238903190907717 ], [ 96.238271823792232, 28.299574434375472 ], [ 96.290136173135991, 28.344547523938981 ], [ 96.30542250767941, 28.369579715299803 ] ] ] } },
{ "type": "Feature", "properties": { "dt_code": "256", "district": "Kurung Kumey", "st_code": "12", "year": "2011_c", "st_nm": "Arunachal Pradesh", "state": "arunachal-pradesh" }, "geometry": { "type": "Polygon", "coordinates": [ [ [ 93.22413421614074, 28.342426151789759 ], [ 93.223042335101923, 28.334364937622716 ], [ 93.253615004188774, 28.361942775562603 ], [ 93.282549851717391, 28.364912696571515 ], [ 93.294014602624969, 28.340304779640537 ], [ 93.336597963138786, 28.353457286965714 ], [ 93.360619345992731, 28.343698975079292 ], [ 93.360619345992731, 28.329697918894428 ], [ 93.370446275342076, 28.32630372345567 ], [ 93.378635383133201, 28.311454118411117 ], [ 93.384094788327275, 28.310605569551427 ], [ 93.38627855040491, 28.306362825252982 ], [ 93.408662111700636, 28.306787099682829 ], [ 93.423402505724653, 28.285149103760762 ], [ 93.425040327282886, 28.282603457181693 ], [ 93.428861910918741, 28.28302773161154 ], [ 93.453429234292088, 28.273693694154961 ], [ 93.455067055850321, 28.271572322005738 ], [ 93.456704877408541, 28.272420870865428 ], [ 93.457250817927957, 28.271996596435585 ], [ 93.446877948059196, 28.200294217791875 ], [ 93.459980520524994, 28.112893685243922 ], [ 93.486185665456574, 28.103559647787343 ], [ 93.505839524155263, 28.069193418969945 ], [ 93.570260505445404, 28.057313734934301 ], [ 93.587730602066458, 27.977550142123548 ], [ 93.618303271153309, 27.953790774052258 ], [ 93.584454958950005, 27.905847763479837 ], [ 93.601925055571073, 27.907544861199213 ], [ 93.592098126221728, 27.833296835976437 ], [ 93.509661107791118, 27.742926382419572 ], [ 93.532590609606245, 27.722136935357195 ], [ 93.537504074280918, 27.673769650354931 ], [ 93.51457457246579, 27.650010282283642 ], [ 93.329500736386478, 27.669526906056486 ], [ 93.291284900027918, 27.657647222020842 ], [ 93.229047680815412, 27.603340095000753 ], [ 93.238874610164757, 27.613946955746865 ], [ 93.229593621334814, 27.646191812415044 ], [ 93.195199368612123, 27.674618199214621 ], [ 93.223588275621339, 27.710681525751397 ], [ 93.201204714325598, 27.731895247243617 ], [ 93.225226097179558, 27.760321634043194 ], [ 93.238874610164757, 27.800627704878416 ], [ 93.202842535883832, 27.839660952424104 ], [ 93.199020952247977, 27.844327971152392 ], [ 93.197383130689744, 27.843055147862859 ], [ 93.176091450432835, 27.821417151940793 ], [ 93.130778387321982, 27.822265700800482 ], [ 93.09583819407986, 27.809113193475305 ], [ 93.074546513822952, 27.82693271952877 ], [ 92.978460982407142, 27.823962798519862 ], [ 92.944066729684437, 27.850692087600059 ], [ 92.931510097738055, 27.87826992553995 ], [ 92.931510097738055, 27.924940112822835 ], [ 92.865451294889695, 27.945729559885212 ], [ 92.859991889695607, 27.958033518350703 ], [ 92.859991889695607, 27.958033518350703 ], [ 92.859991889695607, 27.958457792780546 ], [ 92.756809131527504, 27.957609243920857 ], [ 92.734425570231778, 27.976701593263858 ], [ 92.74097685646467, 27.989005551729345 ], [ 92.710950127897235, 28.032705818003322 ], [ 92.66290736218933, 28.067496321250566 ], [ 92.68911250712091, 28.125621918139252 ], [ 92.801576254118956, 28.20199131551125 ], [ 92.817954469701192, 28.201142766651564 ], [ 92.829965161128172, 28.171019282132608 ], [ 92.89711584501535, 28.204112687660473 ], [ 92.914585941636417, 28.234660446609272 ], [ 92.966450290980177, 28.261389735689473 ], [ 93.001936424741686, 28.230417702310831 ], [ 93.03578473694499, 28.262662558979006 ], [ 93.02541186707623, 28.302968629814227 ], [ 93.096930075118678, 28.306787099682829 ], [ 93.126410863166711, 28.32630372345567 ], [ 93.195745309131524, 28.317393960428937 ], [ 93.22413421614074, 28.342426151789759 ] ] ] } },
{ "type": "Feature", "properties": { "dt_code": "255", "district": "Lower Subansiri", "st_code": "12", "year": "2011_c", "st_nm": "Arunachal Pradesh", "state": "arunachal-pradesh" }, "geometry": { "type": "Polygon", "coordinates": [ [ [ 93.942045999162247, 27.511272543724512 ], [ 93.888543828260254, 27.491331645521825 ], [ 93.852511753979329, 27.465026630871471 ], [ 93.849782051382292, 27.440418713940492 ], [ 93.827398490086566, 27.424720560036249 ], [ 93.835587597877691, 27.363625042138651 ], [ 93.826852549567164, 27.358109474550673 ], [ 93.806652750349059, 27.37126198187585 ], [ 93.784815129572749, 27.350472534813473 ], [ 93.740593947500699, 27.352593906962696 ], [ 93.665800096341798, 27.33604720419876 ], [ 93.63085990309969, 27.360230846699896 ], [ 93.612843865959221, 27.357260925690984 ], [ 93.600287234012839, 27.367443512007249 ], [ 93.578449613236529, 27.434903146352514 ], [ 93.557157932979607, 27.437873067361426 ], [ 93.568076743367769, 27.471815021748981 ], [ 93.607384460765147, 27.49387729210089 ], [ 93.617757330633893, 27.53206199078689 ], [ 93.562617338173695, 27.602067271711221 ], [ 93.544601301033225, 27.619886797764689 ], [ 93.542963479475006, 27.621583895484065 ], [ 93.577357732197711, 27.61734115118562 ], [ 93.67671890672996, 27.684800785530886 ], [ 93.70892939737503, 27.686073608820418 ], [ 93.767890973471097, 27.730198149524242 ], [ 93.768436913990499, 27.789596569702461 ], [ 93.864522445406308, 27.817174407642351 ], [ 93.890181649818487, 27.82014432865126 ], [ 93.907651746439541, 27.797233509439661 ], [ 93.890727590337889, 27.742926382419572 ], [ 93.919662437866521, 27.723409758646731 ], [ 93.925667783579996, 27.659344319740221 ], [ 93.941500058642831, 27.637282049388311 ], [ 94.053417865121475, 27.608007113729045 ], [ 94.049050340966204, 27.582550647938376 ], [ 94.106374095504052, 27.554124261138799 ], [ 94.106374095504052, 27.543941674822534 ], [ 94.071979842781346, 27.515515288022957 ], [ 93.942045999162247, 27.511272543724512 ] ] ] } },
{ "type": "Feature", "properties": { "dt_code": "247", "district": "East Kameng", "st_code": "12", "year": "2011_c", "st_nm": "Arunachal Pradesh", "state": "arunachal-pradesh" }, "geometry": { "type": "Polygon", "coordinates": [ [ [ 92.46090937000838, 27.781959629965261 ], [ 92.461455310527782, 27.784929550974173 ], [ 92.46855253728009, 27.814628761063283 ], [ 92.502946790002795, 27.840933775713637 ], [ 92.545530150516612, 27.816750133212505 ], [ 92.561908366098848, 27.820568603081107 ], [ 92.606675488690314, 27.876997102250414 ], [ 92.670550529461039, 27.89948364703217 ], [ 92.734425570231778, 27.976701593263858 ], [ 92.756809131527504, 27.957609243920857 ], [ 92.859991889695607, 27.958457792780546 ], [ 92.859991889695607, 27.958033518350703 ], [ 92.859991889695607, 27.958033518350703 ], [ 92.865451294889695, 27.945729559885212 ], [ 92.931510097738055, 27.924940112822835 ], [ 92.931510097738055, 27.87826992553995 ], [ 92.944066729684437, 27.850692087600059 ], [ 92.978460982407142, 27.823962798519862 ], [ 93.074546513822952, 27.82693271952877 ], [ 93.09583819407986, 27.809113193475305 ], [ 93.130778387321982, 27.822265700800482 ], [ 93.176091450432835, 27.821417151940793 ], [ 93.197383130689744, 27.843055147862859 ], [ 93.199020952247977, 27.844327971152392 ], [ 93.202842535883832, 27.839660952424104 ], [ 93.238874610164757, 27.800627704878416 ], [ 93.225226097179558, 27.760321634043194 ], [ 93.201204714325598, 27.731895247243617 ], [ 93.223588275621339, 27.710681525751397 ], [ 93.195199368612123, 27.674618199214621 ], [ 93.229593621334814, 27.646191812415044 ], [ 93.238874610164757, 27.613946955746865 ], [ 93.229047680815412, 27.603340095000753 ], [ 93.228501740296011, 27.602491546141067 ], [ 93.271631041329229, 27.594854606403867 ], [ 93.284187673275625, 27.588066215526354 ], [ 93.28200391119799, 27.577035080350399 ], [ 93.300019948338445, 27.578732178069778 ], [ 93.330592617425296, 27.556245633288022 ], [ 93.294014602624969, 27.521455130040778 ], [ 93.320765688075952, 27.48708890122338 ], [ 93.327316974308843, 27.460783886573026 ], [ 93.314760342362462, 27.441267262800181 ], [ 93.330046676905894, 27.442540086089714 ], [ 93.369900334822674, 27.414962248149827 ], [ 93.370446275342076, 27.414962248149827 ], [ 93.373721918458529, 27.369989158586314 ], [ 93.330046676905894, 27.354715279111915 ], [ 93.299474007819043, 27.399688368675427 ], [ 93.195199368612123, 27.378050372753361 ], [ 93.165172640044673, 27.311439287267785 ], [ 93.002482365261102, 27.249495220510497 ], [ 92.984466328120632, 27.219796010421387 ], [ 93.009579592013395, 27.200703661078386 ], [ 93.072362751745317, 27.203249307657455 ], [ 93.080551859536442, 27.186702604893519 ], [ 93.069087108628878, 27.171004450989276 ], [ 93.01176335409103, 27.142578064189699 ], [ 92.958261183189052, 27.158276218093942 ], [ 92.89547802345713, 27.13409257559281 ], [ 92.85726218709857, 27.140032417610634 ], [ 92.839246149958115, 27.131971203443587 ], [ 92.828327339569952, 27.161670413532697 ], [ 92.808673480871263, 27.176944293007097 ], [ 92.808673480871263, 27.177792841866786 ], [ 92.814678826584753, 27.17609574414741 ], [ 92.809219421390665, 27.200703661078386 ], [ 92.833786744764026, 27.21428044283341 ], [ 92.828327339569952, 27.224463029149675 ], [ 92.836516447361063, 27.232524243316718 ], [ 92.836516447361063, 27.232948517746564 ], [ 92.823959815414682, 27.241858280773297 ], [ 92.799392492041321, 27.260102081256608 ], [ 92.805943778274226, 27.295316858933695 ], [ 92.821230112817645, 27.287255644766653 ], [ 92.844705555152188, 27.293195486784473 ], [ 92.804305956715993, 27.329683087751093 ], [ 92.800484373080138, 27.350048260383627 ], [ 92.814678826584753, 27.354715279111915 ], [ 92.811949123987716, 27.37889892161305 ], [ 92.822867934375864, 27.378474647183204 ], [ 92.822867934375864, 27.40011264310527 ], [ 92.81904635074001, 27.41453797371998 ], [ 92.803760016196591, 27.417083620299049 ], [ 92.810857242948899, 27.425569108895935 ], [ 92.803760016196591, 27.448479928107535 ], [ 92.700577258028488, 27.450177025826914 ], [ 92.684744982965654, 27.47266357060867 ], [ 92.660177659592293, 27.482421882495093 ], [ 92.651442611281766, 27.500665682978401 ], [ 92.657993897514658, 27.525273599909379 ], [ 92.643799444010057, 27.552002888989577 ], [ 92.606675488690314, 27.562609749735689 ], [ 92.620324001675513, 27.587217666666668 ], [ 92.607221429209716, 27.597824527412776 ], [ 92.610497072326169, 27.619038248904999 ], [ 92.594664797263334, 27.630493658510797 ], [ 92.547167972074831, 27.621159621054222 ], [ 92.530789756492595, 27.628796560791422 ], [ 92.530243815973193, 27.680133766802598 ], [ 92.510589957274505, 27.714499995619995 ], [ 92.516049362468578, 27.734440893822686 ], [ 92.469644418318907, 27.777292611236973 ], [ 92.46090937000838, 27.781959629965261 ] ] ] } },
{ "type": "Feature", "properties": { "dt_code": "246", "district": "West Kameng", "st_code": "12", "year": "2011_c", "st_nm": "Arunachal Pradesh", "state": "arunachal-pradesh" }, "geometry": { "type": "Polygon", "coordinates": [ [ [ 92.013784084613235, 27.490058822232292 ], [ 92.013784084613235, 27.491331645521825 ], [ 92.049270218374758, 27.51678811131249 ], [ 92.112053378106665, 27.525273599909379 ], [ 92.151907036023459, 27.577459354780245 ], [ 92.209230790561293, 27.580429275789154 ], [ 92.22233336302709, 27.60291582057091 ], [ 92.22233336302709, 27.627099463072042 ], [ 92.244716924322816, 27.650858831143331 ], [ 92.269830188215579, 27.648313184564266 ], [ 92.342986217816247, 27.672496827065398 ], [ 92.393212745601787, 27.672496827065398 ], [ 92.413412544819877, 27.708984428032018 ], [ 92.412866604300476, 27.755654615314906 ], [ 92.459817488969563, 27.781535355535418 ], [ 92.46090937000838, 27.781959629965261 ], [ 92.469644418318907, 27.777292611236973 ], [ 92.516049362468578, 27.734440893822686 ], [ 92.510589957274505, 27.714499995619995 ], [ 92.530243815973193, 27.680133766802598 ], [ 92.530789756492595, 27.628796560791422 ], [ 92.547167972074831, 27.621159621054222 ], [ 92.594664797263334, 27.630493658510797 ], [ 92.610497072326169, 27.619038248904999 ], [ 92.607221429209716, 27.597824527412776 ], [ 92.620324001675513, 27.587217666666668 ], [ 92.606675488690314, 27.562609749735689 ], [ 92.643799444010057, 27.552002888989577 ], [ 92.657993897514658, 27.525273599909379 ], [ 92.651442611281766, 27.500665682978401 ], [ 92.660177659592293, 27.482421882495093 ], [ 92.684744982965654, 27.47266357060867 ], [ 92.700577258028488, 27.450177025826914 ], [ 92.803760016196591, 27.448479928107535 ], [ 92.810857242948899, 27.425569108895935 ], [ 92.803760016196591, 27.417083620299049 ], [ 92.81904635074001, 27.41453797371998 ], [ 92.822867934375864, 27.40011264310527 ], [ 92.822867934375864, 27.378474647183204 ], [ 92.811949123987716, 27.37889892161305 ], [ 92.814678826584753, 27.354715279111915 ], [ 92.800484373080138, 27.350048260383627 ], [ 92.804305956715993, 27.329683087751093 ], [ 92.844705555152188, 27.293195486784473 ], [ 92.821230112817645, 27.287255644766653 ], [ 92.805943778274226, 27.295316858933695 ], [ 92.799392492041321, 27.260102081256608 ], [ 92.823959815414682, 27.241858280773297 ], [ 92.836516447361063, 27.232948517746564 ], [ 92.836516447361063, 27.232524243316718 ], [ 92.828327339569952, 27.224463029149675 ], [ 92.833786744764026, 27.21428044283341 ], [ 92.809219421390665, 27.200703661078386 ], [ 92.814678826584753, 27.17609574414741 ], [ 92.808673480871263, 27.177792841866786 ], [ 92.762814477240994, 27.190945349191963 ], [ 92.752441607372234, 27.193490995771032 ], [ 92.690204388159728, 27.171852999848966 ], [ 92.615410537000841, 27.143002338619542 ], [ 92.601216083496226, 27.117545872828877 ], [ 92.594664797263334, 27.095059328047121 ], [ 92.597940440379773, 27.053056159492524 ], [ 92.65690201647584, 27.008083069929015 ], [ 92.64489132504886, 26.986869348436791 ], [ 92.600670142976824, 26.966928450234104 ], [ 92.597940440379773, 26.966079901374414 ], [ 92.570097473889973, 26.959715784926747 ], [ 92.563000247137666, 26.958018687207371 ], [ 92.447260857023181, 26.958867236067057 ], [ 92.425969176766259, 26.941047710013592 ], [ 92.411774723261658, 26.942744807732971 ], [ 92.398126210276459, 26.924925281679503 ], [ 92.359910373917899, 26.925773830539192 ], [ 92.364823838592571, 26.93213794698686 ], [ 92.302586619380065, 26.92280390953028 ], [ 92.303132559899467, 26.907105755626038 ], [ 92.275835533929069, 26.902014462467903 ], [ 92.255089794191562, 26.909651402205103 ], [ 92.194490396537276, 26.890134778432259 ], [ 92.113691199664899, 26.892680425011328 ], [ 92.108231794470811, 26.893104699441171 ], [ 92.117512783300754, 26.959291510496904 ], [ 92.102772389276737, 26.982202329708503 ], [ 92.103864270315555, 27.007234521069325 ], [ 92.080388827981011, 27.019962753964656 ], [ 92.064556552918177, 27.051359061773145 ], [ 92.045448634738904, 27.051359061773145 ], [ 92.034529824350741, 27.064087294668479 ], [ 92.023065073443178, 27.114151677390122 ], [ 92.037259526947778, 27.137911045461411 ], [ 92.024156954481981, 27.161670413532697 ], [ 92.056913385646467, 27.188823977042741 ], [ 92.070561898631667, 27.223190205860142 ], [ 92.066740314995812, 27.244403927352362 ], [ 92.040535170064231, 27.266041923274429 ], [ 92.071107839151068, 27.276648784020541 ], [ 92.102772389276737, 27.268587569853494 ], [ 92.119696545378389, 27.275375960731008 ], [ 92.121334366936608, 27.286831370336806 ], [ 92.059643088243504, 27.326713166742184 ], [ 92.061280909801724, 27.344956967225496 ], [ 92.047632396816525, 27.367867786437095 ], [ 92.05582150460765, 27.399688368675427 ], [ 92.039989229544815, 27.436175969642047 ], [ 92.020335370846126, 27.447207104818002 ], [ 92.013784084613235, 27.490058822232292 ] ] ] } },
{ "type": "Feature", "properties": { "dt_code": "763", "district": "Kra Daadi", "st_code": "12", "year": "2015_c", "st_nm": "Arunachal Pradesh", "state": "arunachal-pradesh" }, "geometry": { "type": "Polygon", "coordinates": [ [ [ 93.456704877408541, 28.272420870865428 ], [ 93.479634379223683, 28.281330633892161 ], [ 93.554974170901986, 28.259268363540251 ], [ 93.560979516615461, 28.260541186829784 ], [ 93.603016936609876, 28.269450949856516 ], [ 93.611751984920417, 28.271572322005738 ], [ 93.611751984920417, 28.271996596435585 ], [ 93.627584259983237, 28.306787099682829 ], [ 93.660340691147724, 28.304665727533607 ], [ 93.679994549846413, 28.322060979157229 ], [ 93.701832170622723, 28.308059922972362 ], [ 93.765707211393462, 28.263086833408849 ], [ 93.839955122032947, 28.236781818758494 ], [ 93.846506408265839, 28.207931157529075 ], [ 93.892365411896122, 28.128591839148164 ], [ 93.876533136833288, 28.120954899410965 ], [ 93.880900660988544, 28.107802392085787 ], [ 93.854695516056964, 28.081497377435433 ], [ 93.874895315275054, 28.073011888838543 ], [ 93.873803434236237, 28.053495265065699 ], [ 93.909835508517176, 28.029311622564567 ], [ 93.912565211114213, 28.012764919800635 ], [ 93.940954118123429, 28.000460961335147 ], [ 93.94914322591454, 27.980520063132456 ], [ 93.961699857860935, 27.97882296541308 ], [ 93.944775701759283, 27.96439763479837 ], [ 93.926759664618814, 27.919848819664704 ], [ 93.882538482546778, 27.909666233348435 ], [ 93.883630363585581, 27.900756470321703 ], [ 93.92730560513823, 27.88505831641746 ], [ 93.910927389555994, 27.830751189397372 ], [ 93.890181649818487, 27.82014432865126 ], [ 93.864522445406308, 27.817174407642351 ], [ 93.768436913990499, 27.789596569702461 ], [ 93.767890973471097, 27.730198149524242 ], [ 93.70892939737503, 27.686073608820418 ], [ 93.67671890672996, 27.684800785530886 ], [ 93.577357732197711, 27.61734115118562 ], [ 93.542963479475006, 27.621583895484065 ], [ 93.51457457246579, 27.650010282283642 ], [ 93.537504074280918, 27.673769650354931 ], [ 93.532590609606245, 27.722136935357195 ], [ 93.509661107791118, 27.742926382419572 ], [ 93.592098126221728, 27.833296835976437 ], [ 93.601925055571073, 27.907544861199213 ], [ 93.584454958950005, 27.905847763479837 ], [ 93.618303271153309, 27.953790774052258 ], [ 93.587730602066458, 27.977550142123548 ], [ 93.570260505445404, 28.057313734934301 ], [ 93.505839524155263, 28.069193418969945 ], [ 93.486185665456574, 28.103559647787343 ], [ 93.459980520524994, 28.112893685243922 ], [ 93.446877948059196, 28.200294217791875 ], [ 93.457250817927957, 28.271996596435585 ], [ 93.456704877408541, 28.272420870865428 ] ] ] } },
{ "type": "Feature", "properties": { "dt_code": "762", "district": "Namsai", "st_code": "12", "year": "2014_c", "st_nm": "Arunachal Pradesh", "state": "arunachal-pradesh" }, "geometry": { "type": "Polygon", "coordinates": [ [ [ 96.3114278533929, 27.569822415043046 ], [ 96.307606269757045, 27.566852494034134 ], [ 96.293957756771846, 27.558791279867091 ], [ 96.224623310807033, 27.568125317323666 ], [ 96.132905303546494, 27.606310016009665 ], [ 96.125808076794186, 27.619462523334843 ], [ 96.061387095504045, 27.606310016009665 ], [ 96.001879578888577, 27.556669907717868 ], [ 95.874129497347099, 27.546911595831446 ], [ 95.874129497347099, 27.544365949252377 ], [ 95.874129497347099, 27.544365949252377 ], [ 95.863756627478352, 27.543517400392691 ], [ 95.860480984361899, 27.543093125962844 ], [ 95.814076040212228, 27.574489433771333 ], [ 95.815713861770448, 27.59697597855309 ], [ 95.815713861770448, 27.598673076272465 ], [ 95.791146538397086, 27.599521625132155 ], [ 95.788416835800049, 27.604188643860443 ], [ 95.779681787489523, 27.621159621054222 ], [ 95.795514062552357, 27.641949068116599 ], [ 95.770400798659594, 27.658071496450688 ], [ 95.775314263334266, 27.674618199214621 ], [ 95.790600597877685, 27.680133766802598 ], [ 95.767671096062543, 27.687346432109955 ], [ 95.765487333984922, 27.714924270049842 ], [ 95.755114464116161, 27.725106856366107 ], [ 95.761665750349067, 27.72722822851533 ], [ 95.774222382295449, 27.731895247243617 ], [ 95.770946739178996, 27.729773875094395 ], [ 95.804795051382285, 27.736137991542062 ], [ 96.023171259145485, 27.850267813170216 ], [ 96.207699154705381, 27.87742137668026 ], [ 96.273212017034339, 27.787899471983085 ], [ 96.260655385087958, 27.71959128877813 ], [ 96.269936373917901, 27.651707380003021 ], [ 96.291773994694211, 27.627948011931732 ], [ 96.285222708461319, 27.59527888083371 ], [ 96.3114278533929, 27.569822415043046 ] ] ] } },
{ "type": "Feature", "properties": { "dt_code": "761", "district": "Longding", "st_code": "12", "year": "2012_c", "st_nm": "Arunachal Pradesh", "state": "arunachal-pradesh" }, "geometry": { "type": "Polygon", "coordinates": [ [ [ 95.376231743647025, 27.0967564257665 ], [ 95.376777684166427, 27.095907876906811 ], [ 95.374593922088792, 27.092937955897899 ], [ 95.387150554035188, 27.084452467301013 ], [ 95.388788375593407, 27.044570670895634 ], [ 95.360399468584191, 27.03269098685999 ], [ 95.377323624685843, 27.008931618788701 ], [ 95.3680426358559, 26.935532142425615 ], [ 95.378961446244062, 26.912621323214015 ], [ 95.394793721306897, 26.901165913608217 ], [ 95.440652724937166, 26.867223959220659 ], [ 95.505073706227307, 26.876557996677239 ], [ 95.49633865791678, 26.818008125358705 ], [ 95.504527765707905, 26.792551659568041 ], [ 95.482144204412165, 26.746305746714999 ], [ 95.459214702597038, 26.74291155127624 ], [ 95.427004211951967, 26.697938461712731 ], [ 95.37404798156939, 26.683937405527864 ], [ 95.360399468584191, 26.670784898202687 ], [ 95.335286204691428, 26.673754819211599 ], [ 95.30362165456576, 26.650844 ], [ 95.259400472493709, 26.655511018728287 ], [ 95.257216710416074, 26.676300465790664 ], [ 95.233741268081531, 26.683088856668178 ], [ 95.232649387042727, 26.705999675879777 ], [ 95.210265825747001, 26.728910495091377 ], [ 95.216271171460477, 26.755639784171574 ], [ 95.242476316392072, 26.782369073251775 ], [ 95.241930375872656, 26.782793347681618 ], [ 95.208082063669366, 26.795097306147106 ], [ 95.197163253281204, 26.822675144086997 ], [ 95.203168598994694, 26.846434512158282 ], [ 95.180785037698968, 26.856192824044705 ], [ 95.208628004188768, 26.882497838695059 ], [ 95.228281862887457, 26.880800740975683 ], [ 95.232103446523311, 26.902863011327593 ], [ 95.229919684445676, 26.92280390953028 ], [ 95.206444242111132, 26.941896258873282 ], [ 95.202076717955876, 26.958018687207371 ], [ 95.211357706785805, 26.966079901374414 ], [ 95.191703848087116, 26.984747976287569 ], [ 95.195525431722984, 27.034812359009212 ], [ 95.210811766266403, 27.028448242561545 ], [ 95.232103446523311, 27.042873573176259 ], [ 95.246297900027926, 27.023781223833257 ], [ 95.258854531974308, 27.030569614710767 ], [ 95.261038294051943, 27.03269098685999 ], [ 95.29161096313878, 27.066632941247544 ], [ 95.368588576375316, 27.109908933091678 ], [ 95.369134516894718, 27.10524191436339 ], [ 95.371318278972353, 27.093362230327745 ], [ 95.376231743647025, 27.0967564257665 ] ] ] } },
{ "type": "Feature", "properties": { "dt_code": "252", "district": "Upper Siang", "st_code": "12", "year": "2011_c", "st_nm": "Arunachal Pradesh", "state": "arunachal-pradesh" }, "geometry": { "type": "Polygon", "coordinates": [ [ [ 95.383328970399333, 28.312302667270806 ], [ 95.346205015079576, 28.283876280471226 ], [ 95.34183749092432, 28.244843032925541 ], [ 95.305259476123979, 28.224053585863164 ], [ 95.303075714046358, 28.202415589941097 ], [ 95.26977334236247, 28.197324296782963 ], [ 95.227735922368055, 28.155745402658209 ], [ 95.2239143387322, 28.151926932789607 ], [ 95.192249788606532, 28.164655165684941 ], [ 95.171504048869025, 28.196475747923273 ], [ 95.137109796146319, 28.20368841323063 ], [ 95.130558509913428, 28.216840920555807 ], [ 95.138747617704553, 28.228720604591452 ], [ 95.106537127059482, 28.263511107838696 ], [ 95.11745593744763, 28.376368106177313 ], [ 95.082515744205523, 28.395036181090468 ], [ 95.081423863166705, 28.414977079293159 ], [ 95.104353364981847, 28.444252014952426 ], [ 95.110904651214739, 28.46292008986558 ], [ 95.10162366238481, 28.483709536927957 ], [ 95.110358710695337, 28.500680514121733 ], [ 95.084153565763756, 28.526561254342244 ], [ 95.038294562133473, 28.515530119166289 ], [ 94.988613974867349, 28.52910690092131 ], [ 94.972235759285113, 28.565594501887933 ], [ 94.958041305780512, 28.572807167195286 ], [ 94.901809432281482, 28.549047799124001 ], [ 94.819918354370287, 28.568140148466998 ], [ 94.795351030996926, 28.546077878115089 ], [ 94.758773016196585, 28.534198194079444 ], [ 94.777334993856456, 28.559230385440266 ], [ 94.759864897235403, 28.560078934299955 ], [ 94.74676232476962, 28.588081046669686 ], [ 94.745670443730802, 28.686512714393597 ], [ 94.633752637252158, 28.766700581634193 ], [ 94.633206696732756, 28.784095833257815 ], [ 94.620104124266959, 28.793854145144238 ], [ 94.592261157777159, 28.791732772995015 ], [ 94.561688488690308, 28.81040084790817 ], [ 94.525110473889967, 28.811673671197703 ], [ 94.515283544540623, 28.821007708654282 ], [ 94.516921366098856, 28.836705862558524 ], [ 94.479797410779113, 28.858343858480591 ], [ 94.449770682211664, 28.886345970850325 ], [ 94.441581574420553, 28.891861538438302 ], [ 94.395722570790284, 28.932167609273524 ], [ 94.342766340407707, 28.983929089714543 ], [ 94.187173292376428, 29.038660491164478 ], [ 94.217200020943864, 29.083633580727987 ], [ 94.290356050544531, 29.148123294064341 ], [ 94.359144555989943, 29.152366038362786 ], [ 94.374976831052777, 29.190126462618942 ], [ 94.433938407148844, 29.226614063585561 ], [ 94.496721566880751, 29.216431477269296 ], [ 94.56059660765149, 29.228735435734784 ], [ 94.580250466350179, 29.280496916175807 ], [ 94.621741945825178, 29.312741772843982 ], [ 94.631022934655121, 29.348380824950915 ], [ 94.679611640882428, 29.327591377888538 ], [ 94.739119157497896, 29.281769739465339 ], [ 94.793167268919291, 29.225765514725872 ], [ 94.798626674113379, 29.194793481347229 ], [ 94.799718555152182, 29.163821447968587 ], [ 94.873966465791682, 29.183762346171275 ], [ 94.920917350460755, 29.161275801389518 ], [ 94.969506056688076, 29.158730154810453 ], [ 95.024646049148274, 29.129455219151186 ], [ 94.988613974867349, 29.17273121099532 ], [ 94.999532785255511, 29.172306936565473 ], [ 95.041570205249926, 29.151517489503096 ], [ 95.099985840826577, 29.142607726476363 ], [ 95.12346128316112, 29.115029888536476 ], [ 95.252303245741416, 29.108665772088809 ], [ 95.251211364702598, 29.067086877964055 ], [ 95.26977334236247, 29.049691626340433 ], [ 95.275778688075945, 29.028902179278056 ], [ 95.24575195950851, 29.001324341338169 ], [ 95.263222056129564, 28.965685289231235 ], [ 95.257216710416074, 28.951684233046368 ], [ 95.257216710416074, 28.951259958616525 ], [ 95.281238093270034, 28.945744391028548 ], [ 95.301437892488124, 28.958472623923878 ], [ 95.327643037419705, 28.928349139404922 ], [ 95.318907989109178, 28.911378162211147 ], [ 95.328188977939121, 28.895255733877057 ], [ 95.317270167550959, 28.886770245280168 ], [ 95.32382145378385, 28.844342802295728 ], [ 95.356031944428921, 28.82567472738257 ], [ 95.360945409103593, 28.790884224135326 ], [ 95.377869565205245, 28.779004540099685 ], [ 95.372956100530573, 28.765427758344661 ], [ 95.392609959229262, 28.742092664703218 ], [ 95.3538481823513, 28.706877887026128 ], [ 95.372956100530573, 28.621174452197554 ], [ 95.383328970399333, 28.572807167195286 ], [ 95.402982829098008, 28.569837246186378 ], [ 95.410080055850315, 28.554563366711978 ], [ 95.396431542865116, 28.532501096360065 ], [ 95.395339661826299, 28.531228273070532 ], [ 95.394793721306897, 28.529955449780999 ], [ 95.395339661826299, 28.529955449780999 ], [ 95.394793721306897, 28.512984472587224 ], [ 95.338561847807867, 28.476921146050447 ], [ 95.339653728846685, 28.440857819513667 ], [ 95.319999870147996, 28.426432488898957 ], [ 95.339107788327283, 28.406915865126113 ], [ 95.338015907288465, 28.365761245431205 ], [ 95.369134516894718, 28.358124305694005 ], [ 95.382783029879917, 28.313575490560339 ], [ 95.383328970399333, 28.312302667270806 ] ] ] } },
{ "type": "Feature", "properties": { "dt_code": "779", "district": "Lower Siang", "st_code": "12", "year": "2018", "st_nm": "Arunachal Pradesh", "state": "arunachal-pradesh" }, "geometry": { "type": "Polygon", "coordinates": [ [ [ 94.318199017034345, 27.773049866938528 ], [ 94.334577232616581, 27.760321634043194 ], [ 94.335123173135997, 27.760321634043194 ], [ 94.382074057805085, 27.797233509439661 ], [ 94.4383059313041, 27.812931663343907 ], [ 94.44431127701759, 27.828629817248149 ], [ 94.582434228427815, 27.860026125056638 ], [ 94.588985514660706, 27.861723222776014 ], [ 94.589531455180108, 27.866390241504305 ], [ 94.594990860374196, 27.87063298580275 ], [ 94.631568875174523, 27.866814515934148 ], [ 94.645763328679138, 27.850267813170216 ], [ 94.717281536721586, 27.825235621809394 ], [ 94.723832822954478, 27.794687862860595 ], [ 94.746216384250204, 27.773049866938528 ], [ 94.808999543982125, 27.785778099833863 ], [ 94.900171610723262, 27.823114249660172 ], [ 94.905085075397935, 27.842630873433016 ], [ 94.928560517732478, 27.857056204047726 ], [ 94.909452599553191, 27.859601850626792 ], [ 94.909452599553191, 27.860026125056638 ], [ 94.908906659033789, 27.860026125056638 ], [ 94.905631015917336, 27.880391297689172 ], [ 94.924192993577208, 27.889301060715905 ], [ 94.956949424741694, 27.980944337562303 ], [ 94.922009231499572, 27.997491040326235 ], [ 94.921463290980171, 27.997491040326235 ], [ 94.880517752024573, 28.000460961335147 ], [ 94.880517752024573, 28.000460961335147 ], [ 94.894166265009773, 28.0153105663797 ], [ 94.894166265009773, 28.015734840809547 ], [ 94.926922696174245, 28.050949618486634 ], [ 94.928014577213062, 28.052222441776166 ], [ 95.067229409662104, 28.023371780546746 ], [ 95.089067030438414, 27.967791830237125 ], [ 95.071596933817361, 27.916030349796102 ], [ 95.120731580564083, 27.903302116900768 ], [ 95.115272175370009, 27.856631929617883 ], [ 95.136563855626918, 27.815901584352815 ], [ 94.961862889416366, 27.76159445733273 ], [ 94.852128845015358, 27.727652502945173 ], [ 94.840664094107794, 27.700498939435132 ], [ 94.793713209438707, 27.695407646276998 ], [ 94.754405492041329, 27.660617143029754 ], [ 94.724924703993295, 27.669102631626643 ], [ 94.709092428930461, 27.656798673161155 ], [ 94.687800748673553, 27.665284161758041 ], [ 94.682341343479465, 27.646191812415044 ], [ 94.66268748478079, 27.645343263555354 ], [ 94.633206696732756, 27.624129542063134 ], [ 94.587347693102487, 27.618613974475153 ], [ 94.574245120636689, 27.6037643694306 ], [ 94.544764332588656, 27.601218722851534 ], [ 94.498905328958386, 27.572368061622111 ], [ 94.477613648701478, 27.576186531490713 ], [ 94.461781373638644, 27.555397084428336 ], [ 94.431754645071209, 27.600370173991845 ], [ 94.431754645071209, 27.600370173991845 ], [ 94.431754645071209, 27.600370173991845 ], [ 94.364603961184017, 27.574489433771333 ], [ 94.362966139625797, 27.574913708201176 ], [ 94.297999217816255, 27.602067271711221 ], [ 94.277253478078748, 27.589763313245733 ], [ 94.254323976263606, 27.614371230176712 ], [ 94.257599619380059, 27.617765425615467 ], [ 94.266880608209988, 27.627523737501889 ], [ 94.266334667690586, 27.628372286361575 ], [ 94.264696846132367, 27.630917932940644 ], [ 94.261421203015914, 27.636009226098775 ], [ 94.256507738341242, 27.635160677239089 ], [ 94.246134868472495, 27.633887853949552 ], [ 94.237399820161968, 27.63261503066002 ], [ 94.223751307176769, 27.61818970004531 ], [ 94.212286556269191, 27.606734290439512 ], [ 94.209556853672154, 27.608855662588734 ], [ 94.244497046914262, 27.649161733423952 ], [ 94.353685150795869, 27.722985484216885 ], [ 94.353685150795869, 27.72722822851533 ], [ 94.349863567160014, 27.729773875094395 ], [ 94.335669113655399, 27.724682581936264 ], [ 94.335669113655399, 27.725106856366107 ], [ 94.313831492879075, 27.739956461410664 ], [ 94.312739611840271, 27.74080501027035 ], [ 94.317107135995528, 27.768807122640084 ], [ 94.318199017034345, 27.773049866938528 ] ] ] } },
{ "type": "Feature", "properties": { "dt_code": "257", "district": "Upper Dibang Valley", "st_code": "12", "year": "2011_c", "st_nm": "Arunachal Pradesh", "state": "arunachal-pradesh" }, "geometry": { "type": "Polygon", "coordinates": [ [ [ 95.395339661826299, 28.529955449780999 ], [ 95.394793721306897, 28.529955449780999 ], [ 95.395339661826299, 28.531228273070532 ], [ 95.396431542865116, 28.532501096360065 ], [ 95.410080055850315, 28.554563366711978 ], [ 95.402982829098008, 28.569837246186378 ], [ 95.383328970399333, 28.572807167195286 ], [ 95.372956100530573, 28.621174452197554 ], [ 95.3538481823513, 28.706877887026128 ], [ 95.392609959229262, 28.742092664703218 ], [ 95.372956100530573, 28.765427758344661 ], [ 95.377869565205245, 28.779004540099685 ], [ 95.360945409103593, 28.790884224135326 ], [ 95.356031944428921, 28.82567472738257 ], [ 95.32382145378385, 28.844342802295728 ], [ 95.317270167550959, 28.886770245280168 ], [ 95.328188977939121, 28.895255733877057 ], [ 95.318907989109178, 28.911378162211147 ], [ 95.327643037419705, 28.928349139404922 ], [ 95.301437892488124, 28.958472623923878 ], [ 95.281238093270034, 28.945744391028548 ], [ 95.257216710416074, 28.951259958616525 ], [ 95.257216710416074, 28.951684233046368 ], [ 95.263222056129564, 28.965685289231235 ], [ 95.24575195950851, 29.001324341338169 ], [ 95.275778688075945, 29.028902179278056 ], [ 95.26977334236247, 29.049691626340433 ], [ 95.267589580284834, 29.0560557427881 ], [ 95.287243438983523, 29.060722761516388 ], [ 95.400799067020387, 29.033569198006344 ], [ 95.455393118961183, 29.035266295725723 ], [ 95.487057669086838, 29.074299543271408 ], [ 95.497430538955598, 29.138789256607765 ], [ 95.547657066741124, 29.126909572572121 ], [ 95.538922018430597, 29.212613007400694 ], [ 95.586964784138502, 29.216431477269296 ], [ 95.600067356604299, 29.260556017973116 ], [ 95.639375074001677, 29.248252059507628 ], [ 95.703250114772402, 29.298740716659115 ], [ 95.728363378665179, 29.300862088808337 ], [ 95.779135846970121, 29.354744941398579 ], [ 95.797697824629992, 29.334804043195891 ], [ 95.849562173973752, 29.357290587977648 ], [ 95.882318605138224, 29.389959719075669 ], [ 95.958750277855344, 29.381049956048937 ], [ 96.057019571348775, 29.456995078991088 ], [ 96.088684121474444, 29.459965 ], [ 96.176580545099128, 29.362381881135782 ], [ 96.186953414967888, 29.342440982933091 ], [ 96.184223712370837, 29.307226205256004 ], [ 96.244277169505722, 29.232553905603382 ], [ 96.293411816252444, 29.232978180033228 ], [ 96.313065674951133, 29.256313273674671 ], [ 96.345822106115605, 29.26479876227156 ], [ 96.363838143256075, 29.283042562754872 ], [ 96.37584883468304, 29.28092119060565 ], [ 96.393318931304094, 29.253767627095606 ], [ 96.346913987154423, 29.168064192267028 ], [ 96.260655385087958, 29.15745733152092 ], [ 96.218072024574141, 29.135395061169007 ], [ 96.185861533929071, 29.09169479489503 ], [ 96.114889266406024, 29.074723817701255 ], [ 96.150921340686949, 29.050115900770276 ], [ 96.184769652890253, 28.985201913004079 ], [ 96.180402128734983, 28.965261014801388 ], [ 96.15528886484222, 28.952532781906058 ], [ 96.145461935492875, 28.934288981422746 ], [ 96.166207675230382, 28.902468399184414 ], [ 96.248098753141576, 28.939380274580881 ], [ 96.293411816252444, 28.995384499320345 ], [ 96.346913987154423, 29.028902179278056 ], [ 96.435902291817925, 29.033993472436187 ], [ 96.524890596481427, 29.075996640990788 ], [ 96.477393771292924, 28.99029320616221 ], [ 96.487220700642268, 28.96144254493279 ], [ 96.518339310248535, 28.967382386950611 ], [ 96.53799316894721, 28.916893729799124 ], [ 96.536901287908407, 28.879981854402658 ], [ 96.607327614912037, 28.793429870714395 ], [ 96.614424841664331, 28.760336465186526 ], [ 96.584944053616297, 28.717060473342396 ], [ 96.47193436609885, 28.683542793384685 ], [ 96.492680105836357, 28.633478410663042 ], [ 96.426621302987982, 28.582565479081708 ], [ 96.399870217537, 28.589778144389065 ], [ 96.405329622731074, 28.559230385440266 ], [ 96.353465273387314, 28.555836190001511 ], [ 96.324530425858697, 28.529531175351156 ], [ 96.325622306897515, 28.510863100438002 ], [ 96.27594171963139, 28.5070446305694 ], [ 96.256287860932702, 28.537592389518199 ], [ 96.224077370287631, 28.531228273070532 ], [ 96.176580545099128, 28.5146815703066 ], [ 96.171667080424456, 28.496862044253135 ], [ 96.10342451549846, 28.488800830086088 ], [ 96.014436210834958, 28.507468904999246 ], [ 95.996966114213905, 28.488800830086088 ], [ 95.948377407986598, 28.482012439208578 ], [ 95.944009883831328, 28.431099507627248 ], [ 95.959842158894162, 28.41327998157378 ], [ 95.946193645908963, 28.402248846397825 ], [ 95.908523750069804, 28.399278925388913 ], [ 95.850108114493153, 28.366185519861048 ], [ 95.844648709299079, 28.338607681921161 ], [ 95.883410486177041, 28.305938550823139 ], [ 95.833183958391501, 28.27454224301465 ], [ 95.796060003071759, 28.315696862709562 ], [ 95.764395452946104, 28.317393960428937 ], [ 95.685234077631947, 28.348790268237426 ], [ 95.675953088802004, 28.36236704999245 ], [ 95.573316271153303, 28.370852538589336 ], [ 95.58041349790561, 28.46292008986558 ], [ 95.559667758168104, 28.48498236021749 ], [ 95.527457267523033, 28.480315341489202 ], [ 95.514900635576652, 28.502377611841112 ], [ 95.395339661826299, 28.529955449780999 ] ] ] } },
{ "type": "Feature", "properties": { "dt_code": "258", "district": "Lower Dibang Valley", "st_code": "12", "year": "2011_c", "st_nm": "Arunachal Pradesh", "state": "arunachal-pradesh" }, "geometry": { "type": "Polygon", "coordinates": [ [ [ 96.313611615470535, 28.38358077148467 ], [ 96.30378468612119, 28.373822459598248 ], [ 96.306514388718227, 28.371276813019183 ], [ 96.30542250767941, 28.369579715299803 ], [ 96.290136173135991, 28.344547523938981 ], [ 96.238271823792232, 28.299574434375472 ], [ 96.267752611840265, 28.238903190907717 ], [ 96.21534232197709, 28.230841976740674 ], [ 96.142186292376422, 28.170170733272919 ], [ 96.100694812901423, 28.190111631475609 ], [ 96.089776002513261, 28.191384454765142 ], [ 96.067938381736937, 28.190535905905453 ], [ 96.069030262775755, 28.167625086693853 ], [ 96.070668084333974, 28.12350054599003 ], [ 96.070668084333974, 28.120954899410965 ], [ 96.059749273945826, 28.091679963751698 ], [ 96.058657392907008, 28.0878614938831 ], [ 96.058657392907008, 28.087437219453253 ], [ 96.057019571348775, 28.085740121733878 ], [ 96.019895616029032, 28.040767032170368 ], [ 96.013890270315557, 27.995369668177013 ], [ 95.986593244345144, 27.958457792780546 ], [ 95.969669088243506, 27.960154890499926 ], [ 95.96912314772409, 27.960154890499926 ], [ 95.971852850321142, 27.962700537078991 ], [ 95.847924352415518, 27.969488927956501 ], [ 95.820081385925718, 27.97118602567588 ], [ 95.819535445406302, 27.97118602567588 ], [ 95.606618642837191, 27.955063597341791 ], [ 95.606618642837191, 27.954639322911948 ], [ 95.585872903099684, 27.936819796858479 ], [ 95.570586568556266, 27.937668345718169 ], [ 95.57004062803685, 27.935971247998793 ], [ 95.563489341803958, 27.919424545234858 ], [ 95.519268159731908, 27.883361218698081 ], [ 95.501798063110854, 27.946153834315059 ], [ 95.500706182072037, 27.949972304183657 ], [ 95.502889944149672, 27.952942225192569 ], [ 95.53018697012007, 28.0000366869053 ], [ 95.560213698687519, 28.051373892916477 ], [ 95.562943401284556, 28.066223497961033 ], [ 95.564035282323374, 28.255025619241806 ], [ 95.562943401284556, 28.256298442531339 ], [ 95.537284196872378, 28.283452006041383 ], [ 95.535100434794742, 28.284724829330916 ], [ 95.47613885869869, 28.261814010119316 ], [ 95.465220048310528, 28.257571265820872 ], [ 95.465220048310528, 28.257571265820872 ], [ 95.455393118961183, 28.277512164023562 ], [ 95.436831141301312, 28.313999764990182 ], [ 95.389334316112809, 28.307635648542515 ], [ 95.384420851438136, 28.312302667270806 ], [ 95.383328970399333, 28.312302667270806 ], [ 95.382783029879917, 28.313575490560339 ], [ 95.369134516894718, 28.358124305694005 ], [ 95.338015907288465, 28.365761245431205 ], [ 95.339107788327283, 28.406915865126113 ], [ 95.319999870147996, 28.426432488898957 ], [ 95.339653728846685, 28.440857819513667 ], [ 95.338561847807867, 28.476921146050447 ], [ 95.394793721306897, 28.512984472587224 ], [ 95.395339661826299, 28.529955449780999 ], [ 95.514900635576652, 28.502377611841112 ], [ 95.527457267523033, 28.480315341489202 ], [ 95.559667758168104, 28.48498236021749 ], [ 95.58041349790561, 28.46292008986558 ], [ 95.573316271153303, 28.370852538589336 ], [ 95.675953088802004, 28.36236704999245 ], [ 95.685234077631947, 28.348790268237426 ], [ 95.764395452946104, 28.317393960428937 ], [ 95.796060003071759, 28.315696862709562 ], [ 95.833183958391501, 28.27454224301465 ], [ 95.883410486177041, 28.305938550823139 ], [ 95.844648709299079, 28.338607681921161 ], [ 95.850108114493153, 28.366185519861048 ], [ 95.908523750069804, 28.399278925388913 ], [ 95.946193645908963, 28.402248846397825 ], [ 95.959842158894162, 28.41327998157378 ], [ 95.944009883831328, 28.431099507627248 ], [ 95.948377407986598, 28.482012439208578 ], [ 95.996966114213905, 28.488800830086088 ], [ 96.014436210834958, 28.507468904999246 ], [ 96.10342451549846, 28.488800830086088 ], [ 96.171667080424456, 28.496862044253135 ], [ 96.176580545099128, 28.5146815703066 ], [ 96.224077370287631, 28.531228273070532 ], [ 96.256287860932702, 28.537592389518199 ], [ 96.27594171963139, 28.5070446305694 ], [ 96.325622306897515, 28.510863100438002 ], [ 96.326168247416916, 28.524015607763179 ], [ 96.365475964814294, 28.499831965262047 ], [ 96.371481310527784, 28.482012439208578 ], [ 96.262293206646177, 28.408612962845492 ], [ 96.303238745601789, 28.399703199818759 ], [ 96.313611615470535, 28.38358077148467 ] ] ] } },
{ "type": "Feature", "properties": { "dt_code": "764", "district": "Siang", "st_code": "12", "year": "2015_c", "st_nm": "Arunachal Pradesh", "state": "arunachal-pradesh" }, "geometry": { "type": "Polygon", "coordinates": [ [ [ 95.227735922368055, 28.155745402658209 ], [ 95.250665424183182, 28.150229835070231 ], [ 95.295432546774634, 28.120954899410965 ], [ 95.288881260541743, 28.090407140462165 ], [ 95.240292554314436, 28.047131148618032 ], [ 95.205352361072329, 28.052646716206013 ], [ 95.115272175370009, 28.024220329406432 ], [ 95.067229409662104, 28.023371780546746 ], [ 94.928014577213062, 28.052222441776166 ], [ 94.900171610723262, 28.076830358707145 ], [ 94.928014577213062, 28.096771256909832 ], [ 94.948760316950569, 28.129016113578011 ], [ 94.908360718514373, 28.158715323667121 ], [ 94.914366064227863, 28.19605147349343 ], [ 94.894712205529174, 28.221083664854252 ], [ 94.836842510471925, 28.219386567134872 ], [ 94.800264495671598, 28.185868887177165 ], [ 94.774605291259419, 28.186717436036851 ], [ 94.727108466070931, 28.221932213713941 ], [ 94.691076391790006, 28.216416646125964 ], [ 94.660503722703154, 28.207082608669385 ], [ 94.641395804523867, 28.165927988974474 ], [ 94.614644719072885, 28.149805560640388 ], [ 94.616282540631104, 28.183323240598096 ], [ 94.60481778972354, 28.202415589941097 ], [ 94.616282540631104, 28.230841976740674 ], [ 94.613552838034067, 28.257571265820872 ], [ 94.580250466350179, 28.282603457181693 ], [ 94.561688488690308, 28.326727997885516 ], [ 94.52838611700642, 28.331819291043651 ], [ 94.499451269477802, 28.364064147711826 ], [ 94.489078399609042, 28.375519557317627 ], [ 94.490716221167276, 28.38442932034436 ], [ 94.485256815973187, 28.395884729950158 ], [ 94.493445923764313, 28.407764413985802 ], [ 94.500543150516606, 28.460798717716358 ], [ 94.544764332588656, 28.468859931883401 ], [ 94.543126511030437, 28.481163890348888 ], [ 94.558412845573855, 28.494740672103912 ], [ 94.538213046355764, 28.533773919649601 ], [ 94.536029284278129, 28.588929595529375 ], [ 94.480889291817931, 28.600385005135177 ], [ 94.457413849483387, 28.591475242108444 ], [ 94.45031662273108, 28.615658884609577 ], [ 94.467786719352134, 28.625841470925842 ], [ 94.484710875453786, 28.691179733121885 ], [ 94.433938407148844, 28.754820897598549 ], [ 94.442673455459371, 28.777307442380305 ], [ 94.436122169226465, 28.809976573478327 ], [ 94.423565537280084, 28.812946494487239 ], [ 94.394630689751466, 28.854101114182146 ], [ 94.387533462999158, 28.870647816946082 ], [ 94.37825247416923, 28.891861538438302 ], [ 94.395722570790284, 28.932167609273524 ], [ 94.441581574420553, 28.891861538438302 ], [ 94.449770682211664, 28.886345970850325 ], [ 94.479797410779113, 28.858343858480591 ], [ 94.516921366098856, 28.836705862558524 ], [ 94.515283544540623, 28.821007708654282 ], [ 94.525110473889967, 28.811673671197703 ], [ 94.561688488690308, 28.81040084790817 ], [ 94.592261157777159, 28.791732772995015 ], [ 94.620104124266959, 28.793854145144238 ], [ 94.633206696732756, 28.784095833257815 ], [ 94.633752637252158, 28.766700581634193 ], [ 94.745670443730802, 28.686512714393597 ], [ 94.74676232476962, 28.588081046669686 ], [ 94.759864897235403, 28.560078934299955 ], [ 94.777334993856456, 28.559230385440266 ], [ 94.758773016196585, 28.534198194079444 ], [ 94.795351030996926, 28.546077878115089 ], [ 94.819918354370287, 28.568140148466998 ], [ 94.901809432281482, 28.549047799124001 ], [ 94.958041305780512, 28.572807167195286 ], [ 94.972235759285113, 28.565594501887933 ], [ 94.988613974867349, 28.52910690092131 ], [ 95.038294562133473, 28.515530119166289 ], [ 95.084153565763756, 28.526561254342244 ], [ 95.110358710695337, 28.500680514121733 ], [ 95.10162366238481, 28.483709536927957 ], [ 95.110904651214739, 28.46292008986558 ], [ 95.104353364981847, 28.444252014952426 ], [ 95.081423863166705, 28.414977079293159 ], [ 95.082515744205523, 28.395036181090468 ], [ 95.11745593744763, 28.376368106177313 ], [ 95.106537127059482, 28.263511107838696 ], [ 95.138747617704553, 28.228720604591452 ], [ 95.130558509913428, 28.216840920555807 ], [ 95.137109796146319, 28.20368841323063 ], [ 95.171504048869025, 28.196475747923273 ], [ 95.192249788606532, 28.164655165684941 ], [ 95.2239143387322, 28.151926932789607 ], [ 95.227735922368055, 28.155745402658209 ] ] ] } },
{ "type": "Feature", "properties": { "dt_code": "785", "district": "Shi Yomi", "st_code": "12", "year": "2018", "st_nm": "Arunachal Pradesh", "state": "arunachal-pradesh" }, "geometry": { "type": "Polygon", "coordinates": [ [ [ 94.401727916503773, 28.338607681921161 ], [ 94.401181975984358, 28.340304779640537 ], [ 94.385895641440939, 28.336062035342092 ], [ 94.368971485339287, 28.352184463676181 ], [ 94.36787960430047, 28.353033012535871 ], [ 94.329663767941909, 28.357700031264159 ], [ 94.308372087685001, 28.375519557317627 ], [ 94.301820801452109, 28.395884729950158 ], [ 94.308372087685001, 28.417098451442381 ], [ 94.292539812622167, 28.428978135478026 ], [ 94.241767344317225, 28.446797661531491 ], [ 94.231394474448479, 28.428129586618336 ], [ 94.219383783021499, 28.436190800785379 ], [ 94.168611314716557, 28.432796605346624 ], [ 94.157692504328395, 28.434917977495846 ], [ 94.148411515498466, 28.439584996224134 ], [ 94.114563203295162, 28.475648322760911 ], [ 94.108557857581673, 28.52146996118411 ], [ 94.097093106674109, 28.536319566228666 ], [ 94.07143390226193, 28.539289487237578 ], [ 94.001553515777715, 28.577898460353421 ], [ 94.005921039932971, 28.621598726627397 ], [ 94.023391136554039, 28.65129793671651 ], [ 93.989542824350735, 28.68778553768313 ], [ 93.962245798380337, 28.712393454614109 ], [ 93.970434906171462, 28.750578153300104 ], [ 94.003191337335934, 28.77476179580124 ], [ 93.9873590622731, 28.797672615012839 ], [ 94.002099456297117, 28.819310610934906 ], [ 93.997185991622445, 28.840948606856969 ], [ 94.032126184864566, 28.852828290892614 ], [ 94.068704199664893, 28.895680008306904 ], [ 94.157146563808993, 28.954229879625434 ], [ 94.187173292376428, 29.038660491164478 ], [ 94.342766340407707, 28.983929089714543 ], [ 94.395722570790284, 28.932167609273524 ], [ 94.37825247416923, 28.891861538438302 ], [ 94.387533462999158, 28.870647816946082 ], [ 94.394630689751466, 28.854101114182146 ], [ 94.423565537280084, 28.812946494487239 ], [ 94.436122169226465, 28.809976573478327 ], [ 94.442673455459371, 28.777307442380305 ], [ 94.433938407148844, 28.754820897598549 ], [ 94.484710875453786, 28.691179733121885 ], [ 94.467786719352134, 28.625841470925842 ], [ 94.45031662273108, 28.615658884609577 ], [ 94.457413849483387, 28.591475242108444 ], [ 94.480889291817931, 28.600385005135177 ], [ 94.536029284278129, 28.588929595529375 ], [ 94.538213046355764, 28.533773919649601 ], [ 94.558412845573855, 28.494740672103912 ], [ 94.543126511030437, 28.481163890348888 ], [ 94.544764332588656, 28.468859931883401 ], [ 94.500543150516606, 28.460798717716358 ], [ 94.493445923764313, 28.407764413985802 ], [ 94.485256815973187, 28.395884729950158 ], [ 94.445949098575809, 28.403521669687358 ], [ 94.434484347668246, 28.373398185168405 ], [ 94.401727916503773, 28.338607681921161 ], [ 94.401727916503773, 28.338607681921161 ] ] ] } },
{ "type": "Feature", "properties": { "dt_code": "783", "district": "Pakke Kessang", "st_code": "12", "year": "2018", "st_nm": "Arunachal Pradesh", "state": "arunachal-pradesh" }, "geometry": { "type": "Polygon", "coordinates": [ [ [ 93.330046676905894, 27.354715279111915 ], [ 93.319673807037134, 27.347926888234404 ], [ 93.303295591454898, 27.341138497356894 ], [ 93.288009256911479, 27.327561715601874 ], [ 93.294014602624969, 27.289801291345718 ], [ 93.22577203769896, 27.252040867089562 ], [ 93.233961145490085, 27.238039810904695 ], [ 93.22413421614074, 27.235069889895787 ], [ 93.22413421614074, 27.235069889895787 ], [ 93.22413421614074, 27.23464561546594 ], [ 93.220858573024287, 27.211734796254341 ], [ 93.21976669198547, 27.199855112218696 ], [ 93.22577203769896, 27.201127935508232 ], [ 93.273814803406864, 27.210886247394654 ], [ 93.311484699246023, 27.172701548708655 ], [ 93.214307286791396, 27.137911045461411 ], [ 93.212123524713761, 27.117545872828877 ], [ 93.212123524713761, 27.117545872828877 ], [ 93.272176981848645, 27.10354481664401 ], [ 93.292922721586152, 27.078088350853346 ], [ 93.312576580284841, 27.079361174142878 ], [ 93.342603308852276, 27.036509456728592 ], [ 93.339873606255239, 26.992809190454615 ], [ 93.339873606255239, 26.992809190454615 ], [ 93.380819145210836, 26.984747976287569 ], [ 93.387370431443728, 26.967352724663947 ], [ 93.391192015079582, 26.958442961637214 ], [ 93.39828924183189, 26.957170138347681 ], [ 93.398835182351291, 26.957170138347681 ], [ 93.372084096900309, 26.956745863917838 ], [ 93.286917375872662, 26.954200217338769 ], [ 93.107302944987424, 26.925773830539192 ], [ 93.088195026808151, 26.914318420933395 ], [ 93.061443941357155, 26.921955360670594 ], [ 93.061443941357155, 26.921955360670594 ], [ 93.061443941357155, 26.921955360670594 ], [ 93.021590283440375, 26.913469872073705 ], [ 92.917315644233454, 26.963109980365502 ], [ 92.918407525272272, 26.982202329708503 ], [ 92.886742975146603, 27.000021855761968 ], [ 92.810857242948899, 27.015720009666214 ], [ 92.781922395420267, 27.022084126113878 ], [ 92.778100811784412, 27.022932674973568 ], [ 92.722960819324214, 27.01826565624528 ], [ 92.676555875174529, 27.030569614710767 ], [ 92.672188351019273, 27.0318424380003 ], [ 92.660723600111695, 27.012750088657302 ], [ 92.65690201647584, 27.008083069929015 ], [ 92.597940440379773, 27.053056159492524 ], [ 92.594664797263334, 27.095059328047121 ], [ 92.601216083496226, 27.117545872828877 ], [ 92.615410537000841, 27.143002338619542 ], [ 92.690204388159728, 27.171852999848966 ], [ 92.752441607372234, 27.193490995771032 ], [ 92.762814477240994, 27.190945349191963 ], [ 92.808673480871263, 27.177792841866786 ], [ 92.808673480871263, 27.176944293007097 ], [ 92.828327339569952, 27.161670413532697 ], [ 92.839246149958115, 27.131971203443587 ], [ 92.85726218709857, 27.140032417610634 ], [ 92.89547802345713, 27.13409257559281 ], [ 92.958261183189052, 27.158276218093942 ], [ 93.01176335409103, 27.142578064189699 ], [ 93.069087108628878, 27.171004450989276 ], [ 93.080551859536442, 27.186702604893519 ], [ 93.072362751745317, 27.203249307657455 ], [ 93.009579592013395, 27.200703661078386 ], [ 92.984466328120632, 27.219796010421387 ], [ 93.002482365261102, 27.249495220510497 ], [ 93.165172640044673, 27.311439287267785 ], [ 93.195199368612123, 27.378050372753361 ], [ 93.299474007819043, 27.399688368675427 ], [ 93.330046676905894, 27.354715279111915 ] ] ] } },
{ "type": "Feature", "properties": { "dt_code": "250", "district": "West Siang", "st_code": "12", "year": "2011_c", "st_nm": "Arunachal Pradesh", "state": "arunachal-pradesh" }, "geometry": { "type": "Polygon", "coordinates": [ [ [ 94.484710875453786, 28.021674682827367 ], [ 94.48416493493437, 28.021674682827367 ], [ 94.467240778832718, 28.048828246337411 ], [ 94.391900987154429, 28.082770200724966 ], [ 94.391355046635013, 28.142168620903188 ], [ 94.356414853392906, 28.198597120072495 ], [ 94.36787960430047, 28.211749627397673 ], [ 94.368971485339287, 28.244418758495694 ], [ 94.383165938843888, 28.257995540250718 ], [ 94.417014251047192, 28.254177070382116 ], [ 94.39408474923205, 28.263511107838696 ], [ 94.374976831052777, 28.294907415647184 ], [ 94.377706533649814, 28.308908471832048 ], [ 94.403365738061993, 28.328000821175049 ], [ 94.401727916503773, 28.338607681921161 ], [ 94.401727916503773, 28.338607681921161 ], [ 94.434484347668246, 28.373398185168405 ], [ 94.445949098575809, 28.403521669687358 ], [ 94.485256815973187, 28.395884729950158 ], [ 94.490716221167276, 28.38442932034436 ], [ 94.489078399609042, 28.375519557317627 ], [ 94.499451269477802, 28.364064147711826 ], [ 94.52838611700642, 28.331819291043651 ], [ 94.561688488690308, 28.326727997885516 ], [ 94.580250466350179, 28.282603457181693 ], [ 94.613552838034067, 28.257571265820872 ], [ 94.616282540631104, 28.230841976740674 ], [ 94.60481778972354, 28.202415589941097 ], [ 94.616282540631104, 28.183323240598096 ], [ 94.614644719072885, 28.149805560640388 ], [ 94.641395804523867, 28.165927988974474 ], [ 94.660503722703154, 28.207082608669385 ], [ 94.691076391790006, 28.216416646125964 ], [ 94.727108466070931, 28.221932213713941 ], [ 94.774605291259419, 28.186717436036851 ], [ 94.800264495671598, 28.185868887177165 ], [ 94.836842510471925, 28.219386567134872 ], [ 94.894712205529174, 28.221083664854252 ], [ 94.914366064227863, 28.19605147349343 ], [ 94.908360718514373, 28.158715323667121 ], [ 94.948760316950569, 28.129016113578011 ], [ 94.928014577213062, 28.096771256909832 ], [ 94.900171610723262, 28.076830358707145 ], [ 94.928014577213062, 28.052222441776166 ], [ 94.926922696174245, 28.050949618486634 ], [ 94.894166265009773, 28.015734840809547 ], [ 94.894166265009773, 28.0153105663797 ], [ 94.819918354370287, 27.98561135629059 ], [ 94.790983506841656, 27.986884179580123 ], [ 94.790983506841656, 27.98730845400997 ], [ 94.790983506841656, 27.98730845400997 ], [ 94.752767670483095, 28.011067822081255 ], [ 94.752221729963694, 28.011492096511102 ], [ 94.699811440100532, 28.019129036248302 ], [ 94.699811440100532, 28.019129036248302 ], [ 94.669238771013681, 28.041191306600211 ], [ 94.640849864004466, 28.043312678749434 ], [ 94.64030392348505, 28.043312678749434 ], [ 94.64030392348505, 28.043312678749434 ], [ 94.603725908684723, 28.061980753662588 ], [ 94.567693834403798, 28.049252520767254 ], [ 94.506548496230096, 28.055616637214921 ], [ 94.503818793633059, 28.052222441776166 ], [ 94.485256815973187, 28.023371780546746 ], [ 94.484710875453786, 28.021674682827367 ] ] ] } },
{ "type": "Feature", "properties": { "dt_code": "784", "district": "Lepa Rada", "st_code": "12", "year": "2018", "st_nm": "Arunachal Pradesh", "state": "arunachal-pradesh" }, "geometry": { "type": "Polygon", "coordinates": [ [ [ 94.594990860374196, 27.87063298580275 ], [ 94.593353038815962, 27.890149609575595 ], [ 94.592807098296561, 27.890149609575595 ], [ 94.592807098296561, 27.890149609575595 ], [ 94.558412845573855, 27.902453568041082 ], [ 94.53275364116169, 27.945305285455369 ], [ 94.525656414409383, 27.960154890499926 ], [ 94.532207700642275, 27.986035630720433 ], [ 94.513099782463001, 28.0153105663797 ], [ 94.513099782463001, 28.0153105663797 ], [ 94.513099782463001, 28.0153105663797 ], [ 94.484710875453786, 28.021674682827367 ], [ 94.485256815973187, 28.023371780546746 ], [ 94.503818793633059, 28.052222441776166 ], [ 94.506548496230096, 28.055616637214921 ], [ 94.567693834403798, 28.049252520767254 ], [ 94.603725908684723, 28.061980753662588 ], [ 94.64030392348505, 28.043312678749434 ], [ 94.64030392348505, 28.043312678749434 ], [ 94.640849864004466, 28.043312678749434 ], [ 94.669238771013681, 28.041191306600211 ], [ 94.699811440100532, 28.019129036248302 ], [ 94.699811440100532, 28.019129036248302 ], [ 94.752221729963694, 28.011492096511102 ], [ 94.752767670483095, 28.011067822081255 ], [ 94.790983506841656, 27.98730845400997 ], [ 94.790983506841656, 27.98730845400997 ], [ 94.790983506841656, 27.986884179580123 ], [ 94.819918354370287, 27.98561135629059 ], [ 94.894166265009773, 28.0153105663797 ], [ 94.880517752024573, 28.000460961335147 ], [ 94.880517752024573, 28.000460961335147 ], [ 94.921463290980171, 27.997491040326235 ], [ 94.922009231499572, 27.997491040326235 ], [ 94.956949424741694, 27.980944337562303 ], [ 94.924192993577208, 27.889301060715905 ], [ 94.905631015917336, 27.880391297689172 ], [ 94.908906659033789, 27.860026125056638 ], [ 94.909452599553191, 27.860026125056638 ], [ 94.909452599553191, 27.859601850626792 ], [ 94.928560517732478, 27.857056204047726 ], [ 94.905085075397935, 27.842630873433016 ], [ 94.900171610723262, 27.823114249660172 ], [ 94.808999543982125, 27.785778099833863 ], [ 94.746216384250204, 27.773049866938528 ], [ 94.723832822954478, 27.794687862860595 ], [ 94.717281536721586, 27.825235621809394 ], [ 94.645763328679138, 27.850267813170216 ], [ 94.631568875174523, 27.866814515934148 ], [ 94.594990860374196, 27.87063298580275 ] ] ] } },
{ "type": "Feature", "properties": { "dt_code": "778", "district": "Kamle", "st_code": "12", "year": "2018", "st_nm": "Arunachal Pradesh", "state": "arunachal-pradesh" }, "geometry": { "type": "Polygon", "coordinates": [ [ [ 93.961699857860935, 27.97882296541308 ], [ 93.967705203574411, 27.977974416553391 ], [ 93.998823813180678, 27.965670458087903 ], [ 94.010834504607644, 27.956336420631324 ], [ 94.023391136554039, 27.956336420631324 ], [ 94.068158259145491, 27.939365443437548 ], [ 94.047412519407985, 27.911787605497658 ], [ 94.074163604858981, 27.849419264310527 ], [ 94.148957456017868, 27.865965967074459 ], [ 94.15987626640603, 27.843903696722549 ], [ 94.192086757051101, 27.836691031415192 ], [ 94.193178638089918, 27.811658840054371 ], [ 94.271248132365258, 27.809537467905152 ], [ 94.318199017034345, 27.773474141368375 ], [ 94.318199017034345, 27.773049866938528 ], [ 94.317107135995528, 27.768807122640084 ], [ 94.312739611840271, 27.74080501027035 ], [ 94.313831492879075, 27.739956461410664 ], [ 94.335669113655399, 27.725106856366107 ], [ 94.335669113655399, 27.724682581936264 ], [ 94.349863567160014, 27.729773875094395 ], [ 94.353685150795869, 27.72722822851533 ], [ 94.353685150795869, 27.722985484216885 ], [ 94.244497046914262, 27.649161733423952 ], [ 94.209556853672154, 27.608855662588734 ], [ 94.212286556269191, 27.606734290439512 ], [ 94.210102794191556, 27.604188643860443 ], [ 94.226481009773806, 27.597824527412776 ], [ 94.224843188215573, 27.57406515934149 ], [ 94.258691500418877, 27.555397084428336 ], [ 94.258145559899461, 27.535031911795802 ], [ 94.265788727171184, 27.520182306751245 ], [ 94.245588927953079, 27.513393915873735 ], [ 94.241221403797823, 27.512969641443892 ], [ 94.23194041496788, 27.50915117157529 ], [ 94.219929723540901, 27.504908427276845 ], [ 94.205189329516898, 27.5312134419272 ], [ 94.190994876012283, 27.535880460655491 ], [ 94.150595277576087, 27.530364893067514 ], [ 94.105828154984636, 27.493453017671047 ], [ 94.068704199664893, 27.482421882495093 ], [ 94.045228757330349, 27.499392859688868 ], [ 93.942045999162247, 27.511272543724512 ], [ 94.071979842781346, 27.515515288022957 ], [ 94.106374095504052, 27.543941674822534 ], [ 94.106374095504052, 27.554124261138799 ], [ 94.049050340966204, 27.582550647938376 ], [ 94.053417865121475, 27.608007113729045 ], [ 93.941500058642831, 27.637282049388311 ], [ 93.925667783579996, 27.659344319740221 ], [ 93.919662437866521, 27.723409758646731 ], [ 93.890727590337889, 27.742926382419572 ], [ 93.907651746439541, 27.797233509439661 ], [ 93.890181649818487, 27.82014432865126 ], [ 93.910927389555994, 27.830751189397372 ], [ 93.92730560513823, 27.88505831641746 ], [ 93.883630363585581, 27.900756470321703 ], [ 93.882538482546778, 27.909666233348435 ], [ 93.926759664618814, 27.919848819664704 ], [ 93.944775701759283, 27.96439763479837 ], [ 93.961699857860935, 27.97882296541308 ] ] ] } },
{ "type": "Feature", "properties": { "dt_code": "309", "district": "Tinsukia", "st_code": "18", "year": "2011_c", "st_nm": "Assam", "state": "assam" }, "geometry": { "type": "Polygon", "coordinates": [ [ [ 95.484137958125118, 27.241402593151513 ], [ 95.466856789199696, 27.262562935518734 ], [ 95.450904940960854, 27.231234636429605 ], [ 95.441932026326512, 27.256517123413815 ], [ 95.440602705639947, 27.26036445838967 ], [ 95.460542515938499, 27.270532415111582 ], [ 95.445919988386223, 27.294440853890126 ], [ 95.480814656408683, 27.320822579438868 ], [ 95.467521449542986, 27.316700434821875 ], [ 95.448246299587723, 27.335387490418903 ], [ 95.465859798684775, 27.342532541088353 ], [ 95.473835722804196, 27.366990599149165 ], [ 95.453895912505644, 27.374960078742014 ], [ 95.439273384953367, 27.364242502737838 ], [ 95.411357650535393, 27.387051702951851 ], [ 95.390088519550275, 27.39089903792771 ], [ 95.362837445475577, 27.382654748693728 ], [ 95.34854724809496, 27.393921943980171 ], [ 95.30933228784113, 27.38897537043978 ], [ 95.295374420632143, 27.415082286347388 ], [ 95.248183536258907, 27.404639519984347 ], [ 95.251839168146972, 27.434044151585546 ], [ 95.219935471669288, 27.44366248902519 ], [ 95.22890838630363, 27.498624417251733 ], [ 95.266794025870894, 27.509341993255909 ], [ 95.265464705184314, 27.543968008038632 ], [ 95.282745874109736, 27.547265723732224 ], [ 95.27310829913209, 27.57419706856323 ], [ 95.284739855139577, 27.567601637176043 ], [ 95.300359373206788, 27.584639834926271 ], [ 95.318305202475486, 27.587387931337599 ], [ 95.279090242221656, 27.672853729729873 ], [ 95.274769949990315, 27.676975874346866 ], [ 95.270117327587315, 27.680823209322721 ], [ 95.26978499741567, 27.681372828604989 ], [ 95.27377295947538, 27.689067498556703 ], [ 95.279090242221656, 27.690166737121235 ], [ 95.346553267065104, 27.701159122766544 ], [ 95.391750170408486, 27.726716419391884 ], [ 95.405043377274183, 27.769586723408587 ], [ 95.466856789199696, 27.817953220247947 ], [ 95.493110872759459, 27.858075427853322 ], [ 95.515376994259512, 27.859449476058984 ], [ 95.514712333916222, 27.879510579861673 ], [ 95.515044664087867, 27.879785389502807 ], [ 95.519364956319222, 27.883632724478666 ], [ 95.519364956319222, 27.883632724478666 ], [ 95.563564869147683, 27.919357977825918 ], [ 95.570211472580539, 27.936121365935012 ], [ 95.570876132923814, 27.937770223781808 ], [ 95.586163320819381, 27.93694579485841 ], [ 95.606767791461209, 27.954808421532036 ], [ 95.606767791461209, 27.95508323117317 ], [ 95.819126771140802, 27.971297 ], [ 95.819791431484092, 27.971297 ], [ 95.847707165902065, 27.969648142153204 ], [ 95.971666319924736, 27.962503091483754 ], [ 95.969340008723236, 27.960029804713557 ], [ 95.95471748117096, 27.94409084552786 ], [ 95.949067868253039, 27.938045033422942 ], [ 95.952723500141104, 27.920457216390449 ], [ 95.952723500141104, 27.920457216390449 ], [ 95.952723500141104, 27.920182406749316 ], [ 95.929792718297776, 27.902869399357954 ], [ 95.937768642417197, 27.898197635458697 ], [ 95.915502520917144, 27.889403726942451 ], [ 95.925140095894776, 27.881709056990736 ], [ 95.915502520917144, 27.883907534119796 ], [ 95.870970277917039, 27.83334256015138 ], [ 95.870305617573763, 27.832792940869112 ], [ 95.837737260752789, 27.824273841994 ], [ 95.838069590924434, 27.810258550296229 ], [ 95.837737260752789, 27.810258550296229 ], [ 95.837737260752789, 27.809983740655099 ], [ 95.812812497879591, 27.798441735727522 ], [ 95.775923848827276, 27.75364776422289 ], [ 95.779247150543696, 27.734960708625866 ], [ 95.779247150543696, 27.733861470061335 ], [ 95.774594528140696, 27.731937802573405 ], [ 95.761633651446644, 27.727266038674152 ], [ 95.754987048013788, 27.724792751903955 ], [ 95.76528928333471, 27.714624795182047 ], [ 95.76761559453621, 27.687418640709907 ], [ 95.790214046207907, 27.680273590040457 ], [ 95.774926858312341, 27.674502587576669 ], [ 95.770274235909341, 27.658014009108708 ], [ 95.795531328954183, 27.641800240281878 ], [ 95.779911810886986, 27.620914707555791 ], [ 95.788552395349683, 27.603876509805563 ], [ 95.791211036722828, 27.599754365188574 ], [ 95.815803469424381, 27.598655126624042 ], [ 95.815471139252736, 27.597281078418376 ], [ 95.814141818566171, 27.574471878204363 ], [ 95.860668042596117, 27.543143579115231 ], [ 95.863991344312552, 27.543418388756365 ], [ 95.874293579633473, 27.544242817679763 ], [ 95.875622900320039, 27.5126397089495 ], [ 95.886922126155881, 27.497250369046071 ], [ 95.874293579633473, 27.493403034070212 ], [ 95.870637947745394, 27.46674649888034 ], [ 95.853356778819986, 27.457128161440693 ], [ 95.84438386418563, 27.421677717734575 ], [ 95.860003382252842, 27.408212045319072 ], [ 95.857012410708052, 27.420028859887779 ], [ 95.883266494267815, 27.435418199791208 ], [ 95.885592805469315, 27.398318898238294 ], [ 95.907858926969368, 27.43431896122668 ], [ 95.941091944133618, 27.437341867279137 ], [ 95.95471748117096, 27.419754050246645 ], [ 95.969340008723236, 27.427998339480627 ], [ 95.970004669066526, 27.415082286347388 ], [ 95.983297875932223, 27.412059380294927 ], [ 96.015201572409907, 27.368364647354827 ], [ 95.988947488850144, 27.35654783278612 ], [ 95.965352046663526, 27.327967630108319 ], [ 95.975321951812802, 27.324669914414727 ], [ 95.955049811342604, 27.317799673386407 ], [ 95.96003476391725, 27.31092943235809 ], [ 95.897224361476802, 27.282349229680289 ], [ 95.904203295081288, 27.274104940446307 ], [ 95.892239408902157, 27.255417884849283 ], [ 95.856347750364762, 27.271082034393846 ], [ 95.859338721909552, 27.287295803220676 ], [ 95.805168903931815, 27.273005701881775 ], [ 95.800848611700459, 27.284272897168218 ], [ 95.779579480715341, 27.269982795829314 ], [ 95.742026171319736, 27.266685080135723 ], [ 95.720092379991328, 27.249646882385495 ], [ 95.681542080080789, 27.251845359514558 ], [ 95.633686535364262, 27.230410207506207 ], [ 95.609094102662709, 27.226562872530348 ], [ 95.599124197513433, 27.222990347195623 ], [ 95.596797886311933, 27.224639205042418 ], [ 95.579516717386525, 27.235906400328858 ], [ 95.53498447438642, 27.264486603006663 ], [ 95.508730390826656, 27.262013316236466 ], [ 95.503745438252025, 27.248547643820963 ], [ 95.491116891729604, 27.24387587992171 ], [ 95.484137958125118, 27.241402593151513 ] ] ] } },
{ "type": "Feature", "properties": { "dt_code": "308", "district": "Dhemaji", "st_code": "18", "year": "2011_c", "st_nm": "Assam", "state": "assam" }, "geometry": { "type": "Polygon", "coordinates": [ [ [ 95.515044664087867, 27.879785389502807 ], [ 95.514712333916222, 27.879510579861673 ], [ 95.515376994259512, 27.859449476058984 ], [ 95.493110872759459, 27.858075427853322 ], [ 95.466856789199696, 27.817953220247947 ], [ 95.405043377274183, 27.769586723408587 ], [ 95.391750170408486, 27.726716419391884 ], [ 95.346553267065104, 27.701159122766544 ], [ 95.279090242221656, 27.690166737121235 ], [ 95.27377295947538, 27.689067498556703 ], [ 95.26978499741567, 27.681372828604989 ], [ 95.270117327587315, 27.680823209322721 ], [ 95.246521885400696, 27.656639960903043 ], [ 95.204980613945366, 27.658014009108708 ], [ 95.189028765706524, 27.676426255064598 ], [ 95.19634002948267, 27.703632409536738 ], [ 95.19634002948267, 27.704456838460136 ], [ 95.196007699311025, 27.704182028819002 ], [ 95.117910108975025, 27.685769782863112 ], [ 95.092985346101827, 27.660212486237768 ], [ 95.036156886750959, 27.66845677547175 ], [ 95.016881736795696, 27.656365151261909 ], [ 94.996609596325499, 27.65911324767324 ], [ 94.955732985213459, 27.614044466527474 ], [ 94.894584233631235, 27.578868832462486 ], [ 94.793223531280262, 27.482685458066037 ], [ 94.77128973995184, 27.482410648424903 ], [ 94.746364977078656, 27.437616676920271 ], [ 94.731742449526379, 27.443112869742926 ], [ 94.718781572832327, 27.42744872019836 ], [ 94.693192149615854, 27.421677717734575 ], [ 94.690865838414354, 27.393372324697904 ], [ 94.66461175485459, 27.376883746229943 ], [ 94.666605735884445, 27.352425688169131 ], [ 94.638690001466472, 27.33813558683023 ], [ 94.638357671294827, 27.321372198721132 ], [ 94.62207349288434, 27.332914203648706 ], [ 94.62606145494405, 27.337585967547962 ], [ 94.62905242648884, 27.338685206112494 ], [ 94.628720096317195, 27.340059254318156 ], [ 94.62041184202613, 27.362593644891042 ], [ 94.593160767951446, 27.35847150027405 ], [ 94.592496107608156, 27.377708175153341 ], [ 94.536664638772208, 27.347753924269874 ], [ 94.51306919658559, 27.349127972475536 ], [ 94.498114338861669, 27.329891297596248 ], [ 94.460561029466064, 27.332089774725308 ], [ 94.443279860540656, 27.309005764870161 ], [ 94.441618209682431, 27.310105003434693 ], [ 94.426663351958524, 27.337860777189096 ], [ 94.406058881316682, 27.330715726519646 ], [ 94.39010703307784, 27.350502020681201 ], [ 94.339592846988182, 27.336761538624565 ], [ 94.333610903898602, 27.327692820467185 ], [ 94.311344782398564, 27.318898911950939 ], [ 94.309683131540339, 27.318898911950939 ], [ 94.299048566047787, 27.350502020681201 ], [ 94.24720505927155, 27.391998276492242 ], [ 94.264818558368603, 27.399692946443956 ], [ 94.268474190256669, 27.397769278956027 ], [ 94.290407981585076, 27.383204367975992 ], [ 94.293066622958222, 27.385677654746189 ], [ 94.305362839308998, 27.396944850032629 ], [ 94.307024490167208, 27.434868580508944 ], [ 94.307024490167208, 27.435967819073475 ], [ 94.277779435062655, 27.466471689239206 ], [ 94.269803510943234, 27.51236489930837 ], [ 94.269471180771603, 27.515662615001961 ], [ 94.268474190256669, 27.515387805360827 ], [ 94.265815548883523, 27.520059569260084 ], [ 94.258171954935747, 27.534899289881253 ], [ 94.258504285107392, 27.555510012966206 ], [ 94.224938937771498, 27.57419706856323 ], [ 94.226600588629708, 27.597830697700644 ], [ 94.209984080047576, 27.603876509805563 ], [ 94.212642721420721, 27.606899415858024 ], [ 94.223609617084932, 27.618166611144463 ], [ 94.237567484293919, 27.632731522124498 ], [ 94.246208068756616, 27.63383076068903 ], [ 94.256177973905892, 27.635204808894692 ], [ 94.261495256652182, 27.636029237818089 ], [ 94.264818558368603, 27.630807854636569 ], [ 94.266480209226813, 27.628334567866375 ], [ 94.267144869570103, 27.627510138942977 ], [ 94.257507294592472, 27.61789180150333 ], [ 94.254516323047682, 27.614319276168604 ], [ 94.277447104891024, 27.589586408466662 ], [ 94.298051575532853, 27.601952842317633 ], [ 94.362855959003156, 27.575021497486627 ], [ 94.364517609861366, 27.574746687845494 ], [ 94.431648304533155, 27.600303984470838 ], [ 94.431648304533155, 27.600303984470838 ], [ 94.4319806347048, 27.600303984470838 ], [ 94.461890350152629, 27.555510012966206 ], [ 94.477842198391471, 27.576120736051159 ], [ 94.498778999204958, 27.5722734010753 ], [ 94.54464056289163, 27.601128413394235 ], [ 94.573885617996169, 27.603876509805563 ], [ 94.587511155033511, 27.618441420785597 ], [ 94.633040388548551, 27.624212423249382 ], [ 94.662617773824735, 27.645372765616603 ], [ 94.682557584123288, 27.645922384898867 ], [ 94.687874866869564, 27.665159059778158 ], [ 94.708811667683051, 27.656639960903043 ], [ 94.725095846093538, 27.669006394754014 ], [ 94.754340901198077, 27.660762105520035 ], [ 94.793555861451892, 27.695388120302756 ], [ 94.840746745825143, 27.700609503484277 ], [ 94.85237830183263, 27.727815657956416 ], [ 94.961714928303024, 27.761617243815738 ], [ 95.136188268415367, 27.815754743118884 ], [ 95.208968576005077, 27.837739514409503 ], [ 95.248848196602182, 27.850105948260474 ], [ 95.308667627497854, 27.868243384575234 ], [ 95.379453954057709, 27.839388372256298 ], [ 95.515044664087867, 27.879785389502807 ] ] ] } },
{ "type": "Feature", "properties": { "dt_code": "310", "district": "Dibrugarh", "st_code": "18", "year": "2011_c", "st_nm": "Assam", "state": "assam" }, "geometry": { "type": "Polygon", "coordinates": [ [ [ 95.270117327587315, 27.680823209322721 ], [ 95.274769949990315, 27.676975874346866 ], [ 95.279090242221656, 27.672853729729873 ], [ 95.318305202475486, 27.587387931337599 ], [ 95.300359373206788, 27.584639834926271 ], [ 95.284739855139577, 27.567601637176043 ], [ 95.27310829913209, 27.57419706856323 ], [ 95.282745874109736, 27.547265723732224 ], [ 95.265464705184314, 27.543968008038632 ], [ 95.266794025870894, 27.509341993255909 ], [ 95.22890838630363, 27.498624417251733 ], [ 95.219935471669288, 27.44366248902519 ], [ 95.251839168146972, 27.434044151585546 ], [ 95.248183536258907, 27.404639519984347 ], [ 95.295374420632143, 27.415082286347388 ], [ 95.30933228784113, 27.38897537043978 ], [ 95.34854724809496, 27.393921943980171 ], [ 95.362837445475577, 27.382654748693728 ], [ 95.390088519550275, 27.39089903792771 ], [ 95.411357650535393, 27.387051702951851 ], [ 95.439273384953367, 27.364242502737838 ], [ 95.453895912505644, 27.374960078742014 ], [ 95.473835722804196, 27.366990599149165 ], [ 95.465859798684775, 27.342532541088353 ], [ 95.448246299587723, 27.335387490418903 ], [ 95.467521449542986, 27.316700434821875 ], [ 95.480814656408683, 27.320822579438868 ], [ 95.445919988386223, 27.294440853890126 ], [ 95.460542515938499, 27.270532415111582 ], [ 95.440602705639947, 27.26036445838967 ], [ 95.441932026326512, 27.256517123413815 ], [ 95.450904940960854, 27.231234636429605 ], [ 95.466856789199696, 27.262562935518734 ], [ 95.484137958125118, 27.241402593151513 ], [ 95.468850770229551, 27.221066679707693 ], [ 95.458880865080275, 27.20760100729219 ], [ 95.466524459028065, 27.181768901025716 ], [ 95.453231252162354, 27.157310842964904 ], [ 95.46220416679671, 27.14989098265432 ], [ 95.455557563363854, 27.135051262033155 ], [ 95.453231252162354, 27.1295550692105 ], [ 95.448910959930998, 27.132303165621828 ], [ 95.440935035811577, 27.129005449928236 ], [ 95.439605715125012, 27.125982543875775 ], [ 95.433956102207091, 27.125982543875775 ], [ 95.397399783326406, 27.110593203972343 ], [ 95.378789293714419, 27.098501579762502 ], [ 95.376462982512933, 27.096852721915706 ], [ 95.371145699766643, 27.093555006222115 ], [ 95.369151718736788, 27.105097011149688 ], [ 95.368487058393512, 27.109768775048945 ], [ 95.358184823072591, 27.165829941840016 ], [ 95.356190842042736, 27.168303228610213 ], [ 95.337248022259104, 27.183692568513646 ], [ 95.327942777453117, 27.186165855283839 ], [ 95.31398491024413, 27.183692568513646 ], [ 95.286401505997802, 27.196333812005747 ], [ 95.284075194796301, 27.197433050570279 ], [ 95.269452667244025, 27.190013190259698 ], [ 95.257821111236538, 27.183967378154776 ], [ 95.254497809520117, 27.193036096312156 ], [ 95.237216640594696, 27.189738380618564 ], [ 95.236884310423051, 27.189738380618564 ], [ 95.237548970766341, 27.169952086457009 ], [ 95.237548970766341, 27.169677276815875 ], [ 95.219935471669288, 27.165005512916618 ], [ 95.210962557034932, 27.174074231073998 ], [ 95.212956538064788, 27.165829941840016 ], [ 95.19501070879609, 27.155112365835841 ], [ 95.194678378624459, 27.155112365835841 ], [ 95.183379152788604, 27.163081845428692 ], [ 95.180055851072183, 27.141921503061472 ], [ 95.170418276094551, 27.144944409113933 ], [ 95.162110021803485, 27.127906211363705 ], [ 95.154134097684064, 27.136150500597687 ], [ 95.15313710716913, 27.124058876387846 ], [ 95.135855938243722, 27.13862378736788 ], [ 95.123892052064591, 27.130104688492764 ], [ 95.116248458116814, 27.136150500597687 ], [ 95.11525146760188, 27.127081782440307 ], [ 95.112592826228749, 27.136425310238817 ], [ 95.065069611683853, 27.135600881315419 ], [ 95.04878543327338, 27.155387175476974 ], [ 94.978331436885156, 27.14796731516639 ], [ 94.984313379974722, 27.168578038251344 ], [ 94.968693861907525, 27.224364395401285 ], [ 94.891593262086445, 27.162257416505291 ], [ 94.837091113937078, 27.097402341197974 ], [ 94.835429463078853, 27.092180958016449 ], [ 94.833103151877367, 27.092455767657583 ], [ 94.832106161362432, 27.091356529093051 ], [ 94.808510719175814, 27.096577912274576 ], [ 94.817483633810156, 27.114440538948202 ], [ 94.760655174459288, 27.129829878851631 ], [ 94.753343910683142, 27.14054745485581 ], [ 94.778601003727985, 27.171051325021541 ], [ 94.768298768407064, 27.184791807078174 ], [ 94.780927314929485, 27.199631527699342 ], [ 94.765972457205564, 27.220242250784295 ], [ 94.769960419265274, 27.237830067816788 ], [ 94.741380024504011, 27.247173595615301 ], [ 94.750020608966722, 27.268059128341388 ], [ 94.7373920624443, 27.274654559728571 ], [ 94.717784582317393, 27.263112554800998 ], [ 94.720775553862183, 27.245524737768505 ], [ 94.694853800474064, 27.271906463317244 ], [ 94.678237291891932, 27.243326260639442 ], [ 94.642013303182893, 27.246623976333034 ], [ 94.593493098123076, 27.146318457319595 ], [ 94.593160767951446, 27.145494028396197 ], [ 94.593160767951446, 27.145768838037331 ], [ 94.592828437779801, 27.145768838037331 ], [ 94.563915712846892, 27.181219281743449 ], [ 94.570562316279748, 27.184516997437044 ], [ 94.574550278339458, 27.191662048106494 ], [ 94.58651416451859, 27.26723469941799 ], [ 94.613765238593274, 27.306532478099967 ], [ 94.606453974817143, 27.328792059031716 ], [ 94.62606145494405, 27.337585967547962 ], [ 94.62207349288434, 27.332914203648706 ], [ 94.638357671294827, 27.321372198721132 ], [ 94.638690001466472, 27.33813558683023 ], [ 94.666605735884445, 27.352425688169131 ], [ 94.66461175485459, 27.376883746229943 ], [ 94.690865838414354, 27.393372324697904 ], [ 94.693192149615854, 27.421677717734575 ], [ 94.718781572832327, 27.42744872019836 ], [ 94.731742449526379, 27.443112869742926 ], [ 94.746364977078656, 27.437616676920271 ], [ 94.77128973995184, 27.482410648424903 ], [ 94.793223531280262, 27.482685458066037 ], [ 94.894584233631235, 27.578868832462486 ], [ 94.955732985213459, 27.614044466527474 ], [ 94.996609596325499, 27.65911324767324 ], [ 95.016881736795696, 27.656365151261909 ], [ 95.036156886750959, 27.66845677547175 ], [ 95.092985346101827, 27.660212486237768 ], [ 95.117910108975025, 27.685769782863112 ], [ 95.196007699311025, 27.704182028819002 ], [ 95.19634002948267, 27.704456838460136 ], [ 95.19634002948267, 27.703632409536738 ], [ 95.189028765706524, 27.676426255064598 ], [ 95.204980613945366, 27.658014009108708 ], [ 95.246521885400696, 27.656639960903043 ], [ 95.270117327587315, 27.680823209322721 ] ] ] } },
{ "type": "Feature", "properties": { "dt_code": "307", "district": "Lakhimpur", "st_code": "18", "year": "2011_c", "st_nm": "Assam", "state": "assam" }, "geometry": { "type": "Polygon", "coordinates": [ [ [ 94.265815548883523, 27.520059569260084 ], [ 94.268474190256669, 27.515387805360827 ], [ 94.269471180771603, 27.515662615001961 ], [ 94.269803510943234, 27.51236489930837 ], [ 94.277779435062655, 27.466471689239206 ], [ 94.307024490167208, 27.435967819073475 ], [ 94.307024490167208, 27.434868580508944 ], [ 94.305362839308998, 27.396944850032629 ], [ 94.293066622958222, 27.385677654746189 ], [ 94.290407981585076, 27.383204367975992 ], [ 94.268474190256669, 27.397769278956027 ], [ 94.264818558368603, 27.399692946443956 ], [ 94.24720505927155, 27.391998276492242 ], [ 94.299048566047787, 27.350502020681201 ], [ 94.309683131540339, 27.318898911950939 ], [ 94.311344782398564, 27.318898911950939 ], [ 94.333610903898602, 27.327692820467185 ], [ 94.339592846988182, 27.336761538624565 ], [ 94.39010703307784, 27.350502020681201 ], [ 94.406058881316682, 27.330715726519646 ], [ 94.426663351958524, 27.337860777189096 ], [ 94.441618209682431, 27.310105003434693 ], [ 94.443279860540656, 27.309005764870161 ], [ 94.460561029466064, 27.332089774725308 ], [ 94.498114338861669, 27.329891297596248 ], [ 94.51306919658559, 27.349127972475536 ], [ 94.536664638772208, 27.347753924269874 ], [ 94.592496107608156, 27.377708175153341 ], [ 94.593160767951446, 27.35847150027405 ], [ 94.62041184202613, 27.362593644891042 ], [ 94.628720096317195, 27.340059254318156 ], [ 94.62905242648884, 27.338685206112494 ], [ 94.62606145494405, 27.337585967547962 ], [ 94.606453974817143, 27.328792059031716 ], [ 94.613765238593274, 27.306532478099967 ], [ 94.58651416451859, 27.26723469941799 ], [ 94.574550278339458, 27.191662048106494 ], [ 94.570562316279748, 27.184516997437044 ], [ 94.563915712846892, 27.181219281743449 ], [ 94.530682695682643, 27.164455893634354 ], [ 94.526694733622932, 27.161982606864161 ], [ 94.533341337055788, 27.14769250552526 ], [ 94.51074288538409, 27.142196312702605 ], [ 94.507087253496024, 27.121585589617652 ], [ 94.479503849249681, 27.13889859700901 ], [ 94.467872293242195, 27.113616110024804 ], [ 94.433974615734655, 27.119112302847455 ], [ 94.418687427839103, 27.093005386939851 ], [ 94.369834892607642, 27.098776389403636 ], [ 94.339592846988182, 27.082013001294541 ], [ 94.322644008234406, 27.087784003758326 ], [ 94.312009442741839, 27.071020615649232 ], [ 94.27877642557759, 27.094929054427777 ], [ 94.254848653219327, 27.088333623040594 ], [ 94.234244182577484, 27.071570234931496 ], [ 94.223941947256563, 27.031997646608385 ], [ 94.187385628375893, 27.03529536230198 ], [ 94.189047279234103, 27.004516682495115 ], [ 94.185723977517682, 27.003417443930584 ], [ 94.133880470741431, 26.988302913668285 ], [ 94.134212800913076, 26.969066238788997 ], [ 94.083033954480129, 26.960272330272748 ], [ 94.080042982935339, 26.959997520631617 ], [ 94.060103172636786, 26.98280672084563 ], [ 94.059770842465156, 26.98280672084563 ], [ 94.025873164957602, 26.95752423386142 ], [ 94.024211514099392, 26.955875376014625 ], [ 94.024211514099392, 26.951203612115368 ], [ 94.022882193412826, 26.932516556518344 ], [ 94.022882193412826, 26.93196693723608 ], [ 94.021885202897892, 26.93224174687721 ], [ 93.996628109853063, 26.942134893957991 ], [ 93.97569130903959, 26.924272267284362 ], [ 93.973697328009735, 26.922623409437566 ], [ 93.963062762517168, 26.924272267284362 ], [ 93.962398102173879, 26.926745554054559 ], [ 93.93780566947234, 26.930318079389284 ], [ 93.93248838672605, 26.929218840824753 ], [ 93.925177122949918, 26.927844792619087 ], [ 93.920524500546918, 26.926745554054559 ], [ 93.917865859173787, 26.910806594868859 ], [ 93.916868868658852, 26.908333308098666 ], [ 93.891944105785655, 26.892669158554099 ], [ 93.891944105785655, 26.892394348912969 ], [ 93.891279445442379, 26.864913384799696 ], [ 93.835447976606432, 26.851172902743063 ], [ 93.835115646434787, 26.850898093101929 ], [ 93.823816420598945, 26.825065986835455 ], [ 93.797894667210826, 26.823417128988659 ], [ 93.769978932792853, 26.84485228099701 ], [ 93.789254082748116, 26.859142382335911 ], [ 93.788921752576471, 26.860241620900442 ], [ 93.782275149143615, 26.881127153626526 ], [ 93.780613498285405, 26.885798917525783 ], [ 93.739404557001734, 26.898440161017888 ], [ 93.749042131979365, 26.91382950092132 ], [ 93.744057179404734, 26.958073853143688 ], [ 93.697863285546418, 26.994073916132074 ], [ 93.697530955374773, 26.994348725773204 ], [ 93.697530955374773, 26.994348725773204 ], [ 93.723452708762892, 27.021005260963079 ], [ 93.767320291419708, 27.039417506918969 ], [ 93.770643593136128, 27.062226707132986 ], [ 93.778287187083905, 27.049035844358613 ], [ 93.78094582845705, 27.065524422826577 ], [ 93.783604469830195, 27.05150913112881 ], [ 93.800220978412312, 27.057829752874863 ], [ 93.793574374979471, 27.072394663854894 ], [ 93.803211949957102, 27.058104562515993 ], [ 93.810523213733234, 27.067448090314507 ], [ 93.829133703345221, 27.066898471032243 ], [ 93.837774287807932, 27.085585526629266 ], [ 93.82514574128551, 27.116639016077261 ], [ 93.797562337039182, 27.136425310238817 ], [ 93.805205930986958, 27.137249739162215 ], [ 93.805870591330248, 27.148791744089792 ], [ 93.991310827106787, 27.328517249390583 ], [ 94.059770842465156, 27.361769215967641 ], [ 94.089680557912985, 27.40711280675454 ], [ 94.159469893957919, 27.46179992533995 ], [ 94.156478922413129, 27.474990788114319 ], [ 94.219621655025207, 27.504945038997786 ], [ 94.232250201547629, 27.509067183614775 ], [ 94.241223116181985, 27.513189328231768 ], [ 94.245875738584971, 27.513464137872901 ], [ 94.265815548883523, 27.520059569260084 ] ] ] } },
{ "type": "Feature", "properties": { "dt_code": "311", "district": "Sivasagar", "st_code": "18", "year": "2011_c", "st_nm": "Assam", "state": "assam" }, "geometry": { "type": "Polygon", "coordinates": [ [ [ 94.592828437779801, 27.145768838037331 ], [ 94.593160767951446, 27.145768838037331 ], [ 94.593160767951446, 27.145494028396197 ], [ 94.593493098123076, 27.146318457319595 ], [ 94.642013303182893, 27.246623976333034 ], [ 94.678237291891932, 27.243326260639442 ], [ 94.694853800474064, 27.271906463317244 ], [ 94.720775553862183, 27.245524737768505 ], [ 94.717784582317393, 27.263112554800998 ], [ 94.7373920624443, 27.274654559728571 ], [ 94.750020608966722, 27.268059128341388 ], [ 94.741380024504011, 27.247173595615301 ], [ 94.769960419265274, 27.237830067816788 ], [ 94.765972457205564, 27.220242250784295 ], [ 94.780927314929485, 27.199631527699342 ], [ 94.768298768407064, 27.184791807078174 ], [ 94.778601003727985, 27.171051325021541 ], [ 94.753343910683142, 27.14054745485581 ], [ 94.760655174459288, 27.129829878851631 ], [ 94.817483633810156, 27.114440538948202 ], [ 94.808510719175814, 27.096577912274576 ], [ 94.832106161362432, 27.091356529093051 ], [ 94.833103151877367, 27.092455767657583 ], [ 94.835429463078853, 27.092180958016449 ], [ 94.836758783765433, 27.091906148375319 ], [ 94.824794897586301, 27.057005323951465 ], [ 94.829779850160932, 27.016333497063822 ], [ 94.805852077802669, 26.997646441466799 ], [ 94.809507709690735, 26.991600629361876 ], [ 94.787241588190682, 26.996822012543401 ], [ 94.733736430556235, 26.932516556518344 ], [ 94.756667212399577, 26.922623409437566 ], [ 94.848058009601274, 26.929218840824753 ], [ 94.909871421526788, 26.969615858071261 ], [ 94.900566176720801, 26.983631149769028 ], [ 94.926487930108919, 26.993249487208672 ], [ 94.939116476631327, 26.987203675103753 ], [ 94.941775118004472, 26.95944790134935 ], [ 94.924161618907419, 26.94845551570404 ], [ 94.905883459467077, 26.937463130058735 ], [ 94.889266950884945, 26.928944031183619 ], [ 94.882620347452104, 26.92317302871983 ], [ 94.871321121616248, 26.913279881639056 ], [ 94.866003838869972, 26.90888292738093 ], [ 94.85005199063113, 26.874806531880473 ], [ 94.817483633810156, 26.847875187049468 ], [ 94.817483633810156, 26.847600377408337 ], [ 94.81449266226538, 26.8195697940128 ], [ 94.795217512310103, 26.814348410831279 ], [ 94.794885182138472, 26.814073601190145 ], [ 94.802528776086248, 26.80143235769804 ], [ 94.788570908877261, 26.797310213081051 ], [ 94.790897220078762, 26.797035403439917 ], [ 94.769960419265274, 26.789065923847069 ], [ 94.758328863257788, 26.765981913991922 ], [ 94.740050703817445, 26.77614987071383 ], [ 94.73639507192938, 26.749493335523958 ], [ 94.73705973227267, 26.762409388657197 ], [ 94.692195159100919, 26.731905518491462 ], [ 94.620079511854485, 26.712394033971041 ], [ 94.609444946361918, 26.737126901672987 ], [ 94.609112616190288, 26.736852092031853 ], [ 94.608115625675353, 26.736852092031853 ], [ 94.596816399839511, 26.73465361490279 ], [ 94.594822418809656, 26.729981851003537 ], [ 94.5858495041753, 26.725035277463146 ], [ 94.5835231929738, 26.727233754592209 ], [ 94.572556297309603, 26.752241431935285 ], [ 94.556272118899116, 26.756363576552275 ], [ 94.549625515466261, 26.74866890660056 ], [ 94.512072206070656, 26.771752916455707 ], [ 94.524368422421432, 26.788791114205935 ], [ 94.515395507787076, 26.794836926310854 ], [ 94.526030073279642, 26.799783499851245 ], [ 94.50376395177959, 26.826165225399983 ], [ 94.485818122510892, 26.83083698929924 ], [ 94.496452688003458, 26.866837052287625 ], [ 94.492797056115393, 26.882226392191058 ], [ 94.474186566503406, 26.892394348912969 ], [ 94.482162490622827, 26.905310402046204 ], [ 94.473854236331761, 26.935264652929671 ], [ 94.418022767495813, 26.94323413252252 ], [ 94.405726551145037, 26.933066175800612 ], [ 94.397418296853985, 26.951203612115368 ], [ 94.39708596668234, 26.950928802474238 ], [ 94.39542431582413, 26.954776137450093 ], [ 94.39542431582413, 26.954776137450093 ], [ 94.39542431582413, 26.955050947091227 ], [ 94.460228699294419, 26.995447964337735 ], [ 94.475515887189971, 27.030898408043857 ], [ 94.501769970749734, 27.039967126201237 ], [ 94.544308232719985, 27.07679161811302 ], [ 94.592828437779801, 27.145768838037331 ] ] ] } },
{ "type": "Feature", "properties": { "dt_code": "312", "district": "Jorhat", "st_code": "18", "year": "2011_c", "st_nm": "Assam", "state": "assam" }, "geometry": { "type": "Polygon", "coordinates": [ [ [ 94.39708596668234, 26.950928802474238 ], [ 94.397418296853985, 26.951203612115368 ], [ 94.405726551145037, 26.933066175800612 ], [ 94.418022767495813, 26.94323413252252 ], [ 94.473854236331761, 26.935264652929671 ], [ 94.482162490622827, 26.905310402046204 ], [ 94.474186566503406, 26.892394348912969 ], [ 94.492797056115393, 26.882226392191058 ], [ 94.496452688003458, 26.866837052287625 ], [ 94.485818122510892, 26.83083698929924 ], [ 94.50376395177959, 26.826165225399983 ], [ 94.526030073279642, 26.799783499851245 ], [ 94.515395507787076, 26.794836926310854 ], [ 94.524368422421432, 26.788791114205935 ], [ 94.512072206070656, 26.771752916455707 ], [ 94.549625515466261, 26.74866890660056 ], [ 94.556272118899116, 26.756363576552275 ], [ 94.572556297309603, 26.752241431935285 ], [ 94.5835231929738, 26.727233754592209 ], [ 94.5858495041753, 26.725035277463146 ], [ 94.59116678692159, 26.720913132846157 ], [ 94.594822418809656, 26.718165036434829 ], [ 94.601469022242497, 26.712943653253305 ], [ 94.602798342929077, 26.711569605047643 ], [ 94.595487079152932, 26.71431770145897 ], [ 94.593493098123076, 26.715142130382368 ], [ 94.593825428294721, 26.697279503708742 ], [ 94.577208919712604, 26.700852029043467 ], [ 94.566906684391682, 26.683539021652106 ], [ 94.559263090443906, 26.686561927704567 ], [ 94.562254061988682, 26.70524898330159 ], [ 94.520712790533366, 26.699203171196672 ], [ 94.517389488816946, 26.682164973446444 ], [ 94.508084244010945, 26.685462689140035 ], [ 94.492464725943748, 26.665951204619613 ], [ 94.460228699294419, 26.661829060002621 ], [ 94.452917435518287, 26.652760341845244 ], [ 94.465545982040695, 26.633248857324819 ], [ 94.451255784660077, 26.63627176337728 ], [ 94.402735579600261, 26.610714466751936 ], [ 94.413370145092827, 26.577187690533748 ], [ 94.400741598570406, 26.534317386517042 ], [ 94.376149165868853, 26.521950952666071 ], [ 94.372161203809142, 26.506011993480374 ], [ 94.347568771107603, 26.504637945274709 ], [ 94.352886053853879, 26.490347843935808 ], [ 94.352886053853879, 26.490073034294678 ], [ 94.352553723682234, 26.490073034294678 ], [ 94.325302649607551, 26.48210355470183 ], [ 94.316329734973195, 26.458469925564415 ], [ 94.31367109360005, 26.460668402693475 ], [ 94.289743321241787, 26.479905077572766 ], [ 94.284093708323866, 26.560699112065784 ], [ 94.282432057465655, 26.559599873501252 ], [ 94.243549427383485, 26.51892804661361 ], [ 94.236570493778984, 26.506286803121505 ], [ 94.183065336144537, 26.455447019511954 ], [ 94.171766110308681, 26.429889722886614 ], [ 94.171101449965406, 26.37190488860761 ], [ 94.171101449965406, 26.36283617045023 ], [ 94.163457856017629, 26.351019355881522 ], [ 94.161131544816129, 26.347721640187931 ], [ 94.137536102629511, 26.348820878752463 ], [ 94.121584254390669, 26.385095751381979 ], [ 94.115269981129458, 26.420821004729234 ], [ 94.114937650957813, 26.424668339705089 ], [ 94.126901537136945, 26.450500445971567 ], [ 94.103638425121972, 26.462866879822538 ], [ 94.097324151860761, 26.484302031830889 ], [ 94.116266971644379, 26.544760152880087 ], [ 94.105632406151827, 26.549706726420474 ], [ 94.114605320786168, 26.554928109601995 ], [ 94.106961726838392, 26.569767830223164 ], [ 94.097324151860761, 26.568118972376368 ], [ 94.099650463062261, 26.57663807125148 ], [ 94.078049001905484, 26.574439594122421 ], [ 94.082369294136839, 26.584882360485462 ], [ 94.068743757099497, 26.594225888283976 ], [ 94.085027935509984, 26.607141941417211 ], [ 94.077384341562208, 26.614561801727795 ], [ 94.097988812204036, 26.641767956199935 ], [ 94.082369294136839, 26.66155425036149 ], [ 94.056779870920366, 26.662928298567152 ], [ 94.053788899375576, 26.679142067393983 ], [ 94.043486664054669, 26.681065734881912 ], [ 94.048803946800945, 26.687935975910229 ], [ 94.035843070106893, 26.709645937559714 ], [ 94.044151324397944, 26.713218462894439 ], [ 94.0461453054278, 26.738500949878649 ], [ 94.004604033972484, 26.744271952342437 ], [ 93.997625100367998, 26.766256723633052 ], [ 93.972368007323155, 26.768180391120982 ], [ 93.972368007323155, 26.779172776766291 ], [ 93.987655195218721, 26.786592637076875 ], [ 93.97336499783809, 26.796210974516519 ], [ 93.980011601270931, 26.810775885496554 ], [ 94.00825966586055, 26.834134704992834 ], [ 94.00825966586055, 26.834409514633965 ], [ 93.999619081397853, 26.866562242646495 ], [ 93.999619081397853, 26.866837052287625 ], [ 94.128563187995155, 26.892394348912969 ], [ 94.192702911122169, 26.912180643074525 ], [ 94.2093194197043, 26.926470744413425 ], [ 94.253519332532761, 26.908333308098666 ], [ 94.304698178965708, 26.909432546663197 ], [ 94.312009442741839, 26.878379057215199 ], [ 94.32131468754784, 26.880302724703128 ], [ 94.367176251234511, 26.913005071997922 ], [ 94.372825864152432, 26.917951645538309 ], [ 94.379804797756918, 26.927569982977957 ], [ 94.39708596668234, 26.950928802474238 ] ] ] } },
{ "type": "Feature", "properties": { "dt_code": "306", "district": "Sonitpur", "st_code": "18", "year": "2011_c", "st_nm": "Assam", "state": "assam" }, "geometry": { "type": "Polygon", "coordinates": [ [ [ 93.061783337022575, 26.922073790155302 ], [ 93.061118676679285, 26.87233324511028 ], [ 93.043172847410588, 26.850898093101929 ], [ 93.064109648224075, 26.822317890424127 ], [ 93.057795374962865, 26.803081215544836 ], [ 93.074411883544997, 26.768180391120982 ], [ 93.068097610283786, 26.746745239112631 ], [ 93.087372760239049, 26.712394033971041 ], [ 93.084049458522628, 26.701676457966865 ], [ 93.103656938649536, 26.695355836220813 ], [ 93.123264418776444, 26.659630582873561 ], [ 93.144201219589931, 26.594500697925106 ], [ 93.145198210104851, 26.591752601513779 ], [ 93.126920050664509, 26.586256408691128 ], [ 93.099004316246535, 26.577737309816012 ], [ 93.09667800504505, 26.576912880892614 ], [ 93.095681014530115, 26.577737309816012 ], [ 93.071088581828562, 26.597798413618701 ], [ 93.013927792306049, 26.597523603977567 ], [ 92.992990991492562, 26.613737372804398 ], [ 92.951117389865601, 26.620332804191584 ], [ 92.916887382186417, 26.59477550756624 ], [ 92.842113093566851, 26.584332741203198 ], [ 92.79458987902197, 26.557126586731059 ], [ 92.771326767006983, 26.555752538525397 ], [ 92.74906064550693, 26.511782995944159 ], [ 92.748395985163654, 26.510958567020761 ], [ 92.728788505036746, 26.517828808049082 ], [ 92.721477241260601, 26.536241054004972 ], [ 92.688576554267996, 26.509859328456233 ], [ 92.662987131051523, 26.522225762307205 ], [ 92.575916626081167, 26.499691371734322 ], [ 92.522743798618365, 26.507935660968304 ], [ 92.467576990125693, 26.496118846399597 ], [ 92.443316887595785, 26.517553998407948 ], [ 92.419056785065891, 26.517004379125684 ], [ 92.419056785065891, 26.514531092355487 ], [ 92.368874929147864, 26.509859328456233 ], [ 92.359569684341864, 26.50546237419811 ], [ 92.351593760222443, 26.508210470609434 ], [ 92.347273467991101, 26.50766085132717 ], [ 92.340626864558246, 26.502439468145649 ], [ 92.331986280095535, 26.515080711637754 ], [ 92.33165394992389, 26.515080711637754 ], [ 92.331986280095535, 26.515355521278885 ], [ 92.354252401595588, 26.53486700579931 ], [ 92.380506485155351, 26.527721955129859 ], [ 92.360899005028443, 26.558775444577854 ], [ 92.366216287774719, 26.566195304888438 ], [ 92.352258420565732, 26.570042639864297 ], [ 92.359902014513509, 26.583233502638667 ], [ 92.360899005028443, 26.582958692997533 ], [ 92.362228325715009, 26.585157170126596 ], [ 92.360566674856798, 26.594500697925106 ], [ 92.353587741252298, 26.603294606441356 ], [ 92.358572693826943, 26.605493083570416 ], [ 92.375853862752351, 26.613737372804398 ], [ 92.375853862752351, 26.629401522348964 ], [ 92.395461342879258, 26.626928235578767 ], [ 92.399116974767338, 26.63847024050634 ], [ 92.395129012707628, 26.642317575482199 ], [ 92.363225316229943, 26.643142004405597 ], [ 92.364222306744864, 26.69810393263214 ], [ 92.344614826617956, 26.692882549450619 ], [ 92.352923080909022, 26.6868367373457 ], [ 92.348935118849312, 26.664027537131684 ], [ 92.331321619752259, 26.662653488926018 ], [ 92.33231861026718, 26.694531407297415 ], [ 92.346276477476167, 26.704974173660457 ], [ 92.331986280095535, 26.722012371410685 ], [ 92.341956185244811, 26.729157422080135 ], [ 92.331986280095535, 26.725035277463146 ], [ 92.337303562841811, 26.733004757055994 ], [ 92.323678025804469, 26.739050569160916 ], [ 92.324342686147759, 26.739325378802047 ], [ 92.334312591297035, 26.742073475213374 ], [ 92.327998318035824, 26.756913195834542 ], [ 92.33630657232689, 26.765707104350788 ], [ 92.328662978379114, 26.771752916455707 ], [ 92.340294534386601, 26.771203297173443 ], [ 92.328662978379114, 26.81050107585542 ], [ 92.327998318035824, 26.812699552984483 ], [ 92.32999229906568, 26.820394222936198 ], [ 92.336638902498535, 26.845676709920408 ], [ 92.346608807647812, 26.883325630755589 ], [ 92.356246382625443, 26.920699741949637 ], [ 92.357575703312008, 26.925921125131161 ], [ 92.360234344685153, 26.925646315490027 ], [ 92.398119984252403, 26.92482188656663 ], [ 92.41207785146139, 26.942959322881386 ], [ 92.425703388498732, 26.94103565539346 ], [ 92.447304849655495, 26.958898282067086 ], [ 92.562955749387115, 26.957799043502554 ], [ 92.569934682991601, 26.95944790134935 ], [ 92.59818274758122, 26.966043332736536 ], [ 92.600841388954365, 26.966867761659934 ], [ 92.64470897161118, 26.986654055821489 ], [ 92.656672857790312, 27.008364017470974 ], [ 92.660660819850023, 27.012760971729097 ], [ 92.672292375857509, 27.031722836967255 ], [ 92.676612668088865, 27.030623598402723 ], [ 92.722806561947181, 27.018257164551752 ], [ 92.778305700611483, 27.022928928451009 ], [ 92.781629002327904, 27.022104499527607 ], [ 92.811206387604088, 27.016058687422689 ], [ 92.886645336566957, 26.999844918595858 ], [ 92.918216702872996, 26.982531911204497 ], [ 92.917219712358062, 26.963020426684075 ], [ 93.021571386253825, 26.913554691280186 ], [ 93.061783337022575, 26.922073790155302 ], [ 93.061783337022575, 26.922073790155302 ] ] ] } },
{ "type": "Feature", "properties": { "dt_code": "313", "district": "Golaghat", "st_code": "18", "year": "2011_c", "st_nm": "Assam", "state": "assam" }, "geometry": { "type": "Polygon", "coordinates": [ [ [ 93.769978932792853, 26.84485228099701 ], [ 93.797894667210826, 26.823417128988659 ], [ 93.823816420598945, 26.825065986835455 ], [ 93.835115646434787, 26.850898093101929 ], [ 93.835447976606432, 26.851172902743063 ], [ 93.891279445442379, 26.864913384799696 ], [ 93.891944105785655, 26.892394348912969 ], [ 93.891944105785655, 26.892669158554099 ], [ 93.916868868658852, 26.908333308098666 ], [ 93.917865859173787, 26.910806594868859 ], [ 93.920524500546918, 26.926745554054559 ], [ 93.925177122949918, 26.927844792619087 ], [ 93.93248838672605, 26.929218840824753 ], [ 93.93780566947234, 26.930318079389284 ], [ 93.962398102173879, 26.926745554054559 ], [ 93.963062762517168, 26.924272267284362 ], [ 93.967383054748524, 26.906959259893004 ], [ 93.956748489255958, 26.892119539271835 ], [ 93.97336499783809, 26.873432483674812 ], [ 93.998289760711273, 26.871783625828016 ], [ 93.999619081397853, 26.866837052287625 ], [ 93.999619081397853, 26.866562242646495 ], [ 94.00825966586055, 26.834409514633965 ], [ 94.00825966586055, 26.834134704992834 ], [ 93.980011601270931, 26.810775885496554 ], [ 93.97336499783809, 26.796210974516519 ], [ 93.987655195218721, 26.786592637076875 ], [ 93.972368007323155, 26.779172776766291 ], [ 93.972368007323155, 26.768180391120982 ], [ 93.997625100367998, 26.766256723633052 ], [ 94.004604033972484, 26.744271952342437 ], [ 94.0461453054278, 26.738500949878649 ], [ 94.044151324397944, 26.713218462894439 ], [ 94.035843070106893, 26.709645937559714 ], [ 94.048803946800945, 26.687935975910229 ], [ 94.043486664054669, 26.681065734881912 ], [ 94.053788899375576, 26.679142067393983 ], [ 94.056779870920366, 26.662928298567152 ], [ 94.082369294136839, 26.66155425036149 ], [ 94.097988812204036, 26.641767956199935 ], [ 94.077384341562208, 26.614561801727795 ], [ 94.085027935509984, 26.607141941417211 ], [ 94.068743757099497, 26.594225888283976 ], [ 94.082369294136839, 26.584882360485462 ], [ 94.078049001905484, 26.574439594122421 ], [ 94.099650463062261, 26.57663807125148 ], [ 94.097324151860761, 26.568118972376368 ], [ 94.106961726838392, 26.569767830223164 ], [ 94.114605320786168, 26.554928109601995 ], [ 94.105632406151827, 26.549706726420474 ], [ 94.116266971644379, 26.544760152880087 ], [ 94.097324151860761, 26.484302031830889 ], [ 94.103638425121972, 26.462866879822538 ], [ 94.126901537136945, 26.450500445971567 ], [ 94.114937650957813, 26.424668339705089 ], [ 94.115269981129458, 26.420821004729234 ], [ 94.121584254390669, 26.385095751381979 ], [ 94.137536102629511, 26.348820878752463 ], [ 94.161131544816129, 26.347721640187931 ], [ 94.163457856017629, 26.351019355881522 ], [ 94.168110478420616, 26.346897211264533 ], [ 94.177748053398261, 26.346072782341135 ], [ 94.171766110308681, 26.343324685929808 ], [ 94.160466884472839, 26.338103302748287 ], [ 94.144847366405642, 26.330683442437703 ], [ 94.115934641472734, 26.329859013514305 ], [ 94.121584254390669, 26.317767389304464 ], [ 94.104967745808537, 26.319965866433527 ], [ 94.08403094499505, 26.283416184162878 ], [ 94.074725700189063, 26.283690993804008 ], [ 94.074393370017418, 26.26445431892472 ], [ 94.047474626114379, 26.249339788662418 ], [ 94.031855108047182, 26.19767557612947 ], [ 94.000948402084418, 26.17239308914526 ], [ 93.994301798651563, 26.148484650366715 ], [ 94.001945392599339, 26.134469358668944 ], [ 93.988984515905287, 26.130896833334219 ], [ 93.997625100367998, 26.12897316584629 ], [ 93.986658204703787, 26.114133445225125 ], [ 93.997957430539628, 26.109736490967002 ], [ 93.981340921957511, 26.081431097930331 ], [ 93.987322865047076, 26.0668661869503 ], [ 93.962398102173879, 26.036637126425699 ], [ 93.952760527196247, 26.00311035020751 ], [ 93.954089847882813, 25.969308764348185 ], [ 93.968712375435089, 25.957491949779477 ], [ 93.978682280584366, 25.916820122891838 ], [ 93.93780566947234, 25.896484209448015 ], [ 93.933817707412629, 25.885217014161576 ], [ 93.915871878143932, 25.88384296595591 ], [ 93.881641870464748, 25.843445948709402 ], [ 93.839768268837787, 25.856636811483774 ], [ 93.795236025837681, 25.809094743567812 ], [ 93.777290196568984, 25.850041380096588 ], [ 93.795236025837681, 25.905552927605395 ], [ 93.774299225024194, 25.965736239013459 ], [ 93.775628545710774, 25.968484335424787 ], [ 93.775628545710774, 25.968759145065921 ], [ 93.776625536225694, 25.968759145065921 ], [ 93.780613498285405, 25.981400388558026 ], [ 93.804208940472023, 25.98002634035236 ], [ 93.803544280128747, 25.980850769275758 ], [ 93.798226997382457, 25.988270629586342 ], [ 93.794903695666036, 25.992667583844465 ], [ 93.800885638755602, 26.002011111642979 ], [ 93.781278158628695, 26.007782114106764 ], [ 93.799556318069037, 26.031415743244178 ], [ 93.779948837942129, 26.03966003247816 ], [ 93.794903695666036, 26.04158369996609 ], [ 93.786927771546615, 26.054224943458195 ], [ 93.797230006867537, 26.052301275970265 ], [ 93.794571365494392, 26.061369994127645 ], [ 93.805205930986958, 26.064667709821236 ], [ 93.796565346524247, 26.071263141208423 ], [ 93.805870591330248, 26.071263141208423 ], [ 93.804873600815313, 26.093522722140172 ], [ 93.814178845621299, 26.090774625728844 ], [ 93.806535251673523, 26.102591440297552 ], [ 93.828136712830286, 26.127599117640628 ], [ 93.81816680768101, 26.136942645439142 ], [ 93.831127684375076, 26.136942645439142 ], [ 93.821490109397445, 26.17239308914526 ], [ 93.835115646434787, 26.175965614479985 ], [ 93.829133703345221, 26.196301527923808 ], [ 93.838106617979562, 26.194377860435878 ], [ 93.840432929181063, 26.217736679932159 ], [ 93.851399824845274, 26.215538202803096 ], [ 93.864693031710971, 26.235324496964651 ], [ 93.847744192957208, 26.24137030906957 ], [ 93.864693031710971, 26.245767263327693 ], [ 93.870674974800536, 26.27544670457003 ], [ 93.880977210121458, 26.2735230370821 ], [ 93.868680993770681, 26.294408569808184 ], [ 93.884965172181168, 26.302652859042166 ], [ 93.882306530808023, 26.304301716888961 ], [ 93.873665946345326, 26.309797909711616 ], [ 93.884965172181168, 26.310622338635014 ], [ 93.885297502352813, 26.318591818227866 ], [ 93.893938086815524, 26.315568912175404 ], [ 93.881641870464748, 26.344973543776604 ], [ 93.881974200636392, 26.345523163058871 ], [ 93.888953134240879, 26.346072782341135 ], [ 93.885962162696103, 26.354317071575117 ], [ 93.894270416987155, 26.37190488860761 ], [ 93.880977210121458, 26.372454507889877 ], [ 93.883968181666233, 26.391965992410299 ], [ 93.865690022225905, 26.388943086357838 ], [ 93.826807392143721, 26.417798098676773 ], [ 93.793906705151116, 26.375752223583468 ], [ 93.774963885367484, 26.383996512817451 ], [ 93.799223987897392, 26.408729380519393 ], [ 93.781942818971984, 26.416424050471111 ], [ 93.793906705151116, 26.428515674680948 ], [ 93.782939809486905, 26.43868363140286 ], [ 93.794571365494392, 26.440057679608522 ], [ 93.751368443180866, 26.518378427331346 ], [ 93.756021065583866, 26.529096003335521 ], [ 93.731760963053958, 26.537889911851767 ], [ 93.742063198374865, 26.561523540989182 ], [ 93.752365433695786, 26.584882360485462 ], [ 93.752033103524155, 26.584882360485462 ], [ 93.752033103524155, 26.585157170126596 ], [ 93.722455718247957, 26.598073223259831 ], [ 93.70816552086734, 26.604119035364754 ], [ 93.701186587262839, 26.607416751058345 ], [ 93.647016769285102, 26.598348032900965 ], [ 93.633058902076115, 26.596149555771902 ], [ 93.632061911561195, 26.595874746130772 ], [ 93.63172958138955, 26.595325126848508 ], [ 93.616774723665628, 26.565920495247305 ], [ 93.610792780576062, 26.577462500174878 ], [ 93.589855979762589, 26.570592259146562 ], [ 93.586200347874524, 26.603569416082486 ], [ 93.553299660881905, 26.612638134239866 ], [ 93.523722275605721, 26.593676269001708 ], [ 93.509432078225089, 26.593401459360578 ], [ 93.495474211016102, 26.61098927639307 ], [ 93.47786071191905, 26.603019796800222 ], [ 93.469884787799629, 26.591477791872649 ], [ 93.491486248956392, 26.587080837614526 ], [ 93.463570514538418, 26.569218210940896 ], [ 93.455262260247352, 26.571966307352227 ], [ 93.464567505053338, 26.585981599049994 ], [ 93.456923911105562, 26.576088451969216 ], [ 93.408736036217391, 26.569218210940896 ], [ 93.397436810381549, 26.571416688069959 ], [ 93.402754093127825, 26.580210596586205 ], [ 93.325985823478405, 26.584882360485462 ], [ 93.297405428717141, 26.574714403763551 ], [ 93.301725720948497, 26.580210596586205 ], [ 93.302058051120142, 26.580485406227339 ], [ 93.291423485627575, 26.590653362949251 ], [ 93.296408438202221, 26.611813705316468 ], [ 93.28710319339622, 26.637096192300678 ], [ 93.28710319339622, 26.637371001941812 ], [ 93.304716692493272, 26.636821382659544 ], [ 93.317677569187339, 26.650561864716181 ], [ 93.306710673523128, 26.667600062466409 ], [ 93.315018927814194, 26.686561927704567 ], [ 93.305713683008207, 26.698378742273274 ], [ 93.304052032149997, 26.700302409761203 ], [ 93.330970776053036, 26.708821508636316 ], [ 93.351242916523233, 26.734928424543924 ], [ 93.352572237209799, 26.736302472749585 ], [ 93.356560199269509, 26.737676520955251 ], [ 93.384808263859128, 26.746745239112631 ], [ 93.396439819866615, 26.75059257408849 ], [ 93.504114795478813, 26.756913195834542 ], [ 93.537680142814708, 26.75059257408849 ], [ 93.574901122038668, 26.719264274999361 ], [ 93.651004731344813, 26.706073412224988 ], [ 93.67061221147172, 26.712119224329911 ], [ 93.649343080486602, 26.757462815116806 ], [ 93.648678420143312, 26.787966685282537 ], [ 93.670279881300075, 26.800882738415776 ], [ 93.689222701083708, 26.797585022722181 ], [ 93.712485813098681, 26.815997268678075 ], [ 93.751036113009221, 26.803630834827104 ], [ 93.769978932792853, 26.84485228099701 ] ] ] } },
{ "type": "Feature", "properties": { "dt_code": "326", "district": "Udalguri", "st_code": "18", "year": "2011_c", "st_nm": "Assam", "state": "assam" }, "geometry": { "type": "Polygon", "coordinates": [ [ [ 92.360234344685153, 26.925646315490027 ], [ 92.357575703312008, 26.925921125131161 ], [ 92.356246382625443, 26.920699741949637 ], [ 92.346608807647812, 26.883325630755589 ], [ 92.336638902498535, 26.845676709920408 ], [ 92.32999229906568, 26.820394222936198 ], [ 92.327998318035824, 26.812699552984483 ], [ 92.328662978379114, 26.81050107585542 ], [ 92.340294534386601, 26.771203297173443 ], [ 92.328662978379114, 26.771752916455707 ], [ 92.33630657232689, 26.765707104350788 ], [ 92.327998318035824, 26.756913195834542 ], [ 92.334312591297035, 26.742073475213374 ], [ 92.324342686147759, 26.739325378802047 ], [ 92.323678025804469, 26.739050569160916 ], [ 92.337303562841811, 26.733004757055994 ], [ 92.331986280095535, 26.725035277463146 ], [ 92.341956185244811, 26.729157422080135 ], [ 92.331986280095535, 26.722012371410685 ], [ 92.346276477476167, 26.704974173660457 ], [ 92.33231861026718, 26.694531407297415 ], [ 92.331321619752259, 26.662653488926018 ], [ 92.348935118849312, 26.664027537131684 ], [ 92.352923080909022, 26.6868367373457 ], [ 92.344614826617956, 26.692882549450619 ], [ 92.364222306744864, 26.69810393263214 ], [ 92.363225316229943, 26.643142004405597 ], [ 92.395129012707628, 26.642317575482199 ], [ 92.399116974767338, 26.63847024050634 ], [ 92.395461342879258, 26.626928235578767 ], [ 92.375853862752351, 26.629401522348964 ], [ 92.375853862752351, 26.613737372804398 ], [ 92.358572693826943, 26.605493083570416 ], [ 92.353587741252298, 26.603294606441356 ], [ 92.360566674856798, 26.594500697925106 ], [ 92.362228325715009, 26.585157170126596 ], [ 92.360899005028443, 26.582958692997533 ], [ 92.359902014513509, 26.583233502638667 ], [ 92.327333657692549, 26.587355647255656 ], [ 92.327001327520904, 26.589279314743585 ], [ 92.325339676662679, 26.596699175054169 ], [ 92.344282496446311, 26.597798413618701 ], [ 92.33165394992389, 26.606317512493813 ], [ 92.334977251640325, 26.62198166203838 ], [ 92.312046469796982, 26.607141941417211 ], [ 92.314372780998482, 26.624180139167439 ], [ 92.294100640528285, 26.62198166203838 ], [ 92.289780348296929, 26.650836674357315 ], [ 92.275822481087943, 26.657432105744498 ], [ 92.273163839714812, 26.616210659574591 ], [ 92.242257133752048, 26.603294606441356 ], [ 92.252559369072969, 26.573889974840153 ], [ 92.264855585423746, 26.570592259146562 ], [ 92.230625577744561, 26.548882297497077 ], [ 92.226969945856496, 26.593951078642842 ], [ 92.234613539804272, 26.596973984695303 ], [ 92.22032334242364, 26.628302283784432 ], [ 92.193736928692232, 26.634897715171615 ], [ 92.205036154528088, 26.640668717635403 ], [ 92.202045182983298, 26.651386293639579 ], [ 92.184431683886245, 26.644790862252393 ], [ 92.176788089938469, 26.651386293639579 ], [ 92.18077605199818, 26.668699301030941 ], [ 92.118630309901022, 26.652485532204111 ], [ 92.121621281445798, 26.643691623687864 ], [ 92.072768746214351, 26.646989339381456 ], [ 92.070442435012851, 26.624454948808573 ], [ 92.037209417848601, 26.620332804191584 ], [ 92.038538738535166, 26.609065608905141 ], [ 92.0255778618411, 26.609340418546275 ], [ 92.03322145578889, 26.592577030437177 ], [ 92.009626013602258, 26.589828934025853 ], [ 92.005970381714192, 26.559599873501252 ], [ 92.02856883338589, 26.545859391444615 ], [ 92.056816897975509, 26.546958630009147 ], [ 92.062466510893429, 26.587355647255656 ], [ 92.079415349647206, 26.589279314743585 ], [ 92.086726613423338, 26.575813642328082 ], [ 92.100684480632324, 26.579386167662808 ], [ 92.108660404751745, 26.570317449505428 ], [ 92.106998753893535, 26.552180013190672 ], [ 92.068448453982995, 26.545034962521218 ], [ 92.068448453982995, 26.510134138097364 ], [ 92.056816897975509, 26.509034899532836 ], [ 92.050502624714298, 26.475508123314643 ], [ 92.038538738535166, 26.485676080036555 ], [ 92.040865049736666, 26.509859328456233 ], [ 92.025245531669469, 26.508760089891702 ], [ 92.034550776475456, 26.524424239436264 ], [ 92.019263588579904, 26.521950952666071 ], [ 92.028236503214245, 26.54228686610989 ], [ 92.003644070512692, 26.543386104674422 ], [ 92.013281645490338, 26.536515863646105 ], [ 92.004973391199272, 26.534592196158176 ], [ 91.990350863646995, 26.554928109601995 ], [ 91.970078723176798, 26.556027348166527 ], [ 91.958779497340956, 26.551630393908404 ], [ 91.965093770602167, 26.539813579339697 ], [ 91.927872791378192, 26.537340292569503 ], [ 91.921890848288626, 26.5675693530941 ], [ 91.896633755243798, 26.56949302058203 ], [ 91.884337538893021, 26.538439531134035 ], [ 91.870047341512389, 26.531844099746849 ], [ 91.854095493273547, 26.538439531134035 ], [ 91.849775201042192, 26.573065545916755 ], [ 91.83781131486306, 26.574439594122421 ], [ 91.83747898469143, 26.580760215868473 ], [ 91.83382335280335, 26.583233502638667 ], [ 91.820862476109298, 26.571966307352227 ], [ 91.831497041601864, 26.571141878428826 ], [ 91.829835390743639, 26.55822582529559 ], [ 91.812886551989877, 26.559325063860122 ], [ 91.809895580445087, 26.54393572395669 ], [ 91.827509079542153, 26.545034962521218 ], [ 91.833158692460074, 26.515355521278885 ], [ 91.817206844221232, 26.50546237419811 ], [ 91.777991883967402, 26.512607424867561 ], [ 91.777991883967402, 26.512607424867561 ], [ 91.785303147743548, 26.51892804661361 ], [ 91.775665572765917, 26.522775381589469 ], [ 91.784306157228613, 26.527447145488726 ], [ 91.775665572765917, 26.528821193694391 ], [ 91.785303147743548, 26.535691434722708 ], [ 91.780318195168903, 26.549431916779341 ], [ 91.780318195168903, 26.549431916779341 ], [ 91.766692658131561, 26.573340355557889 ], [ 91.749743819377798, 26.581035025509603 ], [ 91.76270469607185, 26.593676269001708 ], [ 91.750408479721074, 26.586806027973392 ], [ 91.743429546116587, 26.593126649719444 ], [ 91.751737800407653, 26.604943464288151 ], [ 91.737779933198667, 26.604943464288151 ], [ 91.746420517661363, 26.626928235578767 ], [ 91.733127310795666, 26.630225951272362 ], [ 91.750408479721074, 26.63627176337728 ], [ 91.739109253885232, 26.63819543086521 ], [ 91.748746828862863, 26.646714529740322 ], [ 91.734456631482232, 26.660455011796959 ], [ 91.745423527146443, 26.687935975910229 ], [ 91.704214585862758, 26.812699552984483 ], [ 91.72083109444489, 26.811875124061082 ], [ 91.824185777825718, 26.863814146235168 ], [ 91.859412776019838, 26.913279881639056 ], [ 91.892978123355732, 26.918776074461711 ], [ 91.964429110258877, 26.882226392191058 ], [ 91.983704260214139, 26.857768334130245 ], [ 92.056152237632219, 26.84677594848494 ], [ 92.102346131490535, 26.867386671569893 ], [ 92.113645357326376, 26.892943968195233 ], [ 92.194733919207167, 26.890195871783906 ], [ 92.255218010446114, 26.909707356304331 ], [ 92.276154811259588, 26.902012686352613 ], [ 92.302741224990996, 26.907234069534134 ], [ 92.302741224990996, 26.922623409437566 ], [ 92.364886967088154, 26.93196693723608 ], [ 92.360234344685153, 26.925646315490027 ] ] ] } },
{ "type": "Feature", "properties": { "dt_code": "320", "district": "Chirang", "st_code": "18", "year": "2011_c", "st_nm": "Assam", "state": "assam" }, "geometry": { "type": "Polygon", "coordinates": [ [ [ 90.875383137786244, 26.563172398835977 ], [ 90.867074883495178, 26.562897589194847 ], [ 90.857437308517547, 26.56729454345297 ], [ 90.823207300838362, 26.560973921706918 ], [ 90.831847885301073, 26.539263960057433 ], [ 90.853781676629481, 26.529096003335521 ], [ 90.853449346457836, 26.529096003335521 ], [ 90.847799733539915, 26.52799676477099 ], [ 90.787647972472612, 26.517553998407948 ], [ 90.786983312129323, 26.527721955129859 ], [ 90.774687095778546, 26.530470051541187 ], [ 90.757405926853139, 26.51480590199662 ], [ 90.777345737151691, 26.504912754915843 ], [ 90.766378841487494, 26.485676080036555 ], [ 90.731151843293375, 26.482927983625224 ], [ 90.731151843293375, 26.471935597979918 ], [ 90.744777380330717, 26.465614976233866 ], [ 90.735804465696376, 26.441981347096451 ], [ 90.710215042479902, 26.451599684536095 ], [ 90.717193976084388, 26.479355458290499 ], [ 90.685622609778349, 26.481828745060696 ], [ 90.682299308061928, 26.499141752452054 ], [ 90.620818226308046, 26.493645559629403 ], [ 90.623476867681191, 26.50766085132717 ], [ 90.601210746181138, 26.516454759843416 ], [ 90.588914529830362, 26.511508186303029 ], [ 90.601875406524428, 26.49144708250034 ], [ 90.589911520345296, 26.489798224653544 ], [ 90.519789854128717, 26.509309709173966 ], [ 90.498188392971954, 26.459569164128943 ], [ 90.509819948979441, 26.448851588124768 ], [ 90.50417033606152, 26.426317197551889 ], [ 90.480907224046547, 26.4205461950881 ], [ 90.476586931815191, 26.385645370664246 ], [ 90.456314791344994, 26.432637819297938 ], [ 90.477251592158467, 26.462592070181405 ], [ 90.46329372494948, 26.464790547310468 ], [ 90.459970423233059, 26.452973732741761 ], [ 90.437371971561362, 26.460943212334609 ], [ 90.429063717270296, 26.448851588124768 ], [ 90.399154001822467, 26.441706537455318 ], [ 90.405135944912033, 26.47523331367351 ], [ 90.386193125128415, 26.485126460754287 ], [ 90.393504388904546, 26.493920369270533 ], [ 90.409123906971743, 26.489798224653544 ], [ 90.407794586285178, 26.503263897069047 ], [ 90.393172058732901, 26.503263897069047 ], [ 90.403474294053822, 26.511782995944159 ], [ 90.382205163068704, 26.528821193694391 ], [ 90.38885176650156, 26.54201205646876 ], [ 90.371238267404493, 26.544485343238954 ], [ 90.35495408899402, 26.570042639864297 ], [ 90.366253314829862, 26.582134264074135 ], [ 90.353957098479086, 26.609890037828539 ], [ 90.357280400195506, 26.63132518983689 ], [ 90.346978164874599, 26.641493146558801 ], [ 90.377220210494059, 26.717615417152562 ], [ 90.345316514016375, 26.805829311956163 ], [ 90.336011269210388, 26.862714907670636 ], [ 90.355618749337296, 26.900913447788081 ], [ 90.417764491434454, 26.904485973122807 ], [ 90.546376267860126, 26.816821697601473 ], [ 90.634111433173757, 26.794012497387456 ], [ 90.646407649524534, 26.776699489996098 ], [ 90.675652704629073, 26.784394159947812 ], [ 90.717193976084388, 26.768455200762116 ], [ 90.956804029838665, 26.787966685282537 ], [ 90.950822086749099, 26.77807353820176 ], [ 90.943843153144613, 26.775600251431566 ], [ 90.898978579972862, 26.68876040483363 ], [ 90.900640230831073, 26.599172461824363 ], [ 90.895655278256442, 26.595599936489638 ], [ 90.870730515383244, 26.578286929098276 ], [ 90.869401194696678, 26.577462500174878 ], [ 90.875383137786244, 26.563172398835977 ] ] ] } },
{ "type": "Feature", "properties": { "dt_code": "324", "district": "Baksa", "st_code": "18", "year": "2011_c", "st_nm": "Assam", "state": "assam" }, "geometry": { "type": "Polygon", "coordinates": [ [ [ 91.704214585862758, 26.812699552984483 ], [ 91.745423527146443, 26.687935975910229 ], [ 91.734456631482232, 26.660455011796959 ], [ 91.748746828862863, 26.646714529740322 ], [ 91.739109253885232, 26.63819543086521 ], [ 91.750408479721074, 26.63627176337728 ], [ 91.733127310795666, 26.630225951272362 ], [ 91.746420517661363, 26.626928235578767 ], [ 91.737779933198667, 26.604943464288151 ], [ 91.751737800407653, 26.604943464288151 ], [ 91.743429546116587, 26.593126649719444 ], [ 91.750408479721074, 26.586806027973392 ], [ 91.76270469607185, 26.593676269001708 ], [ 91.749743819377798, 26.581035025509603 ], [ 91.766692658131561, 26.573340355557889 ], [ 91.780318195168903, 26.549431916779341 ], [ 91.780318195168903, 26.549431916779341 ], [ 91.785303147743548, 26.535691434722708 ], [ 91.775665572765917, 26.528821193694391 ], [ 91.784306157228613, 26.527447145488726 ], [ 91.775665572765917, 26.522775381589469 ], [ 91.785303147743548, 26.51892804661361 ], [ 91.777991883967402, 26.512607424867561 ], [ 91.777991883967402, 26.512607424867561 ], [ 91.780650525340548, 26.508210470609434 ], [ 91.787297128773403, 26.498042513887526 ], [ 91.781315185683837, 26.49639365604073 ], [ 91.781315185683837, 26.496118846399597 ], [ 91.801587326154035, 26.489798224653544 ], [ 91.801587326154035, 26.48952341501241 ], [ 91.79992567529581, 26.477156981161439 ], [ 91.779321204653982, 26.479080648649369 ], [ 91.779321204653982, 26.479630267931633 ], [ 91.779985864997258, 26.481828745060696 ], [ 91.752402460750929, 26.481553935419562 ], [ 91.754396441780784, 26.494469988552801 ], [ 91.7248190565046, 26.502989087427913 ], [ 91.7201664341016, 26.476882171520305 ], [ 91.709864198780679, 26.478805839008235 ], [ 91.676631181616429, 26.448301968842504 ], [ 91.625120005011837, 26.447202730277972 ], [ 91.629107967071548, 26.464790547310468 ], [ 91.618141071407337, 26.468637882286323 ], [ 91.626449325698403, 26.470836359415387 ], [ 91.628110976556613, 26.480729506496164 ], [ 91.620467382608837, 26.479630267931633 ], [ 91.628443306728258, 26.493370749988269 ], [ 91.616147090377481, 26.485676080036555 ], [ 91.619470392093916, 26.512882234508691 ], [ 91.589560676646087, 26.514531092355487 ], [ 91.586569705101297, 26.527172335847592 ], [ 91.586237374929652, 26.528271574412123 ], [ 91.582581743041587, 26.52799676477099 ], [ 91.578261450810231, 26.528821193694391 ], [ 91.577929120638601, 26.529096003335521 ], [ 91.57394115857889, 26.555477728884263 ], [ 91.584908054243087, 26.555752538525397 ], [ 91.577596790466956, 26.571966307352227 ], [ 91.52841192506385, 26.558775444577854 ], [ 91.506478133735442, 26.532393719029116 ], [ 91.49451424755631, 26.533767767234778 ], [ 91.49119094583989, 26.561248731348048 ], [ 91.475903757944337, 26.570867068787695 ], [ 91.467595503653271, 26.562622779553713 ], [ 91.434362486489007, 26.563447208477111 ], [ 91.429045203742731, 26.549431916779341 ], [ 91.459951909705495, 26.542561675751024 ], [ 91.352609264264942, 26.523874620154 ], [ 91.355267905638087, 26.510683757379631 ], [ 91.3413100384291, 26.499691371734322 ], [ 91.328016831563403, 26.495294417476199 ], [ 91.302095078175284, 26.486775318601083 ], [ 91.296777795428994, 26.484851651113154 ], [ 91.297774785943929, 26.487599747524481 ], [ 91.302427408346915, 26.499966181375456 ], [ 91.30109808766035, 26.500240991016586 ], [ 91.284149248906587, 26.502714277786779 ], [ 91.289466531652863, 26.515355521278885 ], [ 91.311400322981271, 26.517004379125684 ], [ 91.296777795428994, 26.546134201085749 ], [ 91.26620341963789, 26.53486700579931 ], [ 91.26387710843639, 26.521676143024937 ], [ 91.249586911055758, 26.523325000871736 ], [ 91.247925260197547, 26.523325000871736 ], [ 91.243937298137837, 26.523874620154 ], [ 91.247925260197547, 26.538439531134035 ], [ 91.290131191996153, 26.564271637400509 ], [ 91.258559825690099, 26.570592259146562 ], [ 91.269194391182666, 26.584332741203198 ], [ 91.237623024876626, 26.577187690533748 ], [ 91.233302732645271, 26.607416751058345 ], [ 91.247592930025903, 26.607691560699479 ], [ 91.248589920540823, 26.619508375268182 ], [ 91.197743404279521, 26.623080900602908 ], [ 91.198408064622797, 26.60384422572362 ], [ 91.18445019741381, 26.604393845005884 ], [ 91.18445019741381, 26.604943464288151 ], [ 91.18677650861531, 26.62198166203838 ], [ 91.176474273294389, 26.622806090961777 ], [ 91.186444178443665, 26.627752664502164 ], [ 91.15121718024956, 26.639019859788608 ], [ 91.157531453510771, 26.651386293639579 ], [ 91.145567567331639, 26.662653488926018 ], [ 91.139585624242073, 26.650561864716181 ], [ 91.127621738062942, 26.650012245433917 ], [ 91.127289407891297, 26.658806153950163 ], [ 91.097379692443468, 26.665401585337349 ], [ 91.095385711413613, 26.652210722562977 ], [ 91.11266688033902, 26.651386293639579 ], [ 91.11266688033902, 26.637645811582942 ], [ 91.095053381241968, 26.639294669429738 ], [ 91.097712022615113, 26.628851903066696 ], [ 91.1163225122271, 26.632149618760288 ], [ 91.122969115659942, 26.611813705316468 ], [ 91.140582614756994, 26.611538895675334 ], [ 91.141911935443574, 26.604393845005884 ], [ 91.141911935443574, 26.603294606441356 ], [ 91.142244265615219, 26.600821319671159 ], [ 91.138920963898784, 26.601645748594557 ], [ 91.126292417376376, 26.604668654647018 ], [ 91.11333154068231, 26.584057931562064 ], [ 91.121639794973376, 26.582683883356403 ], [ 91.118316493256955, 26.572790736275621 ], [ 91.104690956219599, 26.5675693530941 ], [ 91.110008238965889, 26.561248731348048 ], [ 91.080763183861336, 26.556302157807661 ], [ 91.071790269226994, 26.516179950202286 ], [ 91.059161722704573, 26.516179950202286 ], [ 91.052182789100087, 26.529370812976655 ], [ 90.991034037517849, 26.523874620154 ], [ 90.99668365043577, 26.470011930491989 ], [ 91.013964819361192, 26.44582868207231 ], [ 91.014297149532837, 26.44582868207231 ], [ 91.009976857301481, 26.435111106068135 ], [ 90.997015980607415, 26.435385915709269 ], [ 91.003662584040271, 26.421920243293762 ], [ 90.981728792711863, 26.416424050471111 ], [ 90.982393453055153, 26.430988961451142 ], [ 90.969764906532731, 26.428790484322082 ], [ 90.975414519450652, 26.440332489249656 ], [ 90.962121312584955, 26.443905014584381 ], [ 90.96112432207002, 26.444454633866645 ], [ 90.962121312584955, 26.457920306282148 ], [ 90.973088208249152, 26.461218021975743 ], [ 90.952151407435679, 26.45709587735875 ], [ 90.945504804002823, 26.461767641258007 ], [ 90.953148397950599, 26.47111116905652 ], [ 90.932876257480402, 26.477706600443703 ], [ 90.977076170308862, 26.499691371734322 ], [ 90.976743840137217, 26.539813579339697 ], [ 90.985384424599928, 26.575538832686952 ], [ 90.996018990092495, 26.571416688069959 ], [ 90.99502199957756, 26.600821319671159 ], [ 90.989040056487994, 26.590653362949251 ], [ 90.96345063327152, 26.598622842542099 ], [ 90.96345063327152, 26.583233502638667 ], [ 90.934870238510257, 26.584057931562064 ], [ 90.931879266965481, 26.554928109601995 ], [ 90.921244701472915, 26.559599873501252 ], [ 90.925897323875915, 26.575538832686952 ], [ 90.909280815293783, 26.573889974840153 ], [ 90.891334986025086, 26.552180013190672 ], [ 90.877709448987744, 26.557401396372192 ], [ 90.877377118816099, 26.55822582529559 ], [ 90.875383137786244, 26.563172398835977 ], [ 90.869401194696678, 26.577462500174878 ], [ 90.870730515383244, 26.578286929098276 ], [ 90.895655278256442, 26.595599936489638 ], [ 90.900640230831073, 26.599172461824363 ], [ 90.898978579972862, 26.68876040483363 ], [ 90.943843153144613, 26.775600251431566 ], [ 90.950822086749099, 26.77807353820176 ], [ 90.991698697861139, 26.790714781693865 ], [ 91.054176770129942, 26.780821634613087 ], [ 91.097712022615113, 26.822043080782993 ], [ 91.146232227674929, 26.811050695137684 ], [ 91.236626034361691, 26.811875124061082 ], [ 91.337322076369389, 26.780546824971953 ], [ 91.37620470645156, 26.795386545593121 ], [ 91.408108402929258, 26.839905707456619 ], [ 91.4951789078996, 26.791264400976129 ], [ 91.592883978362508, 26.805279692673899 ], [ 91.625784665355127, 26.820943842218462 ], [ 91.690256718653771, 26.806928550520695 ], [ 91.704214585862758, 26.812699552984483 ] ] ] } },
{ "type": "Feature", "properties": { "dt_code": "305", "district": "Nagaon", "st_code": "18", "year": "2011_c", "st_nm": "Assam", "state": "assam" }, "geometry": { "type": "Polygon", "coordinates": [ [ [ 92.419056785065891, 26.514531092355487 ], [ 92.419056785065891, 26.517004379125684 ], [ 92.443316887595785, 26.517553998407948 ], [ 92.467576990125693, 26.496118846399597 ], [ 92.522743798618365, 26.507935660968304 ], [ 92.575916626081167, 26.499691371734322 ], [ 92.662987131051523, 26.522225762307205 ], [ 92.688576554267996, 26.509859328456233 ], [ 92.721477241260601, 26.536241054004972 ], [ 92.728788505036746, 26.517828808049082 ], [ 92.748395985163654, 26.510958567020761 ], [ 92.74906064550693, 26.511782995944159 ], [ 92.771326767006983, 26.555752538525397 ], [ 92.79458987902197, 26.557126586731059 ], [ 92.842113093566851, 26.584332741203198 ], [ 92.916887382186417, 26.59477550756624 ], [ 92.951117389865601, 26.620332804191584 ], [ 92.992990991492562, 26.613737372804398 ], [ 93.013927792306049, 26.597523603977567 ], [ 93.071088581828562, 26.597798413618701 ], [ 93.095681014530115, 26.577737309816012 ], [ 93.09667800504505, 26.576912880892614 ], [ 93.099004316246535, 26.577737309816012 ], [ 93.126920050664509, 26.586256408691128 ], [ 93.145198210104851, 26.591752601513779 ], [ 93.144201219589931, 26.594500697925106 ], [ 93.152841804052628, 26.598622842542099 ], [ 93.219972498724431, 26.631050380195759 ], [ 93.241573959881194, 26.683813831293239 ], [ 93.297073098545496, 26.694806216938549 ], [ 93.305713683008207, 26.698378742273274 ], [ 93.315018927814194, 26.686561927704567 ], [ 93.306710673523128, 26.667600062466409 ], [ 93.317677569187339, 26.650561864716181 ], [ 93.304716692493272, 26.636821382659544 ], [ 93.28710319339622, 26.637371001941812 ], [ 93.28710319339622, 26.637096192300678 ], [ 93.296408438202221, 26.611813705316468 ], [ 93.291423485627575, 26.590653362949251 ], [ 93.302058051120142, 26.580485406227339 ], [ 93.301725720948497, 26.580210596586205 ], [ 93.297405428717141, 26.574714403763551 ], [ 93.281453580478299, 26.568943401299766 ], [ 93.25087920468718, 26.569767830223164 ], [ 93.25087920468718, 26.569767830223164 ], [ 93.247888233142405, 26.566744924170703 ], [ 93.235924346963273, 26.553554061396333 ], [ 93.235259686619983, 26.552729632472936 ], [ 93.256528817605101, 26.55108077462614 ], [ 93.247223572799115, 26.545034962521218 ], [ 93.262843090866312, 26.537889911851767 ], [ 93.256528817605101, 26.531844099746849 ], [ 93.273477656358878, 26.545034962521218 ], [ 93.275471637388733, 26.533767767234778 ], [ 93.263840081381247, 26.527447145488726 ], [ 93.28776785373951, 26.520576904460409 ], [ 93.290758825284286, 26.50766085132717 ], [ 93.286770863224575, 26.513981473073223 ], [ 93.284112221851444, 26.519752475537011 ], [ 93.283779891679799, 26.519477665895877 ], [ 93.263507751209602, 26.508760089891702 ], [ 93.263507751209602, 26.521126523742673 ], [ 93.233265705590128, 26.535691434722708 ], [ 93.21299356511993, 26.529645622617785 ], [ 93.217313857351286, 26.507386041686036 ], [ 93.204352980657234, 26.501340229581118 ], [ 93.20967026340351, 26.51480590199662 ], [ 93.199368028082588, 26.533492957593644 ], [ 93.160817728172049, 26.523874620154 ], [ 93.20967026340351, 26.556027348166527 ], [ 93.191392103963167, 26.567019733811836 ], [ 93.150847823022772, 26.546409010726883 ], [ 93.141542578216786, 26.555477728884263 ], [ 93.114956164485378, 26.531019670823451 ], [ 93.111965192940602, 26.532668528670246 ], [ 93.101330627448036, 26.542836485392158 ], [ 93.091693052470404, 26.543111295033292 ], [ 93.084049458522628, 26.543660914315556 ], [ 93.05978935599272, 26.544760152880087 ], [ 93.043505177582233, 26.53514181544044 ], [ 93.043172847410588, 26.53514181544044 ], [ 93.043172847410588, 26.53514181544044 ], [ 93.048157799985233, 26.52579828764193 ], [ 93.012930801791114, 26.507386041686036 ], [ 93.012598471619484, 26.506836422403772 ], [ 93.008610509559773, 26.481004316137298 ], [ 93.090363731783839, 26.499966181375456 ], [ 93.06444197839572, 26.479355458290499 ], [ 93.10232761796297, 26.460118783411211 ], [ 93.108309561052536, 26.466989024439528 ], [ 93.09833965590326, 26.47303483654445 ], [ 93.124593739463023, 26.482927983625224 ], [ 93.125258399806299, 26.495844036758463 ], [ 93.132901993754075, 26.48952341501241 ], [ 93.127252380836154, 26.4801798872139 ], [ 93.13622529547051, 26.484302031830889 ], [ 93.110303542082391, 26.47111116905652 ], [ 93.128249371351089, 26.46396611838707 ], [ 93.103989268821181, 26.448851588124768 ], [ 93.117614805858523, 26.441706537455318 ], [ 93.09933664641818, 26.439233250685124 ], [ 93.09933664641818, 26.44582868207231 ], [ 93.068762270627062, 26.435385915709269 ], [ 93.091693052470404, 26.433462248221339 ], [ 93.061118676679285, 26.415874431188843 ], [ 93.049487120671799, 26.416149240829977 ], [ 93.056133724104654, 26.428240865039815 ], [ 93.043505177582233, 26.437309583197194 ], [ 93.019245075052325, 26.4205461950881 ], [ 92.978700794111944, 26.4205461950881 ], [ 92.949788069179036, 26.397462185232953 ], [ 92.938156513171549, 26.403782806979006 ], [ 92.920543014074497, 26.391691182769165 ], [ 92.901932524462509, 26.401309520208809 ], [ 92.885648346052022, 26.383996512817451 ], [ 92.881992714163957, 26.379874368200458 ], [ 92.896282911544589, 26.385920180305376 ], [ 92.898276892574444, 26.38619498994651 ], [ 92.889968638283378, 26.374103365736673 ], [ 92.895618251201299, 26.37904993927706 ], [ 92.903261845149075, 26.385370561023112 ], [ 92.925860296820773, 26.37904993927706 ], [ 92.909243788238641, 26.352943023369452 ], [ 92.909576118410286, 26.352943023369452 ], [ 92.939485833858114, 26.352943023369452 ], [ 92.942809135574549, 26.330408632796569 ], [ 92.898609222746089, 26.308973480788218 ], [ 92.892294949484878, 26.288362757703265 ], [ 92.879666402962457, 26.283690993804008 ], [ 92.844107074596707, 26.305126145812359 ], [ 92.841448433223562, 26.283690993804008 ], [ 92.813865028977233, 26.262530651436791 ], [ 92.815194349663798, 26.232851210194458 ], [ 92.82715823584293, 26.225156540242743 ], [ 92.815194349663798, 26.2138893449563 ], [ 92.793592888507035, 26.219385537778955 ], [ 92.801236482454811, 26.201797720746463 ], [ 92.801901142798101, 26.201797720746463 ], [ 92.801901142798101, 26.201797720746463 ], [ 92.776311719581628, 26.199599243617399 ], [ 92.778305700611483, 26.186958000125294 ], [ 92.75603957911143, 26.179263330173576 ], [ 92.761689192029351, 26.157003749241827 ], [ 92.751719286880075, 26.142164028620662 ], [ 92.75138695670843, 26.141889218979529 ], [ 92.722474231775536, 26.150957937136909 ], [ 92.705857723193404, 26.142164028620662 ], [ 92.703863742163549, 26.125125830870434 ], [ 92.732111806753167, 26.115232683789657 ], [ 92.723138892118811, 26.100942582450756 ], [ 92.741084721387509, 26.100942582450756 ], [ 92.729785495551667, 26.089400577523183 ], [ 92.739090740357653, 26.085828052188454 ], [ 92.732444136924812, 26.071263141208423 ], [ 92.750722296365154, 26.075385285825412 ], [ 92.751054626536785, 26.075385285825412 ], [ 92.75271627739501, 26.072087570131821 ], [ 92.757368899797996, 26.063018851974441 ], [ 92.758033560141286, 26.061644803768775 ], [ 92.75670423945472, 26.061644803768775 ], [ 92.753380937738285, 26.054774562740459 ], [ 92.744408023103944, 26.060545565204247 ], [ 92.743078702417364, 26.061369994127645 ], [ 92.737761419671088, 26.05999594592198 ], [ 92.71416597748447, 26.053675324175927 ], [ 92.71416597748447, 26.053400514534797 ], [ 92.713833647312825, 26.053125704893663 ], [ 92.713168986969535, 26.017950070828675 ], [ 92.666975093111233, 26.028392837191717 ], [ 92.654346546588812, 26.019598928675471 ], [ 92.655675867275377, 26.000087444155049 ], [ 92.596188766551364, 25.978102672864431 ], [ 92.588877502775233, 25.964087381166664 ], [ 92.551988853722904, 25.966011048654593 ], [ 92.546006910633338, 25.971507241477248 ], [ 92.566279051103535, 26.010805020159225 ], [ 92.593862455349864, 26.0215225961634 ], [ 92.592200804491654, 26.022621834727932 ], [ 92.579572257969232, 26.033339410732108 ], [ 92.595856436379719, 26.080606669006933 ], [ 92.574587305394601, 26.094896770345834 ], [ 92.570931673506536, 26.11550749343079 ], [ 92.570599343334891, 26.116606731995319 ], [ 92.547668561491548, 26.1105609198904 ], [ 92.536369335655706, 26.096545628192633 ], [ 92.519752827073575, 26.102316630656418 ], [ 92.529058071879575, 26.150957937136909 ], [ 92.52241146844672, 26.155080081753901 ], [ 92.522079138275075, 26.155080081753901 ], [ 92.508785931409378, 26.141339599697265 ], [ 92.486519809909325, 26.149309079290113 ], [ 92.478876215961549, 26.12897316584629 ], [ 92.453951453088351, 26.11550749343079 ], [ 92.441322906565929, 26.095446389628101 ], [ 92.413407172147956, 26.11550749343079 ], [ 92.413074841976325, 26.11550749343079 ], [ 92.397122993737483, 26.113858635583991 ], [ 92.395461342879258, 26.113583825942861 ], [ 92.408422219573325, 26.125675450152698 ], [ 92.398784644595693, 26.137492264721406 ], [ 92.417062804036036, 26.15233198534257 ], [ 92.431020671245022, 26.190805335101153 ], [ 92.425371058327087, 26.23202678127106 ], [ 92.407757559230035, 26.244118405480897 ], [ 92.419389115237522, 26.270225321388505 ], [ 92.504133309006377, 26.272973417799832 ], [ 92.552653514066193, 26.308423861505954 ], [ 92.568273032133391, 26.337828493107153 ], [ 92.566943711446825, 26.372179698248743 ], [ 92.551324193379614, 26.382072845329521 ], [ 92.506459620207877, 26.37190488860761 ], [ 92.502803988319812, 26.382072845329521 ], [ 92.485855149566035, 26.363385789732497 ], [ 92.469903301327193, 26.374378175377803 ], [ 92.440658246222654, 26.370256030760814 ], [ 92.434011642789798, 26.412851525136382 ], [ 92.424374067812167, 26.413675954059784 ], [ 92.441987566909219, 26.436210344632663 ], [ 92.440990576394299, 26.451874494177229 ], [ 92.419721445409166, 26.478805839008235 ], [ 92.419056785065891, 26.514531092355487 ] ] ] } },
{ "type": "Feature", "properties": { "dt_code": "300", "district": "Kokrajhar", "st_code": "18", "year": "2011_c", "st_nm": "Assam", "state": "assam" }, "geometry": { "type": "Polygon", "coordinates": [ [ [ 90.336011269210388, 26.862714907670636 ], [ 90.345316514016375, 26.805829311956163 ], [ 90.377220210494059, 26.717615417152562 ], [ 90.346978164874599, 26.641493146558801 ], [ 90.357280400195506, 26.63132518983689 ], [ 90.353957098479086, 26.609890037828539 ], [ 90.366253314829862, 26.582134264074135 ], [ 90.35495408899402, 26.570042639864297 ], [ 90.371238267404493, 26.544485343238954 ], [ 90.38885176650156, 26.54201205646876 ], [ 90.382205163068704, 26.528821193694391 ], [ 90.403474294053822, 26.511782995944159 ], [ 90.393172058732901, 26.503263897069047 ], [ 90.407794586285178, 26.503263897069047 ], [ 90.409123906971743, 26.489798224653544 ], [ 90.393504388904546, 26.493920369270533 ], [ 90.386193125128415, 26.485126460754287 ], [ 90.405135944912033, 26.47523331367351 ], [ 90.399154001822467, 26.441706537455318 ], [ 90.399154001822467, 26.441156918173053 ], [ 90.402477303538902, 26.433462248221339 ], [ 90.415438180232954, 26.430714151810012 ], [ 90.403474294053822, 26.406805713031464 ], [ 90.417099831091164, 26.407630141954861 ], [ 90.416435170747889, 26.390591944204633 ], [ 90.425740415553875, 26.396088137027288 ], [ 90.428066726755375, 26.385920180305376 ], [ 90.427402066412085, 26.385370561023112 ], [ 90.424743425038955, 26.383172083894053 ], [ 90.42374643452402, 26.382072845329521 ], [ 90.432719349158376, 26.380973606764989 ], [ 90.431057698300151, 26.37712627178913 ], [ 90.433716339673296, 26.376576652506866 ], [ 90.426405075897165, 26.367507934349486 ], [ 90.437371971561362, 26.364759837938159 ], [ 90.425075755210585, 26.363110980091363 ], [ 90.424743425038955, 26.363385789732497 ], [ 90.397492350964257, 26.359538454756638 ], [ 90.395830700106046, 26.357065167986445 ], [ 90.404803614740402, 26.320790295356925 ], [ 90.403141963882177, 26.319965866433527 ], [ 90.379214191523914, 26.309248290429352 ], [ 90.381208172553769, 26.268576463541709 ], [ 90.355286419165651, 26.258133697178668 ], [ 90.353624768307441, 26.269950511747375 ], [ 90.362930013113441, 26.273248227440966 ], [ 90.35196311744923, 26.287263519138733 ], [ 90.343987193329809, 26.270774940670773 ], [ 90.320724081314836, 26.278744420263621 ], [ 90.303442912389414, 26.2575840778964 ], [ 90.306433883934204, 26.245767263327693 ], [ 90.287158733978927, 26.237522974093714 ], [ 90.288155724493862, 26.252087885073749 ], [ 90.251599405613177, 26.26445431892472 ], [ 90.258578339217678, 26.272973417799832 ], [ 90.27220387625502, 26.267202415336047 ], [ 90.281176790889361, 26.292210092679124 ], [ 90.264560282307244, 26.313095625405211 ], [ 90.267218923680375, 26.330683442437703 ], [ 90.216040077247428, 26.328759774949773 ], [ 90.227671633254914, 26.349370498034727 ], [ 90.214710756560862, 26.35156897516379 ], [ 90.23431823668777, 26.365584266861557 ], [ 90.227006972911639, 26.383996512817451 ], [ 90.206734832441441, 26.374927794660071 ], [ 90.207067162613086, 26.363110980091363 ], [ 90.187792012657809, 26.345523163058871 ], [ 90.148577052403994, 26.352668213728322 ], [ 90.116673355926309, 26.338927731671685 ], [ 90.118002676612875, 26.316942960381066 ], [ 90.107700441291954, 26.312546006122943 ], [ 90.124316949874085, 26.303752097606697 ], [ 90.125978600732296, 26.283141374521744 ], [ 90.140933458456217, 26.293309331243655 ], [ 90.140601128284572, 26.276271133493424 ], [ 90.11767034644123, 26.258683316460932 ], [ 90.103380149060598, 26.267752034618312 ], [ 90.097398205971032, 26.262255841795657 ], [ 90.104044809403888, 26.251263456150348 ], [ 90.120328987814375, 26.25043902722695 ], [ 90.136280836053217, 26.215538202803096 ], [ 90.147247731717414, 26.219935157061219 ], [ 90.152232684292059, 26.208942771415913 ], [ 90.063832858635138, 26.172667898786393 ], [ 90.024950228552967, 26.12677468871723 ], [ 89.982079636411072, 26.136667835798008 ], [ 89.96679244851552, 26.127049498358364 ], [ 89.938212053754256, 26.132820500822149 ], [ 89.935553412381111, 26.116881541636452 ], [ 89.915945932254203, 26.116606731995319 ], [ 89.908634668478072, 26.132545691181015 ], [ 89.882712915089954, 26.135568597233476 ], [ 89.869087378052612, 26.149309079290113 ], [ 89.868422717709322, 26.149858698572377 ], [ 89.875401651313823, 26.189156477254357 ], [ 89.860114463418256, 26.188057238689826 ], [ 89.873075340112322, 26.202072530387593 ], [ 89.860114463418256, 26.219935157061219 ], [ 89.869752038395887, 26.234225258400119 ], [ 89.858785142731691, 26.238347403017112 ], [ 89.874072330627243, 26.247416121174492 ], [ 89.866096406507822, 26.257858887537534 ], [ 89.884706896119809, 26.298530714425176 ], [ 89.879721943545164, 26.307049813300289 ], [ 89.905643696933282, 26.32628648817958 ], [ 89.902985055560151, 26.337004064183756 ], [ 89.869087378052612, 26.349645307675861 ], [ 89.875733981485453, 26.36283617045023 ], [ 89.844827275522704, 26.372729317531007 ], [ 89.844162615179414, 26.377950700712528 ], [ 89.843165624664493, 26.383172083894053 ], [ 89.85645883153019, 26.384271322458581 ], [ 89.847153586724204, 26.402958378055608 ], [ 89.846156596209269, 26.404882045543534 ], [ 89.837848341918203, 26.391416373128031 ], [ 89.827878436768927, 26.394714088821626 ], [ 89.834525040201783, 26.414500382983181 ], [ 89.835189700545072, 26.413950763700914 ], [ 89.85645883153019, 26.413126334777516 ], [ 89.84781824706748, 26.422744672217163 ], [ 89.866761066851112, 26.458469925564415 ], [ 89.85180620912719, 26.487050128242217 ], [ 89.850476888440625, 26.489798224653544 ], [ 89.849812228097335, 26.490897463218076 ], [ 89.850476888440625, 26.494195178911667 ], [ 89.862440774619756, 26.553828871037467 ], [ 89.857455822045125, 26.576088451969216 ], [ 89.874072330627243, 26.584057931562064 ], [ 89.865431746164546, 26.592027411154913 ], [ 89.869419708224257, 26.614012182445531 ], [ 89.849812228097335, 26.623080900602908 ], [ 89.866428736679467, 26.645615291175794 ], [ 89.863437765134691, 26.681340544523046 ], [ 89.85180620912719, 26.697279503708742 ], [ 89.85180620912719, 26.697279503708742 ], [ 89.865099415992901, 26.704699364019326 ], [ 89.858785142731691, 26.734928424543924 ], [ 89.96679244851552, 26.72338641961635 ], [ 90.049210331082875, 26.730531470285801 ], [ 90.127972581762151, 26.750317764447356 ], [ 90.19477094626231, 26.773676583943637 ], [ 90.187792012657809, 26.807203360161829 ], [ 90.20108521952352, 26.835508753198496 ], [ 90.230662604799704, 26.858867572694777 ], [ 90.299787280501349, 26.848424806331735 ], [ 90.336011269210388, 26.862714907670636 ] ] ] } },
{ "type": "Feature", "properties": { "dt_code": "325", "district": "Darrang", "st_code": "18", "year": "2011_c", "st_nm": "Assam", "state": "assam" }, "geometry": { "type": "Polygon", "coordinates": [ [ [ 92.359902014513509, 26.583233502638667 ], [ 92.352258420565732, 26.570042639864297 ], [ 92.366216287774719, 26.566195304888438 ], [ 92.360899005028443, 26.558775444577854 ], [ 92.380506485155351, 26.527721955129859 ], [ 92.354252401595588, 26.53486700579931 ], [ 92.331986280095535, 26.515355521278885 ], [ 92.33165394992389, 26.515080711637754 ], [ 92.331986280095535, 26.515080711637754 ], [ 92.340626864558246, 26.502439468145649 ], [ 92.341291524901521, 26.501615039222251 ], [ 92.281139763834233, 26.454347780947423 ], [ 92.244583444953548, 26.446103491713444 ], [ 92.21866169156543, 26.415599621547713 ], [ 92.217332370878864, 26.415874431188843 ], [ 92.1817730425131, 26.424393530063959 ], [ 92.157180609811562, 26.412301905854118 ], [ 92.09968749011739, 26.341126208800745 ], [ 92.084067972050192, 26.338927731671685 ], [ 92.041529710079956, 26.27544670457003 ], [ 92.040200389393377, 26.272973417799832 ], [ 92.036544757505311, 26.272698608158699 ], [ 92.0302304842441, 26.271874179235304 ], [ 92.024248541154535, 26.271049750311903 ], [ 92.015275626520193, 26.283141374521744 ], [ 91.992012514505205, 26.269675702106241 ], [ 91.980048628326074, 26.274347466005498 ], [ 91.978054647296219, 26.274897085287762 ], [ 91.880017246661666, 26.216637441367627 ], [ 91.771012950362916, 26.198500005052868 ], [ 91.748746828862863, 26.209217581057043 ], [ 91.746752847833008, 26.216637441367627 ], [ 91.747085178004653, 26.221309205266884 ], [ 91.781315185683837, 26.244118405480897 ], [ 91.783973827056968, 26.250988646509217 ], [ 91.785635477915193, 26.255660410408474 ], [ 91.790288100318179, 26.268026844259445 ], [ 91.789955770146534, 26.270225321388505 ], [ 91.781979846027113, 26.305400955453493 ], [ 91.793279071862969, 26.321339914639189 ], [ 91.795605383064469, 26.320515485715791 ], [ 91.812221891646587, 26.314469673610873 ], [ 91.815545193363022, 26.313370435046341 ], [ 91.808898589930166, 26.321339914639189 ], [ 91.808566259758521, 26.322164343562591 ], [ 91.821859466624218, 26.331782681002235 ], [ 91.822191796795863, 26.370530840401948 ], [ 91.820862476109298, 26.372179698248743 ], [ 91.817871504564508, 26.375752223583468 ], [ 91.797599364094324, 26.400485091285411 ], [ 91.789623439974903, 26.410103428725058 ], [ 91.775665572765917, 26.427141626475287 ], [ 91.768686639161416, 26.44802715920137 ], [ 91.766360327959916, 26.462317260540274 ], [ 91.771012950362916, 26.468637882286323 ], [ 91.777327223624127, 26.470011930491989 ], [ 91.779321204653982, 26.479080648649369 ], [ 91.79992567529581, 26.477156981161439 ], [ 91.801587326154035, 26.48952341501241 ], [ 91.801587326154035, 26.489798224653544 ], [ 91.781315185683837, 26.496118846399597 ], [ 91.781315185683837, 26.49639365604073 ], [ 91.787297128773403, 26.498042513887526 ], [ 91.780650525340548, 26.508210470609434 ], [ 91.777991883967402, 26.512607424867561 ], [ 91.817206844221232, 26.50546237419811 ], [ 91.833158692460074, 26.515355521278885 ], [ 91.827509079542153, 26.545034962521218 ], [ 91.809895580445087, 26.54393572395669 ], [ 91.812886551989877, 26.559325063860122 ], [ 91.829835390743639, 26.55822582529559 ], [ 91.831497041601864, 26.571141878428826 ], [ 91.820862476109298, 26.571966307352227 ], [ 91.83382335280335, 26.583233502638667 ], [ 91.83747898469143, 26.580760215868473 ], [ 91.83781131486306, 26.574439594122421 ], [ 91.849775201042192, 26.573065545916755 ], [ 91.854095493273547, 26.538439531134035 ], [ 91.870047341512389, 26.531844099746849 ], [ 91.884337538893021, 26.538439531134035 ], [ 91.896633755243798, 26.56949302058203 ], [ 91.921890848288626, 26.5675693530941 ], [ 91.927872791378192, 26.537340292569503 ], [ 91.965093770602167, 26.539813579339697 ], [ 91.958779497340956, 26.551630393908404 ], [ 91.970078723176798, 26.556027348166527 ], [ 91.990350863646995, 26.554928109601995 ], [ 92.004973391199272, 26.534592196158176 ], [ 92.013281645490338, 26.536515863646105 ], [ 92.003644070512692, 26.543386104674422 ], [ 92.028236503214245, 26.54228686610989 ], [ 92.019263588579904, 26.521950952666071 ], [ 92.034550776475456, 26.524424239436264 ], [ 92.025245531669469, 26.508760089891702 ], [ 92.040865049736666, 26.509859328456233 ], [ 92.038538738535166, 26.485676080036555 ], [ 92.050502624714298, 26.475508123314643 ], [ 92.056816897975509, 26.509034899532836 ], [ 92.068448453982995, 26.510134138097364 ], [ 92.068448453982995, 26.545034962521218 ], [ 92.106998753893535, 26.552180013190672 ], [ 92.108660404751745, 26.570317449505428 ], [ 92.100684480632324, 26.579386167662808 ], [ 92.086726613423338, 26.575813642328082 ], [ 92.079415349647206, 26.589279314743585 ], [ 92.062466510893429, 26.587355647255656 ], [ 92.056816897975509, 26.546958630009147 ], [ 92.02856883338589, 26.545859391444615 ], [ 92.005970381714192, 26.559599873501252 ], [ 92.009626013602258, 26.589828934025853 ], [ 92.03322145578889, 26.592577030437177 ], [ 92.0255778618411, 26.609340418546275 ], [ 92.038538738535166, 26.609065608905141 ], [ 92.037209417848601, 26.620332804191584 ], [ 92.070442435012851, 26.624454948808573 ], [ 92.072768746214351, 26.646989339381456 ], [ 92.121621281445798, 26.643691623687864 ], [ 92.118630309901022, 26.652485532204111 ], [ 92.18077605199818, 26.668699301030941 ], [ 92.176788089938469, 26.651386293639579 ], [ 92.184431683886245, 26.644790862252393 ], [ 92.202045182983298, 26.651386293639579 ], [ 92.205036154528088, 26.640668717635403 ], [ 92.193736928692232, 26.634897715171615 ], [ 92.22032334242364, 26.628302283784432 ], [ 92.234613539804272, 26.596973984695303 ], [ 92.226969945856496, 26.593951078642842 ], [ 92.230625577744561, 26.548882297497077 ], [ 92.264855585423746, 26.570592259146562 ], [ 92.252559369072969, 26.573889974840153 ], [ 92.242257133752048, 26.603294606441356 ], [ 92.273163839714812, 26.616210659574591 ], [ 92.275822481087943, 26.657432105744498 ], [ 92.289780348296929, 26.650836674357315 ], [ 92.294100640528285, 26.62198166203838 ], [ 92.314372780998482, 26.624180139167439 ], [ 92.312046469796982, 26.607141941417211 ], [ 92.334977251640325, 26.62198166203838 ], [ 92.33165394992389, 26.606317512493813 ], [ 92.344282496446311, 26.597798413618701 ], [ 92.325339676662679, 26.596699175054169 ], [ 92.327001327520904, 26.589279314743585 ], [ 92.327333657692549, 26.587355647255656 ], [ 92.359902014513509, 26.583233502638667 ] ] ] } },
{ "type": "Feature", "properties": { "dt_code": "303", "district": "Barpeta", "st_code": "18", "year": "2011_c", "st_nm": "Assam", "state": "assam" }, "geometry": { "type": "Polygon", "coordinates": [ [ [ 90.847799733539915, 26.52799676477099 ], [ 90.853449346457836, 26.529096003335521 ], [ 90.853781676629481, 26.529096003335521 ], [ 90.831847885301073, 26.539263960057433 ], [ 90.823207300838362, 26.560973921706918 ], [ 90.857437308517547, 26.56729454345297 ], [ 90.867074883495178, 26.562897589194847 ], [ 90.875383137786244, 26.563172398835977 ], [ 90.877377118816099, 26.55822582529559 ], [ 90.877709448987744, 26.557401396372192 ], [ 90.891334986025086, 26.552180013190672 ], [ 90.909280815293783, 26.573889974840153 ], [ 90.925897323875915, 26.575538832686952 ], [ 90.921244701472915, 26.559599873501252 ], [ 90.931879266965481, 26.554928109601995 ], [ 90.934870238510257, 26.584057931562064 ], [ 90.96345063327152, 26.583233502638667 ], [ 90.96345063327152, 26.598622842542099 ], [ 90.989040056487994, 26.590653362949251 ], [ 90.99502199957756, 26.600821319671159 ], [ 90.996018990092495, 26.571416688069959 ], [ 90.985384424599928, 26.575538832686952 ], [ 90.976743840137217, 26.539813579339697 ], [ 90.977076170308862, 26.499691371734322 ], [ 90.932876257480402, 26.477706600443703 ], [ 90.953148397950599, 26.47111116905652 ], [ 90.945504804002823, 26.461767641258007 ], [ 90.952151407435679, 26.45709587735875 ], [ 90.973088208249152, 26.461218021975743 ], [ 90.962121312584955, 26.457920306282148 ], [ 90.96112432207002, 26.444454633866645 ], [ 90.962121312584955, 26.443905014584381 ], [ 90.975414519450652, 26.440332489249656 ], [ 90.969764906532731, 26.428790484322082 ], [ 90.982393453055153, 26.430988961451142 ], [ 90.981728792711863, 26.416424050471111 ], [ 91.003662584040271, 26.421920243293762 ], [ 90.997015980607415, 26.435385915709269 ], [ 91.009976857301481, 26.435111106068135 ], [ 91.014297149532837, 26.44582868207231 ], [ 91.013964819361192, 26.44582868207231 ], [ 90.99668365043577, 26.470011930491989 ], [ 90.991034037517849, 26.523874620154 ], [ 91.052182789100087, 26.529370812976655 ], [ 91.059161722704573, 26.516179950202286 ], [ 91.071790269226994, 26.516179950202286 ], [ 91.080763183861336, 26.556302157807661 ], [ 91.110008238965889, 26.561248731348048 ], [ 91.104690956219599, 26.5675693530941 ], [ 91.118316493256955, 26.572790736275621 ], [ 91.121639794973376, 26.582683883356403 ], [ 91.11333154068231, 26.584057931562064 ], [ 91.126292417376376, 26.604668654647018 ], [ 91.138920963898784, 26.601645748594557 ], [ 91.142244265615219, 26.600821319671159 ], [ 91.141911935443574, 26.603294606441356 ], [ 91.141911935443574, 26.604393845005884 ], [ 91.140582614756994, 26.611538895675334 ], [ 91.122969115659942, 26.611813705316468 ], [ 91.1163225122271, 26.632149618760288 ], [ 91.097712022615113, 26.628851903066696 ], [ 91.095053381241968, 26.639294669429738 ], [ 91.11266688033902, 26.637645811582942 ], [ 91.11266688033902, 26.651386293639579 ], [ 91.095385711413613, 26.652210722562977 ], [ 91.097379692443468, 26.665401585337349 ], [ 91.127289407891297, 26.658806153950163 ], [ 91.127621738062942, 26.650012245433917 ], [ 91.139585624242073, 26.650561864716181 ], [ 91.145567567331639, 26.662653488926018 ], [ 91.157531453510771, 26.651386293639579 ], [ 91.15121718024956, 26.639019859788608 ], [ 91.186444178443665, 26.627752664502164 ], [ 91.176474273294389, 26.622806090961777 ], [ 91.18677650861531, 26.62198166203838 ], [ 91.18445019741381, 26.604943464288151 ], [ 91.18445019741381, 26.604393845005884 ], [ 91.198408064622797, 26.60384422572362 ], [ 91.197743404279521, 26.623080900602908 ], [ 91.248589920540823, 26.619508375268182 ], [ 91.247592930025903, 26.607691560699479 ], [ 91.233302732645271, 26.607416751058345 ], [ 91.237623024876626, 26.577187690533748 ], [ 91.269194391182666, 26.584332741203198 ], [ 91.258559825690099, 26.570592259146562 ], [ 91.290131191996153, 26.564271637400509 ], [ 91.247925260197547, 26.538439531134035 ], [ 91.243937298137837, 26.523874620154 ], [ 91.247925260197547, 26.523325000871736 ], [ 91.249586911055758, 26.523325000871736 ], [ 91.247925260197547, 26.510683757379631 ], [ 91.265871089466245, 26.491172272859206 ], [ 91.231308751615416, 26.438408821761726 ], [ 91.241943317107982, 26.40433242626127 ], [ 91.233635062816916, 26.399660662362013 ], [ 91.241943317107982, 26.38811865743444 ], [ 91.236958364533336, 26.377950700712528 ], [ 91.237623024876626, 26.377401081430264 ], [ 91.244269628309468, 26.380973606764989 ], [ 91.247260599854258, 26.371630078966476 ], [ 91.265206429122955, 26.3609125029623 ], [ 91.26487409895131, 26.370805650043078 ], [ 91.282487598048363, 26.375202604301201 ], [ 91.270856042040876, 26.364485028297025 ], [ 91.277170315302087, 26.340851399159614 ], [ 91.26720041015281, 26.340576589518481 ], [ 91.269859051525955, 26.329034584590907 ], [ 91.255901184316969, 26.314744483252007 ], [ 91.261550797234889, 26.304301716888961 ], [ 91.250251571399048, 26.301828430118768 ], [ 91.261218467063244, 26.289461996267796 ], [ 91.22698845938406, 26.28259175523948 ], [ 91.216021563719863, 26.267202415336047 ], [ 91.240946326593047, 26.261156603231125 ], [ 91.240281666249757, 26.260606983948861 ], [ 91.220009525779574, 26.242744357275235 ], [ 91.215689233548218, 26.238897022299376 ], [ 91.215689233548218, 26.235324496964651 ], [ 91.216686224063139, 26.219385537778955 ], [ 91.234964383503481, 26.208667961774779 ], [ 91.248257590369178, 26.201248101464195 ], [ 91.248257590369178, 26.200973291823061 ], [ 91.237290694704981, 26.180362568738108 ], [ 91.223332827495994, 26.178988520532446 ], [ 91.218015544749719, 26.178438901250182 ], [ 91.212698262003428, 26.180087759096978 ], [ 91.201731366339231, 26.177064853044516 ], [ 91.116987172570376, 26.154805272112768 ], [ 91.100702994159889, 26.165248038475809 ], [ 91.092062409697192, 26.163599180629014 ], [ 91.088074447637482, 26.16304956134675 ], [ 91.081095514032981, 26.161675513141084 ], [ 91.029584337428389, 26.119080018765516 ], [ 90.99801297112235, 26.12869835620516 ], [ 91.009312196958192, 26.11550749343079 ], [ 90.99568665992085, 26.119354828406646 ], [ 90.995354329749205, 26.11962963804778 ], [ 90.948828105719244, 26.097095247474897 ], [ 90.943510822972968, 26.094621960704703 ], [ 90.935867229025192, 26.100667772809622 ], [ 90.934870238510257, 26.100942582450756 ], [ 90.92224169198785, 26.093522722140172 ], [ 90.91692440924156, 26.089675387164313 ], [ 90.915927418726639, 26.089950196805447 ], [ 90.871395175726533, 26.095721199269235 ], [ 90.859431289547402, 26.112484587378329 ], [ 90.839491479248849, 26.109186871684734 ], [ 90.781998359554692, 26.129247975487424 ], [ 90.714535334711258, 26.130072404410821 ], [ 90.693930864069415, 26.150957937136909 ], [ 90.671664742569362, 26.198225195411734 ], [ 90.670003091711152, 26.202072530387593 ], [ 90.65338658312902, 26.237248164452581 ], [ 90.672994063255928, 26.25043902722695 ], [ 90.683960958920139, 26.257858887537534 ], [ 90.697586495957481, 26.257858887537534 ], [ 90.73314582432323, 26.257858887537534 ], [ 90.731151843293375, 26.268301653900576 ], [ 90.720184947629178, 26.268576463541709 ], [ 90.720517277800823, 26.28259175523948 ], [ 90.751423983763573, 26.309523100070486 ], [ 90.802602830196534, 26.307049813300289 ], [ 90.789309623330823, 26.329309394232041 ], [ 90.817890018092086, 26.366958315067222 ], [ 90.840820799935415, 26.357614787268709 ], [ 90.859763619719047, 26.36283617045023 ], [ 90.861092940405612, 26.377401081430264 ], [ 90.844808761995125, 26.401859139491076 ], [ 90.861757600748902, 26.430988961451142 ], [ 90.855775657659336, 26.438958441043994 ], [ 90.812905065517441, 26.428240865039815 ], [ 90.796953217278599, 26.435660725350399 ], [ 90.827527593069718, 26.448851588124768 ], [ 90.818554678435376, 26.475782932955774 ], [ 90.803932150883099, 26.477981410084837 ], [ 90.80492914139802, 26.496668465681861 ], [ 90.822874970666717, 26.490622653576942 ], [ 90.827195262898073, 26.502164658504515 ], [ 90.842150120621994, 26.499691371734322 ], [ 90.850126044741415, 26.519752475537011 ], [ 90.847799733539915, 26.52799676477099 ] ] ] } },
{ "type": "Feature", "properties": { "dt_code": "323", "district": "Nalbari", "st_code": "18", "year": "2011_c", "st_nm": "Assam", "state": "assam" }, "geometry": { "type": "Polygon", "coordinates": [ [ [ 91.249586911055758, 26.523325000871736 ], [ 91.26387710843639, 26.521676143024937 ], [ 91.26620341963789, 26.53486700579931 ], [ 91.296777795428994, 26.546134201085749 ], [ 91.311400322981271, 26.517004379125684 ], [ 91.289466531652863, 26.515355521278885 ], [ 91.284149248906587, 26.502714277786779 ], [ 91.30109808766035, 26.500240991016586 ], [ 91.302427408346915, 26.499966181375456 ], [ 91.297774785943929, 26.487599747524481 ], [ 91.296777795428994, 26.484851651113154 ], [ 91.302095078175284, 26.486775318601083 ], [ 91.328016831563403, 26.495294417476199 ], [ 91.3413100384291, 26.499691371734322 ], [ 91.355267905638087, 26.510683757379631 ], [ 91.352609264264942, 26.523874620154 ], [ 91.459951909705495, 26.542561675751024 ], [ 91.429045203742731, 26.549431916779341 ], [ 91.434362486489007, 26.563447208477111 ], [ 91.467595503653271, 26.562622779553713 ], [ 91.475903757944337, 26.570867068787695 ], [ 91.49119094583989, 26.561248731348048 ], [ 91.49451424755631, 26.533767767234778 ], [ 91.506478133735442, 26.532393719029116 ], [ 91.52841192506385, 26.558775444577854 ], [ 91.577596790466956, 26.571966307352227 ], [ 91.584908054243087, 26.555752538525397 ], [ 91.57394115857889, 26.555477728884263 ], [ 91.577929120638601, 26.529096003335521 ], [ 91.556327659481823, 26.525523478000796 ], [ 91.561977272399758, 26.483752412548625 ], [ 91.550013386220613, 26.470011930491989 ], [ 91.549681056048982, 26.469462311209725 ], [ 91.564303583601244, 26.430164532527744 ], [ 91.528744255235495, 26.392790421333697 ], [ 91.536387849183271, 26.376576652506866 ], [ 91.519439010429508, 26.354866690857381 ], [ 91.525088623347429, 26.336729254542622 ], [ 91.45496695713085, 26.320240676074661 ], [ 91.451311325242784, 26.269675702106241 ], [ 91.436688797690508, 26.260332174307727 ], [ 91.412761025332244, 26.265553557489248 ], [ 91.412761025332244, 26.265003938206984 ], [ 91.422398600309876, 26.232301590912193 ], [ 91.419739958936745, 26.205919865363452 ], [ 91.411099374474034, 26.201248101464195 ], [ 91.420404619280021, 26.174591566274323 ], [ 91.414422676190455, 26.136118216515744 ], [ 91.390494903832192, 26.139141122568201 ], [ 91.353606254779876, 26.167171705963739 ], [ 91.294783814399139, 26.157278558882961 ], [ 91.223332827495994, 26.178988520532446 ], [ 91.237290694704981, 26.180362568738108 ], [ 91.248257590369178, 26.200973291823061 ], [ 91.248257590369178, 26.201248101464195 ], [ 91.234964383503481, 26.208667961774779 ], [ 91.216686224063139, 26.219385537778955 ], [ 91.215689233548218, 26.235324496964651 ], [ 91.215689233548218, 26.238897022299376 ], [ 91.220009525779574, 26.242744357275235 ], [ 91.240281666249757, 26.260606983948861 ], [ 91.240946326593047, 26.261156603231125 ], [ 91.216021563719863, 26.267202415336047 ], [ 91.22698845938406, 26.28259175523948 ], [ 91.261218467063244, 26.289461996267796 ], [ 91.250251571399048, 26.301828430118768 ], [ 91.261550797234889, 26.304301716888961 ], [ 91.255901184316969, 26.314744483252007 ], [ 91.269859051525955, 26.329034584590907 ], [ 91.26720041015281, 26.340576589518481 ], [ 91.277170315302087, 26.340851399159614 ], [ 91.270856042040876, 26.364485028297025 ], [ 91.282487598048363, 26.375202604301201 ], [ 91.26487409895131, 26.370805650043078 ], [ 91.265206429122955, 26.3609125029623 ], [ 91.247260599854258, 26.371630078966476 ], [ 91.244269628309468, 26.380973606764989 ], [ 91.237623024876626, 26.377401081430264 ], [ 91.236958364533336, 26.377950700712528 ], [ 91.241943317107982, 26.38811865743444 ], [ 91.233635062816916, 26.399660662362013 ], [ 91.241943317107982, 26.40433242626127 ], [ 91.231308751615416, 26.438408821761726 ], [ 91.265871089466245, 26.491172272859206 ], [ 91.247925260197547, 26.510683757379631 ], [ 91.249586911055758, 26.523325000871736 ] ] ] } },
{ "type": "Feature", "properties": { "dt_code": "304", "district": "Morigaon", "st_code": "18", "year": "2011_c", "st_nm": "Assam", "state": "assam" }, "geometry": { "type": "Polygon", "coordinates": [ [ [ 92.340626864558246, 26.502439468145649 ], [ 92.347273467991101, 26.50766085132717 ], [ 92.351593760222443, 26.508210470609434 ], [ 92.359569684341864, 26.50546237419811 ], [ 92.368874929147864, 26.509859328456233 ], [ 92.419056785065891, 26.514531092355487 ], [ 92.419721445409166, 26.478805839008235 ], [ 92.440990576394299, 26.451874494177229 ], [ 92.441987566909219, 26.436210344632663 ], [ 92.424374067812167, 26.413675954059784 ], [ 92.434011642789798, 26.412851525136382 ], [ 92.440658246222654, 26.370256030760814 ], [ 92.469903301327193, 26.374378175377803 ], [ 92.485855149566035, 26.363385789732497 ], [ 92.502803988319812, 26.382072845329521 ], [ 92.506459620207877, 26.37190488860761 ], [ 92.551324193379614, 26.382072845329521 ], [ 92.566943711446825, 26.372179698248743 ], [ 92.568273032133391, 26.337828493107153 ], [ 92.552653514066193, 26.308423861505954 ], [ 92.504133309006377, 26.272973417799832 ], [ 92.419389115237522, 26.270225321388505 ], [ 92.407757559230035, 26.244118405480897 ], [ 92.425371058327087, 26.23202678127106 ], [ 92.431020671245022, 26.190805335101153 ], [ 92.417062804036036, 26.15233198534257 ], [ 92.398784644595693, 26.137492264721406 ], [ 92.408422219573325, 26.125675450152698 ], [ 92.395461342879258, 26.113583825942861 ], [ 92.362892986058299, 26.077583762954475 ], [ 92.359569684341864, 26.091599054652242 ], [ 92.32999229906568, 26.076759334031077 ], [ 92.323345695632838, 26.086377671470721 ], [ 92.29609462155814, 26.082530336494862 ], [ 92.29376831035664, 26.082255526853729 ], [ 92.291109668983509, 26.080057049724669 ], [ 92.273496169886442, 26.065766948385768 ], [ 92.262861604393891, 26.065766948385768 ], [ 92.215338389849009, 26.066316567668032 ], [ 92.184431683886245, 26.068515044797095 ], [ 92.176123429595179, 26.073461618337483 ], [ 92.172800127878759, 26.075660095466546 ], [ 92.175126439080259, 26.077308953313342 ], [ 92.163494883072758, 26.121828115176839 ], [ 92.167150514960838, 26.163873990270147 ], [ 92.154854298610061, 26.170744231298464 ], [ 92.149869346035416, 26.16140070349995 ], [ 92.129597205565219, 26.180637378379242 ], [ 92.10666642372189, 26.172118279504126 ], [ 92.080080009990482, 26.17733966268565 ], [ 92.093705547027824, 26.18860685797209 ], [ 92.060140199691929, 26.196301527923808 ], [ 92.055487577288943, 26.220484776343486 ], [ 92.0279041730426, 26.232576400553324 ], [ 92.013613975661968, 26.227904636654067 ], [ 92.010290673945548, 26.242744357275235 ], [ 91.983039599870864, 26.238347403017112 ], [ 91.981710279184284, 26.239446641581644 ], [ 91.972072704206653, 26.24824055009789 ], [ 91.980048628326074, 26.274347466005498 ], [ 91.992012514505205, 26.269675702106241 ], [ 92.015275626520193, 26.283141374521744 ], [ 92.024248541154535, 26.271049750311903 ], [ 92.0302304842441, 26.271874179235304 ], [ 92.036544757505311, 26.272698608158699 ], [ 92.040200389393377, 26.272973417799832 ], [ 92.041529710079956, 26.27544670457003 ], [ 92.084067972050192, 26.338927731671685 ], [ 92.09968749011739, 26.341126208800745 ], [ 92.157180609811562, 26.412301905854118 ], [ 92.1817730425131, 26.424393530063959 ], [ 92.217332370878864, 26.415874431188843 ], [ 92.21866169156543, 26.415599621547713 ], [ 92.244583444953548, 26.446103491713444 ], [ 92.281139763834233, 26.454347780947423 ], [ 92.341291524901521, 26.501615039222251 ], [ 92.340626864558246, 26.502439468145649 ] ] ] } },
{ "type": "Feature", "properties": { "dt_code": "321", "district": "Kamrup", "st_code": "18", "year": "2011_c", "st_nm": "Assam", "state": "assam" }, "geometry": { "type": "MultiPolygon", "coordinates": [ [ [ [ 91.577929120638601, 26.529096003335521 ], [ 91.578261450810231, 26.528821193694391 ], [ 91.582581743041587, 26.52799676477099 ], [ 91.586237374929652, 26.528271574412123 ], [ 91.586569705101297, 26.527172335847592 ], [ 91.589560676646087, 26.514531092355487 ], [ 91.619470392093916, 26.512882234508691 ], [ 91.616147090377481, 26.485676080036555 ], [ 91.628443306728258, 26.493370749988269 ], [ 91.620467382608837, 26.479630267931633 ], [ 91.628110976556613, 26.480729506496164 ], [ 91.626449325698403, 26.470836359415387 ], [ 91.618141071407337, 26.468637882286323 ], [ 91.629107967071548, 26.464790547310468 ], [ 91.625120005011837, 26.447202730277972 ], [ 91.676631181616429, 26.448301968842504 ], [ 91.709864198780679, 26.478805839008235 ], [ 91.7201664341016, 26.476882171520305 ], [ 91.7248190565046, 26.502989087427913 ], [ 91.754396441780784, 26.494469988552801 ], [ 91.752402460750929, 26.481553935419562 ], [ 91.779985864997258, 26.481828745060696 ], [ 91.779321204653982, 26.479630267931633 ], [ 91.779321204653982, 26.479080648649369 ], [ 91.777327223624127, 26.470011930491989 ], [ 91.771012950362916, 26.468637882286323 ], [ 91.766360327959916, 26.462317260540274 ], [ 91.768686639161416, 26.44802715920137 ], [ 91.775665572765917, 26.427141626475287 ], [ 91.789623439974903, 26.410103428725058 ], [ 91.797599364094324, 26.400485091285411 ], [ 91.817871504564508, 26.375752223583468 ], [ 91.820862476109298, 26.372179698248743 ], [ 91.822191796795863, 26.370530840401948 ], [ 91.821859466624218, 26.331782681002235 ], [ 91.808566259758521, 26.322164343562591 ], [ 91.808898589930166, 26.321339914639189 ], [ 91.815545193363022, 26.313370435046341 ], [ 91.812221891646587, 26.314469673610873 ], [ 91.795605383064469, 26.320515485715791 ], [ 91.793279071862969, 26.321339914639189 ], [ 91.781979846027113, 26.305400955453493 ], [ 91.789955770146534, 26.270225321388505 ], [ 91.790288100318179, 26.268026844259445 ], [ 91.785635477915193, 26.255660410408474 ], [ 91.783973827056968, 26.250988646509217 ], [ 91.781315185683837, 26.244118405480897 ], [ 91.747085178004653, 26.221309205266884 ], [ 91.746752847833008, 26.216637441367627 ], [ 91.748746828862863, 26.209217581057043 ], [ 91.748746828862863, 26.208942771415913 ], [ 91.731465659937456, 26.210866438903839 ], [ 91.711858179810548, 26.191354954383417 ], [ 91.694909341056771, 26.203996197875522 ], [ 91.671978559213429, 26.201797720746463 ], [ 91.68228079453435, 26.215813012444229 ], [ 91.664667295437297, 26.219660347420088 ], [ 91.643398164452179, 26.195477099000406 ], [ 91.651706418743245, 26.178438901250182 ], [ 91.657356031661166, 26.182286236226037 ], [ 91.6490477773701, 26.165522848116943 ], [ 91.64838311702681, 26.165522848116943 ], [ 91.568956206004245, 26.150408317854644 ], [ 91.5686238758326, 26.150133508213511 ], [ 91.564635913772889, 26.14491212503199 ], [ 91.564303583601244, 26.104240298144347 ], [ 91.587234365444587, 26.09022500644658 ], [ 91.5686238758326, 26.05999594592198 ], [ 91.578593780981876, 26.059171516998582 ], [ 91.579258441325166, 26.068240235155962 ], [ 91.586569705101297, 26.05779746879292 ], [ 91.598201261108784, 26.060820374845378 ], [ 91.600195242138639, 26.075660095466546 ], [ 91.629440297243193, 26.074835666543148 ], [ 91.72315740564639, 26.034988268578903 ], [ 91.7224927453031, 25.9778278632233 ], [ 91.7224927453031, 25.965736239013459 ], [ 91.72083109444489, 25.962163713678734 ], [ 91.715513811698614, 25.949247660545499 ], [ 91.713519830668758, 25.944026277363974 ], [ 91.670649238526863, 25.904178879399733 ], [ 91.6513740885716, 25.906377356528793 ], [ 91.60950048694464, 25.937430845976792 ], [ 91.61182679814614, 25.945125515928506 ], [ 91.629772627414837, 25.94347665808171 ], [ 91.640739523079034, 25.96381257152553 ], [ 91.626116995526758, 25.98689658138068 ], [ 91.631101948101403, 26.022072215445668 ], [ 91.597536600765508, 26.018224880469809 ], [ 91.579923101668456, 26.033339410732108 ], [ 91.551010376735547, 25.976728624658769 ], [ 91.518109689742928, 25.959965236549674 ], [ 91.519771340601153, 25.939904132746985 ], [ 91.502822501847376, 25.926713269972616 ], [ 91.503154832019021, 25.913797216839377 ], [ 91.536720179354916, 25.931385033871869 ], [ 91.504816482877231, 25.907751404734459 ], [ 91.503819492362311, 25.891262826266495 ], [ 91.483879682063758, 25.893186493754424 ], [ 91.474574437257758, 25.874224628516266 ], [ 91.508804444936942, 25.866804768205682 ], [ 91.462942881250271, 25.857186430766038 ], [ 91.444997051981574, 25.839873423374677 ], [ 91.422398600309876, 25.854438334354711 ], [ 91.371552084048574, 25.846468854761863 ], [ 91.335660425511179, 25.840697852298074 ], [ 91.335660425511179, 25.840697852298074 ], [ 91.335660425511179, 25.840697852298074 ], [ 91.274511673928941, 25.750560290006547 ], [ 91.22233583698106, 25.722529706611009 ], [ 91.190432140503376, 25.74781219359522 ], [ 91.178135924152613, 25.777491634837553 ], [ 91.186111848272034, 25.818438271366325 ], [ 91.203725347369087, 25.843445948709402 ], [ 91.195749423249666, 25.861583385024161 ], [ 91.180129905182469, 25.843995567991669 ], [ 91.147561548361494, 25.850590999378852 ], [ 91.120310474286811, 25.83300318234636 ], [ 91.062152694249363, 25.820911558136519 ], [ 91.048859487383652, 25.829430657011635 ], [ 91.071790269226994, 25.838774184810148 ], [ 91.078436872659836, 25.852789476507915 ], [ 91.048194827040376, 25.84921695117319 ], [ 91.047530166697086, 25.84921695117319 ], [ 91.046865506353797, 25.848392522249792 ], [ 91.011638508159692, 25.824484083471244 ], [ 91.007318215928336, 25.824758893112378 ], [ 91.015626470219402, 25.848117712608659 ], [ 91.026593365883599, 25.880270440621185 ], [ 91.025596375368679, 25.88576663344384 ], [ 91.028587346913454, 25.886041443084974 ], [ 91.047530166697086, 25.941552990593781 ], [ 91.080430853689691, 25.972331670400646 ], [ 91.099373673473323, 26.009980591235827 ], [ 91.089071438152402, 26.031965362526442 ], [ 91.065143665794139, 26.047629512071008 ], [ 91.026261035711968, 26.046805083147611 ], [ 90.981396462540218, 26.062744042333307 ], [ 90.947831115204323, 26.090774625728844 ], [ 90.940187521256547, 26.092973102857908 ], [ 90.943510822972968, 26.094621960704703 ], [ 90.948828105719244, 26.097095247474897 ], [ 90.995354329749205, 26.11962963804778 ], [ 90.99568665992085, 26.119354828406646 ], [ 91.009312196958192, 26.11550749343079 ], [ 90.99801297112235, 26.12869835620516 ], [ 91.029584337428389, 26.119080018765516 ], [ 91.081095514032981, 26.161675513141084 ], [ 91.088074447637482, 26.16304956134675 ], [ 91.092062409697192, 26.163599180629014 ], [ 91.100702994159889, 26.165248038475809 ], [ 91.116987172570376, 26.154805272112768 ], [ 91.201731366339231, 26.177064853044516 ], [ 91.212698262003428, 26.180087759096978 ], [ 91.218015544749719, 26.178438901250182 ], [ 91.223332827495994, 26.178988520532446 ], [ 91.294783814399139, 26.157278558882961 ], [ 91.353606254779876, 26.167171705963739 ], [ 91.390494903832192, 26.139141122568201 ], [ 91.414422676190455, 26.136118216515744 ], [ 91.420404619280021, 26.174591566274323 ], [ 91.411099374474034, 26.201248101464195 ], [ 91.419739958936745, 26.205919865363452 ], [ 91.422398600309876, 26.232301590912193 ], [ 91.412761025332244, 26.265003938206984 ], [ 91.412761025332244, 26.265553557489248 ], [ 91.436688797690508, 26.260332174307727 ], [ 91.451311325242784, 26.269675702106241 ], [ 91.45496695713085, 26.320240676074661 ], [ 91.525088623347429, 26.336729254542622 ], [ 91.519439010429508, 26.354866690857381 ], [ 91.536387849183271, 26.376576652506866 ], [ 91.528744255235495, 26.392790421333697 ], [ 91.564303583601244, 26.430164532527744 ], [ 91.549681056048982, 26.469462311209725 ], [ 91.550013386220613, 26.470011930491989 ], [ 91.561977272399758, 26.483752412548625 ], [ 91.556327659481823, 26.525523478000796 ], [ 91.577929120638601, 26.529096003335521 ] ] ], [ [ [ 91.514121727683218, 25.867904006770214 ], [ 91.526417944033994, 25.891262826266495 ], [ 91.535058528496705, 25.88384296595591 ], [ 91.530405906093705, 25.871476532104939 ], [ 91.514121727683218, 25.867904006770214 ] ] ] ] } },
{ "type": "Feature", "properties": { "dt_code": "319", "district": "Bongaigaon", "st_code": "18", "year": "2011_c", "st_nm": "Assam", "state": "assam" }, "geometry": { "type": "Polygon", "coordinates": [ [ [ 90.399154001822467, 26.441706537455318 ], [ 90.429063717270296, 26.448851588124768 ], [ 90.437371971561362, 26.460943212334609 ], [ 90.459970423233059, 26.452973732741761 ], [ 90.46329372494948, 26.464790547310468 ], [ 90.477251592158467, 26.462592070181405 ], [ 90.456314791344994, 26.432637819297938 ], [ 90.476586931815191, 26.385645370664246 ], [ 90.480907224046547, 26.4205461950881 ], [ 90.50417033606152, 26.426317197551889 ], [ 90.509819948979441, 26.448851588124768 ], [ 90.498188392971954, 26.459569164128943 ], [ 90.519789854128717, 26.509309709173966 ], [ 90.589911520345296, 26.489798224653544 ], [ 90.601875406524428, 26.49144708250034 ], [ 90.588914529830362, 26.511508186303029 ], [ 90.601210746181138, 26.516454759843416 ], [ 90.623476867681191, 26.50766085132717 ], [ 90.620818226308046, 26.493645559629403 ], [ 90.682299308061928, 26.499141752452054 ], [ 90.685622609778349, 26.481828745060696 ], [ 90.717193976084388, 26.479355458290499 ], [ 90.710215042479902, 26.451599684536095 ], [ 90.735804465696376, 26.441981347096451 ], [ 90.744777380330717, 26.465614976233866 ], [ 90.731151843293375, 26.471935597979918 ], [ 90.731151843293375, 26.482927983625224 ], [ 90.766378841487494, 26.485676080036555 ], [ 90.777345737151691, 26.504912754915843 ], [ 90.757405926853139, 26.51480590199662 ], [ 90.774687095778546, 26.530470051541187 ], [ 90.786983312129323, 26.527721955129859 ], [ 90.787647972472612, 26.517553998407948 ], [ 90.847799733539915, 26.52799676477099 ], [ 90.850126044741415, 26.519752475537011 ], [ 90.842150120621994, 26.499691371734322 ], [ 90.827195262898073, 26.502164658504515 ], [ 90.822874970666717, 26.490622653576942 ], [ 90.80492914139802, 26.496668465681861 ], [ 90.803932150883099, 26.477981410084837 ], [ 90.818554678435376, 26.475782932955774 ], [ 90.827527593069718, 26.448851588124768 ], [ 90.796953217278599, 26.435660725350399 ], [ 90.812905065517441, 26.428240865039815 ], [ 90.855775657659336, 26.438958441043994 ], [ 90.861757600748902, 26.430988961451142 ], [ 90.844808761995125, 26.401859139491076 ], [ 90.861092940405612, 26.377401081430264 ], [ 90.859763619719047, 26.36283617045023 ], [ 90.840820799935415, 26.357614787268709 ], [ 90.817890018092086, 26.366958315067222 ], [ 90.789309623330823, 26.329309394232041 ], [ 90.802602830196534, 26.307049813300289 ], [ 90.751423983763573, 26.309523100070486 ], [ 90.720517277800823, 26.28259175523948 ], [ 90.720184947629178, 26.268576463541709 ], [ 90.731151843293375, 26.268301653900576 ], [ 90.73314582432323, 26.257858887537534 ], [ 90.697586495957481, 26.257858887537534 ], [ 90.683960958920139, 26.257858887537534 ], [ 90.672994063255928, 26.25043902722695 ], [ 90.65338658312902, 26.237248164452581 ], [ 90.670003091711152, 26.202072530387593 ], [ 90.661030177076796, 26.207293913569114 ], [ 90.656045224502165, 26.211141248544973 ], [ 90.65504823398723, 26.210866438903839 ], [ 90.622479877166271, 26.202072530387593 ], [ 90.618159584934915, 26.209217581057043 ], [ 90.600213755666218, 26.215263393161962 ], [ 90.577282973822875, 26.203446578593258 ], [ 90.521119174815283, 26.199599243617399 ], [ 90.519457523957072, 26.198500005052868 ], [ 90.469275668039046, 26.16827094452827 ], [ 90.469940328382336, 26.178164091609048 ], [ 90.444683235337507, 26.165797657758077 ], [ 90.443021584479283, 26.178713710891312 ], [ 90.448338867225573, 26.183935094072833 ], [ 90.442024593964362, 26.184759522996231 ], [ 90.391178077703046, 26.191354954383417 ], [ 90.390181087188125, 26.203446578593258 ], [ 90.410453227658323, 26.21196567746837 ], [ 90.442024593964362, 26.236423735529183 ], [ 90.432054688815086, 26.260881793589995 ], [ 90.450332848255428, 26.250713836868083 ], [ 90.445015565509138, 26.267477224977178 ], [ 90.473263630098756, 26.270774940670773 ], [ 90.458641102546494, 26.272148988876435 ], [ 90.455317800830059, 26.285339851650804 ], [ 90.465952366322625, 26.276271133493424 ], [ 90.46395838529277, 26.28973680590893 ], [ 90.483565865419678, 26.296057427654979 ], [ 90.465952366322625, 26.325187249615048 ], [ 90.474260620613691, 26.332607109925632 ], [ 90.46229673443456, 26.328210155667509 ], [ 90.453988480143494, 26.340851399159614 ], [ 90.456979451688269, 26.357339977627575 ], [ 90.445347895680783, 26.346072782341135 ], [ 90.444018574994217, 26.360362883680036 ], [ 90.436374981046441, 26.359263645115504 ], [ 90.436042650874796, 26.344149114853206 ], [ 90.435045660359862, 26.34442392449434 ], [ 90.425075755210585, 26.363110980091363 ], [ 90.437371971561362, 26.364759837938159 ], [ 90.426405075897165, 26.367507934349486 ], [ 90.433716339673296, 26.376576652506866 ], [ 90.431057698300151, 26.37712627178913 ], [ 90.432719349158376, 26.380973606764989 ], [ 90.42374643452402, 26.382072845329521 ], [ 90.424743425038955, 26.383172083894053 ], [ 90.427402066412085, 26.385370561023112 ], [ 90.428066726755375, 26.385920180305376 ], [ 90.425740415553875, 26.396088137027288 ], [ 90.416435170747889, 26.390591944204633 ], [ 90.417099831091164, 26.407630141954861 ], [ 90.403474294053822, 26.406805713031464 ], [ 90.415438180232954, 26.430714151810012 ], [ 90.402477303538902, 26.433462248221339 ], [ 90.399154001822467, 26.441156918173053 ], [ 90.399154001822467, 26.441706537455318 ] ] ] } },
{ "type": "Feature", "properties": { "dt_code": "301", "district": "Dhubri", "st_code": "18", "year": "2011_c", "st_nm": "Assam", "state": "assam" }, "geometry": { "type": "Polygon", "coordinates": [ [ [ 89.843165624664493, 26.383172083894053 ], [ 89.844162615179414, 26.377950700712528 ], [ 89.844827275522704, 26.372729317531007 ], [ 89.875733981485453, 26.36283617045023 ], [ 89.869087378052612, 26.349645307675861 ], [ 89.902985055560151, 26.337004064183756 ], [ 89.905643696933282, 26.32628648817958 ], [ 89.879721943545164, 26.307049813300289 ], [ 89.884706896119809, 26.298530714425176 ], [ 89.866096406507822, 26.257858887537534 ], [ 89.874072330627243, 26.247416121174492 ], [ 89.858785142731691, 26.238347403017112 ], [ 89.869752038395887, 26.234225258400119 ], [ 89.860114463418256, 26.219935157061219 ], [ 89.873075340112322, 26.202072530387593 ], [ 89.860114463418256, 26.188057238689826 ], [ 89.875401651313823, 26.189156477254357 ], [ 89.868422717709322, 26.149858698572377 ], [ 89.869087378052612, 26.149309079290113 ], [ 89.882712915089954, 26.135568597233476 ], [ 89.908634668478072, 26.132545691181015 ], [ 89.915945932254203, 26.116606731995319 ], [ 89.935553412381111, 26.116881541636452 ], [ 89.938212053754256, 26.132820500822149 ], [ 89.96679244851552, 26.127049498358364 ], [ 89.982079636411072, 26.136667835798008 ], [ 90.024950228552967, 26.12677468871723 ], [ 90.063832858635138, 26.172667898786393 ], [ 90.152232684292059, 26.208942771415913 ], [ 90.147247731717414, 26.219935157061219 ], [ 90.136280836053217, 26.215538202803096 ], [ 90.120328987814375, 26.25043902722695 ], [ 90.104044809403888, 26.251263456150348 ], [ 90.097398205971032, 26.262255841795657 ], [ 90.103380149060598, 26.267752034618312 ], [ 90.11767034644123, 26.258683316460932 ], [ 90.140601128284572, 26.276271133493424 ], [ 90.140933458456217, 26.293309331243655 ], [ 90.125978600732296, 26.283141374521744 ], [ 90.124316949874085, 26.303752097606697 ], [ 90.107700441291954, 26.312546006122943 ], [ 90.118002676612875, 26.316942960381066 ], [ 90.116673355926309, 26.338927731671685 ], [ 90.148577052403994, 26.352668213728322 ], [ 90.187792012657809, 26.345523163058871 ], [ 90.207067162613086, 26.363110980091363 ], [ 90.206734832441441, 26.374927794660071 ], [ 90.227006972911639, 26.383996512817451 ], [ 90.23431823668777, 26.365584266861557 ], [ 90.214710756560862, 26.35156897516379 ], [ 90.227671633254914, 26.349370498034727 ], [ 90.216040077247428, 26.328759774949773 ], [ 90.267218923680375, 26.330683442437703 ], [ 90.264560282307244, 26.313095625405211 ], [ 90.281176790889361, 26.292210092679124 ], [ 90.27220387625502, 26.267202415336047 ], [ 90.258578339217678, 26.272973417799832 ], [ 90.251599405613177, 26.26445431892472 ], [ 90.288155724493862, 26.252087885073749 ], [ 90.287158733978927, 26.237522974093714 ], [ 90.306433883934204, 26.245767263327693 ], [ 90.303442912389414, 26.2575840778964 ], [ 90.320724081314836, 26.278744420263621 ], [ 90.343987193329809, 26.270774940670773 ], [ 90.35196311744923, 26.287263519138733 ], [ 90.362930013113441, 26.273248227440966 ], [ 90.353624768307441, 26.269950511747375 ], [ 90.355286419165651, 26.258133697178668 ], [ 90.381208172553769, 26.268576463541709 ], [ 90.379214191523914, 26.309248290429352 ], [ 90.403141963882177, 26.319965866433527 ], [ 90.404803614740402, 26.320790295356925 ], [ 90.395830700106046, 26.357065167986445 ], [ 90.397492350964257, 26.359538454756638 ], [ 90.424743425038955, 26.363385789732497 ], [ 90.425075755210585, 26.363110980091363 ], [ 90.435045660359862, 26.34442392449434 ], [ 90.436042650874796, 26.344149114853206 ], [ 90.436374981046441, 26.359263645115504 ], [ 90.444018574994217, 26.360362883680036 ], [ 90.445347895680783, 26.346072782341135 ], [ 90.456979451688269, 26.357339977627575 ], [ 90.453988480143494, 26.340851399159614 ], [ 90.46229673443456, 26.328210155667509 ], [ 90.474260620613691, 26.332607109925632 ], [ 90.465952366322625, 26.325187249615048 ], [ 90.483565865419678, 26.296057427654979 ], [ 90.46395838529277, 26.28973680590893 ], [ 90.465952366322625, 26.276271133493424 ], [ 90.455317800830059, 26.285339851650804 ], [ 90.458641102546494, 26.272148988876435 ], [ 90.473263630098756, 26.270774940670773 ], [ 90.445015565509138, 26.267477224977178 ], [ 90.450332848255428, 26.250713836868083 ], [ 90.432054688815086, 26.260881793589995 ], [ 90.442024593964362, 26.236423735529183 ], [ 90.410453227658323, 26.21196567746837 ], [ 90.390181087188125, 26.203446578593258 ], [ 90.390181087188125, 26.203996197875522 ], [ 90.389516426844835, 26.203721388234388 ], [ 90.357612730367151, 26.189980906177755 ], [ 90.304772233075994, 26.192729002589083 ], [ 90.264892612478889, 26.183110665149435 ], [ 90.261236980590809, 26.154530462471634 ], [ 90.247943773725112, 26.140515170773867 ], [ 90.195435606605585, 26.127324307999494 ], [ 90.194438616090665, 26.126225069434966 ], [ 90.191115314374244, 26.122377734459107 ], [ 90.173834145448822, 26.103141059579816 ], [ 90.169513853217467, 26.081980717212598 ], [ 90.169181523045836, 26.079782240083535 ], [ 90.168849192874191, 26.077583762954475 ], [ 90.173169485105547, 26.070438712285025 ], [ 90.181810069568243, 26.050102798841202 ], [ 90.180148418710033, 26.049003560276674 ], [ 90.178486767851822, 26.048179131353272 ], [ 90.141598118799493, 26.053125704893663 ], [ 90.131628213650217, 26.054224943458195 ], [ 90.082443348247125, 26.040484461401558 ], [ 90.056189264687362, 26.000637063437313 ], [ 90.019300615635046, 26.002285921284113 ], [ 89.972109731261796, 25.975354576453107 ], [ 89.945190987358757, 25.950072089468897 ], [ 89.948846619246822, 25.925064412125817 ], [ 89.937215063239336, 25.924789602484687 ], [ 89.930236129634835, 25.906377356528793 ], [ 89.898000102985506, 25.900331544423874 ], [ 89.876398641828743, 25.879171202056654 ], [ 89.843165624664493, 25.883018537032513 ], [ 89.887365537492954, 25.945125515928506 ], [ 89.825219795395796, 25.945949944851904 ], [ 89.829540087627137, 25.955018663009284 ], [ 89.84947989792569, 25.949247660545499 ], [ 89.841836303977914, 25.970408002912716 ], [ 89.872743009940677, 25.977278243941033 ], [ 89.836186691059993, 26.012728687647154 ], [ 89.835854360888348, 25.982224817481423 ], [ 89.820567172992796, 25.987446200662944 ], [ 89.81923785230623, 26.025644740780393 ], [ 89.808603286813664, 26.043782177095149 ], [ 89.787998816171822, 26.019049309393207 ], [ 89.801956683380808, 26.040484461401558 ], [ 89.77370861879119, 26.038560793913629 ], [ 89.788995806686756, 26.049003560276674 ], [ 89.785340174798691, 26.056973039869522 ], [ 89.798633381664388, 26.059446326639716 ], [ 89.794645419604677, 26.088850958240915 ], [ 89.781684542910611, 26.08307995577713 ], [ 89.784343184283756, 26.105339536708879 ], [ 89.756759780037427, 26.108362442761337 ], [ 89.766729685186704, 26.129247975487424 ], [ 89.747122205059796, 26.157828178165225 ], [ 89.720535791328388, 26.158377797447493 ], [ 89.728844045619454, 26.170744231298464 ], [ 89.736819969738875, 26.172118279504126 ], [ 89.729841036134374, 26.172118279504126 ], [ 89.709901225835821, 26.171843469862996 ], [ 89.706577924119401, 26.17733966268565 ], [ 89.698602, 26.190805335101153 ], [ 89.713224527552256, 26.187232809766428 ], [ 89.720535791328388, 26.195202289359276 ], [ 89.711562876694046, 26.202347340028727 ], [ 89.73416132836573, 26.210042009980441 ], [ 89.700595981029835, 26.218011489573289 ], [ 89.732167347335874, 26.236698545170317 ], [ 89.716880159440322, 26.256759648973002 ], [ 89.702257631888045, 26.259232935743199 ], [ 89.706910254291046, 26.270500131029639 ], [ 89.719871130985098, 26.25730926825527 ], [ 89.738481620597085, 26.269950511747375 ], [ 89.717544819783612, 26.295507808372715 ], [ 89.720203461156743, 26.306500194018025 ], [ 89.726850064589598, 26.294408569808184 ], [ 89.757092110209072, 26.288912376985529 ], [ 89.751110167119506, 26.321065104998059 ], [ 89.763074053298638, 26.316668150739936 ], [ 89.766397355015059, 26.31941624715126 ], [ 89.782681533425546, 26.332607109925632 ], [ 89.781019882567335, 26.352943023369452 ], [ 89.820567172992796, 26.373004127172141 ], [ 89.811261928186809, 26.360362883680036 ], [ 89.81225891870173, 26.359538454756638 ], [ 89.81558222041815, 26.356515548704177 ], [ 89.820234842821151, 26.352668213728322 ], [ 89.820567172992796, 26.355141500498515 ], [ 89.824887465224151, 26.381523226047253 ], [ 89.828543097112217, 26.381798035688387 ], [ 89.834525040201783, 26.382347654970651 ], [ 89.843165624664493, 26.383172083894053 ] ] ] } },
{ "type": "Feature", "properties": { "dt_code": "322", "district": "Kamrup Metropolitan", "st_code": "18", "year": "2011_c", "st_nm": "Assam", "state": "assam" }, "geometry": { "type": "Polygon", "coordinates": [ [ [ 91.748746828862863, 26.209217581057043 ], [ 91.771012950362916, 26.198500005052868 ], [ 91.880017246661666, 26.216637441367627 ], [ 91.978054647296219, 26.274897085287762 ], [ 91.980048628326074, 26.274347466005498 ], [ 91.972072704206653, 26.24824055009789 ], [ 91.981710279184284, 26.239446641581644 ], [ 91.983039599870864, 26.238347403017112 ], [ 92.010290673945548, 26.242744357275235 ], [ 92.013613975661968, 26.227904636654067 ], [ 92.0279041730426, 26.232576400553324 ], [ 92.055487577288943, 26.220484776343486 ], [ 92.060140199691929, 26.196301527923808 ], [ 92.093705547027824, 26.18860685797209 ], [ 92.080080009990482, 26.17733966268565 ], [ 92.10666642372189, 26.172118279504126 ], [ 92.129597205565219, 26.180637378379242 ], [ 92.149869346035416, 26.16140070349995 ], [ 92.154854298610061, 26.170744231298464 ], [ 92.167150514960838, 26.163873990270147 ], [ 92.163494883072758, 26.121828115176839 ], [ 92.175126439080259, 26.077308953313342 ], [ 92.172800127878759, 26.075660095466546 ], [ 92.169476826162338, 26.077858572595606 ], [ 92.132588177110009, 26.044331796377417 ], [ 92.097361178915904, 26.049278369917804 ], [ 92.051499615229233, 26.032789791449844 ], [ 91.98902154296043, 26.038560793913629 ], [ 91.983371930042509, 26.025919550421523 ], [ 91.931196093094627, 26.012453878006021 ], [ 91.91956453708714, 25.998713395949387 ], [ 91.910591622452785, 26.008056923747898 ], [ 91.909594631937864, 26.008881352671295 ], [ 91.914579584512495, 26.020698167240003 ], [ 91.883008218206456, 26.026194360062657 ], [ 91.867388700139259, 26.042133319248354 ], [ 91.879020256146745, 26.098194486039429 ], [ 91.826844419198864, 26.118805209124382 ], [ 91.825182768340653, 26.11962963804778 ], [ 91.791285090833114, 26.08527843290619 ], [ 91.777327223624127, 26.089400577523183 ], [ 91.731133329765811, 26.058896707357448 ], [ 91.72315740564639, 26.034988268578903 ], [ 91.629440297243193, 26.074835666543148 ], [ 91.600195242138639, 26.075660095466546 ], [ 91.598201261108784, 26.060820374845378 ], [ 91.586569705101297, 26.05779746879292 ], [ 91.579258441325166, 26.068240235155962 ], [ 91.578593780981876, 26.059171516998582 ], [ 91.5686238758326, 26.05999594592198 ], [ 91.587234365444587, 26.09022500644658 ], [ 91.564303583601244, 26.104240298144347 ], [ 91.564635913772889, 26.14491212503199 ], [ 91.5686238758326, 26.150133508213511 ], [ 91.568956206004245, 26.150408317854644 ], [ 91.64838311702681, 26.165522848116943 ], [ 91.6490477773701, 26.165522848116943 ], [ 91.657356031661166, 26.182286236226037 ], [ 91.651706418743245, 26.178438901250182 ], [ 91.643398164452179, 26.195477099000406 ], [ 91.664667295437297, 26.219660347420088 ], [ 91.68228079453435, 26.215813012444229 ], [ 91.671978559213429, 26.201797720746463 ], [ 91.694909341056771, 26.203996197875522 ], [ 91.711858179810548, 26.191354954383417 ], [ 91.731465659937456, 26.210866438903839 ], [ 91.748746828862863, 26.208942771415913 ], [ 91.748746828862863, 26.209217581057043 ] ] ] } },
{ "type": "Feature", "properties": { "dt_code": "302", "district": "Goalpara", "st_code": "18", "year": "2011_c", "st_nm": "Assam", "state": "assam" }, "geometry": { "type": "Polygon", "coordinates": [ [ [ 90.670003091711152, 26.202072530387593 ], [ 90.671664742569362, 26.198225195411734 ], [ 90.693930864069415, 26.150957937136909 ], [ 90.714535334711258, 26.130072404410821 ], [ 90.781998359554692, 26.129247975487424 ], [ 90.839491479248849, 26.109186871684734 ], [ 90.859431289547402, 26.112484587378329 ], [ 90.871395175726533, 26.095721199269235 ], [ 90.915927418726639, 26.089950196805447 ], [ 90.91692440924156, 26.089675387164313 ], [ 90.92224169198785, 26.093522722140172 ], [ 90.934870238510257, 26.100942582450756 ], [ 90.935867229025192, 26.100667772809622 ], [ 90.943510822972968, 26.094621960704703 ], [ 90.940187521256547, 26.092973102857908 ], [ 90.947831115204323, 26.090774625728844 ], [ 90.981396462540218, 26.062744042333307 ], [ 91.026261035711968, 26.046805083147611 ], [ 91.065143665794139, 26.047629512071008 ], [ 91.089071438152402, 26.031965362526442 ], [ 91.099373673473323, 26.009980591235827 ], [ 91.080430853689691, 25.972331670400646 ], [ 91.047530166697086, 25.941552990593781 ], [ 91.028587346913454, 25.886041443084974 ], [ 91.025596375368679, 25.88576663344384 ], [ 90.968767916017796, 25.885217014161576 ], [ 90.96644160481631, 25.914072026480511 ], [ 90.947498785032678, 25.948148421980967 ], [ 90.933873247995336, 25.939904132746985 ], [ 90.917256739413205, 25.944575896646242 ], [ 90.91692440924156, 25.914072026480511 ], [ 90.8843560524206, 25.950346899110027 ], [ 90.881032750704165, 25.942927038799446 ], [ 90.84414410165185, 25.945949944851904 ], [ 90.835503517189139, 25.936606417053394 ], [ 90.836168177532429, 25.948423231622098 ], [ 90.80891710345773, 25.95254537623909 ], [ 90.779672048353191, 25.91104912042805 ], [ 90.778010397494981, 25.908575833657856 ], [ 90.772693114748691, 25.909400262581254 ], [ 90.756741266509849, 25.91104912042805 ], [ 90.760396898397929, 25.922041506073359 ], [ 90.742451069129231, 25.912423168633715 ], [ 90.745442040674007, 25.917919361456367 ], [ 90.750426993248652, 25.926163650690349 ], [ 90.752753304450138, 25.930560604948472 ], [ 90.751423983763573, 25.931385033871869 ], [ 90.746771361360572, 25.928087318178278 ], [ 90.740457088099376, 25.939354513464721 ], [ 90.742118738957586, 25.95446904372702 ], [ 90.724505239860534, 25.946774373775302 ], [ 90.717526306256033, 25.955018663009284 ], [ 90.717193976084388, 25.955018663009284 ], [ 90.636770074546902, 25.922041506073359 ], [ 90.631120461628967, 25.919018600020898 ], [ 90.621815216822981, 25.897858257653681 ], [ 90.606195698755783, 25.916820122891838 ], [ 90.624141528024481, 25.939354513464721 ], [ 90.587917539315441, 25.958041569061745 ], [ 90.576618313479599, 25.936881226694524 ], [ 90.543717626486981, 25.923690363920155 ], [ 90.549034909233256, 25.915446074686173 ], [ 90.513475580867507, 25.896484209448015 ], [ 90.508490628292876, 25.901705592629536 ], [ 90.53507704202427, 25.949797279827763 ], [ 90.475922271471902, 26.009705781594693 ], [ 90.434048669844941, 25.991568345279934 ], [ 90.431722358643441, 25.991568345279934 ], [ 90.422417113837454, 25.991568345279934 ], [ 90.408126916456823, 26.004759208054306 ], [ 90.405468275083678, 26.009156162312429 ], [ 90.403474294053822, 26.009156162312429 ], [ 90.364259333800007, 26.008881352671295 ], [ 90.362265352770152, 26.008881352671295 ], [ 90.361268362255217, 26.007782114106764 ], [ 90.324712043374547, 25.973430908965177 ], [ 90.211387454844427, 25.952820185880224 ], [ 90.202746870381731, 25.961064475114203 ], [ 90.186795022142888, 25.944301087005108 ], [ 90.176825116993612, 25.959140807626277 ], [ 90.15854695755327, 25.957217140138347 ], [ 90.151235693777124, 25.966835477577991 ], [ 90.12232296884423, 25.958865997985143 ], [ 90.116673355926309, 25.959415617267407 ], [ 90.119664327471085, 25.969033954707051 ], [ 90.119664327471085, 25.969583573989318 ], [ 90.128969572277086, 25.966560667936857 ], [ 90.142262779142783, 25.982499627122557 ], [ 90.187459682486164, 26.001461492360711 ], [ 90.183471720426454, 26.008881352671295 ], [ 90.19742958763544, 26.025919550421523 ], [ 90.170843173904046, 26.044056986736283 ], [ 90.178486767851822, 26.048179131353272 ], [ 90.180148418710033, 26.049003560276674 ], [ 90.181810069568243, 26.050102798841202 ], [ 90.173169485105547, 26.070438712285025 ], [ 90.168849192874191, 26.077583762954475 ], [ 90.169181523045836, 26.079782240083535 ], [ 90.169513853217467, 26.081980717212598 ], [ 90.173834145448822, 26.103141059579816 ], [ 90.191115314374244, 26.122377734459107 ], [ 90.194438616090665, 26.126225069434966 ], [ 90.195435606605585, 26.127324307999494 ], [ 90.247943773725112, 26.140515170773867 ], [ 90.261236980590809, 26.154530462471634 ], [ 90.264892612478889, 26.183110665149435 ], [ 90.304772233075994, 26.192729002589083 ], [ 90.357612730367151, 26.189980906177755 ], [ 90.389516426844835, 26.203721388234388 ], [ 90.390181087188125, 26.203996197875522 ], [ 90.390181087188125, 26.203446578593258 ], [ 90.391178077703046, 26.191354954383417 ], [ 90.442024593964362, 26.184759522996231 ], [ 90.448338867225573, 26.183935094072833 ], [ 90.443021584479283, 26.178713710891312 ], [ 90.444683235337507, 26.165797657758077 ], [ 90.469940328382336, 26.178164091609048 ], [ 90.469275668039046, 26.16827094452827 ], [ 90.519457523957072, 26.198500005052868 ], [ 90.521119174815283, 26.199599243617399 ], [ 90.577282973822875, 26.203446578593258 ], [ 90.600213755666218, 26.215263393161962 ], [ 90.618159584934915, 26.209217581057043 ], [ 90.622479877166271, 26.202072530387593 ], [ 90.65504823398723, 26.210866438903839 ], [ 90.656045224502165, 26.211141248544973 ], [ 90.661030177076796, 26.207293913569114 ], [ 90.670003091711152, 26.202072530387593 ] ] ] } },
{ "type": "Feature", "properties": { "dt_code": "315", "district": "Dima Hasao", "st_code": "18", "year": "2011_c", "st_nm": "Assam", "state": "assam" }, "geometry": { "type": "Polygon", "coordinates": [ [ [ 93.06444197839572, 25.775293157708489 ], [ 93.068097610283786, 25.767598487756775 ], [ 93.068097610283786, 25.767323678115641 ], [ 93.09833965590326, 25.776942015555285 ], [ 93.098671986074891, 25.776942015555285 ], [ 93.098671986074891, 25.776942015555285 ], [ 93.129578692037654, 25.761003056369589 ], [ 93.125923060149589, 25.748636622518617 ], [ 93.146195200619786, 25.738468665796706 ], [ 93.145530540276496, 25.735995379026512 ], [ 93.148521511821286, 25.734071711538583 ], [ 93.142539568731721, 25.718407561994017 ], [ 93.1345636446123, 25.695598361780004 ], [ 93.13157267306751, 25.686529643622624 ], [ 93.13556063512722, 25.67691130618298 ], [ 93.141874908388431, 25.661796775920678 ], [ 93.142539568731721, 25.66097234699728 ], [ 93.142871898903351, 25.66097234699728 ], [ 93.170787633321325, 25.661796775920678 ], [ 93.17809889709747, 25.639812004630063 ], [ 93.191724434134812, 25.631842525037214 ], [ 93.179428217784036, 25.619476091186243 ], [ 93.17643724623926, 25.592819555996368 ], [ 93.208340942716944, 25.544178249515877 ], [ 93.208673272888575, 25.543628630233613 ], [ 93.258522798634971, 25.548850013415134 ], [ 93.270154354642457, 25.531262196382642 ], [ 93.270486684814102, 25.531262196382642 ], [ 93.29242047614251, 25.544453059157011 ], [ 93.301393390776852, 25.530437767459244 ], [ 93.301725720948497, 25.530437767459244 ], [ 93.302390381291787, 25.530437767459244 ], [ 93.321665531247049, 25.533185863870571 ], [ 93.327647474336615, 25.54143015310455 ], [ 93.328976795023181, 25.543079010951349 ], [ 93.329973785538115, 25.542254582027951 ], [ 93.33030611570976, 25.542529391669081 ], [ 93.349913595836668, 25.53236143494717 ], [ 93.359218840642654, 25.515048427555811 ], [ 93.385472924202418, 25.490590369494999 ], [ 93.386137584545708, 25.485918605595742 ], [ 93.391454867291984, 25.482346080261017 ], [ 93.390125546605418, 25.460361308970402 ], [ 93.424687884456233, 25.446620826913765 ], [ 93.453268279217497, 25.435078821986192 ], [ 93.455926920590642, 25.433704773780526 ], [ 93.456259250762287, 25.432605535215998 ], [ 93.458253231792142, 25.430956677369199 ], [ 93.470881778314549, 25.388361182993631 ], [ 93.473208089516049, 25.38533827694117 ], [ 93.472211099001129, 25.383689419094374 ], [ 93.448283326642866, 25.340819115077672 ], [ 93.469884787799629, 25.305918290653818 ], [ 93.470549448142904, 25.30509386173042 ], [ 93.469552457627984, 25.304544242448152 ], [ 93.427346525829378, 25.283383900080935 ], [ 93.381152631971062, 25.239689167140831 ], [ 93.381817292314352, 25.222925779031737 ], [ 93.345925633776957, 25.169887518293123 ], [ 93.345260973433668, 25.123444688941696 ], [ 93.332300096739615, 25.093490438058229 ], [ 93.314686597642549, 25.084696529541983 ], [ 93.299731739918641, 25.046223179783404 ], [ 93.264172411552892, 25.049520895476995 ], [ 93.25387017623197, 25.02066588315806 ], [ 93.243900271082694, 25.018467406028996 ], [ 93.244232601254339, 24.998131492585177 ], [ 93.259519789149891, 25.001154398637638 ], [ 93.259852119321536, 25.001154398637638 ], [ 93.256528817605101, 24.994833776891586 ], [ 93.245894252112549, 24.972574195959837 ], [ 93.244897261597615, 24.970375718830773 ], [ 93.240909299537904, 24.973948244165499 ], [ 93.227283762500562, 24.987139106939868 ], [ 93.203355990142299, 24.981642914117213 ], [ 93.203023659970654, 24.981642914117213 ], [ 93.179760547955681, 25.000604779355371 ], [ 93.061783337022575, 25.00225363720217 ], [ 93.053142752559864, 25.030833839879971 ], [ 93.014260122477694, 25.061887329327966 ], [ 93.043172847410588, 25.088543864517838 ], [ 93.047160809470299, 25.099261440522017 ], [ 93.036858574149377, 25.104482823703538 ], [ 92.977371473425364, 25.085520958465381 ], [ 92.959093313985022, 25.090192722364637 ], [ 92.951782050208891, 25.069032379997417 ], [ 92.897612232231154, 25.079200336719328 ], [ 92.835798820305641, 25.052543801529456 ], [ 92.812535708290667, 25.081398813848388 ], [ 92.777973370439838, 25.088269054876708 ], [ 92.75304860756664, 25.138284409562861 ], [ 92.737429089499443, 25.141582125256452 ], [ 92.730450155894957, 25.142956173462117 ], [ 92.734770448126312, 25.125917975711889 ], [ 92.722474231775536, 25.11272711293752 ], [ 92.664981112081378, 25.109154587602795 ], [ 92.64304732075297, 25.117673686477907 ], [ 92.619451878566338, 25.102284346574475 ], [ 92.598515077752864, 25.110803445449591 ], [ 92.539360307200482, 25.099261440522017 ], [ 92.523076128790009, 25.126192785353023 ], [ 92.52241146844672, 25.136910361357199 ], [ 92.52241146844672, 25.138834028845125 ], [ 92.52241146844672, 25.139383648127392 ], [ 92.621445859596193, 25.115200399707714 ], [ 92.628092463029049, 25.138284409562861 ], [ 92.655675867275377, 25.155047797671955 ], [ 92.663319461223153, 25.17675775932144 ], [ 92.693893837014272, 25.179231046091637 ], [ 92.742746372245733, 25.206712010204907 ], [ 92.775979389409983, 25.19984176917659 ], [ 92.801568812626456, 25.215505918721153 ], [ 92.771659097178627, 25.230070829701187 ], [ 92.761689192029351, 25.246559408169151 ], [ 92.777641040268193, 25.258376222737859 ], [ 92.768668125633852, 25.268269369818633 ], [ 92.79226356782047, 25.282559471157537 ], [ 92.781629002327904, 25.333399254767087 ], [ 92.74972530585022, 25.344116830771263 ], [ 92.732111806753167, 25.369124508114339 ], [ 92.738093749842733, 25.379567274477385 ], [ 92.717821609372535, 25.372697033449064 ], [ 92.67328936637243, 25.414193289260105 ], [ 92.661657810364943, 25.40649861930839 ], [ 92.653681886245522, 25.433704773780526 ], [ 92.63939168886489, 25.41776581459483 ], [ 92.625433821655903, 25.435078821986192 ], [ 92.627427802685759, 25.422162768852953 ], [ 92.606491001872286, 25.413368860336707 ], [ 92.598847407924509, 25.466132311434187 ], [ 92.582230899342377, 25.471628504256842 ], [ 92.582230899342377, 25.471903313897975 ], [ 92.580236918312522, 25.472178123539109 ], [ 92.569270022648311, 25.465033072869655 ], [ 92.56661138127518, 25.46338421502286 ], [ 92.56428507007368, 25.473826981385905 ], [ 92.573590314879667, 25.490590369494999 ], [ 92.642714990581325, 25.534834721717367 ], [ 92.645373631954456, 25.555995064084584 ], [ 92.645705962126101, 25.556269873725718 ], [ 92.658999168991812, 25.571384403988016 ], [ 92.660660819850023, 25.57165921362915 ], [ 92.664981112081378, 25.572483642552548 ], [ 92.68259461117843, 25.576605787169537 ], [ 92.693561506842627, 25.596666890972227 ], [ 92.694226167185917, 25.598040939177888 ], [ 92.694890827529207, 25.597766129536758 ], [ 92.701537430962048, 25.597216510254491 ], [ 92.733773457611377, 25.593369175278635 ], [ 92.740420061044233, 25.595842462048829 ], [ 92.75437792825322, 25.614804327286986 ], [ 92.75437792825322, 25.615079136928117 ], [ 92.75437792825322, 25.615079136928117 ], [ 92.75603957911143, 25.61535394656925 ], [ 92.767338804947272, 25.617827233339444 ], [ 92.75836589031293, 25.628544809343623 ], [ 92.758698220484575, 25.629094428625887 ], [ 92.762021522200996, 25.632117334678348 ], [ 92.788275605760759, 25.658224250585953 ], [ 92.784287643701049, 25.664544872332005 ], [ 92.774650068723417, 25.674163209771653 ], [ 92.777308710096548, 25.676361686900712 ], [ 92.813865028977233, 25.70219379316719 ], [ 92.820843962581733, 25.741216762208033 ], [ 92.820843962581733, 25.741491571849167 ], [ 92.922869325275983, 25.772270251656032 ], [ 92.928518938193918, 25.806896266438752 ], [ 92.944138456261115, 25.803048931462893 ], [ 92.963413606216378, 25.817888652084061 ], [ 92.962416615701457, 25.815415365313868 ], [ 92.956434672611891, 25.803873360386291 ], [ 92.956767002783522, 25.803048931462893 ], [ 92.965739917417878, 25.785461114430401 ], [ 92.967401568276088, 25.781888589095676 ], [ 92.980694775141799, 25.790407687970788 ], [ 92.98335341651493, 25.782987827660207 ], [ 92.98102710531343, 25.808545124285548 ], [ 93.005951868186628, 25.826132941318043 ], [ 93.006284198358273, 25.826407750959174 ], [ 93.005951868186628, 25.825583322035776 ], [ 93.003293226813483, 25.786560352994933 ], [ 93.018580414709049, 25.801125263974964 ], [ 93.057795374962865, 25.774468728785092 ], [ 93.05978935599272, 25.77309468057943 ], [ 93.06444197839572, 25.775293157708489 ] ] ] } },
{ "type": "Feature", "properties": { "dt_code": "316", "district": "Cachar", "st_code": "18", "year": "2011_c", "st_nm": "Assam", "state": "assam" }, "geometry": { "type": "Polygon", "coordinates": [ [ [ 92.539360307200482, 25.099261440522017 ], [ 92.598515077752864, 25.110803445449591 ], [ 92.619451878566338, 25.102284346574475 ], [ 92.64304732075297, 25.117673686477907 ], [ 92.664981112081378, 25.109154587602795 ], [ 92.722474231775536, 25.11272711293752 ], [ 92.734770448126312, 25.125917975711889 ], [ 92.730450155894957, 25.142956173462117 ], [ 92.737429089499443, 25.141582125256452 ], [ 92.75304860756664, 25.138284409562861 ], [ 92.777973370439838, 25.088269054876708 ], [ 92.812535708290667, 25.081398813848388 ], [ 92.835798820305641, 25.052543801529456 ], [ 92.897612232231154, 25.079200336719328 ], [ 92.951782050208891, 25.069032379997417 ], [ 92.959093313985022, 25.090192722364637 ], [ 92.977371473425364, 25.085520958465381 ], [ 93.036858574149377, 25.104482823703538 ], [ 93.047160809470299, 25.099261440522017 ], [ 93.043172847410588, 25.088543864517838 ], [ 93.014260122477694, 25.061887329327966 ], [ 93.053142752559864, 25.030833839879971 ], [ 93.061783337022575, 25.00225363720217 ], [ 93.179760547955681, 25.000604779355371 ], [ 93.203023659970654, 24.981642914117213 ], [ 93.203355990142299, 24.981642914117213 ], [ 93.227283762500562, 24.987139106939868 ], [ 93.240909299537904, 24.973948244165499 ], [ 93.244897261597615, 24.970375718830773 ], [ 93.245894252112549, 24.972574195959837 ], [ 93.255199496918536, 24.970375718830773 ], [ 93.262178430523036, 24.968726860983978 ], [ 93.259187458978246, 24.965703954931517 ], [ 93.245561921940904, 24.951139043951482 ], [ 93.24522959176926, 24.950864234310352 ], [ 93.251211534858825, 24.94069627758844 ], [ 93.236589007306549, 24.937398561894849 ], [ 93.248885223657325, 24.914864171321966 ], [ 93.235259686619983, 24.911566455628371 ], [ 93.240576969366259, 24.903322166394393 ], [ 93.225954441813997, 24.89205497110795 ], [ 93.232601045246838, 24.884635110797365 ], [ 93.221301819410996, 24.881612204744908 ], [ 93.226286771985642, 24.872818296228662 ], [ 93.204020650485589, 24.851108334579177 ], [ 93.194715405679588, 24.853856430990504 ], [ 93.201362009112444, 24.842039616421797 ], [ 93.195380066022878, 24.842039616421797 ], [ 93.195380066022878, 24.840390758575001 ], [ 93.200365018597523, 24.838192281445938 ], [ 93.195712396194523, 24.835993804316878 ], [ 93.196709386709443, 24.811535746256066 ], [ 93.191059773791523, 24.806589172715675 ], [ 93.191059773791523, 24.804115885945482 ], [ 93.185077830701957, 24.801642599175288 ], [ 93.17510792555268, 24.797795264199429 ], [ 93.149518502336207, 24.787352497836387 ], [ 93.149186172164562, 24.787902117118652 ], [ 93.13855160667201, 24.810161698050401 ], [ 93.118611796373443, 24.807688411280207 ], [ 93.118944126545088, 24.808238030562471 ], [ 93.120605777403313, 24.815932700514189 ], [ 93.121270437746588, 24.81895560656665 ], [ 93.109306551567457, 24.811535746256066 ], [ 93.099004316246535, 24.75932191444085 ], [ 93.098671986074891, 24.753825721618195 ], [ 93.107644900709246, 24.741459287767224 ], [ 93.107312570537601, 24.74118447812609 ], [ 93.086375769724128, 24.709581369395828 ], [ 93.073414893030062, 24.707932511549032 ], [ 93.090031401612194, 24.677153831742167 ], [ 93.103656938649536, 24.67440573533084 ], [ 93.103989268821181, 24.67413092568971 ], [ 93.09534868435847, 24.652970583322489 ], [ 93.083052468007693, 24.649947677270031 ], [ 93.087040430067404, 24.629886573467342 ], [ 93.075741204231562, 24.624665190285821 ], [ 93.084049458522628, 24.613672804640512 ], [ 93.071420912000207, 24.600481941866143 ], [ 93.078067515433062, 24.596909416531417 ], [ 93.101995287791325, 24.583718553757045 ], [ 93.104321598992826, 24.582619315192517 ], [ 93.091360722298759, 24.575199454881933 ], [ 93.087705090410694, 24.572451358470605 ], [ 93.086708099895759, 24.572451358470605 ], [ 93.084381788694273, 24.571352119906074 ], [ 93.058792365477785, 24.573825406676267 ], [ 93.064774308567351, 24.565855927083419 ], [ 93.070756251656917, 24.558985686055102 ], [ 93.070423921485286, 24.558436066772835 ], [ 93.049819450843444, 24.544420775075068 ], [ 93.050151781015089, 24.519413097731992 ], [ 93.032538281918036, 24.495504658953447 ], [ 93.045499158612088, 24.470771791251501 ], [ 93.046828479298654, 24.468298504481307 ], [ 93.044169837925523, 24.466374836993378 ], [ 93.032870612089667, 24.429550345081594 ], [ 93.032870612089667, 24.428725916158196 ], [ 93.035196923291167, 24.426252629388003 ], [ 93.043172847410588, 24.418283149795151 ], [ 93.042175856895668, 24.417458720871753 ], [ 93.040181875865812, 24.41498543410156 ], [ 93.035196923291167, 24.409764050920039 ], [ 93.028550319858326, 24.408939621996641 ], [ 93.020906725910535, 24.408115193073243 ], [ 93.018248084537404, 24.407840383432109 ], [ 93.01725109402247, 24.409489241278905 ], [ 93.008942839731404, 24.412512147331366 ], [ 93.008942839731404, 24.412512147331366 ], [ 93.006284198358273, 24.409764050920039 ], [ 92.997311283723917, 24.399596094198127 ], [ 92.995317302694062, 24.400145713480395 ], [ 92.974380501880589, 24.408664812355507 ], [ 92.974048171708944, 24.408115193073243 ], [ 92.960090304499957, 24.391901424246413 ], [ 92.959093313985022, 24.393275472452075 ], [ 92.951117389865601, 24.403168619532853 ], [ 92.933836220940194, 24.392451043528677 ], [ 92.932174570081983, 24.393825091734342 ], [ 92.931177579567048, 24.393000662810945 ], [ 92.908911458066996, 24.411687718407968 ], [ 92.904591165835654, 24.397397617069068 ], [ 92.90292951497743, 24.391626614605279 ], [ 92.90292951497743, 24.391076995323015 ], [ 92.898276892574444, 24.393825091734342 ], [ 92.888306987425167, 24.398496855633599 ], [ 92.888306987425167, 24.39657318814567 ], [ 92.883654365022167, 24.402619000250588 ], [ 92.860723583178839, 24.398496855633599 ], [ 92.842777753910141, 24.377611322907512 ], [ 92.826161245328009, 24.376512084342981 ], [ 92.829816877216075, 24.400420523121525 ], [ 92.799242501424956, 24.419107578718553 ], [ 92.760359871342786, 24.514466524191601 ], [ 92.759030550656206, 24.51831385916746 ], [ 92.757368899797996, 24.522161194143319 ], [ 92.779635021298049, 24.568329213853612 ], [ 92.774317738551773, 24.568329213853612 ], [ 92.764347833402496, 24.566955165647951 ], [ 92.762686182544286, 24.568329213853612 ], [ 92.735435108469588, 24.590313985144231 ], [ 92.717156949029246, 24.56173378246643 ], [ 92.668304413797799, 24.590863604426495 ], [ 92.667972083626154, 24.591138414067629 ], [ 92.666310432767943, 24.609825469664653 ], [ 92.696552478387417, 24.615321662487307 ], [ 92.665313442253009, 24.627688096338279 ], [ 92.664981112081378, 24.673581306407442 ], [ 92.650358584529101, 24.684573692052751 ], [ 92.655675867275377, 24.753550911977062 ], [ 92.683591601693351, 24.814558652308524 ], [ 92.646038292297746, 24.815108271590791 ], [ 92.629421783715614, 24.854955669555032 ], [ 92.646370622469391, 24.852757192425972 ], [ 92.612472944961851, 24.860726672018821 ], [ 92.597185757066285, 24.879138917974714 ], [ 92.579904588140877, 24.875291582998855 ], [ 92.580236918312522, 24.872543486587528 ], [ 92.579904588140877, 24.87364272515206 ], [ 92.556309145954259, 24.877490060127915 ], [ 92.526067100334785, 24.861001481659954 ], [ 92.52573477016314, 24.861276291301085 ], [ 92.515100204670588, 24.879413727615844 ], [ 92.490507771969035, 24.874192344434324 ], [ 92.496822045230246, 24.902222927829861 ], [ 92.48386116853618, 24.928604653378599 ], [ 92.4871844702526, 24.947016899334493 ], [ 92.44929883068535, 24.938772610100511 ], [ 92.467244659954048, 24.964055097084721 ], [ 92.418392124722601, 24.966528383854914 ], [ 92.425038728155457, 25.02973460131544 ], [ 92.425703388498732, 25.030009410956573 ], [ 92.442319897080864, 25.045398750860002 ], [ 92.464253688409272, 25.037429271267154 ], [ 92.456942424633141, 25.054192659376252 ], [ 92.471897282357048, 25.067383522150621 ], [ 92.480870196991404, 25.108604968320527 ], [ 92.539360307200482, 25.099261440522017 ] ] ] } },
{ "type": "Feature", "properties": { "dt_code": "317", "district": "Karimganj", "st_code": "18", "year": "2011_c", "st_nm": "Assam", "state": "assam" }, "geometry": { "type": "Polygon", "coordinates": [ [ [ 92.515100204670588, 24.879413727615844 ], [ 92.52573477016314, 24.861276291301085 ], [ 92.526067100334785, 24.861001481659954 ], [ 92.556309145954259, 24.877490060127915 ], [ 92.579904588140877, 24.87364272515206 ], [ 92.580236918312522, 24.872543486587528 ], [ 92.586218861402088, 24.861276291301085 ], [ 92.582895559685667, 24.845337332115388 ], [ 92.582563229514022, 24.844238093550857 ], [ 92.582563229514022, 24.843963283909726 ], [ 92.544677589946772, 24.807688411280207 ], [ 92.545009920118417, 24.765642536186903 ], [ 92.525070109819865, 24.751627244489132 ], [ 92.522079138275075, 24.729642473198517 ], [ 92.493498743513811, 24.68319964384709 ], [ 92.506459620207877, 24.663962968967798 ], [ 92.504465639178022, 24.589489556220833 ], [ 92.517094185700444, 24.574100216317401 ], [ 92.505462629692943, 24.534802437635424 ], [ 92.508785931409378, 24.454832832065804 ], [ 92.506127290036233, 24.441916778932566 ], [ 92.501142337461602, 24.416634291948355 ], [ 92.491504762483956, 24.369092224032396 ], [ 92.481202527163049, 24.343534927407056 ], [ 92.469570971155548, 24.315229534370385 ], [ 92.463589028065982, 24.30066462339035 ], [ 92.434676303133088, 24.25889355793818 ], [ 92.432682322103233, 24.256145461526852 ], [ 92.432349991931588, 24.255321032603455 ], [ 92.424041737640522, 24.255046222962321 ], [ 92.266517236281956, 24.250924078345331 ], [ 92.21866169156543, 24.234710309518501 ], [ 92.217332370878864, 24.234435499877367 ], [ 92.192407608005666, 24.243229408393614 ], [ 92.209688776931074, 24.248175981934004 ], [ 92.218994021737075, 24.285824902769185 ], [ 92.259870632849101, 24.358649457669355 ], [ 92.246909756155048, 24.441092350009168 ], [ 92.246577425983403, 24.441916778932566 ], [ 92.229960917401272, 24.451809926013343 ], [ 92.230293247572916, 24.501275661417232 ], [ 92.229960917401272, 24.501825280699499 ], [ 92.228299266543061, 24.502649709622897 ], [ 92.211682757960929, 24.504573377110823 ], [ 92.213676738990785, 24.508695521727816 ], [ 92.231290238087851, 24.546894061845261 ], [ 92.25422101993118, 24.678253070306699 ], [ 92.295762291386495, 24.736512714226834 ], [ 92.278813452632733, 24.745581432384213 ], [ 92.288783357782009, 24.78487921106619 ], [ 92.273496169886442, 24.799444122046225 ], [ 92.273163839714812, 24.827474705441762 ], [ 92.248903737184904, 24.829673182570826 ], [ 92.253224029416259, 24.838192281445938 ], [ 92.241260143237128, 24.842039616421797 ], [ 92.234613539804272, 24.861551100942219 ], [ 92.245912765640114, 24.867596913047137 ], [ 92.246909756155048, 24.884909920438499 ], [ 92.233616549289337, 24.899749641059667 ], [ 92.298753262931285, 24.915688600245364 ], [ 92.339629874043311, 24.878039679410183 ], [ 92.348602788677667, 24.890955732543418 ], [ 92.363225316229943, 24.872268676946394 ], [ 92.37485687223743, 24.87364272515206 ], [ 92.385823767901627, 24.851932763502575 ], [ 92.399781635110614, 24.848635047808983 ], [ 92.406428238543469, 24.859077814172025 ], [ 92.438331935021154, 24.856054908119564 ], [ 92.444646208282364, 24.871993867305264 ], [ 92.475885244416759, 24.867596913047137 ], [ 92.515100204670588, 24.879413727615844 ] ] ] } },
{ "type": "Feature", "properties": { "dt_code": "318", "district": "Hailakandi", "st_code": "18", "year": "2011_c", "st_nm": "Assam", "state": "assam" }, "geometry": { "type": "Polygon", "coordinates": [ [ [ 92.580236918312522, 24.872543486587528 ], [ 92.579904588140877, 24.875291582998855 ], [ 92.597185757066285, 24.879138917974714 ], [ 92.612472944961851, 24.860726672018821 ], [ 92.646370622469391, 24.852757192425972 ], [ 92.629421783715614, 24.854955669555032 ], [ 92.646038292297746, 24.815108271590791 ], [ 92.683591601693351, 24.814558652308524 ], [ 92.655675867275377, 24.753550911977062 ], [ 92.650358584529101, 24.684573692052751 ], [ 92.664981112081378, 24.673581306407442 ], [ 92.665313442253009, 24.627688096338279 ], [ 92.696552478387417, 24.615321662487307 ], [ 92.666310432767943, 24.609825469664653 ], [ 92.667972083626154, 24.591138414067629 ], [ 92.668304413797799, 24.590863604426495 ], [ 92.717156949029246, 24.56173378246643 ], [ 92.735435108469588, 24.590313985144231 ], [ 92.762686182544286, 24.568329213853612 ], [ 92.764347833402496, 24.566955165647951 ], [ 92.774317738551773, 24.568329213853612 ], [ 92.779635021298049, 24.568329213853612 ], [ 92.757368899797996, 24.522161194143319 ], [ 92.759030550656206, 24.51831385916746 ], [ 92.760359871342786, 24.514466524191601 ], [ 92.689573544782917, 24.353702884128964 ], [ 92.687579563753062, 24.353428074487834 ], [ 92.661657810364943, 24.348206691306309 ], [ 92.661325480193298, 24.348206691306309 ], [ 92.660993150021667, 24.348206691306309 ], [ 92.660660819850023, 24.347657072024045 ], [ 92.646702952641036, 24.329244826068155 ], [ 92.624769161312628, 24.334191399608542 ], [ 92.612472944961851, 24.255870651885719 ], [ 92.555644485610969, 24.24790117229287 ], [ 92.550659533036338, 24.247076743369472 ], [ 92.550659533036338, 24.247076743369472 ], [ 92.529722732222851, 24.177000284880631 ], [ 92.515764865013864, 24.179198762009694 ], [ 92.515432534842219, 24.17892395236856 ], [ 92.501474667633232, 24.160511706412667 ], [ 92.48386116853618, 24.163259802823994 ], [ 92.478876215961549, 24.14237427009791 ], [ 92.464918348752562, 24.136603267634122 ], [ 92.459933396177917, 24.139076554404316 ], [ 92.438664265192799, 24.151717797896421 ], [ 92.436337953991298, 24.153366655743216 ], [ 92.436005623819653, 24.15364146538435 ], [ 92.434011642789798, 24.18084761985649 ], [ 92.433679312618153, 24.183320906626683 ], [ 92.419056785065891, 24.192664434425197 ], [ 92.419056785065891, 24.195687340477654 ], [ 92.422380086782312, 24.250649268704198 ], [ 92.422047756610667, 24.250649268704198 ], [ 92.422380086782312, 24.255046222962321 ], [ 92.424041737640522, 24.255046222962321 ], [ 92.432349991931588, 24.255321032603455 ], [ 92.432682322103233, 24.256145461526852 ], [ 92.434676303133088, 24.25889355793818 ], [ 92.463589028065982, 24.30066462339035 ], [ 92.469570971155548, 24.315229534370385 ], [ 92.481202527163049, 24.343534927407056 ], [ 92.491504762483956, 24.369092224032396 ], [ 92.501142337461602, 24.416634291948355 ], [ 92.506127290036233, 24.441916778932566 ], [ 92.508785931409378, 24.454832832065804 ], [ 92.505462629692943, 24.534802437635424 ], [ 92.517094185700444, 24.574100216317401 ], [ 92.504465639178022, 24.589489556220833 ], [ 92.506459620207877, 24.663962968967798 ], [ 92.493498743513811, 24.68319964384709 ], [ 92.522079138275075, 24.729642473198517 ], [ 92.525070109819865, 24.751627244489132 ], [ 92.545009920118417, 24.765642536186903 ], [ 92.544677589946772, 24.807688411280207 ], [ 92.582563229514022, 24.843963283909726 ], [ 92.582563229514022, 24.844238093550857 ], [ 92.582895559685667, 24.845337332115388 ], [ 92.586218861402088, 24.861276291301085 ], [ 92.580236918312522, 24.872543486587528 ] ] ] } },
{ "type": "Feature", "properties": { "dt_code": "755", "district": "Charaideo", "st_code": "18", "year": "2015_c", "st_nm": "Assam", "state": "assam" }, "geometry": { "type": "Polygon", "coordinates": [ [ [ 94.835429463078853, 27.092180958016449 ], [ 94.837091113937078, 27.097402341197974 ], [ 94.891593262086445, 27.162257416505291 ], [ 94.968693861907525, 27.224364395401285 ], [ 94.984313379974722, 27.168578038251344 ], [ 94.978331436885156, 27.14796731516639 ], [ 95.04878543327338, 27.155387175476974 ], [ 95.065069611683853, 27.135600881315419 ], [ 95.112592826228749, 27.136425310238817 ], [ 95.11525146760188, 27.127081782440307 ], [ 95.116248458116814, 27.136150500597687 ], [ 95.123892052064591, 27.130104688492764 ], [ 95.135855938243722, 27.13862378736788 ], [ 95.15313710716913, 27.124058876387846 ], [ 95.154134097684064, 27.136150500597687 ], [ 95.162110021803485, 27.127906211363705 ], [ 95.170418276094551, 27.144944409113933 ], [ 95.180055851072183, 27.141921503061472 ], [ 95.183379152788604, 27.163081845428692 ], [ 95.194678378624459, 27.155112365835841 ], [ 95.19501070879609, 27.155112365835841 ], [ 95.212956538064788, 27.165829941840016 ], [ 95.210962557034932, 27.174074231073998 ], [ 95.219935471669288, 27.165005512916618 ], [ 95.237548970766341, 27.169677276815875 ], [ 95.237548970766341, 27.169952086457009 ], [ 95.236884310423051, 27.189738380618564 ], [ 95.237216640594696, 27.189738380618564 ], [ 95.254497809520117, 27.193036096312156 ], [ 95.257821111236538, 27.183967378154776 ], [ 95.269452667244025, 27.190013190259698 ], [ 95.284075194796301, 27.197433050570279 ], [ 95.286401505997802, 27.196333812005747 ], [ 95.31398491024413, 27.183692568513646 ], [ 95.327942777453117, 27.186165855283839 ], [ 95.337248022259104, 27.183692568513646 ], [ 95.356190842042736, 27.168303228610213 ], [ 95.358184823072591, 27.165829941840016 ], [ 95.368487058393512, 27.109768775048945 ], [ 95.291718788744078, 27.066623661391109 ], [ 95.261144412952959, 27.032822075531783 ], [ 95.258818101751473, 27.030348788761589 ], [ 95.246189555229051, 27.024028167015537 ], [ 95.23189935784842, 27.042715222612564 ], [ 95.210630226863302, 27.028699930914794 ], [ 95.195343038967735, 27.035020552660846 ], [ 95.19334905793788, 27.035844981584244 ], [ 95.19334905793788, 27.035844981584244 ], [ 95.19334905793788, 27.035844981584244 ], [ 95.111928165885459, 26.980883053357701 ], [ 95.101625930564538, 26.961921188119543 ], [ 95.016549406624051, 26.921249361231904 ], [ 94.982651729116512, 26.913005071997922 ], [ 94.961050267959735, 26.937188320417601 ], [ 94.958723956758249, 26.936913510776467 ], [ 94.930808222340275, 26.932791366159478 ], [ 94.924161618907419, 26.94845551570404 ], [ 94.941775118004472, 26.95944790134935 ], [ 94.939116476631327, 26.987203675103753 ], [ 94.926487930108919, 26.993249487208672 ], [ 94.900566176720801, 26.983631149769028 ], [ 94.909871421526788, 26.969615858071261 ], [ 94.848058009601274, 26.929218840824753 ], [ 94.756667212399577, 26.922623409437566 ], [ 94.733736430556235, 26.932516556518344 ], [ 94.787241588190682, 26.996822012543401 ], [ 94.809507709690735, 26.991600629361876 ], [ 94.805852077802669, 26.997646441466799 ], [ 94.829779850160932, 27.016333497063822 ], [ 94.824794897586301, 27.057005323951465 ], [ 94.836758783765433, 27.091906148375319 ], [ 94.835429463078853, 27.092180958016449 ] ] ] } },
{ "type": "Feature", "properties": { "dt_code": "760", "district": "Majuli", "st_code": "18", "year": "2016_c", "st_nm": "Assam", "state": "assam" }, "geometry": { "type": "Polygon", "coordinates": [ [ [ 94.563915712846892, 27.181219281743449 ], [ 94.592828437779801, 27.145768838037331 ], [ 94.544308232719985, 27.07679161811302 ], [ 94.501769970749734, 27.039967126201237 ], [ 94.475515887189971, 27.030898408043857 ], [ 94.460228699294419, 26.995447964337735 ], [ 94.39542431582413, 26.955050947091227 ], [ 94.39542431582413, 26.954776137450093 ], [ 94.39542431582413, 26.954776137450093 ], [ 94.39708596668234, 26.950928802474238 ], [ 94.379804797756918, 26.927569982977957 ], [ 94.372825864152432, 26.917951645538309 ], [ 94.367176251234511, 26.913005071997922 ], [ 94.32131468754784, 26.880302724703128 ], [ 94.312009442741839, 26.878379057215199 ], [ 94.304698178965708, 26.909432546663197 ], [ 94.253519332532761, 26.908333308098666 ], [ 94.2093194197043, 26.926470744413425 ], [ 94.192702911122169, 26.912180643074525 ], [ 94.128563187995155, 26.892394348912969 ], [ 93.999619081397853, 26.866837052287625 ], [ 93.998289760711273, 26.871783625828016 ], [ 93.97336499783809, 26.873432483674812 ], [ 93.956748489255958, 26.892119539271835 ], [ 93.967383054748524, 26.906959259893004 ], [ 93.963062762517168, 26.924272267284362 ], [ 93.973697328009735, 26.922623409437566 ], [ 93.97569130903959, 26.924272267284362 ], [ 93.996628109853063, 26.942134893957991 ], [ 94.021885202897892, 26.93224174687721 ], [ 94.022882193412826, 26.93196693723608 ], [ 94.022882193412826, 26.932516556518344 ], [ 94.024211514099392, 26.951203612115368 ], [ 94.024211514099392, 26.955875376014625 ], [ 94.025873164957602, 26.95752423386142 ], [ 94.059770842465156, 26.98280672084563 ], [ 94.060103172636786, 26.98280672084563 ], [ 94.080042982935339, 26.959997520631617 ], [ 94.083033954480129, 26.960272330272748 ], [ 94.134212800913076, 26.969066238788997 ], [ 94.133880470741431, 26.988302913668285 ], [ 94.185723977517682, 27.003417443930584 ], [ 94.189047279234103, 27.004516682495115 ], [ 94.187385628375893, 27.03529536230198 ], [ 94.223941947256563, 27.031997646608385 ], [ 94.234244182577484, 27.071570234931496 ], [ 94.254848653219327, 27.088333623040594 ], [ 94.27877642557759, 27.094929054427777 ], [ 94.312009442741839, 27.071020615649232 ], [ 94.322644008234406, 27.087784003758326 ], [ 94.339592846988182, 27.082013001294541 ], [ 94.369834892607642, 27.098776389403636 ], [ 94.418687427839103, 27.093005386939851 ], [ 94.433974615734655, 27.119112302847455 ], [ 94.467872293242195, 27.113616110024804 ], [ 94.479503849249681, 27.13889859700901 ], [ 94.507087253496024, 27.121585589617652 ], [ 94.51074288538409, 27.142196312702605 ], [ 94.533341337055788, 27.14769250552526 ], [ 94.526694733622932, 27.161982606864161 ], [ 94.530682695682643, 27.164455893634354 ], [ 94.563915712846892, 27.181219281743449 ] ] ] } },
{ "type": "Feature", "properties": { "dt_code": "756", "district": "Biswanath", "st_code": "18", "year": "2015_c", "st_nm": "Assam", "state": "assam" }, "geometry": { "type": "Polygon", "coordinates": [ [ [ 93.697530955374773, 26.994348725773204 ], [ 93.697863285546418, 26.994073916132074 ], [ 93.744057179404734, 26.958073853143688 ], [ 93.749042131979365, 26.91382950092132 ], [ 93.739404557001734, 26.898440161017888 ], [ 93.780613498285405, 26.885798917525783 ], [ 93.782275149143615, 26.881127153626526 ], [ 93.788921752576471, 26.860241620900442 ], [ 93.789254082748116, 26.859142382335911 ], [ 93.769978932792853, 26.84485228099701 ], [ 93.751036113009221, 26.803630834827104 ], [ 93.712485813098681, 26.815997268678075 ], [ 93.689222701083708, 26.797585022722181 ], [ 93.670279881300075, 26.800882738415776 ], [ 93.648678420143312, 26.787966685282537 ], [ 93.649343080486602, 26.757462815116806 ], [ 93.67061221147172, 26.712119224329911 ], [ 93.651004731344813, 26.706073412224988 ], [ 93.574901122038668, 26.719264274999361 ], [ 93.537680142814708, 26.75059257408849 ], [ 93.504114795478813, 26.756913195834542 ], [ 93.396439819866615, 26.75059257408849 ], [ 93.384808263859128, 26.746745239112631 ], [ 93.356560199269509, 26.737676520955251 ], [ 93.352572237209799, 26.736302472749585 ], [ 93.351242916523233, 26.734928424543924 ], [ 93.330970776053036, 26.708821508636316 ], [ 93.304052032149997, 26.700302409761203 ], [ 93.305713683008207, 26.698378742273274 ], [ 93.297073098545496, 26.694806216938549 ], [ 93.241573959881194, 26.683813831293239 ], [ 93.219972498724431, 26.631050380195759 ], [ 93.152841804052628, 26.598622842542099 ], [ 93.144201219589931, 26.594500697925106 ], [ 93.123264418776444, 26.659630582873561 ], [ 93.103656938649536, 26.695355836220813 ], [ 93.084049458522628, 26.701676457966865 ], [ 93.087372760239049, 26.712394033971041 ], [ 93.068097610283786, 26.746745239112631 ], [ 93.074411883544997, 26.768180391120982 ], [ 93.057795374962865, 26.803081215544836 ], [ 93.064109648224075, 26.822317890424127 ], [ 93.043172847410588, 26.850898093101929 ], [ 93.061118676679285, 26.87233324511028 ], [ 93.061783337022575, 26.922073790155302 ], [ 93.061783337022575, 26.922073790155302 ], [ 93.088037420582339, 26.914379120203584 ], [ 93.107312570537601, 26.925921125131161 ], [ 93.286770863224575, 26.954226518167829 ], [ 93.372179717336721, 26.956699804938022 ], [ 93.39843380089647, 26.95724942422029 ], [ 93.39843380089647, 26.95724942422029 ], [ 93.448615656814496, 26.950928802474238 ], [ 93.469220127456339, 26.937463130058735 ], [ 93.470549448142904, 26.936638701135337 ], [ 93.473872749859339, 26.937188320417601 ], [ 93.661306966665734, 26.967967000224466 ], [ 93.664962598553799, 26.96851661950673 ], [ 93.676594154561286, 26.978959385869771 ], [ 93.697530955374773, 26.994348725773204 ] ] ] } },
{ "type": "Feature", "properties": { "dt_code": "757", "district": "Hojai", "st_code": "18", "year": "2015_c", "st_nm": "Assam", "state": "assam" }, "geometry": { "type": "Polygon", "coordinates": [ [ [ 92.753380937738285, 26.054774562740459 ], [ 92.75670423945472, 26.061644803768775 ], [ 92.758033560141286, 26.061644803768775 ], [ 92.757368899797996, 26.063018851974441 ], [ 92.75271627739501, 26.072087570131821 ], [ 92.751054626536785, 26.075385285825412 ], [ 92.750722296365154, 26.075385285825412 ], [ 92.732444136924812, 26.071263141208423 ], [ 92.739090740357653, 26.085828052188454 ], [ 92.729785495551667, 26.089400577523183 ], [ 92.741084721387509, 26.100942582450756 ], [ 92.723138892118811, 26.100942582450756 ], [ 92.732111806753167, 26.115232683789657 ], [ 92.703863742163549, 26.125125830870434 ], [ 92.705857723193404, 26.142164028620662 ], [ 92.722474231775536, 26.150957937136909 ], [ 92.75138695670843, 26.141889218979529 ], [ 92.751719286880075, 26.142164028620662 ], [ 92.761689192029351, 26.157003749241827 ], [ 92.75603957911143, 26.179263330173576 ], [ 92.778305700611483, 26.186958000125294 ], [ 92.776311719581628, 26.199599243617399 ], [ 92.801901142798101, 26.201797720746463 ], [ 92.801901142798101, 26.201797720746463 ], [ 92.804559784171246, 26.201797720746463 ], [ 92.939485833858114, 26.202622149669857 ], [ 92.956102342440246, 26.174316756633189 ], [ 92.931177579567048, 26.151232746778042 ], [ 92.934168551111838, 26.136667835798008 ], [ 92.954773021753681, 26.140789980414997 ], [ 93.035861583634457, 26.10863725240247 ], [ 93.039849545694167, 26.087476910035253 ], [ 93.05580139393301, 26.088301338958651 ], [ 93.059457025821075, 26.079782240083535 ], [ 93.108309561052536, 26.078133382236739 ], [ 93.093354703328615, 26.033064601090974 ], [ 93.127252380836154, 26.031140933603044 ], [ 93.158159086798918, 25.995415680255793 ], [ 93.158491416970563, 25.96161409439647 ], [ 93.17344627469447, 25.95254537623909 ], [ 93.183083849672101, 25.903354450476336 ], [ 93.240244639194628, 25.847018474044127 ], [ 93.241573959881194, 25.841522281221472 ], [ 93.245894252112549, 25.805247408591956 ], [ 93.24689124262747, 25.786835162636063 ], [ 93.226951432328917, 25.765400010627712 ], [ 93.226619102157272, 25.726651851227999 ], [ 93.142539568731721, 25.718407561994017 ], [ 93.148521511821286, 25.734071711538583 ], [ 93.145530540276496, 25.735995379026512 ], [ 93.146195200619786, 25.738468665796706 ], [ 93.125923060149589, 25.748636622518617 ], [ 93.129578692037654, 25.761003056369589 ], [ 93.098671986074891, 25.776942015555285 ], [ 93.098671986074891, 25.776942015555285 ], [ 93.09833965590326, 25.776942015555285 ], [ 93.068097610283786, 25.767323678115641 ], [ 93.068097610283786, 25.767598487756775 ], [ 93.06444197839572, 25.775293157708489 ], [ 93.073747223201707, 25.779140492684348 ], [ 93.071420912000207, 25.780789350531144 ], [ 93.030876631059812, 25.811018411055741 ], [ 93.028550319858326, 25.81266726890254 ], [ 92.98235642600001, 25.875323867080798 ], [ 92.86803484695497, 25.868453626052478 ], [ 92.847762706484772, 25.9039040697586 ], [ 92.853744649574338, 25.923690363920155 ], [ 92.854076979745983, 25.924789602484687 ], [ 92.83413716944743, 25.913522407198244 ], [ 92.817852991036943, 25.923965173561289 ], [ 92.816523670350378, 25.923415554279021 ], [ 92.808215416059312, 25.920942267508828 ], [ 92.801236482454811, 25.918743790379764 ], [ 92.78993725661897, 25.93825527490019 ], [ 92.794257548850325, 25.956392711214949 ], [ 92.800239491939891, 25.956942330497213 ], [ 92.806886095372732, 25.95666752085608 ], [ 92.805224444514522, 25.957766759420611 ], [ 92.794257548850325, 25.964637000448928 ], [ 92.775647059238338, 25.948423231622098 ], [ 92.762686182544286, 25.960514855831939 ], [ 92.769665116148772, 25.975629386094237 ], [ 92.762021522200996, 25.984148484969353 ], [ 92.770662106663707, 25.98909505850974 ], [ 92.759362880827851, 25.991293535638803 ], [ 92.778970360954759, 25.99596529953806 ], [ 92.757036569626351, 26.002560730925243 ], [ 92.782625992842839, 26.009980591235827 ], [ 92.781961332499549, 26.009980591235827 ], [ 92.759030550656206, 26.014102735852816 ], [ 92.759030550656206, 26.01437754549395 ], [ 92.765344823917417, 26.028667646832851 ], [ 92.765012493745772, 26.028942456473985 ], [ 92.765012493745772, 26.029217266115118 ], [ 92.746402004133799, 26.039385222837026 ], [ 92.755042588596496, 26.053950133817061 ], [ 92.753380937738285, 26.054774562740459 ] ] ] } },
{ "type": "Feature", "properties": { "dt_code": "758", "district": "South Salmara Mankachar", "st_code": "18", "year": "2015_c", "st_nm": "Assam", "state": "assam" }, "geometry": { "type": "Polygon", "coordinates": [ [ [ 89.843165624664493, 25.883018537032513 ], [ 89.876398641828743, 25.879171202056654 ], [ 89.898000102985506, 25.900331544423874 ], [ 89.930236129634835, 25.906377356528793 ], [ 89.937215063239336, 25.924789602484687 ], [ 89.948846619246822, 25.925064412125817 ], [ 89.945190987358757, 25.950072089468897 ], [ 89.972109731261796, 25.975354576453107 ], [ 90.019300615635046, 26.002285921284113 ], [ 90.056189264687362, 26.000637063437313 ], [ 90.082443348247125, 26.040484461401558 ], [ 90.131628213650217, 26.054224943458195 ], [ 90.141598118799493, 26.053125704893663 ], [ 90.178486767851822, 26.048179131353272 ], [ 90.170843173904046, 26.044056986736283 ], [ 90.19742958763544, 26.025919550421523 ], [ 90.183471720426454, 26.008881352671295 ], [ 90.187459682486164, 26.001461492360711 ], [ 90.142262779142783, 25.982499627122557 ], [ 90.128969572277086, 25.966560667936857 ], [ 90.119664327471085, 25.969583573989318 ], [ 90.119664327471085, 25.969033954707051 ], [ 90.116673355926309, 25.959415617267407 ], [ 90.12232296884423, 25.958865997985143 ], [ 90.116673355926309, 25.957217140138347 ], [ 90.105706460262098, 25.948698041263231 ], [ 90.092080923224756, 25.93825527490019 ], [ 90.086098980135191, 25.919568219303166 ], [ 90.060509556918717, 25.913522407198244 ], [ 90.04256372765002, 25.887690300931769 ], [ 90.025282558724612, 25.895659780524618 ], [ 90.020629936321612, 25.891812445548759 ], [ 90.012321682030546, 25.885217014161576 ], [ 90.00800138979919, 25.881644488826851 ], [ 90.008333719970835, 25.881369679185717 ], [ 90.018303625120112, 25.872300961028337 ], [ 90.022623917351467, 25.868178816411348 ], [ 90.022623917351467, 25.865705529641154 ], [ 90.015312653575336, 25.855812382560373 ], [ 90.003681097567835, 25.839323804092412 ], [ 89.971112740746875, 25.826407750959174 ], [ 89.96380147697073, 25.833277991987494 ], [ 89.961807495940874, 25.820361938854255 ], [ 89.954163901993098, 25.821461177418787 ], [ 89.957487203709519, 25.829155847370501 ], [ 89.948181958903533, 25.825583322035776 ], [ 89.959148854567744, 25.779964921607746 ], [ 89.93522108220948, 25.754682434623536 ], [ 89.937215063239336, 25.745338906825026 ], [ 89.935885742552756, 25.744514477901625 ], [ 89.924586516716914, 25.73874347543784 ], [ 89.914284281395993, 25.740667142925769 ], [ 89.894676801269085, 25.745064097183892 ], [ 89.89500913144073, 25.744239668260494 ], [ 89.89500913144073, 25.743415239337097 ], [ 89.898997093500441, 25.726377041586868 ], [ 89.913951951224348, 25.710987701683436 ], [ 89.944193996843822, 25.679384592953173 ], [ 89.949178949418467, 25.657125012021424 ], [ 89.950175939933388, 25.656300583098027 ], [ 89.983076626926007, 25.626895951496824 ], [ 90.00401342773948, 25.626895951496824 ], [ 90.017638964776822, 25.607934086258666 ], [ 90.019965275978322, 25.607384466976402 ], [ 90.003016437224559, 25.585399695685787 ], [ 89.983076626926007, 25.590895888508438 ], [ 89.982744296754362, 25.590895888508438 ], [ 89.972109731261796, 25.57358288111708 ], [ 89.877727962515308, 25.549399632697401 ], [ 89.877063302172033, 25.549124823056268 ], [ 89.867758057366032, 25.524391955354321 ], [ 89.883377575433244, 25.519170572172801 ], [ 89.886036216806374, 25.507903376886361 ], [ 89.872743009940677, 25.507628567245227 ], [ 89.871746019425743, 25.47739950672063 ], [ 89.851141548783914, 25.466407121075321 ], [ 89.860114463418256, 25.517521714326005 ], [ 89.851473878955545, 25.538956866334356 ], [ 89.866096406507822, 25.546101917003806 ], [ 89.882380584918309, 25.61727761405718 ], [ 89.870749028910822, 25.662621204844079 ], [ 89.846488926380914, 25.695873171421137 ], [ 89.84947989792569, 25.715109846300425 ], [ 89.834857370373427, 25.715934275223823 ], [ 89.826881446254006, 25.732972472974051 ], [ 89.841171643634638, 25.760728246728455 ], [ 89.827546106597282, 25.807995505003284 ], [ 89.81691154110473, 25.8148657460316 ], [ 89.835189700545072, 25.840423042656944 ], [ 89.833195719515217, 25.871201722463805 ], [ 89.843165624664493, 25.883018537032513 ] ] ] } },
{ "type": "Feature", "properties": { "dt_code": "314", "district": "Karbi Anglong", "st_code": "18", "year": "2011_c", "st_nm": "Assam", "state": "assam" }, "geometry": { "type": "Polygon", "coordinates": [ [ [ 93.297405428717141, 26.574714403763551 ], [ 93.325985823478405, 26.584882360485462 ], [ 93.402754093127825, 26.580210596586205 ], [ 93.397436810381549, 26.571416688069959 ], [ 93.408736036217391, 26.569218210940896 ], [ 93.456923911105562, 26.576088451969216 ], [ 93.464567505053338, 26.585981599049994 ], [ 93.455262260247352, 26.571966307352227 ], [ 93.463570514538418, 26.569218210940896 ], [ 93.491486248956392, 26.587080837614526 ], [ 93.469884787799629, 26.591477791872649 ], [ 93.47786071191905, 26.603019796800222 ], [ 93.495474211016102, 26.61098927639307 ], [ 93.509432078225089, 26.593401459360578 ], [ 93.523722275605721, 26.593676269001708 ], [ 93.553299660881905, 26.612638134239866 ], [ 93.586200347874524, 26.603569416082486 ], [ 93.589855979762589, 26.570592259146562 ], [ 93.610792780576062, 26.577462500174878 ], [ 93.616774723665628, 26.565920495247305 ], [ 93.63172958138955, 26.595325126848508 ], [ 93.632061911561195, 26.595874746130772 ], [ 93.633058902076115, 26.596149555771902 ], [ 93.647016769285102, 26.598348032900965 ], [ 93.701186587262839, 26.607416751058345 ], [ 93.70816552086734, 26.604119035364754 ], [ 93.722455718247957, 26.598073223259831 ], [ 93.752033103524155, 26.585157170126596 ], [ 93.752033103524155, 26.584882360485462 ], [ 93.752365433695786, 26.584882360485462 ], [ 93.742063198374865, 26.561523540989182 ], [ 93.731760963053958, 26.537889911851767 ], [ 93.756021065583866, 26.529096003335521 ], [ 93.751368443180866, 26.518378427331346 ], [ 93.794571365494392, 26.440057679608522 ], [ 93.782939809486905, 26.43868363140286 ], [ 93.793906705151116, 26.428515674680948 ], [ 93.781942818971984, 26.416424050471111 ], [ 93.799223987897392, 26.408729380519393 ], [ 93.774963885367484, 26.383996512817451 ], [ 93.793906705151116, 26.375752223583468 ], [ 93.826807392143721, 26.417798098676773 ], [ 93.865690022225905, 26.388943086357838 ], [ 93.883968181666233, 26.391965992410299 ], [ 93.880977210121458, 26.372454507889877 ], [ 93.894270416987155, 26.37190488860761 ], [ 93.885962162696103, 26.354317071575117 ], [ 93.888953134240879, 26.346072782341135 ], [ 93.881974200636392, 26.345523163058871 ], [ 93.881641870464748, 26.344973543776604 ], [ 93.893938086815524, 26.315568912175404 ], [ 93.885297502352813, 26.318591818227866 ], [ 93.884965172181168, 26.310622338635014 ], [ 93.873665946345326, 26.309797909711616 ], [ 93.882306530808023, 26.304301716888961 ], [ 93.884965172181168, 26.302652859042166 ], [ 93.868680993770681, 26.294408569808184 ], [ 93.880977210121458, 26.2735230370821 ], [ 93.870674974800536, 26.27544670457003 ], [ 93.864693031710971, 26.245767263327693 ], [ 93.847744192957208, 26.24137030906957 ], [ 93.864693031710971, 26.235324496964651 ], [ 93.851399824845274, 26.215538202803096 ], [ 93.840432929181063, 26.217736679932159 ], [ 93.838106617979562, 26.194377860435878 ], [ 93.829133703345221, 26.196301527923808 ], [ 93.835115646434787, 26.175965614479985 ], [ 93.821490109397445, 26.17239308914526 ], [ 93.831127684375076, 26.136942645439142 ], [ 93.81816680768101, 26.136942645439142 ], [ 93.828136712830286, 26.127599117640628 ], [ 93.806535251673523, 26.102591440297552 ], [ 93.814178845621299, 26.090774625728844 ], [ 93.804873600815313, 26.093522722140172 ], [ 93.805870591330248, 26.071263141208423 ], [ 93.796565346524247, 26.071263141208423 ], [ 93.805205930986958, 26.064667709821236 ], [ 93.794571365494392, 26.061369994127645 ], [ 93.797230006867537, 26.052301275970265 ], [ 93.786927771546615, 26.054224943458195 ], [ 93.794903695666036, 26.04158369996609 ], [ 93.779948837942129, 26.03966003247816 ], [ 93.799556318069037, 26.031415743244178 ], [ 93.781278158628695, 26.007782114106764 ], [ 93.800885638755602, 26.002011111642979 ], [ 93.794903695666036, 25.992667583844465 ], [ 93.798226997382457, 25.988270629586342 ], [ 93.803544280128747, 25.980850769275758 ], [ 93.804208940472023, 25.98002634035236 ], [ 93.780613498285405, 25.981400388558026 ], [ 93.776625536225694, 25.968759145065921 ], [ 93.775628545710774, 25.968759145065921 ], [ 93.775628545710774, 25.968484335424787 ], [ 93.773302234509273, 25.968759145065921 ], [ 93.765326310389852, 25.969033954707051 ], [ 93.767984951762998, 25.951171328033425 ], [ 93.767320291419708, 25.950896518392295 ], [ 93.767320291419708, 25.950621708751161 ], [ 93.756353395755497, 25.946774373775302 ], [ 93.7453865000913, 25.942652229158313 ], [ 93.751368443180866, 25.933033891718669 ], [ 93.681579107135931, 25.904453689040864 ], [ 93.701851247606129, 25.851690237943384 ], [ 93.714147463956891, 25.844545187273933 ], [ 93.688225710568773, 25.845919235479599 ], [ 93.66828590027022, 25.822010796701051 ], [ 93.646019778770182, 25.822560415983318 ], [ 93.624750647785049, 25.802774121821763 ], [ 93.617439384008918, 25.776117586631887 ], [ 93.577559763411813, 25.754682434623536 ], [ 93.567922188434181, 25.758529769599395 ], [ 93.561275585001326, 25.737919046514442 ], [ 93.542332765217694, 25.731048805486122 ], [ 93.541003444531128, 25.698896077473595 ], [ 93.527377907493786, 25.691201407521881 ], [ 93.522392954919141, 25.697796838909063 ], [ 93.51275537994151, 25.67498763869505 ], [ 93.502785474792233, 25.665094491614273 ], [ 93.496471201531023, 25.654651725251227 ], [ 93.490156928269826, 25.652453248122168 ], [ 93.457256241277207, 25.641186052835724 ], [ 93.460579542993628, 25.632666953960612 ], [ 93.460911873165273, 25.632392144319478 ], [ 93.444295364583155, 25.639812004630063 ], [ 93.426349535314444, 25.632117334678348 ], [ 93.358554180299365, 25.554621015878922 ], [ 93.340940681202312, 25.558193541213647 ], [ 93.337285049314247, 25.554895825520052 ], [ 93.328976795023181, 25.543079010951349 ], [ 93.327647474336615, 25.54143015310455 ], [ 93.321665531247049, 25.533185863870571 ], [ 93.302390381291787, 25.530437767459244 ], [ 93.301725720948497, 25.530437767459244 ], [ 93.301393390776852, 25.530437767459244 ], [ 93.29242047614251, 25.544453059157011 ], [ 93.270486684814102, 25.531262196382642 ], [ 93.270154354642457, 25.531262196382642 ], [ 93.258522798634971, 25.548850013415134 ], [ 93.208673272888575, 25.543628630233613 ], [ 93.208340942716944, 25.544178249515877 ], [ 93.17643724623926, 25.592819555996368 ], [ 93.179428217784036, 25.619476091186243 ], [ 93.191724434134812, 25.631842525037214 ], [ 93.17809889709747, 25.639812004630063 ], [ 93.170787633321325, 25.661796775920678 ], [ 93.142871898903351, 25.66097234699728 ], [ 93.142539568731721, 25.66097234699728 ], [ 93.141874908388431, 25.661796775920678 ], [ 93.13556063512722, 25.67691130618298 ], [ 93.13157267306751, 25.686529643622624 ], [ 93.1345636446123, 25.695598361780004 ], [ 93.142539568731721, 25.718407561994017 ], [ 93.226619102157272, 25.726651851227999 ], [ 93.226951432328917, 25.765400010627712 ], [ 93.24689124262747, 25.786835162636063 ], [ 93.245894252112549, 25.805247408591956 ], [ 93.241573959881194, 25.841522281221472 ], [ 93.240244639194628, 25.847018474044127 ], [ 93.183083849672101, 25.903354450476336 ], [ 93.17344627469447, 25.95254537623909 ], [ 93.158491416970563, 25.96161409439647 ], [ 93.158159086798918, 25.995415680255793 ], [ 93.127252380836154, 26.031140933603044 ], [ 93.093354703328615, 26.033064601090974 ], [ 93.108309561052536, 26.078133382236739 ], [ 93.059457025821075, 26.079782240083535 ], [ 93.05580139393301, 26.088301338958651 ], [ 93.039849545694167, 26.087476910035253 ], [ 93.035861583634457, 26.10863725240247 ], [ 92.954773021753681, 26.140789980414997 ], [ 92.934168551111838, 26.136667835798008 ], [ 92.931177579567048, 26.151232746778042 ], [ 92.956102342440246, 26.174316756633189 ], [ 92.939485833858114, 26.202622149669857 ], [ 92.804559784171246, 26.201797720746463 ], [ 92.801901142798101, 26.201797720746463 ], [ 92.801236482454811, 26.201797720746463 ], [ 92.793592888507035, 26.219385537778955 ], [ 92.815194349663798, 26.2138893449563 ], [ 92.82715823584293, 26.225156540242743 ], [ 92.815194349663798, 26.232851210194458 ], [ 92.813865028977233, 26.262530651436791 ], [ 92.841448433223562, 26.283690993804008 ], [ 92.844107074596707, 26.305126145812359 ], [ 92.879666402962457, 26.283690993804008 ], [ 92.892294949484878, 26.288362757703265 ], [ 92.898609222746089, 26.308973480788218 ], [ 92.942809135574549, 26.330408632796569 ], [ 92.939485833858114, 26.352943023369452 ], [ 92.909576118410286, 26.352943023369452 ], [ 92.909243788238641, 26.352943023369452 ], [ 92.925860296820773, 26.37904993927706 ], [ 92.903261845149075, 26.385370561023112 ], [ 92.895618251201299, 26.37904993927706 ], [ 92.889968638283378, 26.374103365736673 ], [ 92.898276892574444, 26.38619498994651 ], [ 92.896282911544589, 26.385920180305376 ], [ 92.881992714163957, 26.379874368200458 ], [ 92.885648346052022, 26.383996512817451 ], [ 92.901932524462509, 26.401309520208809 ], [ 92.920543014074497, 26.391691182769165 ], [ 92.938156513171549, 26.403782806979006 ], [ 92.949788069179036, 26.397462185232953 ], [ 92.978700794111944, 26.4205461950881 ], [ 93.019245075052325, 26.4205461950881 ], [ 93.043505177582233, 26.437309583197194 ], [ 93.056133724104654, 26.428240865039815 ], [ 93.049487120671799, 26.416149240829977 ], [ 93.061118676679285, 26.415874431188843 ], [ 93.091693052470404, 26.433462248221339 ], [ 93.068762270627062, 26.435385915709269 ], [ 93.09933664641818, 26.44582868207231 ], [ 93.09933664641818, 26.439233250685124 ], [ 93.117614805858523, 26.441706537455318 ], [ 93.103989268821181, 26.448851588124768 ], [ 93.128249371351089, 26.46396611838707 ], [ 93.110303542082391, 26.47111116905652 ], [ 93.13622529547051, 26.484302031830889 ], [ 93.127252380836154, 26.4801798872139 ], [ 93.132901993754075, 26.48952341501241 ], [ 93.125258399806299, 26.495844036758463 ], [ 93.124593739463023, 26.482927983625224 ], [ 93.09833965590326, 26.47303483654445 ], [ 93.108309561052536, 26.466989024439528 ], [ 93.10232761796297, 26.460118783411211 ], [ 93.06444197839572, 26.479355458290499 ], [ 93.090363731783839, 26.499966181375456 ], [ 93.008610509559773, 26.481004316137298 ], [ 93.012598471619484, 26.506836422403772 ], [ 93.012930801791114, 26.507386041686036 ], [ 93.048157799985233, 26.52579828764193 ], [ 93.043172847410588, 26.53514181544044 ], [ 93.043172847410588, 26.53514181544044 ], [ 93.043505177582233, 26.53514181544044 ], [ 93.05978935599272, 26.544760152880087 ], [ 93.084049458522628, 26.543660914315556 ], [ 93.091693052470404, 26.543111295033292 ], [ 93.101330627448036, 26.542836485392158 ], [ 93.111965192940602, 26.532668528670246 ], [ 93.114956164485378, 26.531019670823451 ], [ 93.141542578216786, 26.555477728884263 ], [ 93.150847823022772, 26.546409010726883 ], [ 93.191392103963167, 26.567019733811836 ], [ 93.20967026340351, 26.556027348166527 ], [ 93.160817728172049, 26.523874620154 ], [ 93.199368028082588, 26.533492957593644 ], [ 93.20967026340351, 26.51480590199662 ], [ 93.204352980657234, 26.501340229581118 ], [ 93.217313857351286, 26.507386041686036 ], [ 93.21299356511993, 26.529645622617785 ], [ 93.233265705590128, 26.535691434722708 ], [ 93.263507751209602, 26.521126523742673 ], [ 93.263507751209602, 26.508760089891702 ], [ 93.283779891679799, 26.519477665895877 ], [ 93.284112221851444, 26.519752475537011 ], [ 93.286770863224575, 26.513981473073223 ], [ 93.290758825284286, 26.50766085132717 ], [ 93.28776785373951, 26.520576904460409 ], [ 93.263840081381247, 26.527447145488726 ], [ 93.275471637388733, 26.533767767234778 ], [ 93.273477656358878, 26.545034962521218 ], [ 93.256528817605101, 26.531844099746849 ], [ 93.262843090866312, 26.537889911851767 ], [ 93.247223572799115, 26.545034962521218 ], [ 93.256528817605101, 26.55108077462614 ], [ 93.235259686619983, 26.552729632472936 ], [ 93.235924346963273, 26.553554061396333 ], [ 93.247888233142405, 26.566744924170703 ], [ 93.25087920468718, 26.569767830223164 ], [ 93.25087920468718, 26.569767830223164 ], [ 93.281453580478299, 26.568943401299766 ], [ 93.297405428717141, 26.574714403763551 ] ] ] } },
{ "type": "Feature", "properties": { "dt_code": "759", "district": "West Karbi Anglong", "st_code": "18", "year": "2016_c", "st_nm": "Assam", "state": "assam" }, "geometry": { "type": "Polygon", "coordinates": [ [ [ 92.395461342879258, 26.113583825942861 ], [ 92.397122993737483, 26.113858635583991 ], [ 92.413074841976325, 26.11550749343079 ], [ 92.413407172147956, 26.11550749343079 ], [ 92.441322906565929, 26.095446389628101 ], [ 92.453951453088351, 26.11550749343079 ], [ 92.478876215961549, 26.12897316584629 ], [ 92.486519809909325, 26.149309079290113 ], [ 92.508785931409378, 26.141339599697265 ], [ 92.522079138275075, 26.155080081753901 ], [ 92.52241146844672, 26.155080081753901 ], [ 92.529058071879575, 26.150957937136909 ], [ 92.519752827073575, 26.102316630656418 ], [ 92.536369335655706, 26.096545628192633 ], [ 92.547668561491548, 26.1105609198904 ], [ 92.570599343334891, 26.116606731995319 ], [ 92.570931673506536, 26.11550749343079 ], [ 92.574587305394601, 26.094896770345834 ], [ 92.595856436379719, 26.080606669006933 ], [ 92.579572257969232, 26.033339410732108 ], [ 92.592200804491654, 26.022621834727932 ], [ 92.593862455349864, 26.0215225961634 ], [ 92.566279051103535, 26.010805020159225 ], [ 92.546006910633338, 25.971507241477248 ], [ 92.551988853722904, 25.966011048654593 ], [ 92.588877502775233, 25.964087381166664 ], [ 92.596188766551364, 25.978102672864431 ], [ 92.655675867275377, 26.000087444155049 ], [ 92.654346546588812, 26.019598928675471 ], [ 92.666975093111233, 26.028392837191717 ], [ 92.713168986969535, 26.017950070828675 ], [ 92.713833647312825, 26.053125704893663 ], [ 92.71416597748447, 26.053400514534797 ], [ 92.71416597748447, 26.053675324175927 ], [ 92.737761419671088, 26.05999594592198 ], [ 92.743078702417364, 26.061369994127645 ], [ 92.744408023103944, 26.060545565204247 ], [ 92.753380937738285, 26.054774562740459 ], [ 92.755042588596496, 26.053950133817061 ], [ 92.746402004133799, 26.039385222837026 ], [ 92.765012493745772, 26.029217266115118 ], [ 92.765012493745772, 26.028942456473985 ], [ 92.765344823917417, 26.028667646832851 ], [ 92.759030550656206, 26.01437754549395 ], [ 92.759030550656206, 26.014102735852816 ], [ 92.781961332499549, 26.009980591235827 ], [ 92.782625992842839, 26.009980591235827 ], [ 92.757036569626351, 26.002560730925243 ], [ 92.778970360954759, 25.99596529953806 ], [ 92.759362880827851, 25.991293535638803 ], [ 92.770662106663707, 25.98909505850974 ], [ 92.762021522200996, 25.984148484969353 ], [ 92.769665116148772, 25.975629386094237 ], [ 92.762686182544286, 25.960514855831939 ], [ 92.775647059238338, 25.948423231622098 ], [ 92.794257548850325, 25.964637000448928 ], [ 92.805224444514522, 25.957766759420611 ], [ 92.806886095372732, 25.95666752085608 ], [ 92.800239491939891, 25.956942330497213 ], [ 92.794257548850325, 25.956392711214949 ], [ 92.78993725661897, 25.93825527490019 ], [ 92.801236482454811, 25.918743790379764 ], [ 92.808215416059312, 25.920942267508828 ], [ 92.816523670350378, 25.923415554279021 ], [ 92.817852991036943, 25.923965173561289 ], [ 92.83413716944743, 25.913522407198244 ], [ 92.854076979745983, 25.924789602484687 ], [ 92.853744649574338, 25.923690363920155 ], [ 92.847762706484772, 25.9039040697586 ], [ 92.86803484695497, 25.868453626052478 ], [ 92.98235642600001, 25.875323867080798 ], [ 93.028550319858326, 25.81266726890254 ], [ 93.030876631059812, 25.811018411055741 ], [ 93.071420912000207, 25.780789350531144 ], [ 93.073747223201707, 25.779140492684348 ], [ 93.06444197839572, 25.775293157708489 ], [ 93.05978935599272, 25.77309468057943 ], [ 93.057795374962865, 25.774468728785092 ], [ 93.018580414709049, 25.801125263974964 ], [ 93.003293226813483, 25.786560352994933 ], [ 93.005951868186628, 25.825583322035776 ], [ 93.006284198358273, 25.826407750959174 ], [ 93.005951868186628, 25.826132941318043 ], [ 92.98102710531343, 25.808545124285548 ], [ 92.98335341651493, 25.782987827660207 ], [ 92.980694775141799, 25.790407687970788 ], [ 92.967401568276088, 25.781888589095676 ], [ 92.965739917417878, 25.785461114430401 ], [ 92.956767002783522, 25.803048931462893 ], [ 92.956434672611891, 25.803873360386291 ], [ 92.962416615701457, 25.815415365313868 ], [ 92.963413606216378, 25.817888652084061 ], [ 92.944138456261115, 25.803048931462893 ], [ 92.928518938193918, 25.806896266438752 ], [ 92.922869325275983, 25.772270251656032 ], [ 92.820843962581733, 25.741491571849167 ], [ 92.820843962581733, 25.741216762208033 ], [ 92.813865028977233, 25.70219379316719 ], [ 92.777308710096548, 25.676361686900712 ], [ 92.774650068723417, 25.674163209771653 ], [ 92.784287643701049, 25.664544872332005 ], [ 92.788275605760759, 25.658224250585953 ], [ 92.762021522200996, 25.632117334678348 ], [ 92.758698220484575, 25.629094428625887 ], [ 92.75836589031293, 25.628544809343623 ], [ 92.767338804947272, 25.617827233339444 ], [ 92.75603957911143, 25.61535394656925 ], [ 92.75437792825322, 25.615079136928117 ], [ 92.75437792825322, 25.615079136928117 ], [ 92.75437792825322, 25.614804327286986 ], [ 92.740420061044233, 25.595842462048829 ], [ 92.733773457611377, 25.593369175278635 ], [ 92.701537430962048, 25.597216510254491 ], [ 92.694890827529207, 25.597766129536758 ], [ 92.694226167185917, 25.598040939177888 ], [ 92.693561506842627, 25.596666890972227 ], [ 92.68259461117843, 25.576605787169537 ], [ 92.664981112081378, 25.572483642552548 ], [ 92.660660819850023, 25.57165921362915 ], [ 92.661325480193298, 25.572208832911414 ], [ 92.657005187961943, 25.582376789633326 ], [ 92.651355575044022, 25.589247030661642 ], [ 92.635736056976825, 25.579079073939731 ], [ 92.622110519939483, 25.565338591883098 ], [ 92.605161681185706, 25.558743160495911 ], [ 92.590539153633443, 25.552697348390993 ], [ 92.584557210543878, 25.550498871261929 ], [ 92.576248956252812, 25.556544683366852 ], [ 92.556641476125904, 25.571109594346883 ], [ 92.553982834752759, 25.614804327286986 ], [ 92.505462629692943, 25.616453185133782 ], [ 92.470235631498838, 25.675262448336184 ], [ 92.440658246222654, 25.691751026804145 ], [ 92.444313878110719, 25.719781610199682 ], [ 92.431020671245022, 25.732148044050653 ], [ 92.4114131911181, 25.730224376562724 ], [ 92.406428238543469, 25.744789287542758 ], [ 92.381835805841916, 25.742041191131431 ], [ 92.384162117043417, 25.754682434623536 ], [ 92.3333156007821, 25.724178564457805 ], [ 92.311381809453692, 25.728025899433664 ], [ 92.264190925080456, 25.709064034195507 ], [ 92.234281209632627, 25.707689985989841 ], [ 92.225308294998285, 25.715934275223823 ], [ 92.224643634654996, 25.715934275223823 ], [ 92.170141486505614, 25.667292968743332 ], [ 92.152195657236916, 25.671415113360325 ], [ 92.155851289124982, 25.67691130618298 ], [ 92.155186628781706, 25.695048742497736 ], [ 92.14455206328914, 25.716483894506091 ], [ 92.144219733117495, 25.717033513788355 ], [ 92.144219733117495, 25.717033513788355 ], [ 92.144219733117495, 25.717308323429489 ], [ 92.161833232214548, 25.742590810413699 ], [ 92.147875365005561, 25.77309468057943 ], [ 92.150866336550351, 25.81678941351953 ], [ 92.177452750281759, 25.851690237943384 ], [ 92.177120420110114, 25.872850580310605 ], [ 92.225640625169916, 25.909400262581254 ], [ 92.202045182983298, 25.906377356528793 ], [ 92.194401589035522, 25.918468980738634 ], [ 92.17545876925189, 25.907476595093325 ], [ 92.154854298610061, 25.911323930069184 ], [ 92.154521968438416, 25.911323930069184 ], [ 92.160836241699627, 25.928362127819412 ], [ 92.152195657236916, 25.944301087005108 ], [ 92.164159543416048, 25.970408002912716 ], [ 92.17545876925189, 25.977553053582167 ], [ 92.263526264737166, 26.033339410732108 ], [ 92.264523255252101, 26.05779746879292 ], [ 92.264523255252101, 26.058347088075184 ], [ 92.273496169886442, 26.065766948385768 ], [ 92.291109668983509, 26.080057049724669 ], [ 92.29376831035664, 26.082255526853729 ], [ 92.29609462155814, 26.082530336494862 ], [ 92.323345695632838, 26.086377671470721 ], [ 92.32999229906568, 26.076759334031077 ], [ 92.359569684341864, 26.091599054652242 ], [ 92.362892986058299, 26.077583762954475 ], [ 92.395461342879258, 26.113583825942861 ] ] ] } },
{ "type": "Feature", "properties": { "dt_code": "770", "district": "Kamjong", "st_code": "14", "year": "2016_c", "st_nm": "Manipur", "state": "manipur" }, "geometry": { "type": "Polygon", "coordinates": [ [ [ 94.376566821086271, 24.51262138147953 ], [ 94.361476418530359, 24.518826332103323 ], [ 94.361162035143778, 24.518826332103323 ], [ 94.37279422044729, 24.547891627130557 ], [ 94.330981230031966, 24.54919793252504 ], [ 94.333181913738031, 24.565200173607451 ], [ 94.310546309904169, 24.571078547882621 ], [ 94.281937421725246, 24.600796995607098 ], [ 94.264646335463269, 24.595571774029171 ], [ 94.264017568690107, 24.596224926726411 ], [ 94.247984015974453, 24.617452389386752 ], [ 94.211829926517581, 24.61581950764365 ], [ 94.172217619808322, 24.632148325074681 ], [ 94.200197741214069, 24.625290221753648 ], [ 94.197053907348248, 24.655008669478125 ], [ 94.182592271565511, 24.671664063257776 ], [ 94.187622405750815, 24.715751870321562 ], [ 94.172217619808322, 24.733713569495695 ], [ 94.17913405431311, 24.76735093340362 ], [ 94.16058543450481, 24.794783346687755 ], [ 94.132919696485629, 24.802621179054647 ], [ 94.14675256549522, 24.829727015990162 ], [ 94.13920736421727, 24.87022248321912 ], [ 94.156184067092667, 24.883938689861186 ], [ 94.166873102236437, 24.927046767879109 ], [ 94.192023773162958, 24.94304900896152 ], [ 94.221890194888189, 24.941742703567037 ], [ 94.284138105431325, 24.961010708135653 ], [ 94.332553146964869, 24.986157086979443 ], [ 94.395429824281166, 24.986157086979443 ], [ 94.45390513418532, 25.017508416447022 ], [ 94.530300297124612, 25.033837233878053 ], [ 94.611096827476047, 25.102418267088385 ], [ 94.653852968051126, 25.115481321033212 ], [ 94.736535798722059, 25.113195286592866 ], [ 94.744081, 25.037102997364261 ], [ 94.727104297124612, 25.000199869970128 ], [ 94.696294725239625, 24.968195387805309 ], [ 94.713900194888183, 24.934884600246004 ], [ 94.70195362619809, 24.929659378668074 ], [ 94.687491990415339, 24.889490487787736 ], [ 94.656996801916947, 24.871528788613603 ], [ 94.631531747603844, 24.838871153751537 ], [ 94.617698878594254, 24.780740563697066 ], [ 94.628387913738024, 24.755920761201899 ], [ 94.593805741214069, 24.709220343349148 ], [ 94.578715338658156, 24.708567190651909 ], [ 94.575885888178917, 24.72522258443156 ], [ 94.570855753993627, 24.705954579862944 ], [ 94.545390699680524, 24.710526648743631 ], [ 94.534701664536755, 24.642925344579162 ], [ 94.496661274760399, 24.59067312879986 ], [ 94.454533900958481, 24.565853326304694 ], [ 94.425925012779558, 24.48159662836057 ], [ 94.374680520766788, 24.494333105956773 ], [ 94.374680520766788, 24.494333105956773 ], [ 94.376566821086271, 24.51262138147953 ] ] ] } },
{ "type": "Feature", "properties": { "dt_code": "272", "district": "Senapati", "st_code": "14", "year": "2011_c", "st_nm": "Manipur", "state": "manipur" }, "geometry": { "type": "Polygon", "coordinates": [ [ [ 94.467423619808315, 25.582158923212091 ], [ 94.460192801916946, 25.549501288350026 ], [ 94.413664060702885, 25.475695033561767 ], [ 94.421523645367429, 25.466224319451769 ], [ 94.41114899361024, 25.46263197961694 ], [ 94.393543523961668, 25.423442817782465 ], [ 94.383168872204479, 25.423116241433846 ], [ 94.3897709233227, 25.420177054296257 ], [ 94.379396271565511, 25.407767153048674 ], [ 94.377509971246013, 25.357147819012475 ], [ 94.335382597444095, 25.310120824811108 ], [ 94.325007945686906, 25.279422648040768 ], [ 94.289168239616629, 25.241866367949395 ], [ 94.252699766773176, 25.228803314004569 ], [ 94.246097715654969, 25.20365693516078 ], [ 94.221261428115028, 25.193859644702162 ], [ 94.214030610223659, 25.175244792830785 ], [ 94.193281306709281, 25.186674965032509 ], [ 94.072872469648573, 25.170346147601478 ], [ 93.997420456869023, 25.192226762959059 ], [ 94.017226610223659, 25.253296540151116 ], [ 93.970697869009598, 25.292485701985591 ], [ 93.991761555910557, 25.347350528553857 ], [ 93.987674571884995, 25.374782941837992 ], [ 93.960323217252409, 25.391438335617643 ], [ 93.921339677316311, 25.395357251801091 ], [ 93.919767760383394, 25.396663557195573 ], [ 93.917567076677329, 25.402541931470743 ], [ 93.892416405750808, 25.422789665085222 ], [ 93.833312329073493, 25.427361733965913 ], [ 93.820422610223659, 25.460672521525215 ], [ 93.805017824281165, 25.463611708662803 ], [ 93.81004795846647, 25.483859442277282 ], [ 93.800930840255603, 25.496269343524865 ], [ 93.786783587859446, 25.503454023194518 ], [ 93.766348667731648, 25.4936567327359 ], [ 93.758489083067104, 25.504107175891761 ], [ 93.765091134185326, 25.538724268845545 ], [ 93.816335626198097, 25.540030574240028 ], [ 93.83456986261983, 25.56060488420313 ], [ 93.861292450479255, 25.553420204533474 ], [ 93.88864380511184, 25.565176953083817 ], [ 93.960323217252409, 25.550807593744508 ], [ 93.982958821086271, 25.568442716570026 ], [ 94.007480725239631, 25.567136411175539 ], [ 94.002136207667746, 25.586404415744159 ], [ 94.012825242811516, 25.592609366367949 ], [ 94.037975913738038, 25.569749021964505 ], [ 94.048036182108646, 25.575627396239678 ], [ 94.067213568690107, 25.552113899138991 ], [ 94.084504654952084, 25.554726509927956 ], [ 94.094250539936112, 25.537417963451063 ], [ 94.084504654952084, 25.53023328378141 ], [ 94.108083408945703, 25.521742298717275 ], [ 94.140464897763593, 25.519456264276929 ], [ 94.156184067092667, 25.551134170093132 ], [ 94.164672418530358, 25.54133687963451 ], [ 94.178190904153368, 25.550807593744508 ], [ 94.192023773162958, 25.548848135652786 ], [ 94.186679255591073, 25.524028333157617 ], [ 94.218746361022383, 25.491697274644174 ], [ 94.284452488817905, 25.508026092075209 ], [ 94.321549728434519, 25.503127446845898 ], [ 94.385369555910557, 25.532192741873136 ], [ 94.416807894568706, 25.536764810753823 ], [ 94.424981862619816, 25.586730992092779 ], [ 94.479998955271583, 25.615143134422773 ], [ 94.488801690095855, 25.604692691266912 ], [ 94.467423619808315, 25.582158923212091 ] ] ] } },
{ "type": "Feature", "properties": { "dt_code": "273", "district": "Tamenglong", "st_code": "14", "year": "2011_c", "st_nm": "Manipur", "state": "manipur" }, "geometry": { "type": "Polygon", "coordinates": [ [ [ 93.887700654952084, 25.335267203654894 ], [ 93.919138993610233, 25.327755947636621 ], [ 93.954349932907363, 25.287587056756283 ], [ 93.955607466453685, 25.286280751361801 ], [ 93.953721166134201, 25.285301022315938 ], [ 93.942717747603851, 25.279422648040768 ], [ 93.926055428115035, 25.270605086628009 ], [ 93.902791057507997, 25.272237968371112 ], [ 93.853747249201291, 25.228803314004569 ], [ 93.826081511182124, 25.222271787032156 ], [ 93.792442488817912, 25.167406960463893 ], [ 93.772636335463275, 25.154017330170447 ], [ 93.796843856230041, 25.101111961693903 ], [ 93.79652947284346, 25.082497109822526 ], [ 93.813820559105451, 25.029591741345985 ], [ 93.816964392971258, 25.023386790722192 ], [ 93.816021242811516, 25.023060214373572 ], [ 93.790556188498414, 25.016528687401159 ], [ 93.79967330670928, 24.957418368300829 ], [ 93.758803466453685, 24.907452186961869 ], [ 93.772007568690114, 24.849648173256018 ], [ 93.772007568690114, 24.849321596907398 ], [ 93.771064418530372, 24.848015291512915 ], [ 93.743713063897772, 24.808172976981201 ], [ 93.743713063897772, 24.807519824283958 ], [ 93.750315115015994, 24.800008568265685 ], [ 93.757231549520782, 24.79217073589879 ], [ 93.757231549520782, 24.79217073589879 ], [ 93.75628839936104, 24.79217073589879 ], [ 93.649083664536761, 24.800335144614305 ], [ 93.634622028754009, 24.801314873660168 ], [ 93.615444642172534, 24.812745045861888 ], [ 93.576461102236436, 24.835605390265332 ], [ 93.560741932907362, 24.811112164118786 ], [ 93.543450846645385, 24.80915270602706 ], [ 93.497550872204485, 24.823195489017749 ], [ 93.407322840255603, 24.824828370760851 ], [ 93.398834488817911, 24.806540095238095 ], [ 93.371797517571906, 24.80915270602706 ], [ 93.36299478274762, 24.758533371990865 ], [ 93.340044795527177, 24.750695539623969 ], [ 93.329984527156569, 24.726202313477422 ], [ 93.339101645367435, 24.712486106835357 ], [ 93.303576322683725, 24.690278915129152 ], [ 93.284398936102249, 24.665785688982606 ], [ 93.279054418530365, 24.658927585661573 ], [ 93.252646214057521, 24.658927585661573 ], [ 93.216177741214082, 24.699423052890531 ], [ 93.216177741214082, 24.699423052890531 ], [ 93.209575690095861, 24.701382510982253 ], [ 93.200458571885008, 24.703995121771218 ], [ 93.200772955271589, 24.704321698119838 ], [ 93.222151025559128, 24.721956820945355 ], [ 93.232211293929737, 24.752654997715691 ], [ 93.177822968051132, 24.792497312247409 ], [ 93.175622284345067, 24.794130193990512 ], [ 93.176565434504809, 24.794783346687755 ], [ 93.196685971246026, 24.811438740467405 ], [ 93.194799670926542, 24.853893665788089 ], [ 93.204231172523976, 24.8509544786505 ], [ 93.226238009584677, 24.873161670356705 ], [ 93.221522258785967, 24.88165265542084 ], [ 93.232525677316318, 24.884918418907048 ], [ 93.225923626198096, 24.892103098576701 ], [ 93.240699645367428, 24.903533270778421 ], [ 93.235040744408963, 24.911371103145317 ], [ 93.248873613418553, 24.914963442980145 ], [ 93.236612661341866, 24.937170634686346 ], [ 93.251074297124617, 24.940762974521174 ], [ 93.245101012779571, 24.950886841328415 ], [ 93.26302086581471, 24.961337284484273 ], [ 93.249187996805134, 24.977339525566684 ], [ 93.259562648562323, 25.001832751713231 ], [ 93.24447224600641, 24.998240411878406 ], [ 93.243529095846668, 25.018488145492885 ], [ 93.253903747603857, 25.020447603584607 ], [ 93.263964015974466, 25.049512898611844 ], [ 93.299803722044743, 25.045920558777016 ], [ 93.314894124600656, 25.084783144262872 ], [ 93.332185210862633, 25.09360070567563 ], [ 93.345389313099062, 25.123319153400107 ], [ 93.345703696485643, 25.170019571252855 ], [ 93.381857785942515, 25.222924939729399 ], [ 93.381229019169353, 25.23958033350905 ], [ 93.42744337699682, 25.283341564224216 ], [ 93.469885134185319, 25.304242450535934 ], [ 93.453851581469664, 25.324816760499033 ], [ 93.472085817891397, 25.303262721490071 ], [ 93.472085817891397, 25.271258239325253 ], [ 93.506353607028771, 25.269298781233527 ], [ 93.501323472843467, 25.242519520646635 ], [ 93.555711798722058, 25.245785284132843 ], [ 93.5840063035144, 25.221618634334916 ], [ 93.588093287539948, 25.201044324371814 ], [ 93.60538437380194, 25.199084866280092 ], [ 93.66731790095848, 25.310773977508347 ], [ 93.664802833865835, 25.325796489544896 ], [ 93.681465153354651, 25.328735676682481 ], [ 93.686809670926536, 25.360087006150064 ], [ 93.709130891373817, 25.357147819012475 ], [ 93.742141146964869, 25.403848236865226 ], [ 93.774208252396178, 25.419523901599018 ], [ 93.805332207667746, 25.46295855596556 ], [ 93.820422610223659, 25.460672521525215 ], [ 93.833312329073493, 25.427361733965913 ], [ 93.892416405750808, 25.422789665085222 ], [ 93.917567076677329, 25.402541931470743 ], [ 93.919767760383394, 25.396663557195573 ], [ 93.921339677316311, 25.395357251801091 ], [ 93.92071091054315, 25.394377522755228 ], [ 93.922597210862634, 25.389152301177297 ], [ 93.913480092651767, 25.38458023229661 ], [ 93.903419824281158, 25.370864025654544 ], [ 93.887700654952084, 25.335267203654894 ] ] ] } },
{ "type": "Feature", "properties": { "dt_code": "277", "district": "Imphal West", "st_code": "14", "year": "2011_c", "st_nm": "Manipur", "state": "manipur" }, "geometry": { "type": "Polygon", "coordinates": [ [ [ 93.919767760383394, 24.962643589878756 ], [ 93.932028712460081, 24.967868811456686 ], [ 93.915995159744426, 24.913657137585663 ], [ 93.915366392971265, 24.910717950448078 ], [ 93.896817773162951, 24.907778763310493 ], [ 93.905620507987237, 24.88165265542084 ], [ 93.919138993610233, 24.880019773677738 ], [ 93.89901845686903, 24.858792311017396 ], [ 93.923225977635795, 24.858465734668776 ], [ 93.919138993610233, 24.851607631347743 ], [ 93.946175964856238, 24.831033321384645 ], [ 93.932971862619823, 24.80882612967844 ], [ 93.933600629392984, 24.80849955332982 ], [ 93.944604047923335, 24.800008568265685 ], [ 93.933286246006404, 24.751022115972589 ], [ 93.932971862619823, 24.750695539623969 ], [ 93.934229396166145, 24.746450047091901 ], [ 93.941145830670933, 24.719997362853629 ], [ 93.940831447284353, 24.719670786505009 ], [ 93.904362974440915, 24.699423052890531 ], [ 93.904677357827495, 24.674929826743984 ], [ 93.932657479233242, 24.664805959936743 ], [ 93.934858162939307, 24.649130295202951 ], [ 93.934858162939307, 24.648803718854332 ], [ 93.926055428115035, 24.653049211386399 ], [ 93.88864380511184, 24.61581950764365 ], [ 93.911593792332283, 24.611900591460202 ], [ 93.911279408945703, 24.610920862414339 ], [ 93.904677357827495, 24.5913262814971 ], [ 93.911593792332283, 24.573691158671586 ], [ 93.900590373801933, 24.554096577754351 ], [ 93.912536942492025, 24.555076306800213 ], [ 93.871981485623024, 24.551157390616765 ], [ 93.868837651757204, 24.526337588121596 ], [ 93.868837651757204, 24.526337588121596 ], [ 93.857834233226853, 24.529603351607804 ], [ 93.85594793290737, 24.545279016341592 ], [ 93.880784220447296, 24.558342070286418 ], [ 93.860349300319498, 24.566179902653314 ], [ 93.87166710223643, 24.597857808469513 ], [ 93.851860948881807, 24.574344311368829 ], [ 93.85028903194889, 24.583815025478827 ], [ 93.82891096166135, 24.594592044983308 ], [ 93.834884246006411, 24.610594286065719 ], [ 93.805960974440907, 24.617778965735372 ], [ 93.814134942492032, 24.642272191881919 ], [ 93.7993589233227, 24.660560467404675 ], [ 93.803760290734843, 24.676236132138467 ], [ 93.831426028754009, 24.685706846248465 ], [ 93.839285613418539, 24.667745147074328 ], [ 93.864750667731641, 24.658927585661573 ], [ 93.875439702875411, 24.665785688982606 ], [ 93.887386271565504, 24.698116747496048 ], [ 93.875439702875411, 24.702362240028116 ], [ 93.868523268370623, 24.738612214725006 ], [ 93.868523268370623, 24.739265367422245 ], [ 93.833941095846654, 24.721630244596732 ], [ 93.798101389776377, 24.740245096468108 ], [ 93.769806884984035, 24.735019874890178 ], [ 93.792756872204492, 24.765391475311898 ], [ 93.781753453674142, 24.804580637146373 ], [ 93.808476041533567, 24.835931966613952 ], [ 93.806904124600649, 24.864997261641189 ], [ 93.845887664536761, 24.929332802319454 ], [ 93.847773964856245, 24.95447918116324 ], [ 93.863493134185319, 24.960357555438414 ], [ 93.877954769968071, 24.986810239676682 ], [ 93.886443121405762, 24.98485078158496 ], [ 93.909078725239624, 24.974726914777719 ], [ 93.913165709265186, 24.971461151291514 ], [ 93.914108859424928, 24.970807998594271 ], [ 93.886757504792342, 24.939783245475311 ], [ 93.886443121405762, 24.939456669126692 ], [ 93.886757504792342, 24.939456669126692 ], [ 93.908449958466463, 24.929006225970831 ], [ 93.919767760383394, 24.962643589878756 ] ] ] } },
{ "type": "Feature", "properties": { "dt_code": "768", "district": "Kakching", "st_code": "14", "year": "2016_c", "st_nm": "Manipur", "state": "manipur" }, "geometry": { "type": "MultiPolygon", "coordinates": [ [ [ [ 93.915366392971265, 24.376439044104728 ], [ 93.915325291208845, 24.376803899484376 ], [ 93.915366392971265, 24.376765620453348 ], [ 93.915366392971265, 24.376439044104728 ] ] ], [ [ [ 93.912536942492025, 24.555076306800213 ], [ 93.921654060702892, 24.576956922157795 ], [ 93.954664316293943, 24.577936651203657 ], [ 93.960323217252409, 24.555402883148833 ], [ 94.011253325878613, 24.542666405552627 ], [ 94.016597843450498, 24.541360100158144 ], [ 94.021942361022383, 24.52372497733263 ], [ 94.023199894568705, 24.519806061149183 ], [ 94.020684827476046, 24.518826332103323 ], [ 94.021313594249222, 24.510988499736428 ], [ 94.013139626198097, 24.508375888947462 ], [ 94.018484143769982, 24.495639411351256 ], [ 94.020370444089465, 24.491393918819188 ], [ 94.020370444089465, 24.488454731681603 ], [ 94.014397159744419, 24.480290322966088 ], [ 94.020684827476046, 24.457429978562644 ], [ 94.020999210862627, 24.455797096819541 ], [ 94.021313594249222, 24.454817367773678 ], [ 94.026972495207687, 24.456776825865401 ], [ 94.047721798722051, 24.461348894746092 ], [ 94.043320431309922, 24.455797096819541 ], [ 94.037975913738038, 24.448938993498508 ], [ 94.015969076677337, 24.434896210507819 ], [ 94.015654693290742, 24.435549363205062 ], [ 94.011882092651774, 24.444693500966437 ], [ 93.995534156549539, 24.446326382709543 ], [ 94.008423875399373, 24.4456732300123 ], [ 93.993647856230041, 24.467553845369885 ], [ 93.977928686900967, 24.463308352837814 ], [ 93.982958821086271, 24.485188968195398 ], [ 93.967239651757197, 24.488128155332983 ], [ 93.967239651757197, 24.501191209277806 ], [ 93.967239651757197, 24.502497514672289 ], [ 93.966610884984036, 24.501191209277806 ], [ 93.960008833865828, 24.485188968195398 ], [ 93.954978699680524, 24.472452490599192 ], [ 93.96095198402557, 24.471472761553329 ], [ 93.961895134185312, 24.450898451590231 ], [ 93.938316380191708, 24.442734042874715 ], [ 93.955293083067104, 24.438161973994028 ], [ 93.954978699680524, 24.437835397645404 ], [ 93.932657479233242, 24.432283599718854 ], [ 93.949005415335478, 24.423792614654719 ], [ 93.9317143290735, 24.419547122122651 ], [ 93.925741044728454, 24.406484068177825 ], [ 93.923854744408956, 24.421506580214373 ], [ 93.921968444089472, 24.416607934985066 ], [ 93.921339677316311, 24.414321900544721 ], [ 93.919767760383394, 24.410076408012653 ], [ 93.917252693290749, 24.40909667896679 ], [ 93.911279408945703, 24.411056137058516 ], [ 93.911908175718864, 24.407137220875068 ], [ 93.915325291208845, 24.376803899484376 ], [ 93.906249274760398, 24.385256605517483 ], [ 93.910650642172541, 24.374479586013003 ], [ 93.901847907348255, 24.378725078545074 ], [ 93.901847907348255, 24.37839850219645 ], [ 93.895874623003209, 24.364682295554385 ], [ 93.897446539936112, 24.353905276049904 ], [ 93.892416405750808, 24.350966088912319 ], [ 93.900590373801933, 24.33071835529784 ], [ 93.889901338658163, 24.312756656123703 ], [ 93.889586955271582, 24.311776927077844 ], [ 93.898075306709273, 24.311450350729224 ], [ 93.900590373801933, 24.29446838060095 ], [ 93.879841070287554, 24.293815227903707 ], [ 93.893045172523969, 24.274220646986471 ], [ 93.883299287539955, 24.270954883500263 ], [ 93.890215722044744, 24.25789182955544 ], [ 93.901847907348255, 24.253972913371992 ], [ 93.889586955271582, 24.211517988051309 ], [ 93.898075306709273, 24.204333308381656 ], [ 93.875754086261992, 24.199108086803726 ], [ 93.862864367412158, 24.208252224565104 ], [ 93.879212303514393, 24.224581041996135 ], [ 93.876697236421734, 24.225887347390618 ], [ 93.858463, 24.234051756106133 ], [ 93.865065051118222, 24.256258947812334 ], [ 93.869780801916946, 24.272587765243369 ], [ 93.878897920127812, 24.281731903004744 ], [ 93.868208884984043, 24.28924315902302 ], [ 93.867894501597462, 24.28924315902302 ], [ 93.866008201277964, 24.292508922509224 ], [ 93.866008201277964, 24.292835498857848 ], [ 93.864436284345061, 24.313083232472327 ], [ 93.85343286581471, 24.313409808820946 ], [ 93.85343286581471, 24.328432320857495 ], [ 93.863493134185319, 24.333984118784045 ], [ 93.850917798722065, 24.343128256545423 ], [ 93.862864367412158, 24.354231852398524 ], [ 93.849345881789148, 24.354231852398524 ], [ 93.851546565495227, 24.379378231242313 ], [ 93.838971230031959, 24.409749831664033 ], [ 93.847459581469664, 24.415301629590584 ], [ 93.837713696485636, 24.426731801792304 ], [ 93.881412987220457, 24.488781308030223 ], [ 93.873553402555928, 24.498578598488844 ], [ 93.883613670926536, 24.508702465296082 ], [ 93.868523268370623, 24.524378130029874 ], [ 93.868837651757204, 24.526337588121596 ], [ 93.871981485623024, 24.551157390616765 ], [ 93.912536942492025, 24.555076306800213 ] ] ] ] } },
{ "type": "Feature", "properties": { "dt_code": "275", "district": "Bishnupur", "st_code": "14", "year": "2011_c", "st_nm": "Manipur", "state": "manipur" }, "geometry": { "type": "MultiPolygon", "coordinates": [ [ [ [ 93.769806884984035, 24.735019874890178 ], [ 93.798101389776377, 24.740245096468108 ], [ 93.833941095846654, 24.721630244596732 ], [ 93.868523268370623, 24.739265367422245 ], [ 93.868523268370623, 24.738612214725006 ], [ 93.875439702875411, 24.702362240028116 ], [ 93.887386271565504, 24.698116747496048 ], [ 93.875439702875411, 24.665785688982606 ], [ 93.864750667731641, 24.658927585661573 ], [ 93.839285613418539, 24.667745147074328 ], [ 93.831426028754009, 24.685706846248465 ], [ 93.803760290734843, 24.676236132138467 ], [ 93.7993589233227, 24.660560467404675 ], [ 93.814134942492032, 24.642272191881919 ], [ 93.805960974440907, 24.617778965735372 ], [ 93.834884246006411, 24.610594286065719 ], [ 93.82891096166135, 24.594592044983308 ], [ 93.85028903194889, 24.583815025478827 ], [ 93.851860948881807, 24.574344311368829 ], [ 93.87166710223643, 24.597857808469513 ], [ 93.860349300319498, 24.566179902653314 ], [ 93.880784220447296, 24.558342070286418 ], [ 93.85594793290737, 24.545279016341592 ], [ 93.857834233226853, 24.529603351607804 ], [ 93.868837651757204, 24.526337588121596 ], [ 93.868523268370623, 24.524378130029874 ], [ 93.883613670926536, 24.508702465296082 ], [ 93.873553402555928, 24.498578598488844 ], [ 93.881412987220457, 24.488781308030223 ], [ 93.837713696485636, 24.426731801792304 ], [ 93.847459581469664, 24.415301629590584 ], [ 93.838971230031959, 24.409749831664033 ], [ 93.851546565495227, 24.379378231242313 ], [ 93.849345881789148, 24.354231852398524 ], [ 93.862864367412158, 24.354231852398524 ], [ 93.850917798722065, 24.343128256545423 ], [ 93.863493134185319, 24.333984118784045 ], [ 93.85343286581471, 24.328432320857495 ], [ 93.85343286581471, 24.313409808820946 ], [ 93.864436284345061, 24.313083232472327 ], [ 93.866008201277964, 24.292835498857848 ], [ 93.861292450479255, 24.301326483921983 ], [ 93.86097806709266, 24.301653060270603 ], [ 93.856576699680531, 24.309164316288879 ], [ 93.851232182108646, 24.306551705499913 ], [ 93.847773964856245, 24.308511163591636 ], [ 93.850917798722065, 24.313409808820946 ], [ 93.837084929712475, 24.313736385169566 ], [ 93.836141779552733, 24.32516655737129 ], [ 93.845887664536761, 24.326146286417149 ], [ 93.835198629392991, 24.335290424178528 ], [ 93.847459581469664, 24.338882764013356 ], [ 93.838656846645378, 24.342475103848184 ], [ 93.837713696485636, 24.362722837462663 ], [ 93.82073699361024, 24.360110226673697 ], [ 93.820422610223659, 24.349006630820593 ], [ 93.812877408945695, 24.358803921279215 ], [ 93.809419191693308, 24.342801680196803 ], [ 93.80753289137381, 24.362396261114039 ], [ 93.779552769968063, 24.358803921279215 ], [ 93.78866988817893, 24.373499856967143 ], [ 93.767606201277971, 24.379378231242313 ], [ 93.772007568690114, 24.390155250746794 ], [ 93.779552769968063, 24.378725078545074 ], [ 93.781753453674142, 24.386236334563346 ], [ 93.786154821086271, 24.376765620453348 ], [ 93.805960974440907, 24.376439044104728 ], [ 93.812248642172534, 24.392114708838516 ], [ 93.783010987220464, 24.402565151994377 ], [ 93.800930840255603, 24.431630447021615 ], [ 93.782067837060723, 24.429344412581269 ], [ 93.787412354632608, 24.417587664030926 ], [ 93.773265102236437, 24.416281358636443 ], [ 93.773265102236437, 24.401911999297138 ], [ 93.746542514377012, 24.408443526269551 ], [ 93.737425396166145, 24.397339930416447 ], [ 93.725793210862633, 24.414648476893341 ], [ 93.716361709265186, 24.40321830469162 ], [ 93.698441856230048, 24.399952541205412 ], [ 93.698127472843467, 24.412362442452995 ], [ 93.697813089456886, 24.424772343700582 ], [ 93.720448693290749, 24.466900692672642 ], [ 93.729880194888196, 24.484862391846775 ], [ 93.732395261980841, 24.562260986469866 ], [ 93.725164444089472, 24.571405124231244 ], [ 93.73459594568692, 24.597204655772273 ], [ 93.738682929712482, 24.608961404322617 ], [ 93.734281562300339, 24.612227167808822 ], [ 93.734281562300339, 24.617778965735372 ], [ 93.736796629392984, 24.624963645405025 ], [ 93.741826763578288, 24.625290221753648 ], [ 93.74276991373803, 24.633781206817783 ], [ 93.749371964856252, 24.681787930065017 ], [ 93.768234968051132, 24.692891525918117 ], [ 93.769806884984035, 24.735019874890178 ] ] ], [ [ [ 93.868208884984043, 24.28924315902302 ], [ 93.878897920127812, 24.281731903004744 ], [ 93.869780801916946, 24.272587765243369 ], [ 93.872610252396186, 24.281078750307504 ], [ 93.868208884984043, 24.28924315902302 ] ] ] ] } },
{ "type": "Feature", "properties": { "dt_code": "280", "district": "Chandel", "st_code": "14", "year": "2011_c", "st_nm": "Manipur", "state": "manipur" }, "geometry": { "type": "Polygon", "coordinates": [ [ [ 93.875754086261992, 24.199108086803726 ], [ 93.898075306709273, 24.204333308381656 ], [ 93.889586955271582, 24.211517988051309 ], [ 93.901847907348255, 24.253972913371992 ], [ 93.890215722044744, 24.25789182955544 ], [ 93.883299287539955, 24.270954883500263 ], [ 93.893045172523969, 24.274220646986471 ], [ 93.879841070287554, 24.293815227903707 ], [ 93.900590373801933, 24.29446838060095 ], [ 93.898075306709273, 24.311450350729224 ], [ 93.889586955271582, 24.311776927077844 ], [ 93.889901338658163, 24.312756656123703 ], [ 93.900590373801933, 24.33071835529784 ], [ 93.892416405750808, 24.350966088912319 ], [ 93.897446539936112, 24.353905276049904 ], [ 93.895874623003209, 24.364682295554385 ], [ 93.901847907348255, 24.37839850219645 ], [ 93.901847907348255, 24.378725078545074 ], [ 93.910650642172541, 24.374479586013003 ], [ 93.906249274760398, 24.385256605517483 ], [ 93.915325291208845, 24.376803899484376 ], [ 93.911908175718864, 24.407137220875068 ], [ 93.911279408945703, 24.411056137058516 ], [ 93.917252693290749, 24.40909667896679 ], [ 93.919767760383394, 24.410076408012653 ], [ 93.921339677316311, 24.414321900544721 ], [ 93.921968444089472, 24.416607934985066 ], [ 93.923854744408956, 24.421506580214373 ], [ 93.925741044728454, 24.406484068177825 ], [ 93.9317143290735, 24.419547122122651 ], [ 93.949005415335478, 24.423792614654719 ], [ 93.932657479233242, 24.432283599718854 ], [ 93.954978699680524, 24.437835397645404 ], [ 93.955293083067104, 24.438161973994028 ], [ 93.938316380191708, 24.442734042874715 ], [ 93.961895134185312, 24.450898451590231 ], [ 93.96095198402557, 24.471472761553329 ], [ 93.954978699680524, 24.472452490599192 ], [ 93.960008833865828, 24.485188968195398 ], [ 93.966610884984036, 24.501191209277806 ], [ 93.967239651757197, 24.502497514672289 ], [ 93.967239651757197, 24.501191209277806 ], [ 93.967239651757197, 24.488128155332983 ], [ 93.982958821086271, 24.485188968195398 ], [ 93.977928686900967, 24.463308352837814 ], [ 93.993647856230041, 24.467553845369885 ], [ 94.008423875399373, 24.4456732300123 ], [ 93.995534156549539, 24.446326382709543 ], [ 94.011882092651774, 24.444693500966437 ], [ 94.015654693290742, 24.435549363205062 ], [ 94.015969076677337, 24.434896210507819 ], [ 94.037975913738038, 24.448938993498508 ], [ 94.059039600638997, 24.424772343700582 ], [ 94.098966290734836, 24.419873698471271 ], [ 94.11154162619809, 24.397339930416447 ], [ 94.147695715654962, 24.382643994728518 ], [ 94.153354616613427, 24.300999907573363 ], [ 94.202712808306728, 24.266709390968195 ], [ 94.211201159744419, 24.245155351959234 ], [ 94.196425140575087, 24.133792817079598 ], [ 94.252385383386596, 24.114198236162363 ], [ 94.25458606709266, 24.08252033034616 ], [ 94.239495664536747, 24.052801882621683 ], [ 94.227863479233235, 24.056720798805131 ], [ 94.237294980830683, 24.035166759796169 ], [ 94.188251172523977, 23.959727623264804 ], [ 94.18982308945688, 23.933601515375155 ], [ 94.169702552715663, 23.928376293797225 ], [ 94.156498450479248, 23.848365088385169 ], [ 94.144866265175736, 23.849997970128275 ], [ 94.143923115015994, 23.835628610788966 ], [ 94.133862846645386, 23.833016 ], [ 94.116571760383394, 23.838567797926551 ], [ 94.09613684025561, 23.88951370831137 ], [ 94.048979332268388, 23.887554250219647 ], [ 94.040490980830683, 23.910741170971711 ], [ 94.016597843450498, 23.927069988402742 ], [ 93.975099236421741, 23.924457377613777 ], [ 93.944289664536754, 23.946011416622738 ], [ 93.893673939297145, 23.953196096292391 ], [ 93.859091766773176, 23.931968633632053 ], [ 93.807847274760405, 23.927069988402742 ], [ 93.772007568690114, 23.969198337374802 ], [ 93.759117849840266, 24.00348885397997 ], [ 93.740883613418546, 24.006428041117555 ], [ 93.740569230031966, 24.007407770163418 ], [ 93.774208252396178, 24.095583384290986 ], [ 93.774522635782759, 24.096889689685469 ], [ 93.775780169329096, 24.099828876823054 ], [ 93.775780169329096, 24.106033827446847 ], [ 93.780495920127805, 24.137058580565807 ], [ 93.788984271565511, 24.144569836584083 ], [ 93.815078092651774, 24.167103604638903 ], [ 93.836141779552733, 24.1860450328589 ], [ 93.850917798722065, 24.213804022491654 ], [ 93.861292450479255, 24.206619342822002 ], [ 93.861921217252416, 24.207272495519241 ], [ 93.862864367412158, 24.208252224565104 ], [ 93.875754086261992, 24.199108086803726 ] ], [ [ 93.915366392971265, 24.376439044104728 ], [ 93.915366392971265, 24.376765620453348 ], [ 93.915325291208845, 24.376803899484376 ], [ 93.915366392971265, 24.376439044104728 ] ] ] } },
{ "type": "Feature", "properties": { "dt_code": "274", "district": "Churachandpur", "st_code": "14", "year": "2011_c", "st_nm": "Manipur", "state": "manipur" }, "geometry": { "type": "GeometryCollection", "geometries": [ { "type": "Polygon", "coordinates": [ [ [ 93.861921217252416, 24.207272495519241 ], [ 93.861292450479255, 24.206619342822002 ], [ 93.850917798722065, 24.213804022491654 ], [ 93.836141779552733, 24.1860450328589 ], [ 93.815078092651774, 24.167103604638903 ], [ 93.788984271565511, 24.144569836584083 ], [ 93.780495920127805, 24.137058580565807 ], [ 93.775780169329096, 24.106033827446847 ], [ 93.775780169329096, 24.099828876823054 ], [ 93.774522635782759, 24.096889689685469 ], [ 93.774208252396178, 24.095583384290986 ], [ 93.740569230031966, 24.007407770163418 ], [ 93.740883613418546, 24.006428041117555 ], [ 93.741826763578288, 23.997283903356177 ], [ 93.623932993610239, 24.011326686346862 ], [ 93.608842591054326, 23.971810948163768 ], [ 93.591551504792349, 23.960707352310667 ], [ 93.55948439936104, 23.981934814971009 ], [ 93.550367281150173, 23.959401046916184 ], [ 93.505096073482449, 23.94241907678791 ], [ 93.461711166134208, 23.976383017044459 ], [ 93.463597466453692, 23.993691563521349 ], [ 93.433102277955285, 24.024389740291689 ], [ 93.416439958466469, 24.071743310841679 ], [ 93.377456418530372, 24.088398704621333 ], [ 93.39506188817893, 24.18506530381304 ], [ 93.478373485623024, 24.249400844491301 ], [ 93.491263204472858, 24.365662024600248 ], [ 93.365509849840279, 24.383623723774381 ], [ 93.350105063897786, 24.400605693902655 ], [ 93.361422865814717, 24.447306111755402 ], [ 93.38437285303516, 24.465267810929539 ], [ 93.392232437699704, 24.497925445791601 ], [ 93.408580373801939, 24.510988499736428 ], [ 93.38437285303516, 24.528297046213321 ], [ 93.388145453674142, 24.568139360745036 ], [ 93.396319421725252, 24.573691158671586 ], [ 93.39820572204475, 24.574997464066069 ], [ 93.448821447284359, 24.540706947460905 ], [ 93.47082828434506, 24.57401773502021 ], [ 93.489691287539955, 24.555076306800213 ], [ 93.512012507987237, 24.565853326304694 ], [ 93.531504277955293, 24.556709188543316 ], [ 93.539363862619822, 24.576303769460552 ], [ 93.567972750798745, 24.592959163240206 ], [ 93.595638488817912, 24.566179902653314 ], [ 93.628019977635802, 24.606675369882272 ], [ 93.649083664536761, 24.592632586891582 ], [ 93.661973383386595, 24.607981675276754 ], [ 93.697813089456886, 24.613206896854685 ], [ 93.714789792332283, 24.605695640836409 ], [ 93.722649376996827, 24.62104472922158 ], [ 93.734281562300339, 24.617452389386752 ], [ 93.734281562300339, 24.612227167808822 ], [ 93.738682929712482, 24.608961404322617 ], [ 93.73459594568692, 24.597204655772273 ], [ 93.725164444089472, 24.571405124231244 ], [ 93.732395261980841, 24.562260986469866 ], [ 93.729880194888196, 24.484862391846775 ], [ 93.720448693290749, 24.466900692672642 ], [ 93.697813089456886, 24.424772343700582 ], [ 93.698127472843467, 24.412362442452995 ], [ 93.698441856230048, 24.399952541205412 ], [ 93.716361709265186, 24.40321830469162 ], [ 93.725793210862633, 24.414648476893341 ], [ 93.737425396166145, 24.397339930416447 ], [ 93.746542514377012, 24.408443526269551 ], [ 93.773265102236437, 24.401911999297138 ], [ 93.773265102236437, 24.416281358636443 ], [ 93.787412354632608, 24.417587664030926 ], [ 93.782067837060723, 24.429344412581269 ], [ 93.800930840255603, 24.431630447021615 ], [ 93.783010987220464, 24.402565151994377 ], [ 93.812248642172534, 24.392114708838516 ], [ 93.805960974440907, 24.376439044104728 ], [ 93.786154821086271, 24.376765620453348 ], [ 93.781753453674142, 24.386236334563346 ], [ 93.779552769968063, 24.378725078545074 ], [ 93.772007568690114, 24.390155250746794 ], [ 93.767606201277971, 24.379378231242313 ], [ 93.78866988817893, 24.373499856967143 ], [ 93.779552769968063, 24.358803921279215 ], [ 93.80753289137381, 24.362396261114039 ], [ 93.809419191693308, 24.342801680196803 ], [ 93.812877408945695, 24.358803921279215 ], [ 93.820422610223659, 24.349006630820593 ], [ 93.82073699361024, 24.360110226673697 ], [ 93.837713696485636, 24.362722837462663 ], [ 93.838656846645378, 24.342475103848184 ], [ 93.847459581469664, 24.338882764013356 ], [ 93.835198629392991, 24.335290424178528 ], [ 93.845887664536761, 24.326146286417149 ], [ 93.836141779552733, 24.32516655737129 ], [ 93.837084929712475, 24.313736385169566 ], [ 93.850917798722065, 24.313409808820946 ], [ 93.847773964856245, 24.308511163591636 ], [ 93.851232182108646, 24.306551705499913 ], [ 93.856576699680531, 24.309164316288879 ], [ 93.86097806709266, 24.301653060270603 ], [ 93.861292450479255, 24.301326483921983 ], [ 93.866008201277964, 24.292835498857848 ], [ 93.866008201277964, 24.292508922509224 ], [ 93.867894501597462, 24.28924315902302 ], [ 93.868208884984043, 24.28924315902302 ], [ 93.872610252396186, 24.281078750307504 ], [ 93.869780801916946, 24.272587765243369 ], [ 93.865065051118222, 24.256258947812334 ], [ 93.858463, 24.234051756106133 ], [ 93.876697236421734, 24.225887347390618 ], [ 93.879212303514393, 24.224581041996135 ], [ 93.862864367412158, 24.208252224565104 ], [ 93.861921217252416, 24.207272495519241 ] ] ] }, { "type": "LineString", "coordinates": [ [ 93.734281562300339, 24.617452389386752 ], [ 93.734281562300339, 24.617778965735372 ] ] } ] } },
{ "type": "Feature", "properties": { "dt_code": "278", "district": "Imphal East", "st_code": "14", "year": "2011_c", "st_nm": "Manipur", "state": "manipur" }, "geometry": { "type": "Polygon", "coordinates": [ [ [ 93.940831447284353, 24.719670786505009 ], [ 93.941145830670933, 24.719997362853629 ], [ 93.934229396166145, 24.746450047091901 ], [ 93.932971862619823, 24.750695539623969 ], [ 93.933286246006404, 24.751022115972589 ], [ 93.944604047923335, 24.800008568265685 ], [ 93.933600629392984, 24.80849955332982 ], [ 93.932971862619823, 24.80882612967844 ], [ 93.946175964856238, 24.831033321384645 ], [ 93.919138993610233, 24.851607631347743 ], [ 93.923225977635795, 24.858465734668776 ], [ 93.89901845686903, 24.858792311017396 ], [ 93.919138993610233, 24.880019773677738 ], [ 93.905620507987237, 24.88165265542084 ], [ 93.896817773162951, 24.907778763310493 ], [ 93.915366392971265, 24.910717950448078 ], [ 93.911908175718864, 24.899940930943597 ], [ 93.933915012779565, 24.898961201897734 ], [ 93.94994856549522, 24.897981472851871 ], [ 93.96095198402557, 24.914636866631525 ], [ 93.947119115015994, 24.918882359163593 ], [ 93.963152667731649, 24.926393615181865 ], [ 93.951834865814718, 24.937823787383589 ], [ 93.951834865814718, 24.937823787383589 ], [ 93.960323217252409, 24.938150363732209 ], [ 93.968497185303534, 24.93749721103497 ], [ 93.976985536741225, 24.914963442980145 ], [ 93.984216354632608, 24.92345442804428 ], [ 93.98515950479235, 24.924760733438763 ], [ 93.981386904153368, 24.947294501493587 ], [ 93.953721166134201, 24.951213417677035 ], [ 93.953406782747621, 24.964929624319101 ], [ 93.991447172523976, 24.95415260481462 ], [ 93.982015670926529, 24.969175116851169 ], [ 93.995219773162958, 24.968521964153929 ], [ 94.001193057508004, 24.950560264979792 ], [ 94.012510859424935, 24.955785486557723 ], [ 94.013768392971258, 24.956438639254966 ], [ 94.020684827476046, 24.998566988227026 ], [ 93.997734840255603, 24.994321495694958 ], [ 94.019427293929724, 25.004445362502196 ], [ 94.016283460063917, 25.044940829731154 ], [ 94.026658111821106, 25.053431814795292 ], [ 94.027915645367429, 25.023386790722192 ], [ 94.047721798722051, 25.013589500263574 ], [ 94.030116329073493, 25.011630042171852 ], [ 94.029173178913751, 24.999546717272889 ], [ 94.040490980830683, 25.004771938850819 ], [ 94.04992248242813, 24.994974648392198 ], [ 94.033260162939314, 24.992688613951856 ], [ 94.031059479233235, 24.985830510630823 ], [ 94.046778648562309, 24.981911594447375 ], [ 94.030116329073493, 24.976033220172202 ], [ 94.027915645367429, 24.963949895273238 ], [ 94.041748514377005, 24.969501693199788 ], [ 94.039862214057521, 24.952519723071518 ], [ 94.055895766773176, 24.950233688631172 ], [ 94.044892348242826, 24.94304900896152 ], [ 94.059039600638997, 24.936844058337726 ], [ 94.056210150159757, 24.880999502723601 ], [ 94.084819038338665, 24.886551300650151 ], [ 94.089534789137389, 24.901247236338079 ], [ 94.120029977635795, 24.919862088209456 ], [ 94.121287511182118, 24.935537752943244 ], [ 94.134491613418547, 24.919208935512213 ], [ 94.1065114920128, 24.878386891934635 ], [ 94.10085259105432, 24.852913936742226 ], [ 94.085762188498421, 24.848668444210158 ], [ 94.099280674121417, 24.823195489017749 ], [ 94.085762188498421, 24.819276572834301 ], [ 94.067842335463268, 24.745143741697419 ], [ 94.054638233226854, 24.740245096468108 ], [ 94.059668367412158, 24.728161771569145 ], [ 94.052751932907356, 24.723263126339837 ], [ 94.04992248242813, 24.721303668248112 ], [ 94.0606115175719, 24.719670786505009 ], [ 94.052751932907356, 24.69387125496398 ], [ 94.065327268370623, 24.705954579862944 ], [ 94.07947452076678, 24.689952338780532 ], [ 94.032631396166153, 24.668724876120191 ], [ 94.025086194888189, 24.674929826743984 ], [ 94.010624559105452, 24.651089753294677 ], [ 94.001821824281166, 24.686686575294324 ], [ 93.973841702875418, 24.666112265331225 ], [ 93.957808150159764, 24.670357757863293 ], [ 93.95309239936104, 24.684400540853982 ], [ 93.962523900958487, 24.692891525918117 ], [ 93.945547198083077, 24.709873496046391 ], [ 93.942717747603851, 24.71934421015639 ], [ 93.94208898083069, 24.720323939202249 ], [ 93.940831447284353, 24.719670786505009 ] ] ] } },
{ "type": "Feature", "properties": { "dt_code": "766", "district": "Jiribam", "st_code": "14", "year": "2016_c", "st_nm": "Manipur", "state": "manipur" }, "geometry": { "type": "Polygon", "coordinates": [ [ [ 93.176565434504809, 24.794783346687755 ], [ 93.175622284345067, 24.794130193990512 ], [ 93.177822968051132, 24.792497312247409 ], [ 93.232211293929737, 24.752654997715691 ], [ 93.222151025559128, 24.721956820945355 ], [ 93.200772955271589, 24.704321698119838 ], [ 93.200458571885008, 24.703995121771218 ], [ 93.209575690095861, 24.701382510982253 ], [ 93.216177741214082, 24.699423052890531 ], [ 93.216177741214082, 24.699423052890531 ], [ 93.215234591054326, 24.697137018450185 ], [ 93.208946923322699, 24.68864603338605 ], [ 93.204231172523976, 24.674603250395361 ], [ 93.218692808306727, 24.671664063257776 ], [ 93.213348290734842, 24.667091994377088 ], [ 93.208003773162957, 24.662193349147778 ], [ 93.207689389776377, 24.662193349147778 ], [ 93.221836642172548, 24.639006428395714 ], [ 93.209575690095861, 24.62724967984537 ], [ 93.217120891373824, 24.593612315937445 ], [ 93.202659255591072, 24.586101059919173 ], [ 93.205488706070312, 24.569119089790899 ], [ 93.19071268690098, 24.570098818836762 ], [ 93.190398303514399, 24.570098818836762 ], [ 93.196685971246026, 24.563567291864349 ], [ 93.17719420127797, 24.536134878580214 ], [ 93.122805875399379, 24.554096577754351 ], [ 93.087594936102263, 24.572384853277104 ], [ 93.103942872204499, 24.58512133087331 ], [ 93.071247, 24.599817266561239 ], [ 93.084136718849862, 24.613533473203304 ], [ 93.075648367412157, 24.624637069056405 ], [ 93.086966169329088, 24.629535714285716 ], [ 93.08287918530354, 24.650110024248814 ], [ 93.095140137380213, 24.653049211386399 ], [ 93.103942872204499, 24.675582979441224 ], [ 93.090110003194908, 24.677542437532949 ], [ 93.073447683706092, 24.707914037954666 ], [ 93.086651785942507, 24.709546919697768 ], [ 93.107401089456886, 24.741224825513971 ], [ 93.097969587859438, 24.746776623440521 ], [ 93.100170271565517, 24.779434258302583 ], [ 93.109287389776384, 24.811438740467405 ], [ 93.121233958466476, 24.819276572834301 ], [ 93.118090124600656, 24.808172976981201 ], [ 93.138210661341873, 24.810132435072923 ], [ 93.148585313099062, 24.787598667018099 ], [ 93.173107217252422, 24.801968026357407 ], [ 93.176565434504809, 24.794783346687755 ] ] ] } },
{ "type": "Feature", "properties": { "dt_code": "767", "district": "Kangpokpi", "st_code": "14", "year": "2016_c", "st_nm": "Manipur", "state": "manipur" }, "geometry": { "type": "Polygon", "coordinates": [ [ [ 94.166873102236437, 24.927046767879109 ], [ 94.156184067092667, 24.883938689861186 ], [ 94.13920736421727, 24.87022248321912 ], [ 94.14675256549522, 24.829727015990162 ], [ 94.132919696485629, 24.802621179054647 ], [ 94.16058543450481, 24.794783346687755 ], [ 94.17913405431311, 24.76735093340362 ], [ 94.172217619808322, 24.733713569495695 ], [ 94.187622405750815, 24.715751870321562 ], [ 94.182592271565511, 24.671664063257776 ], [ 94.197053907348248, 24.655008669478125 ], [ 94.200197741214069, 24.625290221753648 ], [ 94.172217619808322, 24.632148325074681 ], [ 94.170331319488824, 24.632474901423301 ], [ 94.168130635782759, 24.633128054120544 ], [ 94.135120380191708, 24.61581950764365 ], [ 94.120029977635795, 24.625943374450888 ], [ 94.109655325878606, 24.63280147777192 ], [ 94.096765607028772, 24.664479383588123 ], [ 94.095193690095854, 24.668398299771571 ], [ 94.094879306709274, 24.668724876120191 ], [ 94.114999843450491, 24.676889284835706 ], [ 94.117829293929731, 24.68897260973467 ], [ 94.141722431309915, 24.689625762431909 ], [ 94.117200527156569, 24.69974962923915 ], [ 94.127575178913744, 24.73012122966087 ], [ 94.116257376996813, 24.709546919697768 ], [ 94.098023140575094, 24.715425293972942 ], [ 94.10368204153356, 24.709873496046391 ], [ 94.090477939297131, 24.691911796872255 ], [ 94.080103287539956, 24.68897260973467 ], [ 94.07947452076678, 24.689952338780532 ], [ 94.065327268370623, 24.705954579862944 ], [ 94.052751932907356, 24.69387125496398 ], [ 94.0606115175719, 24.719670786505009 ], [ 94.04992248242813, 24.721303668248112 ], [ 94.052751932907356, 24.723263126339837 ], [ 94.059668367412158, 24.728161771569145 ], [ 94.054638233226854, 24.740245096468108 ], [ 94.067842335463268, 24.745143741697419 ], [ 94.085762188498421, 24.819276572834301 ], [ 94.099280674121417, 24.823195489017749 ], [ 94.085762188498421, 24.848668444210158 ], [ 94.10085259105432, 24.852913936742226 ], [ 94.1065114920128, 24.878386891934635 ], [ 94.134491613418547, 24.919208935512213 ], [ 94.121287511182118, 24.935537752943244 ], [ 94.120029977635795, 24.919862088209456 ], [ 94.089534789137389, 24.901247236338079 ], [ 94.084819038338665, 24.886551300650151 ], [ 94.056210150159757, 24.880999502723601 ], [ 94.059039600638997, 24.936844058337726 ], [ 94.044892348242826, 24.94304900896152 ], [ 94.055895766773176, 24.950233688631172 ], [ 94.039862214057521, 24.952519723071518 ], [ 94.041748514377005, 24.969501693199788 ], [ 94.027915645367429, 24.963949895273238 ], [ 94.030116329073493, 24.976033220172202 ], [ 94.046778648562309, 24.981911594447375 ], [ 94.031059479233235, 24.985830510630823 ], [ 94.033260162939314, 24.992688613951856 ], [ 94.04992248242813, 24.994974648392198 ], [ 94.040490980830683, 25.004771938850819 ], [ 94.029173178913751, 24.999546717272889 ], [ 94.030116329073493, 25.011630042171852 ], [ 94.047721798722051, 25.013589500263574 ], [ 94.027915645367429, 25.023386790722192 ], [ 94.026658111821106, 25.053431814795292 ], [ 94.016283460063917, 25.044940829731154 ], [ 94.019427293929724, 25.004445362502196 ], [ 93.997734840255603, 24.994321495694958 ], [ 94.020684827476046, 24.998566988227026 ], [ 94.013768392971258, 24.956438639254966 ], [ 94.012510859424935, 24.955785486557723 ], [ 94.001193057508004, 24.950560264979792 ], [ 93.995219773162958, 24.968521964153929 ], [ 93.982015670926529, 24.969175116851169 ], [ 93.991447172523976, 24.95415260481462 ], [ 93.953406782747621, 24.964929624319101 ], [ 93.953721166134201, 24.951213417677035 ], [ 93.981386904153368, 24.947294501493587 ], [ 93.98515950479235, 24.924760733438763 ], [ 93.984216354632608, 24.92345442804428 ], [ 93.976985536741225, 24.914963442980145 ], [ 93.968497185303534, 24.93749721103497 ], [ 93.960323217252409, 24.938150363732209 ], [ 93.951834865814718, 24.937823787383589 ], [ 93.951834865814718, 24.937823787383589 ], [ 93.963152667731649, 24.926393615181865 ], [ 93.947119115015994, 24.918882359163593 ], [ 93.96095198402557, 24.914636866631525 ], [ 93.94994856549522, 24.897981472851871 ], [ 93.933915012779565, 24.898961201897734 ], [ 93.911908175718864, 24.899940930943597 ], [ 93.915366392971265, 24.910717950448078 ], [ 93.915995159744426, 24.913657137585663 ], [ 93.932028712460081, 24.967868811456686 ], [ 93.919767760383394, 24.962643589878756 ], [ 93.908449958466463, 24.929006225970831 ], [ 93.886757504792342, 24.939456669126692 ], [ 93.886443121405762, 24.939456669126692 ], [ 93.886757504792342, 24.939783245475311 ], [ 93.914108859424928, 24.970807998594271 ], [ 93.913165709265186, 24.971461151291514 ], [ 93.909078725239624, 24.974726914777719 ], [ 93.886443121405762, 24.98485078158496 ], [ 93.877954769968071, 24.986810239676682 ], [ 93.863493134185319, 24.960357555438414 ], [ 93.847773964856245, 24.95447918116324 ], [ 93.845887664536761, 24.929332802319454 ], [ 93.806904124600649, 24.864997261641189 ], [ 93.808476041533567, 24.835931966613952 ], [ 93.781753453674142, 24.804580637146373 ], [ 93.792756872204492, 24.765391475311898 ], [ 93.769806884984035, 24.735019874890178 ], [ 93.768234968051132, 24.692891525918117 ], [ 93.749371964856252, 24.681787930065017 ], [ 93.74276991373803, 24.633781206817783 ], [ 93.741826763578288, 24.625290221753648 ], [ 93.736796629392984, 24.624963645405025 ], [ 93.736796629392984, 24.624963645405025 ], [ 93.729251428115035, 24.624310492707785 ], [ 93.708187741214076, 24.644884802670884 ], [ 93.732709645367422, 24.66382623089088 ], [ 93.72390691054315, 24.691911796872255 ], [ 93.738682929712482, 24.704321698119838 ], [ 93.726421977635795, 24.747103199789141 ], [ 93.743713063897772, 24.764738322614654 ], [ 93.749057581469657, 24.791191006852927 ], [ 93.757545932907362, 24.791844159550166 ], [ 93.757545932907362, 24.79217073589879 ], [ 93.757231549520782, 24.79217073589879 ], [ 93.750315115015994, 24.800008568265685 ], [ 93.743713063897772, 24.807519824283958 ], [ 93.743713063897772, 24.808172976981201 ], [ 93.771064418530372, 24.848015291512915 ], [ 93.772007568690114, 24.849321596907398 ], [ 93.772007568690114, 24.849648173256018 ], [ 93.758803466453685, 24.907452186961869 ], [ 93.79967330670928, 24.957418368300829 ], [ 93.790556188498414, 25.016528687401159 ], [ 93.816021242811516, 25.023060214373572 ], [ 93.816964392971258, 25.023386790722192 ], [ 93.813820559105451, 25.029591741345985 ], [ 93.79652947284346, 25.082497109822526 ], [ 93.796843856230041, 25.101111961693903 ], [ 93.772636335463275, 25.154017330170447 ], [ 93.792442488817912, 25.167406960463893 ], [ 93.826081511182124, 25.222271787032156 ], [ 93.853747249201291, 25.228803314004569 ], [ 93.902791057507997, 25.272237968371112 ], [ 93.926055428115035, 25.270605086628009 ], [ 93.942717747603851, 25.279422648040768 ], [ 93.953721166134201, 25.285301022315938 ], [ 93.955607466453685, 25.286280751361801 ], [ 93.954349932907363, 25.287587056756283 ], [ 93.919138993610233, 25.327755947636621 ], [ 93.887700654952084, 25.335267203654894 ], [ 93.903419824281158, 25.370864025654544 ], [ 93.913480092651767, 25.38458023229661 ], [ 93.922597210862634, 25.389152301177297 ], [ 93.92071091054315, 25.394377522755228 ], [ 93.921339677316311, 25.395357251801091 ], [ 93.960323217252409, 25.391438335617643 ], [ 93.987674571884995, 25.374782941837992 ], [ 93.991761555910557, 25.347350528553857 ], [ 93.970697869009598, 25.292485701985591 ], [ 94.017226610223659, 25.253296540151116 ], [ 93.997420456869023, 25.192226762959059 ], [ 94.072872469648573, 25.170346147601478 ], [ 94.193281306709281, 25.186674965032509 ], [ 94.214030610223659, 25.175244792830785 ], [ 94.179448437699691, 25.167733536812513 ], [ 94.16058543450481, 25.142587157968723 ], [ 94.164672418530358, 25.133116443858725 ], [ 94.149267632587879, 25.134422749253208 ], [ 94.132290929712468, 25.118747084519416 ], [ 94.131976546325888, 25.118420508170797 ], [ 94.12223066134186, 25.085436296960115 ], [ 94.11751491054315, 25.070087208574943 ], [ 94.11751491054315, 25.069760632226323 ], [ 94.148638865814704, 25.035143539272536 ], [ 94.145180648562317, 24.998893564575646 ], [ 94.145180648562317, 24.998893564575646 ], [ 94.145180648562317, 24.998566988227026 ], [ 94.171588853035161, 24.93749721103497 ], [ 94.170331319488824, 24.934231447548761 ], [ 94.166873102236437, 24.927046767879109 ] ] ] } },
{ "type": "Feature", "properties": { "dt_code": "276", "district": "Thoubal", "st_code": "14", "year": "2011_c", "st_nm": "Manipur", "state": "manipur" }, "geometry": { "type": "Polygon", "coordinates": [ [ [ 93.912536942492025, 24.555076306800213 ], [ 93.900590373801933, 24.554096577754351 ], [ 93.911593792332283, 24.573691158671586 ], [ 93.904677357827495, 24.5913262814971 ], [ 93.911279408945703, 24.610920862414339 ], [ 93.911593792332283, 24.611900591460202 ], [ 93.88864380511184, 24.61581950764365 ], [ 93.926055428115035, 24.653049211386399 ], [ 93.934858162939307, 24.648803718854332 ], [ 93.934858162939307, 24.649130295202951 ], [ 93.932657479233242, 24.664805959936743 ], [ 93.904677357827495, 24.674929826743984 ], [ 93.904362974440915, 24.699423052890531 ], [ 93.940831447284353, 24.719670786505009 ], [ 93.94208898083069, 24.720323939202249 ], [ 93.942717747603851, 24.71934421015639 ], [ 93.945547198083077, 24.709873496046391 ], [ 93.962523900958487, 24.692891525918117 ], [ 93.95309239936104, 24.684400540853982 ], [ 93.957808150159764, 24.670357757863293 ], [ 93.973841702875418, 24.666112265331225 ], [ 94.001821824281166, 24.686686575294324 ], [ 94.010624559105452, 24.651089753294677 ], [ 94.025086194888189, 24.674929826743984 ], [ 94.032631396166153, 24.668724876120191 ], [ 94.07947452076678, 24.689952338780532 ], [ 94.080103287539956, 24.68897260973467 ], [ 94.090477939297131, 24.691911796872255 ], [ 94.10368204153356, 24.709873496046391 ], [ 94.098023140575094, 24.715425293972942 ], [ 94.116257376996813, 24.709546919697768 ], [ 94.127575178913744, 24.73012122966087 ], [ 94.117200527156569, 24.69974962923915 ], [ 94.141722431309915, 24.689625762431909 ], [ 94.117829293929731, 24.68897260973467 ], [ 94.114999843450491, 24.676889284835706 ], [ 94.094879306709274, 24.668724876120191 ], [ 94.095193690095854, 24.668398299771571 ], [ 94.096765607028772, 24.664479383588123 ], [ 94.109655325878606, 24.63280147777192 ], [ 94.120029977635795, 24.625943374450888 ], [ 94.124116961661358, 24.619085271129855 ], [ 94.112170392971265, 24.612553744157442 ], [ 94.09613684025561, 24.610920862414339 ], [ 94.087962872204486, 24.599817266561239 ], [ 94.099280674121417, 24.599817266561239 ], [ 94.088591638977647, 24.595245197680548 ], [ 94.092364239616629, 24.583488449130208 ], [ 94.103367658146979, 24.577610074855034 ], [ 94.098966290734836, 24.567812784396416 ], [ 94.11154162619809, 24.574344311368829 ], [ 94.1065114920128, 24.567486208047796 ], [ 94.114056693290749, 24.564547020910211 ], [ 94.104939575079882, 24.564220444561588 ], [ 94.124745728434519, 24.540053794763661 ], [ 94.086705338658163, 24.569772242488138 ], [ 94.077902603833877, 24.54331955824987 ], [ 94.067527952076688, 24.564220444561588 ], [ 94.067842335463268, 24.540053794763661 ], [ 94.076016303514393, 24.522418671938148 ], [ 94.087648488817905, 24.520132637497806 ], [ 94.074444386581476, 24.515560568617115 ], [ 94.07130055271567, 24.517193450360217 ], [ 94.066899185303527, 24.526011011772976 ], [ 94.057153300319499, 24.52405155368125 ], [ 94.063755351437706, 24.528623622561941 ], [ 94.056210150159757, 24.538747489369179 ], [ 94.044577964856245, 24.527970469864698 ], [ 94.034517696485636, 24.550504237919522 ], [ 94.033574546325895, 24.552137119662625 ], [ 94.033888929712475, 24.54887135617642 ], [ 94.035146463258798, 24.523071824635391 ], [ 94.034203313099056, 24.523071824635391 ], [ 94.02540057827477, 24.520459213846426 ], [ 94.023199894568705, 24.519806061149183 ], [ 94.021942361022383, 24.52372497733263 ], [ 94.016597843450498, 24.541360100158144 ], [ 94.011253325878613, 24.542666405552627 ], [ 93.960323217252409, 24.555402883148833 ], [ 93.954664316293943, 24.577936651203657 ], [ 93.954664316293943, 24.577936651203657 ], [ 93.921654060702892, 24.576956922157795 ], [ 93.912536942492025, 24.555076306800213 ] ] ] } },
{ "type": "Feature", "properties": { "dt_code": "769", "district": "Tengnoupal", "st_code": "14", "year": "2016_c", "st_nm": "Manipur", "state": "manipur" }, "geometry": { "type": "Polygon", "coordinates": [ [ [ 94.172217619808322, 24.632148325074681 ], [ 94.211829926517581, 24.61581950764365 ], [ 94.247984015974453, 24.617452389386752 ], [ 94.264017568690107, 24.596224926726411 ], [ 94.264646335463269, 24.595571774029171 ], [ 94.281937421725246, 24.600796995607098 ], [ 94.310546309904169, 24.571078547882621 ], [ 94.333181913738031, 24.565200173607451 ], [ 94.330981230031966, 24.54919793252504 ], [ 94.37279422044729, 24.547891627130557 ], [ 94.361162035143778, 24.518826332103323 ], [ 94.361476418530359, 24.518826332103323 ], [ 94.376566821086271, 24.51262138147953 ], [ 94.374680520766788, 24.494333105956773 ], [ 94.374680520766788, 24.494333105956773 ], [ 94.374680520766788, 24.494006529608153 ], [ 94.406118859424936, 24.483556086452293 ], [ 94.398259274760392, 24.482576357406433 ], [ 94.396687357827489, 24.454817367773678 ], [ 94.407062009584678, 24.437182244948165 ], [ 94.394801057508005, 24.40942325531541 ], [ 94.360847651757197, 24.394400743278862 ], [ 94.378453121405755, 24.379704807590933 ], [ 94.350473, 24.334963847829908 ], [ 94.3218641118211, 24.328758897206114 ], [ 94.3218641118211, 24.276180105078193 ], [ 94.306773709265187, 24.241563012124409 ], [ 94.291368923322693, 24.232745450711651 ], [ 94.27627852076678, 24.173308555262697 ], [ 94.259616201277964, 24.165144146547181 ], [ 94.252385383386596, 24.114198236162363 ], [ 94.196425140575087, 24.133792817079598 ], [ 94.211201159744419, 24.245155351959234 ], [ 94.202712808306728, 24.266709390968195 ], [ 94.153354616613427, 24.300999907573363 ], [ 94.147695715654962, 24.382643994728518 ], [ 94.11154162619809, 24.397339930416447 ], [ 94.098966290734836, 24.419873698471271 ], [ 94.059039600638997, 24.424772343700582 ], [ 94.037975913738038, 24.448938993498508 ], [ 94.043320431309922, 24.455797096819541 ], [ 94.047721798722051, 24.461348894746092 ], [ 94.026972495207687, 24.456776825865401 ], [ 94.021313594249222, 24.454817367773678 ], [ 94.020999210862627, 24.455797096819541 ], [ 94.020684827476046, 24.457429978562644 ], [ 94.014397159744419, 24.480290322966088 ], [ 94.020370444089465, 24.488454731681603 ], [ 94.020370444089465, 24.491393918819188 ], [ 94.018484143769982, 24.495639411351256 ], [ 94.013139626198097, 24.508375888947462 ], [ 94.021313594249222, 24.510988499736428 ], [ 94.020684827476046, 24.518826332103323 ], [ 94.023199894568705, 24.519806061149183 ], [ 94.02540057827477, 24.520459213846426 ], [ 94.034203313099056, 24.523071824635391 ], [ 94.035146463258798, 24.523071824635391 ], [ 94.033888929712475, 24.54887135617642 ], [ 94.033574546325895, 24.552137119662625 ], [ 94.034517696485636, 24.550504237919522 ], [ 94.044577964856245, 24.527970469864698 ], [ 94.056210150159757, 24.538747489369179 ], [ 94.063755351437706, 24.528623622561941 ], [ 94.057153300319499, 24.52405155368125 ], [ 94.066899185303527, 24.526011011772976 ], [ 94.07130055271567, 24.517193450360217 ], [ 94.074444386581476, 24.515560568617115 ], [ 94.087648488817905, 24.520132637497806 ], [ 94.076016303514393, 24.522418671938148 ], [ 94.067842335463268, 24.540053794763661 ], [ 94.067527952076688, 24.564220444561588 ], [ 94.077902603833877, 24.54331955824987 ], [ 94.086705338658163, 24.569772242488138 ], [ 94.124745728434519, 24.540053794763661 ], [ 94.104939575079882, 24.564220444561588 ], [ 94.114056693290749, 24.564547020910211 ], [ 94.1065114920128, 24.567486208047796 ], [ 94.11154162619809, 24.574344311368829 ], [ 94.098966290734836, 24.567812784396416 ], [ 94.103367658146979, 24.577610074855034 ], [ 94.092364239616629, 24.583488449130208 ], [ 94.088591638977647, 24.595245197680548 ], [ 94.099280674121417, 24.599817266561239 ], [ 94.087962872204486, 24.599817266561239 ], [ 94.09613684025561, 24.610920862414339 ], [ 94.112170392971265, 24.612553744157442 ], [ 94.124116961661358, 24.619085271129855 ], [ 94.120029977635795, 24.625943374450888 ], [ 94.135120380191708, 24.61581950764365 ], [ 94.168130635782759, 24.633128054120544 ], [ 94.170331319488824, 24.632474901423301 ], [ 94.172217619808322, 24.632148325074681 ] ] ] } },
{ "type": "Feature", "properties": { "dt_code": "279", "district": "Ukhrul", "st_code": "14", "year": "2011_c", "st_nm": "Manipur", "state": "manipur" }, "geometry": { "type": "Polygon", "coordinates": [ [ [ 94.653852968051126, 25.115481321033212 ], [ 94.611096827476047, 25.102418267088385 ], [ 94.530300297124612, 25.033837233878053 ], [ 94.45390513418532, 25.017508416447022 ], [ 94.395429824281166, 24.986157086979443 ], [ 94.332553146964869, 24.986157086979443 ], [ 94.284138105431325, 24.961010708135653 ], [ 94.221890194888189, 24.941742703567037 ], [ 94.192023773162958, 24.94304900896152 ], [ 94.166873102236437, 24.927046767879109 ], [ 94.170331319488824, 24.934231447548761 ], [ 94.171588853035161, 24.93749721103497 ], [ 94.145180648562317, 24.998566988227026 ], [ 94.145180648562317, 24.998893564575646 ], [ 94.145180648562317, 24.998893564575646 ], [ 94.148638865814704, 25.035143539272536 ], [ 94.11751491054315, 25.069760632226323 ], [ 94.11751491054315, 25.070087208574943 ], [ 94.12223066134186, 25.085436296960115 ], [ 94.131976546325888, 25.118420508170797 ], [ 94.132290929712468, 25.118747084519416 ], [ 94.149267632587879, 25.134422749253208 ], [ 94.164672418530358, 25.133116443858725 ], [ 94.16058543450481, 25.142587157968723 ], [ 94.179448437699691, 25.167733536812513 ], [ 94.214030610223659, 25.175244792830785 ], [ 94.221261428115028, 25.193859644702162 ], [ 94.246097715654969, 25.20365693516078 ], [ 94.252699766773176, 25.228803314004569 ], [ 94.289168239616629, 25.241866367949395 ], [ 94.325007945686906, 25.279422648040768 ], [ 94.335382597444095, 25.310120824811108 ], [ 94.377509971246013, 25.357147819012475 ], [ 94.379396271565511, 25.407767153048674 ], [ 94.3897709233227, 25.420177054296257 ], [ 94.383168872204479, 25.423116241433846 ], [ 94.393543523961668, 25.423442817782465 ], [ 94.41114899361024, 25.46263197961694 ], [ 94.421523645367429, 25.466224319451769 ], [ 94.413664060702885, 25.475695033561767 ], [ 94.460192801916946, 25.549501288350026 ], [ 94.467423619808315, 25.582158923212091 ], [ 94.488801690095855, 25.604692691266912 ], [ 94.520554412140584, 25.63865663152346 ], [ 94.543504399361026, 25.650086803725181 ], [ 94.573056437699691, 25.691562 ], [ 94.596320808306714, 25.682091285890003 ], [ 94.58028725559106, 25.669028231945177 ], [ 94.586260539936106, 25.663803010367246 ], [ 94.57274205431311, 25.638003478826217 ], [ 94.593491357827489, 25.635717444385875 ], [ 94.583745472843461, 25.634411138991389 ], [ 94.550735217252409, 25.579546312423126 ], [ 94.564253702875405, 25.563544071340715 ], [ 94.556079734824294, 25.554726509927956 ], [ 94.566768769968064, 25.547868406606923 ], [ 94.553879051118216, 25.502474294148655 ], [ 94.576829038338673, 25.495942767176246 ], [ 94.61581257827477, 25.462305403268321 ], [ 94.675231038338666, 25.445323433140047 ], [ 94.660140635782753, 25.405481118608328 ], [ 94.634675581469651, 25.395357251801091 ], [ 94.63436119808307, 25.355841513617996 ], [ 94.585317389776364, 25.266686170444562 ], [ 94.585946156549525, 25.229129890353189 ], [ 94.575571504792336, 25.213780801968021 ], [ 94.605752309904162, 25.181449743454579 ], [ 94.619899562300333, 25.186674965032509 ], [ 94.64002009904155, 25.16610065506941 ], [ 94.68026117252397, 25.148792108592517 ], [ 94.690007057507998, 25.157609670005272 ], [ 94.714528961661344, 25.138015089088036 ], [ 94.736221415335478, 25.135075901950451 ], [ 94.739365249201285, 25.116461050079074 ], [ 94.653852968051126, 25.115481321033212 ] ] ] } },
{ "type": "Feature", "properties": { "dt_code": "771", "district": "Noney", "st_code": "14", "year": "2016_c", "st_nm": "Manipur", "state": "manipur" }, "geometry": { "type": "Polygon", "coordinates": [ [ [ 93.216177741214082, 24.699423052890531 ], [ 93.252646214057521, 24.658927585661573 ], [ 93.279054418530365, 24.658927585661573 ], [ 93.284398936102249, 24.665785688982606 ], [ 93.303576322683725, 24.690278915129152 ], [ 93.339101645367435, 24.712486106835357 ], [ 93.329984527156569, 24.726202313477422 ], [ 93.340044795527177, 24.750695539623969 ], [ 93.36299478274762, 24.758533371990865 ], [ 93.371797517571906, 24.80915270602706 ], [ 93.398834488817911, 24.806540095238095 ], [ 93.407322840255603, 24.824828370760851 ], [ 93.497550872204485, 24.823195489017749 ], [ 93.543450846645385, 24.80915270602706 ], [ 93.560741932907362, 24.811112164118786 ], [ 93.576461102236436, 24.835605390265332 ], [ 93.615444642172534, 24.812745045861888 ], [ 93.634622028754009, 24.801314873660168 ], [ 93.649083664536761, 24.800335144614305 ], [ 93.75628839936104, 24.79217073589879 ], [ 93.757231549520782, 24.79217073589879 ], [ 93.757231549520782, 24.79217073589879 ], [ 93.757545932907362, 24.79217073589879 ], [ 93.757545932907362, 24.791844159550166 ], [ 93.749057581469657, 24.791191006852927 ], [ 93.743713063897772, 24.764738322614654 ], [ 93.726421977635795, 24.747103199789141 ], [ 93.738682929712482, 24.704321698119838 ], [ 93.72390691054315, 24.691911796872255 ], [ 93.732709645367422, 24.66382623089088 ], [ 93.708187741214076, 24.644884802670884 ], [ 93.729251428115035, 24.624310492707785 ], [ 93.736796629392984, 24.624963645405025 ], [ 93.736796629392984, 24.624963645405025 ], [ 93.734281562300339, 24.617778965735372 ], [ 93.734281562300339, 24.617452389386752 ], [ 93.722649376996827, 24.62104472922158 ], [ 93.714789792332283, 24.605695640836409 ], [ 93.697813089456886, 24.613206896854685 ], [ 93.661973383386595, 24.607981675276754 ], [ 93.649083664536761, 24.592632586891582 ], [ 93.628019977635802, 24.606675369882272 ], [ 93.595638488817912, 24.566179902653314 ], [ 93.567972750798745, 24.592959163240206 ], [ 93.539363862619822, 24.576303769460552 ], [ 93.531504277955293, 24.556709188543316 ], [ 93.512012507987237, 24.565853326304694 ], [ 93.489691287539955, 24.555076306800213 ], [ 93.47082828434506, 24.57401773502021 ], [ 93.448821447284359, 24.540706947460905 ], [ 93.39820572204475, 24.574997464066069 ], [ 93.396319421725252, 24.573691158671586 ], [ 93.388145453674142, 24.568139360745036 ], [ 93.387831070287561, 24.568139360745036 ], [ 93.34444616293932, 24.578263227552277 ], [ 93.34444616293932, 24.578263227552277 ], [ 93.33344274440897, 24.568465937093656 ], [ 93.281883869009604, 24.567812784396416 ], [ 93.280940718849862, 24.567812784396416 ], [ 93.259248265175742, 24.526337588121596 ], [ 93.264278399361046, 24.511968228782287 ], [ 93.235040744408963, 24.514907415919875 ], [ 93.21995034185305, 24.494986258654016 ], [ 93.191341453674141, 24.524378130029874 ], [ 93.181281185303533, 24.514580839571252 ], [ 93.171535300319505, 24.519152908451943 ], [ 93.17719420127797, 24.536134878580214 ], [ 93.196685971246026, 24.563567291864349 ], [ 93.190398303514399, 24.570098818836762 ], [ 93.19071268690098, 24.570098818836762 ], [ 93.205488706070312, 24.569119089790899 ], [ 93.202659255591072, 24.586101059919173 ], [ 93.217120891373824, 24.593612315937445 ], [ 93.209575690095861, 24.62724967984537 ], [ 93.221836642172548, 24.639006428395714 ], [ 93.207689389776377, 24.662193349147778 ], [ 93.208003773162957, 24.662193349147778 ], [ 93.213348290734842, 24.667091994377088 ], [ 93.218692808306727, 24.671664063257776 ], [ 93.204231172523976, 24.674603250395361 ], [ 93.208946923322699, 24.68864603338605 ], [ 93.215234591054326, 24.697137018450185 ], [ 93.216177741214082, 24.699423052890531 ] ] ] } },
{ "type": "Feature", "properties": { "dt_code": "772", "district": "Pherzawl", "st_code": "14", "year": "2016_c", "st_nm": "Manipur", "state": "manipur" }, "geometry": { "type": "Polygon", "coordinates": [ [ [ 93.388145453674142, 24.568139360745036 ], [ 93.38437285303516, 24.528297046213321 ], [ 93.408580373801939, 24.510988499736428 ], [ 93.392232437699704, 24.497925445791601 ], [ 93.38437285303516, 24.465267810929539 ], [ 93.361422865814717, 24.447306111755402 ], [ 93.350105063897786, 24.400605693902655 ], [ 93.365509849840279, 24.383623723774381 ], [ 93.491263204472858, 24.365662024600248 ], [ 93.478373485623024, 24.249400844491301 ], [ 93.39506188817893, 24.18506530381304 ], [ 93.377456418530372, 24.088398704621333 ], [ 93.342559862619822, 24.103094640309262 ], [ 93.354192047923334, 24.091011315410299 ], [ 93.330927677316311, 24.085459517483748 ], [ 93.332185210862633, 24.053781611667546 ], [ 93.286599619808328, 24.052475306273063 ], [ 93.253274980830696, 24.021123976805484 ], [ 93.26333524920129, 24.058353680548233 ], [ 93.249502380191714, 24.080234295905818 ], [ 93.22026472523963, 24.083500059392023 ], [ 93.22026472523963, 24.060966291337198 ], [ 93.209575690095861, 24.048229813740996 ], [ 93.167448316293942, 24.0514955772272 ], [ 93.165562015974459, 24.073702768933405 ], [ 93.140725728434518, 24.08774555192409 ], [ 93.12626409265178, 24.062272596731681 ], [ 93.099227121405775, 24.043004592163065 ], [ 93.097655204472858, 24.073376192584785 ], [ 93.078477817891397, 24.101788334914779 ], [ 93.046725095846668, 24.090031586364436 ], [ 92.99107923642174, 24.115504541556845 ], [ 92.972845, 24.11289193076788 ], [ 92.990450469648579, 24.137058580565807 ], [ 92.988249785942514, 24.14914190546477 ], [ 93.006169638977653, 24.161551806712353 ], [ 92.999567587859445, 24.19682205236338 ], [ 93.014343607028778, 24.199108086803726 ], [ 93.021888808306727, 24.218049515023722 ], [ 93.016229907348261, 24.224581041996135 ], [ 93.023775108626225, 24.234051756106133 ], [ 93.004283338658169, 24.257565253206817 ], [ 93.012142923322699, 24.270954883500263 ], [ 93.006798405750814, 24.282711632050606 ], [ 93.040437428115041, 24.34214852749956 ], [ 93.017487440894584, 24.349986359866456 ], [ 93.025032642172548, 24.391461556141277 ], [ 93.008684706070312, 24.412362442452995 ], [ 93.024718258785967, 24.407137220875068 ], [ 93.042952495207686, 24.416934511333686 ], [ 93.032577843450497, 24.429017836232649 ], [ 93.046410712460087, 24.473432219645055 ], [ 93.032263460063916, 24.495312835002636 ], [ 93.050183313099055, 24.519806061149183 ], [ 93.050183313099055, 24.544299287295729 ], [ 93.070618233226853, 24.558015493937798 ], [ 93.05867166453676, 24.574344311368829 ], [ 93.087594936102263, 24.572384853277104 ], [ 93.122805875399379, 24.554096577754351 ], [ 93.17719420127797, 24.536134878580214 ], [ 93.171535300319505, 24.519152908451943 ], [ 93.181281185303533, 24.514580839571252 ], [ 93.191341453674141, 24.524378130029874 ], [ 93.21995034185305, 24.494986258654016 ], [ 93.235040744408963, 24.514907415919875 ], [ 93.264278399361046, 24.511968228782287 ], [ 93.259248265175742, 24.526337588121596 ], [ 93.280940718849862, 24.567812784396416 ], [ 93.281883869009604, 24.567812784396416 ], [ 93.33344274440897, 24.568465937093656 ], [ 93.34444616293932, 24.578263227552277 ], [ 93.34444616293932, 24.578263227552277 ], [ 93.387831070287561, 24.568139360745036 ], [ 93.388145453674142, 24.568139360745036 ] ] ] } },
{ "type": "Feature", "properties": { "dt_code": "297", "district": "Ribhoi", "st_code": "17", "year": "2011_c", "st_nm": "Meghalaya", "state": "meghalaya" }, "geometry": { "type": "Polygon", "coordinates": [ [ [ 92.152548110350438, 25.671444814983644 ], [ 92.152109028029827, 25.670785914711562 ], [ 92.154304439632938, 25.645088804100329 ], [ 92.149474534106091, 25.653325057501366 ], [ 92.140692887693646, 25.644100453692204 ], [ 92.137619311449299, 25.641135402467832 ], [ 92.132350323601827, 25.641135402467832 ], [ 91.834213427899471, 25.644100453692204 ], [ 91.828505357731387, 25.673750965935934 ], [ 91.817528299715832, 25.705707629131954 ], [ 91.809624817944638, 25.72975748906298 ], [ 91.808307570982777, 25.733381440559434 ], [ 91.774059149974249, 25.74194714409651 ], [ 91.769229244447416, 25.74622999586505 ], [ 91.787670701913541, 25.790705764230644 ], [ 91.749470540019416, 25.827274729331243 ], [ 91.707318637239709, 25.820026826338331 ], [ 91.697658826186014, 25.804872120080425 ], [ 91.659458664291904, 25.814426174025627 ], [ 91.644529865390751, 25.804213219808343 ], [ 91.587010081389266, 25.812120023073337 ], [ 91.458358961447018, 25.788399613278354 ], [ 91.42279329347663, 25.793341365318977 ], [ 91.417963387949783, 25.803224869400218 ], [ 91.366590756437006, 25.806189920624593 ], [ 91.352101039856478, 25.817061775113959 ], [ 91.342002146482173, 25.831557581099784 ], [ 91.335854993993465, 25.840782184908942 ], [ 91.371420661963853, 25.846382837221647 ], [ 91.422354211156005, 25.854619090622684 ], [ 91.445186491828352, 25.839793834500817 ], [ 91.463188866973852, 25.857254691711017 ], [ 91.508853428318545, 25.866808745656215 ], [ 91.474605007310032, 25.874056648649127 ], [ 91.483825736043087, 25.89316475653953 ], [ 91.504023522791712, 25.891188055723283 ], [ 91.504901687432948, 25.907990012661397 ], [ 91.536954696838364, 25.931380972320337 ], [ 91.503145358150462, 25.913920115110141 ], [ 91.502706275829837, 25.926768670415758 ], [ 91.519830486334101, 25.939946675857417 ], [ 91.518074157051615, 25.959713684019903 ], [ 91.551005331098267, 25.976845091094056 ], [ 91.579984764259322, 26.033181064357141 ], [ 91.597548057084197, 26.018026358099235 ], [ 91.630918313451474, 26.021979759731735 ], [ 91.626088407924627, 25.9867285951753 ], [ 91.640578124505154, 25.963996535788439 ], [ 91.629601066489613, 25.943241177217828 ], [ 91.611598691344099, 25.945217878034079 ], [ 91.609403279740988, 25.937640524905127 ], [ 91.65155518252071, 25.90634276198119 ], [ 91.67043572230746, 25.904366061164939 ], [ 91.713465789728417, 25.944229527625954 ], [ 91.715661201331528, 25.949171279666576 ], [ 91.720930189178986, 25.962019834972192 ], [ 91.722247436140862, 25.96597323660469 ], [ 91.722686518461472, 25.977833441502181 ], [ 91.723125600782097, 26.034828315037348 ], [ 91.731029082553292, 26.058878174968374 ], [ 91.777132726218611, 26.089517037620229 ], [ 91.791183360478513, 26.085234185851689 ], [ 91.825431781487026, 26.119497 ], [ 91.826749028448901, 26.118838099727917 ], [ 91.878999824602914, 26.098082741157306 ], [ 91.867144601946123, 26.04207621803026 ], [ 91.882951565488511, 26.026262611500272 ], [ 91.914565492573303, 26.020661959187567 ], [ 91.909735587046455, 26.008801754290076 ], [ 91.910613751687706, 26.007813403881951 ], [ 91.91939539810015, 25.998588800072792 ], [ 91.931250620756941, 26.012425705786534 ], [ 91.983501416910968, 26.025933161364232 ], [ 91.988770404758426, 26.038781716669845 ], [ 92.05155917660737, 26.032851614221101 ], [ 92.097223737952064, 26.049324121023172 ], [ 92.132350323601827, 26.04438236898255 ], [ 92.169233238534076, 26.077656832722738 ], [ 92.172745897099063, 26.075680131906488 ], [ 92.176258555664035, 26.073373980954198 ], [ 92.184162037435229, 26.068432228913576 ], [ 92.215336882199395, 26.066455528097329 ], [ 92.262757772826575, 26.065796627825243 ], [ 92.273295748521505, 26.065796627825243 ], [ 92.264514102109061, 26.058548724832335 ], [ 92.264514102109061, 26.057889824560249 ], [ 92.2631968551472, 26.033181064357141 ], [ 92.175380391022784, 25.977503991366138 ], [ 92.163964250686618, 25.97025608837323 ], [ 92.152548110350438, 25.944558977761996 ], [ 92.160890674442257, 25.928086470959926 ], [ 92.154304439632938, 25.911284514021812 ], [ 92.154743521953549, 25.911284514021812 ], [ 92.175380391022784, 25.907331112389315 ], [ 92.194260930809534, 25.918532417014724 ], [ 92.202164412580728, 25.90634276198119 ], [ 92.2254357755737, 25.909307813205562 ], [ 92.177136720305271, 25.872738848104962 ], [ 92.177575802625896, 25.851654039398312 ], [ 92.151230863388577, 25.816732324977917 ], [ 92.147718204823605, 25.772915456884405 ], [ 92.161768839083507, 25.742606044368596 ], [ 92.144205546258618, 25.717238383893402 ], [ 92.144205546258618, 25.716908933757363 ], [ 92.144205546258618, 25.716908933757363 ], [ 92.144644628579243, 25.71657948362132 ], [ 92.155182604274174, 25.694835774642588 ], [ 92.156060768915424, 25.677045467296349 ], [ 92.152548110350438, 25.671444814983644 ] ] ] } },
{ "type": "Feature", "properties": { "dt_code": "296", "district": "West Khasi Hills", "st_code": "17", "year": "2011_c", "st_nm": "Meghalaya", "state": "meghalaya" }, "geometry": { "type": "Polygon", "coordinates": [ [ [ 91.335854993993465, 25.840782184908942 ], [ 91.342002146482173, 25.831557581099784 ], [ 91.352101039856478, 25.817061775113959 ], [ 91.366590756437006, 25.806189920624593 ], [ 91.417963387949783, 25.803224869400218 ], [ 91.42279329347663, 25.793341365318977 ], [ 91.458358961447018, 25.788399613278354 ], [ 91.587010081389266, 25.812120023073337 ], [ 91.644529865390751, 25.804213219808343 ], [ 91.659458664291904, 25.814426174025627 ], [ 91.697658826186014, 25.804872120080425 ], [ 91.707318637239709, 25.820026826338331 ], [ 91.749470540019416, 25.827274729331243 ], [ 91.787670701913541, 25.790705764230644 ], [ 91.769229244447416, 25.74622999586505 ], [ 91.774059149974249, 25.74194714409651 ], [ 91.808307570982777, 25.733381440559434 ], [ 91.809624817944638, 25.72975748906298 ], [ 91.817528299715832, 25.705707629131954 ], [ 91.828505357731387, 25.673750965935934 ], [ 91.826749028448901, 25.672433165391769 ], [ 91.808307570982777, 25.658925709814071 ], [ 91.799965006890957, 25.609508189407855 ], [ 91.781084467104208, 25.589741181245369 ], [ 91.733224494156403, 25.575245375259545 ], [ 91.688877179773584, 25.526157304989372 ], [ 91.669996639986834, 25.522203903356875 ], [ 91.658580499650654, 25.528134005805619 ], [ 91.653750594123821, 25.551854415600602 ], [ 91.541784602365198, 25.511332048867505 ], [ 91.549249001815781, 25.482010986759818 ], [ 91.546614507892045, 25.481681536623775 ], [ 91.529051215067156, 25.479375385671485 ], [ 91.517195992410365, 25.455654975876502 ], [ 91.447381903431463, 25.45730222655671 ], [ 91.390740284071228, 25.458620027100874 ], [ 91.309070972435521, 25.444453671251093 ], [ 91.284043280160063, 25.412167557919034 ], [ 91.268236316617674, 25.409531956830701 ], [ 91.230475237044175, 25.462243978597332 ], [ 91.22257175527298, 25.44840707288359 ], [ 91.208960203333703, 25.461255628189207 ], [ 91.191396910508814, 25.461255628189207 ], [ 91.179980770172648, 25.448077622747551 ], [ 91.169003712157092, 25.466197380229829 ], [ 91.106214940308149, 25.43621741785006 ], [ 91.115435669041204, 25.413485358463198 ], [ 91.137828867392926, 25.399319002613417 ], [ 91.08952981212451, 25.358137735608238 ], [ 91.098311458536955, 25.330463924180755 ], [ 91.094798799971969, 25.327828323092426 ], [ 91.085578071238913, 25.319921519827432 ], [ 91.050012403268525, 25.34232412907825 ], [ 91.024545628672456, 25.338700177581792 ], [ 90.988979960702068, 25.379222544314889 ], [ 90.985906384457707, 25.365056188465108 ], [ 90.970977585556568, 25.358137735608238 ], [ 90.975368408762776, 25.339688527989917 ], [ 90.923556694929388, 25.351548732887409 ], [ 90.891942767844597, 25.32914612363659 ], [ 90.866915075569139, 25.330134474044716 ], [ 90.839252889369959, 25.307731864793897 ], [ 90.838813807049334, 25.307402414657854 ], [ 90.838813807049334, 25.307731864793897 ], [ 90.844960959538042, 25.345948080574704 ], [ 90.838374724728709, 25.355172684383863 ], [ 90.807638962285168, 25.368350689825522 ], [ 90.776464117521002, 25.363738387920943 ], [ 90.747923766680572, 25.379551994450932 ], [ 90.76373073022296, 25.416779859823613 ], [ 90.755388166131141, 25.429957865265269 ], [ 90.761535318619849, 25.444783121387136 ], [ 90.751436425245544, 25.451042673971923 ], [ 90.759778989337363, 25.458620027100874 ], [ 90.773390541276655, 25.451372124107966 ], [ 90.789636587139668, 25.467515180773994 ], [ 90.773390541276655, 25.468832981318162 ], [ 90.789636587139668, 25.485634938256272 ], [ 90.790075669460293, 25.506719746962926 ], [ 90.761096236299238, 25.550536615056437 ], [ 90.761974400940474, 25.552183865736644 ], [ 90.761974400940474, 25.552183865736644 ], [ 90.771634211994154, 25.577551526211835 ], [ 90.781733105368474, 25.583811078796622 ], [ 90.787441175536557, 25.569315272810798 ], [ 90.800174562834599, 25.588423380701201 ], [ 90.800613645155209, 25.588423380701201 ], [ 90.800613645155209, 25.588423380701201 ], [ 90.813347032453251, 25.575904275531627 ], [ 90.823885008148181, 25.590070631381408 ], [ 90.874379475019722, 25.607531488591604 ], [ 90.983710972854595, 25.742935494504636 ], [ 90.941559070074888, 25.754466249266088 ], [ 90.941559070074888, 25.754466249266088 ], [ 90.942876317036749, 25.763031952803164 ], [ 90.944632646319235, 25.772256556612323 ], [ 90.957366033617276, 25.777198308652945 ], [ 90.982393725892734, 25.802236518992096 ], [ 91.001274265679484, 25.824968578378954 ], [ 91.00215243032072, 25.824968578378954 ], [ 91.007421418168192, 25.824639128242914 ], [ 91.011812241374415, 25.824309678106872 ], [ 91.046938827024178, 25.848359538037897 ], [ 91.047816991665414, 25.849018438309979 ], [ 91.048256073986039, 25.849347888446019 ], [ 91.078552754108955, 25.852971839942477 ], [ 91.071966519299636, 25.838805484092696 ], [ 91.048695156306664, 25.829251430147494 ], [ 91.061867625925316, 25.821015176746457 ], [ 91.120265574568052, 25.832875381643948 ], [ 91.147488678446621, 25.850665688990187 ], [ 91.179980770172648, 25.844076686269357 ], [ 91.195787733715036, 25.861537543479553 ], [ 91.203691215486231, 25.843417785997275 ], [ 91.186127922661356, 25.818379575658124 ], [ 91.178224440890162, 25.777527758788988 ], [ 91.190518745867578, 25.747877246545258 ], [ 91.22257175527298, 25.722509586070068 ], [ 91.274383469106382, 25.75051284763359 ], [ 91.33541591167284, 25.840782184908942 ], [ 91.33541591167284, 25.840782184908942 ], [ 91.335854993993465, 25.840782184908942 ] ] ] } },
{ "type": "Feature", "properties": { "dt_code": "714", "district": "East Jaintia Hills", "st_code": "17", "year": "update2014", "st_nm": "Meghalaya", "state": "meghalaya" }, "geometry": { "type": "Polygon", "coordinates": [ [ [ 92.56923723262075, 25.465209029821704 ], [ 92.580214290636306, 25.472127482678573 ], [ 92.581970619918792, 25.471798032542534 ], [ 92.582409702239403, 25.471798032542534 ], [ 92.598655748102431, 25.466197380229829 ], [ 92.606559229873625, 25.413485358463198 ], [ 92.627635181263486, 25.422051062000275 ], [ 92.625439769660375, 25.434899617305891 ], [ 92.639490403920277, 25.417768210231738 ], [ 92.65354103818018, 25.433581816761727 ], [ 92.661444519951374, 25.406566905606329 ], [ 92.673299742608165, 25.414144258735281 ], [ 92.717647056990998, 25.372633541594059 ], [ 92.737844843739609, 25.379551994450932 ], [ 92.732136773571526, 25.369009590097605 ], [ 92.7497000663964, 25.344300829894497 ], [ 92.781753075801817, 25.333428975405131 ], [ 92.792291051496733, 25.282693654454746 ], [ 92.76858060618315, 25.268197848468926 ], [ 92.777801334916219, 25.258314344387681 ], [ 92.761994371373817, 25.246783589626233 ], [ 92.771654182427511, 25.229981632688119 ], [ 92.801511780229802, 25.215485826702295 ], [ 92.776045005633719, 25.199672220172307 ], [ 92.742674749266456, 25.206590673029176 ], [ 92.693936611677401, 25.179246311737735 ], [ 92.66320084923386, 25.176610710649406 ], [ 92.655736449783291, 25.155196451806713 ], [ 92.628074263584097, 25.138065044732556 ], [ 92.621488028774763, 25.115003535209656 ], [ 92.522255424314196, 25.139382845276725 ], [ 92.522255424314196, 25.139053395140682 ], [ 92.522255424314196, 25.137076694324431 ], [ 92.523133588955432, 25.126204839835065 ], [ 92.539379634818445, 25.099189928679667 ], [ 92.480981686175724, 25.108743982624869 ], [ 92.471760957442655, 25.067233265483647 ], [ 92.456832158541516, 25.054055260041991 ], [ 92.464296557992085, 25.037582753239917 ], [ 92.442342441960989, 25.045489556504915 ], [ 92.42565731377735, 25.030005400110966 ], [ 92.344866166782893, 25.050431308545534 ], [ 92.333450026446712, 25.082387971741554 ], [ 92.297445276155713, 25.07217501752427 ], [ 92.209189729710687, 25.111709033849241 ], [ 92.22455761093245, 25.118627486706114 ], [ 92.199969000977617, 25.12521648942694 ], [ 92.224996693253075, 25.163432705207747 ], [ 92.234656504306756, 25.200001670308346 ], [ 92.219288623084992, 25.225039880647497 ], [ 92.20523798882509, 25.227346031599787 ], [ 92.199529918657007, 25.291918258263909 ], [ 92.171428650137187, 25.33606457649346 ], [ 92.174063144060923, 25.353854883839698 ], [ 92.268465842994658, 25.396024501253002 ], [ 92.373406517623323, 25.405908005334247 ], [ 92.450245923732183, 25.421721611864236 ], [ 92.49239782651189, 25.441488620026721 ], [ 92.534988811612237, 25.434570167169852 ], [ 92.545526787307153, 25.458290576964835 ], [ 92.546844034269029, 25.457961126828792 ], [ 92.566602738697014, 25.456313876148585 ], [ 92.567041821017639, 25.456643326284627 ], [ 92.567919985658889, 25.45730222655671 ], [ 92.56923723262075, 25.465209029821704 ] ] ] } },
{ "type": "Feature", "properties": { "dt_code": "298", "district": "East Khasi Hills", "st_code": "17", "year": "2011_c", "st_nm": "Meghalaya", "state": "meghalaya" }, "geometry": { "type": "Polygon", "coordinates": [ [ [ 91.828505357731387, 25.673750965935934 ], [ 91.834213427899471, 25.644100453692204 ], [ 92.132350323601827, 25.641135402467832 ], [ 92.133228488243077, 25.639158701651585 ], [ 92.133667570563702, 25.639158701651585 ], [ 92.13805839376991, 25.625321795937843 ], [ 92.105127219723258, 25.562396819953928 ], [ 92.113908866135702, 25.54460651260769 ], [ 92.095028326348952, 25.494200641793352 ], [ 92.109078960608855, 25.471139132270451 ], [ 92.094589244028342, 25.451042673971923 ], [ 92.113030701494466, 25.410520307238826 ], [ 92.101614561158286, 25.398660102341335 ], [ 92.111713454532591, 25.379881444586971 ], [ 92.110835289891355, 25.336394026629502 ], [ 92.119177853983174, 25.33145227458888 ], [ 92.111274372211966, 25.30608461411369 ], [ 92.044972941798051, 25.320909870235553 ], [ 91.988331322437801, 25.281046403774543 ], [ 91.984818663872829, 25.245795239218108 ], [ 92.021262496484454, 25.201978371124596 ], [ 92.019945249522593, 25.190777066499187 ], [ 92.016432590957621, 25.18912981581898 ], [ 91.983062334590343, 25.171668958608784 ], [ 91.94705758429933, 25.183199713370236 ], [ 91.746836046095694, 25.171668958608784 ], [ 91.743762469851333, 25.148607449085883 ], [ 91.704684143315973, 25.15684370248692 ], [ 91.694146167621042, 25.140371195684846 ], [ 91.641895371467029, 25.124228139018818 ], [ 91.618624008474058, 25.146630748269633 ], [ 91.601060715649169, 25.146960198405676 ], [ 91.602817044931669, 25.173645659425034 ], [ 91.493046464776157, 25.134770543372142 ], [ 91.47109234874506, 25.13608834391631 ], [ 91.466701525538838, 25.149595799494008 ], [ 91.439478421660269, 25.152231400582338 ], [ 91.414011647064186, 25.172327858880866 ], [ 91.40391275368988, 25.166068306296079 ], [ 91.379763226055672, 25.176940160785445 ], [ 91.354296451459589, 25.234264484456656 ], [ 91.385471296223756, 25.239535686633321 ], [ 91.402595506728019, 25.263585546564343 ], [ 91.42279329347663, 25.261938295884139 ], [ 91.438161174698408, 25.273139600509545 ], [ 91.478995830516254, 25.263585546564343 ], [ 91.495680958699893, 25.283352554726832 ], [ 91.532563873632142, 25.27643410186996 ], [ 91.547931754853906, 25.286976506223287 ], [ 91.549688084136392, 25.330134474044716 ], [ 91.524221309540323, 25.348913131799076 ], [ 91.5558352366251, 25.428969514857148 ], [ 91.546614507892045, 25.481681536623775 ], [ 91.549249001815781, 25.482010986759818 ], [ 91.541784602365198, 25.511332048867505 ], [ 91.653750594123821, 25.551854415600602 ], [ 91.658580499650654, 25.528134005805619 ], [ 91.669996639986834, 25.522203903356875 ], [ 91.688877179773584, 25.526157304989372 ], [ 91.733224494156403, 25.575245375259545 ], [ 91.781084467104208, 25.589741181245369 ], [ 91.799965006890957, 25.609508189407855 ], [ 91.808307570982777, 25.658925709814071 ], [ 91.826749028448901, 25.672433165391769 ], [ 91.828505357731387, 25.673750965935934 ] ] ] } },
{ "type": "Feature", "properties": { "dt_code": "295", "district": "South Garo Hills", "st_code": "17", "year": "2011_c", "st_nm": "Meghalaya", "state": "meghalaya" }, "geometry": { "type": "Polygon", "coordinates": [ [ [ 90.761974400940474, 25.552183865736644 ], [ 90.761096236299238, 25.550536615056437 ], [ 90.790075669460293, 25.506719746962926 ], [ 90.789636587139668, 25.485634938256272 ], [ 90.773390541276655, 25.468832981318162 ], [ 90.789636587139668, 25.467515180773994 ], [ 90.773390541276655, 25.451372124107966 ], [ 90.759778989337363, 25.458620027100874 ], [ 90.751436425245544, 25.451042673971923 ], [ 90.761535318619849, 25.444783121387136 ], [ 90.755388166131141, 25.429957865265269 ], [ 90.76373073022296, 25.416779859823613 ], [ 90.747923766680572, 25.379551994450932 ], [ 90.776464117521002, 25.363738387920943 ], [ 90.807638962285168, 25.368350689825522 ], [ 90.838374724728709, 25.355172684383863 ], [ 90.844960959538042, 25.345948080574704 ], [ 90.838813807049334, 25.307731864793897 ], [ 90.838813807049334, 25.307402414657854 ], [ 90.839252889369959, 25.307731864793897 ], [ 90.841009218652445, 25.30608461411369 ], [ 90.862085170042306, 25.294553859352241 ], [ 90.901602578898277, 25.29718946044057 ], [ 90.91565321315818, 25.277093002142045 ], [ 90.931460176700583, 25.277751902414128 ], [ 90.931460176700583, 25.278081352550167 ], [ 90.932777423662444, 25.276763552006003 ], [ 90.95473153969354, 25.251066441394769 ], [ 90.958683280579152, 25.246783589626233 ], [ 90.957366033617276, 25.241841837585611 ], [ 90.949901634166707, 25.214826926430213 ], [ 90.968343091632832, 25.201319470852514 ], [ 90.969660338594693, 25.172657309016909 ], [ 90.854620770591723, 25.159808753711292 ], [ 90.819494184941959, 25.163432705207747 ], [ 90.779976776085974, 25.183858613642318 ], [ 90.760657153978613, 25.165079955887954 ], [ 90.741337531871238, 25.165079955887954 ], [ 90.737385790985641, 25.153549201126506 ], [ 90.720700662802003, 25.164750505751915 ], [ 90.693477558923433, 25.159808753711292 ], [ 90.675036101457309, 25.167386106840244 ], [ 90.655277397029323, 25.193083217451477 ], [ 90.636396857242573, 25.173316209288991 ], [ 90.510380231224048, 25.168374457248369 ], [ 90.444517883130743, 25.143665697045261 ], [ 90.377338288075578, 25.161785454527539 ], [ 90.331673726730884, 25.191765416907312 ], [ 90.30488970517294, 25.18682366486669 ], [ 90.233758369232177, 25.203955071940843 ], [ 90.229367546025955, 25.235252834864781 ], [ 90.247369921171455, 25.253702042483102 ], [ 90.261420555431357, 25.321239320371596 ], [ 90.308841446058537, 25.36538563860115 ], [ 90.313671351585384, 25.384493746491554 ], [ 90.303572458211079, 25.418427110503821 ], [ 90.319379421753467, 25.464220679413579 ], [ 90.320257586394717, 25.463891229277539 ], [ 90.322892080318454, 25.462243978597332 ], [ 90.369434806304383, 25.458290576964835 ], [ 90.441883389207021, 25.460596727917125 ], [ 90.518722795315867, 25.433581816761727 ], [ 90.644739421334393, 25.416120959551531 ], [ 90.678987842342906, 25.481681536623775 ], [ 90.761974400940474, 25.552183865736644 ] ] ] } },
{ "type": "Feature", "properties": { "dt_code": "293", "district": "West Garo Hills", "st_code": "17", "year": "2011_c", "st_nm": "Meghalaya", "state": "meghalaya" }, "geometry": { "type": "Polygon", "coordinates": [ [ [ 90.320257586394717, 25.463891229277539 ], [ 90.319379421753467, 25.464220679413579 ], [ 90.303572458211079, 25.418427110503821 ], [ 90.313671351585384, 25.384493746491554 ], [ 90.308841446058537, 25.36538563860115 ], [ 90.261420555431357, 25.321239320371596 ], [ 90.247369921171455, 25.253702042483102 ], [ 90.229367546025955, 25.235252834864781 ], [ 90.233758369232177, 25.203955071940843 ], [ 90.159553457047053, 25.223392629967289 ], [ 90.112571648740499, 25.224380980375415 ], [ 90.059881770265847, 25.256008193435392 ], [ 89.98084695255389, 25.285329255543079 ], [ 89.974699800065181, 25.29949561139286 ], [ 89.993141257531306, 25.313003066970559 ], [ 89.994019422172542, 25.320250969963471 ], [ 90.012021797318056, 25.326839972684301 ], [ 90.035293160311014, 25.344300829894497 ], [ 90.151649975275859, 25.374939692546352 ], [ 90.16218795097079, 25.388447148124051 ], [ 90.15296722223772, 25.398989552477374 ], [ 90.17096959738322, 25.54460651260769 ], [ 90.148137316710873, 25.544935962743732 ], [ 90.141551081901554, 25.553831116416852 ], [ 90.139355670298443, 25.53768805975082 ], [ 90.138916587977818, 25.53768805975082 ], [ 90.136282094054081, 25.53768805975082 ], [ 90.129695859244748, 25.53768805975082 ], [ 90.129695859244748, 25.538676410158946 ], [ 90.130134941565373, 25.562396819953928 ], [ 90.128817694603512, 25.562396819953928 ], [ 90.113449813381735, 25.560749569273721 ], [ 90.090617532709388, 25.588093930565162 ], [ 90.01992527908925, 25.607202038455565 ], [ 90.017729867486139, 25.607860938727647 ], [ 90.004118315546847, 25.626969046618051 ], [ 89.983042364157001, 25.626969046618051 ], [ 89.950111190110349, 25.656290108725738 ], [ 89.949233025469098, 25.657278459133863 ], [ 89.944403119942251, 25.679351618248639 ], [ 89.914106439819335, 25.710978831308616 ], [ 89.899177640918182, 25.726462987702565 ], [ 89.895225900032585, 25.743264944640678 ], [ 89.894786817711974, 25.7442532950488 ], [ 89.894786817711974, 25.744912195320886 ], [ 89.91454552213996, 25.740629343552346 ], [ 89.924644415514265, 25.738652642736099 ], [ 89.936060555850446, 25.744582745184843 ], [ 89.937377802812307, 25.745241645456925 ], [ 89.935182391209196, 25.754466249266088 ], [ 89.959331918843404, 25.780163359877317 ], [ 89.948354860827862, 25.825627478651036 ], [ 89.957575589560918, 25.829251430147494 ], [ 89.954062930995946, 25.8213446268825 ], [ 89.96196641276714, 25.820356276474374 ], [ 89.963722742049626, 25.833204831779991 ], [ 89.971187141500195, 25.826615829059161 ], [ 90.003679233226237, 25.839464384364778 ], [ 90.015534455883028, 25.855936891166849 ], [ 90.022559773012972, 25.865820395248093 ], [ 90.022559773012972, 25.868126546200383 ], [ 90.018168949806764, 25.872409397968919 ], [ 90.00850913875307, 25.881304551642039 ], [ 90.008070056432459, 25.881634001778082 ], [ 90.012021797318056, 25.884928503138497 ], [ 90.020364361409875, 25.891846955995366 ], [ 90.025194266936708, 25.895800357627863 ], [ 90.042318477440972, 25.887893554362869 ], [ 90.060320852586472, 25.913590664974102 ], [ 90.08622670950318, 25.919520767422846 ], [ 90.091934779671263, 25.93829942517721 ], [ 90.10554633161054, 25.948512379394494 ], [ 90.116962471946721, 25.957407533067613 ], [ 90.122231459794179, 25.958725333611778 ], [ 90.151210892955234, 25.966632136876772 ], [ 90.158236210085192, 25.957407533067613 ], [ 90.176677667551317, 25.95905478374782 ], [ 90.186776560925622, 25.944229527625954 ], [ 90.203022606788636, 25.961031484564067 ], [ 90.211365170880455, 25.95279523116303 ], [ 90.32464840960094, 25.973550589733641 ], [ 90.361092242212564, 26.007813403881951 ], [ 90.362409489174425, 26.008801754290076 ], [ 90.364165818456911, 26.008801754290076 ], [ 90.403683227312897, 26.009131204426119 ], [ 90.405439556595383, 26.009131204426119 ], [ 90.408074050519119, 26.004518902521536 ], [ 90.422124684779021, 25.991670347215923 ], [ 90.431784495832716, 25.991670347215923 ], [ 90.433979907435827, 25.991670347215923 ], [ 90.433979907435827, 25.981457392998635 ], [ 90.414660285328452, 25.92281526878326 ], [ 90.38260727592305, 25.86779709606434 ], [ 90.383924522884911, 25.841111635044985 ], [ 90.342650784746439, 25.828263079739369 ], [ 90.339138126181467, 25.804872120080425 ], [ 90.391828004656105, 25.798942017631681 ], [ 90.402365980351036, 25.761714152259 ], [ 90.402365980351036, 25.761055251986914 ], [ 90.40060965106855, 25.758749101034624 ], [ 90.386998099129258, 25.743264944640678 ], [ 90.406317721236633, 25.722509586070068 ], [ 90.413343038366591, 25.657607909269903 ], [ 90.391828004656105, 25.642453203011996 ], [ 90.397975157144813, 25.630592998114505 ], [ 90.3817291112818, 25.586776130020993 ], [ 90.389632593052994, 25.546253763287897 ], [ 90.387437181449883, 25.5423003616554 ], [ 90.38260727592305, 25.535052458662488 ], [ 90.375581958793092, 25.523521703901039 ], [ 90.349676101876398, 25.513638199819795 ], [ 90.344407114028925, 25.510014248323341 ], [ 90.318062174791606, 25.473774733358781 ], [ 90.320257586394717, 25.463891229277539 ] ] ] } },
{ "type": "Feature", "properties": { "dt_code": "294", "district": "East Garo Hills", "st_code": "17", "year": "2011_c", "st_nm": "Meghalaya", "state": "meghalaya" }, "geometry": { "type": "Polygon", "coordinates": [ [ [ 90.941559070074888, 25.754466249266088 ], [ 90.983710972854595, 25.742935494504636 ], [ 90.874379475019722, 25.607531488591604 ], [ 90.823885008148181, 25.590070631381408 ], [ 90.813347032453251, 25.575904275531627 ], [ 90.800613645155209, 25.588423380701201 ], [ 90.800613645155209, 25.588423380701201 ], [ 90.800174562834599, 25.588423380701201 ], [ 90.787441175536557, 25.569315272810798 ], [ 90.781733105368474, 25.583811078796622 ], [ 90.771634211994154, 25.577551526211835 ], [ 90.761974400940474, 25.552183865736644 ], [ 90.761974400940474, 25.552183865736644 ], [ 90.678987842342906, 25.481681536623775 ], [ 90.644739421334393, 25.416120959551531 ], [ 90.518722795315867, 25.433581816761727 ], [ 90.441883389207021, 25.460596727917125 ], [ 90.369434806304383, 25.458290576964835 ], [ 90.322892080318454, 25.462243978597332 ], [ 90.320257586394717, 25.463891229277539 ], [ 90.318062174791606, 25.473774733358781 ], [ 90.344407114028925, 25.510014248323341 ], [ 90.349676101876398, 25.513638199819795 ], [ 90.375581958793092, 25.523521703901039 ], [ 90.38260727592305, 25.535052458662488 ], [ 90.387437181449883, 25.5423003616554 ], [ 90.389632593052994, 25.546253763287897 ], [ 90.3817291112818, 25.586776130020993 ], [ 90.397975157144813, 25.630592998114505 ], [ 90.391828004656105, 25.642453203011996 ], [ 90.413343038366591, 25.657607909269903 ], [ 90.406317721236633, 25.722509586070068 ], [ 90.386998099129258, 25.743264944640678 ], [ 90.40060965106855, 25.758749101034624 ], [ 90.433979907435827, 25.742276594232553 ], [ 90.485791621269215, 25.716908933757363 ], [ 90.500281337849742, 25.718226734301528 ], [ 90.515210136750895, 25.740958793688389 ], [ 90.542433240629464, 25.781810610557525 ], [ 90.569217262187408, 25.776539408380863 ], [ 90.593366789821616, 25.743594394776718 ], [ 90.624102552265157, 25.736346491783806 ], [ 90.679426924663531, 25.783128411101693 ], [ 90.748801931321822, 25.800918718447928 ], [ 90.779098611444738, 25.81475562416167 ], [ 90.816420608697612, 25.818050125522085 ], [ 90.827836749033779, 25.81903847593021 ], [ 90.832227572240001, 25.819697376202292 ], [ 90.890625520882736, 25.758749101034624 ], [ 90.931021094379958, 25.75084229776963 ], [ 90.941559070074888, 25.754466249266088 ] ] ] } },
{ "type": "Feature", "properties": { "dt_code": "299", "district": "West Jaintia Hills", "st_code": "17", "year": "2011_c", "st_nm": "Meghalaya", "state": "meghalaya" }, "geometry": { "type": "Polygon", "coordinates": [ [ [ 92.132350323601827, 25.641135402467832 ], [ 92.137619311449299, 25.641135402467832 ], [ 92.140692887693646, 25.644100453692204 ], [ 92.149474534106091, 25.653325057501366 ], [ 92.154304439632938, 25.645088804100329 ], [ 92.152109028029827, 25.670785914711562 ], [ 92.152548110350438, 25.671444814983644 ], [ 92.170111403175326, 25.667161963215104 ], [ 92.22455761093245, 25.715920583349238 ], [ 92.2254357755737, 25.715920583349238 ], [ 92.234217421986145, 25.707684329948201 ], [ 92.264075019788436, 25.709331580628408 ], [ 92.311056828094991, 25.728110238382772 ], [ 92.333450026446712, 25.724156836750275 ], [ 92.384383575638878, 25.754466249266088 ], [ 92.381749081715142, 25.742276594232553 ], [ 92.406337691669975, 25.744582745184843 ], [ 92.411606679517433, 25.730086939199019 ], [ 92.430926301624808, 25.732393090151309 ], [ 92.444098771243475, 25.719873984981735 ], [ 92.440586112678488, 25.691541273282173 ], [ 92.470443710480794, 25.675398216616141 ], [ 92.505570296130557, 25.616426642264724 ], [ 92.553869351398973, 25.614779391584516 ], [ 92.556503845322709, 25.570962523491005 ], [ 92.576262549750695, 25.556466717505181 ], [ 92.584605113842514, 25.550536615056437 ], [ 92.590313184010611, 25.552842766008727 ], [ 92.60524198291175, 25.558772868457474 ], [ 92.621927111095388, 25.5653618711783 ], [ 92.63553866303468, 25.578869326755999 ], [ 92.651345626577069, 25.589411731109326 ], [ 92.657053696745152, 25.582493278252457 ], [ 92.661444519951374, 25.572280324035173 ], [ 92.660566355310124, 25.571621423763087 ], [ 92.659249108348263, 25.571291973627048 ], [ 92.645637556408985, 25.556137267369142 ], [ 92.645637556408985, 25.556137267369142 ], [ 92.642563980164624, 25.535052458662488 ], [ 92.573628055826973, 25.490576690296894 ], [ 92.564407327093903, 25.473774733358781 ], [ 92.566602738697014, 25.463561779141497 ], [ 92.56923723262075, 25.465209029821704 ], [ 92.567919985658889, 25.45730222655671 ], [ 92.567041821017639, 25.456643326284627 ], [ 92.566602738697014, 25.456313876148585 ], [ 92.546844034269029, 25.457961126828792 ], [ 92.545526787307153, 25.458290576964835 ], [ 92.534988811612237, 25.434570167169852 ], [ 92.49239782651189, 25.441488620026721 ], [ 92.450245923732183, 25.421721611864236 ], [ 92.373406517623323, 25.405908005334247 ], [ 92.268465842994658, 25.396024501253002 ], [ 92.174063144060923, 25.353854883839698 ], [ 92.171428650137187, 25.33606457649346 ], [ 92.199529918657007, 25.291918258263909 ], [ 92.20523798882509, 25.227346031599787 ], [ 92.219288623084992, 25.225039880647497 ], [ 92.234656504306756, 25.200001670308346 ], [ 92.224996693253075, 25.163432705207747 ], [ 92.199969000977617, 25.12521648942694 ], [ 92.187674696000201, 25.13608834391631 ], [ 92.189870107603312, 25.122251438202568 ], [ 92.17581947334341, 25.123239788610693 ], [ 92.135423899846188, 25.143336246909222 ], [ 92.122251430227521, 25.166068306296079 ], [ 92.081416774409675, 25.183858613642318 ], [ 92.015993508636996, 25.187812015274815 ], [ 92.016432590957621, 25.18912981581898 ], [ 92.019945249522593, 25.190777066499187 ], [ 92.021262496484454, 25.201978371124596 ], [ 91.984818663872829, 25.245795239218108 ], [ 91.988331322437801, 25.281046403774543 ], [ 92.044972941798051, 25.320909870235553 ], [ 92.111274372211966, 25.30608461411369 ], [ 92.119177853983174, 25.33145227458888 ], [ 92.110835289891355, 25.336394026629502 ], [ 92.111713454532591, 25.379881444586971 ], [ 92.101614561158286, 25.398660102341335 ], [ 92.113030701494466, 25.410520307238826 ], [ 92.094589244028342, 25.451042673971923 ], [ 92.109078960608855, 25.471139132270451 ], [ 92.095028326348952, 25.494200641793352 ], [ 92.113908866135702, 25.54460651260769 ], [ 92.105127219723258, 25.562396819953928 ], [ 92.13805839376991, 25.625321795937843 ], [ 92.133667570563702, 25.639158701651585 ], [ 92.133228488243077, 25.639158701651585 ], [ 92.132350323601827, 25.641135402467832 ] ] ] } },
{ "type": "Feature", "properties": { "dt_code": "713", "district": "South West Khasi Hills", "st_code": "17", "year": "update2014", "st_nm": "Meghalaya", "state": "meghalaya" }, "geometry": { "type": "Polygon", "coordinates": [ [ [ 90.839252889369959, 25.307731864793897 ], [ 90.866915075569139, 25.330134474044716 ], [ 90.891942767844597, 25.32914612363659 ], [ 90.923556694929388, 25.351548732887409 ], [ 90.975368408762776, 25.339688527989917 ], [ 90.970977585556568, 25.358137735608238 ], [ 90.985906384457707, 25.365056188465108 ], [ 90.988979960702068, 25.379222544314889 ], [ 91.024545628672456, 25.338700177581792 ], [ 91.050012403268525, 25.34232412907825 ], [ 91.085578071238913, 25.319921519827432 ], [ 91.094798799971969, 25.327828323092426 ], [ 91.098311458536955, 25.330463924180755 ], [ 91.08952981212451, 25.358137735608238 ], [ 91.137828867392926, 25.399319002613417 ], [ 91.115435669041204, 25.413485358463198 ], [ 91.106214940308149, 25.43621741785006 ], [ 91.169003712157092, 25.466197380229829 ], [ 91.179980770172648, 25.448077622747551 ], [ 91.191396910508814, 25.461255628189207 ], [ 91.208960203333703, 25.461255628189207 ], [ 91.22257175527298, 25.44840707288359 ], [ 91.230475237044175, 25.462243978597332 ], [ 91.268236316617674, 25.409531956830701 ], [ 91.284043280160063, 25.412167557919034 ], [ 91.309070972435521, 25.444453671251093 ], [ 91.390740284071228, 25.458620027100874 ], [ 91.447381903431463, 25.45730222655671 ], [ 91.517195992410365, 25.455654975876502 ], [ 91.529051215067156, 25.479375385671485 ], [ 91.546614507892045, 25.481681536623775 ], [ 91.5558352366251, 25.428969514857148 ], [ 91.524221309540323, 25.348913131799076 ], [ 91.549688084136392, 25.330134474044716 ], [ 91.547931754853906, 25.286976506223287 ], [ 91.532563873632142, 25.27643410186996 ], [ 91.495680958699893, 25.283352554726832 ], [ 91.478995830516254, 25.263585546564343 ], [ 91.438161174698408, 25.273139600509545 ], [ 91.42279329347663, 25.261938295884139 ], [ 91.402595506728019, 25.263585546564343 ], [ 91.385471296223756, 25.239535686633321 ], [ 91.354296451459589, 25.234264484456656 ], [ 91.383275884620645, 25.167715556976287 ], [ 91.295459420496243, 25.185176414186483 ], [ 91.264723658052702, 25.206920123165219 ], [ 91.251990270754661, 25.197695519356056 ], [ 91.134755291148579, 25.193083217451477 ], [ 91.081626330353316, 25.201978371124596 ], [ 90.969660338594693, 25.172657309016909 ], [ 90.968343091632832, 25.201319470852514 ], [ 90.949901634166707, 25.214826926430213 ], [ 90.957366033617276, 25.241841837585611 ], [ 90.958683280579152, 25.246783589626233 ], [ 90.95473153969354, 25.251066441394769 ], [ 90.932777423662444, 25.276763552006003 ], [ 90.931460176700583, 25.278081352550167 ], [ 90.931460176700583, 25.277751902414128 ], [ 90.91565321315818, 25.277093002142045 ], [ 90.901602578898277, 25.29718946044057 ], [ 90.862085170042306, 25.294553859352241 ], [ 90.841009218652445, 25.30608461411369 ], [ 90.839252889369959, 25.307731864793897 ] ] ] } },
{ "type": "Feature", "properties": { "dt_code": "712", "district": "North Garo Hills", "st_code": "17", "year": "update2014", "st_nm": "Meghalaya", "state": "meghalaya" }, "geometry": { "type": "Polygon", "coordinates": [ [ [ 91.007421418168192, 25.824639128242914 ], [ 91.00215243032072, 25.824968578378954 ], [ 91.001274265679484, 25.824968578378954 ], [ 90.982393725892734, 25.802236518992096 ], [ 90.957366033617276, 25.777198308652945 ], [ 90.944632646319235, 25.772256556612323 ], [ 90.942876317036749, 25.763031952803164 ], [ 90.941559070074888, 25.754466249266088 ], [ 90.941559070074888, 25.754466249266088 ], [ 90.931021094379958, 25.75084229776963 ], [ 90.890625520882736, 25.758749101034624 ], [ 90.832227572240001, 25.819697376202292 ], [ 90.827836749033779, 25.81903847593021 ], [ 90.816420608697612, 25.818050125522085 ], [ 90.779098611444738, 25.81475562416167 ], [ 90.748801931321822, 25.800918718447928 ], [ 90.679426924663531, 25.783128411101693 ], [ 90.624102552265157, 25.736346491783806 ], [ 90.593366789821616, 25.743594394776718 ], [ 90.569217262187408, 25.776539408380863 ], [ 90.542433240629464, 25.781810610557525 ], [ 90.515210136750895, 25.740958793688389 ], [ 90.500281337849742, 25.718226734301528 ], [ 90.485791621269215, 25.716908933757363 ], [ 90.433979907435827, 25.742276594232553 ], [ 90.40060965106855, 25.758749101034624 ], [ 90.402365980351036, 25.761055251986914 ], [ 90.402365980351036, 25.761714152259 ], [ 90.391828004656105, 25.798942017631681 ], [ 90.339138126181467, 25.804872120080425 ], [ 90.342650784746439, 25.828263079739369 ], [ 90.383924522884911, 25.841111635044985 ], [ 90.38260727592305, 25.86779709606434 ], [ 90.414660285328452, 25.92281526878326 ], [ 90.433979907435827, 25.981457392998635 ], [ 90.433979907435827, 25.991670347215923 ], [ 90.476131810215534, 26.009790104698201 ], [ 90.53496884117888, 25.949830179938658 ], [ 90.508623901941561, 25.90173046007661 ], [ 90.513453807468409, 25.896459257899945 ], [ 90.549019475438797, 25.915567365790348 ], [ 90.543750487591325, 25.923803619191386 ], [ 90.576681661637977, 25.936981624633042 ], [ 90.587658719653533, 25.958066433339695 ], [ 90.624102552265157, 25.939287775585331 ], [ 90.606100177119657, 25.916555716198474 ], [ 90.621907140662046, 25.897777058444113 ], [ 90.631127869395115, 25.919191317286806 ], [ 90.636835939563198, 25.922156368511178 ], [ 90.71718800423703, 25.95477193197928 ], [ 90.717627086557656, 25.955101382115323 ], [ 90.724213321366989, 25.946865128714286 ], [ 90.742215696512488, 25.954442481843238 ], [ 90.740459367230002, 25.939617225721374 ], [ 90.746606519718711, 25.928086470959926 ], [ 90.751436425245544, 25.931380972320337 ], [ 90.752753672207419, 25.930392621912215 ], [ 90.750558260604308, 25.926109770143675 ], [ 90.74572835507746, 25.917873516742638 ], [ 90.742215696512488, 25.912602314565977 ], [ 90.760657153978613, 25.921826918375135 ], [ 90.756705413093016, 25.910955063885769 ], [ 90.772512376635405, 25.909307813205562 ], [ 90.778220446803488, 25.908648912933479 ], [ 90.779537693765363, 25.910955063885769 ], [ 90.808956209247029, 25.952465781026991 ], [ 90.836179313125598, 25.948512379394494 ], [ 90.835301148484362, 25.936652174497002 ], [ 90.844082794896792, 25.946206228442204 ], [ 90.880965709829042, 25.942911727081789 ], [ 90.884478368394028, 25.95048908021074 ], [ 90.916970460120055, 25.914249565246184 ], [ 90.91740954244068, 25.944558977761996 ], [ 90.933655588303694, 25.939946675857417 ], [ 90.947267140242971, 25.948182929258451 ], [ 90.966586762350346, 25.914249565246184 ], [ 90.968782173953457, 25.885257953274536 ], [ 91.025423793313692, 25.885916853546618 ], [ 91.026301957954942, 25.880316201233917 ], [ 91.015324899939387, 25.848030087901854 ], [ 91.007421418168192, 25.824639128242914 ] ] ] } },
{ "type": "Feature", "properties": { "dt_code": "711", "district": "South West Garo Hills", "st_code": "17", "year": "update2014", "st_nm": "Meghalaya", "state": "meghalaya" }, "geometry": { "type": "Polygon", "coordinates": [ [ [ 90.01992527908925, 25.607202038455565 ], [ 90.090617532709388, 25.588093930565162 ], [ 90.113449813381735, 25.560749569273721 ], [ 90.128817694603512, 25.562396819953928 ], [ 90.130134941565373, 25.562396819953928 ], [ 90.129695859244748, 25.538676410158946 ], [ 90.129695859244748, 25.53768805975082 ], [ 90.136282094054081, 25.53768805975082 ], [ 90.138916587977818, 25.53768805975082 ], [ 90.139355670298443, 25.53768805975082 ], [ 90.141551081901554, 25.553831116416852 ], [ 90.148137316710873, 25.544935962743732 ], [ 90.17096959738322, 25.54460651260769 ], [ 90.15296722223772, 25.398989552477374 ], [ 90.16218795097079, 25.388447148124051 ], [ 90.151649975275859, 25.374939692546352 ], [ 90.035293160311014, 25.344300829894497 ], [ 90.012021797318056, 25.326839972684301 ], [ 89.994019422172542, 25.320250969963471 ], [ 89.993141257531306, 25.313003066970559 ], [ 89.974699800065181, 25.29949561139286 ], [ 89.907959287330627, 25.307731864793897 ], [ 89.87458903096335, 25.287305956359329 ], [ 89.835071622107378, 25.296201110032449 ], [ 89.839901527634211, 25.318603719283264 ], [ 89.820142823206226, 25.347595331254912 ], [ 89.815752, 25.38877659826009 ], [ 89.842096939237322, 25.449724873427758 ], [ 89.871515454719002, 25.477398684855238 ], [ 89.872832701680863, 25.507378647235008 ], [ 89.88600517129953, 25.50803754750709 ], [ 89.883370677375794, 25.519238852132499 ], [ 89.86800279615403, 25.524180604173122 ], [ 89.877223524887086, 25.549218814512273 ], [ 89.877662607207711, 25.549218814512273 ], [ 89.972065306141445, 25.573598124579338 ], [ 89.982603281836376, 25.591058981789534 ], [ 89.983042364157001, 25.591058981789534 ], [ 90.002801068584986, 25.585458329476829 ], [ 90.01992527908925, 25.607202038455565 ] ] ] } },
{ "type": "Feature", "properties": { "dt_code": "261", "district": "Aizawl", "st_code": "15", "year": "2011_c", "st_nm": "Mizoram", "state": "mizoram" }, "geometry": { "type": "MultiPolygon", "coordinates": [ [ [ [ 93.036231763088196, 23.417728422906059 ], [ 93.019102372006969, 23.433964624295378 ], [ 92.971936231776297, 23.477563357975328 ], [ 92.947569069815685, 23.514074206784812 ], [ 92.919884596202039, 23.522645602442115 ], [ 92.91361186143989, 23.522068681580567 ], [ 92.880921262967988, 23.518689573677207 ], [ 92.852332067994411, 23.4802831277512 ], [ 92.839183450896854, 23.427618494818333 ], [ 92.833996381766624, 23.41657458118296 ], [ 92.820003358066472, 23.386080192786775 ], [ 92.811981495341826, 23.367948394280937 ], [ 92.831221902929528, 23.334899070640748 ], [ 92.853598677898304, 23.322618898016337 ], [ 92.827542702732501, 23.298635473629069 ], [ 92.812584642915098, 23.272838869391219 ], [ 92.791233218820906, 23.2758058909649 ], [ 92.78116065434709, 23.299542063554362 ], [ 92.765720076471069, 23.302673919659917 ], [ 92.756552233357183, 23.304651934042372 ], [ 92.736165845380228, 23.313635416029356 ], [ 92.712100257206274, 23.297893718235649 ], [ 92.702027692732457, 23.296904711044423 ], [ 92.691593239714663, 23.322618898016337 ], [ 92.689361593693519, 23.328058437568089 ], [ 92.689723482237497, 23.328965027493382 ], [ 92.689421908450853, 23.329789200152739 ], [ 92.689844111752151, 23.338772682139723 ], [ 92.690386944568104, 23.341657286447472 ], [ 92.689361593693519, 23.343882552627733 ], [ 92.69008537078146, 23.35294845188065 ], [ 92.690628203597413, 23.354844048997172 ], [ 92.688396557576269, 23.358470408698338 ], [ 92.687552150973673, 23.363085775590733 ], [ 92.684657042621922, 23.36712422162158 ], [ 92.674946366692083, 23.368525315142485 ], [ 92.67874619640375, 23.37124508491836 ], [ 92.679047770190394, 23.372646178439268 ], [ 92.678444622617121, 23.37882747338444 ], [ 92.672714720670939, 23.382701084883415 ], [ 92.667467336783375, 23.390777976945106 ], [ 92.669638668047199, 23.401574638782673 ], [ 92.666261041636815, 23.411794379758692 ], [ 92.659324844544059, 23.421766868936903 ], [ 92.65805823464018, 23.431492106317307 ], [ 92.658601067456132, 23.440558005570228 ], [ 92.657997919882845, 23.455640365236448 ], [ 92.658480437941463, 23.466684278871824 ], [ 92.657756660853536, 23.478552365166554 ], [ 92.657575716581547, 23.489184192472251 ], [ 92.661013657749251, 23.497261084533942 ], [ 92.659264529786739, 23.503607214010984 ], [ 92.656791624736286, 23.508387415435251 ], [ 92.654499663957807, 23.51803023554972 ], [ 92.646598430747815, 23.519348911804691 ], [ 92.640386010743001, 23.521739012516825 ], [ 92.635078312098116, 23.533607098811554 ], [ 92.637973420449867, 23.539541141958921 ], [ 92.643763637153384, 23.541189487277634 ], [ 92.644909617542623, 23.547618034020612 ], [ 92.648166614438338, 23.553222408104237 ], [ 92.656731309978952, 23.554211415295462 ], [ 92.658782011728107, 23.559733372113151 ], [ 92.660410510175979, 23.570365199418848 ], [ 92.654017145899175, 23.576793746161826 ], [ 92.652087073664674, 23.584458551893839 ], [ 92.651785499878031, 23.58989809144559 ], [ 92.656731309978952, 23.593359616614887 ], [ 92.664330969402315, 23.5950079619336 ], [ 92.671870314068343, 23.600035415155673 ], [ 92.674886051934749, 23.609101314408594 ], [ 92.674282904361462, 23.614458436694409 ], [ 92.675247940478712, 23.623112249617652 ], [ 92.669156149988567, 23.626491357521012 ], [ 92.658359808426809, 23.628716623701273 ], [ 92.652388647451318, 23.63028255175405 ], [ 92.652448962208652, 23.63522758771019 ], [ 92.645693709387885, 23.63951328553884 ], [ 92.640747899286964, 23.642645141644394 ], [ 92.637129013847272, 23.647425343068662 ], [ 92.637068699089951, 23.658386839438101 ], [ 92.64774441113704, 23.667947242286633 ], [ 92.652509276965972, 23.677013141539554 ], [ 92.656429736192308, 23.681958177495691 ], [ 92.660651769205288, 23.690117486823318 ], [ 92.667648281055364, 23.707342695403867 ], [ 92.663486562799719, 23.711051472370968 ], [ 92.657515401824213, 23.71138114143471 ], [ 92.652026758907354, 23.714100911210586 ], [ 92.648468188224982, 23.719787702560147 ], [ 92.643884266668039, 23.72819426368558 ], [ 92.641712935404215, 23.734128306832947 ], [ 92.639179715596441, 23.738661256459405 ], [ 92.637732161420558, 23.747397486648584 ], [ 92.635681459671403, 23.758441400283957 ], [ 92.629589669181243, 23.762397429048868 ], [ 92.634897367826127, 23.767672134068746 ], [ 92.640386010743001, 23.771957831897399 ], [ 92.642436712492156, 23.785309428978973 ], [ 92.639541604140405, 23.792974234710986 ], [ 92.629951557725221, 23.792891817445053 ], [ 92.625186691896289, 23.796435759880282 ], [ 92.629469039666589, 23.801875299432034 ], [ 92.633208554620936, 23.807891759845337 ], [ 92.638094049964522, 23.815556565577349 ], [ 92.642858915793454, 23.811765371344311 ], [ 92.651061722790104, 23.81118845048276 ], [ 92.656128162405665, 23.818358752619162 ], [ 92.646176227446517, 23.819924680671939 ], [ 92.646598430747815, 23.827589486403951 ], [ 92.65196644415002, 23.830721342509506 ], [ 92.661254916778574, 23.832040018764477 ], [ 92.662400897167799, 23.837149889252487 ], [ 92.654137775413844, 23.847781716558181 ], [ 92.651061722790104, 23.853963011503353 ], [ 92.647623781622386, 23.863523414351889 ], [ 92.643160489580097, 23.872259644541064 ], [ 92.643100174822777, 23.880501371134628 ], [ 92.641351046860251, 23.885776076154507 ], [ 92.641290732102931, 23.892039788365615 ], [ 92.645452450358576, 23.896078234396462 ], [ 92.659324844544059, 23.901270522150405 ], [ 92.663004044741086, 23.90835840702087 ], [ 92.657937605125511, 23.919896824251857 ], [ 92.646357171718492, 23.922204507698059 ], [ 92.644728673270635, 23.929457227100393 ], [ 92.636827440060628, 23.931682493280654 ], [ 92.623015360632465, 23.93514401844995 ], [ 92.625247006653609, 23.941160478863253 ], [ 92.63019281675453, 23.944869255830355 ], [ 92.627538967432088, 23.95368790328547 ], [ 92.627515049511075, 23.953704244639923 ], [ 92.631700685687733, 23.955583500401989 ], [ 92.635259256370105, 23.956160421263537 ], [ 92.635319571127425, 23.956325255795409 ], [ 92.635681459671403, 23.956654924859151 ], [ 92.641230417345596, 23.963165888868065 ], [ 92.643522378124075, 23.964484565123037 ], [ 92.643582692881395, 23.964484565123037 ], [ 92.6446683585133, 23.964154896059291 ], [ 92.646055597931849, 23.960034032762511 ], [ 92.646055597931849, 23.959951615496575 ], [ 92.647865040651695, 23.957891183848187 ], [ 92.650880778518115, 23.956572507593215 ], [ 92.655344070560403, 23.955748334933858 ], [ 92.658902641242761, 23.956819759391021 ], [ 92.658962956000096, 23.956819759391021 ], [ 92.659204215029405, 23.95706701118883 ], [ 92.664089710372991, 23.961352709017483 ], [ 92.665778523578183, 23.963330723399938 ], [ 92.665778523578183, 23.963413140665871 ], [ 92.667045133482077, 23.967863673026397 ], [ 92.668673631929948, 23.969594435611043 ], [ 92.670784648436424, 23.970336191004467 ], [ 92.670844963193758, 23.970336191004467 ], [ 92.670905277951093, 23.970336191004467 ], [ 92.674524163390785, 23.970088939206658 ], [ 92.67868588164643, 23.968193342090139 ], [ 92.680736583395586, 23.967204334898913 ], [ 92.68387295077666, 23.966792248569234 ], [ 92.68393326553398, 23.966792248569234 ], [ 92.685561763981852, 23.970583442802273 ], [ 92.687250577187044, 23.97462188883312 ], [ 92.688939390392221, 23.979979011118935 ], [ 92.688939390392221, 23.980061428384872 ], [ 92.688999705149556, 23.982451529097002 ], [ 92.691532924957343, 23.982286694565133 ], [ 92.692256702045285, 23.981297687373903 ], [ 92.692437646317259, 23.98138010463984 ], [ 92.692618590589248, 23.981462521905776 ], [ 92.694910551367727, 23.982451529097002 ], [ 92.696719994087573, 23.981957025501391 ], [ 92.69738345641818, 23.981792190969518 ], [ 92.698770695836728, 23.98212186003326 ], [ 92.699735731953979, 23.98121527010797 ], [ 92.703837135452304, 23.982204277299196 ], [ 92.703897450209624, 23.982204277299196 ], [ 92.704862486326888, 23.981462521905776 ], [ 92.709144834097188, 23.978165831268349 ], [ 92.709446407883831, 23.978248248534285 ], [ 92.713487496624822, 23.979731759321126 ], [ 92.716563549248562, 23.979814176587062 ], [ 92.716623864005882, 23.979731759321126 ], [ 92.72012211993092, 23.97536364422654 ], [ 92.723680690613293, 23.974951557896862 ], [ 92.739784730819935, 23.978907586661769 ], [ 92.74491148519283, 23.982369111831069 ], [ 92.746117780339389, 23.984182291681652 ], [ 92.746238409854044, 23.987561399585012 ], [ 92.744549596648852, 23.988632824042178 ], [ 92.744489281891532, 23.988632824042178 ], [ 92.744368652376878, 23.992259183743343 ], [ 92.745574947523437, 23.993000939136763 ], [ 92.747866908301916, 23.992753687338958 ], [ 92.755044364423966, 23.989292162169662 ], [ 92.757336325202445, 23.98970424849934 ], [ 92.758723564620993, 23.990858090222439 ], [ 92.759145767922291, 23.992341601009279 ], [ 92.75932671219428, 23.992918521870827 ], [ 92.758663249863659, 23.998522895954451 ], [ 92.758663249863659, 23.998605313220388 ], [ 92.75932671219428, 24.000253658539101 ], [ 92.763729689479234, 24.004374521835881 ], [ 92.771510293174572, 24.011792075770089 ], [ 92.779049637840615, 24.015665687269063 ], [ 92.783633559397558, 24.01739644985371 ], [ 92.784960484058772, 24.017890953449324 ], [ 92.790630071247634, 24.018715126108681 ], [ 92.801185153780068, 24.017808536183388 ], [ 92.805769075337011, 24.018303039779003 ], [ 92.806070649123654, 24.018303039779003 ], [ 92.810413311651288, 24.020198636895522 ], [ 92.811921180584491, 24.021929399480172 ], [ 92.813187790488385, 24.022094234012041 ], [ 92.817530453016019, 24.022671154873592 ], [ 92.8213302827277, 24.021352478618621 ], [ 92.822777836903583, 24.020857975023006 ], [ 92.828085535548468, 24.016654694460289 ], [ 92.829834663510979, 24.013687672886608 ], [ 92.832126624289458, 24.012616248429445 ], [ 92.832669457105411, 24.013934924684413 ], [ 92.83170442098816, 24.018632708842745 ], [ 92.83176473574548, 24.018715126108681 ], [ 92.832729771862731, 24.020363471427395 ], [ 92.836107398273114, 24.021929399480172 ], [ 92.836107398273114, 24.021846982214235 ], [ 92.838881877110211, 24.015171183673448 ], [ 92.84093257885938, 24.013934924684413 ], [ 92.841294467403344, 24.015336018205321 ], [ 92.843827687211132, 24.024649169256048 ], [ 92.84732594313617, 24.026709600904439 ], [ 92.84738625789349, 24.026792018170372 ], [ 92.84732594313617, 24.026874435436309 ], [ 92.845275241387014, 24.034127154838643 ], [ 92.845335556144335, 24.034127154838643 ], [ 92.848049720224111, 24.033550233977095 ], [ 92.849316330128005, 24.033962320306774 ], [ 92.850221051487921, 24.035857917423293 ], [ 92.850160736730601, 24.038660104465105 ], [ 92.850160736730601, 24.044594147612468 ], [ 92.847929090709457, 24.045418320271825 ], [ 92.847868775952122, 24.045418320271825 ], [ 92.847567202165479, 24.046819413792733 ], [ 92.847567202165479, 24.046901831058669 ], [ 92.849075071098682, 24.050280938962029 ], [ 92.849135385856016, 24.050363356227962 ], [ 92.84835129401074, 24.053083126003841 ], [ 92.847868775952122, 24.055061140386293 ], [ 92.847868775952122, 24.055143557652229 ], [ 92.849738533429303, 24.059758924544624 ], [ 92.848592553040064, 24.062561111586437 ], [ 92.848652867797384, 24.062561111586437 ], [ 92.850643254789219, 24.065033629564507 ], [ 92.851306717119826, 24.065445715894185 ], [ 92.85136703187716, 24.065445715894185 ], [ 92.852151123722422, 24.070308334584386 ], [ 92.85661441576471, 24.071297341775615 ], [ 92.85661441576471, 24.071379759041548 ], [ 92.856795360036699, 24.075006118742717 ], [ 92.856855674794033, 24.075583039604268 ], [ 92.857096933823343, 24.07929181657137 ], [ 92.858785747028534, 24.084484104325316 ], [ 92.859750783145785, 24.087368708633061 ], [ 92.859750783145785, 24.087451125898998 ], [ 92.856493786250056, 24.093879672641975 ], [ 92.85655410100739, 24.093962089907912 ], [ 92.857036619066008, 24.094786262567268 ], [ 92.858846061785854, 24.09536318342882 ], [ 92.858846061785854, 24.095445600694752 ], [ 92.858363543727236, 24.099154377661858 ], [ 92.858423858484556, 24.099071960395921 ], [ 92.860112671689748, 24.098577456800307 ], [ 92.860534874991046, 24.099648881257473 ], [ 92.860715819263035, 24.10195656470367 ], [ 92.86083644877769, 24.103934579086125 ], [ 92.860957078292344, 24.105253255341093 ], [ 92.860957078292344, 24.10533567260703 ], [ 92.86180148489494, 24.106242262532323 ], [ 92.866023517907919, 24.107313686989485 ], [ 92.869159885288994, 24.109786204967556 ], [ 92.870245550920899, 24.110692794892845 ], [ 92.870728068979517, 24.116214751710533 ], [ 92.869642403347612, 24.119758694145766 ], [ 92.869582088590292, 24.119923528677635 ], [ 92.869642403347612, 24.120005945943571 ], [ 92.871934364126091, 24.1221487948579 ], [ 92.874166010147235, 24.124291643772224 ], [ 92.874226324904555, 24.124374061038161 ], [ 92.876035767624401, 24.127341082611842 ], [ 92.878870561218832, 24.12874217613275 ], [ 92.878930875976167, 24.12874217613275 ], [ 92.878870561218832, 24.128824593398683 ], [ 92.878810246461498, 24.128989427930556 ], [ 92.874588213448533, 24.135088305609791 ], [ 92.874648528205853, 24.138879499842833 ], [ 92.874769157720507, 24.139044334374702 ], [ 92.876759544712343, 24.143494866735228 ], [ 92.879594338306774, 24.146956391904524 ], [ 92.884117945106397, 24.150005830744142 ], [ 92.884178259863717, 24.150170665276015 ], [ 92.885927387826243, 24.152972852317824 ], [ 92.886289276370206, 24.155362953029957 ], [ 92.886289276370206, 24.155445370295894 ], [ 92.884841722194324, 24.157753053742091 ], [ 92.884902036951658, 24.157835471008028 ], [ 92.88544486976761, 24.15890689546519 ], [ 92.887676515788755, 24.159978319922352 ], [ 92.887676515788755, 24.160060737188289 ], [ 92.888641551906005, 24.165170607676298 ], [ 92.888159033847387, 24.167313456590623 ], [ 92.887073368215468, 24.16723103932469 ], [ 92.885746443554254, 24.167066204792818 ], [ 92.885324240252956, 24.168055211984047 ], [ 92.885384555010276, 24.168055211984047 ], [ 92.887013053458148, 24.168302463781853 ], [ 92.887435256759446, 24.168549715579658 ], [ 92.891898548801734, 24.170939816291792 ], [ 92.894371453852187, 24.17135190262147 ], [ 92.894673027638831, 24.172423327078633 ], [ 92.89485397191082, 24.17324749973799 ], [ 92.89491428666814, 24.17324749973799 ], [ 92.894733342396165, 24.183714492511815 ], [ 92.89587932278539, 24.187917773074531 ], [ 92.896542785116011, 24.190143039254796 ], [ 92.89491428666814, 24.198961686709907 ], [ 92.894974601425474, 24.198961686709907 ], [ 92.897507821233262, 24.199208938507713 ], [ 92.897447506475928, 24.199373773039586 ], [ 92.896361840844023, 24.202175960081398 ], [ 92.896422155601343, 24.202175960081398 ], [ 92.899860096769061, 24.20341221907043 ], [ 92.899980726283715, 24.20341221907043 ], [ 92.900463244342347, 24.204401226261659 ], [ 92.900463244342347, 24.204483643527595 ], [ 92.900523559099668, 24.204566060793532 ], [ 92.900282300070359, 24.206379240644115 ], [ 92.899618837739752, 24.206956161505662 ], [ 92.899437893467763, 24.207120996037535 ], [ 92.899498208225083, 24.207203413303471 ], [ 92.899498208225083, 24.207285830569404 ], [ 92.900885447643631, 24.209346262217796 ], [ 92.900825132886311, 24.209428679483732 ], [ 92.900644188614322, 24.210252852143089 ], [ 92.898533172107832, 24.210088017611216 ], [ 92.898171283563869, 24.210088017611216 ], [ 92.898231598321189, 24.210252852143089 ], [ 92.898352227835858, 24.210500103940895 ], [ 92.899498208225083, 24.212725370121156 ], [ 92.901367965702264, 24.216351729822325 ], [ 92.901367965702264, 24.216434147088261 ], [ 92.901669539488907, 24.217835240609165 ], [ 92.902513946091503, 24.221214348512529 ], [ 92.902574260848823, 24.221544017576271 ], [ 92.901669539488907, 24.231104420424803 ], [ 92.901488595216918, 24.231434089488545 ], [ 92.899196634438454, 24.235719787317198 ], [ 92.896241211329368, 24.237203298104038 ], [ 92.896180896572034, 24.237203298104038 ], [ 92.896120581814714, 24.237368132635911 ], [ 92.893165158705628, 24.241983499528306 ], [ 92.890873197927149, 24.241983499528306 ], [ 92.890812883169829, 24.241983499528306 ], [ 92.890752568412495, 24.241983499528306 ], [ 92.8875558862741, 24.235637370051265 ], [ 92.883695741805099, 24.232340679413838 ], [ 92.880981577725322, 24.233247269339131 ], [ 92.878991190733487, 24.236873629040296 ], [ 92.878930875976167, 24.236956046306233 ], [ 92.876277026653725, 24.239758233348045 ], [ 92.875432620051129, 24.240582406007402 ], [ 92.865902888393265, 24.240912075071144 ], [ 92.863429983342812, 24.241241744134886 ], [ 92.863007780041514, 24.242395585857984 ], [ 92.863068094798834, 24.242395585857984 ], [ 92.863068094798834, 24.242478003123921 ], [ 92.864575963732037, 24.244043931176698 ], [ 92.864575963732037, 24.244126348442634 ], [ 92.863249039070823, 24.248412046271284 ], [ 92.863309353828143, 24.248412046271284 ], [ 92.867410757326468, 24.25022522612187 ], [ 92.867350442569148, 24.250307643387806 ], [ 92.865299740819978, 24.25360433402523 ], [ 92.865299740819978, 24.253686751291166 ], [ 92.865902888393265, 24.256901024662657 ], [ 92.864033130916084, 24.25698344192859 ], [ 92.862404632468227, 24.257148276460462 ], [ 92.861982429166929, 24.257725197322014 ], [ 92.861982429166929, 24.257807614587946 ], [ 92.862947465284179, 24.259785628970402 ], [ 92.862947465284179, 24.259868046236338 ], [ 92.867350442569148, 24.261269139757246 ], [ 92.867290127811813, 24.261433974289115 ], [ 92.864334704702728, 24.264483413128733 ], [ 92.864274389945408, 24.26456583039467 ], [ 92.864274389945408, 24.269098780021128 ], [ 92.866867924510515, 24.272313053392619 ], [ 92.86698855402517, 24.272560305190424 ], [ 92.869823347619601, 24.276021830359724 ], [ 92.871089957523495, 24.276351499423466 ], [ 92.872597826456698, 24.276681168487208 ], [ 92.874467583933878, 24.275939413093788 ], [ 92.876457970925699, 24.276351499423466 ], [ 92.876457970925699, 24.276433916689399 ], [ 92.876397656168379, 24.277505341146565 ], [ 92.876397656168379, 24.277587758412498 ], [ 92.875131046264485, 24.279565772794953 ], [ 92.873562862573948, 24.281791038975218 ], [ 92.873623177331282, 24.281873456241151 ], [ 92.873623177331282, 24.281955873507087 ], [ 92.875854823352427, 24.285994319537934 ], [ 92.875794508595092, 24.285994319537934 ], [ 92.87308034451533, 24.289291010175358 ], [ 92.872718455971352, 24.291021772760008 ], [ 92.871994678883411, 24.295060218790852 ], [ 92.871934364126091, 24.295142636056788 ], [ 92.870667754222197, 24.2979448230986 ], [ 92.867229813054479, 24.299263499353572 ], [ 92.867048868782504, 24.299345916619504 ], [ 92.86698855402517, 24.299510751151377 ], [ 92.864696593246705, 24.307505225947132 ], [ 92.863188724313488, 24.30791731227681 ], [ 92.861861799652274, 24.307257974149326 ], [ 92.859509524116476, 24.306186549692164 ], [ 92.85751913712464, 24.307834895010878 ], [ 92.857579451881961, 24.30791731227681 ], [ 92.861077707806999, 24.31376893815824 ], [ 92.864033130916084, 24.315334866211018 ], [ 92.864395019460062, 24.31549970074289 ], [ 92.869220200046314, 24.316735959731925 ], [ 92.869943977134255, 24.320115067635285 ], [ 92.866686980238526, 24.319867815837476 ], [ 92.865118796547989, 24.323082089208967 ], [ 92.862826835769525, 24.324071096400196 ], [ 92.862887150526845, 24.324235930932065 ], [ 92.864214075188073, 24.327285369771687 ], [ 92.865540999849287, 24.325554607187037 ], [ 92.865661629363956, 24.325554607187037 ], [ 92.867290127811813, 24.326049110782652 ], [ 92.870728068979517, 24.328686463292591 ], [ 92.874226324904555, 24.329757887749754 ], [ 92.877543636557618, 24.333054578387181 ], [ 92.879172135005476, 24.337010607152088 ], [ 92.881343466269286, 24.340472132321388 ], [ 92.887978089575398, 24.350856707829276 ], [ 92.888038404332718, 24.350939125095209 ], [ 92.893587362006926, 24.355389657455735 ], [ 92.893527047249592, 24.355389657455735 ], [ 92.890390679868531, 24.356461081912897 ], [ 92.888641551906005, 24.360829197007487 ], [ 92.886771794428839, 24.362807211389942 ], [ 92.886832109186159, 24.362889628655878 ], [ 92.889485958508601, 24.364867643038334 ], [ 92.889425643751281, 24.364950060304267 ], [ 92.888822496177994, 24.367752247346079 ], [ 92.892441381617687, 24.367834664612015 ], [ 92.89274295540433, 24.367834664612015 ], [ 92.893647676764246, 24.368906089069178 ], [ 92.89485397191082, 24.377230232928678 ], [ 92.893285788220282, 24.378713743715519 ], [ 92.888400292876696, 24.379208247311134 ], [ 92.887254312487457, 24.380279671768296 ], [ 92.887133682972802, 24.380362089034232 ], [ 92.891355715985782, 24.386873053043146 ], [ 92.892139807831043, 24.390499412744315 ], [ 92.894069880065544, 24.386873053043146 ], [ 92.895396804726772, 24.386625801245341 ], [ 92.896422155601343, 24.387120304840952 ], [ 92.896904673659975, 24.388274146564051 ], [ 92.897085617931964, 24.388768650159665 ], [ 92.897145932689284, 24.388933484691538 ], [ 92.897145932689284, 24.389015901957471 ], [ 92.896361840844023, 24.390252160946506 ], [ 92.895638063756081, 24.391323585403669 ], [ 92.900221985313024, 24.390499412744315 ], [ 92.901428280459598, 24.390746664542121 ], [ 92.904444018326004, 24.391488419935541 ], [ 92.905107480656611, 24.392395009860834 ], [ 92.904986851141956, 24.396103786827936 ], [ 92.908545421824329, 24.40022465012472 ], [ 92.910837382602793, 24.409949887505125 ], [ 92.922659075039135, 24.402697168102787 ], [ 92.921814668436539, 24.40113124005001 ], [ 92.922900334068444, 24.399647729263169 ], [ 92.924589147273636, 24.39923564293349 ], [ 92.9268811080521, 24.395609283232325 ], [ 92.934963285534096, 24.392559844392704 ], [ 92.936953672525917, 24.393713686115802 ], [ 92.937737764371192, 24.396021369562 ], [ 92.939788466120348, 24.397999383944455 ], [ 92.94334703680272, 24.398823556603812 ], [ 92.948895994476914, 24.40113124005001 ], [ 92.950464178167451, 24.401790578177497 ], [ 92.951308584770047, 24.401708160911561 ], [ 92.953118027489893, 24.401543326379688 ], [ 92.953238657004547, 24.401460909113752 ], [ 92.953902119335154, 24.400801570986268 ], [ 92.95685754244424, 24.395774117764194 ], [ 92.957340060502858, 24.394949945104837 ], [ 92.957701949046836, 24.394620276041096 ], [ 92.959511391766682, 24.392807096190513 ], [ 92.970006159541796, 24.398164218476328 ], [ 92.974831340128048, 24.404675182485242 ], [ 92.979415261684991, 24.406570779601761 ], [ 92.984602330815221, 24.404427930687437 ], [ 92.987497439166987, 24.404510347953373 ], [ 92.991056009849345, 24.402367499039045 ], [ 92.994493951017063, 24.398823556603812 ], [ 92.997208115096825, 24.398411470274134 ], [ 92.999620705389958, 24.400142232858784 ], [ 93.023445034534603, 24.387285139372825 ], [ 93.016207263655218, 24.376818146599 ], [ 93.021213388513459, 24.371048937983506 ], [ 93.019223001521638, 24.362807211389942 ], [ 93.018378594919042, 24.355636909253541 ], [ 93.020610240940186, 24.343603988426942 ], [ 93.030803434928657, 24.341296304980741 ], [ 93.042383868335676, 24.340142463257642 ], [ 93.034241376096361, 24.315170031679148 ], [ 93.022962516475985, 24.297532736768922 ], [ 93.017232614529803, 24.289950348302845 ], [ 93.010115473165072, 24.284922895080769 ], [ 93.007220364813307, 24.277340506614692 ], [ 93.012950266759489, 24.268521859159581 ], [ 93.005772810637438, 24.259620794438533 ], [ 93.005712495880104, 24.250802146983418 ], [ 93.01699135550048, 24.233164852073195 ], [ 93.025556051041093, 24.229456075106089 ], [ 93.018378594919042, 24.225664880873051 ], [ 93.018378594919042, 24.221873686640013 ], [ 93.022600627932007, 24.214373715439869 ], [ 93.021213388513459, 24.206873744239729 ], [ 93.01693104074316, 24.204401226261659 ], [ 93.015543801324611, 24.196818837795579 ], [ 93.011321768311632, 24.194346319817512 ], [ 93.001972980925757, 24.194346319817512 ], [ 93.002033295683091, 24.191132046446022 ], [ 93.009813899378429, 24.179016708353483 ], [ 93.002214239955066, 24.170939816291792 ], [ 93.004325256461556, 24.157423384678349 ], [ 92.999560390632624, 24.153632190445311 ], [ 92.992021045966595, 24.150088248010078 ], [ 92.99003065897476, 24.14720364370233 ], [ 92.989789399945451, 24.143742118533034 ], [ 92.991779786937286, 24.13723115452412 ], [ 92.984964219359199, 24.125775154559065 ], [ 92.97645983857592, 24.123302636580998 ], [ 92.972539379349584, 24.120830118602928 ], [ 92.973745674496143, 24.113907068264336 ], [ 92.975253543429346, 24.111764219350007 ], [ 92.983697609455305, 24.111764219350007 ], [ 92.988160901497594, 24.113247730136852 ], [ 92.999560390632624, 24.112093888413753 ], [ 93.008547289474535, 24.106819183393871 ], [ 93.012950266759489, 24.101379643842119 ], [ 93.020308667153543, 24.098247787736565 ], [ 93.02615919861438, 24.100473053916829 ], [ 93.029114621723465, 24.097670866875017 ], [ 93.03351759900842, 24.096022521556304 ], [ 93.03653333687484, 24.091984075525456 ], [ 93.052456432809493, 24.087451125898998 ], [ 93.063976551459177, 24.09099506833423 ], [ 93.072541246999791, 24.097176363279402 ], [ 93.078271148945973, 24.099648881257473 ], [ 93.084001050892155, 24.087039039569319 ], [ 93.088223083905135, 24.080692910092274 ], [ 93.093952985851317, 24.076984133125173 ], [ 93.101070127216047, 24.070638003648128 ], [ 93.099622573040165, 24.063138032447988 ], [ 93.101009812458713, 24.059346838214946 ], [ 93.099622573040165, 24.053083126003841 ], [ 93.102457366634596, 24.049291931770799 ], [ 93.098175018864282, 24.045500737537761 ], [ 93.099622573040165, 24.041709543304723 ], [ 93.109574507999326, 24.046819413792733 ], [ 93.110961747417875, 24.051846867014806 ], [ 93.118078888782605, 24.053083126003841 ], [ 93.119526442958488, 24.056874320236879 ], [ 93.128030823741767, 24.060665514469918 ], [ 93.133760725687949, 24.069484161925029 ], [ 93.133760725687949, 24.075830291402074 ], [ 93.14087786705268, 24.083330262602217 ], [ 93.146547454241528, 24.084648938857185 ], [ 93.157102536773976, 24.080363241028532 ], [ 93.159937330368393, 24.074099528817424 ], [ 93.168502025909007, 24.067835816606319 ], [ 93.165606917557255, 24.057698492896236 ], [ 93.168441711151672, 24.051434780685128 ], [ 93.174111298340534, 24.050198521696093 ], [ 93.192567614082975, 24.052753456940096 ], [ 93.196849961853275, 24.048962262707057 ], [ 93.207224100113734, 24.047561169186153 ], [ 93.194738945346785, 24.014099759216286 ], [ 93.171457449018092, 23.940006637140154 ], [ 93.189069358157937, 23.907204565297771 ], [ 93.16144519930161, 23.882644220048952 ], [ 93.165124399498623, 23.839952076294296 ], [ 93.149804451137257, 23.81044669508934 ], [ 93.125075400632682, 23.798496191528674 ], [ 93.075195096322233, 23.774347932609533 ], [ 93.044374255327497, 23.765611702420358 ], [ 93.044977402900784, 23.707507529935736 ], [ 93.045520235716737, 23.669595587605347 ], [ 93.045580550474071, 23.666628566031665 ], [ 93.04576149474606, 23.653441803481964 ], [ 93.056859410094447, 23.55561250881637 ], [ 93.04485677338613, 23.475667760858805 ], [ 93.059513259416889, 23.416409746651087 ], [ 93.044615514356821, 23.41072295530153 ], [ 93.039850648527889, 23.414678984066438 ], [ 93.036231763088196, 23.417728422906059 ] ] ], [ [ [ 92.627418337917433, 23.953770320551403 ], [ 92.627515049511075, 23.953704244639923 ], [ 92.627478652674753, 23.95368790328547 ], [ 92.627418337917433, 23.953770320551403 ] ] ] ] } },
{ "type": "Feature", "properties": { "dt_code": "262", "district": "Champhai", "st_code": "15", "year": "2011_c", "st_nm": "Mizoram", "state": "mizoram" }, "geometry": { "type": "MultiPolygon", "coordinates": [ [ [ [ 93.045580550474071, 23.666628566031665 ], [ 93.045520235716737, 23.669595587605347 ], [ 93.044977402900784, 23.707507529935736 ], [ 93.044374255327497, 23.765611702420358 ], [ 93.075195096322233, 23.774347932609533 ], [ 93.125075400632682, 23.798496191528674 ], [ 93.149804451137257, 23.81044669508934 ], [ 93.165124399498623, 23.839952076294296 ], [ 93.16144519930161, 23.882644220048952 ], [ 93.189069358157937, 23.907204565297771 ], [ 93.171457449018092, 23.940006637140154 ], [ 93.194738945346785, 24.014099759216286 ], [ 93.207224100113734, 24.047561169186153 ], [ 93.215306277595715, 24.046489744728987 ], [ 93.219528310608695, 24.057780910162172 ], [ 93.220975864784563, 24.064044622373277 ], [ 93.223810658378994, 24.070308334584386 ], [ 93.220975864784563, 24.077890723050466 ], [ 93.225258212554877, 24.082918176272539 ], [ 93.235210147514039, 24.080363241028532 ], [ 93.240879734702887, 24.082918176272539 ], [ 93.246549321891735, 24.081681917283504 ], [ 93.262231158797078, 24.069072075595351 ], [ 93.262231158797078, 24.064044622373277 ], [ 93.26512626714883, 24.056544651173137 ], [ 93.26084391937853, 24.053989715929131 ], [ 93.250891984419368, 24.030171126073732 ], [ 93.2537267780138, 24.020116219629585 ], [ 93.272424352785549, 24.030171126073732 ], [ 93.27525914637998, 24.036434838284841 ], [ 93.283823841920594, 24.042780967761885 ], [ 93.28665863551501, 24.047808420983959 ], [ 93.296731199988827, 24.047808420983959 ], [ 93.310965482718288, 24.050280938962029 ], [ 93.335754847980198, 24.049539183568609 ], [ 93.34058002856645, 24.040720536113493 ], [ 93.334367608561649, 24.038742521731038 ], [ 93.335996107009507, 24.030335960605605 ], [ 93.34051971380913, 24.026792018170372 ], [ 93.335272329921565, 24.019951385097716 ], [ 93.338649956331949, 24.008577802398598 ], [ 93.337624605457378, 23.998358061422579 ], [ 93.337323031670735, 23.992011931945537 ], [ 93.332739110113792, 23.983110867224489 ], [ 93.335815162737532, 23.978907586661769 ], [ 93.345706782939359, 23.976764737747445 ], [ 93.349928815952339, 23.974044967971569 ], [ 93.351436684885542, 23.968110924824202 ], [ 93.354150848965304, 23.957314262986635 ], [ 93.358131622948974, 23.950720881711785 ], [ 93.36319806256455, 23.942067068788543 ], [ 93.369289853054696, 23.936627529236791 ], [ 93.373994404126293, 23.933825342194982 ], [ 93.379483047043166, 23.932176996876269 ], [ 93.389193722973005, 23.930034147961941 ], [ 93.396914011911022, 23.926242953728902 ], [ 93.397818733270952, 23.920391327847472 ], [ 93.397396529969654, 23.914951788295721 ], [ 93.395768031521783, 23.908935327882421 ], [ 93.394923624919187, 23.894677140875554 ], [ 93.393777644529962, 23.88330355817644 ], [ 93.393596700257973, 23.872671730870742 ], [ 93.394561736375223, 23.866902522255248 ], [ 93.395044254433856, 23.859814637384783 ], [ 93.394682365889878, 23.854539932364904 ], [ 93.394863310161867, 23.846710292101019 ], [ 93.39522519870583, 23.836902637454678 ], [ 93.39824093657225, 23.831298263371057 ], [ 93.397275900455, 23.820171932469744 ], [ 93.399507546476144, 23.81539173104548 ], [ 93.404996189393003, 23.813084047599283 ], [ 93.409097592891328, 23.80368847928262 ], [ 93.408132556774078, 23.794787414561572 ], [ 93.405659651723624, 23.786216018904266 ], [ 93.40252328434255, 23.77105124197211 ], [ 93.402282025313241, 23.764952364292874 ], [ 93.403307376187811, 23.757534810358667 ], [ 93.405177133664992, 23.751600767211301 ], [ 93.408554760075376, 23.744595299606772 ], [ 93.412475219301712, 23.739403011852826 ], [ 93.413440255418962, 23.734375558630752 ], [ 93.415732216197441, 23.728523932749322 ], [ 93.41386245872026, 23.722837141399765 ], [ 93.413500570176296, 23.714018493944653 ], [ 93.414948124352165, 23.708084450797287 ], [ 93.421281173871634, 23.699925141469659 ], [ 93.427553908633769, 23.696628450832232 ], [ 93.43449010572651, 23.692095501205774 ], [ 93.439315286312777, 23.684183443675952 ], [ 93.442632597965826, 23.678331817794525 ], [ 93.438893083011479, 23.674128537231805 ], [ 93.434067902425213, 23.667699990488828 ], [ 93.43135373834545, 23.663084623596433 ], [ 93.42827768572171, 23.65616157325784 ], [ 93.426226983972541, 23.649485774717053 ], [ 93.426528557759184, 23.641079213591617 ], [ 93.430629961257509, 23.614705688492215 ], [ 93.431293423588116, 23.590969515902756 ], [ 93.432620348249344, 23.584788220957581 ], [ 93.430931535044152, 23.578359674214603 ], [ 93.424960374068647, 23.567645429642972 ], [ 93.421884321444907, 23.557508105932889 ], [ 93.425081003583315, 23.548936710275584 ], [ 93.425925410185911, 23.541189487277634 ], [ 93.425563521641934, 23.534184019673106 ], [ 93.423392190378124, 23.527178552068577 ], [ 93.419773304938431, 23.523140106037729 ], [ 93.414043402992249, 23.516464307496943 ], [ 93.408976963376674, 23.509211588094608 ], [ 93.405418392694301, 23.504513803936277 ], [ 93.405358077936981, 23.503359962213178 ], [ 93.391003165692865, 23.496766580938328 ], [ 93.36941048256935, 23.493469890300904 ], [ 93.355417458869198, 23.489431444270057 ], [ 93.336961143126757, 23.478305113368748 ], [ 93.326767949138286, 23.469156796849891 ], [ 93.313920905827374, 23.46445901269156 ], [ 93.298420013194018, 23.467508451531177 ], [ 93.29184570464524, 23.472288652955445 ], [ 93.274716313564028, 23.484651242845789 ], [ 93.26820231977257, 23.47937653782591 ], [ 93.268805467345857, 23.469898552243311 ], [ 93.269167355889834, 23.464706264489369 ], [ 93.267418227927308, 23.449706322089082 ], [ 93.260662975106541, 23.448470063100046 ], [ 93.260662975106541, 23.449459070291276 ], [ 93.260723289863876, 23.455805199768321 ], [ 93.260421716077232, 23.460255732128843 ], [ 93.259697938989291, 23.469404048647696 ], [ 93.258491643842731, 23.470557890370799 ], [ 93.256320312578922, 23.472618322019187 ], [ 93.25463149937373, 23.474184250071964 ], [ 93.253787092771134, 23.474926005465385 ], [ 93.256863145394874, 23.481272134942429 ], [ 93.258129755298768, 23.483909487452369 ], [ 93.260059827533269, 23.486299588164503 ], [ 93.261507381709137, 23.488112768015085 ], [ 93.266392877052724, 23.494294062960257 ], [ 93.269348300161809, 23.49882701258672 ], [ 93.270735539580357, 23.500969861501044 ], [ 93.271399001910979, 23.502041285958207 ], [ 93.273510018417454, 23.505255559329697 ], [ 93.273871906961432, 23.508387415435251 ], [ 93.273992536476086, 23.509376422626481 ], [ 93.274173480748075, 23.510859933413322 ], [ 93.274655998806693, 23.515228048507911 ], [ 93.27429411026273, 23.51803023554972 ], [ 93.274113165990741, 23.519431329070628 ], [ 93.274113165990741, 23.519431329070628 ], [ 93.273630647932123, 23.523717026899281 ], [ 93.277671736673113, 23.53146424989723 ], [ 93.279179605606316, 23.537233458512723 ], [ 93.280084326966232, 23.540942235479825 ], [ 93.276525756283874, 23.55239823544488 ], [ 93.27435442502005, 23.554953170688883 ], [ 93.260240771805243, 23.572013544737558 ], [ 93.26205021452509, 23.579266264139896 ], [ 93.266332562295403, 23.585365141819132 ], [ 93.268503893559213, 23.58841458065875 ], [ 93.270675224823037, 23.591381602232431 ], [ 93.268443578801893, 23.59764531444354 ], [ 93.267176968897999, 23.601354091410645 ], [ 93.272243408513575, 23.611738666918534 ], [ 93.274776628321348, 23.623936422277009 ], [ 93.277008274342492, 23.639430868272907 ], [ 93.278576458033029, 23.658304422172165 ], [ 93.27525914637998, 23.674128537231805 ], [ 93.270856169095012, 23.691271328546417 ], [ 93.266513506567392, 23.704293256564249 ], [ 93.263377139186318, 23.713441573083102 ], [ 93.259818568503945, 23.729348105408679 ], [ 93.251253872963346, 23.739320594586893 ], [ 93.242809806937387, 23.735941486683529 ], [ 93.227972376634639, 23.729018436344937 ], [ 93.20499245409259, 23.727534925558096 ], [ 93.19672933233862, 23.734787644960431 ], [ 93.196548388066631, 23.747891990244195 ], [ 93.188586840099305, 23.764869947026938 ], [ 93.174231927855189, 23.771133659238046 ], [ 93.160781736970989, 23.76519961609068 ], [ 93.157343795803286, 23.744512882340835 ], [ 93.159273868037786, 23.717067932784271 ], [ 93.164099048624053, 23.708908623456644 ], [ 93.168321081637018, 23.701655904054306 ], [ 93.170613042415496, 23.679980163113235 ], [ 93.163495901050766, 23.663249458128302 ], [ 93.162591179690835, 23.661271443745846 ], [ 93.1543883726942, 23.658716508501843 ], [ 93.145823677153587, 23.655996738725968 ], [ 93.144738011521682, 23.655090148800674 ], [ 93.138163702972903, 23.64956819198299 ], [ 93.132252856754747, 23.644540738760917 ], [ 93.116751964121377, 23.643386897037814 ], [ 93.108609471882076, 23.642809976176267 ], [ 93.108428527610087, 23.642809976176267 ], [ 93.096546520416425, 23.64857918479176 ], [ 93.087077103515895, 23.653194551684155 ], [ 93.077185483314068, 23.671326350189997 ], [ 93.067414492626895, 23.666546148765729 ], [ 93.064398754760475, 23.664980220712952 ], [ 93.063554348157879, 23.664897803447015 ], [ 93.060478295534139, 23.665474724308567 ], [ 93.05625626252116, 23.666216479701987 ], [ 93.051129508148264, 23.666710983297598 ], [ 93.04672653086331, 23.666875817829471 ], [ 93.045580550474071, 23.666628566031665 ] ] ], [ [ [ 93.196608702823966, 23.055257287321151 ], [ 93.195703981464035, 23.064900107435619 ], [ 93.193351705928237, 23.075696769273186 ], [ 93.188707469613959, 23.098114265607681 ], [ 93.183641029998398, 23.121108682803719 ], [ 93.165425973285267, 23.179130438022405 ], [ 93.130805302578864, 23.194624884018303 ], [ 93.078391778460627, 23.206575387578969 ], [ 93.050646990089646, 23.213168768853819 ], [ 93.037980891050708, 23.244487329909362 ], [ 93.02615919861438, 23.249514783131435 ], [ 93.012769322487515, 23.262042207553648 ], [ 93.01482002423667, 23.273827876582445 ], [ 93.041177573189103, 23.307948624679796 ], [ 93.042926701151629, 23.307866207413859 ], [ 93.044313940570177, 23.308360711009474 ], [ 93.047691566980561, 23.309349718200703 ], [ 93.056678465822458, 23.313388164231547 ], [ 93.079115555548569, 23.312976077901869 ], [ 93.081347201569713, 23.312893660635936 ], [ 93.085810493612001, 23.312893660635936 ], [ 93.094194244880626, 23.312976077901869 ], [ 93.098175018864282, 23.31429475415684 ], [ 93.099803517312154, 23.314789257752455 ], [ 93.104990586442383, 23.318003531123942 ], [ 93.111022062175195, 23.321382639027306 ], [ 93.120189905289095, 23.322371646218532 ], [ 93.132554430541376, 23.323195818877888 ], [ 93.133700410930615, 23.323772739739439 ], [ 93.139792201420775, 23.327151847642799 ], [ 93.144918955793671, 23.332673804460487 ], [ 93.155172464539461, 23.341245200117793 ], [ 93.169467062026257, 23.345201228882701 ], [ 93.192326355053666, 23.34371771809586 ], [ 93.201735457196861, 23.340585861990306 ], [ 93.205113083607245, 23.338772682139723 ], [ 93.206982841084425, 23.338855099405659 ], [ 93.208189136230985, 23.338937516671592 ], [ 93.208309765745639, 23.340256192926564 ], [ 93.208671654289617, 23.342069372777146 ], [ 93.209033542833581, 23.343635300829924 ], [ 93.20927480186289, 23.345118811616768 ], [ 93.209877949436176, 23.346931991467351 ], [ 93.209938264193497, 23.347591329594835 ], [ 93.212712743030607, 23.348910005849806 ], [ 93.21325557584656, 23.348580336786064 ], [ 93.213979352934501, 23.348333084988255 ], [ 93.214522185750454, 23.348415502254191 ], [ 93.21536659235305, 23.349239674913548 ], [ 93.216030054683657, 23.350146264838841 ], [ 93.216150684198311, 23.350475933902583 ], [ 93.220915550027243, 23.356080307986204 ], [ 93.221639327115184, 23.356080307986204 ], [ 93.221940900901828, 23.356657228847755 ], [ 93.221820271387159, 23.35715173244337 ], [ 93.221820271387159, 23.357398984241176 ], [ 93.221699641872505, 23.358140739634596 ], [ 93.221096494299232, 23.358882495028016 ], [ 93.220794920512589, 23.3595418331555 ], [ 93.220010828667313, 23.359953919485179 ], [ 93.215185648081061, 23.367453890685322 ], [ 93.21542690711037, 23.368278063344679 ], [ 93.216452257984955, 23.368690149674357 ], [ 93.218020441675492, 23.368854984206227 ], [ 93.21844264497679, 23.369514322333714 ], [ 93.218261700704801, 23.370173660461198 ], [ 93.217960126918157, 23.370915415854618 ], [ 93.217115720315562, 23.37149233671617 ], [ 93.21639194322762, 23.37223409210959 ], [ 93.2163316284703, 23.372811012971138 ], [ 93.21639194322762, 23.373140682034879 ], [ 93.21729666458755, 23.373717602896431 ], [ 93.21753792361686, 23.373800020162367 ], [ 93.218261700704801, 23.374129689226109 ], [ 93.218261700704801, 23.374294523757978 ], [ 93.223388455077696, 23.3773439625976 ], [ 93.223448769835031, 23.3773439625976 ], [ 93.225620101098841, 23.377261545331663 ], [ 93.226645451973425, 23.3773439625976 ], [ 93.22676608148808, 23.378168135256953 ], [ 93.22676608148808, 23.378497804320698 ], [ 93.227308914304032, 23.378745056118504 ], [ 93.228153320906628, 23.379651646043797 ], [ 93.228093006149308, 23.380805487766896 ], [ 93.226102619157473, 23.383195588479026 ], [ 93.225981989642818, 23.383525257542772 ], [ 93.226886711002734, 23.38558568919116 ], [ 93.22773111760533, 23.385420854659291 ], [ 93.228394579935937, 23.385091185595549 ], [ 93.228756468479915, 23.38467909926587 ], [ 93.22893741275189, 23.383525257542772 ], [ 93.229540560325177, 23.383607674808705 ], [ 93.229962763626474, 23.384184595670256 ], [ 93.230023078383809, 23.38484393379774 ], [ 93.229721504597165, 23.385503271925227 ], [ 93.229419930810522, 23.386162610052711 ], [ 93.229419930810522, 23.386162610052711 ], [ 93.236718016447242, 23.387893372637357 ], [ 93.237441793535183, 23.387728538105488 ], [ 93.237924311593801, 23.388140624435167 ], [ 93.24021627237228, 23.387398869041746 ], [ 93.240336901886934, 23.386904365446131 ], [ 93.241422567518839, 23.386162610052711 ], [ 93.242568547908078, 23.386492279116453 ], [ 93.242749492180067, 23.386492279116453 ], [ 93.243955787326627, 23.386080192786775 ], [ 93.244076416841281, 23.385997775520838 ], [ 93.244377990627925, 23.38558568919116 ], [ 93.245222397230521, 23.384926351063676 ], [ 93.246187433347771, 23.384596681999934 ], [ 93.246489007134414, 23.385256020127418 ], [ 93.246489007134414, 23.385256020127418 ], [ 93.25463149937373, 23.389129631626393 ], [ 93.255355276461657, 23.389294466158265 ], [ 93.256561571608231, 23.389047214360456 ], [ 93.257526607725481, 23.388305458967036 ], [ 93.257948811026779, 23.387810955371425 ], [ 93.259275735687993, 23.387481286307683 ], [ 93.259939198018614, 23.38805820716923 ], [ 93.259577309474636, 23.388717545296714 ], [ 93.258793217629375, 23.389376883424202 ], [ 93.258009125784099, 23.38978896975388 ], [ 93.258009125784099, 23.390036221551686 ], [ 93.260964548893185, 23.390777976945106 ], [ 93.261085178407839, 23.390777976945106 ], [ 93.26174864073846, 23.390283473349491 ], [ 93.262231158797078, 23.389376883424202 ], [ 93.262894621127685, 23.388964797094523 ], [ 93.263739027730281, 23.389541717956071 ], [ 93.264100916274259, 23.390283473349491 ], [ 93.264583434332877, 23.391766984136332 ], [ 93.266453191810058, 23.38805820716923 ], [ 93.266392877052724, 23.384514264733998 ], [ 93.2691070411325, 23.376849459001985 ], [ 93.269348300161809, 23.37561320001295 ], [ 93.270614910065703, 23.368772566940294 ], [ 93.270494280551048, 23.362756106526991 ], [ 93.275017887350671, 23.353113286412523 ], [ 93.275982923467922, 23.350970437498198 ], [ 93.277852680945088, 23.341739703713404 ], [ 93.279722438422269, 23.33860784760785 ], [ 93.281773140171424, 23.335558408768232 ], [ 93.282919120560663, 23.334981487906685 ], [ 93.285030137067153, 23.333827646183586 ], [ 93.289795002896085, 23.333085890790166 ], [ 93.291363186586622, 23.333168308056099 ], [ 93.297153403290125, 23.333415559853908 ], [ 93.30004851164189, 23.336135329629784 ], [ 93.313981220584708, 23.347920998658577 ], [ 93.328698021372787, 23.351712192891618 ], [ 93.336357995553485, 23.346107818807994 ], [ 93.336538939825459, 23.345860567010188 ], [ 93.336900828369437, 23.345613315212379 ], [ 93.345525838667371, 23.339349603001271 ], [ 93.347274966629897, 23.336300164161653 ], [ 93.35185888818684, 23.331767214535194 ], [ 93.35596029168515, 23.33036612101429 ], [ 93.357528475375688, 23.33036612101429 ], [ 93.376889512478058, 23.329294696557124 ], [ 93.377070456750033, 23.328800192961513 ], [ 93.375261014030187, 23.322866149814146 ], [ 93.374416607427591, 23.315613430411812 ], [ 93.374718181214234, 23.308937631871025 ], [ 93.375321328787521, 23.302673919659917 ], [ 93.377492660051331, 23.297316797374101 ], [ 93.378879899469879, 23.289734408908021 ], [ 93.375924476360794, 23.282893775835365 ], [ 93.373089682766377, 23.278772912538582 ], [ 93.372727794222399, 23.27069602047689 ], [ 93.374959440243543, 23.260311444969002 ], [ 93.376045105875463, 23.252234552907311 ], [ 93.380930601219049, 23.240943387474129 ], [ 93.386057355591944, 23.231053315561851 ], [ 93.392330090354079, 23.220339070990221 ], [ 93.392390405111414, 23.21564128683189 ], [ 93.38503200471736, 23.207317142972389 ], [ 93.384187598114764, 23.198086409187599 ], [ 93.38286067345355, 23.184075473978542 ], [ 93.379060843741868, 23.170971128694777 ], [ 93.378156122381938, 23.163059071164955 ], [ 93.373632515582329, 23.155064596369201 ], [ 93.37152149907584, 23.146493200711895 ], [ 93.37670856820607, 23.139734984905171 ], [ 93.388228686855754, 23.144020682733824 ], [ 93.392028516567436, 23.140476740298595 ], [ 93.39118410996484, 23.134707531683098 ], [ 93.379543361800501, 23.123663618047726 ], [ 93.373632515582329, 23.120119675612493 ], [ 93.366636003732253, 23.116740567709133 ], [ 93.362594914991263, 23.112866956210159 ], [ 93.361569564116678, 23.102399963436334 ], [ 93.360664842756762, 23.096301085757094 ], [ 93.359579177124843, 23.091603301598763 ], [ 93.35493494081058, 23.087152769238241 ], [ 93.350049445466993, 23.080889057027132 ], [ 93.348662206048445, 23.076520941932543 ], [ 93.355779347413176, 23.074130841220409 ], [ 93.35493494081058, 23.069020970732403 ], [ 93.350531963525611, 23.061026495936645 ], [ 93.342691045072939, 23.061026495936645 ], [ 93.338167438273331, 23.051466093088113 ], [ 93.334307293804315, 23.039927675857122 ], [ 93.330205890306004, 23.031933201061367 ], [ 93.327129837682264, 23.02789475503052 ], [ 93.321641194765391, 23.021218956489736 ], [ 93.31880640117096, 23.018169517650115 ], [ 93.312533666408825, 23.018499186713861 ], [ 93.303727711838903, 23.010010208322491 ], [ 93.299505678825923, 23.004735503302609 ], [ 93.295283645812958, 23.002180568058606 ], [ 93.285753914155094, 23.001026726335507 ], [ 93.276163867739896, 23.002098150792669 ], [ 93.271519631425633, 23.006713517685064 ], [ 93.265669099964796, 23.008773949333456 ], [ 93.256682201122885, 23.005230006898223 ], [ 93.250831669662048, 23.003004740717962 ], [ 93.245403341502509, 23.00605417955758 ], [ 93.238829032953731, 23.010587129184039 ], [ 93.235451406543348, 23.014131071619271 ], [ 93.231772206346321, 23.018416769447924 ], [ 93.229359616053188, 23.023691474467803 ], [ 93.225861360128164, 23.029378265817364 ], [ 93.217899812160823, 23.041740855707708 ], [ 93.211747706913357, 23.045944136270425 ], [ 93.203906788460685, 23.053444107470568 ], [ 93.19890066360243, 23.054433114661794 ], [ 93.196608702823966, 23.055257287321151 ] ] ] ] } },
{ "type": "Feature", "properties": { "dt_code": "263", "district": "Kolasib", "st_code": "15", "year": "2011_c", "st_nm": "Mizoram", "state": "mizoram" }, "geometry": { "type": "MultiPolygon", "coordinates": [ [ [ [ 92.626272357528194, 24.030583212403414 ], [ 92.626272357528194, 24.030595891982792 ], [ 92.626332672285528, 24.030583212403414 ], [ 92.626272357528194, 24.030583212403414 ] ] ], [ [ [ 92.897145932689284, 24.389015901957471 ], [ 92.897145932689284, 24.388933484691538 ], [ 92.897085617931964, 24.388768650159665 ], [ 92.896904673659975, 24.388274146564051 ], [ 92.896422155601343, 24.387120304840952 ], [ 92.895396804726772, 24.386625801245341 ], [ 92.894069880065544, 24.386873053043146 ], [ 92.892139807831043, 24.390499412744315 ], [ 92.891355715985782, 24.386873053043146 ], [ 92.887133682972802, 24.380362089034232 ], [ 92.887254312487457, 24.380279671768296 ], [ 92.888400292876696, 24.379208247311134 ], [ 92.893285788220282, 24.378713743715519 ], [ 92.89485397191082, 24.377230232928678 ], [ 92.893647676764246, 24.368906089069178 ], [ 92.89274295540433, 24.367834664612015 ], [ 92.892441381617687, 24.367834664612015 ], [ 92.888822496177994, 24.367752247346079 ], [ 92.889425643751281, 24.364950060304267 ], [ 92.889485958508601, 24.364867643038334 ], [ 92.886832109186159, 24.362889628655878 ], [ 92.886771794428839, 24.362807211389942 ], [ 92.888641551906005, 24.360829197007487 ], [ 92.890390679868531, 24.356461081912897 ], [ 92.893527047249592, 24.355389657455735 ], [ 92.893587362006926, 24.355389657455735 ], [ 92.888038404332718, 24.350939125095209 ], [ 92.887978089575398, 24.350856707829276 ], [ 92.881343466269286, 24.340472132321388 ], [ 92.879172135005476, 24.337010607152088 ], [ 92.877543636557618, 24.333054578387181 ], [ 92.874226324904555, 24.329757887749754 ], [ 92.870728068979517, 24.328686463292591 ], [ 92.867290127811813, 24.326049110782652 ], [ 92.865661629363956, 24.325554607187037 ], [ 92.865540999849287, 24.325554607187037 ], [ 92.864214075188073, 24.327285369771687 ], [ 92.862887150526845, 24.324235930932065 ], [ 92.862826835769525, 24.324071096400196 ], [ 92.865118796547989, 24.323082089208967 ], [ 92.866686980238526, 24.319867815837476 ], [ 92.869943977134255, 24.320115067635285 ], [ 92.869220200046314, 24.316735959731925 ], [ 92.864395019460062, 24.31549970074289 ], [ 92.864033130916084, 24.315334866211018 ], [ 92.861077707806999, 24.31376893815824 ], [ 92.857579451881961, 24.30791731227681 ], [ 92.85751913712464, 24.307834895010878 ], [ 92.859509524116476, 24.306186549692164 ], [ 92.861861799652274, 24.307257974149326 ], [ 92.863188724313488, 24.30791731227681 ], [ 92.864696593246705, 24.307505225947132 ], [ 92.86698855402517, 24.299510751151377 ], [ 92.867048868782504, 24.299345916619504 ], [ 92.867229813054479, 24.299263499353572 ], [ 92.870667754222197, 24.2979448230986 ], [ 92.871934364126091, 24.295142636056788 ], [ 92.871994678883411, 24.295060218790852 ], [ 92.872718455971352, 24.291021772760008 ], [ 92.87308034451533, 24.289291010175358 ], [ 92.875794508595092, 24.285994319537934 ], [ 92.875854823352427, 24.285994319537934 ], [ 92.873623177331282, 24.281955873507087 ], [ 92.873623177331282, 24.281873456241151 ], [ 92.873562862573948, 24.281791038975218 ], [ 92.875131046264485, 24.279565772794953 ], [ 92.876397656168379, 24.277587758412498 ], [ 92.876397656168379, 24.277505341146565 ], [ 92.876457970925699, 24.276433916689399 ], [ 92.876457970925699, 24.276351499423466 ], [ 92.874467583933878, 24.275939413093788 ], [ 92.872597826456698, 24.276681168487208 ], [ 92.871089957523495, 24.276351499423466 ], [ 92.869823347619601, 24.276021830359724 ], [ 92.86698855402517, 24.272560305190424 ], [ 92.866867924510515, 24.272313053392619 ], [ 92.864274389945408, 24.269098780021128 ], [ 92.864274389945408, 24.26456583039467 ], [ 92.864334704702728, 24.264483413128733 ], [ 92.867290127811813, 24.261433974289115 ], [ 92.867350442569148, 24.261269139757246 ], [ 92.862947465284179, 24.259868046236338 ], [ 92.862947465284179, 24.259785628970402 ], [ 92.861982429166929, 24.257807614587946 ], [ 92.861982429166929, 24.257725197322014 ], [ 92.862404632468227, 24.257148276460462 ], [ 92.864033130916084, 24.25698344192859 ], [ 92.865902888393265, 24.256901024662657 ], [ 92.865299740819978, 24.253686751291166 ], [ 92.865299740819978, 24.25360433402523 ], [ 92.867350442569148, 24.250307643387806 ], [ 92.867410757326468, 24.25022522612187 ], [ 92.863309353828143, 24.248412046271284 ], [ 92.863249039070823, 24.248412046271284 ], [ 92.864575963732037, 24.244126348442634 ], [ 92.864575963732037, 24.244043931176698 ], [ 92.863068094798834, 24.242478003123921 ], [ 92.863068094798834, 24.242395585857984 ], [ 92.863007780041514, 24.242395585857984 ], [ 92.863429983342812, 24.241241744134886 ], [ 92.865902888393265, 24.240912075071144 ], [ 92.875432620051129, 24.240582406007402 ], [ 92.876277026653725, 24.239758233348045 ], [ 92.878930875976167, 24.236956046306233 ], [ 92.878991190733487, 24.236873629040296 ], [ 92.880981577725322, 24.233247269339131 ], [ 92.883695741805099, 24.232340679413838 ], [ 92.8875558862741, 24.235637370051265 ], [ 92.890752568412495, 24.241983499528306 ], [ 92.890812883169829, 24.241983499528306 ], [ 92.890873197927149, 24.241983499528306 ], [ 92.893165158705628, 24.241983499528306 ], [ 92.896120581814714, 24.237368132635911 ], [ 92.896180896572034, 24.237203298104038 ], [ 92.896241211329368, 24.237203298104038 ], [ 92.899196634438454, 24.235719787317198 ], [ 92.901488595216918, 24.231434089488545 ], [ 92.901669539488907, 24.231104420424803 ], [ 92.902574260848823, 24.221544017576271 ], [ 92.902513946091503, 24.221214348512529 ], [ 92.901669539488907, 24.217835240609165 ], [ 92.901367965702264, 24.216434147088261 ], [ 92.901367965702264, 24.216351729822325 ], [ 92.899498208225083, 24.212725370121156 ], [ 92.898352227835858, 24.210500103940895 ], [ 92.898231598321189, 24.210252852143089 ], [ 92.898171283563869, 24.210088017611216 ], [ 92.898533172107832, 24.210088017611216 ], [ 92.900644188614322, 24.210252852143089 ], [ 92.900825132886311, 24.209428679483732 ], [ 92.900885447643631, 24.209346262217796 ], [ 92.899498208225083, 24.207285830569404 ], [ 92.899498208225083, 24.207203413303471 ], [ 92.899437893467763, 24.207120996037535 ], [ 92.899618837739752, 24.206956161505662 ], [ 92.900282300070359, 24.206379240644115 ], [ 92.900523559099668, 24.204566060793532 ], [ 92.900463244342347, 24.204483643527595 ], [ 92.900463244342347, 24.204401226261659 ], [ 92.899980726283715, 24.20341221907043 ], [ 92.899860096769061, 24.20341221907043 ], [ 92.896422155601343, 24.202175960081398 ], [ 92.896361840844023, 24.202175960081398 ], [ 92.897447506475928, 24.199373773039586 ], [ 92.897507821233262, 24.199208938507713 ], [ 92.894974601425474, 24.198961686709907 ], [ 92.89491428666814, 24.198961686709907 ], [ 92.896542785116011, 24.190143039254796 ], [ 92.89587932278539, 24.187917773074531 ], [ 92.894733342396165, 24.183714492511815 ], [ 92.89491428666814, 24.17324749973799 ], [ 92.89485397191082, 24.17324749973799 ], [ 92.894673027638831, 24.172423327078633 ], [ 92.894371453852187, 24.17135190262147 ], [ 92.891898548801734, 24.170939816291792 ], [ 92.887435256759446, 24.168549715579658 ], [ 92.887013053458148, 24.168302463781853 ], [ 92.885384555010276, 24.168055211984047 ], [ 92.885324240252956, 24.168055211984047 ], [ 92.885746443554254, 24.167066204792818 ], [ 92.887073368215468, 24.16723103932469 ], [ 92.888159033847387, 24.167313456590623 ], [ 92.888641551906005, 24.165170607676298 ], [ 92.887676515788755, 24.160060737188289 ], [ 92.887676515788755, 24.159978319922352 ], [ 92.88544486976761, 24.15890689546519 ], [ 92.884902036951658, 24.157835471008028 ], [ 92.884841722194324, 24.157753053742091 ], [ 92.886289276370206, 24.155445370295894 ], [ 92.886289276370206, 24.155362953029957 ], [ 92.885927387826243, 24.152972852317824 ], [ 92.884178259863717, 24.150170665276015 ], [ 92.884117945106397, 24.150005830744142 ], [ 92.879594338306774, 24.146956391904524 ], [ 92.876759544712343, 24.143494866735228 ], [ 92.874769157720507, 24.139044334374702 ], [ 92.874648528205853, 24.138879499842833 ], [ 92.874588213448533, 24.135088305609791 ], [ 92.878810246461498, 24.128989427930556 ], [ 92.878870561218832, 24.128824593398683 ], [ 92.878930875976167, 24.12874217613275 ], [ 92.878870561218832, 24.12874217613275 ], [ 92.876035767624401, 24.127341082611842 ], [ 92.874226324904555, 24.124374061038161 ], [ 92.874166010147235, 24.124291643772224 ], [ 92.871934364126091, 24.1221487948579 ], [ 92.869642403347612, 24.120005945943571 ], [ 92.869582088590292, 24.119923528677635 ], [ 92.869642403347612, 24.119758694145766 ], [ 92.870728068979517, 24.116214751710533 ], [ 92.870245550920899, 24.110692794892845 ], [ 92.869159885288994, 24.109786204967556 ], [ 92.866023517907919, 24.107313686989485 ], [ 92.86180148489494, 24.106242262532323 ], [ 92.860957078292344, 24.10533567260703 ], [ 92.860957078292344, 24.105253255341093 ], [ 92.86083644877769, 24.103934579086125 ], [ 92.860715819263035, 24.10195656470367 ], [ 92.860534874991046, 24.099648881257473 ], [ 92.860112671689748, 24.098577456800307 ], [ 92.858423858484556, 24.099071960395921 ], [ 92.858363543727236, 24.099154377661858 ], [ 92.858846061785854, 24.095445600694752 ], [ 92.858846061785854, 24.09536318342882 ], [ 92.857036619066008, 24.094786262567268 ], [ 92.85655410100739, 24.093962089907912 ], [ 92.856493786250056, 24.093879672641975 ], [ 92.859750783145785, 24.087451125898998 ], [ 92.859750783145785, 24.087368708633061 ], [ 92.858785747028534, 24.084484104325316 ], [ 92.857096933823343, 24.07929181657137 ], [ 92.856855674794033, 24.075583039604268 ], [ 92.856795360036699, 24.075006118742717 ], [ 92.85661441576471, 24.071379759041548 ], [ 92.85661441576471, 24.071297341775615 ], [ 92.852151123722422, 24.070308334584386 ], [ 92.85136703187716, 24.065445715894185 ], [ 92.851306717119826, 24.065445715894185 ], [ 92.850643254789219, 24.065033629564507 ], [ 92.848652867797384, 24.062561111586437 ], [ 92.848592553040064, 24.062561111586437 ], [ 92.849738533429303, 24.059758924544624 ], [ 92.847868775952122, 24.055143557652229 ], [ 92.847868775952122, 24.055061140386293 ], [ 92.84835129401074, 24.053083126003841 ], [ 92.849135385856016, 24.050363356227962 ], [ 92.849075071098682, 24.050280938962029 ], [ 92.847567202165479, 24.046901831058669 ], [ 92.847567202165479, 24.046819413792733 ], [ 92.847868775952122, 24.045418320271825 ], [ 92.847929090709457, 24.045418320271825 ], [ 92.850160736730601, 24.044594147612468 ], [ 92.850160736730601, 24.038660104465105 ], [ 92.850221051487921, 24.035857917423293 ], [ 92.849316330128005, 24.033962320306774 ], [ 92.848049720224111, 24.033550233977095 ], [ 92.845335556144335, 24.034127154838643 ], [ 92.845275241387014, 24.034127154838643 ], [ 92.84732594313617, 24.026874435436309 ], [ 92.84738625789349, 24.026792018170372 ], [ 92.84732594313617, 24.026709600904439 ], [ 92.843827687211132, 24.024649169256048 ], [ 92.841294467403344, 24.015336018205321 ], [ 92.84093257885938, 24.013934924684413 ], [ 92.838881877110211, 24.015171183673448 ], [ 92.836107398273114, 24.021846982214235 ], [ 92.836107398273114, 24.021929399480172 ], [ 92.832729771862731, 24.020363471427395 ], [ 92.83176473574548, 24.018715126108681 ], [ 92.83170442098816, 24.018632708842745 ], [ 92.832669457105411, 24.013934924684413 ], [ 92.832126624289458, 24.012616248429445 ], [ 92.829834663510979, 24.013687672886608 ], [ 92.828085535548468, 24.016654694460289 ], [ 92.822777836903583, 24.020857975023006 ], [ 92.8213302827277, 24.021352478618621 ], [ 92.817530453016019, 24.022671154873592 ], [ 92.813187790488385, 24.022094234012041 ], [ 92.811921180584491, 24.021929399480172 ], [ 92.810413311651288, 24.020198636895522 ], [ 92.806070649123654, 24.018303039779003 ], [ 92.805769075337011, 24.018303039779003 ], [ 92.801185153780068, 24.017808536183388 ], [ 92.790630071247634, 24.018715126108681 ], [ 92.784960484058772, 24.017890953449324 ], [ 92.783633559397558, 24.01739644985371 ], [ 92.779049637840615, 24.015665687269063 ], [ 92.771510293174572, 24.011792075770089 ], [ 92.763729689479234, 24.004374521835881 ], [ 92.75932671219428, 24.000253658539101 ], [ 92.758663249863659, 23.998605313220388 ], [ 92.758663249863659, 23.998522895954451 ], [ 92.75932671219428, 23.992918521870827 ], [ 92.759145767922291, 23.992341601009279 ], [ 92.758723564620993, 23.990858090222439 ], [ 92.757336325202445, 23.98970424849934 ], [ 92.755044364423966, 23.989292162169662 ], [ 92.747866908301916, 23.992753687338958 ], [ 92.745574947523437, 23.993000939136763 ], [ 92.744368652376878, 23.992259183743343 ], [ 92.744489281891532, 23.988632824042178 ], [ 92.744549596648852, 23.988632824042178 ], [ 92.746238409854044, 23.987561399585012 ], [ 92.746117780339389, 23.984182291681652 ], [ 92.74491148519283, 23.982369111831069 ], [ 92.739784730819935, 23.978907586661769 ], [ 92.723680690613293, 23.974951557896862 ], [ 92.72012211993092, 23.97536364422654 ], [ 92.716623864005882, 23.979731759321126 ], [ 92.716563549248562, 23.979814176587062 ], [ 92.713487496624822, 23.979731759321126 ], [ 92.709446407883831, 23.978248248534285 ], [ 92.709144834097188, 23.978165831268349 ], [ 92.704862486326888, 23.981462521905776 ], [ 92.703897450209624, 23.982204277299196 ], [ 92.703837135452304, 23.982204277299196 ], [ 92.699735731953979, 23.98121527010797 ], [ 92.698770695836728, 23.98212186003326 ], [ 92.69738345641818, 23.981792190969518 ], [ 92.696719994087573, 23.981957025501391 ], [ 92.694910551367727, 23.982451529097002 ], [ 92.692618590589248, 23.981462521905776 ], [ 92.692437646317259, 23.98138010463984 ], [ 92.692256702045285, 23.981297687373903 ], [ 92.691532924957343, 23.982286694565133 ], [ 92.688999705149556, 23.982451529097002 ], [ 92.688939390392221, 23.980061428384872 ], [ 92.688939390392221, 23.979979011118935 ], [ 92.687250577187044, 23.97462188883312 ], [ 92.685561763981852, 23.970583442802273 ], [ 92.68393326553398, 23.966792248569234 ], [ 92.68387295077666, 23.966792248569234 ], [ 92.680736583395586, 23.967204334898913 ], [ 92.67868588164643, 23.968193342090139 ], [ 92.674524163390785, 23.970088939206658 ], [ 92.670905277951093, 23.970336191004467 ], [ 92.670844963193758, 23.970336191004467 ], [ 92.670784648436424, 23.970336191004467 ], [ 92.668673631929948, 23.969594435611043 ], [ 92.667045133482077, 23.967863673026397 ], [ 92.665778523578183, 23.963413140665871 ], [ 92.665778523578183, 23.963330723399938 ], [ 92.664089710372991, 23.961352709017483 ], [ 92.659204215029405, 23.95706701118883 ], [ 92.658962956000096, 23.956819759391021 ], [ 92.658902641242761, 23.956819759391021 ], [ 92.655344070560403, 23.955748334933858 ], [ 92.650880778518115, 23.956572507593215 ], [ 92.647865040651695, 23.957891183848187 ], [ 92.646055597931849, 23.959951615496575 ], [ 92.646055597931849, 23.960034032762511 ], [ 92.6446683585133, 23.964154896059291 ], [ 92.643582692881395, 23.964484565123037 ], [ 92.643522378124075, 23.964484565123037 ], [ 92.641230417345596, 23.963165888868065 ], [ 92.635681459671403, 23.956654924859151 ], [ 92.635319571127425, 23.956325255795409 ], [ 92.635259256370105, 23.956160421263537 ], [ 92.631700685687733, 23.955583500401989 ], [ 92.627478652674753, 23.95368790328547 ], [ 92.627418337917433, 23.953770320551403 ], [ 92.620240881795368, 23.957314262986635 ], [ 92.620240881795368, 23.960940622687804 ], [ 92.620240881795368, 23.961105457219674 ], [ 92.620240881795368, 23.96118787448561 ], [ 92.622955045875145, 23.969924104674789 ], [ 92.625488265682932, 23.977918579470543 ], [ 92.625488265682932, 23.97800099673648 ], [ 92.632122888989031, 23.985500967936623 ], [ 92.632062574231711, 23.985583385202556 ], [ 92.630615020055828, 23.990198752094955 ], [ 92.630675334813148, 23.992671270073021 ], [ 92.630735649570482, 23.992671270073021 ], [ 92.631278482386435, 23.994896536253282 ], [ 92.631338797143769, 23.995226205317024 ], [ 92.632726036562318, 23.996956967901674 ], [ 92.632726036562318, 23.997121802433547 ], [ 92.63236414801834, 24.000336075805034 ], [ 92.624402600051013, 24.005610780824917 ], [ 92.623075675389799, 24.007753629739241 ], [ 92.623015360632465, 24.007836047005178 ], [ 92.623075675389799, 24.007836047005178 ], [ 92.625729524712241, 24.012121744833831 ], [ 92.625729524712241, 24.012286579365703 ], [ 92.625729524712241, 24.012451413897573 ], [ 92.626151728013539, 24.016984363524031 ], [ 92.627177078888124, 24.020198636895522 ], [ 92.627237393645444, 24.020445888693331 ], [ 92.629469039666589, 24.023742579330754 ], [ 92.629770613453232, 24.025967845511015 ], [ 92.631941944717042, 24.02909970161657 ], [ 92.636646495788654, 24.030418377871541 ], [ 92.637792476177893, 24.031160133264962 ], [ 92.638335308993845, 24.032726061317739 ], [ 92.638274994236511, 24.032726061317739 ], [ 92.63332918413559, 24.034704075700194 ], [ 92.629710298695898, 24.038330435401363 ], [ 92.627418337917433, 24.038989773528847 ], [ 92.625729524712241, 24.038412852667296 ], [ 92.625126377138955, 24.037341428210134 ], [ 92.6250057476243, 24.037094176412328 ], [ 92.6250057476243, 24.034456823902389 ], [ 92.626272357528194, 24.030748046935283 ], [ 92.626272357528194, 24.030595891982792 ], [ 92.622412213059192, 24.031407385062767 ], [ 92.620663085096666, 24.033302982179286 ], [ 92.620542455582012, 24.033467816711159 ], [ 92.619215530920798, 24.035940334689229 ], [ 92.617044199656974, 24.039978780720073 ], [ 92.616018848782389, 24.046324910197118 ], [ 92.614510979849186, 24.049291931770799 ], [ 92.611374612468126, 24.049868852632351 ], [ 92.60136236275163, 24.049868852632351 ], [ 92.599130716730485, 24.05250620514229 ], [ 92.592435778667053, 24.060500679938045 ], [ 92.588274060411408, 24.061324852597402 ], [ 92.587007450507514, 24.062313859788631 ], [ 92.586163043904918, 24.063550118777666 ], [ 92.586102729147598, 24.063632536043599 ], [ 92.586102729147598, 24.063714953309535 ], [ 92.585861470118274, 24.073110521626198 ], [ 92.58356950933981, 24.074264363349297 ], [ 92.583509194582476, 24.074264363349297 ], [ 92.583388565067821, 24.074264363349297 ], [ 92.582242584678582, 24.074264363349297 ], [ 92.574220721953935, 24.07418194608336 ], [ 92.574100092439267, 24.073275356158071 ], [ 92.574039777681946, 24.073275356158071 ], [ 92.574100092439267, 24.073192938892134 ], [ 92.576934886033698, 24.067835816606319 ], [ 92.576814256519043, 24.066105054021669 ], [ 92.576271423703091, 24.065363298628249 ], [ 92.576090479431102, 24.065198464096376 ], [ 92.572773167778053, 24.061242435331465 ], [ 92.572652538263398, 24.058687500087462 ], [ 92.572652538263398, 24.058522665555593 ], [ 92.573617574380648, 24.04912709723893 ], [ 92.570963725058206, 24.045830406601503 ], [ 92.567827357677132, 24.038248018135427 ], [ 92.565414767384013, 24.039484277124458 ], [ 92.561132419613699, 24.039237025326653 ], [ 92.559503921165842, 24.040061197986009 ], [ 92.559564235923162, 24.040226032517882 ], [ 92.563122806605534, 24.049539183568609 ], [ 92.563183121362869, 24.049539183568609 ], [ 92.564268786994774, 24.052341370610421 ], [ 92.564208472237439, 24.052341370610421 ], [ 92.558418255533937, 24.052918291471968 ], [ 92.558599199805911, 24.056956737502816 ], [ 92.558538885048591, 24.057121572034685 ], [ 92.557875422717984, 24.059429255480882 ], [ 92.555342202910197, 24.060665514469918 ], [ 92.554256537278278, 24.060583097203981 ], [ 92.554075593006303, 24.060583097203981 ], [ 92.553954963491648, 24.060583097203981 ], [ 92.553894648734314, 24.060418262672112 ], [ 92.553653389705005, 24.060171010874303 ], [ 92.551301114169206, 24.0576160756303 ], [ 92.550697966595919, 24.055720478513781 ], [ 92.550637651838585, 24.055473226715971 ], [ 92.550396392809276, 24.054813888588487 ], [ 92.550275763294621, 24.053742464131325 ], [ 92.550275763294621, 24.053577629599452 ], [ 92.549250412420037, 24.044429313080599 ], [ 92.550155133779967, 24.040308449783815 ], [ 92.550155133779967, 24.040226032517882 ], [ 92.550215448537287, 24.040143615251946 ], [ 92.541771382511342, 24.033962320306774 ], [ 92.539298477460889, 24.033055730381481 ], [ 92.539057218431566, 24.037506262742006 ], [ 92.538876274159591, 24.038330435401363 ], [ 92.538815959402257, 24.038495269933232 ], [ 92.536704942895767, 24.047231500122411 ], [ 92.536825572410422, 24.048220507313637 ], [ 92.536885887167756, 24.048550176377379 ], [ 92.537368405226374, 24.051434780685128 ], [ 92.537549349498363, 24.051846867014806 ], [ 92.538514385615613, 24.053742464131325 ], [ 92.538514385615613, 24.057863327428105 ], [ 92.538454070858293, 24.057945744694042 ], [ 92.536584313381113, 24.063302866979857 ], [ 92.536644628138447, 24.063385284245793 ], [ 92.540022254548816, 24.072616018030583 ], [ 92.540565087364769, 24.077066550391109 ], [ 92.540685716879437, 24.078632478443886 ], [ 92.540685716879437, 24.078714895709822 ], [ 92.540746031636758, 24.079209399305434 ], [ 92.538273126586304, 24.091901658259523 ], [ 92.54026351357814, 24.095280766162883 ], [ 92.54032382833546, 24.09536318342882 ], [ 92.54032382833546, 24.095528017960689 ], [ 92.540685716879437, 24.099648881257473 ], [ 92.538333441343624, 24.109786204967556 ], [ 92.539298477460889, 24.112093888413753 ], [ 92.539479421732864, 24.112670809275301 ], [ 92.542857048143247, 24.120830118602928 ], [ 92.544183972804476, 24.122313629389769 ], [ 92.543822084260498, 24.123549888378804 ], [ 92.538031867556995, 24.124044391974419 ], [ 92.537730293770352, 24.125363068229387 ], [ 92.539057218431566, 24.128082838005263 ], [ 92.539419106975544, 24.13113227684488 ], [ 92.542374530084615, 24.134016881152629 ], [ 92.542495159599284, 24.134264132950435 ], [ 92.544787120377748, 24.138137744449409 ], [ 92.54526963843638, 24.140857514225289 ], [ 92.54526963843638, 24.140939931491221 ], [ 92.543822084260498, 24.147038809170461 ], [ 92.54128886445271, 24.150335499807884 ], [ 92.540444457850114, 24.152808017785954 ], [ 92.529406857259048, 24.161461830709193 ], [ 92.529286227744393, 24.164428852282878 ], [ 92.53206070658149, 24.165665111271913 ], [ 92.532181336096144, 24.165665111271913 ], [ 92.535981165807826, 24.170857399025856 ], [ 92.535981165807826, 24.171022233557728 ], [ 92.53604148056516, 24.175884852247929 ], [ 92.532482909882788, 24.178274952960063 ], [ 92.532422595125468, 24.178357370225999 ], [ 92.532482909882788, 24.178357370225999 ], [ 92.53296542794142, 24.178604622023805 ], [ 92.532603539397442, 24.17909912561942 ], [ 92.530975040949585, 24.181241974533748 ], [ 92.53724777571172, 24.194099068019703 ], [ 92.537308090469054, 24.194263902551576 ], [ 92.535920851050506, 24.197643010454936 ], [ 92.536825572410422, 24.199703442103328 ], [ 92.540987290666067, 24.203989139931981 ], [ 92.541952326783331, 24.20835725502657 ], [ 92.541771382511342, 24.211901197461803 ], [ 92.54526963843638, 24.217670406077296 ], [ 92.546898136884238, 24.222203355703755 ], [ 92.546898136884238, 24.222285772969691 ], [ 92.547320340185536, 24.229620909637962 ], [ 92.54647593358294, 24.232505513945711 ], [ 92.546656877854929, 24.235472535519392 ], [ 92.548406005817441, 24.24099449233708 ], [ 92.548526635332095, 24.241159326868949 ], [ 92.550215448537287, 24.24363184484702 ], [ 92.557935737475304, 24.245527441963539 ], [ 92.558478570291257, 24.245609859229475 ], [ 92.564087842722785, 24.247835125409736 ], [ 92.581337863318666, 24.243054923985468 ], [ 92.587489968566146, 24.242478003123921 ], [ 92.590867594976515, 24.24363184484702 ], [ 92.593038926240339, 24.246269197356959 ], [ 92.593581759056292, 24.246434031888832 ], [ 92.595451516533473, 24.246928535484443 ], [ 92.603352749743465, 24.24684611821851 ], [ 92.605463766249954, 24.24684611821851 ], [ 92.60745415324179, 24.2477527081438 ], [ 92.611073038681482, 24.25096698151529 ], [ 92.612580907614685, 24.253439499493361 ], [ 92.614993497907818, 24.261269139757246 ], [ 92.614993497907818, 24.261351557023179 ], [ 92.615234756937127, 24.268109772829902 ], [ 92.615295071694462, 24.268192190095839 ], [ 92.616320422569032, 24.27288997425417 ], [ 92.618552068590176, 24.278906434667469 ], [ 92.618552068590176, 24.279071269199342 ], [ 92.618913957134154, 24.284428391485157 ], [ 92.6187933276195, 24.284675643282963 ], [ 92.618552068590176, 24.28549981594232 ], [ 92.618190180046213, 24.285747067740125 ], [ 92.618069550531558, 24.285829485006062 ], [ 92.61674262587033, 24.286653657665418 ], [ 92.616320422569032, 24.288878923845679 ], [ 92.616320422569032, 24.288961341111616 ], [ 92.617828291502235, 24.297285484971116 ], [ 92.617828291502235, 24.297367902237049 ], [ 92.617526717715606, 24.301983269129448 ], [ 92.617587032472926, 24.301983269129448 ], [ 92.619155216163463, 24.306021715160291 ], [ 92.618974271891474, 24.309071153999909 ], [ 92.622593157331167, 24.317889801455024 ], [ 92.622593157331167, 24.317972218720961 ], [ 92.62289473111781, 24.328356794228849 ], [ 92.622955045875145, 24.328521628760718 ], [ 92.623799452477741, 24.330252391345368 ], [ 92.625729524712241, 24.332065571195951 ], [ 92.629951557725221, 24.330994146738789 ], [ 92.63019281675453, 24.330911729472852 ], [ 92.63544020064208, 24.333301830184986 ], [ 92.635560830156749, 24.333301830184986 ], [ 92.637249643361926, 24.333054578387181 ], [ 92.637732161420558, 24.331983153930015 ], [ 92.636767125303308, 24.331900736664082 ], [ 92.636646495788654, 24.331900736664082 ], [ 92.636043348215367, 24.331818319398145 ], [ 92.636224292487356, 24.330252391345368 ], [ 92.638817827052463, 24.329345801420075 ], [ 92.639360659868416, 24.327285369771687 ], [ 92.640506640257655, 24.326296362580457 ], [ 92.644547728998646, 24.325224938123295 ], [ 92.64460804375598, 24.325389772655164 ], [ 92.645452450358576, 24.326790866176072 ], [ 92.644728673270635, 24.329345801420075 ], [ 92.648226929195673, 24.326543614378263 ], [ 92.648347558710327, 24.32646119711233 ], [ 92.648528502982316, 24.326296362580457 ], [ 92.649312594827578, 24.326790866176072 ], [ 92.649252280070257, 24.326873283442005 ], [ 92.64889039152628, 24.328356794228849 ], [ 92.64985542764353, 24.328191959696976 ], [ 92.649915742400864, 24.328191959696976 ], [ 92.651363296576733, 24.327862290633234 ], [ 92.651544240848722, 24.330417225877238 ], [ 92.6519061293927, 24.332807326589371 ], [ 92.65594721813369, 24.336680938088346 ], [ 92.657093198522915, 24.33907103880048 ], [ 92.657032883765595, 24.341049053182935 ], [ 92.657937605125511, 24.340966635916999 ], [ 92.658661382213452, 24.34154355677855 ], [ 92.66022956590399, 24.342697398501649 ], [ 92.660350195418644, 24.342532563969776 ], [ 92.660470824933299, 24.34245014670384 ], [ 92.661737434837192, 24.340966635916999 ], [ 92.662762785711777, 24.341296304980741 ], [ 92.663607192314373, 24.344263326554426 ], [ 92.664753172703612, 24.342697398501649 ], [ 92.666502300666124, 24.343109484831327 ], [ 92.674282904361462, 24.347312765394044 ], [ 92.679108084947728, 24.345252333745652 ], [ 92.683269803203373, 24.34492266468191 ], [ 92.683511062232682, 24.34739518265998 ], [ 92.687491836216353, 24.349455614308368 ], [ 92.690145685538795, 24.352257801350181 ], [ 92.691171036413365, 24.353906146668894 ], [ 92.691171036413365, 24.353988563934831 ], [ 92.6912313511707, 24.359592938018451 ], [ 92.693402682434524, 24.361076448805292 ], [ 92.693704256221153, 24.362395125060264 ], [ 92.692739220103903, 24.365279729368012 ], [ 92.694488348066429, 24.367010491952659 ], [ 92.696358105543595, 24.371461024313184 ], [ 92.697745344962144, 24.372367614238474 ], [ 92.701907063217803, 24.372697283302216 ], [ 92.703595876422995, 24.373686290493445 ], [ 92.702932414092373, 24.381268678959522 ], [ 92.706973502833364, 24.384400535065076 ], [ 92.706973502833364, 24.384565369596949 ], [ 92.706913188076044, 24.389840074616828 ], [ 92.713728755654131, 24.402697168102787 ], [ 92.713728755654131, 24.402862002634659 ], [ 92.713668440896797, 24.407807038590796 ], [ 92.713728755654131, 24.407807038590796 ], [ 92.717649214880467, 24.413658664472226 ], [ 92.723318802069315, 24.433356391030841 ], [ 92.730074054890082, 24.450169513281711 ], [ 92.743162357230304, 24.472010088754654 ], [ 92.748349426360534, 24.485856189431839 ], [ 92.750882646168321, 24.491707815313269 ], [ 92.754079328306716, 24.498466031119992 ], [ 92.754019013549396, 24.498548448385925 ], [ 92.75323492170412, 24.504400074267355 ], [ 92.758723564620993, 24.509097858425687 ], [ 92.764091578023212, 24.516103326030215 ], [ 92.764755040353819, 24.518163757678607 ], [ 92.778687749296637, 24.483795757783447 ], [ 92.780798765803127, 24.475636448455823 ], [ 92.781703487163057, 24.472092506020591 ], [ 92.782125690464341, 24.471433167893103 ], [ 92.783874818426867, 24.468466146319422 ], [ 92.785744575904047, 24.461048592385215 ], [ 92.78936346134374, 24.453383786653202 ], [ 92.793344235327396, 24.441268448560663 ], [ 92.79672186173778, 24.433109139233036 ], [ 92.797204379796412, 24.431955297509937 ], [ 92.797505953583041, 24.431625628446195 ], [ 92.799737599604185, 24.429235527734061 ], [ 92.802270819411973, 24.42453774357573 ], [ 92.802693022713271, 24.423136650054825 ], [ 92.803658058830521, 24.420252045747077 ], [ 92.803235855529223, 24.418933369492109 ], [ 92.799436025817556, 24.4186861176943 ], [ 92.800220117662818, 24.416296016982166 ], [ 92.803115226014569, 24.41604876518436 ], [ 92.803235855529223, 24.41604876518436 ], [ 92.803658058830521, 24.41621359971623 ], [ 92.805648445822357, 24.416790520577781 ], [ 92.806553167182287, 24.417120189641523 ], [ 92.806794426211596, 24.417037772375586 ], [ 92.808905442718086, 24.416543268779975 ], [ 92.808422924659453, 24.414812506195325 ], [ 92.808241980387479, 24.414153168067841 ], [ 92.808845127960751, 24.412422405483191 ], [ 92.810111737864645, 24.412504822749128 ], [ 92.810775200195252, 24.412587240015064 ], [ 92.810714885437932, 24.412257570951322 ], [ 92.810533941165943, 24.410856477430414 ], [ 92.813187790488385, 24.41019713930293 ], [ 92.815841639810827, 24.40945538390951 ], [ 92.816746361170757, 24.409702635707315 ], [ 92.817711397288008, 24.409949887505125 ], [ 92.819822413794498, 24.405499355144599 ], [ 92.820485876125105, 24.404015844357758 ], [ 92.820908079426403, 24.403686175294016 ], [ 92.824165076322132, 24.401378491847819 ], [ 92.829110886423038, 24.399153225667554 ], [ 92.829714033996325, 24.398988391135685 ], [ 92.830679070113575, 24.397669714880713 ], [ 92.830980643900219, 24.396598290423551 ], [ 92.825974519041978, 24.390746664542121 ], [ 92.825431686226025, 24.389757657350895 ], [ 92.824406335351441, 24.387697225702503 ], [ 92.82464759438075, 24.386213714915662 ], [ 92.824768223895404, 24.385636794054111 ], [ 92.825431686226025, 24.384895038660691 ], [ 92.827603017489835, 24.382752189746366 ], [ 92.827482387975181, 24.376488477535258 ], [ 92.828085535548468, 24.375499470344028 ], [ 92.828326794577777, 24.375004966748417 ], [ 92.829110886423038, 24.374675297684671 ], [ 92.832066309532124, 24.373521455961573 ], [ 92.832428198076087, 24.373768707759382 ], [ 92.835564565457162, 24.37582913940777 ], [ 92.838942191867545, 24.377971988322098 ], [ 92.839424709926163, 24.377889571056162 ], [ 92.843586428181823, 24.377065398396805 ], [ 92.845033982357691, 24.378384074651777 ], [ 92.846240277504265, 24.379455499108939 ], [ 92.846903739834872, 24.380609340832038 ], [ 92.848411608768075, 24.383329110607914 ], [ 92.851005143333197, 24.389510405553086 ], [ 92.853779622170293, 24.391158750871799 ], [ 92.858363543727236, 24.395526865966389 ], [ 92.862223688196238, 24.396598290423551 ], [ 92.871089957523495, 24.394125772445481 ], [ 92.87314065927265, 24.39437302424329 ], [ 92.877483321800284, 24.396021369562 ], [ 92.88351479753311, 24.400142232858784 ], [ 92.887314627244791, 24.398741139337879 ], [ 92.890089106081888, 24.399400477465363 ], [ 92.890993827441804, 24.398823556603812 ], [ 92.893647676764246, 24.392395009860834 ], [ 92.895638063756081, 24.391323585403669 ], [ 92.896361840844023, 24.390252160946506 ], [ 92.897145932689284, 24.389015901957471 ] ] ] ] } },
{ "type": "Feature", "properties": { "dt_code": "264", "district": "Lawngtlai", "st_code": "15", "year": "2011_c", "st_nm": "Mizoram", "state": "mizoram" }, "geometry": { "type": "Polygon", "coordinates": [ [ [ 92.934661711747452, 22.55457239676219 ], [ 92.937496505341869, 22.545094411179594 ], [ 92.939848780877682, 22.539737288893775 ], [ 92.941055076024242, 22.529599965183696 ], [ 92.935988636408666, 22.498034152330348 ], [ 92.936471154467299, 22.482045202738835 ], [ 92.940029725149657, 22.474710066070564 ], [ 92.946121515639817, 22.467045260338551 ], [ 92.946242145154471, 22.462182641648347 ], [ 92.941899482626837, 22.457979361085631 ], [ 92.942924833501422, 22.438528886324821 ], [ 92.945216794279887, 22.430287159731257 ], [ 92.946362774669126, 22.423611361190471 ], [ 92.948232532146307, 22.413721289278197 ], [ 92.95167047331401, 22.406715821673668 ], [ 92.952756138945915, 22.400864195792238 ], [ 92.964577831382258, 22.3970730015592 ], [ 92.966749162646067, 22.392787303730547 ], [ 92.962768388662411, 22.377540109532454 ], [ 92.95691785720156, 22.372265404512575 ], [ 92.940753502237598, 22.379023620319295 ], [ 92.938823430003097, 22.384215908073241 ], [ 92.943286722045386, 22.388748857699699 ], [ 92.939486892333704, 22.392045548337126 ], [ 92.932128491939665, 22.394765318113002 ], [ 92.92284001931111, 22.38858402316783 ], [ 92.918678301055465, 22.383721404477626 ], [ 92.910716753088138, 22.377540109532454 ], [ 92.905107480656611, 22.372182987246639 ], [ 92.899860096769061, 22.366825864960823 ], [ 92.894673027638831, 22.363941260653075 ], [ 92.887193997730122, 22.359902814622231 ], [ 92.883213223746466, 22.35685337578261 ], [ 92.880680003938679, 22.352567677953957 ], [ 92.875010416749831, 22.343666613232909 ], [ 92.868737681987696, 22.327760080907332 ], [ 92.865661629363956, 22.323721634876488 ], [ 92.852392382751745, 22.322979879483068 ], [ 92.841897614976631, 22.331221606076628 ], [ 92.825853889527323, 22.330315016151339 ], [ 92.82464759438075, 22.325205145663329 ], [ 92.828507738849765, 22.319435937047835 ], [ 92.829050571665718, 22.313831562964211 ], [ 92.82766333224717, 22.308886527008074 ], [ 92.830256866812277, 22.300315131350768 ], [ 92.837132749147699, 22.294051419139659 ], [ 92.840208801771439, 22.287375620598873 ], [ 92.837434322934342, 22.279298728537182 ], [ 92.834237640795948, 22.274683361644787 ], [ 92.836288342545103, 22.269820742954582 ], [ 92.837012119633044, 22.264133951605025 ], [ 92.8347804736119, 22.255232886883977 ], [ 92.835805824486471, 22.249463678268484 ], [ 92.837374008177008, 22.244765894110152 ], [ 92.838942191867545, 22.240397779015563 ], [ 92.840088172256785, 22.232650556017614 ], [ 92.840570690315403, 22.226386843806505 ], [ 92.841596041189987, 22.216414354628295 ], [ 92.840691319830057, 22.205864944588534 ], [ 92.841656355947308, 22.195068282750967 ], [ 92.84123415264601, 22.187897980614565 ], [ 92.842862651093881, 22.181881520201266 ], [ 92.843707057696477, 22.167128829598788 ], [ 92.84424989051243, 22.160205779260195 ], [ 92.846059333232276, 22.149079448358883 ], [ 92.846421221776239, 22.141579477158743 ], [ 92.848230664496086, 22.134409175022341 ], [ 92.845576815173644, 22.123942182248516 ], [ 92.84521492662968, 22.114793865729663 ], [ 92.847687831680133, 22.105398297413 ], [ 92.847506887408159, 22.09616756362821 ], [ 92.848833812069373, 22.088337923364325 ], [ 92.84829097925342, 22.080837952164181 ], [ 92.852030494207767, 22.070865462985971 ], [ 92.85450339925822, 22.063612743583633 ], [ 92.846541851290894, 22.060398470212146 ], [ 92.842199188763274, 22.06616767882764 ], [ 92.839002506624865, 22.070041290326614 ], [ 92.834056696523959, 22.074409405421203 ], [ 92.823200040204881, 22.077788513324563 ], [ 92.817892341559997, 22.088420340630261 ], [ 92.814695659421588, 22.09369504565014 ], [ 92.808000721358155, 22.095755477298532 ], [ 92.800943894750759, 22.100370844190927 ], [ 92.792801402511444, 22.104326872955838 ], [ 92.786408038234654, 22.107046642731714 ], [ 92.780798765803127, 22.106799390933904 ], [ 92.775068863856944, 22.107953232657003 ], [ 92.766926371617629, 22.114052110336242 ], [ 92.767831092977559, 22.121304829738577 ], [ 92.763367800935271, 22.124519103110067 ], [ 92.749012888691141, 22.130947649853045 ], [ 92.740870396451839, 22.134244340490472 ], [ 92.735562697806955, 22.13729377933009 ], [ 92.73049625819138, 22.147843189369851 ], [ 92.715658827888632, 22.150975045475406 ], [ 92.705767207686804, 22.151799218134759 ], [ 92.697142197388871, 22.146689347646753 ], [ 92.698408807292765, 22.136716858468539 ], [ 92.697443771175514, 22.120727908877026 ], [ 92.694910551367727, 22.097733491680987 ], [ 92.69527243991169, 22.084629146397219 ], [ 92.691291665928034, 22.075645664410239 ], [ 92.688396557576269, 22.093200542054525 ], [ 92.687371206701698, 22.105480714678936 ], [ 92.681641304755516, 22.103749952094287 ], [ 92.682304767086123, 22.090480772278649 ], [ 92.683088858931384, 22.083969808269735 ], [ 92.683571376990017, 22.074986326282751 ], [ 92.684596727864601, 22.068392945007901 ], [ 92.685018931165899, 22.061552311935245 ], [ 92.684053895048635, 22.057019362308782 ], [ 92.684415783592613, 22.04844796665148 ], [ 92.687733095245662, 22.039464484664496 ], [ 92.687250577187044, 22.034189779644613 ], [ 92.685923652525815, 22.02916232642254 ], [ 92.685018931165899, 22.022321693349884 ], [ 92.682123822814134, 22.016387650202518 ], [ 92.678504937374441, 22.012678873235416 ], [ 92.669337094260555, 22.013255794096963 ], [ 92.660953342991931, 22.01407996675632 ], [ 92.64249702724949, 21.996772340909839 ], [ 92.638817827052463, 21.990838297762473 ], [ 92.627840541218731, 21.983585578360138 ], [ 92.615958534025069, 21.980041635924906 ], [ 92.610108002564232, 21.97897021146774 ], [ 92.608901707417658, 21.984080081955749 ], [ 92.615656960238425, 21.988448197050339 ], [ 92.610228632078886, 22.00163495960004 ], [ 92.599975123333081, 22.011030527916702 ], [ 92.602568657898203, 22.021250268892722 ], [ 92.605162192463311, 22.026360139380728 ], [ 92.603835267802097, 22.032953520655578 ], [ 92.599070401973165, 22.037733722079846 ], [ 92.598889457701176, 22.04259634077005 ], [ 92.602568657898203, 22.052156743618582 ], [ 92.602628972655523, 22.056854527776913 ], [ 92.601121103722321, 22.062046815530859 ], [ 92.595753090320102, 22.066085261561703 ], [ 92.594788054202851, 22.078942355047662 ], [ 92.583931397883774, 22.098557664340341 ], [ 92.578684013996224, 22.110178498837268 ], [ 92.573617574380648, 22.120233405281414 ], [ 92.569636800396978, 22.125178441237551 ], [ 92.562218085245604, 22.128145462811233 ], [ 92.57132561360217, 22.136716858468539 ], [ 92.578080866422937, 22.143722326073068 ], [ 92.584293286427737, 22.140095966371902 ], [ 92.590324762160563, 22.135068513149825 ], [ 92.595813405077436, 22.130700398055239 ], [ 92.600759215178357, 22.127568541949685 ], [ 92.605222507220645, 22.124024599514453 ], [ 92.606187543337896, 22.136057520341055 ], [ 92.607092264697812, 22.146771764912685 ], [ 92.607996986057742, 22.158310182143676 ], [ 92.60847950411636, 22.16482114615259 ], [ 92.604257471103395, 22.1699310166406 ], [ 92.600759215178357, 22.173639793607702 ], [ 92.596899070709341, 22.178007908702291 ], [ 92.593823018085601, 22.181387016605651 ], [ 92.592918296725685, 22.192101261177285 ], [ 92.592254834395064, 22.200919908632397 ], [ 92.591531057307137, 22.20841987983254 ], [ 92.59092790973385, 22.214106671182098 ], [ 92.590264447403243, 22.22177147691411 ], [ 92.589661299829956, 22.229106613582381 ], [ 92.58875657847004, 22.237595591973751 ], [ 92.587791542352775, 22.245013145907958 ], [ 92.586886820992859, 22.255974642277398 ], [ 92.586283673419572, 22.263804282541283 ], [ 92.585559896331631, 22.271057001943618 ], [ 92.584896434001024, 22.27971081486686 ], [ 92.584232971670417, 22.287705289662615 ], [ 92.583207620795832, 22.297430527043019 ], [ 92.581699751862629, 22.312924973038918 ], [ 92.580915660017368, 22.321908455025902 ], [ 92.576392053217745, 22.33575455570309 ], [ 92.573074741564696, 22.345067706753817 ], [ 92.569757429911647, 22.356111620389189 ], [ 92.566259173986609, 22.367237951290502 ], [ 92.562218085245604, 22.378776368521489 ], [ 92.559021403107209, 22.389325778561251 ], [ 92.555764406211495, 22.399215850473524 ], [ 92.552688353587754, 22.40951800871548 ], [ 92.551301114169206, 22.419078411564012 ], [ 92.549974189507978, 22.431441001454356 ], [ 92.548767894361418, 22.444050843142509 ], [ 92.547199710670881, 22.457649692021889 ], [ 92.545812471252333, 22.470754037305653 ], [ 92.544545861348439, 22.48253970633445 ], [ 92.543701454745843, 22.490699015662077 ], [ 92.550878910867908, 22.497786900532539 ], [ 92.543701454745843, 22.499352828585316 ], [ 92.551180484654537, 22.512951677464695 ], [ 92.544968064649737, 22.522924166642909 ], [ 92.535498647749208, 22.538253778106935 ], [ 92.527898988325845, 22.550369116199473 ], [ 92.523435696283556, 22.557457001069938 ], [ 92.521927827350353, 22.559682267250199 ], [ 92.527295840752558, 22.569160252832798 ], [ 92.530130634346989, 22.574187706054872 ], [ 92.533628890272027, 22.580286583734107 ], [ 92.536765257653101, 22.586055792349601 ], [ 92.538815959402257, 22.589517317518897 ], [ 92.537489034741029, 22.596193116059684 ], [ 92.534895500175921, 22.609627130407191 ], [ 92.53302574269874, 22.618940281457917 ], [ 92.531879762309515, 22.623885317414057 ], [ 92.531397244250883, 22.627841346178968 ], [ 92.530552837648287, 22.631962209475748 ], [ 92.529768745803025, 22.63665999363408 ], [ 92.528381506384477, 22.64251161951551 ], [ 92.526270489877987, 22.653637950416819 ], [ 92.52470230618745, 22.661797259744446 ], [ 92.520239014145162, 22.684956511472357 ], [ 92.517162961521421, 22.70119271286168 ], [ 92.514810685985623, 22.712236626497052 ], [ 92.513121872780431, 22.720231101292811 ], [ 92.510468023457989, 22.735066209161221 ], [ 92.509261728311415, 22.741000252308588 ], [ 92.509261728311415, 22.741165086840461 ], [ 92.509985505399356, 22.743307935754785 ], [ 92.510045820156691, 22.743472770286658 ], [ 92.510890226759287, 22.747511216317502 ], [ 92.514991630257597, 22.750148568827445 ], [ 92.517585164822719, 22.755670525645129 ], [ 92.523918214342189, 22.760533144335334 ], [ 92.528502135899132, 22.757813374559458 ], [ 92.540022254548816, 22.759296885346298 ], [ 92.546596563097594, 22.756494698304486 ], [ 92.550275763294621, 22.751796914146155 ], [ 92.560468957283092, 22.744296942946015 ], [ 92.570239947970265, 22.730698094066636 ], [ 92.577176145063007, 22.73382995017219 ], [ 92.580614086230725, 22.73720905807555 ], [ 92.580855345260034, 22.74454419474382 ], [ 92.588032801382099, 22.746934295455954 ], [ 92.593943647600256, 22.729461835077601 ], [ 92.596416552650723, 22.729132166013859 ], [ 92.597502218282628, 22.726906899833594 ], [ 92.598829142943842, 22.722456367473072 ], [ 92.601844880810262, 22.720313518558743 ], [ 92.602146454596905, 22.712154209231116 ], [ 92.60015606760507, 22.704077317169425 ], [ 92.602387713626214, 22.694929000650571 ], [ 92.605825654793918, 22.689077374769141 ], [ 92.610108002564232, 22.685780684131714 ], [ 92.611796815769424, 22.679434554654673 ], [ 92.615295071694462, 22.677621374804087 ], [ 92.622291583544524, 22.670533489933625 ], [ 92.628021485490706, 22.667154382030262 ], [ 92.633992646466211, 22.662703849669739 ], [ 92.631821315202387, 22.659819245361991 ], [ 92.632183203746365, 22.656687389256437 ], [ 92.6384559385085, 22.653967619480561 ], [ 92.642617656764145, 22.650341259779395 ], [ 92.644849302785289, 22.646137979216675 ], [ 92.649071335798268, 22.635423734645045 ], [ 92.647503152107731, 22.626275418126191 ], [ 92.647382522593077, 22.616879849809528 ], [ 92.662461211925134, 22.619929288649146 ], [ 92.675006681449403, 22.624544655541541 ], [ 92.684114209805969, 22.624462238275605 ], [ 92.697202512146191, 22.616550180745786 ], [ 92.694126459522451, 22.606989777897251 ], [ 92.696056531756966, 22.5955337779322 ], [ 92.698408807292765, 22.589846986582639 ], [ 92.712944663808869, 22.580286583734107 ], [ 92.714693791771381, 22.575259130512034 ], [ 92.71909676905635, 22.568171245641569 ], [ 92.723560061098638, 22.563885547812916 ], [ 92.743825819560925, 22.551358123390703 ], [ 92.747143131213974, 22.54682517376424 ], [ 92.755466567725264, 22.541550468744362 ], [ 92.756612548114504, 22.533720828480476 ], [ 92.756853807143813, 22.52028681413297 ], [ 92.762824968119318, 22.500753922106224 ], [ 92.764755040353819, 22.497951735064412 ], [ 92.769580220940071, 22.497457231468797 ], [ 92.775852955702206, 22.501660512031513 ], [ 92.777059250848779, 22.49910557678751 ], [ 92.779230582112589, 22.49762206600067 ], [ 92.781884431435032, 22.498198986862217 ], [ 92.779954359200531, 22.513611015592183 ], [ 92.777843342694041, 22.518308799750514 ], [ 92.78019561822984, 22.530753806906795 ], [ 92.782789152794962, 22.538336195372871 ], [ 92.791776051636859, 22.547566929157661 ], [ 92.798350360185637, 22.551852626986314 ], [ 92.798832878244269, 22.556467993878709 ], [ 92.803959632617165, 22.566934986652534 ], [ 92.804200891646474, 22.574434957852677 ], [ 92.8016676718387, 22.580698670063786 ], [ 92.800943894750759, 22.585478871488053 ], [ 92.796842491252434, 22.597511792314656 ], [ 92.797264694553732, 22.602127159207051 ], [ 92.796480602708471, 22.60476451171699 ], [ 92.803658058830521, 22.607154612429124 ], [ 92.804864353977095, 22.612099648385261 ], [ 92.802994596499914, 22.616055677150172 ], [ 92.803175540771903, 22.621330382170051 ], [ 92.80806103611549, 22.627182008051481 ], [ 92.813248105245719, 22.627676511647095 ], [ 92.822174689330296, 22.625286410934962 ], [ 92.825672945255334, 22.62569849726464 ], [ 92.83689149011839, 22.623967734679994 ], [ 92.844973667600371, 22.62058862677663 ], [ 92.85040199575991, 22.612841403778681 ], [ 92.856795360036699, 22.606742526099445 ], [ 92.862645891497536, 22.602456828270792 ], [ 92.86578225887861, 22.598748051303687 ], [ 92.871753419854102, 22.594874439804713 ], [ 92.877965839858916, 22.586797547743021 ], [ 92.883756056562419, 22.581605259989079 ], [ 92.899679152497072, 22.582347015382499 ], [ 92.903901185510051, 22.574682209650483 ], [ 92.904444018326004, 22.56948992189654 ], [ 92.908907310368292, 22.551440540656635 ], [ 92.913069028623937, 22.544847159381785 ], [ 92.917472005908905, 22.545094411179594 ], [ 92.928811180286615, 22.549957029869795 ], [ 92.934661711747452, 22.55457239676219 ] ] ] } },
{ "type": "Feature", "properties": { "dt_code": "265", "district": "Lunglei", "st_code": "15", "year": "2011_c", "st_nm": "Mizoram", "state": "mizoram" }, "geometry": { "type": "Polygon", "coordinates": [ [ [ 92.672714720670939, 23.382701084883415 ], [ 92.678444622617121, 23.37882747338444 ], [ 92.679047770190394, 23.372646178439268 ], [ 92.67874619640375, 23.37124508491836 ], [ 92.674946366692083, 23.368525315142485 ], [ 92.684657042621922, 23.36712422162158 ], [ 92.687552150973673, 23.363085775590733 ], [ 92.688396557576269, 23.358470408698338 ], [ 92.690628203597413, 23.354844048997172 ], [ 92.69008537078146, 23.35294845188065 ], [ 92.689361593693519, 23.343882552627733 ], [ 92.690386944568104, 23.341657286447472 ], [ 92.689844111752151, 23.338772682139723 ], [ 92.689421908450853, 23.329789200152739 ], [ 92.689723482237497, 23.328965027493382 ], [ 92.689361593693519, 23.328058437568089 ], [ 92.68912033466421, 23.327399099440605 ], [ 92.687491836216353, 23.326657344047184 ], [ 92.686587114856422, 23.327151847642799 ], [ 92.684174524563304, 23.326327674983443 ], [ 92.688034669032305, 23.317344192996458 ], [ 92.687129947672375, 23.311492567115028 ], [ 92.691894813501307, 23.307289286552312 ], [ 92.689602852722842, 23.297151962842229 ], [ 92.687129947672375, 23.290723416099251 ], [ 92.688577501848258, 23.284954207483757 ], [ 92.686587114856422, 23.280338840591359 ], [ 92.687431521459018, 23.279514667932006 ], [ 92.690748833112082, 23.279349833400133 ], [ 92.689301278936199, 23.273663042050575 ], [ 92.691532924957343, 23.269294926955986 ], [ 92.693342367677189, 23.260641114032744 ], [ 92.692437646317259, 23.248196106876463 ], [ 92.691472610200009, 23.242674150058775 ], [ 92.693402682434524, 23.239707128485094 ], [ 92.692859849618557, 23.236987358709218 ], [ 92.694729607095738, 23.222069833574867 ], [ 92.696900938359548, 23.216465459491246 ], [ 92.707516335649331, 23.207646812036135 ], [ 92.707154447105353, 23.204267704132771 ], [ 92.703354617393671, 23.197756740123857 ], [ 92.706671929046735, 23.197344653794179 ], [ 92.706129096230768, 23.195284222145787 ], [ 92.709386093126497, 23.192482035103978 ], [ 92.716442919733908, 23.191245776114943 ], [ 92.722293451194744, 23.191905114242427 ], [ 92.724886985759852, 23.205916049451485 ], [ 92.72742020556764, 23.210448999077943 ], [ 92.725972651391757, 23.21712479761873 ], [ 92.727359890810305, 23.222152250840804 ], [ 92.725610762847793, 23.228251128520043 ], [ 92.724585411973209, 23.238800538559801 ], [ 92.725067930031841, 23.24069613567632 ], [ 92.736286474894897, 23.239212624889479 ], [ 92.738337176644052, 23.237152193241091 ], [ 92.740870396451839, 23.232371991816823 ], [ 92.74497179995015, 23.234185171667406 ], [ 92.74919383296313, 23.233031329944307 ], [ 92.753536495490764, 23.233443416273985 ], [ 92.754984049666646, 23.232866495412438 ], [ 92.756672862871838, 23.231795070955272 ], [ 92.758602935106339, 23.226767617733199 ], [ 92.76668511258832, 23.230888481029982 ], [ 92.768615184822821, 23.232536826348692 ], [ 92.773380050651753, 23.233360999008049 ], [ 92.779592470656567, 23.228580797583785 ], [ 92.790690386004954, 23.230641229232173 ], [ 92.798772563486935, 23.227674207658492 ], [ 92.802512078441296, 23.226273114137587 ], [ 92.816625731656103, 23.225531358744163 ], [ 92.818374859618615, 23.226437948669457 ], [ 92.819581154765174, 23.228498380317848 ], [ 92.818917692434567, 23.2339379198696 ], [ 92.820123987581141, 23.239542293953221 ], [ 92.821450912242355, 23.241355473803807 ], [ 92.82344129923419, 23.241355473803807 ], [ 92.825793574769989, 23.242591732792842 ], [ 92.835443935942507, 23.245558754366524 ], [ 92.838761247595556, 23.244487329909362 ], [ 92.839846913227461, 23.241190639271935 ], [ 92.846722795562883, 23.23805878316638 ], [ 92.849135385856016, 23.23657527237954 ], [ 92.849135385856016, 23.235256596124568 ], [ 92.849014756341361, 23.234926927060826 ], [ 92.848894126826707, 23.234185171667406 ], [ 92.849678218671968, 23.234020337135536 ], [ 92.848954441584027, 23.23146540189153 ], [ 92.850040107215932, 23.229075301179396 ], [ 92.849436959642659, 23.22734453859475 ], [ 92.85142734663448, 23.223470927095775 ], [ 92.8544430845009, 23.22149291271332 ], [ 92.855106546831507, 23.220091819192412 ], [ 92.857458822367306, 23.218690725671507 ], [ 92.860595189748381, 23.215146783236275 ], [ 92.86180148489494, 23.210778668141685 ], [ 92.85866511751388, 23.195861143007338 ], [ 92.859268265087152, 23.192564452369911 ], [ 92.862284002953572, 23.186383157424739 ], [ 92.86276652101219, 23.183910639446673 ], [ 92.865239426062658, 23.179954610681762 ], [ 92.864093445673419, 23.175504078321236 ], [ 92.863731557129441, 23.173938150268459 ], [ 92.86487753751868, 23.163883243824312 ], [ 92.861318966836322, 23.15259207839113 ], [ 92.861318966836322, 23.1418778338195 ], [ 92.859992042175094, 23.139570150373302 ], [ 92.855408120618151, 23.131740510109417 ], [ 92.85564937964746, 23.131246006513802 ], [ 92.861318966836322, 23.120449344676235 ], [ 92.862284002953572, 23.118965833889394 ], [ 92.865480685091967, 23.113855963401384 ], [ 92.864334704702728, 23.107921920254018 ], [ 92.859569838873796, 23.097867013809871 ], [ 92.860112671689748, 23.096795589352709 ], [ 92.86487753751868, 23.08830661096134 ], [ 92.867169498297159, 23.084185747664556 ], [ 92.872054993640745, 23.075202265677575 ], [ 92.872658141214032, 23.062180337659743 ], [ 92.872839085486007, 23.061273747734454 ], [ 92.875010416749831, 23.051466093088113 ], [ 92.875010416749831, 23.050064999567205 ], [ 92.875010416749831, 23.042482611101128 ], [ 92.877603951314939, 23.026658496041488 ], [ 92.878568987432189, 23.020477201096313 ], [ 92.882127558114561, 23.000284970942083 ], [ 92.882730705687834, 22.996741028506854 ], [ 92.889546273265935, 22.980834496181277 ], [ 92.889908161809899, 22.98001032352192 ], [ 92.889546273265935, 22.979103733596627 ], [ 92.887193997730122, 22.973334524981134 ], [ 92.886349591127541, 22.971109258800873 ], [ 92.887193997730122, 22.963032366739178 ], [ 92.887495571516766, 22.959818093367691 ], [ 92.888581237148685, 22.949103848796057 ], [ 92.88870186666334, 22.947950007072958 ], [ 92.887736830546089, 22.946796165349859 ], [ 92.86909957053166, 22.925285258940661 ], [ 92.867591701598457, 22.923636913621948 ], [ 92.860534874991046, 22.91564243882619 ], [ 92.860353930719072, 22.914900683432769 ], [ 92.862585576740216, 22.911109489199731 ], [ 92.866867924510515, 22.903856769797397 ], [ 92.867169498297159, 22.903279848935846 ], [ 92.869340829560969, 22.899735906500613 ], [ 92.869642403347612, 22.899158985639065 ], [ 92.869280514803648, 22.898664482043451 ], [ 92.867471072083802, 22.896356798597253 ], [ 92.861318966836322, 22.888444741067435 ], [ 92.8544430845009, 22.879955762676062 ], [ 92.85257332702372, 22.87624698570896 ], [ 92.853900251684948, 22.871631618816565 ], [ 92.854744658287544, 22.871796453348434 ], [ 92.85751913712464, 22.872703043273727 ], [ 92.861982429166929, 22.874186554060568 ], [ 92.86909957053166, 22.876576654772702 ], [ 92.877965839858916, 22.865203072073584 ], [ 92.876277026653725, 22.863719561286743 ], [ 92.872054993640745, 22.859928367053705 ], [ 92.871632790339447, 22.85869210806467 ], [ 92.869642403347612, 22.852758064917303 ], [ 92.879714967821428, 22.840313057761023 ], [ 92.879775282578763, 22.84023064049509 ], [ 92.882791020445168, 22.837016367123599 ], [ 92.887495571516766, 22.83190649663559 ], [ 92.886832109186159, 22.823005431914542 ], [ 92.886832109186159, 22.822428511052991 ], [ 92.888822496177994, 22.816576885171564 ], [ 92.890752568412495, 22.811137345619812 ], [ 92.895396804726772, 22.807181316854901 ], [ 92.901850483760896, 22.80248353269657 ], [ 92.906374090560504, 22.79910442479321 ], [ 92.912164307264021, 22.796549489549204 ], [ 92.914094379498522, 22.791604453593067 ], [ 92.914275323770511, 22.791192367263388 ], [ 92.91668791406363, 22.787895676625961 ], [ 92.921392465135241, 22.780642957223627 ], [ 92.923201907855088, 22.777758352915882 ], [ 92.927544570382722, 22.773390237821292 ], [ 92.925011350574934, 22.771412223438837 ], [ 92.919884596202039, 22.764241921302435 ], [ 92.918617986298145, 22.736549719948066 ], [ 92.919824281444704, 22.728143158822629 ], [ 92.921090891348598, 22.722538784739008 ], [ 92.933696675630202, 22.713720137283893 ], [ 92.937013987283251, 22.706714669679364 ], [ 92.933033213299581, 22.684214756078937 ], [ 92.933877619902177, 22.677538957538154 ], [ 92.933998249416831, 22.663363187797223 ], [ 92.941778853112183, 22.645066554759513 ], [ 92.951851417585999, 22.632621547603232 ], [ 92.955168729239048, 22.62742925984929 ], [ 92.951730788071345, 22.61910511598979 ], [ 92.953902119335154, 22.601879907409241 ], [ 92.948956309234234, 22.594874439804713 ], [ 92.950283233895462, 22.588445893061735 ], [ 92.949378512535532, 22.575176713246098 ], [ 92.945035850007898, 22.563885547812916 ], [ 92.940934446509587, 22.559352598186457 ], [ 92.934661711747452, 22.55457239676219 ], [ 92.928811180286615, 22.549957029869795 ], [ 92.917472005908905, 22.545094411179594 ], [ 92.913069028623937, 22.544847159381785 ], [ 92.908907310368292, 22.551440540656635 ], [ 92.904444018326004, 22.56948992189654 ], [ 92.903901185510051, 22.574682209650483 ], [ 92.899679152497072, 22.582347015382499 ], [ 92.883756056562419, 22.581605259989079 ], [ 92.877965839858916, 22.586797547743021 ], [ 92.871753419854102, 22.594874439804713 ], [ 92.86578225887861, 22.598748051303687 ], [ 92.862645891497536, 22.602456828270792 ], [ 92.856795360036699, 22.606742526099445 ], [ 92.85040199575991, 22.612841403778681 ], [ 92.844973667600371, 22.62058862677663 ], [ 92.83689149011839, 22.623967734679994 ], [ 92.825672945255334, 22.62569849726464 ], [ 92.822174689330296, 22.625286410934962 ], [ 92.813248105245719, 22.627676511647095 ], [ 92.80806103611549, 22.627182008051481 ], [ 92.803175540771903, 22.621330382170051 ], [ 92.802994596499914, 22.616055677150172 ], [ 92.804864353977095, 22.612099648385261 ], [ 92.803658058830521, 22.607154612429124 ], [ 92.796480602708471, 22.60476451171699 ], [ 92.797264694553732, 22.602127159207051 ], [ 92.796842491252434, 22.597511792314656 ], [ 92.800943894750759, 22.585478871488053 ], [ 92.8016676718387, 22.580698670063786 ], [ 92.804200891646474, 22.574434957852677 ], [ 92.803959632617165, 22.566934986652534 ], [ 92.798832878244269, 22.556467993878709 ], [ 92.798350360185637, 22.551852626986314 ], [ 92.791776051636859, 22.547566929157661 ], [ 92.782789152794962, 22.538336195372871 ], [ 92.78019561822984, 22.530753806906795 ], [ 92.777843342694041, 22.518308799750514 ], [ 92.779954359200531, 22.513611015592183 ], [ 92.781884431435032, 22.498198986862217 ], [ 92.779230582112589, 22.49762206600067 ], [ 92.777059250848779, 22.49910557678751 ], [ 92.775852955702206, 22.501660512031513 ], [ 92.769580220940071, 22.497457231468797 ], [ 92.764755040353819, 22.497951735064412 ], [ 92.762824968119318, 22.500753922106224 ], [ 92.756853807143813, 22.52028681413297 ], [ 92.756612548114504, 22.533720828480476 ], [ 92.755466567725264, 22.541550468744362 ], [ 92.747143131213974, 22.54682517376424 ], [ 92.743825819560925, 22.551358123390703 ], [ 92.723560061098638, 22.563885547812916 ], [ 92.71909676905635, 22.568171245641569 ], [ 92.714693791771381, 22.575259130512034 ], [ 92.712944663808869, 22.580286583734107 ], [ 92.698408807292765, 22.589846986582639 ], [ 92.696056531756966, 22.5955337779322 ], [ 92.694126459522451, 22.606989777897251 ], [ 92.697202512146191, 22.616550180745786 ], [ 92.684114209805969, 22.624462238275605 ], [ 92.675006681449403, 22.624544655541541 ], [ 92.662461211925134, 22.619929288649146 ], [ 92.647382522593077, 22.616879849809528 ], [ 92.647503152107731, 22.626275418126191 ], [ 92.649071335798268, 22.635423734645045 ], [ 92.644849302785289, 22.646137979216675 ], [ 92.642617656764145, 22.650341259779395 ], [ 92.6384559385085, 22.653967619480561 ], [ 92.632183203746365, 22.656687389256437 ], [ 92.631821315202387, 22.659819245361991 ], [ 92.633992646466211, 22.662703849669739 ], [ 92.628021485490706, 22.667154382030262 ], [ 92.622291583544524, 22.670533489933625 ], [ 92.615295071694462, 22.677621374804087 ], [ 92.611796815769424, 22.679434554654673 ], [ 92.610108002564232, 22.685780684131714 ], [ 92.605825654793918, 22.689077374769141 ], [ 92.602387713626214, 22.694929000650571 ], [ 92.60015606760507, 22.704077317169425 ], [ 92.602146454596905, 22.712154209231116 ], [ 92.601844880810262, 22.720313518558743 ], [ 92.598829142943842, 22.722456367473072 ], [ 92.597502218282628, 22.726906899833594 ], [ 92.596416552650723, 22.729132166013859 ], [ 92.593943647600256, 22.729461835077601 ], [ 92.588032801382099, 22.746934295455954 ], [ 92.580855345260034, 22.74454419474382 ], [ 92.580614086230725, 22.73720905807555 ], [ 92.577176145063007, 22.73382995017219 ], [ 92.570239947970265, 22.730698094066636 ], [ 92.560468957283092, 22.744296942946015 ], [ 92.550275763294621, 22.751796914146155 ], [ 92.546596563097594, 22.756494698304486 ], [ 92.540022254548816, 22.759296885346298 ], [ 92.528502135899132, 22.757813374559458 ], [ 92.523918214342189, 22.760533144335334 ], [ 92.517585164822719, 22.755670525645129 ], [ 92.514991630257597, 22.750148568827445 ], [ 92.510890226759287, 22.747511216317502 ], [ 92.510045820156691, 22.743472770286658 ], [ 92.509985505399356, 22.743307935754785 ], [ 92.509261728311415, 22.741165086840461 ], [ 92.509201413554095, 22.741000252308588 ], [ 92.507995118407536, 22.736961806277744 ], [ 92.502265216461353, 22.739599158787684 ], [ 92.496113111213873, 22.742566180361365 ], [ 92.490865727326309, 22.745038698339435 ], [ 92.484170789262876, 22.747676050849375 ], [ 92.477958369258076, 22.750972741486798 ], [ 92.476088611780895, 22.764818842163987 ], [ 92.47409822478906, 22.779406698234592 ], [ 92.472228467311893, 22.788967101083127 ], [ 92.470599968864022, 22.79663190681514 ], [ 92.466016047307079, 22.804049460749347 ], [ 92.463181253712648, 22.807923072248322 ], [ 92.45968299778761, 22.81245602187478 ], [ 92.456486315649215, 22.817071388767175 ], [ 92.454616558172049, 22.81929665494744 ], [ 92.458416387883716, 22.824736194499192 ], [ 92.461613070022125, 22.830258151316876 ], [ 92.456003797590597, 22.837675705251083 ], [ 92.452927744966857, 22.842455906675351 ], [ 92.462638420896695, 22.841796568547867 ], [ 92.45654663040655, 22.851439388662335 ], [ 92.464025660315244, 22.854241575704147 ], [ 92.455219705745321, 22.860258036117447 ], [ 92.452746800694868, 22.862071215968029 ], [ 92.458657646913039, 22.868911849040689 ], [ 92.460105201088908, 22.870642611625335 ], [ 92.45135956127632, 22.874845892188056 ], [ 92.448464452924568, 22.876164568443023 ], [ 92.449489803799139, 22.888115072003689 ], [ 92.449912007100437, 22.89306010795983 ], [ 92.44400116088228, 22.890505172715823 ], [ 92.438934721266705, 22.888197489269626 ], [ 92.433747652136475, 22.885889805823428 ], [ 92.42753523213166, 22.899983158298422 ], [ 92.422408477758765, 22.911274323731604 ], [ 92.419392739892359, 22.918444625868002 ], [ 92.415653224937998, 22.917208366878967 ], [ 92.400936424149918, 22.912180913656893 ], [ 92.399428555216716, 22.917867705006454 ], [ 92.399247610944727, 22.921658899239493 ], [ 92.401780830752514, 22.927840194184665 ], [ 92.397498482982201, 22.929570956769314 ], [ 92.388994102198922, 22.931631388417703 ], [ 92.383264200252739, 22.932950064672674 ], [ 92.371080619272448, 22.936164338044165 ], [ 92.372105970147018, 22.942015963925595 ], [ 92.373191635778923, 22.948609345200445 ], [ 92.374397930925497, 22.955532395539038 ], [ 92.375001078498769, 22.959323589772076 ], [ 92.375604226072056, 22.963279618536987 ], [ 92.376026429373354, 22.96682356097222 ], [ 92.374036042381519, 22.970697172471194 ], [ 92.3778358720932, 22.975477373895458 ], [ 92.378800908210451, 22.980504827117532 ], [ 92.379826259085036, 22.987015791126449 ], [ 92.380791295202286, 22.992867417007879 ], [ 92.381696016562216, 22.998224539293695 ], [ 92.382600737922132, 23.002922323452026 ], [ 92.383264200252739, 23.008032193940036 ], [ 92.38422923636999, 23.013224481693978 ], [ 92.384289551127324, 23.017427762256695 ], [ 92.385073642972586, 23.021713460085348 ], [ 92.386521197148468, 23.026576078775552 ], [ 92.387124344721755, 23.030284855742654 ], [ 92.38730528899373, 23.035724395294405 ], [ 92.388330639868315, 23.039927675857122 ], [ 92.389778194044197, 23.04544963267481 ], [ 92.391165433462746, 23.052702352077148 ], [ 92.391828895793353, 23.057400136235476 ], [ 92.389657564529543, 23.062427589457549 ], [ 92.386641826663123, 23.070009977923629 ], [ 92.385073642972586, 23.073306668561052 ], [ 92.383686403554037, 23.076520941932543 ], [ 92.381092868988929, 23.082784654143651 ], [ 92.379645314813047, 23.08657584837669 ], [ 92.377715242578546, 23.087812107365725 ], [ 92.374639189954806, 23.087482438301983 ], [ 92.370115583155183, 23.093663733247155 ], [ 92.364988828782288, 23.097454927480193 ], [ 92.360887425283963, 23.100916452649489 ], [ 92.357811372660223, 23.103059301563817 ], [ 92.361068369555952, 23.111301028157381 ], [ 92.363239700819776, 23.11657573317726 ], [ 92.365652291112895, 23.122509776324627 ], [ 92.367522048590075, 23.126877891419216 ], [ 92.364445995966335, 23.129185574865414 ], [ 92.358897038292142, 23.133141603630321 ], [ 92.356906651300307, 23.134460279885293 ], [ 92.360223962953356, 23.145009689925054 ], [ 92.362093720430536, 23.150861315806484 ], [ 92.364204736937026, 23.157042610751656 ], [ 92.362636553246489, 23.162976653899022 ], [ 92.360947740041297, 23.17113596322665 ], [ 92.359017667806796, 23.179460107086147 ], [ 92.358112946446866, 23.18448756030822 ], [ 92.356424133241674, 23.188443589073131 ], [ 92.355459097124424, 23.194212797688625 ], [ 92.354735320036482, 23.198745747315087 ], [ 92.352925877316636, 23.20542154585587 ], [ 92.352443359258018, 23.209872078216396 ], [ 92.350935490324815, 23.215970955895632 ], [ 92.349306991876944, 23.223553344361711 ], [ 92.346411883525192, 23.236740106911412 ], [ 92.356122559455045, 23.236657689645476 ], [ 92.3624556089745, 23.236822524177345 ], [ 92.36854739946466, 23.237234610507024 ], [ 92.373553524322901, 23.238470869496059 ], [ 92.38821001035366, 23.238470869496059 ], [ 92.39339707948389, 23.239212624889479 ], [ 92.399428555216716, 23.238800538559801 ], [ 92.398825407643429, 23.24069613567632 ], [ 92.396714391136939, 23.245229085302782 ], [ 92.394543059873129, 23.250833459386403 ], [ 92.392974876182592, 23.254459819087572 ], [ 92.390743230161448, 23.259487272309645 ], [ 92.389717879286863, 23.262619128415199 ], [ 92.388089380839006, 23.265915819052623 ], [ 92.394965263174427, 23.265998236318559 ], [ 92.401599886480525, 23.265750984520754 ], [ 92.404072791530979, 23.263772970138298 ], [ 92.408596398330602, 23.265998236318559 ], [ 92.409380490175863, 23.265009229127333 ], [ 92.413481893674188, 23.261630121223973 ], [ 92.426147992713112, 23.263608135606425 ], [ 92.433084189805868, 23.272674034859346 ], [ 92.440864793501206, 23.279267416134196 ], [ 92.436763390002881, 23.28165751684633 ], [ 92.436522130973572, 23.284212452090333 ], [ 92.446474065932733, 23.284871790217821 ], [ 92.453772151569453, 23.286355301004662 ], [ 92.457210092737157, 23.297399214640034 ], [ 92.460225830603562, 23.303250840521464 ], [ 92.460225830603562, 23.305146437637987 ], [ 92.463543142256626, 23.308278293743538 ], [ 92.465895417792424, 23.318250782921751 ], [ 92.46680013915234, 23.318745286517363 ], [ 92.472168152554559, 23.317261775730522 ], [ 92.475123575663645, 23.321547473559175 ], [ 92.472409411583868, 23.326904595844994 ], [ 92.470539654106702, 23.341822120979341 ], [ 92.462578106139375, 23.349074840381675 ], [ 92.463844716043269, 23.350805602966325 ], [ 92.463784401285935, 23.35640997704995 ], [ 92.46577478827777, 23.355256135326847 ], [ 92.465292270219138, 23.362179185665443 ], [ 92.460768663419529, 23.363662696452284 ], [ 92.459924256816933, 23.365063789973188 ], [ 92.461371810992802, 23.367289056153453 ], [ 92.461190866720827, 23.374129689226109 ], [ 92.460165515846242, 23.379486811511924 ], [ 92.465412899733792, 23.384349430202128 ], [ 92.46680013915234, 23.388635128030778 ], [ 92.468066749056234, 23.389047214360456 ], [ 92.47813931353005, 23.389706552487944 ], [ 92.482180402271041, 23.387151617243937 ], [ 92.485558028681425, 23.382865919415284 ], [ 92.490805412568989, 23.381299991362507 ], [ 92.495751222669895, 23.38393734387245 ], [ 92.497138462088444, 23.389871387019813 ], [ 92.500033570440209, 23.387975789903294 ], [ 92.501360495101423, 23.38805820716923 ], [ 92.502144586946685, 23.38657469638239 ], [ 92.507874488892867, 23.383195588479026 ], [ 92.511553689089894, 23.378580221586631 ], [ 92.520902476475769, 23.378415387054762 ], [ 92.520902476475769, 23.378415387054762 ], [ 92.528502135899132, 23.379321976980052 ], [ 92.53296542794142, 23.377591214395405 ], [ 92.537489034741029, 23.37882747338444 ], [ 92.538092182314315, 23.378909890650377 ], [ 92.543580825231189, 23.379157142448182 ], [ 92.548526635332095, 23.37808571799102 ], [ 92.54955198620668, 23.3773439625976 ], [ 92.54949167144936, 23.376849459001985 ], [ 92.551482058441181, 23.376107703608564 ], [ 92.558056366989959, 23.369349487801841 ], [ 92.565535396898667, 23.37124508491836 ], [ 92.56710358058919, 23.37635495540637 ], [ 92.568611449522407, 23.377508797129469 ], [ 92.578925273025533, 23.376684624470112 ], [ 92.588696263712706, 23.384019761138383 ], [ 92.590505706432552, 23.390118638817622 ], [ 92.588032801382099, 23.400915300655189 ], [ 92.592073890123089, 23.404541660356358 ], [ 92.601784566052928, 23.400915300655189 ], [ 92.603594008772774, 23.396712020092473 ], [ 92.613787202761245, 23.39407466758253 ], [ 92.617345773443617, 23.389212048892329 ], [ 92.621567806456596, 23.38632744458458 ], [ 92.626815190344146, 23.385832940988969 ], [ 92.630373761026519, 23.390036221551686 ], [ 92.637189328604606, 23.390942811476979 ], [ 92.64153199113224, 23.387893372637357 ], [ 92.647080948806433, 23.381712077692185 ], [ 92.659686733088037, 23.380723070500959 ], [ 92.665657894063528, 23.381135156830638 ], [ 92.672714720670939, 23.382701084883415 ] ] ] } },
{ "type": "Feature", "properties": { "dt_code": "266", "district": "Mamit", "st_code": "15", "year": "2011_c", "st_nm": "Mizoram", "state": "mizoram" }, "geometry": { "type": "Polygon", "coordinates": [ [ [ 92.627538967432088, 23.95368790328547 ], [ 92.63019281675453, 23.944869255830355 ], [ 92.625247006653609, 23.941160478863253 ], [ 92.623015360632465, 23.93514401844995 ], [ 92.636827440060628, 23.931682493280654 ], [ 92.644728673270635, 23.929457227100393 ], [ 92.646357171718492, 23.922204507698059 ], [ 92.657937605125511, 23.919896824251857 ], [ 92.663004044741086, 23.90835840702087 ], [ 92.659324844544059, 23.901270522150405 ], [ 92.645452450358576, 23.896078234396462 ], [ 92.641290732102931, 23.892039788365615 ], [ 92.641351046860251, 23.885776076154507 ], [ 92.643100174822777, 23.880501371134628 ], [ 92.643160489580097, 23.872259644541064 ], [ 92.647623781622386, 23.863523414351889 ], [ 92.651061722790104, 23.853963011503353 ], [ 92.654137775413844, 23.847781716558181 ], [ 92.662400897167799, 23.837149889252487 ], [ 92.661254916778574, 23.832040018764477 ], [ 92.65196644415002, 23.830721342509506 ], [ 92.646598430747815, 23.827589486403951 ], [ 92.646176227446517, 23.819924680671939 ], [ 92.656128162405665, 23.818358752619162 ], [ 92.651061722790104, 23.81118845048276 ], [ 92.642858915793454, 23.811765371344311 ], [ 92.638094049964522, 23.815556565577349 ], [ 92.633208554620936, 23.807891759845337 ], [ 92.629469039666589, 23.801875299432034 ], [ 92.625186691896289, 23.796435759880282 ], [ 92.629951557725221, 23.792891817445053 ], [ 92.639541604140405, 23.792974234710986 ], [ 92.642436712492156, 23.785309428978973 ], [ 92.640386010743001, 23.771957831897399 ], [ 92.634897367826127, 23.767672134068746 ], [ 92.629589669181243, 23.762397429048868 ], [ 92.635681459671403, 23.758441400283957 ], [ 92.637732161420558, 23.747397486648584 ], [ 92.639179715596441, 23.738661256459405 ], [ 92.641712935404215, 23.734128306832947 ], [ 92.643884266668039, 23.72819426368558 ], [ 92.648468188224982, 23.719787702560147 ], [ 92.652026758907354, 23.714100911210586 ], [ 92.657515401824213, 23.71138114143471 ], [ 92.663486562799719, 23.711051472370968 ], [ 92.667648281055364, 23.707342695403867 ], [ 92.660651769205288, 23.690117486823318 ], [ 92.656429736192308, 23.681958177495691 ], [ 92.652509276965972, 23.677013141539554 ], [ 92.64774441113704, 23.667947242286633 ], [ 92.637068699089951, 23.658386839438101 ], [ 92.637129013847272, 23.647425343068662 ], [ 92.640747899286964, 23.642645141644394 ], [ 92.645693709387885, 23.63951328553884 ], [ 92.652448962208652, 23.63522758771019 ], [ 92.652388647451318, 23.63028255175405 ], [ 92.658359808426809, 23.628716623701273 ], [ 92.669156149988567, 23.626491357521012 ], [ 92.675247940478712, 23.623112249617652 ], [ 92.674282904361462, 23.614458436694409 ], [ 92.674886051934749, 23.609101314408594 ], [ 92.671870314068343, 23.600035415155673 ], [ 92.664330969402315, 23.5950079619336 ], [ 92.656731309978952, 23.593359616614887 ], [ 92.651785499878031, 23.58989809144559 ], [ 92.652087073664674, 23.584458551893839 ], [ 92.654017145899175, 23.576793746161826 ], [ 92.660410510175979, 23.570365199418848 ], [ 92.658782011728107, 23.559733372113151 ], [ 92.656731309978952, 23.554211415295462 ], [ 92.648166614438338, 23.553222408104237 ], [ 92.644909617542623, 23.547618034020612 ], [ 92.643763637153384, 23.541189487277634 ], [ 92.637973420449867, 23.539541141958921 ], [ 92.635078312098116, 23.533607098811554 ], [ 92.640386010743001, 23.521739012516825 ], [ 92.646598430747815, 23.519348911804691 ], [ 92.654499663957807, 23.51803023554972 ], [ 92.656791624736286, 23.508387415435251 ], [ 92.659264529786739, 23.503607214010984 ], [ 92.661013657749251, 23.497261084533942 ], [ 92.657575716581547, 23.489184192472251 ], [ 92.657756660853536, 23.478552365166554 ], [ 92.658480437941463, 23.466684278871824 ], [ 92.657997919882845, 23.455640365236448 ], [ 92.658601067456132, 23.440558005570228 ], [ 92.65805823464018, 23.431492106317307 ], [ 92.659324844544059, 23.421766868936903 ], [ 92.666261041636815, 23.411794379758692 ], [ 92.669638668047199, 23.401574638782673 ], [ 92.667467336783375, 23.390777976945106 ], [ 92.672714720670939, 23.382701084883415 ], [ 92.665657894063528, 23.381135156830638 ], [ 92.659686733088037, 23.380723070500959 ], [ 92.647080948806433, 23.381712077692185 ], [ 92.64153199113224, 23.387893372637357 ], [ 92.637189328604606, 23.390942811476979 ], [ 92.630373761026519, 23.390036221551686 ], [ 92.626815190344146, 23.385832940988969 ], [ 92.621567806456596, 23.38632744458458 ], [ 92.617345773443617, 23.389212048892329 ], [ 92.613787202761245, 23.39407466758253 ], [ 92.603594008772774, 23.396712020092473 ], [ 92.601784566052928, 23.400915300655189 ], [ 92.592073890123089, 23.404541660356358 ], [ 92.588032801382099, 23.400915300655189 ], [ 92.590505706432552, 23.390118638817622 ], [ 92.588696263712706, 23.384019761138383 ], [ 92.578925273025533, 23.376684624470112 ], [ 92.568611449522407, 23.377508797129469 ], [ 92.56710358058919, 23.37635495540637 ], [ 92.565535396898667, 23.37124508491836 ], [ 92.558056366989959, 23.369349487801841 ], [ 92.551482058441181, 23.376107703608564 ], [ 92.54949167144936, 23.376849459001985 ], [ 92.54955198620668, 23.3773439625976 ], [ 92.548526635332095, 23.37808571799102 ], [ 92.543580825231189, 23.379157142448182 ], [ 92.538092182314315, 23.378909890650377 ], [ 92.537489034741029, 23.37882747338444 ], [ 92.53296542794142, 23.377591214395405 ], [ 92.528502135899132, 23.379321976980052 ], [ 92.520902476475769, 23.378415387054762 ], [ 92.511553689089894, 23.378580221586631 ], [ 92.507874488892867, 23.383195588479026 ], [ 92.502144586946685, 23.38657469638239 ], [ 92.501360495101423, 23.38805820716923 ], [ 92.500033570440209, 23.387975789903294 ], [ 92.497138462088444, 23.389871387019813 ], [ 92.495751222669895, 23.38393734387245 ], [ 92.490805412568989, 23.381299991362507 ], [ 92.485558028681425, 23.382865919415284 ], [ 92.482180402271041, 23.387151617243937 ], [ 92.47813931353005, 23.389706552487944 ], [ 92.468066749056234, 23.389047214360456 ], [ 92.46680013915234, 23.388635128030778 ], [ 92.465412899733792, 23.384349430202128 ], [ 92.460165515846242, 23.379486811511924 ], [ 92.461190866720827, 23.374129689226109 ], [ 92.461371810992802, 23.367289056153453 ], [ 92.459924256816933, 23.365063789973188 ], [ 92.460768663419529, 23.363662696452284 ], [ 92.465292270219138, 23.362179185665443 ], [ 92.46577478827777, 23.355256135326847 ], [ 92.463784401285935, 23.35640997704995 ], [ 92.463844716043269, 23.350805602966325 ], [ 92.462578106139375, 23.349074840381675 ], [ 92.470539654106702, 23.341822120979341 ], [ 92.472409411583868, 23.326904595844994 ], [ 92.475123575663645, 23.321547473559175 ], [ 92.472168152554559, 23.317261775730522 ], [ 92.46680013915234, 23.318745286517363 ], [ 92.465895417792424, 23.318250782921751 ], [ 92.463543142256626, 23.308278293743538 ], [ 92.460225830603562, 23.305146437637987 ], [ 92.460225830603562, 23.303250840521464 ], [ 92.457210092737157, 23.297399214640034 ], [ 92.453772151569453, 23.286355301004662 ], [ 92.446474065932733, 23.284871790217821 ], [ 92.436522130973572, 23.284212452090333 ], [ 92.436763390002881, 23.28165751684633 ], [ 92.440864793501206, 23.279267416134196 ], [ 92.433084189805868, 23.272674034859346 ], [ 92.426147992713112, 23.263608135606425 ], [ 92.413481893674188, 23.261630121223973 ], [ 92.409380490175863, 23.265009229127333 ], [ 92.408596398330602, 23.265998236318559 ], [ 92.404072791530979, 23.263772970138298 ], [ 92.401599886480525, 23.265750984520754 ], [ 92.394965263174427, 23.265998236318559 ], [ 92.39345739424121, 23.266410322648237 ], [ 92.389597249772208, 23.272179531263731 ], [ 92.386702141420457, 23.276465229092384 ], [ 92.38422923636999, 23.280421257857295 ], [ 92.38085160995962, 23.28577838014311 ], [ 92.382721367436787, 23.294184941268547 ], [ 92.384470495399313, 23.301684912468687 ], [ 92.385616475788538, 23.306547531158891 ], [ 92.380067518114345, 23.310998063519413 ], [ 92.376508947431986, 23.313635416029356 ], [ 92.372890061992294, 23.316355185805232 ], [ 92.367763307619384, 23.320228797304207 ], [ 92.363842848393048, 23.323195818877888 ], [ 92.36758236334741, 23.333662811651713 ], [ 92.369874324125874, 23.340091358394695 ], [ 92.3716234520884, 23.345118811616768 ], [ 92.373432894808246, 23.349981430306968 ], [ 92.374880448984115, 23.354102293603749 ], [ 92.37777555733588, 23.362344020197312 ], [ 92.374880448984115, 23.36638246622816 ], [ 92.371321878301757, 23.366135214430351 ], [ 92.369090232280612, 23.371080250386491 ], [ 92.359862074409392, 23.368442897876548 ], [ 92.35937955635076, 23.375118696417335 ], [ 92.364325366451681, 23.379898897841603 ], [ 92.360043018681381, 23.380475818703154 ], [ 92.351840211684731, 23.38146482589438 ], [ 92.354011542948555, 23.393415329455046 ], [ 92.354554375764508, 23.396876854624342 ], [ 92.352986192073971, 23.403470235899192 ], [ 92.355338467609769, 23.401986725112351 ], [ 92.356363818484354, 23.406766926536619 ], [ 92.356786021785652, 23.410640538035594 ], [ 92.354071857705875, 23.411547127960887 ], [ 92.347316604885123, 23.41336030781147 ], [ 92.347015031098479, 23.420118523618189 ], [ 92.346653142554501, 23.425310811372135 ], [ 92.346351568767872, 23.429349257402983 ], [ 92.345989680223894, 23.433717372497568 ], [ 92.342370794784202, 23.432069027178859 ], [ 92.33664089283802, 23.429514091934852 ], [ 92.332539489339695, 23.429514091934852 ], [ 92.332117286038397, 23.435612969614091 ], [ 92.331936341766422, 23.441052509165843 ], [ 92.331514138465124, 23.447151386845078 ], [ 92.331695082737099, 23.453167847258378 ], [ 92.331996656523742, 23.457618379618904 ], [ 92.331996656523742, 23.462316163777235 ], [ 92.331152249921146, 23.465777688946531 ], [ 92.326688957878858, 23.467426034265245 ], [ 92.323974793799096, 23.467590868797114 ], [ 92.317521114764972, 23.471134811232346 ], [ 92.323311331468474, 23.475585343592872 ], [ 92.32626675457756, 23.478140278836875 ], [ 92.324758885644357, 23.4802831277512 ], [ 92.320717796903367, 23.483167732058948 ], [ 92.316375134375733, 23.486464422696375 ], [ 92.316495763890387, 23.494623732024003 ], [ 92.316556078647722, 23.503277544947242 ], [ 92.316978281949019, 23.514568710380424 ], [ 92.317159226220994, 23.520750005325596 ], [ 92.317340170492983, 23.527590638398255 ], [ 92.312092786605433, 23.531711501695035 ], [ 92.306423199416571, 23.535997199523688 ], [ 92.306845402717869, 23.550914724658039 ], [ 92.307810438835119, 23.565832249792386 ], [ 92.308353271651072, 23.577865170618988 ], [ 92.305518478056655, 23.583799213766355 ], [ 92.303347146792831, 23.588909084254365 ], [ 92.294782451252232, 23.589486005115912 ], [ 92.293576156105658, 23.594925544667664 ], [ 92.287665309887501, 23.596079386390763 ], [ 92.287665309887501, 23.603826609388712 ], [ 92.287846254159476, 23.610749659727308 ], [ 92.287725624644821, 23.61693095467248 ], [ 92.290801677268561, 23.619897976246161 ], [ 92.295988746398791, 23.621134235235196 ], [ 92.289173178820704, 23.623441918681394 ], [ 92.27867841104559, 23.625090264000107 ], [ 92.282357611242617, 23.638194609283872 ], [ 92.272948509099407, 23.642315472580652 ], [ 92.274154804245967, 23.645859415015885 ], [ 92.277291171627041, 23.654101141609448 ], [ 92.280548168522756, 23.662260450937076 ], [ 92.283624221146496, 23.671079098392187 ], [ 92.285313034351688, 23.67536479622084 ], [ 92.288328772218108, 23.683688940080341 ], [ 92.29098262154055, 23.691024076748612 ], [ 92.288630346004751, 23.696710868098169 ], [ 92.286459014740927, 23.702315242181793 ], [ 92.284106739205129, 23.708331702595093 ], [ 92.279764076677495, 23.719045947166727 ], [ 92.275964246965813, 23.720529457953567 ], [ 92.265409164433379, 23.725062407580026 ], [ 92.263780665985507, 23.740639270841861 ], [ 92.262755315110937, 23.753249112530014 ], [ 92.26215216753765, 23.76083150099609 ], [ 92.261368075692388, 23.765858954218164 ], [ 92.261006187148411, 23.77179299736553 ], [ 92.259196744428564, 23.790172047669177 ], [ 92.258412652583303, 23.798661026060547 ], [ 92.257688875495361, 23.802864306623263 ], [ 92.257447616466052, 23.808056594377206 ], [ 92.256723839378111, 23.812671961269604 ], [ 92.269088364630406, 23.814402723854251 ], [ 92.276145191237802, 23.815062061981735 ], [ 92.278618096288255, 23.815062061981735 ], [ 92.280125965221472, 23.815226896513607 ], [ 92.281995722698639, 23.815721400109222 ], [ 92.281332260368032, 23.816792824566384 ], [ 92.2808497423094, 23.817616997225741 ], [ 92.280548168522756, 23.818193918087289 ], [ 92.280306909493447, 23.818606004416967 ], [ 92.279945020949484, 23.819347759810388 ], [ 92.279703761920175, 23.819924680671939 ], [ 92.279040299589553, 23.821573025990652 ], [ 92.277049912597732, 23.826105975617111 ], [ 92.274094489488647, 23.831792766966668 ], [ 92.271802528710168, 23.835996047529388 ], [ 92.268545531814439, 23.842589428804239 ], [ 92.272707250070098, 23.848523471951601 ], [ 92.275481728907195, 23.852644335248385 ], [ 92.279100614346888, 23.858001457534201 ], [ 92.282538555514591, 23.863440997085952 ], [ 92.28483051629307, 23.86723219131899 ], [ 92.289957270665965, 23.866243184127764 ], [ 92.292852379017717, 23.865666263266213 ], [ 92.294179303678945, 23.865254176936535 ], [ 92.295566543097493, 23.864924507872793 ], [ 92.299667946595818, 23.863853083415631 ], [ 92.303347146792831, 23.863358579820016 ], [ 92.307207291261847, 23.86236957262879 ], [ 92.309981770098943, 23.861875069033175 ], [ 92.312514989906731, 23.861215730905691 ], [ 92.314565691655886, 23.862616824426595 ], [ 92.314203803111923, 23.864182752479373 ], [ 92.313781599810625, 23.86574868053215 ], [ 92.313540340781302, 23.868550867573962 ], [ 92.312997507965349, 23.871023385552029 ], [ 92.312514989906731, 23.872754148136679 ], [ 92.312334045634742, 23.874237658923519 ], [ 92.312032471848099, 23.875556335178491 ], [ 92.311610268546801, 23.877699184092815 ], [ 92.311127750488183, 23.880171702070886 ], [ 92.316917967191685, 23.879182694879656 ], [ 92.316978281949019, 23.879677198475271 ], [ 92.316676708162376, 23.879759615741207 ], [ 92.316073560589089, 23.879924450273077 ], [ 92.315771986802446, 23.88157279559179 ], [ 92.316616393405042, 23.88231455098521 ], [ 92.318848039426186, 23.881902464655532 ], [ 92.319028983698175, 23.884374982633602 ], [ 92.317822688551615, 23.886188162484185 ], [ 92.318486150882222, 23.88742442147322 ], [ 92.318305206610233, 23.887918925068835 ], [ 92.31800363282359, 23.888743097728192 ], [ 92.318667095154211, 23.88915518405787 ], [ 92.319451186999473, 23.888083759600704 ], [ 92.320174964087414, 23.889484853121612 ], [ 92.32107968544733, 23.889649687653481 ], [ 92.322527239623213, 23.902424363873507 ], [ 92.323552590497798, 23.902836450203182 ], [ 92.32530171846031, 23.902671615671313 ], [ 92.32723179069481, 23.904484795521896 ], [ 92.3293428072013, 23.903743040128475 ], [ 92.330006269531907, 23.905803471776867 ], [ 92.330669731862528, 23.910006752339584 ], [ 92.328920603900002, 23.917094637210049 ], [ 92.330187213803896, 23.919649572454052 ], [ 92.329161862929325, 23.921380335038702 ], [ 92.327473049724134, 23.922204507698059 ], [ 92.320717796903367, 23.924347356612383 ], [ 92.317641744279626, 23.9285506371751 ], [ 92.312937193208029, 23.932753917737816 ], [ 92.312273730877408, 23.93951213354454 ], [ 92.312937193208029, 23.941572565192931 ], [ 92.312273730877408, 23.942314320586352 ], [ 92.310765861944205, 23.943880248639129 ], [ 92.312213416120088, 23.955665917667922 ], [ 92.311007120973514, 23.958797773773476 ], [ 92.312213416120088, 23.959045025571285 ], [ 92.312937193208029, 23.959209860103154 ], [ 92.312213416120088, 23.968440593887948 ], [ 92.314806950685195, 23.969429601079174 ], [ 92.314565691655886, 23.9704186082704 ], [ 92.317279855735663, 23.970336191004467 ], [ 92.319209927970164, 23.973550464375954 ], [ 92.321682833020617, 23.973468047110018 ], [ 92.322346295351224, 23.97800099673648 ], [ 92.323552590497798, 23.977918579470543 ], [ 92.325120774188321, 23.981462521905776 ], [ 92.327352420209465, 23.98286361542668 ], [ 92.327292105452145, 23.983935039883846 ], [ 92.326749272636192, 23.984429543479457 ], [ 92.325362033217644, 23.985665802468493 ], [ 92.328619030113359, 23.987891068648754 ], [ 92.326869902150847, 24.000088824007229 ], [ 92.327050846422836, 24.002396507453426 ], [ 92.324276367585739, 24.004704190899623 ], [ 92.316737022919696, 24.015830521800936 ], [ 92.31703859670634, 24.016984363524031 ], [ 92.318486150882222, 24.01739644985371 ], [ 92.320536852631378, 24.016160190864678 ], [ 92.321320944476653, 24.016984363524031 ], [ 92.31794331806627, 24.020775557757073 ], [ 92.318727409911531, 24.023660162064818 ], [ 92.316314819618398, 24.026215097308825 ], [ 92.31890835418352, 24.028440363489086 ], [ 92.31896866894084, 24.029511787946248 ], [ 92.313781599810625, 24.032890895849611 ], [ 92.316857652434365, 24.03569308289142 ], [ 92.317159226220994, 24.037753514539812 ], [ 92.315048209714519, 24.043110636825627 ], [ 92.31492758019985, 24.046901831058669 ], [ 92.316495763890387, 24.049539183568609 ], [ 92.318667095154211, 24.048302924579573 ], [ 92.319933705058105, 24.049374349036736 ], [ 92.318244891852913, 24.055473226715971 ], [ 92.321381259233974, 24.056956737502816 ], [ 92.318727409911531, 24.059511672746819 ], [ 92.316435449133067, 24.06495121229857 ], [ 92.317822688551615, 24.067258895744768 ], [ 92.318848039426186, 24.067670982074446 ], [ 92.320838426418021, 24.06684680941509 ], [ 92.323009757681845, 24.067835816606319 ], [ 92.322527239623213, 24.069978665520644 ], [ 92.323311331468474, 24.071462176307485 ], [ 92.324758885644357, 24.071956679903099 ], [ 92.326990531665501, 24.07269843529652 ], [ 92.326688957878858, 24.074594032413039 ], [ 92.325965180790917, 24.074676449678975 ], [ 92.322527239623213, 24.07517095327459 ], [ 92.322466924865878, 24.075665456870201 ], [ 92.327774623510763, 24.078797312975755 ], [ 92.328739659628027, 24.080363241028532 ], [ 92.328136512054741, 24.083083010804408 ], [ 92.328438085841384, 24.087286291367128 ], [ 92.327593679238788, 24.091901658259523 ], [ 92.329885640017253, 24.094126924439784 ], [ 92.331212564678481, 24.096929111481597 ], [ 92.328015882540086, 24.096764276949724 ], [ 92.329403121958634, 24.099319212193727 ], [ 92.329161862929325, 24.101049974778377 ], [ 92.331996656523742, 24.103440075490511 ], [ 92.332056971281077, 24.105006003543288 ], [ 92.329041233414657, 24.10854994597852 ], [ 92.331574453222444, 24.109951039499425 ], [ 92.33139350895047, 24.111269715754396 ], [ 92.328257141569395, 24.114071902796205 ], [ 92.327955567782752, 24.122725715719447 ], [ 92.330730046619848, 24.126104823622811 ], [ 92.328498400598704, 24.127918003473393 ], [ 92.328980918657336, 24.129813600589912 ], [ 92.327895253025432, 24.133357543025145 ], [ 92.327955567782752, 24.136819068194441 ], [ 92.328980918657336, 24.13797290991754 ], [ 92.332056971281077, 24.138632248045024 ], [ 92.331996656523742, 24.142176190480257 ], [ 92.332961692640993, 24.142753111341808 ], [ 92.335012394390162, 24.141681686884642 ], [ 92.336037745264733, 24.142505859543999 ], [ 92.336580578080685, 24.144895960256132 ], [ 92.334047358272912, 24.149016823552913 ], [ 92.331574453222444, 24.161709082507002 ], [ 92.329222177686646, 24.162698089698228 ], [ 92.328317456326729, 24.164264017751005 ], [ 92.329644380987943, 24.172835413408311 ], [ 92.329765010502598, 24.178192535694127 ], [ 92.330549102347874, 24.180252967342518 ], [ 92.330126899046576, 24.182972737118394 ], [ 92.326809587393512, 24.184291413373366 ], [ 92.329403121958634, 24.186269427755821 ], [ 92.328619030113359, 24.187258434947047 ], [ 92.329222177686646, 24.189318866595439 ], [ 92.324517626615048, 24.192945226296604 ], [ 92.324336682343059, 24.194428737083449 ], [ 92.325362033217644, 24.19566499607248 ], [ 92.324939829916346, 24.197148506859325 ], [ 92.323793849527107, 24.197972679518678 ], [ 92.319994019815425, 24.20077486656049 ], [ 92.319994019815425, 24.202423211879204 ], [ 92.3231303871965, 24.202752880942946 ], [ 92.324577941372368, 24.202835298208882 ], [ 92.324396997100393, 24.203906722666044 ], [ 92.318787724668866, 24.207120996037535 ], [ 92.315892616317115, 24.211406693866188 ], [ 92.312514989906731, 24.209181427685927 ], [ 92.309559566797645, 24.212972621918965 ], [ 92.309499252040311, 24.214291298173933 ], [ 92.313419711266647, 24.21931875139601 ], [ 92.313600655538636, 24.221049513980656 ], [ 92.303226517278176, 24.219813254991621 ], [ 92.300693297470389, 24.220225341321299 ], [ 92.300934556499712, 24.222038521171882 ], [ 92.300994871257032, 24.22269785929937 ], [ 92.301718648344973, 24.223274780160917 ], [ 92.297436300574674, 24.225417629075245 ], [ 92.299004484265197, 24.22756047798957 ], [ 92.29930605805184, 24.229785744169831 ], [ 92.29616969067078, 24.232011010350096 ], [ 92.296109375913446, 24.234236276530357 ], [ 92.296652208729398, 24.236296708178749 ], [ 92.294722136494897, 24.238934060688688 ], [ 92.293938044649636, 24.242478003123921 ], [ 92.295144339796195, 24.246186780091023 ], [ 92.295988746398791, 24.246928535484443 ], [ 92.296953782516042, 24.2477527081438 ], [ 92.296471264457423, 24.249895557058128 ], [ 92.303347146792831, 24.250884564249354 ], [ 92.310343658642907, 24.24948347072845 ], [ 92.313902229325279, 24.250719729717485 ], [ 92.376328003159998, 24.249318636196577 ], [ 92.395447781233045, 24.250554895185612 ], [ 92.406545696581446, 24.249895557058128 ], [ 92.416196057753965, 24.251379067844969 ], [ 92.422106903972121, 24.251049398781227 ], [ 92.422227533486776, 24.246104362825086 ], [ 92.419754628436323, 24.233164852073195 ], [ 92.418186444745785, 24.219648420459752 ], [ 92.417884870959156, 24.208934175888118 ], [ 92.419392739892359, 24.200445197496748 ], [ 92.418608648047083, 24.192368305435057 ], [ 92.421805330185478, 24.186516679553627 ], [ 92.432842930776545, 24.181241974533748 ], [ 92.433868281651129, 24.179346377417225 ], [ 92.434049225923118, 24.172093658014891 ], [ 92.437366537576168, 24.168467298313722 ], [ 92.437728426120131, 24.167066204792818 ], [ 92.43483331776838, 24.160555240783903 ], [ 92.436160242429608, 24.15041791707382 ], [ 92.437064963789524, 24.149346492616658 ], [ 92.438331573693418, 24.149181658084785 ], [ 92.441407626317158, 24.150830003403499 ], [ 92.443518642823648, 24.151077255201304 ], [ 92.45021358088708, 24.141599269618709 ], [ 92.456787889435859, 24.141434435086836 ], [ 92.462638420896695, 24.134264132950435 ], [ 92.464387548859222, 24.134511384748244 ], [ 92.465533529248447, 24.132698204897657 ], [ 92.466377935851042, 24.132945456695467 ], [ 92.468127063813569, 24.135912478269148 ], [ 92.470720598378676, 24.136983902726314 ], [ 92.4728919296425, 24.137890492651604 ], [ 92.4728919296425, 24.139950924299995 ], [ 92.474339483818369, 24.140775096959352 ], [ 92.479164664404635, 24.138797082576897 ], [ 92.480431274308529, 24.139209168906575 ], [ 92.481034421881816, 24.140857514225289 ], [ 92.478320257802039, 24.146626722840782 ], [ 92.48019001527922, 24.148027816361687 ], [ 92.48019001527922, 24.150170665276015 ], [ 92.482481976057684, 24.15058275160569 ], [ 92.483085123630971, 24.151819010594725 ], [ 92.480732848095172, 24.154950866700279 ], [ 92.482180402271041, 24.154950866700279 ], [ 92.483507326932269, 24.156022291157441 ], [ 92.484412048292185, 24.157176132880544 ], [ 92.48447236304952, 24.159236564528932 ], [ 92.48543739916677, 24.160060737188289 ], [ 92.48760873043058, 24.160060737188289 ], [ 92.494303668494027, 24.157835471008028 ], [ 92.499671681896231, 24.158412391869575 ], [ 92.50196364267471, 24.159978319922352 ], [ 92.502808049277306, 24.164511269548814 ], [ 92.504436547725163, 24.165170607676298 ], [ 92.506306305202344, 24.164676104080684 ], [ 92.50908078403944, 24.160720075315773 ], [ 92.512337780935155, 24.160390406252031 ], [ 92.511493374332574, 24.162615672432295 ], [ 92.50817606267951, 24.167066204792818 ], [ 92.513242502295086, 24.167066204792818 ], [ 92.51432816792699, 24.168055211984047 ], [ 92.513121872780431, 24.171434319887407 ], [ 92.514690056470968, 24.173329917003926 ], [ 92.517102646764087, 24.17398925513141 ], [ 92.521264365019746, 24.170774981759919 ], [ 92.524883250459439, 24.170692564493987 ], [ 92.529165598229739, 24.172588161610506 ], [ 92.529406857259048, 24.174236506929219 ], [ 92.531035355706919, 24.175225514120445 ], [ 92.532422595125468, 24.178357370225999 ], [ 92.532482909882788, 24.178274952960063 ], [ 92.53604148056516, 24.175884852247929 ], [ 92.535981165807826, 24.171022233557728 ], [ 92.535981165807826, 24.170857399025856 ], [ 92.532181336096144, 24.165665111271913 ], [ 92.53206070658149, 24.165665111271913 ], [ 92.529286227744393, 24.164428852282878 ], [ 92.529406857259048, 24.161461830709193 ], [ 92.540444457850114, 24.152808017785954 ], [ 92.54128886445271, 24.150335499807884 ], [ 92.543822084260498, 24.147038809170461 ], [ 92.54526963843638, 24.140939931491221 ], [ 92.54526963843638, 24.140857514225289 ], [ 92.544787120377748, 24.138137744449409 ], [ 92.542495159599284, 24.134264132950435 ], [ 92.542374530084615, 24.134016881152629 ], [ 92.539419106975544, 24.13113227684488 ], [ 92.539057218431566, 24.128082838005263 ], [ 92.537730293770352, 24.125363068229387 ], [ 92.538031867556995, 24.124044391974419 ], [ 92.543822084260498, 24.123549888378804 ], [ 92.544183972804476, 24.122313629389769 ], [ 92.542857048143247, 24.120830118602928 ], [ 92.539479421732864, 24.112670809275301 ], [ 92.539298477460889, 24.112093888413753 ], [ 92.538333441343624, 24.109786204967556 ], [ 92.540685716879437, 24.099648881257473 ], [ 92.54032382833546, 24.095528017960689 ], [ 92.54032382833546, 24.09536318342882 ], [ 92.54026351357814, 24.095280766162883 ], [ 92.538273126586304, 24.091901658259523 ], [ 92.540746031636758, 24.079209399305434 ], [ 92.540685716879437, 24.078714895709822 ], [ 92.540685716879437, 24.078632478443886 ], [ 92.540565087364769, 24.077066550391109 ], [ 92.540022254548816, 24.072616018030583 ], [ 92.536644628138447, 24.063385284245793 ], [ 92.536584313381113, 24.063302866979857 ], [ 92.538454070858293, 24.057945744694042 ], [ 92.538514385615613, 24.057863327428105 ], [ 92.538514385615613, 24.053742464131325 ], [ 92.537549349498363, 24.051846867014806 ], [ 92.537368405226374, 24.051434780685128 ], [ 92.536885887167756, 24.048550176377379 ], [ 92.536825572410422, 24.048220507313637 ], [ 92.536704942895767, 24.047231500122411 ], [ 92.538815959402257, 24.038495269933232 ], [ 92.538876274159591, 24.038330435401363 ], [ 92.539057218431566, 24.037506262742006 ], [ 92.539298477460889, 24.033055730381481 ], [ 92.541771382511342, 24.033962320306774 ], [ 92.550215448537287, 24.040143615251946 ], [ 92.550155133779967, 24.040226032517882 ], [ 92.550155133779967, 24.040308449783815 ], [ 92.549250412420037, 24.044429313080599 ], [ 92.550275763294621, 24.053577629599452 ], [ 92.550275763294621, 24.053742464131325 ], [ 92.550396392809276, 24.054813888588487 ], [ 92.550637651838585, 24.055473226715971 ], [ 92.550697966595919, 24.055720478513781 ], [ 92.551301114169206, 24.0576160756303 ], [ 92.553653389705005, 24.060171010874303 ], [ 92.553894648734314, 24.060418262672112 ], [ 92.553954963491648, 24.060583097203981 ], [ 92.554075593006303, 24.060583097203981 ], [ 92.554256537278278, 24.060583097203981 ], [ 92.555342202910197, 24.060665514469918 ], [ 92.557875422717984, 24.059429255480882 ], [ 92.558538885048591, 24.057121572034685 ], [ 92.558599199805911, 24.056956737502816 ], [ 92.558418255533937, 24.052918291471968 ], [ 92.564208472237439, 24.052341370610421 ], [ 92.564268786994774, 24.052341370610421 ], [ 92.563183121362869, 24.049539183568609 ], [ 92.563122806605534, 24.049539183568609 ], [ 92.559564235923162, 24.040226032517882 ], [ 92.559503921165842, 24.040061197986009 ], [ 92.561132419613699, 24.039237025326653 ], [ 92.565414767384013, 24.039484277124458 ], [ 92.567827357677132, 24.038248018135427 ], [ 92.570963725058206, 24.045830406601503 ], [ 92.573617574380648, 24.04912709723893 ], [ 92.572652538263398, 24.058522665555593 ], [ 92.572652538263398, 24.058687500087462 ], [ 92.572773167778053, 24.061242435331465 ], [ 92.576090479431102, 24.065198464096376 ], [ 92.576271423703091, 24.065363298628249 ], [ 92.576814256519043, 24.066105054021669 ], [ 92.576934886033698, 24.067835816606319 ], [ 92.574100092439267, 24.073192938892134 ], [ 92.574039777681946, 24.073275356158071 ], [ 92.574100092439267, 24.073275356158071 ], [ 92.574220721953935, 24.07418194608336 ], [ 92.582242584678582, 24.074264363349297 ], [ 92.583388565067821, 24.074264363349297 ], [ 92.583509194582476, 24.074264363349297 ], [ 92.58356950933981, 24.074264363349297 ], [ 92.585861470118274, 24.073110521626198 ], [ 92.586102729147598, 24.063714953309535 ], [ 92.586102729147598, 24.063632536043599 ], [ 92.586163043904918, 24.063550118777666 ], [ 92.587007450507514, 24.062313859788631 ], [ 92.588274060411408, 24.061324852597402 ], [ 92.592435778667053, 24.060500679938045 ], [ 92.599130716730485, 24.05250620514229 ], [ 92.60136236275163, 24.049868852632351 ], [ 92.611374612468126, 24.049868852632351 ], [ 92.614510979849186, 24.049291931770799 ], [ 92.616018848782389, 24.046324910197118 ], [ 92.617044199656974, 24.039978780720073 ], [ 92.619215530920798, 24.035940334689229 ], [ 92.620542455582012, 24.033467816711159 ], [ 92.620663085096666, 24.033302982179286 ], [ 92.622412213059192, 24.031407385062767 ], [ 92.626272357528194, 24.030595891982792 ], [ 92.626272357528194, 24.030748046935283 ], [ 92.6250057476243, 24.034456823902389 ], [ 92.6250057476243, 24.037094176412328 ], [ 92.625126377138955, 24.037341428210134 ], [ 92.625729524712241, 24.038412852667296 ], [ 92.627418337917433, 24.038989773528847 ], [ 92.629710298695898, 24.038330435401363 ], [ 92.63332918413559, 24.034704075700194 ], [ 92.638274994236511, 24.032726061317739 ], [ 92.638335308993845, 24.032726061317739 ], [ 92.637792476177893, 24.031160133264962 ], [ 92.636646495788654, 24.030418377871541 ], [ 92.631941944717042, 24.02909970161657 ], [ 92.629770613453232, 24.025967845511015 ], [ 92.629469039666589, 24.023742579330754 ], [ 92.627237393645444, 24.020445888693331 ], [ 92.627177078888124, 24.020198636895522 ], [ 92.626151728013539, 24.016984363524031 ], [ 92.625729524712241, 24.012451413897573 ], [ 92.625729524712241, 24.012286579365703 ], [ 92.625729524712241, 24.012121744833831 ], [ 92.623075675389799, 24.007836047005178 ], [ 92.623015360632465, 24.007836047005178 ], [ 92.623075675389799, 24.007753629739241 ], [ 92.624402600051013, 24.005610780824917 ], [ 92.63236414801834, 24.000336075805034 ], [ 92.632726036562318, 23.997121802433547 ], [ 92.632726036562318, 23.996956967901674 ], [ 92.631338797143769, 23.995226205317024 ], [ 92.631278482386435, 23.994896536253282 ], [ 92.630735649570482, 23.992671270073021 ], [ 92.630675334813148, 23.992671270073021 ], [ 92.630615020055828, 23.990198752094955 ], [ 92.632062574231711, 23.985583385202556 ], [ 92.632122888989031, 23.985500967936623 ], [ 92.625488265682932, 23.97800099673648 ], [ 92.625488265682932, 23.977918579470543 ], [ 92.622955045875145, 23.969924104674789 ], [ 92.620240881795368, 23.96118787448561 ], [ 92.620240881795368, 23.961105457219674 ], [ 92.620240881795368, 23.960940622687804 ], [ 92.620240881795368, 23.957314262986635 ], [ 92.627418337917433, 23.953770320551403 ], [ 92.627538967432088, 23.95368790328547 ] ], [ [ 92.626272357528194, 24.030583212403414 ], [ 92.626332672285528, 24.030583212403414 ], [ 92.626272357528194, 24.030595891982792 ], [ 92.626272357528194, 24.030583212403414 ] ] ] } },
{ "type": "Feature", "properties": { "dt_code": "267", "district": "Saiha", "st_code": "15", "year": "2011_c", "st_nm": "Mizoram", "state": "mizoram" }, "geometry": { "type": "Polygon", "coordinates": [ [ [ 92.85450339925822, 22.063612743583633 ], [ 92.852030494207767, 22.070865462985971 ], [ 92.84829097925342, 22.080837952164181 ], [ 92.848833812069373, 22.088337923364325 ], [ 92.847506887408159, 22.09616756362821 ], [ 92.847687831680133, 22.105398297413 ], [ 92.84521492662968, 22.114793865729663 ], [ 92.845576815173644, 22.123942182248516 ], [ 92.848230664496086, 22.134409175022341 ], [ 92.846421221776239, 22.141579477158743 ], [ 92.846059333232276, 22.149079448358883 ], [ 92.84424989051243, 22.160205779260195 ], [ 92.843707057696477, 22.167128829598788 ], [ 92.842862651093881, 22.181881520201266 ], [ 92.84123415264601, 22.187897980614565 ], [ 92.841656355947308, 22.195068282750967 ], [ 92.840691319830057, 22.205864944588534 ], [ 92.841596041189987, 22.216414354628295 ], [ 92.840570690315403, 22.226386843806505 ], [ 92.840088172256785, 22.232650556017614 ], [ 92.838942191867545, 22.240397779015563 ], [ 92.837374008177008, 22.244765894110152 ], [ 92.835805824486471, 22.249463678268484 ], [ 92.8347804736119, 22.255232886883977 ], [ 92.837012119633044, 22.264133951605025 ], [ 92.836288342545103, 22.269820742954582 ], [ 92.834237640795948, 22.274683361644787 ], [ 92.837434322934342, 22.279298728537182 ], [ 92.840208801771439, 22.287375620598873 ], [ 92.837132749147699, 22.294051419139659 ], [ 92.830256866812277, 22.300315131350768 ], [ 92.82766333224717, 22.308886527008074 ], [ 92.829050571665718, 22.313831562964211 ], [ 92.828507738849765, 22.319435937047835 ], [ 92.82464759438075, 22.325205145663329 ], [ 92.825853889527323, 22.330315016151339 ], [ 92.841897614976631, 22.331221606076628 ], [ 92.852392382751745, 22.322979879483068 ], [ 92.865661629363956, 22.323721634876488 ], [ 92.868737681987696, 22.327760080907332 ], [ 92.875010416749831, 22.343666613232909 ], [ 92.880680003938679, 22.352567677953957 ], [ 92.883213223746466, 22.35685337578261 ], [ 92.887193997730122, 22.359902814622231 ], [ 92.894673027638831, 22.363941260653075 ], [ 92.899860096769061, 22.366825864960823 ], [ 92.905107480656611, 22.372182987246639 ], [ 92.910716753088138, 22.377540109532454 ], [ 92.918678301055465, 22.383721404477626 ], [ 92.92284001931111, 22.38858402316783 ], [ 92.932128491939665, 22.394765318113002 ], [ 92.939486892333704, 22.392045548337126 ], [ 92.943286722045386, 22.388748857699699 ], [ 92.938823430003097, 22.384215908073241 ], [ 92.940753502237598, 22.379023620319295 ], [ 92.95691785720156, 22.372265404512575 ], [ 92.962768388662411, 22.377540109532454 ], [ 92.966749162646067, 22.392787303730547 ], [ 92.964577831382258, 22.3970730015592 ], [ 92.952756138945915, 22.400864195792238 ], [ 92.95167047331401, 22.406715821673668 ], [ 92.948232532146307, 22.413721289278197 ], [ 92.946362774669126, 22.423611361190471 ], [ 92.945216794279887, 22.430287159731257 ], [ 92.942924833501422, 22.438528886324821 ], [ 92.941899482626837, 22.457979361085631 ], [ 92.946242145154471, 22.462182641648347 ], [ 92.946121515639817, 22.467045260338551 ], [ 92.940029725149657, 22.474710066070564 ], [ 92.936471154467299, 22.482045202738835 ], [ 92.935988636408666, 22.498034152330348 ], [ 92.941055076024242, 22.529599965183696 ], [ 92.939848780877682, 22.539737288893775 ], [ 92.937496505341869, 22.545094411179594 ], [ 92.934661711747452, 22.55457239676219 ], [ 92.940934446509587, 22.559352598186457 ], [ 92.945035850007898, 22.563885547812916 ], [ 92.949378512535532, 22.575176713246098 ], [ 92.950283233895462, 22.588445893061735 ], [ 92.948956309234234, 22.594874439804713 ], [ 92.953902119335154, 22.601879907409241 ], [ 92.951730788071345, 22.61910511598979 ], [ 92.955168729239048, 22.62742925984929 ], [ 92.951851417585999, 22.632621547603232 ], [ 92.941778853112183, 22.645066554759513 ], [ 92.933998249416831, 22.663363187797223 ], [ 92.933877619902177, 22.677538957538154 ], [ 92.933033213299581, 22.684214756078937 ], [ 92.937013987283251, 22.706714669679364 ], [ 92.933696675630202, 22.713720137283893 ], [ 92.921090891348598, 22.722538784739008 ], [ 92.919824281444704, 22.728143158822629 ], [ 92.918617986298145, 22.736549719948066 ], [ 92.919884596202039, 22.764241921302435 ], [ 92.925011350574934, 22.771412223438837 ], [ 92.927544570382722, 22.773390237821292 ], [ 92.923201907855088, 22.777758352915882 ], [ 92.921392465135241, 22.780642957223627 ], [ 92.922719389796455, 22.780642957223627 ], [ 92.92277970455379, 22.78229130254234 ], [ 92.923201907855088, 22.784516568722601 ], [ 92.92380505542836, 22.786082496775379 ], [ 92.922900334068444, 22.787566007562219 ], [ 92.922297186495157, 22.788390180221576 ], [ 92.922598760281801, 22.790450611869968 ], [ 92.92380505542836, 22.791769288124936 ], [ 92.92585575717753, 22.792675878050229 ], [ 92.927363626110733, 22.792840712582102 ], [ 92.930138104947829, 22.792263791720551 ], [ 92.931404714851723, 22.791274784529325 ], [ 92.932430065726308, 22.79078028093371 ], [ 92.934299823203474, 22.791109949997452 ], [ 92.93514422980607, 22.792016539922745 ], [ 92.936772728253942, 22.791934122656809 ], [ 92.938521856216454, 22.791109949997452 ], [ 92.939969410392337, 22.790368194604032 ], [ 92.940451928450955, 22.790368194604032 ], [ 92.941356649810885, 22.790862698199646 ], [ 92.942080426898826, 22.791686870859003 ], [ 92.943105777773397, 22.791027532731515 ], [ 92.943648610589349, 22.789791273742484 ], [ 92.943950184375993, 22.788719849285318 ], [ 92.9494991420502, 22.785917662243509 ], [ 92.95782257856149, 22.781714381680789 ], [ 92.960295483611944, 22.780478122691758 ], [ 92.960355798369278, 22.780395705425821 ], [ 92.960778001670576, 22.77981878456427 ], [ 92.968317346336605, 22.769516626322318 ], [ 92.980139038772933, 22.757483705495716 ], [ 92.988462475284237, 22.754516683922031 ], [ 92.99093538033469, 22.753692511262678 ], [ 92.991236954121334, 22.753692511262678 ], [ 92.994192377230419, 22.75377492852861 ], [ 92.999922279176602, 22.753939763060483 ], [ 93.000284167720565, 22.753939763060483 ], [ 93.005953754909413, 22.753527676730805 ], [ 93.008848863261179, 22.756659532836359 ], [ 93.008547289474535, 22.762593575983725 ], [ 93.012045545399573, 22.767868281003604 ], [ 93.013131211031478, 22.77643967666091 ], [ 93.017534188316446, 22.779736367298334 ], [ 93.019223001521638, 22.784186899658859 ], [ 93.028692418422168, 22.783445144265439 ], [ 93.031527212016584, 22.795807734155783 ], [ 93.045339291444762, 22.793582467975522 ], [ 93.055773744462542, 22.791769288124936 ], [ 93.060960813592772, 22.79325279891178 ], [ 93.063252774371236, 22.793912137039264 ], [ 93.063252774371236, 22.800093431984436 ], [ 93.069766768162694, 22.802236280898761 ], [ 93.078633037489936, 22.806357144195545 ], [ 93.083277273804214, 22.804873633408704 ], [ 93.086413641185288, 22.803967043483411 ], [ 93.083337588561548, 22.801164856441599 ], [ 93.082251922929629, 22.797785748538239 ], [ 93.08201066390032, 22.797126410410755 ], [ 93.090334100411624, 22.791109949997452 ], [ 93.092565746432768, 22.789708856476548 ], [ 93.097209982747032, 22.786824252168799 ], [ 93.10167327478932, 22.784104482392923 ], [ 93.105593734015656, 22.76720894287612 ], [ 93.10897136042604, 22.749983734295572 ], [ 93.110298285087268, 22.741247504106397 ], [ 93.10680002916223, 22.734818957363416 ], [ 93.102155792847952, 22.728637662418244 ], [ 93.09956225828283, 22.724434381855527 ], [ 93.098476592650925, 22.716604741591642 ], [ 93.096667149931079, 22.711330036571763 ], [ 93.093048264491387, 22.708115763200272 ], [ 93.095581484299174, 22.698308108553931 ], [ 93.101793904303989, 22.693198238065921 ], [ 93.104447753626431, 22.683308166153648 ], [ 93.100768553429404, 22.675725777687568 ], [ 93.101130441973368, 22.671110410795173 ], [ 93.104990586442383, 22.661137921616962 ], [ 93.108187268580778, 22.656110468394889 ], [ 93.112107727807114, 22.651907187832172 ], [ 93.11602818703345, 22.648445662662876 ], [ 93.112348986836423, 22.636165490038465 ], [ 93.121818403736953, 22.627017173519612 ], [ 93.127065787624517, 22.626193000860255 ], [ 93.133881355202604, 22.61984687138321 ], [ 93.136595519282366, 22.615149087224879 ], [ 93.140455663751382, 22.604599677185117 ], [ 93.14184290316993, 22.595781029730006 ], [ 93.14304919831649, 22.58308877077592 ], [ 93.133459151901306, 22.578473403883525 ], [ 93.131167191122827, 22.574352540586741 ], [ 93.126703899080539, 22.571467936278996 ], [ 93.121939033251607, 22.564050382344789 ], [ 93.11910423965719, 22.55704491474026 ], [ 93.11301244916703, 22.551770209720377 ], [ 93.113977485284281, 22.542869144999329 ], [ 93.113494967225662, 22.537512022713514 ], [ 93.109152304698029, 22.528858209790272 ], [ 93.117294796937344, 22.525808770950654 ], [ 93.123265957912835, 22.525561519152848 ], [ 93.128272082771076, 22.523089001174778 ], [ 93.131106876365507, 22.516990123495543 ], [ 93.128091138499087, 22.510973663082243 ], [ 93.128030823741767, 22.502979188286485 ], [ 93.13267506005603, 22.495973720681956 ], [ 93.13575111267977, 22.483611130791612 ], [ 93.133700410930615, 22.47668808045302 ], [ 93.131951282968103, 22.471907879028752 ], [ 93.135630483165116, 22.466385922211064 ], [ 93.139490627634132, 22.460287044531828 ], [ 93.143169827831144, 22.45550684310756 ], [ 93.154086798907556, 22.449160713630519 ], [ 93.160118274640382, 22.450726641683296 ], [ 93.172784373679306, 22.448254123705226 ], [ 93.175438223001748, 22.443556339546895 ], [ 93.179539626500073, 22.435644282017073 ], [ 93.185209213688921, 22.430616828794999 ], [ 93.188104322040687, 22.424188282052022 ], [ 93.185571102232899, 22.415864138192521 ], [ 93.186234564563506, 22.41042459864077 ], [ 93.19154226320839, 22.405809231748375 ], [ 93.192808873112284, 22.400204857664754 ], [ 93.190516912333806, 22.39608399436797 ], [ 93.189551876216555, 22.387759850508473 ], [ 93.193713594472214, 22.381084051967687 ], [ 93.189853450003199, 22.367814872152049 ], [ 93.191783522237699, 22.360397318217842 ], [ 93.194377056802821, 22.355534699527642 ], [ 93.197211850397252, 22.340534757127354 ], [ 93.19672933233862, 22.334106210384377 ], [ 93.199926014477015, 22.330644685215081 ], [ 93.203786158946031, 22.326441404652364 ], [ 93.193592964957546, 22.32157878596216 ], [ 93.19672933233862, 22.314738152889504 ], [ 93.197814997970525, 22.310122785997109 ], [ 93.198538775058466, 22.303034901126644 ], [ 93.19890066360243, 22.296853606181472 ], [ 93.198297516029157, 22.28894154865165 ], [ 93.198780034087775, 22.283419591833962 ], [ 93.199141922631753, 22.277815217750341 ], [ 93.201132309623588, 22.272705347262331 ], [ 93.204509936033958, 22.266606469583095 ], [ 93.205776545937852, 22.25803507392579 ], [ 93.193592964957546, 22.252677951639974 ], [ 93.187561489224734, 22.246661491226671 ], [ 93.180866551161301, 22.246166987631057 ], [ 93.168140137365043, 22.246743908492608 ], [ 93.163194327264122, 22.246002153099187 ], [ 93.157585054832595, 22.244188973248605 ], [ 93.148779100262672, 22.245177980439831 ], [ 93.143712660647097, 22.238254930101238 ], [ 93.14920130356397, 22.231826383358257 ], [ 93.153724910363593, 22.225809922944958 ], [ 93.154870890752832, 22.220205548861333 ], [ 93.153483651334284, 22.214518757511776 ], [ 93.156318444928701, 22.206936369045696 ], [ 93.163134012506788, 22.202321002153301 ], [ 93.166994156975804, 22.197128714399359 ], [ 93.16361653056542, 22.190782584922314 ], [ 93.160178589397717, 22.179491419489132 ], [ 93.151613893857103, 22.175370556192352 ], [ 93.145582418124278, 22.173969462671444 ], [ 93.135932056951759, 22.173969462671444 ], [ 93.127970508984433, 22.176277146117641 ], [ 93.120008961017106, 22.186249635295855 ], [ 93.117174167422675, 22.195727620878451 ], [ 93.108790416154051, 22.197952887058715 ], [ 93.09950194352551, 22.196057289942193 ], [ 93.094556133424589, 22.196634210803744 ], [ 93.086112067398645, 22.199930901441167 ], [ 93.07887429651926, 22.205700110056664 ], [ 93.068862046802764, 22.205535275524792 ], [ 93.057100669123756, 22.201331994962075 ], [ 93.051189822905599, 22.200672656834591 ], [ 93.044012366783534, 22.195068282750967 ], [ 93.043891737268879, 22.18748589428489 ], [ 93.05100887863361, 22.173227707278024 ], [ 93.052275488537504, 22.162843131770135 ], [ 93.049320065428418, 22.154106901580956 ], [ 93.048174085039179, 22.147595937572042 ], [ 93.045339291444762, 22.143227822477453 ], [ 93.044253625812843, 22.136139937606991 ], [ 93.051370767177573, 22.129134470002462 ], [ 93.056557836307803, 22.125013606705679 ], [ 93.059935462718187, 22.118255390898959 ], [ 93.063735292429868, 22.110673002432879 ], [ 93.062890885827272, 22.099464254265634 ], [ 93.057040354366436, 22.097238988085373 ], [ 93.049380380185752, 22.096744484489758 ], [ 93.043590163482236, 22.09880491613815 ], [ 93.036473022117505, 22.102431275839319 ], [ 93.029536825024763, 22.102431275839319 ], [ 93.020308667153543, 22.103173031232739 ], [ 93.013312155303467, 22.103008196700866 ], [ 93.01059799122369, 22.095673060032595 ], [ 93.012889952002169, 22.090645606810522 ], [ 93.011804286370264, 22.082815966546637 ], [ 93.009090122290488, 22.076964340665207 ], [ 93.005410922093461, 22.067568772348544 ], [ 93.001128574323161, 22.058750124893432 ], [ 92.998112836456755, 22.053310585341681 ], [ 92.99732874461148, 22.048035880321802 ], [ 92.997268429854159, 22.037156801218298 ], [ 92.998896928302017, 22.029821664550024 ], [ 93.005772810637438, 22.017541491925616 ], [ 93.007702882871939, 22.008805261736441 ], [ 93.006858476269343, 22.000316283345068 ], [ 93.00746162384263, 21.993393233006476 ], [ 93.0065569024827, 21.981607563977683 ], [ 93.003903053160258, 21.977569117946835 ], [ 92.996303393736909, 21.975673520830316 ], [ 92.989668770430796, 21.978558125138065 ], [ 92.983094461882018, 21.987788858922855 ], [ 92.979053373141028, 21.999656945217584 ], [ 92.976882041877218, 22.004189894844043 ], [ 92.970488677600414, 22.007733837279275 ], [ 92.966809477403402, 22.011854700576059 ], [ 92.964276257595614, 22.018035995521231 ], [ 92.963914369051636, 22.024876628593887 ], [ 92.958305096620123, 22.027926067433505 ], [ 92.953178342247213, 22.027678815635699 ], [ 92.948534105932936, 22.023722786870788 ], [ 92.939486892333704, 22.016140398404712 ], [ 92.93206817718233, 22.017871160989358 ], [ 92.933093528056915, 22.010536024321087 ], [ 92.936471154467299, 22.006415161024307 ], [ 92.929595272131877, 21.99973936248352 ], [ 92.925131980089589, 21.993805319336154 ], [ 92.922176556980503, 21.984986671881042 ], [ 92.919643337172715, 21.978722959669934 ], [ 92.916868858335619, 21.971717492065405 ], [ 92.913129343381271, 21.96298126187623 ], [ 92.911862733477378, 21.954574700750793 ], [ 92.913491231925235, 21.947321981348459 ], [ 92.908304162795005, 21.944190125242905 ], [ 92.903237723179444, 21.951525261911176 ], [ 92.902152057547525, 21.978722959669934 ], [ 92.898774431137156, 21.988283362518466 ], [ 92.893828621036235, 22.001882211397845 ], [ 92.891717604529745, 22.009876686193603 ], [ 92.886892423943493, 22.016140398404712 ], [ 92.883213223746466, 22.019519506308072 ], [ 92.877000803741652, 22.023970038668597 ], [ 92.8721756231554, 22.028090901965378 ], [ 92.869943977134255, 22.034519448708355 ], [ 92.868797996745016, 22.044656772418438 ], [ 92.867652016355777, 22.052239160884518 ], [ 92.867652016355777, 22.058750124893432 ], [ 92.865239426062658, 22.063365491785827 ], [ 92.86083644877769, 22.065590757966088 ], [ 92.85450339925822, 22.063612743583633 ] ] ] } },
{ "type": "Feature", "properties": { "dt_code": "268", "district": "Serchhip", "st_code": "15", "year": "2011_c", "st_nm": "Mizoram", "state": "mizoram" }, "geometry": { "type": "Polygon", "coordinates": [ [ [ 92.689361593693519, 23.328058437568089 ], [ 92.691593239714663, 23.322618898016337 ], [ 92.702027692732457, 23.296904711044423 ], [ 92.712100257206274, 23.297893718235649 ], [ 92.736165845380228, 23.313635416029356 ], [ 92.756552233357183, 23.304651934042372 ], [ 92.765720076471069, 23.302673919659917 ], [ 92.78116065434709, 23.299542063554362 ], [ 92.791233218820906, 23.2758058909649 ], [ 92.812584642915098, 23.272838869391219 ], [ 92.827542702732501, 23.298635473629069 ], [ 92.853598677898304, 23.322618898016337 ], [ 92.831221902929528, 23.334899070640748 ], [ 92.811981495341826, 23.367948394280937 ], [ 92.820003358066472, 23.386080192786775 ], [ 92.833996381766624, 23.41657458118296 ], [ 92.839183450896854, 23.427618494818333 ], [ 92.852332067994411, 23.4802831277512 ], [ 92.880921262967988, 23.518689573677207 ], [ 92.91361186143989, 23.522068681580567 ], [ 92.919884596202039, 23.522645602442115 ], [ 92.947569069815685, 23.514074206784812 ], [ 92.971936231776297, 23.477563357975328 ], [ 93.019102372006969, 23.433964624295378 ], [ 93.036231763088196, 23.417728422906059 ], [ 93.039850648527889, 23.414678984066438 ], [ 93.044615514356821, 23.41072295530153 ], [ 93.041479146975746, 23.379486811511924 ], [ 93.040815684645139, 23.372481343907396 ], [ 93.042504497850331, 23.360613257612666 ], [ 93.045218661930093, 23.341739703713404 ], [ 93.046485271833987, 23.314871675018388 ], [ 93.044917088143464, 23.31281124337 ], [ 93.041177573189103, 23.307948624679796 ], [ 93.01482002423667, 23.273827876582445 ], [ 93.012769322487515, 23.262042207553648 ], [ 93.02615919861438, 23.249514783131435 ], [ 93.037980891050708, 23.244487329909362 ], [ 93.050646990089646, 23.213168768853819 ], [ 93.078391778460627, 23.206575387578969 ], [ 93.130805302578864, 23.194624884018303 ], [ 93.165425973285267, 23.179130438022405 ], [ 93.183641029998398, 23.121108682803719 ], [ 93.188707469613959, 23.098114265607681 ], [ 93.193351705928237, 23.075696769273186 ], [ 93.195703981464035, 23.064900107435619 ], [ 93.196608702823966, 23.055257287321151 ], [ 93.192205725538997, 23.056905632639864 ], [ 93.188647154856639, 23.054845200991473 ], [ 93.184847325144958, 23.05377377653431 ], [ 93.180745921646633, 23.054597949193667 ], [ 93.174473186884498, 23.049652913237527 ], [ 93.169889265327555, 23.047510064323202 ], [ 93.165606917557255, 23.045696884472619 ], [ 93.159756386096419, 23.048663906046301 ], [ 93.15342333657695, 23.054845200991473 ], [ 93.14516021482298, 23.058471560692642 ], [ 93.139671571906106, 23.057400136235476 ], [ 93.138103388215583, 23.053196855672759 ], [ 93.134665447047865, 23.050147416833141 ], [ 93.130744987821529, 23.044295790951711 ], [ 93.132856004328019, 23.038444165070281 ], [ 93.133640096173295, 23.032015618327303 ], [ 93.132132227240078, 23.028059589562393 ], [ 93.129418063160315, 23.022702467276577 ], [ 93.131951282968103, 23.016686006863274 ], [ 93.13357978141596, 23.009680539258746 ], [ 93.127970508984433, 23.003251992515768 ], [ 93.122723125096883, 23.00696076948287 ], [ 93.118862980627867, 23.009680539258746 ], [ 93.096003687600472, 23.025504654318389 ], [ 93.083639162348177, 23.028389258626135 ], [ 93.081950349143, 23.031273862933883 ], [ 93.083458218076203, 23.033911215443823 ], [ 93.080623424481772, 23.035889229826278 ], [ 93.06144333165139, 23.044213373685775 ], [ 93.046063068532689, 23.045944136270425 ], [ 93.041780720762389, 23.049488078705657 ], [ 93.042444183092996, 23.070257229721435 ], [ 93.044494884842166, 23.074295675752282 ], [ 93.043288589695592, 23.077427531857836 ], [ 93.039730019013234, 23.080971474293069 ], [ 93.033396969493765, 23.080889057027132 ], [ 93.02712423473163, 23.078911042644677 ], [ 93.021816536086746, 23.078911042644677 ], [ 93.006918791026678, 23.087152769238241 ], [ 92.999801649661947, 23.092757143321862 ], [ 92.99515741334767, 23.094405488640575 ], [ 92.99401143295843, 23.097454927480193 ], [ 92.991538527907977, 23.097290092948324 ], [ 92.990271918004083, 23.09902085553297 ], [ 92.989487826158808, 23.100174697256069 ], [ 92.987919642468285, 23.1000098627242 ], [ 92.98478327508721, 23.104295560552853 ], [ 92.967653884005998, 23.111301028157381 ], [ 92.9672316807047, 23.115009805124483 ], [ 92.962768388662411, 23.114680136060741 ], [ 92.960416113126598, 23.116163646847582 ], [ 92.961200204971874, 23.130256999322576 ], [ 92.962165241089124, 23.131575675577544 ], [ 92.962165241089124, 23.134460279885293 ], [ 92.960054224582635, 23.134625114417165 ], [ 92.961019260699885, 23.140064653968917 ], [ 92.959692336038671, 23.141465747489821 ], [ 92.960958945942565, 23.147811876966866 ], [ 92.95782257856149, 23.151603071199904 ], [ 92.960054224582635, 23.157454697081334 ], [ 92.95691785720156, 23.165366754611153 ], [ 92.955108414481714, 23.166520596334252 ], [ 92.950826066711414, 23.167097517195803 ], [ 92.948895994476914, 23.169240366110127 ], [ 92.939788466120348, 23.169405200642 ], [ 92.937677449613858, 23.171383215024456 ], [ 92.93629021019531, 23.175916164650914 ], [ 92.936893357768597, 23.180696366075182 ], [ 92.937979023400501, 23.182591963191701 ], [ 92.938340911944465, 23.186630409222548 ], [ 92.936048951166001, 23.18696007828629 ], [ 92.932249121454319, 23.185806236563192 ], [ 92.928087403198674, 23.186135905626934 ], [ 92.925493868633552, 23.186712826488481 ], [ 92.924528832516302, 23.188278754541258 ], [ 92.922176556980503, 23.189844682594035 ], [ 92.919341763386072, 23.184817229371962 ], [ 92.919040189599443, 23.184734812106029 ], [ 92.917532320666226, 23.181932625064217 ], [ 92.912948399109283, 23.180284279745504 ], [ 92.908304162795005, 23.177564509969628 ], [ 92.901247336187609, 23.177234840905886 ], [ 92.897507821233262, 23.178141430831179 ], [ 92.887254312487457, 23.169240366110127 ], [ 92.884298889378371, 23.168745862514516 ], [ 92.87832772840288, 23.169405200642 ], [ 92.87525167577914, 23.171712884088198 ], [ 92.873321603544639, 23.174185402066268 ], [ 92.871874049368756, 23.174350236598137 ], [ 92.868134534414409, 23.172866725811296 ], [ 92.867048868782504, 23.174350236598137 ], [ 92.867109183539824, 23.175091991991557 ], [ 92.864093445673419, 23.175504078321236 ], [ 92.865239426062658, 23.179954610681762 ], [ 92.86276652101219, 23.183910639446673 ], [ 92.862284002953572, 23.186383157424739 ], [ 92.859268265087152, 23.192564452369911 ], [ 92.85866511751388, 23.195861143007338 ], [ 92.86180148489494, 23.210778668141685 ], [ 92.860595189748381, 23.215146783236275 ], [ 92.857458822367306, 23.218690725671507 ], [ 92.855106546831507, 23.220091819192412 ], [ 92.8544430845009, 23.22149291271332 ], [ 92.85142734663448, 23.223470927095775 ], [ 92.849436959642659, 23.22734453859475 ], [ 92.850040107215932, 23.229075301179396 ], [ 92.848954441584027, 23.23146540189153 ], [ 92.849678218671968, 23.234020337135536 ], [ 92.848894126826707, 23.234185171667406 ], [ 92.849014756341361, 23.234926927060826 ], [ 92.849135385856016, 23.235256596124568 ], [ 92.849135385856016, 23.23657527237954 ], [ 92.846722795562883, 23.23805878316638 ], [ 92.839846913227461, 23.241190639271935 ], [ 92.838761247595556, 23.244487329909362 ], [ 92.835443935942507, 23.245558754366524 ], [ 92.825793574769989, 23.242591732792842 ], [ 92.82344129923419, 23.241355473803807 ], [ 92.821450912242355, 23.241355473803807 ], [ 92.820123987581141, 23.239542293953221 ], [ 92.818917692434567, 23.2339379198696 ], [ 92.819581154765174, 23.228498380317848 ], [ 92.818374859618615, 23.226437948669457 ], [ 92.816625731656103, 23.225531358744163 ], [ 92.802512078441296, 23.226273114137587 ], [ 92.798772563486935, 23.227674207658492 ], [ 92.790690386004954, 23.230641229232173 ], [ 92.779592470656567, 23.228580797583785 ], [ 92.773380050651753, 23.233360999008049 ], [ 92.768615184822821, 23.232536826348692 ], [ 92.76668511258832, 23.230888481029982 ], [ 92.758602935106339, 23.226767617733199 ], [ 92.756672862871838, 23.231795070955272 ], [ 92.754984049666646, 23.232866495412438 ], [ 92.753536495490764, 23.233443416273985 ], [ 92.74919383296313, 23.233031329944307 ], [ 92.74497179995015, 23.234185171667406 ], [ 92.740870396451839, 23.232371991816823 ], [ 92.738337176644052, 23.237152193241091 ], [ 92.736286474894897, 23.239212624889479 ], [ 92.725067930031841, 23.24069613567632 ], [ 92.724585411973209, 23.238800538559801 ], [ 92.725610762847793, 23.228251128520043 ], [ 92.727359890810305, 23.222152250840804 ], [ 92.725972651391757, 23.21712479761873 ], [ 92.72742020556764, 23.210448999077943 ], [ 92.724886985759852, 23.205916049451485 ], [ 92.722293451194744, 23.191905114242427 ], [ 92.716442919733908, 23.191245776114943 ], [ 92.709386093126497, 23.192482035103978 ], [ 92.706129096230768, 23.195284222145787 ], [ 92.706671929046735, 23.197344653794179 ], [ 92.703354617393671, 23.197756740123857 ], [ 92.707154447105353, 23.204267704132771 ], [ 92.707516335649331, 23.207646812036135 ], [ 92.696900938359548, 23.216465459491246 ], [ 92.694729607095738, 23.222069833574867 ], [ 92.692859849618557, 23.236987358709218 ], [ 92.693402682434524, 23.239707128485094 ], [ 92.691472610200009, 23.242674150058775 ], [ 92.692437646317259, 23.248196106876463 ], [ 92.693342367677189, 23.260641114032744 ], [ 92.691532924957343, 23.269294926955986 ], [ 92.689301278936199, 23.273663042050575 ], [ 92.690748833112082, 23.279349833400133 ], [ 92.687431521459018, 23.279514667932006 ], [ 92.686587114856422, 23.280338840591359 ], [ 92.688577501848258, 23.284954207483757 ], [ 92.687129947672375, 23.290723416099251 ], [ 92.689602852722842, 23.297151962842229 ], [ 92.691894813501307, 23.307289286552312 ], [ 92.687129947672375, 23.311492567115028 ], [ 92.688034669032305, 23.317344192996458 ], [ 92.684174524563304, 23.326327674983443 ], [ 92.686587114856422, 23.327151847642799 ], [ 92.687491836216353, 23.326657344047184 ], [ 92.68912033466421, 23.327399099440605 ], [ 92.689361593693519, 23.328058437568089 ] ] ] } },
{ "type": "Feature", "properties": { "dt_code": "996", "district": "Khawzawl", "st_code": "15", "year": "2019", "st_nm": "Mizoram", "state": "mizoram" }, "geometry": { "type": "Polygon", "coordinates": [ [ [ 93.044615514356821, 23.41072295530153 ], [ 93.059513259416889, 23.416409746651087 ], [ 93.04485677338613, 23.475667760858805 ], [ 93.056859410094447, 23.55561250881637 ], [ 93.04576149474606, 23.653441803481964 ], [ 93.045580550474071, 23.666628566031665 ], [ 93.04672653086331, 23.666875817829471 ], [ 93.051129508148264, 23.666710983297598 ], [ 93.05625626252116, 23.666216479701987 ], [ 93.060478295534139, 23.665474724308567 ], [ 93.063554348157879, 23.664897803447015 ], [ 93.064398754760475, 23.664980220712952 ], [ 93.067414492626895, 23.666546148765729 ], [ 93.077185483314068, 23.671326350189997 ], [ 93.087077103515895, 23.653194551684155 ], [ 93.096546520416425, 23.64857918479176 ], [ 93.108428527610087, 23.642809976176267 ], [ 93.108609471882076, 23.642809976176267 ], [ 93.116751964121377, 23.643386897037814 ], [ 93.132252856754747, 23.644540738760917 ], [ 93.138163702972903, 23.64956819198299 ], [ 93.144738011521682, 23.655090148800674 ], [ 93.145823677153587, 23.655996738725968 ], [ 93.1543883726942, 23.658716508501843 ], [ 93.162591179690835, 23.661271443745846 ], [ 93.163495901050766, 23.663249458128302 ], [ 93.170613042415496, 23.679980163113235 ], [ 93.168321081637018, 23.701655904054306 ], [ 93.164099048624053, 23.708908623456644 ], [ 93.159273868037786, 23.717067932784271 ], [ 93.157343795803286, 23.744512882340835 ], [ 93.160781736970989, 23.76519961609068 ], [ 93.174231927855189, 23.771133659238046 ], [ 93.188586840099305, 23.764869947026938 ], [ 93.196548388066631, 23.747891990244195 ], [ 93.19672933233862, 23.734787644960431 ], [ 93.20499245409259, 23.727534925558096 ], [ 93.227972376634639, 23.729018436344937 ], [ 93.242809806937387, 23.735941486683529 ], [ 93.251253872963346, 23.739320594586893 ], [ 93.259818568503945, 23.729348105408679 ], [ 93.263377139186318, 23.713441573083102 ], [ 93.266513506567392, 23.704293256564249 ], [ 93.270856169095012, 23.691271328546417 ], [ 93.27525914637998, 23.674128537231805 ], [ 93.278576458033029, 23.658304422172165 ], [ 93.277008274342492, 23.639430868272907 ], [ 93.274776628321348, 23.623936422277009 ], [ 93.272243408513575, 23.611738666918534 ], [ 93.267176968897999, 23.601354091410645 ], [ 93.268443578801893, 23.59764531444354 ], [ 93.270675224823037, 23.591381602232431 ], [ 93.268503893559213, 23.58841458065875 ], [ 93.266332562295403, 23.585365141819132 ], [ 93.26205021452509, 23.579266264139896 ], [ 93.260240771805243, 23.572013544737558 ], [ 93.27435442502005, 23.554953170688883 ], [ 93.276525756283874, 23.55239823544488 ], [ 93.280084326966232, 23.540942235479825 ], [ 93.279179605606316, 23.537233458512723 ], [ 93.277671736673113, 23.53146424989723 ], [ 93.273630647932123, 23.523717026899281 ], [ 93.274113165990741, 23.519431329070628 ], [ 93.274113165990741, 23.519431329070628 ], [ 93.27429411026273, 23.51803023554972 ], [ 93.274655998806693, 23.515228048507911 ], [ 93.274173480748075, 23.510859933413322 ], [ 93.273992536476086, 23.509376422626481 ], [ 93.273871906961432, 23.508387415435251 ], [ 93.273510018417454, 23.505255559329697 ], [ 93.271399001910979, 23.502041285958207 ], [ 93.270735539580357, 23.500969861501044 ], [ 93.269348300161809, 23.49882701258672 ], [ 93.266392877052724, 23.494294062960257 ], [ 93.261507381709137, 23.488112768015085 ], [ 93.260059827533269, 23.486299588164503 ], [ 93.258129755298768, 23.483909487452369 ], [ 93.256863145394874, 23.481272134942429 ], [ 93.253787092771134, 23.474926005465385 ], [ 93.25463149937373, 23.474184250071964 ], [ 93.256320312578922, 23.472618322019187 ], [ 93.258491643842731, 23.470557890370799 ], [ 93.259697938989291, 23.469404048647696 ], [ 93.260421716077232, 23.460255732128843 ], [ 93.260723289863876, 23.455805199768321 ], [ 93.260662975106541, 23.449459070291276 ], [ 93.260662975106541, 23.448470063100046 ], [ 93.267418227927308, 23.449706322089082 ], [ 93.269167355889834, 23.464706264489369 ], [ 93.268805467345857, 23.469898552243311 ], [ 93.26820231977257, 23.47937653782591 ], [ 93.274716313564028, 23.484651242845789 ], [ 93.29184570464524, 23.472288652955445 ], [ 93.298420013194018, 23.467508451531177 ], [ 93.313920905827374, 23.46445901269156 ], [ 93.326767949138286, 23.469156796849891 ], [ 93.336961143126757, 23.478305113368748 ], [ 93.355417458869198, 23.489431444270057 ], [ 93.36941048256935, 23.493469890300904 ], [ 93.391003165692865, 23.496766580938328 ], [ 93.394622051132558, 23.497343501799879 ], [ 93.394802995404532, 23.495777573747102 ], [ 93.394742680647212, 23.494953401087745 ], [ 93.39522519870583, 23.492151214045933 ], [ 93.39516488394851, 23.491574293184382 ], [ 93.394018903559271, 23.48959627880193 ], [ 93.394079218316605, 23.487700681685407 ], [ 93.393657015015307, 23.486546839962308 ], [ 93.393898274044616, 23.486052336366697 ], [ 93.39522519870583, 23.486217170898566 ], [ 93.395828346279117, 23.485805084568888 ], [ 93.395948975793772, 23.48539299823921 ], [ 93.395587087249808, 23.483909487452369 ], [ 93.395587087249808, 23.482261142133655 ], [ 93.395285513463165, 23.481519386740235 ], [ 93.394501421617889, 23.480860048612751 ], [ 93.392933237927366, 23.480530379549009 ], [ 93.392450719868734, 23.480118293219331 ], [ 93.39214914608209, 23.478964451496232 ], [ 93.392511034626068, 23.47789302703907 ], [ 93.393355441228664, 23.477398523443455 ], [ 93.393837959287282, 23.476656768050034 ], [ 93.395104569191176, 23.475173257263194 ], [ 93.395888661036452, 23.474678753667579 ], [ 93.396552123367059, 23.475255674529127 ], [ 93.397456844726975, 23.475173257263194 ], [ 93.398180621814916, 23.475008422731321 ], [ 93.398361566086905, 23.474596336401643 ], [ 93.398120307057596, 23.474101832806028 ], [ 93.39733621521232, 23.473854581008222 ], [ 93.39733621521232, 23.473030408348865 ], [ 93.397758418513618, 23.472535904753251 ], [ 93.399025028417512, 23.472700739285123 ], [ 93.399145657932166, 23.472123818423576 ], [ 93.398301251329571, 23.470969976700474 ], [ 93.397879048028273, 23.47031063857299 ], [ 93.397637788998964, 23.469321631381764 ], [ 93.397396529969654, 23.468332624190534 ], [ 93.39733621521232, 23.466519444339951 ], [ 93.396914011911022, 23.466189775276209 ], [ 93.39631086433775, 23.466189775276209 ], [ 93.394863310161867, 23.465860106212467 ], [ 93.393898274044616, 23.464953516287174 ], [ 93.393596700257973, 23.46445901269156 ], [ 93.393536385500639, 23.463717257298139 ], [ 93.393898274044616, 23.462975501904719 ], [ 93.39426016258858, 23.462151329245362 ], [ 93.393958588801937, 23.461656825649747 ], [ 93.393536385500639, 23.461327156586005 ], [ 93.393355441228664, 23.460667818458521 ], [ 93.393476070743318, 23.459926063065101 ], [ 93.394079218316605, 23.459184307671681 ], [ 93.39426016258858, 23.458689804076066 ], [ 93.394018903559271, 23.458360135012324 ], [ 93.393476070743318, 23.458195300480451 ], [ 93.392752293655377, 23.458607386810129 ], [ 93.392269775596745, 23.45844255227826 ], [ 93.391847572295447, 23.457783214150773 ], [ 93.392209460839425, 23.45695904149142 ], [ 93.393355441228664, 23.45671178969361 ], [ 93.394139533073925, 23.455393113438642 ], [ 93.395647402007128, 23.454486523513349 ], [ 93.395828346279117, 23.453992019917735 ], [ 93.395647402007128, 23.453332681790251 ], [ 93.395104569191176, 23.452755760928699 ], [ 93.393415755985984, 23.451684336471537 ], [ 93.392872923170032, 23.450942581078117 ], [ 93.392691978898043, 23.450200825684696 ], [ 93.393114182199341, 23.449953573886891 ], [ 93.393657015015307, 23.449953573886891 ], [ 93.39426016258858, 23.449459070291276 ], [ 93.394742680647212, 23.448470063100046 ], [ 93.394802995404532, 23.448057976770372 ], [ 93.394622051132558, 23.447728307706626 ], [ 93.394380792103235, 23.447810724972562 ], [ 93.394079218316605, 23.447975559504435 ], [ 93.393234811714009, 23.447975559504435 ], [ 93.39208883132477, 23.448799732163792 ], [ 93.390701591906222, 23.450942581078117 ], [ 93.390038129575601, 23.451024998344053 ], [ 93.389495296759648, 23.450448077482502 ], [ 93.388409631127743, 23.448634897631919 ], [ 93.387746168797136, 23.44599754512198 ], [ 93.38804774258378, 23.445173372462623 ], [ 93.388650890157052, 23.444184365271397 ], [ 93.391063480450185, 23.442453602686747 ], [ 93.39118410996484, 23.441711847293327 ], [ 93.390942850935531, 23.441299760963648 ], [ 93.390219073847589, 23.440970091899906 ], [ 93.389495296759648, 23.439898667442741 ], [ 93.389495296759648, 23.439486581113066 ], [ 93.390580962391567, 23.437261314932801 ], [ 93.390580962391567, 23.436519559539381 ], [ 93.390038129575601, 23.434623962422862 ], [ 93.38907309345835, 23.433140451636021 ], [ 93.389133408215685, 23.43165694084918 ], [ 93.389796870546292, 23.430173430062339 ], [ 93.390460332876899, 23.427700912084269 ], [ 93.390339703362244, 23.426959156690849 ], [ 93.389736555788971, 23.425722897701814 ], [ 93.389615926274303, 23.424816307776521 ], [ 93.389555611516982, 23.423415214255616 ], [ 93.38804774258378, 23.422838293394065 ], [ 93.387806483554456, 23.421766868936903 ], [ 93.388168372098434, 23.420613027213804 ], [ 93.388831834429041, 23.41995368908632 ], [ 93.390098444332935, 23.419376768224769 ], [ 93.390580962391567, 23.418799847363221 ], [ 93.390460332876899, 23.418470178299479 ], [ 93.390460332876899, 23.417728422906059 ], [ 93.390098444332935, 23.416904250246702 ], [ 93.390038129575601, 23.416409746651087 ], [ 93.390279388604924, 23.415667991257667 ], [ 93.390339703362244, 23.414596566800505 ], [ 93.390882536178196, 23.412124048822434 ], [ 93.391244424722174, 23.409733948110301 ], [ 93.391365054236829, 23.407591099195976 ], [ 93.39208883132477, 23.405860336611326 ], [ 93.392993552684686, 23.401904307846415 ], [ 93.393837959287282, 23.400008710729896 ], [ 93.394079218316605, 23.398937286272734 ], [ 93.393898274044616, 23.397865861815571 ], [ 93.394320477345914, 23.39728894095402 ], [ 93.394983939676521, 23.397206523688084 ], [ 93.396733067639047, 23.397536192751829 ], [ 93.39733621521232, 23.397371358219957 ], [ 93.397758418513618, 23.396876854624342 ], [ 93.397999677542927, 23.395970264699052 ], [ 93.397939362785607, 23.394651588444081 ], [ 93.397939362785607, 23.393250494923176 ], [ 93.398421880844225, 23.39242632226382 ], [ 93.4015582482253, 23.390283473349491 ], [ 93.402342340070561, 23.389706552487944 ], [ 93.402342340070561, 23.389129631626393 ], [ 93.402282025313241, 23.388882379828587 ], [ 93.401739192497288, 23.387810955371425 ], [ 93.401196359681336, 23.385915358254906 ], [ 93.401437618710645, 23.384267012936192 ], [ 93.401377303953311, 23.383525257542772 ], [ 93.401075730166667, 23.382865919415284 ], [ 93.40035195307874, 23.382453833085606 ], [ 93.399507546476144, 23.382536250351542 ], [ 93.399085343174846, 23.383113171213093 ], [ 93.398542510358894, 23.383772509340577 ], [ 93.397758418513618, 23.384019761138383 ], [ 93.396793382396368, 23.383772509340577 ], [ 93.395948975793772, 23.382536250351542 ], [ 93.395888661036452, 23.381382408628443 ], [ 93.39516488394851, 23.380063732373475 ], [ 93.395104569191176, 23.37882747338444 ], [ 93.394863310161867, 23.377261545331663 ], [ 93.394501421617889, 23.376437372672306 ], [ 93.392691978898043, 23.375118696417335 ], [ 93.391907887052781, 23.374871444619529 ], [ 93.389434982002328, 23.375118696417335 ], [ 93.387203335981184, 23.374871444619529 ], [ 93.386720817922551, 23.374459358289851 ], [ 93.386419244135908, 23.372563761173332 ], [ 93.38690176219454, 23.37149233671617 ], [ 93.3881080573411, 23.371409919450233 ], [ 93.389555611516982, 23.37149233671617 ], [ 93.390580962391567, 23.370750581322749 ], [ 93.391304739479494, 23.369843991397456 ], [ 93.391003165692865, 23.369431905067778 ], [ 93.38804774258378, 23.368360480610615 ], [ 93.387625539282482, 23.367371473419386 ], [ 93.387987427826445, 23.367041804355644 ], [ 93.388711204914387, 23.367041804355644 ], [ 93.38901277870103, 23.366794552557838 ], [ 93.388952463943696, 23.366217631696287 ], [ 93.38907309345835, 23.365063789973188 ], [ 93.38907309345835, 23.364569286377574 ], [ 93.388349316370423, 23.362756106526991 ], [ 93.387927113069125, 23.360778092144535 ], [ 93.387987427826445, 23.360448423080793 ], [ 93.387565224525147, 23.359624250421437 ], [ 93.387203335981184, 23.359376998623631 ], [ 93.38690176219454, 23.359459415889567 ], [ 93.38599704083461, 23.359953919485179 ], [ 93.385574837533312, 23.36127259574015 ], [ 93.384971689960039, 23.361849516601701 ], [ 93.38388602432812, 23.362179185665443 ], [ 93.383222561997513, 23.362096768399507 ], [ 93.382498784909572, 23.36127259574015 ], [ 93.382378155394917, 23.359871502219246 ], [ 93.38195595209362, 23.358717660496147 ], [ 93.380930601219049, 23.358387991432402 ], [ 93.380508397917751, 23.358635243230211 ], [ 93.379663991315155, 23.360366005814857 ], [ 93.379181473256523, 23.360942926676408 ], [ 93.378518010925916, 23.360942926676408 ], [ 93.377794233837975, 23.360366005814857 ], [ 93.376226050147437, 23.359871502219246 ], [ 93.37459755169958, 23.359047329559889 ], [ 93.373210312281032, 23.359376998623631 ], [ 93.371038981017207, 23.359459415889567 ], [ 93.369953315385303, 23.359129746825822 ], [ 93.366756633246908, 23.356986897911497 ], [ 93.3641630986818, 23.356245142518077 ], [ 93.362172711689965, 23.355915473454335 ], [ 93.362293341204619, 23.356245142518077 ], [ 93.362353655961954, 23.356657228847755 ], [ 93.361810823145987, 23.356904480645561 ], [ 93.361267990330035, 23.356904480645561 ], [ 93.36018232469813, 23.356245142518077 ], [ 93.359458547610188, 23.355256135326847 ], [ 93.35807130819164, 23.354431962667494 ], [ 93.356261865471794, 23.35369020727407 ], [ 93.355658717898521, 23.353278120944395 ], [ 93.355357144111878, 23.352701200082844 ], [ 93.355839662170496, 23.351877027423487 ], [ 93.355839662170496, 23.350805602966325 ], [ 93.356080921199805, 23.350228682104774 ], [ 93.356382494986448, 23.349239674913548 ], [ 93.356985642559735, 23.347673746860771 ], [ 93.358131622948974, 23.346684739669545 ], [ 93.358312567220963, 23.345695732478315 ], [ 93.35807130819164, 23.344212221691475 ], [ 93.357709419647676, 23.342811128170567 ], [ 93.358131622948974, 23.342151790043083 ], [ 93.359217288580879, 23.341657286447472 ], [ 93.360001380426141, 23.340915531054048 ], [ 93.361871137903321, 23.337289171352882 ], [ 93.363801210137822, 23.335393574236363 ], [ 93.367420095577515, 23.333992480715455 ], [ 93.367842298878813, 23.333827646183586 ], [ 93.369531112084005, 23.333333142587971 ], [ 93.3703755186866, 23.332508969928615 ], [ 93.370556462958589, 23.331437545471452 ], [ 93.37061677771591, 23.331190293673643 ], [ 93.371400869561185, 23.329624365620866 ], [ 93.36633442994561, 23.330118869216481 ], [ 93.357528475375688, 23.33036612101429 ], [ 93.35596029168515, 23.33036612101429 ], [ 93.35185888818684, 23.331767214535194 ], [ 93.347274966629897, 23.336300164161653 ], [ 93.345525838667371, 23.339349603001271 ], [ 93.336900828369437, 23.345613315212379 ], [ 93.336538939825459, 23.345860567010188 ], [ 93.336357995553485, 23.346107818807994 ], [ 93.328698021372787, 23.351712192891618 ], [ 93.313981220584708, 23.347920998658577 ], [ 93.30004851164189, 23.336135329629784 ], [ 93.297153403290125, 23.333415559853908 ], [ 93.291363186586622, 23.333168308056099 ], [ 93.289795002896085, 23.333085890790166 ], [ 93.285030137067153, 23.333827646183586 ], [ 93.282919120560663, 23.334981487906685 ], [ 93.281773140171424, 23.335558408768232 ], [ 93.279722438422269, 23.33860784760785 ], [ 93.277852680945088, 23.341739703713404 ], [ 93.275982923467922, 23.350970437498198 ], [ 93.275017887350671, 23.353113286412523 ], [ 93.270494280551048, 23.362756106526991 ], [ 93.270614910065703, 23.368772566940294 ], [ 93.269348300161809, 23.37561320001295 ], [ 93.2691070411325, 23.376849459001985 ], [ 93.266392877052724, 23.384514264733998 ], [ 93.266453191810058, 23.38805820716923 ], [ 93.264583434332877, 23.391766984136332 ], [ 93.264100916274259, 23.390283473349491 ], [ 93.263739027730281, 23.389541717956071 ], [ 93.262894621127685, 23.388964797094523 ], [ 93.262231158797078, 23.389376883424202 ], [ 93.26174864073846, 23.390283473349491 ], [ 93.261085178407839, 23.390777976945106 ], [ 93.260964548893185, 23.390777976945106 ], [ 93.258009125784099, 23.390036221551686 ], [ 93.258009125784099, 23.38978896975388 ], [ 93.258793217629375, 23.389376883424202 ], [ 93.259577309474636, 23.388717545296714 ], [ 93.259939198018614, 23.38805820716923 ], [ 93.259275735687993, 23.387481286307683 ], [ 93.257948811026779, 23.387810955371425 ], [ 93.257526607725481, 23.388305458967036 ], [ 93.256561571608231, 23.389047214360456 ], [ 93.255355276461657, 23.389294466158265 ], [ 93.25463149937373, 23.389129631626393 ], [ 93.246489007134414, 23.385256020127418 ], [ 93.246489007134414, 23.385256020127418 ], [ 93.246187433347771, 23.384596681999934 ], [ 93.245222397230521, 23.384926351063676 ], [ 93.244377990627925, 23.38558568919116 ], [ 93.244076416841281, 23.385997775520838 ], [ 93.243955787326627, 23.386080192786775 ], [ 93.242749492180067, 23.386492279116453 ], [ 93.242568547908078, 23.386492279116453 ], [ 93.241422567518839, 23.386162610052711 ], [ 93.240336901886934, 23.386904365446131 ], [ 93.24021627237228, 23.387398869041746 ], [ 93.237924311593801, 23.388140624435167 ], [ 93.237441793535183, 23.387728538105488 ], [ 93.236718016447242, 23.387893372637357 ], [ 93.229419930810522, 23.386162610052711 ], [ 93.229419930810522, 23.386162610052711 ], [ 93.229721504597165, 23.385503271925227 ], [ 93.230023078383809, 23.38484393379774 ], [ 93.229962763626474, 23.384184595670256 ], [ 93.229540560325177, 23.383607674808705 ], [ 93.22893741275189, 23.383525257542772 ], [ 93.228756468479915, 23.38467909926587 ], [ 93.228394579935937, 23.385091185595549 ], [ 93.22773111760533, 23.385420854659291 ], [ 93.226886711002734, 23.38558568919116 ], [ 93.225981989642818, 23.383525257542772 ], [ 93.226102619157473, 23.383195588479026 ], [ 93.228093006149308, 23.380805487766896 ], [ 93.228153320906628, 23.379651646043797 ], [ 93.227308914304032, 23.378745056118504 ], [ 93.22676608148808, 23.378497804320698 ], [ 93.22676608148808, 23.378168135256953 ], [ 93.226645451973425, 23.3773439625976 ], [ 93.225620101098841, 23.377261545331663 ], [ 93.223448769835031, 23.3773439625976 ], [ 93.223388455077696, 23.3773439625976 ], [ 93.218261700704801, 23.374294523757978 ], [ 93.218261700704801, 23.374129689226109 ], [ 93.21753792361686, 23.373800020162367 ], [ 93.21729666458755, 23.373717602896431 ], [ 93.21639194322762, 23.373140682034879 ], [ 93.2163316284703, 23.372811012971138 ], [ 93.21639194322762, 23.37223409210959 ], [ 93.217115720315562, 23.37149233671617 ], [ 93.217960126918157, 23.370915415854618 ], [ 93.218261700704801, 23.370173660461198 ], [ 93.21844264497679, 23.369514322333714 ], [ 93.218020441675492, 23.368854984206227 ], [ 93.216452257984955, 23.368690149674357 ], [ 93.21542690711037, 23.368278063344679 ], [ 93.215185648081061, 23.367453890685322 ], [ 93.220010828667313, 23.359953919485179 ], [ 93.220794920512589, 23.3595418331555 ], [ 93.221096494299232, 23.358882495028016 ], [ 93.221699641872505, 23.358140739634596 ], [ 93.221820271387159, 23.357398984241176 ], [ 93.221820271387159, 23.35715173244337 ], [ 93.221940900901828, 23.356657228847755 ], [ 93.221639327115184, 23.356080307986204 ], [ 93.220915550027243, 23.356080307986204 ], [ 93.216150684198311, 23.350475933902583 ], [ 93.216030054683657, 23.350146264838841 ], [ 93.21536659235305, 23.349239674913548 ], [ 93.214522185750454, 23.348415502254191 ], [ 93.213979352934501, 23.348333084988255 ], [ 93.21325557584656, 23.348580336786064 ], [ 93.212712743030607, 23.348910005849806 ], [ 93.209938264193497, 23.347591329594835 ], [ 93.209877949436176, 23.346931991467351 ], [ 93.20927480186289, 23.345118811616768 ], [ 93.209033542833581, 23.343635300829924 ], [ 93.208671654289617, 23.342069372777146 ], [ 93.208309765745639, 23.340256192926564 ], [ 93.208189136230985, 23.338937516671592 ], [ 93.206982841084425, 23.338855099405659 ], [ 93.205113083607245, 23.338772682139723 ], [ 93.201735457196861, 23.340585861990306 ], [ 93.192326355053666, 23.34371771809586 ], [ 93.169467062026257, 23.345201228882701 ], [ 93.155172464539461, 23.341245200117793 ], [ 93.144918955793671, 23.332673804460487 ], [ 93.139792201420775, 23.327151847642799 ], [ 93.133700410930615, 23.323772739739439 ], [ 93.132554430541376, 23.323195818877888 ], [ 93.120189905289095, 23.322371646218532 ], [ 93.111022062175195, 23.321382639027306 ], [ 93.104990586442383, 23.318003531123942 ], [ 93.099803517312154, 23.314789257752455 ], [ 93.098175018864282, 23.31429475415684 ], [ 93.094194244880626, 23.312976077901869 ], [ 93.085810493612001, 23.312893660635936 ], [ 93.081347201569713, 23.312893660635936 ], [ 93.079115555548569, 23.312976077901869 ], [ 93.056678465822458, 23.313388164231547 ], [ 93.047691566980561, 23.309349718200703 ], [ 93.044313940570177, 23.308360711009474 ], [ 93.042926701151629, 23.307866207413859 ], [ 93.041177573189103, 23.307948624679796 ], [ 93.044917088143464, 23.31281124337 ], [ 93.046485271833987, 23.314871675018388 ], [ 93.045218661930093, 23.341739703713404 ], [ 93.042504497850331, 23.360613257612666 ], [ 93.040815684645139, 23.372481343907396 ], [ 93.041479146975746, 23.379486811511924 ], [ 93.044615514356821, 23.41072295530153 ] ] ] } },
{ "type": "Feature", "properties": { "dt_code": "994", "district": "Hnahthial", "st_code": "15", "year": "2019", "st_nm": "Mizoram", "state": "mizoram" }, "geometry": { "type": "Polygon", "coordinates": [ [ [ 92.921392465135241, 22.780642957223627 ], [ 92.91668791406363, 22.787895676625961 ], [ 92.914275323770511, 22.791192367263388 ], [ 92.914094379498522, 22.791604453593067 ], [ 92.912164307264021, 22.796549489549204 ], [ 92.906374090560504, 22.79910442479321 ], [ 92.901850483760896, 22.80248353269657 ], [ 92.895396804726772, 22.807181316854901 ], [ 92.890752568412495, 22.811137345619812 ], [ 92.888822496177994, 22.816576885171564 ], [ 92.886832109186159, 22.822428511052991 ], [ 92.886832109186159, 22.823005431914542 ], [ 92.887495571516766, 22.83190649663559 ], [ 92.882791020445168, 22.837016367123599 ], [ 92.879775282578763, 22.84023064049509 ], [ 92.879714967821428, 22.840313057761023 ], [ 92.869642403347612, 22.852758064917303 ], [ 92.871632790339447, 22.85869210806467 ], [ 92.872054993640745, 22.859928367053705 ], [ 92.876277026653725, 22.863719561286743 ], [ 92.877965839858916, 22.865203072073584 ], [ 92.86909957053166, 22.876576654772702 ], [ 92.861982429166929, 22.874186554060568 ], [ 92.85751913712464, 22.872703043273727 ], [ 92.854744658287544, 22.871796453348434 ], [ 92.853900251684948, 22.871631618816565 ], [ 92.85257332702372, 22.87624698570896 ], [ 92.8544430845009, 22.879955762676062 ], [ 92.861318966836322, 22.888444741067435 ], [ 92.867471072083802, 22.896356798597253 ], [ 92.869280514803648, 22.898664482043451 ], [ 92.869642403347612, 22.899158985639065 ], [ 92.869340829560969, 22.899735906500613 ], [ 92.867169498297159, 22.903279848935846 ], [ 92.866867924510515, 22.903856769797397 ], [ 92.862585576740216, 22.911109489199731 ], [ 92.860353930719072, 22.914900683432769 ], [ 92.860534874991046, 22.91564243882619 ], [ 92.867591701598457, 22.923636913621948 ], [ 92.86909957053166, 22.925285258940661 ], [ 92.887736830546089, 22.946796165349859 ], [ 92.88870186666334, 22.947950007072958 ], [ 92.888581237148685, 22.949103848796057 ], [ 92.887495571516766, 22.959818093367691 ], [ 92.887193997730122, 22.963032366739178 ], [ 92.886349591127541, 22.971109258800873 ], [ 92.887193997730122, 22.973334524981134 ], [ 92.889546273265935, 22.979103733596627 ], [ 92.889908161809899, 22.98001032352192 ], [ 92.889546273265935, 22.980834496181277 ], [ 92.882730705687834, 22.996741028506854 ], [ 92.882127558114561, 23.000284970942083 ], [ 92.878568987432189, 23.020477201096313 ], [ 92.877603951314939, 23.026658496041488 ], [ 92.875010416749831, 23.042482611101128 ], [ 92.875010416749831, 23.050064999567205 ], [ 92.875010416749831, 23.051466093088113 ], [ 92.872839085486007, 23.061273747734454 ], [ 92.872658141214032, 23.062180337659743 ], [ 92.872054993640745, 23.075202265677575 ], [ 92.867169498297159, 23.084185747664556 ], [ 92.86487753751868, 23.08830661096134 ], [ 92.860112671689748, 23.096795589352709 ], [ 92.859569838873796, 23.097867013809871 ], [ 92.864334704702728, 23.107921920254018 ], [ 92.865480685091967, 23.113855963401384 ], [ 92.862284002953572, 23.118965833889394 ], [ 92.861318966836322, 23.120449344676235 ], [ 92.85564937964746, 23.131246006513802 ], [ 92.855408120618151, 23.131740510109417 ], [ 92.859992042175094, 23.139570150373302 ], [ 92.861318966836322, 23.1418778338195 ], [ 92.861318966836322, 23.15259207839113 ], [ 92.86487753751868, 23.163883243824312 ], [ 92.863731557129441, 23.173938150268459 ], [ 92.864093445673419, 23.175504078321236 ], [ 92.867109183539824, 23.175091991991557 ], [ 92.867048868782504, 23.174350236598137 ], [ 92.868134534414409, 23.172866725811296 ], [ 92.871874049368756, 23.174350236598137 ], [ 92.873321603544639, 23.174185402066268 ], [ 92.87525167577914, 23.171712884088198 ], [ 92.87832772840288, 23.169405200642 ], [ 92.884298889378371, 23.168745862514516 ], [ 92.887254312487457, 23.169240366110127 ], [ 92.897507821233262, 23.178141430831179 ], [ 92.901247336187609, 23.177234840905886 ], [ 92.908304162795005, 23.177564509969628 ], [ 92.912948399109283, 23.180284279745504 ], [ 92.917532320666226, 23.181932625064217 ], [ 92.919040189599443, 23.184734812106029 ], [ 92.919341763386072, 23.184817229371962 ], [ 92.922176556980503, 23.189844682594035 ], [ 92.924528832516302, 23.188278754541258 ], [ 92.925493868633552, 23.186712826488481 ], [ 92.928087403198674, 23.186135905626934 ], [ 92.932249121454319, 23.185806236563192 ], [ 92.936048951166001, 23.18696007828629 ], [ 92.938340911944465, 23.186630409222548 ], [ 92.937979023400501, 23.182591963191701 ], [ 92.936893357768597, 23.180696366075182 ], [ 92.93629021019531, 23.175916164650914 ], [ 92.937677449613858, 23.171383215024456 ], [ 92.939788466120348, 23.169405200642 ], [ 92.948895994476914, 23.169240366110127 ], [ 92.950826066711414, 23.167097517195803 ], [ 92.955108414481714, 23.166520596334252 ], [ 92.95691785720156, 23.165366754611153 ], [ 92.960054224582635, 23.157454697081334 ], [ 92.95782257856149, 23.151603071199904 ], [ 92.960958945942565, 23.147811876966866 ], [ 92.959692336038671, 23.141465747489821 ], [ 92.961019260699885, 23.140064653968917 ], [ 92.960054224582635, 23.134625114417165 ], [ 92.962165241089124, 23.134460279885293 ], [ 92.962165241089124, 23.131575675577544 ], [ 92.961200204971874, 23.130256999322576 ], [ 92.960416113126598, 23.116163646847582 ], [ 92.962768388662411, 23.114680136060741 ], [ 92.9672316807047, 23.115009805124483 ], [ 92.967653884005998, 23.111301028157381 ], [ 92.98478327508721, 23.104295560552853 ], [ 92.987919642468285, 23.1000098627242 ], [ 92.989487826158808, 23.100174697256069 ], [ 92.990271918004083, 23.09902085553297 ], [ 92.991538527907977, 23.097290092948324 ], [ 92.99401143295843, 23.097454927480193 ], [ 92.99515741334767, 23.094405488640575 ], [ 92.999801649661947, 23.092757143321862 ], [ 93.006918791026678, 23.087152769238241 ], [ 93.021816536086746, 23.078911042644677 ], [ 93.02712423473163, 23.078911042644677 ], [ 93.033396969493765, 23.080889057027132 ], [ 93.039730019013234, 23.080971474293069 ], [ 93.043288589695592, 23.077427531857836 ], [ 93.044494884842166, 23.074295675752282 ], [ 93.042444183092996, 23.070257229721435 ], [ 93.041780720762389, 23.049488078705657 ], [ 93.046063068532689, 23.045944136270425 ], [ 93.06144333165139, 23.044213373685775 ], [ 93.080623424481772, 23.035889229826278 ], [ 93.083458218076203, 23.033911215443823 ], [ 93.081950349143, 23.031273862933883 ], [ 93.083639162348177, 23.028389258626135 ], [ 93.096003687600472, 23.025504654318389 ], [ 93.118862980627867, 23.009680539258746 ], [ 93.122723125096883, 23.00696076948287 ], [ 93.121637459464964, 23.005559675961965 ], [ 93.119405813443819, 23.004982755100414 ], [ 93.119466128201154, 23.003087157983895 ], [ 93.120853367619702, 23.001521229931118 ], [ 93.122783439854203, 23.001768481728927 ], [ 93.125497603933979, 23.002675071654217 ], [ 93.126522954808564, 23.00185089899486 ], [ 93.126342010536575, 22.99946079828273 ], [ 93.127005472867182, 22.996576193974981 ], [ 93.129960895976268, 22.993444337869427 ], [ 93.131106876365507, 22.991383906221035 ], [ 93.13357978141596, 22.990559733561682 ], [ 93.137500240642296, 22.991631158018844 ], [ 93.140998496567335, 22.990724568093551 ], [ 93.141179440839323, 22.987839963785806 ], [ 93.139490627634132, 22.986603704796771 ], [ 93.138947794818179, 22.982070755170309 ], [ 93.141239755596644, 22.978361978203207 ], [ 93.143652345889777, 22.978197143671334 ], [ 93.144255493463064, 22.976219129288879 ], [ 93.143109513073824, 22.972098265992098 ], [ 93.139550942391452, 22.971603762396484 ], [ 93.135509853650461, 22.970285086141516 ], [ 93.135328909378472, 22.967894985429382 ], [ 93.138284332487558, 22.960971935090789 ], [ 93.141179440839323, 22.959735676101754 ], [ 93.141541329383287, 22.955449978273101 ], [ 93.137560555399631, 22.951081863178512 ], [ 93.140576293266037, 22.948856596998251 ], [ 93.144798326279016, 22.946796165349859 ], [ 93.146487139484208, 22.942922553850885 ], [ 93.14516021482298, 22.93830718695849 ], [ 93.145341159094968, 22.933444568268289 ], [ 93.146004621425575, 22.927675359652795 ], [ 93.150347283953209, 22.923719330887884 ], [ 93.153845539878247, 22.921988568303235 ], [ 93.153061448032986, 22.920175388452652 ], [ 93.153724910363593, 22.917702870474582 ], [ 93.157585054832595, 22.917702870474582 ], [ 93.161807087845574, 22.916384194219614 ], [ 93.165003769983969, 22.909131474817276 ], [ 93.15842946143519, 22.908554553955728 ], [ 93.150286969195875, 22.908224884891986 ], [ 93.147874378902756, 22.910697402870053 ], [ 93.139249368604808, 22.913252338114059 ], [ 93.135389224135807, 22.911851244593151 ], [ 93.129719636946959, 22.903197431669913 ], [ 93.129719636946959, 22.900642496425906 ], [ 93.131770338696114, 22.899076568373129 ], [ 93.134846391319854, 22.891988683502664 ], [ 93.130021210733588, 22.883005201515683 ], [ 93.127487990925815, 22.879049172750772 ], [ 93.126221381021921, 22.875999733911154 ], [ 93.127789564712444, 22.874104136794632 ], [ 93.125075400632682, 22.868170093647269 ], [ 93.120069275774441, 22.86528548933952 ], [ 93.119888331502452, 22.858197604469055 ], [ 93.118018574025271, 22.854818496565695 ], [ 93.116631334606723, 22.845505345514969 ], [ 93.117475741209319, 22.84262074120722 ], [ 93.114942521401531, 22.838747129708246 ], [ 93.114399688585578, 22.835615273602695 ], [ 93.110298285087268, 22.834791100943338 ], [ 93.110298285087268, 22.832813086560883 ], [ 93.113072763924364, 22.831164741242169 ], [ 93.114218744313604, 22.829846064987198 ], [ 93.112409301593758, 22.826714208881643 ], [ 93.104628697898406, 22.825807618956354 ], [ 93.104085865082453, 22.823170266446414 ], [ 93.104809642170395, 22.820862583000217 ], [ 93.11084111790322, 22.820120827606793 ], [ 93.11084111790322, 22.817401057830917 ], [ 93.108428527610087, 22.816247216107818 ], [ 93.103482717509166, 22.811549431949491 ], [ 93.099019425466878, 22.809653834832968 ], [ 93.095340225269865, 22.806934065057092 ], [ 93.095340225269865, 22.803719791685605 ], [ 93.097390927019021, 22.800835187377857 ], [ 93.096365576144436, 22.798857172995401 ], [ 93.096546520416425, 22.796879158612946 ], [ 93.098295648378951, 22.795725316889847 ], [ 93.097752815562984, 22.792346208986487 ], [ 93.097209982747032, 22.786824252168799 ], [ 93.097209982747032, 22.786824252168799 ], [ 93.092565746432768, 22.789708856476548 ], [ 93.090334100411624, 22.791109949997452 ], [ 93.08201066390032, 22.797126410410755 ], [ 93.082251922929629, 22.797785748538239 ], [ 93.083337588561548, 22.801164856441599 ], [ 93.086413641185288, 22.803967043483411 ], [ 93.083277273804214, 22.804873633408704 ], [ 93.078633037489936, 22.806357144195545 ], [ 93.069766768162694, 22.802236280898761 ], [ 93.063252774371236, 22.800093431984436 ], [ 93.063252774371236, 22.793912137039264 ], [ 93.060960813592772, 22.79325279891178 ], [ 93.055773744462542, 22.791769288124936 ], [ 93.045339291444762, 22.793582467975522 ], [ 93.031527212016584, 22.795807734155783 ], [ 93.028692418422168, 22.783445144265439 ], [ 93.019223001521638, 22.784186899658859 ], [ 93.017534188316446, 22.779736367298334 ], [ 93.013131211031478, 22.77643967666091 ], [ 93.012045545399573, 22.767868281003604 ], [ 93.008547289474535, 22.762593575983725 ], [ 93.008848863261179, 22.756659532836359 ], [ 93.005953754909413, 22.753527676730805 ], [ 93.000284167720565, 22.753939763060483 ], [ 92.999922279176602, 22.753939763060483 ], [ 92.994192377230419, 22.75377492852861 ], [ 92.991236954121334, 22.753692511262678 ], [ 92.99093538033469, 22.753692511262678 ], [ 92.988462475284237, 22.754516683922031 ], [ 92.980139038772933, 22.757483705495716 ], [ 92.968317346336605, 22.769516626322318 ], [ 92.960778001670576, 22.77981878456427 ], [ 92.960355798369278, 22.780395705425821 ], [ 92.960295483611944, 22.780478122691758 ], [ 92.95782257856149, 22.781714381680789 ], [ 92.9494991420502, 22.785917662243509 ], [ 92.943950184375993, 22.788719849285318 ], [ 92.943648610589349, 22.789791273742484 ], [ 92.943105777773397, 22.791027532731515 ], [ 92.942080426898826, 22.791686870859003 ], [ 92.941356649810885, 22.790862698199646 ], [ 92.940451928450955, 22.790368194604032 ], [ 92.939969410392337, 22.790368194604032 ], [ 92.938521856216454, 22.791109949997452 ], [ 92.936772728253942, 22.791934122656809 ], [ 92.93514422980607, 22.792016539922745 ], [ 92.934299823203474, 22.791109949997452 ], [ 92.932430065726308, 22.79078028093371 ], [ 92.931404714851723, 22.791274784529325 ], [ 92.930138104947829, 22.792263791720551 ], [ 92.927363626110733, 22.792840712582102 ], [ 92.92585575717753, 22.792675878050229 ], [ 92.92380505542836, 22.791769288124936 ], [ 92.922598760281801, 22.790450611869968 ], [ 92.922297186495157, 22.788390180221576 ], [ 92.922900334068444, 22.787566007562219 ], [ 92.92380505542836, 22.786082496775379 ], [ 92.923201907855088, 22.784516568722601 ], [ 92.92277970455379, 22.78229130254234 ], [ 92.922719389796455, 22.780642957223627 ], [ 92.921392465135241, 22.780642957223627 ] ] ] } },
{ "type": "Feature", "properties": { "dt_code": "261", "district": "Mon", "st_code": "13", "year": "2011_c", "st_nm": "Nagaland", "state": "nagaland" }, "geometry": { "type": "Polygon", "coordinates": [ [ [ 95.121987987612826, 26.347968688602826 ], [ 95.082057229842292, 26.337847816441226 ], [ 95.068629187406188, 26.337498820849447 ], [ 95.037532668080473, 26.326679957504286 ], [ 95.000428866612282, 26.293525376285242 ], [ 94.966858760522015, 26.297015332203038 ], [ 94.942122892876554, 26.306438213181082 ], [ 94.954490826699285, 26.330867904605636 ], [ 94.952370609472524, 26.352854626887737 ], [ 94.909966264937452, 26.356344582805534 ], [ 94.913146590777586, 26.380076283046531 ], [ 94.912793221239795, 26.380076283046531 ], [ 94.915620177542124, 26.403109992103971 ], [ 94.897951700652513, 26.439056538057248 ], [ 94.901838765568229, 26.459996273564009 ], [ 94.889117462207707, 26.475701075194081 ], [ 94.897598331114722, 26.505365700495332 ], [ 94.882403440989648, 26.553876087752666 ], [ 94.893711266199006, 26.560158008404695 ], [ 94.87957648468732, 26.577258792401885 ], [ 94.894418005274588, 26.604480448560675 ], [ 94.883463549603036, 26.615648307497619 ], [ 94.85519398657965, 26.610064378029147 ], [ 94.787347035323521, 26.633447082678366 ], [ 94.786640296247938, 26.633796078270144 ], [ 94.787700404861312, 26.654735813776909 ], [ 94.779572905492088, 26.658574765286481 ], [ 94.779572905492088, 26.658574765286481 ], [ 94.790173991625863, 26.688239390587729 ], [ 94.779926275029894, 26.698360262749333 ], [ 94.805368881750937, 26.689286377363068 ], [ 94.833991814312114, 26.718253011480758 ], [ 94.804308773137549, 26.748964623557342 ], [ 94.797948121457296, 26.760830473677842 ], [ 94.805015512213146, 26.767810385513428 ], [ 94.794414426079371, 26.76815938110521 ], [ 94.793707687003788, 26.768508376696989 ], [ 94.796888012843922, 26.769206367880546 ], [ 94.814556489733533, 26.776884270899693 ], [ 94.814203120195742, 26.780025231225707 ], [ 94.803602034061967, 26.794334050488665 ], [ 94.798654860532878, 26.795381037264001 ], [ 94.790880730701446, 26.797126015222897 ], [ 94.788760513474699, 26.797475010814679 ], [ 94.802541925448594, 26.801313962324251 ], [ 94.795121165154953, 26.814226799220087 ], [ 94.795474534692744, 26.814226799220087 ], [ 94.814203120195742, 26.819810728688559 ], [ 94.817383446035876, 26.84773037603091 ], [ 94.817383446035876, 26.84773037603091 ], [ 94.849893443512755, 26.874603036597922 ], [ 94.865795072713411, 26.908804604592302 ], [ 94.871095615780305, 26.913341547285434 ], [ 94.882403440989648, 26.923113423855256 ], [ 94.889470831745498, 26.929046348915506 ], [ 94.905725830483945, 26.937422243118213 ], [ 94.924101046449138, 26.948590102055153 ], [ 94.930815067667197, 26.932536304833299 ], [ 94.958731261152792, 26.936724251934653 ], [ 94.96120484791733, 26.937073247526431 ], [ 94.982407020184866, 26.912992551693655 ], [ 95.016683865350728, 26.921019450304581 ], [ 95.101845923958663, 26.961851934542768 ], [ 95.111740271016856, 26.980697696498858 ], [ 95.193368634246866, 27.035839 ], [ 95.193368634246866, 27.035839 ], [ 95.193368634246866, 27.035839 ], [ 95.195488851473627, 27.035141008816439 ], [ 95.191601786557911, 26.984885643600208 ], [ 95.211390480674282, 26.9663888772359 ], [ 95.202202872691672, 26.958012983033196 ], [ 95.20679667668297, 26.941959185811346 ], [ 95.230119066177267, 26.922764428263477 ], [ 95.232239283404027, 26.902871679532051 ], [ 95.22799884895052, 26.88088495724995 ], [ 95.208563524371939, 26.882280939617068 ], [ 95.181000700424136, 26.856106270233614 ], [ 95.202909611767254, 26.846334393663792 ], [ 95.197255699162582, 26.822602693422795 ], [ 95.208210154834148, 26.795032041672222 ], [ 95.241780260924415, 26.782817195959943 ], [ 95.242487, 26.782468200368164 ], [ 95.216337654203372, 26.755595539801153 ], [ 95.209977002523104, 26.728722879234137 ], [ 95.232946022479609, 26.705689170176697 ], [ 95.234006131092983, 26.683004456711039 ], [ 95.234006131092983, 26.682306465527478 ], [ 95.208563524371939, 26.64775590194132 ], [ 95.181000700424136, 26.642869963656409 ], [ 95.149197442022839, 26.615997303089397 ], [ 95.154144615551928, 26.582842721870353 ], [ 95.139303094964646, 26.555970061303341 ], [ 95.12516831345296, 26.557715039262238 ], [ 95.107146467025544, 26.541312246448609 ], [ 95.114213857781394, 26.518278537391168 ], [ 95.061915166188143, 26.449875401402409 ], [ 95.06615560064165, 26.441499507199701 ], [ 95.084530816606843, 26.447432432259951 ], [ 95.103966141185424, 26.42055977169294 ], [ 95.099725706731917, 26.394036106717707 ], [ 95.129055378368676, 26.384962221331442 ], [ 95.121987987612826, 26.347968688602826 ] ] ] } },
{ "type": "Feature", "properties": { "dt_code": "268", "district": "Longleng", "st_code": "13", "year": "2011_c", "st_nm": "Nagaland", "state": "nagaland" }, "geometry": { "type": "Polygon", "coordinates": [ [ [ 94.736108452343643, 26.749662614740902 ], [ 94.739995517259359, 26.776186279716136 ], [ 94.758370733224552, 26.766065407554532 ], [ 94.770031927971701, 26.789099116611972 ], [ 94.790880730701446, 26.797126015222897 ], [ 94.798654860532878, 26.795381037264001 ], [ 94.803602034061967, 26.794334050488665 ], [ 94.814203120195742, 26.780025231225707 ], [ 94.814556489733533, 26.776884270899693 ], [ 94.796888012843922, 26.769206367880546 ], [ 94.793707687003788, 26.768508376696989 ], [ 94.794414426079371, 26.76815938110521 ], [ 94.805015512213146, 26.767810385513428 ], [ 94.797948121457296, 26.760830473677842 ], [ 94.804308773137549, 26.748964623557342 ], [ 94.833991814312114, 26.718253011480758 ], [ 94.805368881750937, 26.689286377363068 ], [ 94.779926275029894, 26.698360262749333 ], [ 94.790173991625863, 26.688239390587729 ], [ 94.779572905492088, 26.658574765286481 ], [ 94.779572905492088, 26.658574765286481 ], [ 94.787700404861312, 26.654735813776909 ], [ 94.786640296247938, 26.633796078270144 ], [ 94.787347035323521, 26.633447082678366 ], [ 94.85519398657965, 26.610064378029147 ], [ 94.883463549603036, 26.615648307497619 ], [ 94.894418005274588, 26.604480448560675 ], [ 94.87957648468732, 26.577258792401885 ], [ 94.893711266199006, 26.560158008404695 ], [ 94.882403440989648, 26.553876087752666 ], [ 94.897598331114722, 26.505365700495332 ], [ 94.889117462207707, 26.475701075194081 ], [ 94.901838765568229, 26.459996273564009 ], [ 94.897951700652513, 26.439056538057248 ], [ 94.915620177542124, 26.403109992103971 ], [ 94.912793221239795, 26.380076283046531 ], [ 94.912439851702004, 26.380076283046531 ], [ 94.846713117672635, 26.382170256597206 ], [ 94.765791493518194, 26.460345269155791 ], [ 94.743882582175075, 26.462090247114688 ], [ 94.709252367471436, 26.446036449892834 ], [ 94.688403564741691, 26.479191031111878 ], [ 94.694410846884153, 26.497338801884403 ], [ 94.687696825666094, 26.519674519758286 ], [ 94.725860735747673, 26.565392942281385 ], [ 94.732928126503509, 26.600641497051104 ], [ 94.7332814960413, 26.600990492642882 ], [ 94.706778780706884, 26.638333020963277 ], [ 94.66896824016311, 26.648453893124881 ], [ 94.719500084067406, 26.680561487568582 ], [ 94.724093888058704, 26.698011267157554 ], [ 94.749183125241956, 26.698360262749333 ], [ 94.743529212637284, 26.731514843968373 ], [ 94.756603885535597, 26.729420870417698 ], [ 94.736108452343643, 26.749662614740902 ] ] ] } },
{ "type": "Feature", "properties": { "dt_code": "262", "district": "Mokokchung", "st_code": "13", "year": "2011_c", "st_nm": "Nagaland", "state": "nagaland" }, "geometry": { "type": "Polygon", "coordinates": [ [ [ 94.736108452343643, 26.749662614740902 ], [ 94.756603885535597, 26.729420870417698 ], [ 94.743529212637284, 26.731514843968373 ], [ 94.749183125241956, 26.698360262749333 ], [ 94.724093888058704, 26.698011267157554 ], [ 94.719500084067406, 26.680561487568582 ], [ 94.66896824016311, 26.648453893124881 ], [ 94.706778780706884, 26.638333020963277 ], [ 94.7332814960413, 26.600990492642882 ], [ 94.732928126503509, 26.600641497051104 ], [ 94.725860735747673, 26.565392942281385 ], [ 94.687696825666094, 26.519674519758286 ], [ 94.694410846884153, 26.497338801884403 ], [ 94.688403564741691, 26.479191031111878 ], [ 94.709252367471436, 26.446036449892834 ], [ 94.70889899793363, 26.442546493975041 ], [ 94.707485519782466, 26.434868590955894 ], [ 94.702538346253377, 26.408344925980661 ], [ 94.69335073827078, 26.412881868673793 ], [ 94.678155848145707, 26.381472265413649 ], [ 94.657307045415962, 26.375888335945177 ], [ 94.66366769709623, 26.371351393252045 ], [ 94.650593024197903, 26.338545807624783 ], [ 94.614549331343099, 26.326330961912504 ], [ 94.592640419999967, 26.295619349835921 ], [ 94.582746072941788, 26.30085428371261 ], [ 94.581685964328415, 26.28968642477567 ], [ 94.564370856976595, 26.287592451224992 ], [ 94.563664117900998, 26.28375349971542 ], [ 94.559777052985297, 26.255833852373069 ], [ 94.583099442479579, 26.2383840727841 ], [ 94.58345281201737, 26.220236302011571 ], [ 94.58345281201737, 26.218840319644453 ], [ 94.553416401305029, 26.201739535647263 ], [ 94.531154120424119, 26.216746346093778 ], [ 94.4997042315606, 26.214303376951321 ], [ 94.498997492485017, 26.214303376951321 ], [ 94.497937383871644, 26.228961191806057 ], [ 94.515959230299046, 26.239431059559436 ], [ 94.487336297737869, 26.280961534981184 ], [ 94.48062227651981, 26.29073341155101 ], [ 94.474261624839556, 26.281659526164745 ], [ 94.445638692278379, 26.205927482748617 ], [ 94.405354564970054, 26.211511412217085 ], [ 94.371077719804205, 26.193014645852781 ], [ 94.372137828417578, 26.195806610587013 ], [ 94.382385545013562, 26.225471235888264 ], [ 94.372844567493161, 26.231404160948511 ], [ 94.335740766024983, 26.240129050742997 ], [ 94.335387396487178, 26.240478046334776 ], [ 94.335034026949387, 26.240478046334776 ], [ 94.359416525057057, 26.268746689268905 ], [ 94.351995764763416, 26.309928169098875 ], [ 94.366130546275116, 26.336800829665886 ], [ 94.343514895856401, 26.331565895789197 ], [ 94.358709785981475, 26.356693578397312 ], [ 94.330086853420298, 26.395432089084824 ], [ 94.324786310353417, 26.401714009736853 ], [ 94.301110551321329, 26.377284318312295 ], [ 94.303937507623672, 26.394036106717707 ], [ 94.290156095649778, 26.417767806958704 ], [ 94.31347848514406, 26.459996273564009 ], [ 94.313831854681851, 26.46069426474757 ], [ 94.316658810984194, 26.458251295605113 ], [ 94.325493049428999, 26.481982995846113 ], [ 94.352349134301221, 26.490009894457039 ], [ 94.352702503839012, 26.490009894457039 ], [ 94.352702503839012, 26.490358890048817 ], [ 94.347755330309909, 26.504667709311772 ], [ 94.372137828417578, 26.506063691678889 ], [ 94.376024893333295, 26.521768493308961 ], [ 94.400760760978756, 26.534332334613019 ], [ 94.413128694801486, 26.577258792401885 ], [ 94.402880978205516, 26.610762369212704 ], [ 94.451292604883051, 26.636239047412602 ], [ 94.465427386394751, 26.633098087086587 ], [ 94.45305945257202, 26.652641840226231 ], [ 94.46012684332787, 26.661715725612495 ], [ 94.492636840804749, 26.665903672713849 ], [ 94.508185100467614, 26.685447425853496 ], [ 94.51737270845021, 26.6819574699357 ], [ 94.520553034290344, 26.699407249524668 ], [ 94.562250639749834, 26.705340174584919 ], [ 94.559423683447491, 26.686494412628832 ], [ 94.566844443741132, 26.683702447894596 ], [ 94.577092160337116, 26.700803231891786 ], [ 94.593700528613354, 26.697313275973993 ], [ 94.593347159075563, 26.715112051154744 ], [ 94.59546737630231, 26.714414059971183 ], [ 94.602888136595951, 26.711622095236947 ], [ 94.601474658444786, 26.713018077604065 ], [ 94.594760637226727, 26.717904015888976 ], [ 94.591226941848802, 26.721044976214991 ], [ 94.585926398781922, 26.725232923316344 ], [ 94.594760637226727, 26.729769866009477 ], [ 94.596880854453474, 26.734655804294388 ], [ 94.608188679662831, 26.736749777845063 ], [ 94.609248788276204, 26.737098773436845 ], [ 94.60960215781401, 26.737098773436845 ], [ 94.62020324394777, 26.712320086420508 ], [ 94.692290629657393, 26.731863839560152 ], [ 94.737168560957016, 26.762575451636739 ], [ 94.736108452343643, 26.749662614740902 ] ] ] } },
{ "type": "Feature", "properties": { "dt_code": "267", "district": "Tuensang", "st_code": "13", "year": "2011_c", "st_nm": "Nagaland", "state": "nagaland" }, "geometry": { "type": "Polygon", "coordinates": [ [ [ 94.709252367471436, 26.446036449892834 ], [ 94.743882582175075, 26.462090247114688 ], [ 94.765791493518194, 26.460345269155791 ], [ 94.846713117672635, 26.382170256597206 ], [ 94.912439851702004, 26.380076283046531 ], [ 94.912793221239795, 26.380076283046531 ], [ 94.913146590777586, 26.380076283046531 ], [ 94.909966264937452, 26.356344582805534 ], [ 94.952370609472524, 26.352854626887737 ], [ 94.954490826699285, 26.330867904605636 ], [ 94.942122892876554, 26.306438213181082 ], [ 94.966858760522015, 26.297015332203038 ], [ 95.000428866612282, 26.293525376285242 ], [ 95.037532668080473, 26.326679957504286 ], [ 95.068629187406188, 26.337498820849447 ], [ 95.082057229842292, 26.337847816441226 ], [ 95.121987987612826, 26.347968688602826 ], [ 95.128348639293094, 26.339592794400122 ], [ 95.119514400848274, 26.264907737759334 ], [ 95.127288530679706, 26.253739878822394 ], [ 95.114567227319185, 26.232800143315629 ], [ 95.14248342080478, 26.211511412217085 ], [ 95.121987987612826, 26.184987747241852 ], [ 95.117040814083737, 26.158813077858401 ], [ 95.126228422066333, 26.129148452557153 ], [ 95.115980705470363, 26.107510725866831 ], [ 95.14955081156063, 26.086919985951845 ], [ 95.164745701685689, 26.092503915420316 ], [ 95.185594504415434, 26.073309157872451 ], [ 95.125875052528542, 25.986060259927601 ], [ 95.089124620598142, 25.950462709566107 ], [ 95.043893319760727, 25.927080004916885 ], [ 95.030818646862414, 25.931267952018239 ], [ 95.013503539510594, 25.891133458963608 ], [ 95.013503539510594, 25.89078446337183 ], [ 94.972866042664478, 25.881710577985565 ], [ 94.967918869135389, 25.901603326716991 ], [ 94.937175719347451, 25.912771185653931 ], [ 94.927988111364854, 25.945925766872975 ], [ 94.925161155062526, 25.948717731607207 ], [ 94.910319634475243, 25.948368736015428 ], [ 94.894418005274588, 25.942435810955178 ], [ 94.864028225024455, 25.94801974042365 ], [ 94.842472683219128, 25.933710921160696 ], [ 94.857667573344187, 25.972100436256426 ], [ 94.888057353594334, 26.008395977801484 ], [ 94.880283223762902, 26.018167854371306 ], [ 94.864381594562246, 26.01642287641241 ], [ 94.845299639521457, 26.041201563428746 ], [ 94.786640296247938, 26.009093968985042 ], [ 94.766498232593776, 26.023053792656217 ], [ 94.718439975454032, 26.023053792656217 ], [ 94.689110303817273, 26.009791960168602 ], [ 94.669321609700901, 26.020261827921981 ], [ 94.704658563480123, 26.048879466447893 ], [ 94.687343456128303, 26.115188628885978 ], [ 94.705718672093511, 26.171725914754237 ], [ 94.6965310641109, 26.171376919162459 ], [ 94.689463673355064, 26.19824957972947 ], [ 94.666494653398559, 26.212558398992424 ], [ 94.65660030634038, 26.203135518014381 ], [ 94.638225090375172, 26.217095341685557 ], [ 94.612429114116338, 26.193363641444559 ], [ 94.599707810755817, 26.197551588545913 ], [ 94.58345281201737, 26.218840319644453 ], [ 94.58345281201737, 26.220236302011571 ], [ 94.583099442479579, 26.2383840727841 ], [ 94.559777052985297, 26.255833852373069 ], [ 94.563664117900998, 26.28375349971542 ], [ 94.564370856976595, 26.287592451224992 ], [ 94.581685964328415, 26.28968642477567 ], [ 94.582746072941788, 26.30085428371261 ], [ 94.592640419999967, 26.295619349835921 ], [ 94.614549331343099, 26.326330961912504 ], [ 94.650593024197903, 26.338545807624783 ], [ 94.66366769709623, 26.371351393252045 ], [ 94.657307045415962, 26.375888335945177 ], [ 94.678155848145707, 26.381472265413649 ], [ 94.69335073827078, 26.412881868673793 ], [ 94.702538346253377, 26.408344925980661 ], [ 94.707485519782466, 26.434868590955894 ], [ 94.70889899793363, 26.442546493975041 ], [ 94.709252367471436, 26.446036449892834 ] ] ] } },
{ "type": "Feature", "properties": { "dt_code": "269", "district": "Kiphire", "st_code": "13", "year": "2011_c", "st_nm": "Nagaland", "state": "nagaland" }, "geometry": { "type": "Polygon", "coordinates": [ [ [ 94.669321609700901, 26.020261827921981 ], [ 94.689110303817273, 26.009791960168602 ], [ 94.718439975454032, 26.023053792656217 ], [ 94.766498232593776, 26.023053792656217 ], [ 94.786640296247938, 26.009093968985042 ], [ 94.845299639521457, 26.041201563428746 ], [ 94.864381594562246, 26.01642287641241 ], [ 94.880283223762902, 26.018167854371306 ], [ 94.888057353594334, 26.008395977801484 ], [ 94.857667573344187, 25.972100436256426 ], [ 94.842472683219128, 25.933710921160696 ], [ 94.864028225024455, 25.94801974042365 ], [ 94.894418005274588, 25.942435810955178 ], [ 94.910319634475243, 25.948368736015428 ], [ 94.925161155062526, 25.948717731607207 ], [ 94.927988111364854, 25.945925766872975 ], [ 94.937175719347451, 25.912771185653931 ], [ 94.967918869135389, 25.901603326716991 ], [ 94.972866042664478, 25.881710577985565 ], [ 95.013503539510594, 25.89078446337183 ], [ 95.013503539510594, 25.891133458963608 ], [ 95.014917017661759, 25.891482454555391 ], [ 95.008909735519296, 25.867052763130832 ], [ 95.02940516871125, 25.840180102563821 ], [ 95.032938864089175, 25.814354428772145 ], [ 95.049900601903204, 25.800743600692748 ], [ 95.040359624382802, 25.741763345682031 ], [ 95.00325582291461, 25.728501513194416 ], [ 94.970392455899926, 25.688716015731565 ], [ 94.936468980271869, 25.668125275816582 ], [ 94.914913438466542, 25.607400042846969 ], [ 94.883110180065231, 25.586111311748425 ], [ 94.866148442251202, 25.608796025214087 ], [ 94.851306921663934, 25.610541003172983 ], [ 94.846006378597039, 25.649977505044053 ], [ 94.856607464730814, 25.717333654257473 ], [ 94.819503663262623, 25.763052076780575 ], [ 94.819150293724832, 25.763750067964132 ], [ 94.755190407384433, 25.78224683432844 ], [ 94.725153996672077, 25.748394261925839 ], [ 94.725507366209868, 25.745951292783385 ], [ 94.726920844361047, 25.725360552868402 ], [ 94.726920844361047, 25.72501155727662 ], [ 94.723387148983122, 25.723964570501284 ], [ 94.717379866840645, 25.722219592542388 ], [ 94.716319758227272, 25.730246491153313 ], [ 94.712786062849347, 25.759213125271 ], [ 94.687343456128303, 25.796904649183176 ], [ 94.684869869363766, 25.800394605100969 ], [ 94.660487371256096, 25.81121346844613 ], [ 94.652713241424664, 25.814703424363923 ], [ 94.651299763273499, 25.815401415547484 ], [ 94.610308896889592, 25.817844384689938 ], [ 94.595820745840101, 25.875428657333536 ], [ 94.569671400043475, 25.889388481004712 ], [ 94.669321609700901, 26.020261827921981 ] ] ] } },
{ "type": "Feature", "properties": { "dt_code": "271", "district": "Peren", "st_code": "13", "year": "2011_c", "st_nm": "Nagaland", "state": "nagaland" }, "geometry": { "type": "Polygon", "coordinates": [ [ [ 93.512743112506726, 25.675105187652168 ], [ 93.659391470690537, 25.649628509452274 ], [ 93.794732003664976, 25.669172262591921 ], [ 93.88342775765085, 25.65835339924676 ], [ 93.92865905848825, 25.670917240550818 ], [ 93.929012428026056, 25.65835339924676 ], [ 93.929365797563847, 25.624849822435937 ], [ 93.914170907438773, 25.62240685329348 ], [ 93.914170907438773, 25.612983972315437 ], [ 93.939966883697608, 25.586111311748425 ], [ 93.9357264492441, 25.558889655589635 ], [ 93.88872830071773, 25.565171576241664 ], [ 93.861165476769926, 25.553305726121163 ], [ 93.834309391897719, 25.560634633548531 ], [ 93.816640915008094, 25.540392889225327 ], [ 93.765048962490425, 25.53864791126643 ], [ 93.765048962490425, 25.538298915674648 ], [ 93.764695592952634, 25.536553937715752 ], [ 93.758334941272366, 25.504097347680268 ], [ 93.7615152671125, 25.499560404987136 ], [ 93.763988853877052, 25.496419444661122 ], [ 93.76646244064159, 25.493627479926889 ], [ 93.78589776522017, 25.50270136531315 ], [ 93.786957873833543, 25.503050360904933 ], [ 93.800385916269661, 25.496419444661122 ], [ 93.809926893790049, 25.483855603357064 ], [ 93.80497972026096, 25.463264863442081 ], [ 93.80497972026096, 25.463264863442081 ], [ 93.80497972026096, 25.463264863442081 ], [ 93.774236570473022, 25.419640414469658 ], [ 93.742079942533934, 25.403935612839586 ], [ 93.70921657551925, 25.357170203541148 ], [ 93.686600925100535, 25.359962168275384 ], [ 93.681653751571446, 25.328901560607019 ], [ 93.664692013757417, 25.325760600281004 ], [ 93.66751897005976, 25.310753789834489 ], [ 93.605325931408316, 25.199075200465085 ], [ 93.588010824056482, 25.20116917401576 ], [ 93.584123759140766, 25.221759913930747 ], [ 93.556207565655185, 25.245840609763523 ], [ 93.555854196117394, 25.245840609763523 ], [ 93.501788656835174, 25.24235065384573 ], [ 93.506382460826472, 25.269223314412741 ], [ 93.47210561566061, 25.271666283555199 ], [ 93.47210561566061, 25.303424882407121 ], [ 93.469985398433863, 25.305867851549579 ], [ 93.448429856628536, 25.340767410727516 ], [ 93.47210561566061, 25.383693868516382 ], [ 93.473165724273997, 25.385438846475278 ], [ 93.470692137509445, 25.388230811209514 ], [ 93.457970834148924, 25.431157268998376 ], [ 93.456203986459968, 25.432553251365494 ], [ 93.455850616922177, 25.433949233732612 ], [ 93.453023660619834, 25.434996220507951 ], [ 93.424754097596448, 25.44651307503667 ], [ 93.390123882892809, 25.460472898707845 ], [ 93.391183991506182, 25.482459620989946 ], [ 93.386236817977093, 25.485949576907743 ], [ 93.38553007890151, 25.490486519600875 ], [ 93.35902736356708, 25.515265206617208 ], [ 93.350193125122274, 25.532365990614398 ], [ 93.330051061468112, 25.542486862776002 ], [ 93.330051061468112, 25.542137867184223 ], [ 93.328990952854738, 25.543184853959559 ], [ 93.337118452223962, 25.554701708488281 ], [ 93.341005517139678, 25.558191664406074 ], [ 93.358673994029289, 25.554701708488281 ], [ 93.426520945285404, 25.632178729863305 ], [ 93.444189422175029, 25.639856632882452 ], [ 93.460797790451267, 25.632527725455084 ], [ 93.460797790451267, 25.632527725455084 ], [ 93.457264095073342, 25.64125261524957 ], [ 93.490127462088026, 25.65242047418651 ], [ 93.49648811376828, 25.654514447737185 ], [ 93.502848765448547, 25.664984315490567 ], [ 93.512743112506726, 25.675105187652168 ] ] ] } },
{ "type": "Feature", "properties": { "dt_code": "264", "district": "Wokha", "st_code": "13", "year": "2011_c", "st_nm": "Nagaland", "state": "nagaland" }, "geometry": { "type": "Polygon", "coordinates": [ [ [ 94.313831854681851, 26.46069426474757 ], [ 94.31347848514406, 26.459996273564009 ], [ 94.290156095649778, 26.417767806958704 ], [ 94.303937507623672, 26.394036106717707 ], [ 94.301110551321329, 26.377284318312295 ], [ 94.324786310353417, 26.401714009736853 ], [ 94.330086853420298, 26.395432089084824 ], [ 94.358709785981475, 26.356693578397312 ], [ 94.343514895856401, 26.331565895789197 ], [ 94.366130546275116, 26.336800829665886 ], [ 94.351995764763416, 26.309928169098875 ], [ 94.359416525057057, 26.268746689268905 ], [ 94.335034026949387, 26.240478046334776 ], [ 94.335387396487178, 26.240478046334776 ], [ 94.335740766024983, 26.240129050742997 ], [ 94.372844567493161, 26.231404160948511 ], [ 94.382385545013562, 26.225471235888264 ], [ 94.372137828417578, 26.195806610587013 ], [ 94.335387396487178, 26.178356830998045 ], [ 94.386979349004861, 26.115886620069535 ], [ 94.379911958249011, 26.100530814031242 ], [ 94.390513044382786, 26.08377902562583 ], [ 94.357649677368101, 26.021657810289099 ], [ 94.362596850897191, 26.008395977801484 ], [ 94.336447505100566, 25.99932209241522 ], [ 94.317365550059776, 26.018516849963085 ], [ 94.317012180521985, 26.018167854371306 ], [ 94.299697073170165, 26.006302004250806 ], [ 94.274254466449122, 26.00944296457682 ], [ 94.274961205524704, 26.004208030700131 ], [ 94.244571425274572, 26.001765061557677 ], [ 94.241391099434438, 26.003859035108352 ], [ 94.223722622544827, 26.01537588963707 ], [ 94.219128818553514, 26.018516849963085 ], [ 94.192626103219098, 25.989201220253616 ], [ 94.160822844817787, 25.972798427439987 ], [ 94.139620672550251, 25.99234218057963 ], [ 94.100043284317522, 25.985362268744044 ], [ 94.09756969755297, 25.991644189396073 ], [ 94.002159922349051, 25.990597202620734 ], [ 93.972476881174501, 25.99234218057963 ], [ 93.954101665209308, 25.969308471522194 ], [ 93.95304155659592, 26.003161043924791 ], [ 93.962229164578531, 26.036664620735614 ], [ 93.987318401761783, 26.067027237220422 ], [ 93.981311119619306, 26.081336056483376 ], [ 93.997919487895544, 26.109604699417506 ], [ 93.986611662686187, 26.114141642110638 ], [ 93.997566118357753, 26.128799456965371 ], [ 93.989085249450739, 26.13089343051605 ], [ 94.002159922349051, 26.134383386433843 ], [ 93.994385792517619, 26.148343210105018 ], [ 94.001099813735678, 26.172423905937794 ], [ 94.031842963523601, 26.197551588545913 ], [ 94.047744592724257, 26.24955193172104 ], [ 94.074600677596479, 26.264558742167555 ], [ 94.074600677596479, 26.28375349971542 ], [ 94.084141655116866, 26.283404504123641 ], [ 94.104990457846611, 26.320049041260475 ], [ 94.121598826122849, 26.3179550677098 ], [ 94.115944913518177, 26.3298209178303 ], [ 94.144921215617146, 26.330518909013858 ], [ 94.160469475279996, 26.337847816441226 ], [ 94.171777300489353, 26.343431745909694 ], [ 94.17778458263183, 26.34622371064393 ], [ 94.167890235573637, 26.34692170182749 ], [ 94.163296431582339, 26.351109648928841 ], [ 94.171070561413771, 26.362975499049341 ], [ 94.171070561413771, 26.372049384435606 ], [ 94.171777300489353, 26.429982652670983 ], [ 94.18308512569871, 26.45545933087088 ], [ 94.236443925905348, 26.506063691678889 ], [ 94.243511316661184, 26.518976528574726 ], [ 94.282381965818345, 26.559460017221134 ], [ 94.284148813507301, 26.560855999588252 ], [ 94.289802726111972, 26.479889022295435 ], [ 94.313831854681851, 26.46069426474757 ] ] ] } },
{ "type": "Feature", "properties": { "dt_code": "263", "district": "Zunheboto", "st_code": "13", "year": "2011_c", "st_nm": "Nagaland", "state": "nagaland" }, "geometry": { "type": "Polygon", "coordinates": [ [ [ 94.372137828417578, 26.195806610587013 ], [ 94.371077719804205, 26.193014645852781 ], [ 94.405354564970054, 26.211511412217085 ], [ 94.445638692278379, 26.205927482748617 ], [ 94.474261624839556, 26.281659526164745 ], [ 94.48062227651981, 26.29073341155101 ], [ 94.487336297737869, 26.280961534981184 ], [ 94.515959230299046, 26.239431059559436 ], [ 94.497937383871644, 26.228961191806057 ], [ 94.498997492485017, 26.214303376951321 ], [ 94.4997042315606, 26.214303376951321 ], [ 94.531154120424119, 26.216746346093778 ], [ 94.553416401305029, 26.201739535647263 ], [ 94.58345281201737, 26.218840319644453 ], [ 94.599707810755817, 26.197551588545913 ], [ 94.612429114116338, 26.193363641444559 ], [ 94.638225090375172, 26.217095341685557 ], [ 94.65660030634038, 26.203135518014381 ], [ 94.666494653398559, 26.212558398992424 ], [ 94.689463673355064, 26.19824957972947 ], [ 94.6965310641109, 26.171376919162459 ], [ 94.705718672093511, 26.171725914754237 ], [ 94.687343456128303, 26.115188628885978 ], [ 94.704658563480123, 26.048879466447893 ], [ 94.669321609700901, 26.020261827921981 ], [ 94.569671400043475, 25.889388481004712 ], [ 94.595820745840101, 25.875428657333536 ], [ 94.610308896889592, 25.817844384689938 ], [ 94.651299763273499, 25.815401415547484 ], [ 94.652713241424664, 25.814703424363923 ], [ 94.660487371256096, 25.81121346844613 ], [ 94.684869869363766, 25.800394605100969 ], [ 94.687343456128303, 25.796904649183176 ], [ 94.712786062849347, 25.759213125271 ], [ 94.695824325035318, 25.757468147312103 ], [ 94.658367154029335, 25.777709891635308 ], [ 94.636458242686217, 25.769333997432604 ], [ 94.606775201511667, 25.778407882818868 ], [ 94.559423683447491, 25.731991469112209 ], [ 94.553416401305029, 25.779454869594204 ], [ 94.535394554877627, 25.784340807879119 ], [ 94.54175520655788, 25.811911459629687 ], [ 94.518079447525793, 25.824824296525527 ], [ 94.511012056769957, 25.81644840232282 ], [ 94.494403688493719, 25.831455212769335 ], [ 94.465427386394751, 25.830408225993995 ], [ 94.456946517487737, 25.853441935051436 ], [ 94.456946517487737, 25.853441935051436 ], [ 94.380265327786802, 25.831804208361113 ], [ 94.28591566119627, 25.78817975938869 ], [ 94.273194357835735, 25.794810675632498 ], [ 94.273194357835735, 25.794810675632498 ], [ 94.29616337779224, 25.809817486079012 ], [ 94.267893814768854, 25.809468490487234 ], [ 94.214535014562216, 25.875777652925315 ], [ 94.243864686198975, 25.922194066631974 ], [ 94.28379544396951, 25.939294850629164 ], [ 94.274961205524704, 26.004208030700131 ], [ 94.274254466449122, 26.00944296457682 ], [ 94.299697073170165, 26.006302004250806 ], [ 94.317012180521985, 26.018167854371306 ], [ 94.317365550059776, 26.018516849963085 ], [ 94.336447505100566, 25.99932209241522 ], [ 94.362596850897191, 26.008395977801484 ], [ 94.357649677368101, 26.021657810289099 ], [ 94.390513044382786, 26.08377902562583 ], [ 94.379911958249011, 26.100530814031242 ], [ 94.386979349004861, 26.115886620069535 ], [ 94.335387396487178, 26.178356830998045 ], [ 94.372137828417578, 26.195806610587013 ] ] ] } },
{ "type": "Feature", "properties": { "dt_code": "266", "district": "Phek", "st_code": "13", "year": "2011_c", "st_nm": "Nagaland", "state": "nagaland" }, "geometry": { "type": "Polygon", "coordinates": [ [ [ 94.883110180065231, 25.586111311748425 ], [ 94.898305070190304, 25.565520571833442 ], [ 94.845653009059248, 25.561332624732088 ], [ 94.825157575867294, 25.542486862776002 ], [ 94.807842468515474, 25.493976475518668 ], [ 94.783813339945596, 25.48071464303105 ], [ 94.761904428602477, 25.482110625398168 ], [ 94.751656712006508, 25.493627479926889 ], [ 94.718086605916241, 25.469197788502331 ], [ 94.683456391212587, 25.466056828176317 ], [ 94.675328891843364, 25.445466088261334 ], [ 94.616316179032054, 25.462217876666742 ], [ 94.615256070418681, 25.463264863442081 ], [ 94.576738790799325, 25.495721453477564 ], [ 94.556950096682954, 25.501654378537815 ], [ 94.554123140380611, 25.50374835208849 ], [ 94.566491074203341, 25.548070792244474 ], [ 94.55588998806958, 25.554701708488281 ], [ 94.564370856976595, 25.563426598282764 ], [ 94.550942814540477, 25.579480395504618 ], [ 94.58345281201737, 25.634272703413981 ], [ 94.593347159075563, 25.635668685781098 ], [ 94.573911834496982, 25.640554624066009 ], [ 94.586279768319713, 25.663937328715228 ], [ 94.580272486177236, 25.668823267000139 ], [ 94.596527484915683, 25.682434095079536 ], [ 94.595820745840101, 25.682434095079536 ], [ 94.580272486177236, 25.688716015731565 ], [ 94.5732050954214, 25.691507980465801 ], [ 94.572851725883609, 25.691507980465801 ], [ 94.571791617270222, 25.691856976057579 ], [ 94.530800750886328, 25.643695584392024 ], [ 94.520906403828135, 25.638809646107113 ], [ 94.497230644796048, 25.613681963498998 ], [ 94.488749775889033, 25.604608078112733 ], [ 94.480975646057615, 25.614030959090776 ], [ 94.477795320217481, 25.614030959090776 ], [ 94.425143259086425, 25.586460307340204 ], [ 94.416662390179411, 25.536553937715752 ], [ 94.385212501315891, 25.532365990614398 ], [ 94.321605984513283, 25.503050360904933 ], [ 94.284502183045092, 25.507936299189844 ], [ 94.249871968341452, 25.494325471110447 ], [ 94.232556860989632, 25.495023462294004 ], [ 94.214535014562216, 25.495721453477564 ], [ 94.208527732419753, 25.496070449069343 ], [ 94.197926646285978, 25.512473241882976 ], [ 94.187678929690009, 25.528876034696605 ], [ 94.185912082001039, 25.531667999430841 ], [ 94.189445777378964, 25.547721796652691 ], [ 94.189799146916755, 25.549117779019809 ], [ 94.196866537672605, 25.581923364647071 ], [ 94.214181645024425, 25.609843011989422 ], [ 94.208174362881962, 25.62833977835373 ], [ 94.220188927166902, 25.656957416879642 ], [ 94.213121536411052, 25.671615231734375 ], [ 94.272840988297943, 25.794810675632498 ], [ 94.273194357835735, 25.794810675632498 ], [ 94.28591566119627, 25.78817975938869 ], [ 94.380265327786802, 25.831804208361113 ], [ 94.456946517487737, 25.853441935051436 ], [ 94.456946517487737, 25.853441935051436 ], [ 94.465427386394751, 25.830408225993995 ], [ 94.494403688493719, 25.831455212769335 ], [ 94.511012056769957, 25.81644840232282 ], [ 94.518079447525793, 25.824824296525527 ], [ 94.54175520655788, 25.811911459629687 ], [ 94.535394554877627, 25.784340807879119 ], [ 94.553416401305029, 25.779454869594204 ], [ 94.559423683447491, 25.731991469112209 ], [ 94.606775201511667, 25.778407882818868 ], [ 94.636458242686217, 25.769333997432604 ], [ 94.658367154029335, 25.777709891635308 ], [ 94.695824325035318, 25.757468147312103 ], [ 94.712786062849347, 25.759213125271 ], [ 94.716319758227272, 25.730246491153313 ], [ 94.717379866840645, 25.722219592542388 ], [ 94.723387148983122, 25.723964570501284 ], [ 94.726920844361047, 25.72501155727662 ], [ 94.726920844361047, 25.725360552868402 ], [ 94.725507366209868, 25.745951292783385 ], [ 94.725153996672077, 25.748394261925839 ], [ 94.755190407384433, 25.78224683432844 ], [ 94.819150293724832, 25.763750067964132 ], [ 94.819503663262623, 25.763052076780575 ], [ 94.856607464730814, 25.717333654257473 ], [ 94.846006378597039, 25.649977505044053 ], [ 94.851306921663934, 25.610541003172983 ], [ 94.866148442251202, 25.608796025214087 ], [ 94.883110180065231, 25.586111311748425 ] ] ] } },
{ "type": "Feature", "properties": { "dt_code": "270", "district": "Kohima", "st_code": "13", "year": "2011_c", "st_nm": "Nagaland", "state": "nagaland" }, "geometry": { "type": "Polygon", "coordinates": [ [ [ 93.9357264492441, 25.558889655589635 ], [ 93.939966883697608, 25.586111311748425 ], [ 93.914170907438773, 25.612983972315437 ], [ 93.914170907438773, 25.62240685329348 ], [ 93.929365797563847, 25.624849822435937 ], [ 93.929012428026056, 25.65835339924676 ], [ 93.92865905848825, 25.670917240550818 ], [ 93.930779275715011, 25.672313222917936 ], [ 93.964349381805278, 25.693252958424697 ], [ 94.011347530331648, 25.806676525752998 ], [ 94.017354812474125, 25.845764032032289 ], [ 93.97742405470359, 25.882757564760905 ], [ 94.013467747558408, 25.950462709566107 ], [ 94.002159922349051, 25.990597202620734 ], [ 94.09756969755297, 25.991644189396073 ], [ 94.100043284317522, 25.985362268744044 ], [ 94.139620672550251, 25.99234218057963 ], [ 94.160822844817787, 25.972798427439987 ], [ 94.192626103219098, 25.989201220253616 ], [ 94.219128818553514, 26.018516849963085 ], [ 94.223722622544827, 26.01537588963707 ], [ 94.241391099434438, 26.003859035108352 ], [ 94.244571425274572, 26.001765061557677 ], [ 94.274961205524704, 26.004208030700131 ], [ 94.28379544396951, 25.939294850629164 ], [ 94.243864686198975, 25.922194066631974 ], [ 94.214535014562216, 25.875777652925315 ], [ 94.267893814768854, 25.809468490487234 ], [ 94.29616337779224, 25.809817486079012 ], [ 94.273194357835735, 25.794810675632498 ], [ 94.273194357835735, 25.794810675632498 ], [ 94.272840988297943, 25.794810675632498 ], [ 94.213121536411052, 25.671615231734375 ], [ 94.220188927166902, 25.656957416879642 ], [ 94.208174362881962, 25.62833977835373 ], [ 94.214181645024425, 25.609843011989422 ], [ 94.196866537672605, 25.581923364647071 ], [ 94.189799146916755, 25.549117779019809 ], [ 94.178137952169621, 25.550513761386927 ], [ 94.165063279271294, 25.541439876000663 ], [ 94.156229040826489, 25.551211752570488 ], [ 94.140327411625833, 25.519453153718562 ], [ 94.108170783686745, 25.521896122861019 ], [ 94.084495024654657, 25.530272017063723 ], [ 94.094036002175045, 25.537251928899313 ], [ 94.084848394192448, 25.554701708488281 ], [ 94.067179917302838, 25.552258739345824 ], [ 94.048097962262048, 25.575641443995043 ], [ 94.038203615203869, 25.570057514526574 ], [ 94.012761008482826, 25.592742227992233 ], [ 94.002159922349051, 25.586460307340204 ], [ 94.007107095878141, 25.568661532159457 ], [ 94.006046987264767, 25.567265549792339 ], [ 93.983077967308276, 25.568312536567678 ], [ 93.957281991049427, 25.551211752570488 ], [ 93.948801122142413, 25.552956730529385 ], [ 93.9357264492441, 25.558889655589635 ] ] ] } },
{ "type": "Feature", "properties": { "dt_code": "265", "district": "Dimapur", "st_code": "13", "year": "2011_c", "st_nm": "Nagaland", "state": "nagaland" }, "geometry": { "type": "Polygon", "coordinates": [ [ [ 93.954101665209308, 25.969308471522194 ], [ 93.972476881174501, 25.99234218057963 ], [ 94.002159922349051, 25.990597202620734 ], [ 94.013467747558408, 25.950462709566107 ], [ 93.97742405470359, 25.882757564760905 ], [ 94.017354812474125, 25.845764032032289 ], [ 94.011347530331648, 25.806676525752998 ], [ 93.964349381805278, 25.693252958424697 ], [ 93.930779275715011, 25.672313222917936 ], [ 93.92865905848825, 25.670917240550818 ], [ 93.88342775765085, 25.65835339924676 ], [ 93.794732003664976, 25.669172262591921 ], [ 93.659391470690537, 25.649628509452274 ], [ 93.512743112506726, 25.675105187652168 ], [ 93.522284090027128, 25.697789901117829 ], [ 93.527231263556217, 25.691158984874022 ], [ 93.541012675530112, 25.698836887893169 ], [ 93.542426153681276, 25.73094448233687 ], [ 93.561508108722066, 25.73792439417246 ], [ 93.567868760402334, 25.758515134087443 ], [ 93.577763107460513, 25.754676182577871 ], [ 93.617340495693242, 25.775964913676411 ], [ 93.624761255986883, 25.802488578651644 ], [ 93.645963428254419, 25.82238132738307 ], [ 93.668225709135342, 25.822032331791291 ], [ 93.688367772789505, 25.846113027624067 ], [ 93.714163749048339, 25.844717045256949 ], [ 93.7021491847634, 25.851696957092539 ], [ 93.681300382033655, 25.904395291451227 ], [ 93.75126755051653, 25.933012929977135 ], [ 93.745613637911845, 25.942435810955178 ], [ 93.75621472404562, 25.946623758056532 ], [ 93.767522549254977, 25.950462709566107 ], [ 93.767522549254977, 25.950811705157886 ], [ 93.767875918792768, 25.951160700749664 ], [ 93.765402332028216, 25.968959475930411 ], [ 93.77352983139744, 25.968959475930411 ], [ 93.7756500486242, 25.968610480338633 ], [ 93.774236570473022, 25.965469520012618 ], [ 93.795438742740558, 25.905791273818345 ], [ 93.777416896313156, 25.849951979133643 ], [ 93.795438742740558, 25.809119494895455 ], [ 93.839609934964599, 25.85658289537745 ], [ 93.88166090996188, 25.843321062889835 ], [ 93.915937755127729, 25.883804551536244 ], [ 93.933959601555145, 25.885200533903362 ], [ 93.937846666470861, 25.896368392840301 ], [ 93.978484163316963, 25.916959132755284 ], [ 93.968589816258785, 25.957442621401693 ], [ 93.954101665209308, 25.969308471522194 ] ] ] } },
{ "type": "Feature", "properties": { "dt_code": "241", "district": "North Sikkim", "st_code": "11", "year": "2011_c", "st_nm": "Sikkim", "state": "sikkim" }, "geometry": { "type": "Polygon", "coordinates": [ [ [ 88.482984699446575, 27.375964318480563 ], [ 88.442146766709243, 27.389628854760552 ], [ 88.439835185610903, 27.39250559924055 ], [ 88.414793057045557, 27.41983467180053 ], [ 88.407473050234145, 27.475931189160487 ], [ 88.38088986760323, 27.490314911560478 ], [ 88.355847739037884, 27.521239914720454 ], [ 88.326567711792251, 27.525914624500452 ], [ 88.304607691358029, 27.521599507780454 ], [ 88.283418197956578, 27.513688460460461 ], [ 88.281491880374631, 27.51296927434046 ], [ 88.241424474670069, 27.534904451000443 ], [ 88.209832866326096, 27.581291955740408 ], [ 88.11467277777777, 27.618330040920384 ], [ 88.11929593997445, 27.643861148180363 ], [ 88.143182277990633, 27.662559987300348 ], [ 88.153584392933155, 27.68916987374033 ], [ 88.14742017667092, 27.702834410020319 ], [ 88.156281237547887, 27.736276564600296 ], [ 88.178241257982123, 27.746345170280286 ], [ 88.181708629629625, 27.775831801200265 ], [ 88.197889697318004, 27.789496337480255 ], [ 88.173232832269051, 27.820421340640234 ], [ 88.202898123031076, 27.837681807520219 ], [ 88.195963379736057, 27.854223088280207 ], [ 88.134706480630058, 27.881911753900187 ], [ 88.139329642826723, 27.88946320816018 ], [ 88.11929593997445, 27.91751146684016 ], [ 88.137788588761168, 27.936929492080147 ], [ 88.128927527884201, 27.949515249180138 ], [ 88.144723332056188, 27.964258564640126 ], [ 88.204439177096631, 27.941604201860144 ], [ 88.207136021711364, 27.961381820160128 ], [ 88.237571839506174, 27.971090832780121 ], [ 88.251056062579821, 27.942323387980142 ], [ 88.266081339719022, 27.95706670344013 ], [ 88.308460326521924, 27.967135309120124 ], [ 88.318091914431676, 27.978642287040117 ], [ 88.330420346956146, 27.97288879808012 ], [ 88.352380367390381, 27.989789671900109 ], [ 88.4090141042997, 27.982238217640113 ], [ 88.415178320561935, 27.999139091460101 ], [ 88.467574158790981, 28.016759151400088 ], [ 88.495313131971059, 28.05379723658006 ], [ 88.523052105151123, 28.035098397460075 ], [ 88.545012125585359, 28.033660025220076 ], [ 88.552332132396771, 28.08148590220004 ], [ 88.619367984248612, 28.098027182960028 ], [ 88.612818504469985, 28.128233 ], [ 88.633622734355043, 28.120681545740009 ], [ 88.67214908599405, 28.072496075700045 ], [ 88.756136532567055, 28.076092006300044 ], [ 88.812385005959982, 28.023591419540082 ], [ 88.836271343976165, 28.014961186100088 ], [ 88.843976614303969, 27.992666416380104 ], [ 88.83704187100895, 27.929018444760153 ], [ 88.86054294550874, 27.927580072520154 ], [ 88.870174533418478, 27.916073094600161 ], [ 88.887896655172426, 27.856380646640208 ], [ 88.880576648361014, 27.829411167140226 ], [ 88.855534519795668, 27.816106223920237 ], [ 88.861698736057903, 27.797766977860249 ], [ 88.853608202213721, 27.765044009400274 ], [ 88.865166107705406, 27.742389646620289 ], [ 88.856305046828439, 27.716498946300309 ], [ 88.83781239804172, 27.705711154500317 ], [ 88.848214512984256, 27.667594290140347 ], [ 88.827410283099198, 27.644220741240364 ], [ 88.815081850574714, 27.64601870654036 ], [ 88.804679735632192, 27.62372393682038 ], [ 88.809302897828871, 27.602507946280394 ], [ 88.788113404427421, 27.584887886340407 ], [ 88.791195512558545, 27.575178873720414 ], [ 88.763841802894859, 27.56475067498042 ], [ 88.777326025968506, 27.532387299580446 ], [ 88.7927365666241, 27.529150962040447 ], [ 88.776940762452114, 27.468739327960492 ], [ 88.782334451681578, 27.450040488840507 ], [ 88.796203938271617, 27.447882930480507 ], [ 88.791966039591316, 27.437454731740516 ], [ 88.808917634312479, 27.423790195460526 ], [ 88.804679735632192, 27.415159962020532 ], [ 88.793892357173277, 27.415879148140533 ], [ 88.775784971902937, 27.417317520380532 ], [ 88.728397559386977, 27.420553857920527 ], [ 88.728397559386977, 27.42019426486053 ], [ 88.692182788846324, 27.399697460440542 ], [ 88.627458518092809, 27.387111703340555 ], [ 88.626687991060024, 27.387111703340555 ], [ 88.588546902937424, 27.400416646560544 ], [ 88.550791078331201, 27.392865192300548 ], [ 88.520355260536405, 27.401495425740542 ], [ 88.491845760323542, 27.381717807440555 ], [ 88.482984699446575, 27.375964318480563 ] ] ] } },
{ "type": "Feature", "properties": { "dt_code": "242", "district": "West Sikkim", "st_code": "11", "year": "2011_c", "st_nm": "Sikkim", "state": "sikkim" }, "geometry": { "type": "Polygon", "coordinates": [ [ [ 88.11467277777777, 27.618330040920384 ], [ 88.209832866326096, 27.581291955740408 ], [ 88.241424474670069, 27.534904451000443 ], [ 88.281491880374631, 27.51296927434046 ], [ 88.264155022137075, 27.500023924180468 ], [ 88.27494240059599, 27.405091356340542 ], [ 88.329264556406983, 27.412642810600534 ], [ 88.335428772669218, 27.400416646560544 ], [ 88.349683522775649, 27.407968100820536 ], [ 88.357774056619832, 27.397899495140546 ], [ 88.357774056619832, 27.397899495140546 ], [ 88.355462475521492, 27.375604725420562 ], [ 88.330035083439753, 27.368412864220566 ], [ 88.320788759046394, 27.345039315320584 ], [ 88.296902421030225, 27.330655592920596 ], [ 88.311927698169427, 27.309439602380611 ], [ 88.30768979948914, 27.299370996700617 ], [ 88.275712927628774, 27.282829715940629 ], [ 88.301140319710512, 27.259456167040646 ], [ 88.301910846743297, 27.228890756940672 ], [ 88.331576137505323, 27.194369823180697 ], [ 88.299214002128565, 27.171355867340711 ], [ 88.280721353341846, 27.131441037680741 ], [ 88.279950826309062, 27.129643072380745 ], [ 88.23217815027671, 27.118495687520753 ], [ 88.215611819071938, 27.131441037680741 ], [ 88.181708629629625, 27.132519816860743 ], [ 88.153584392933155, 27.109865454080758 ], [ 88.096180128991051, 27.133598596040741 ], [ 88.07422010855683, 27.185739589740702 ], [ 88.078458007237117, 27.20048290520069 ], [ 88.078843270753509, 27.201202091320692 ], [ 88.076916953171562, 27.20228087050069 ], [ 88.045325344827575, 27.218102965140677 ], [ 88.039931655598124, 27.220620116560678 ], [ 88.037620074499785, 27.219900930440676 ], [ 88.03222638527032, 27.220979709620675 ], [ 88.014119, 27.212349476180684 ], [ 88.031455858237535, 27.250466340540655 ], [ 88.032611648786713, 27.28534686736063 ], [ 88.068441155810973, 27.33497070964059 ], [ 88.042243236696464, 27.370930015640564 ], [ 88.047636925925914, 27.405450949400539 ], [ 88.075375899105993, 27.432780021960518 ], [ 88.06728536526181, 27.4575919431005 ], [ 88.044940081311196, 27.478088747520484 ], [ 88.044169554278412, 27.496427993580472 ], [ 88.060735885483183, 27.511890495160461 ], [ 88.059194831417614, 27.536342823240442 ], [ 88.079999061302672, 27.564391081920423 ], [ 88.083081169433797, 27.588843410000404 ], [ 88.11467277777777, 27.618330040920384 ] ] ] } },
{ "type": "Feature", "properties": { "dt_code": "243", "district": "South Sikkim", "st_code": "11", "year": "2011_c", "st_nm": "Sikkim", "state": "sikkim" }, "geometry": { "type": "Polygon", "coordinates": [ [ [ 88.281491880374631, 27.51296927434046 ], [ 88.283418197956578, 27.513688460460461 ], [ 88.304607691358029, 27.521599507780454 ], [ 88.326567711792251, 27.525914624500452 ], [ 88.355847739037884, 27.521239914720454 ], [ 88.38088986760323, 27.490314911560478 ], [ 88.407473050234145, 27.475931189160487 ], [ 88.414793057045557, 27.41983467180053 ], [ 88.439835185610903, 27.39250559924055 ], [ 88.442146766709243, 27.389628854760552 ], [ 88.482984699446575, 27.375964318480563 ], [ 88.482984699446575, 27.375245132360561 ], [ 88.481058381864628, 27.374166353180563 ], [ 88.482214172413791, 27.331374779040594 ], [ 88.44869624648787, 27.314114312160608 ], [ 88.438294131545334, 27.264490469880645 ], [ 88.487607861643255, 27.237161397320666 ], [ 88.48837838867604, 27.228890756940672 ], [ 88.485681544061308, 27.203719242740689 ], [ 88.491075233290758, 27.195808195420696 ], [ 88.494157341421882, 27.191493078700699 ], [ 88.497239449553007, 27.187177961980701 ], [ 88.531913166028104, 27.176030577120709 ], [ 88.531913166028104, 27.176030577120709 ], [ 88.53114263899532, 27.164883192260717 ], [ 88.529986848446143, 27.147982318440729 ], [ 88.49608365900383, 27.122091618120749 ], [ 88.475279429118771, 27.120653245880749 ], [ 88.458713097914, 27.089728242720774 ], [ 88.425580435504472, 27.071388996660787 ], [ 88.432129915283099, 27.080019230100781 ], [ 88.356618266070669, 27.095481731680767 ], [ 88.341978252447845, 27.109865454080758 ], [ 88.340822461898682, 27.109505861020757 ], [ 88.324256130693911, 27.105550337360761 ], [ 88.316550860366107, 27.125687548720748 ], [ 88.301910846743297, 27.128923886260743 ], [ 88.289582414218813, 27.127125920960744 ], [ 88.283032934440186, 27.127485514020744 ], [ 88.280721353341846, 27.131441037680741 ], [ 88.299214002128565, 27.171355867340711 ], [ 88.331576137505323, 27.194369823180697 ], [ 88.301910846743297, 27.228890756940672 ], [ 88.301140319710512, 27.259456167040646 ], [ 88.275712927628774, 27.282829715940629 ], [ 88.30768979948914, 27.299370996700617 ], [ 88.311927698169427, 27.309439602380611 ], [ 88.296902421030225, 27.330655592920596 ], [ 88.320788759046394, 27.345039315320584 ], [ 88.330035083439753, 27.368412864220566 ], [ 88.355462475521492, 27.375604725420562 ], [ 88.357774056619832, 27.397899495140546 ], [ 88.357774056619832, 27.397899495140546 ], [ 88.349683522775649, 27.407968100820536 ], [ 88.335428772669218, 27.400416646560544 ], [ 88.329264556406983, 27.412642810600534 ], [ 88.27494240059599, 27.405091356340542 ], [ 88.264155022137075, 27.500023924180468 ], [ 88.281491880374631, 27.51296927434046 ] ] ] } },
{ "type": "Feature", "properties": { "dt_code": "244", "district": "East Sikkim", "st_code": "11", "year": "2011_c", "st_nm": "Sikkim", "state": "sikkim" }, "geometry": { "type": "Polygon", "coordinates": [ [ [ 88.482984699446575, 27.375964318480563 ], [ 88.491845760323542, 27.381717807440555 ], [ 88.520355260536405, 27.401495425740542 ], [ 88.550791078331201, 27.392865192300548 ], [ 88.588546902937424, 27.400416646560544 ], [ 88.626687991060024, 27.387111703340555 ], [ 88.627458518092809, 27.387111703340555 ], [ 88.692182788846324, 27.399697460440542 ], [ 88.728397559386977, 27.42019426486053 ], [ 88.728397559386977, 27.420553857920527 ], [ 88.775784971902937, 27.417317520380532 ], [ 88.793892357173277, 27.415879148140533 ], [ 88.83781239804172, 27.379200656020558 ], [ 88.860928209025118, 27.387111703340555 ], [ 88.883658756492125, 27.342881756960587 ], [ 88.915250364836112, 27.330655592920596 ], [ 88.919103, 27.320586987240603 ], [ 88.90330719582802, 27.272401517200638 ], [ 88.879035594295445, 27.261254132340646 ], [ 88.832033445295878, 27.262332911520645 ], [ 88.803138681566622, 27.247949189120657 ], [ 88.791195512558545, 27.185739589740702 ], [ 88.766538647509577, 27.178188135480706 ], [ 88.761144958280127, 27.152297435160726 ], [ 88.738799674329499, 27.13647534052074 ], [ 88.722233343124742, 27.139352085000738 ], [ 88.716069126862493, 27.149780283740728 ], [ 88.710290174116651, 27.160208482480719 ], [ 88.706437538952756, 27.166321564500716 ], [ 88.688330153682415, 27.175311391000708 ], [ 88.687559626649644, 27.174951797940711 ], [ 88.666755396764586, 27.165961971440716 ], [ 88.653656437207331, 27.160208482480719 ], [ 88.652885910174547, 27.159848889420722 ], [ 88.597022700297998, 27.1882567411607 ], [ 88.540003699872287, 27.177828542420709 ], [ 88.531913166028104, 27.17639017018071 ], [ 88.531913166028104, 27.176030577120709 ], [ 88.531913166028104, 27.176030577120709 ], [ 88.497239449553007, 27.187177961980701 ], [ 88.494157341421882, 27.191493078700699 ], [ 88.491075233290758, 27.195808195420696 ], [ 88.485681544061308, 27.203719242740689 ], [ 88.48837838867604, 27.228890756940672 ], [ 88.487607861643255, 27.237161397320666 ], [ 88.438294131545334, 27.264490469880645 ], [ 88.44869624648787, 27.314114312160608 ], [ 88.482214172413791, 27.331374779040594 ], [ 88.481058381864628, 27.374166353180563 ], [ 88.482984699446575, 27.375245132360561 ], [ 88.482984699446575, 27.375964318480563 ] ] ] } },
{ "type": "Feature", "properties": { "dt_code": "292", "district": "North Tripura", "st_code": "16", "year": "2011_c", "st_nm": "Tripura", "state": "tripura" }, "geometry": { "type": "Polygon", "coordinates": [ [ [ 92.175571669008605, 23.708095929868819 ], [ 92.171585350767643, 23.750568397073664 ], [ 92.155946717668499, 23.78021898738648 ], [ 92.154720158209741, 23.851540677598386 ], [ 92.130802248763999, 23.922862367810293 ], [ 92.120376493364574, 23.931677408173563 ], [ 92.087872667707529, 23.931276724520686 ], [ 92.080819950819688, 23.932879459132192 ], [ 92.085112908925339, 23.989776537840566 ], [ 92.085112908925339, 23.989776537840566 ], [ 92.112710496747354, 23.994184058022199 ], [ 92.115776895394234, 23.998591578203836 ], [ 92.114243696070787, 24.005002516649849 ], [ 92.110564017694529, 24.023834648335015 ], [ 92.122216332552711, 24.038259259838547 ], [ 92.134481927140271, 24.032249005045408 ], [ 92.14276120348687, 24.040663361755804 ], [ 92.16514591360918, 24.095156338546921 ], [ 92.166985752797302, 24.102368644298689 ], [ 92.145214322404385, 24.117193939455095 ], [ 92.202249337236552, 24.157662988395561 ], [ 92.203475896695309, 24.168481447023211 ], [ 92.203782536559999, 24.182104691220989 ], [ 92.172198630497022, 24.190118364278508 ], [ 92.164532633879801, 24.20253955751766 ], [ 92.162079514962286, 24.20253955751766 ], [ 92.138161605516544, 24.19172109889001 ], [ 92.131722168358067, 24.219368270938446 ], [ 92.103817940671362, 24.237799718970738 ], [ 92.09707186364821, 24.263844156407671 ], [ 92.068247716367438, 24.270655778506558 ], [ 92.068860996096817, 24.30391252169526 ], [ 92.062728198803029, 24.312326878405653 ], [ 92.070087555555574, 24.376836946518669 ], [ 92.110564017694529, 24.383247884964682 ], [ 92.139694804839991, 24.42531966851665 ], [ 92.16790567239137, 24.424117617558021 ], [ 92.149813920374726, 24.491031787588295 ], [ 92.15564007780381, 24.525490581735621 ], [ 92.16790567239137, 24.527494 ], [ 92.213595012230044, 24.508661868314835 ], [ 92.211755173041908, 24.504655031786076 ], [ 92.22831372573512, 24.502651613521696 ], [ 92.230153564923256, 24.501850246215945 ], [ 92.230460204787946, 24.501449562563067 ], [ 92.229846925058567, 24.451764789606457 ], [ 92.246405477751765, 24.442148381937436 ], [ 92.246712117616454, 24.440946330978811 ], [ 92.259897631798083, 24.358405498486377 ], [ 92.218807889929764, 24.285881757315842 ], [ 92.209608693989082, 24.248217493945511 ], [ 92.192436861566506, 24.243409290111 ], [ 92.217274690606317, 24.234193566094856 ], [ 92.218501250065074, 24.23459424974773 ], [ 92.220034449388507, 24.234193566094856 ], [ 92.29117489799637, 24.251422963168519 ], [ 92.331958, 24.179700589303735 ], [ 92.323678723653416, 24.171286232593342 ], [ 92.331651360135325, 24.152053417255299 ], [ 92.327665041894363, 24.101567276992938 ], [ 92.312026408795219, 24.052283187689202 ], [ 92.326131842570916, 23.997790210898085 ], [ 92.307733450689582, 23.960526631180628 ], [ 92.30896001014834, 23.931276724520686 ], [ 92.325211922976862, 23.914047327447022 ], [ 92.311106489201165, 23.880389900605451 ], [ 92.314479527712734, 23.862359136226036 ], [ 92.312946328389287, 23.861157085267408 ], [ 92.293014737184507, 23.865564605449041 ], [ 92.28626866016134, 23.867167340060547 ], [ 92.285042100702597, 23.867167340060547 ], [ 92.280442502732257, 23.860355717961657 ], [ 92.270016747332832, 23.844729055499496 ], [ 92.268483548009385, 23.842324953582242 ], [ 92.281975702055703, 23.815479148839557 ], [ 92.257137873015893, 23.812674363269426 ], [ 92.257137873015893, 23.812674363269426 ], [ 92.256831233151203, 23.812674363269426 ], [ 92.265417149362492, 23.725325326942482 ], [ 92.265417149362492, 23.724924643289608 ], [ 92.241192600052059, 23.718914388496469 ], [ 92.245178918293021, 23.696075420282543 ], [ 92.223714127764779, 23.651599534813322 ], [ 92.210528613583151, 23.661616626135217 ], [ 92.216661410876938, 23.684054910696268 ], [ 92.205929015612824, 23.704890460645814 ], [ 92.175571669008605, 23.708095929868819 ] ] ] } },
{ "type": "Feature", "properties": { "dt_code": "291", "district": "Dhalai", "st_code": "16", "year": "2011_c", "st_nm": "Tripura", "state": "tripura" }, "geometry": { "type": "Polygon", "coordinates": [ [ [ 92.085112908925339, 23.989776537840566 ], [ 92.085112908925339, 23.989776537840566 ], [ 92.080819950819688, 23.932879459132192 ], [ 92.087872667707529, 23.931276724520686 ], [ 92.120376493364574, 23.931677408173563 ], [ 92.130802248763999, 23.922862367810293 ], [ 92.154720158209741, 23.851540677598386 ], [ 92.155946717668499, 23.78021898738648 ], [ 92.171585350767643, 23.750568397073664 ], [ 92.175571669008605, 23.708095929868819 ], [ 92.175571669008605, 23.707294562563067 ], [ 92.135708486599029, 23.735342418264381 ], [ 92.119456573770506, 23.732136949041372 ], [ 92.106271059588877, 23.690866532795159 ], [ 92.077446912308105, 23.66802756458123 ], [ 92.074380513661211, 23.646390647325934 ], [ 92.05935516029146, 23.643185178102929 ], [ 92.006613103564945, 23.665222779011099 ], [ 91.983615113713256, 23.728130112512613 ], [ 91.958470644808756, 23.738547887487389 ], [ 91.959390564402824, 23.698880205852674 ], [ 91.937005854280528, 23.689263798183653 ], [ 91.965216721831922, 23.536202642785067 ], [ 91.95632416575593, 23.526586235116046 ], [ 91.973495998178521, 23.504147950554994 ], [ 91.973495998178521, 23.481308982341069 ], [ 91.940072252927422, 23.468086421796166 ], [ 91.942218731980233, 23.427216689202826 ], [ 91.906648507676309, 23.44043924974773 ], [ 91.900515710382535, 23.424011219979818 ], [ 91.87291812256052, 23.412792077699294 ], [ 91.867705244860801, 23.418802332492433 ], [ 91.863718926619839, 23.40838455751766 ], [ 91.856359569867308, 23.432425576690214 ], [ 91.865865405672665, 23.445648137235118 ], [ 91.828455342180604, 23.476500778506558 ], [ 91.826308863127778, 23.494531542885973 ], [ 91.803924153005482, 23.515367092835522 ], [ 91.800857754358589, 23.518171878405653 ], [ 91.803617513140793, 23.529391020686177 ], [ 91.791965198282611, 23.543014264883958 ], [ 91.781846082747876, 23.551428621594351 ], [ 91.781232803018497, 23.55543545812311 ], [ 91.768967208430936, 23.64398654540868 ], [ 91.752408655737725, 23.651599534813322 ], [ 91.768967208430936, 23.67203440110999 ], [ 91.765287530054664, 23.684455594349142 ], [ 91.766820729378111, 23.687661063572151 ], [ 91.76743400910749, 23.688863114530779 ], [ 91.777859764506914, 23.708897297174573 ], [ 91.771113687483748, 23.737746520181634 ], [ 91.784299201665377, 23.818283934409688 ], [ 91.772646886807195, 23.914848694752777 ], [ 91.77969960369505, 23.928071255297681 ], [ 91.752715295602414, 23.958523212916248 ], [ 91.747195778038005, 23.994985425327954 ], [ 91.753941855061171, 24.107978215438951 ], [ 91.743209459797043, 24.132419918264379 ], [ 91.75486177465524, 24.141635642280526 ], [ 91.757008253708051, 24.143639060544906 ], [ 91.746889138173316, 24.245012024722502 ], [ 91.815883107728354, 24.210152546922302 ], [ 91.841027576632854, 24.227381943995965 ], [ 91.847160373926641, 24.217364852674066 ], [ 91.837041258391892, 24.196929986377398 ], [ 91.859732608378891, 24.182505374873866 ], [ 91.882730598230566, 24.142437009586278 ], [ 91.903275469164726, 24.137628805751767 ], [ 91.923207060369521, 24.10918026639758 ], [ 91.924126979963589, 24.107978215438951 ], [ 91.969509679937559, 24.075522839556005 ], [ 91.968589760343491, 24.060296860746721 ], [ 91.993120949518627, 24.081533094349144 ], [ 92.002013505594604, 24.075122155903131 ], [ 92.006919743429634, 24.099563858728558 ], [ 92.030224373145998, 24.090348134712414 ], [ 92.050769244080158, 24.099964542381432 ], [ 92.073460594067157, 24.095557022199799 ], [ 92.05935516029146, 24.028642852169526 ], [ 92.073767233931846, 24.02263259737639 ], [ 92.086646108248786, 24.016622342583251 ], [ 92.086952748113475, 24.016622342583251 ], [ 92.085112908925339, 23.989776537840566 ] ] ] } },
{ "type": "Feature", "properties": { "dt_code": "707", "district": "Sipahijala", "st_code": "16", "year": "update2014", "st_nm": "Tripura", "state": "tripura" }, "geometry": { "type": "Polygon", "coordinates": [ [ [ 91.420011042414799, 23.374727130676085 ], [ 91.404985689045034, 23.368316192230072 ], [ 91.387507216757754, 23.355894998990919 ], [ 91.387507216757754, 23.325443041372353 ], [ 91.377694741087709, 23.32384030676085 ], [ 91.372481863387989, 23.308614327951567 ], [ 91.360216268800428, 23.294590400100908 ], [ 91.349483873536315, 23.285775359737638 ], [ 91.33415188030186, 23.278563053985874 ], [ 91.319739806661474, 23.277361003027245 ], [ 91.301954694509519, 23.278162370332996 ], [ 91.306860932344534, 23.29338834914228 ], [ 91.315753488420526, 23.289782196266398 ], [ 91.313607009367701, 23.301402022199799 ], [ 91.2884625404632, 23.314624582744703 ], [ 91.295821897215731, 23.338665601917256 ], [ 91.313300369503011, 23.340669020181636 ], [ 91.323419485037746, 23.363107304742684 ], [ 91.292755498568837, 23.355093631685168 ], [ 91.287542620869132, 23.376730548940465 ], [ 91.297355096539178, 23.382340120080727 ], [ 91.28355630262817, 23.383542171039355 ], [ 91.28355630262817, 23.418802332492433 ], [ 91.260558312776496, 23.452860442986882 ], [ 91.254732155347398, 23.486918553481331 ], [ 91.24124000130108, 23.485315818869829 ], [ 91.238480242518889, 23.498538379414732 ], [ 91.222228329690367, 23.494531542885973 ], [ 91.224681448607882, 23.510558889001011 ], [ 91.201990098620882, 23.514165041876893 ], [ 91.2130291337497, 23.547421785065591 ], [ 91.193097542544905, 23.54461699949546 ], [ 91.176232349987004, 23.591096303229062 ], [ 91.160900356752549, 23.594702456104944 ], [ 91.156914038511601, 23.670431666498487 ], [ 91.170712832422609, 23.656808422300706 ], [ 91.191257703356769, 23.655205687689204 ], [ 91.190951063492079, 23.647192014631685 ], [ 91.214562333073133, 23.656808422300706 ], [ 91.200150259432746, 23.664421411705348 ], [ 91.206896336455912, 23.68966448183653 ], [ 91.153541, 23.691267216448033 ], [ 91.156914038511601, 23.742154040363271 ], [ 91.208429535779359, 23.752171131685166 ], [ 91.226214647931329, 23.731736265388498 ], [ 91.243079840489216, 23.740150622098891 ], [ 91.276503585740329, 23.722921225025228 ], [ 91.296741816809799, 23.744958825933402 ], [ 91.313607009367701, 23.7217191740666 ], [ 91.317593327608662, 23.762188223007065 ], [ 91.370642024199867, 23.744958825933402 ], [ 91.386587297163686, 23.748965662462162 ], [ 91.388427136351822, 23.772205314328961 ], [ 91.435649675513943, 23.766996426841576 ], [ 91.440862553213648, 23.751770448032293 ], [ 91.473979658600072, 23.746962244197782 ], [ 91.506176844392414, 23.754575233602424 ], [ 91.56351849908927, 23.789835395055501 ], [ 91.563825138953959, 23.787831976791121 ], [ 91.564438418683338, 23.784626507568113 ], [ 91.569038016653678, 23.759784121089808 ], [ 91.570571215977125, 23.750568397073664 ], [ 91.5684247369243, 23.736945152875883 ], [ 91.567504817330232, 23.735743101917254 ], [ 91.537147470726012, 23.726928061553988 ], [ 91.53806739032008, 23.710900715438953 ], [ 91.531934593026293, 23.706092511604442 ], [ 91.525801795732519, 23.701284307769932 ], [ 91.507403403851171, 23.704890460645814 ], [ 91.503417085610224, 23.687661063572151 ], [ 91.46263398360658, 23.662818677093846 ], [ 91.432889916731739, 23.609127067608476 ], [ 91.397626332292504, 23.584685364783049 ], [ 91.40222593026283, 23.529391020686177 ], [ 91.375241622170194, 23.517771194752775 ], [ 91.392413454592784, 23.478904880423816 ], [ 91.37677482149364, 23.444446086276489 ], [ 91.388733776216512, 23.433627627648839 ], [ 91.385054097840253, 23.40357635368315 ], [ 91.419397762685421, 23.381939436427853 ], [ 91.420011042414799, 23.374727130676085 ] ] ] } },
{ "type": "Feature", "properties": { "dt_code": "709", "district": "Gomati", "st_code": "16", "year": "update2014", "st_nm": "Tripura", "state": "tripura" }, "geometry": { "type": "Polygon", "coordinates": [ [ [ 91.76743400910749, 23.688863114530779 ], [ 91.766820729378111, 23.687661063572151 ], [ 91.765287530054664, 23.684455594349142 ], [ 91.768967208430936, 23.67203440110999 ], [ 91.752408655737725, 23.651599534813322 ], [ 91.768967208430936, 23.64398654540868 ], [ 91.781232803018497, 23.55543545812311 ], [ 91.781846082747876, 23.551428621594351 ], [ 91.791965198282611, 23.543014264883958 ], [ 91.803617513140793, 23.529391020686177 ], [ 91.800857754358589, 23.518171878405653 ], [ 91.803924153005482, 23.515367092835522 ], [ 91.797791355711695, 23.489322655398588 ], [ 91.824775663804331, 23.467285054490414 ], [ 91.843174055685679, 23.424411903632695 ], [ 91.837654538121271, 23.371120977800203 ], [ 91.803924153005482, 23.332254663471243 ], [ 91.764367610460596, 23.309816378910192 ], [ 91.759768012490255, 23.282970574167507 ], [ 91.773873446265952, 23.269748013622603 ], [ 91.759154732760877, 23.266542544399599 ], [ 91.742596180067679, 23.262936391523713 ], [ 91.7419829003383, 23.263737758829468 ], [ 91.71959819021599, 23.289782196266398 ], [ 91.726037627374467, 23.313823215438951 ], [ 91.668695972677611, 23.356696366296671 ], [ 91.636805426749959, 23.352288846115037 ], [ 91.607674639604497, 23.40357635368315 ], [ 91.607061359875118, 23.403977037336023 ], [ 91.598168803799126, 23.386346956609486 ], [ 91.575170813947452, 23.383942854692229 ], [ 91.554012663283913, 23.407182506559032 ], [ 91.460180864689065, 23.395963364278508 ], [ 91.459567584959686, 23.393158578708377 ], [ 91.456807826177482, 23.379535334510596 ], [ 91.454354707259967, 23.368316192230072 ], [ 91.441169193078338, 23.368316192230072 ], [ 91.426450479573262, 23.377531916246216 ], [ 91.420011042414799, 23.374727130676085 ], [ 91.419397762685421, 23.381939436427853 ], [ 91.385054097840253, 23.40357635368315 ], [ 91.388733776216512, 23.433627627648839 ], [ 91.37677482149364, 23.444446086276489 ], [ 91.392413454592784, 23.478904880423816 ], [ 91.375241622170194, 23.517771194752775 ], [ 91.40222593026283, 23.529391020686177 ], [ 91.397626332292504, 23.584685364783049 ], [ 91.432889916731739, 23.609127067608476 ], [ 91.46263398360658, 23.662818677093846 ], [ 91.503417085610224, 23.687661063572151 ], [ 91.507403403851171, 23.704890460645814 ], [ 91.525801795732519, 23.701284307769932 ], [ 91.531934593026293, 23.706092511604442 ], [ 91.53806739032008, 23.710900715438953 ], [ 91.537147470726012, 23.726928061553988 ], [ 91.567504817330232, 23.735743101917254 ], [ 91.5684247369243, 23.736945152875883 ], [ 91.570571215977125, 23.750568397073664 ], [ 91.569038016653678, 23.759784121089808 ], [ 91.572411055165247, 23.760184804742686 ], [ 91.572717695029937, 23.762989590312817 ], [ 91.578543852459035, 23.760986172048437 ], [ 91.646924542284694, 23.768599161453078 ], [ 91.692613882123354, 23.757780702825428 ], [ 91.717145071298475, 23.768599161453078 ], [ 91.743822739526422, 23.729332163471241 ], [ 91.736156742909202, 23.703287726034311 ], [ 91.758234813166808, 23.683654227043391 ], [ 91.76743400910749, 23.688863114530779 ] ] ] } },
{ "type": "Feature", "properties": { "dt_code": "708", "district": "Khowai", "st_code": "16", "year": "update2014", "st_nm": "Tripura", "state": "tripura" }, "geometry": { "type": "Polygon", "coordinates": [ [ [ 91.75486177465524, 24.141635642280526 ], [ 91.743209459797043, 24.132419918264379 ], [ 91.753941855061171, 24.107978215438951 ], [ 91.747195778038005, 23.994985425327954 ], [ 91.752715295602414, 23.958523212916248 ], [ 91.77969960369505, 23.928071255297681 ], [ 91.772646886807195, 23.914848694752777 ], [ 91.784299201665377, 23.818283934409688 ], [ 91.771113687483748, 23.737746520181634 ], [ 91.777859764506914, 23.708897297174573 ], [ 91.76743400910749, 23.688863114530779 ], [ 91.758234813166808, 23.683654227043391 ], [ 91.736156742909202, 23.703287726034311 ], [ 91.743822739526422, 23.729332163471241 ], [ 91.717145071298475, 23.768599161453078 ], [ 91.692613882123354, 23.757780702825428 ], [ 91.646924542284694, 23.768599161453078 ], [ 91.578543852459035, 23.760986172048437 ], [ 91.572717695029937, 23.762989590312817 ], [ 91.572411055165247, 23.760184804742686 ], [ 91.569038016653678, 23.759784121089808 ], [ 91.564438418683338, 23.784626507568113 ], [ 91.563825138953959, 23.787831976791121 ], [ 91.564131778818648, 23.788232660443995 ], [ 91.55094626463702, 23.909239123612512 ], [ 91.531014673432225, 23.912043909182646 ], [ 91.539600589643527, 23.936084928355196 ], [ 91.530094753838171, 23.934882877396571 ], [ 91.518749078844664, 23.952913641775986 ], [ 91.521508837626868, 23.966136202320889 ], [ 91.496671008587057, 24.003800465691221 ], [ 91.492071410616717, 24.043868830978809 ], [ 91.46999334035911, 24.06149891170535 ], [ 91.486245253187633, 24.097159756811301 ], [ 91.495137809263611, 24.085139247225026 ], [ 91.539600589643527, 24.073118737638751 ], [ 91.58099697137655, 24.074320788597376 ], [ 91.5935692058288, 24.085940614530777 ], [ 91.590809447046595, 24.09635838950555 ], [ 91.607061359875118, 24.091550185671039 ], [ 91.630672629456171, 24.103170011604441 ], [ 91.63925854566746, 24.170484865287587 ], [ 91.65643037809005, 24.185310160443997 ], [ 91.646924542284694, 24.217364852674066 ], [ 91.663176455113216, 24.231789464177599 ], [ 91.682494766588619, 24.162471192230072 ], [ 91.69935995914652, 24.161669824924321 ], [ 91.726344267239156, 24.141234958627649 ], [ 91.75486177465524, 24.141635642280526 ] ] ] } },
{ "type": "Feature", "properties": { "dt_code": "289", "district": "West Tripura", "st_code": "16", "year": "2011_c", "st_nm": "Tripura", "state": "tripura" }, "geometry": { "type": "Polygon", "coordinates": [ [ [ 91.563825138953959, 23.787831976791121 ], [ 91.56351849908927, 23.789835395055501 ], [ 91.506176844392414, 23.754575233602424 ], [ 91.473979658600072, 23.746962244197782 ], [ 91.440862553213648, 23.751770448032293 ], [ 91.435649675513943, 23.766996426841576 ], [ 91.388427136351822, 23.772205314328961 ], [ 91.386587297163686, 23.748965662462162 ], [ 91.370642024199867, 23.744958825933402 ], [ 91.317593327608662, 23.762188223007065 ], [ 91.313607009367701, 23.7217191740666 ], [ 91.296741816809799, 23.744958825933402 ], [ 91.276503585740329, 23.722921225025228 ], [ 91.243079840489216, 23.740150622098891 ], [ 91.226214647931329, 23.731736265388498 ], [ 91.228054487119451, 23.792640180625632 ], [ 91.247679438459556, 23.82990376034309 ], [ 91.219468570908163, 23.879187849646822 ], [ 91.221001770231609, 23.892811093844603 ], [ 91.243079840489216, 23.90362955247225 ], [ 91.232960724954481, 23.920057582240162 ], [ 91.268530949258405, 23.92326305146317 ], [ 91.257491914129602, 23.942495866801213 ], [ 91.261478232370564, 23.953715009081737 ], [ 91.280183264116587, 23.982163548435924 ], [ 91.28386294249286, 23.967738936932392 ], [ 91.293062138433527, 23.971345089808274 ], [ 91.300421495186072, 23.997389527245208 ], [ 91.379227940411155, 23.974550559031282 ], [ 91.373401782982057, 24.002197731079718 ], [ 91.397013052563125, 24.047074300201817 ], [ 91.378308020817087, 24.079128992431887 ], [ 91.375854901899572, 24.105574113521698 ], [ 91.402839209992209, 24.109580950050454 ], [ 91.430130157949534, 24.106776164480323 ], [ 91.438102794431458, 24.093954287588296 ], [ 91.437796154566769, 24.101166593340061 ], [ 91.480725735623224, 24.093152920282545 ], [ 91.46999334035911, 24.06149891170535 ], [ 91.492071410616717, 24.043868830978809 ], [ 91.496671008587057, 24.003800465691221 ], [ 91.521508837626868, 23.966136202320889 ], [ 91.518749078844664, 23.952913641775986 ], [ 91.530094753838171, 23.934882877396571 ], [ 91.539600589643527, 23.936084928355196 ], [ 91.531014673432225, 23.912043909182646 ], [ 91.55094626463702, 23.909239123612512 ], [ 91.564131778818648, 23.788232660443995 ], [ 91.563825138953959, 23.787831976791121 ] ] ] } },
{ "type": "Feature", "properties": { "dt_code": "290", "district": "South Tripura", "st_code": "16", "year": "2011_c", "st_nm": "Tripura", "state": "tripura" }, "geometry": { "type": "Polygon", "coordinates": [ [ [ 91.319739806661474, 23.277361003027245 ], [ 91.33415188030186, 23.278563053985874 ], [ 91.349483873536315, 23.285775359737638 ], [ 91.360216268800428, 23.294590400100908 ], [ 91.372481863387989, 23.308614327951567 ], [ 91.377694741087709, 23.32384030676085 ], [ 91.387507216757754, 23.325443041372353 ], [ 91.387507216757754, 23.355894998990919 ], [ 91.404985689045034, 23.368316192230072 ], [ 91.420011042414799, 23.374727130676085 ], [ 91.426450479573262, 23.377531916246216 ], [ 91.441169193078338, 23.368316192230072 ], [ 91.454354707259967, 23.368316192230072 ], [ 91.456807826177482, 23.379535334510596 ], [ 91.459567584959686, 23.393158578708377 ], [ 91.460180864689065, 23.395963364278508 ], [ 91.554012663283913, 23.407182506559032 ], [ 91.575170813947452, 23.383942854692229 ], [ 91.598168803799126, 23.386346956609486 ], [ 91.607061359875118, 23.403977037336023 ], [ 91.607674639604497, 23.40357635368315 ], [ 91.636805426749959, 23.352288846115037 ], [ 91.668695972677611, 23.356696366296671 ], [ 91.726037627374467, 23.313823215438951 ], [ 91.71959819021599, 23.289782196266398 ], [ 91.7419829003383, 23.263737758829468 ], [ 91.742596180067679, 23.262936391523713 ], [ 91.759154732760877, 23.266542544399599 ], [ 91.776939844912846, 23.269748013622603 ], [ 91.776939844912846, 23.243703576185673 ], [ 91.791351918553232, 23.22647417911201 ], [ 91.789205439500407, 23.204436578203836 ], [ 91.814349908404907, 23.145135397578205 ], [ 91.813429988810839, 23.099056777497477 ], [ 91.83520141920377, 23.093447206357215 ], [ 91.805763992193619, 23.063395932391526 ], [ 91.774486725995331, 23.069406187184661 ], [ 91.780312883424429, 23.028937138244199 ], [ 91.768967208430936, 23.041358331483352 ], [ 91.771726967213127, 23.032943974772959 ], [ 91.71959819021599, 22.987266038345108 ], [ 91.693840441582111, 22.98806740565086 ], [ 91.684334605776755, 22.97724894702321 ], [ 91.65152414025502, 22.976046896064581 ], [ 91.645697982825936, 22.984861936427851 ], [ 91.619326954462679, 22.939184 ], [ 91.608901199063254, 22.957214764379415 ], [ 91.599702003122573, 22.954810662462162 ], [ 91.613194157168891, 22.958817498990918 ], [ 91.60614144028105, 22.972040059535825 ], [ 91.589582887587838, 22.976848263370332 ], [ 91.576397373406209, 22.965629121089808 ], [ 91.557385701795482, 22.978450997981838 ], [ 91.557079061930807, 22.996882446014126 ], [ 91.542360348425731, 22.999687231584261 ], [ 91.548186505854815, 23.019320730575178 ], [ 91.538374030184769, 23.019320730575178 ], [ 91.550332984907641, 23.038553545913221 ], [ 91.53040139370286, 23.038553545913221 ], [ 91.529788113973481, 23.091844471745713 ], [ 91.511389722092133, 23.104265664984865 ], [ 91.517522519385921, 23.125501898587288 ], [ 91.503110445745534, 23.130710786074673 ], [ 91.515069400468406, 23.145135397578205 ], [ 91.498510847775194, 23.142731295660948 ], [ 91.507096763986482, 23.154351121594349 ], [ 91.490844851157973, 23.157957274470235 ], [ 91.498204207910504, 23.171580518668012 ], [ 91.491764770752027, 23.177590773461151 ], [ 91.507403403851171, 23.183601028254291 ], [ 91.503110445745534, 23.192015384964684 ], [ 91.470606620088489, 23.196422905146317 ], [ 91.48256557481136, 23.200029058022199 ], [ 91.47520621805883, 23.220463924318871 ], [ 91.450368389019019, 23.219261873360242 ], [ 91.4702999802238, 23.227676230070635 ], [ 91.45772774577155, 23.246107678102927 ], [ 91.443928951860542, 23.246508361755804 ], [ 91.454048067395277, 23.260532289606459 ], [ 91.418171203226663, 23.255724085771948 ], [ 91.41970440255011, 23.273354166498486 ], [ 91.408665367421307, 23.285374676084764 ], [ 91.411118486338822, 23.255724085771948 ], [ 91.400386091074694, 23.265741177093844 ], [ 91.397319692427814, 23.2565254530777 ], [ 91.408665367421307, 23.247710412714429 ], [ 91.392413454592784, 23.246107678102927 ], [ 91.400999370804072, 23.229278964682141 ], [ 91.386280657298997, 23.227676230070635 ], [ 91.391800174863405, 23.220063240665993 ], [ 91.380761139734602, 23.20884409838547 ], [ 91.387507216757754, 23.208042731079718 ], [ 91.379841220140534, 23.184803079212916 ], [ 91.403145849856898, 23.113882072653887 ], [ 91.400079451210004, 23.096652675580224 ], [ 91.417251283632595, 23.083029431382442 ], [ 91.415718084309148, 23.062995248738648 ], [ 91.395786493104367, 23.056183626639758 ], [ 91.369722104605799, 23.07060823814329 ], [ 91.34672411475411, 23.102262246720485 ], [ 91.332925320843103, 23.153149070635724 ], [ 91.323112845173057, 23.158357958123108 ], [ 91.318513247202731, 23.244504943491425 ], [ 91.32648588368464, 23.25251861654894 ], [ 91.317899967473352, 23.252919300201818 ], [ 91.309927330991428, 23.276559635721494 ], [ 91.319739806661474, 23.277361003027245 ] ] ] } },
{ "type": "Feature", "properties": { "dt_code": "710", "district": "Unokoti", "st_code": "16", "year": "update2014", "st_nm": "Tripura", "state": "tripura" }, "geometry": { "type": "Polygon", "coordinates": [ [ [ 92.070087555555574, 24.376836946518669 ], [ 92.062728198803029, 24.312326878405653 ], [ 92.068860996096817, 24.30391252169526 ], [ 92.068247716367438, 24.270655778506558 ], [ 92.09707186364821, 24.263844156407671 ], [ 92.103817940671362, 24.237799718970738 ], [ 92.131722168358067, 24.219368270938446 ], [ 92.138161605516544, 24.19172109889001 ], [ 92.162079514962286, 24.20253955751766 ], [ 92.164532633879801, 24.20253955751766 ], [ 92.172198630497022, 24.190118364278508 ], [ 92.203782536559999, 24.182104691220989 ], [ 92.203475896695309, 24.168481447023211 ], [ 92.202249337236552, 24.157662988395561 ], [ 92.145214322404385, 24.117193939455095 ], [ 92.166985752797302, 24.102368644298689 ], [ 92.16514591360918, 24.095156338546921 ], [ 92.14276120348687, 24.040663361755804 ], [ 92.134481927140271, 24.032249005045408 ], [ 92.122216332552711, 24.038259259838547 ], [ 92.110564017694529, 24.023834648335015 ], [ 92.114243696070787, 24.005002516649849 ], [ 92.115776895394234, 23.998591578203836 ], [ 92.112710496747354, 23.994184058022199 ], [ 92.085112908925339, 23.989776537840566 ], [ 92.086952748113475, 24.016622342583251 ], [ 92.086646108248786, 24.016622342583251 ], [ 92.073767233931846, 24.02263259737639 ], [ 92.05935516029146, 24.028642852169526 ], [ 92.073460594067157, 24.095557022199799 ], [ 92.050769244080158, 24.099964542381432 ], [ 92.030224373145998, 24.090348134712414 ], [ 92.006919743429634, 24.099563858728558 ], [ 92.002013505594604, 24.075122155903131 ], [ 91.993120949518627, 24.081533094349144 ], [ 91.968589760343491, 24.060296860746721 ], [ 91.969509679937559, 24.075522839556005 ], [ 91.924126979963589, 24.107978215438951 ], [ 91.923207060369521, 24.10918026639758 ], [ 91.910021546187892, 24.141234958627649 ], [ 91.942218731980233, 24.263042789101917 ], [ 91.922287140775452, 24.337970632189709 ], [ 91.960003844132203, 24.358806182139254 ], [ 91.976869036690104, 24.33196037739657 ], [ 91.993734229248005, 24.328754908173561 ], [ 91.971656158990385, 24.383247884964682 ], [ 91.988214711683597, 24.380042415741677 ], [ 92.001093586000536, 24.395268394550961 ], [ 92.007839663023688, 24.384049252270433 ], [ 92.070087555555574, 24.376836946518669 ] ] ] } }
]
}
