{
  "type": "FeatureCollection",
  "features": [
    {
      "type": "Feature",
      "id": "LS_MIZORAM_2023.1",
      "geometry": {
        "type": "MultiPolygon",
        "coordinates": [
          [
            [
              [
                92.27190223,
                23.81599241
              ],
              [
                92.27190223,
                23.81657316
              ],
              [
                92.27217452,
                23.81657316
              ],
              [
                92.27217452,
                23.81599241
              ],
              [
                92.27190223,
                23.81599241
              ]
            ]
          ]
        ]
      },
      "geometry_name": "the_geom",
      "properties": {
        "Slide_no": "MZ/MA/84A05/2023/1",
        "State": "Mizoram",
        "District": "Mamit",
        "Toposheet": "84A05",
        "Latitude": 23.8163,
        "Longitude": 92.272,
        "Length_m": "34.109",
        "Width_m": "25.027",
        "Height_m": "8",
        "Area_sqm": 1202.75,
        "Activity": "Active",
        "GEOMORPHOL": "StrOri - Moderately Dissected Hills and Valleys",
        "LITHOLOGIC": "SHALE-SILTSTONE SEQUENCE WITH SANDSTONE",
        "LULC": "Forest Land Closed Forest Deciduous",
        "Triggering": "Rainfall",
        "Year": "2023",
        "Source": "Resourcesat-2 Liss IV, 10m MaptilerDEM, SISDP-LULC10K(2018-19), India-WRIS, GSI-Geom, GSI-Litho",
        "Basin": "Minor Rivers Draining into Bangladesh",
        "Sub_basin": "Karnaphuli & Others",
        "length_1": 34.109,
        "width_1": 25.027,
        "height_1": 8
      }
    },
    {
      "type": "Feature",
      "id": "LS_MIZORAM_2023.2",
      "geometry": {
        "type": "MultiPolygon",
        "coordinates": [
          [
            [
              [
                92.27002486,
                23.76818735
              ],
              [
                92.27002486,
                23.76856215
              ],
              [
                92.27045173,
                23.76856215
              ],
              [
                92.27045173,
                23.76818735
              ],
              [
                92.27002486,
                23.76818735
              ]
            ]
          ]
        ]
      },
      "geometry_name": "the_geom",
      "properties": {
        "Slide_no": "MZ/MA/84A05/2023/2",
        "State": "Mizoram",
        "District": "Mamit",
        "Toposheet": "84A05",
        "Latitude": 23.7684,
        "Longitude": 92.2704,
        "Length_m": "82.58",
        "Width_m": "29.711",
        "Height_m": "23",
        "Area_sqm": 1000.41,
        "Activity": "Active",
        "GEOMORPHOL": "StrOri - Moderately Dissected Hills and Valleys",
        "LITHOLOGIC": "SHALE-SILTSTONE SEQUENCE WITH SANDSTONE",
        "LULC": "Wasteland Dense Scrub Land",
        "Triggering": "Rainfall",
        "Year": "2023",
        "Source": "Resourcesat-2 Liss IV, 10m MaptilerDEM, SISDP-LULC10K(2018-19), India-WRIS, GSI-Geom, GSI-Litho",
        "Basin": "Minor Rivers Draining into Bangladesh",
        "Sub_basin": "Karnaphuli & Others",
        "length_1": 82.58,
        "width_1": 29.711,
        "height_1": 23
      }
    },
    {
      "type": "Feature",
      "id": "LS_MIZORAM_2023.3",
      "geometry": {
        "type": "MultiPolygon",
        "coordinates": [
          [
            [
              [
                92.27790401,
                23.77793785
              ],
              [
                92.27790401,
                23.77856727
              ],
              [
                92.2784668,
                23.77856727
              ],
              [
                92.2784668,
                23.77793785
              ],
              [
                92.27790401,
                23.77793785
              ]
            ]
          ]
        ]
      },
      "geometry_name": "the_geom",
      "properties": {
        "Slide_no": "MZ/MA/84A05/2023/3",
        "State": "Mizoram",
        "District": "Mamit",
        "Toposheet": "84A05",
        "Latitude": 23.7783,
        "Longitude": 92.2782,
        "Length_m": "78.652",
        "Width_m": "31.859",
        "Height_m": "18",
        "Area_sqm": 2022.85,
        "Activity": "Active",
        "GEOMORPHOL": "StrOri - Moderately Dissected Hills and Valleys",
        "LITHOLOGIC": "SHALE-SILTSTONE SEQUENCE WITH SANDSTONE",
        "LULC": "Forest Land Closed Forest Deciduous",
        "Triggering": "Rainfall",
        "Year": "2023",
        "Source": "Resourcesat-2 Liss IV, 10m MaptilerDEM, SISDP-LULC10K(2018-19), India-WRIS, GSI-Geom, GSI-Litho",
        "Basin": "Minor Rivers Draining into Bangladesh",
        "Sub_basin": "Karnaphuli & Others",
        "length_1": 78.652,
        "width_1": 31.859,
        "height_1": 18
      }
    },
    {
      "type": "Feature",
      "id": "LS_MIZORAM_2023.4",
      "geometry": {
        "type": "MultiPolygon",
        "coordinates": [
          [
            [
              [
                92.29415391,
                23.79510765
              ],
              [
                92.29415391,
                23.7954875
              ],
              [
                92.29483055,
                23.7954875
              ],
              [
                92.29483055,
                23.79510765
              ],
              [
                92.29415391,
                23.79510765
              ]
            ]
          ]
        ]
      },
      "geometry_name": "the_geom",
      "properties": {
        "Slide_no": "MZ/MA/84A05/2023/4",
        "State": "Mizoram",
        "District": "Mamit",
        "Toposheet": "84A05",
        "Latitude": 23.7953,
        "Longitude": 92.2945,
        "Length_m": "76.418",
        "Width_m": "22.178",
        "Height_m": "31",
        "Area_sqm": 1241.71,
        "Activity": "Active",
        "GEOMORPHOL": "Strike Ridge",
        "LITHOLOGIC": "SHALE,SILTSTONE,MUDSTONE,SANDSTONE WITH MINOR COAL",
        "LULC": "Forest Land Closed Forest Deciduous",
        "Triggering": "Rainfall",
        "Year": "2023",
        "Source": "Resourcesat-2 Liss IV, 10m MaptilerDEM, SISDP-LULC10K(2018-19), India-WRIS, GSI-Geom, GSI-Litho",
        "Basin": "Minor Rivers Draining into Bangladesh",
        "Sub_basin": "Karnaphuli & Others",
        "length_1": 76.418,
        "width_1": 22.178,
        "height_1": 31
      }
    },
    {
      "type": "Feature",
      "id": "LS_MIZORAM_2023.5",
      "geometry": {
        "type": "MultiPolygon",
        "coordinates": [
          [
            [
              [
                92.37810627,
                23.90265002
              ],
              [
                92.37810627,
                23.90398513
              ],
              [
                92.37977223,
                23.90398513
              ],
              [
                92.37977223,
                23.90265002
              ],
              [
                92.37810627,
                23.90265002
              ]
            ]
          ]
        ]
      },
      "geometry_name": "the_geom",
      "properties": {
        "Slide_no": "MZ/MA/84A05/2023/5",
        "State": "Mizoram",
        "District": "Mamit",
        "Toposheet": "84A05",
        "Latitude": 23.9035,
        "Longitude": 92.3787,
        "Length_m": "43.184",
        "Width_m": "14.864",
        "Height_m": "9",
        "Area_sqm": 9464.98,
        "Activity": "Active",
        "GEOMORPHOL": "Antiformal Hill",
        "LITHOLOGIC": "SHALE-SILTSTONE SEQUENCE WITH SANDSTONE",
        "LULC": "Wasteland Sparse Scrub Land",
        "Triggering": "Rainfall",
        "Year": "2023",
        "Source": "Resourcesat-2 Liss IV, 10m MaptilerDEM, SISDP-LULC10K(2018-19), India-WRIS, GSI-Geom, GSI-Litho",
        "Basin": "Barak & Others",
        "Sub_basin": "Barak",
        "length_1": 43.184,
        "width_1": 14.864,
        "height_1": 9
      }
    },
    {
      "type": "Feature",
      "id": "LS_MIZORAM_2023.6",
      "geometry": {
        "type": "MultiPolygon",
        "coordinates": [
          [
            [
              [
                92.26596474,
                23.81700754
              ],
              [
                92.26596474,
                23.81758734
              ],
              [
                92.26638031,
                23.81758734
              ],
              [
                92.26638031,
                23.81700754
              ],
              [
                92.26596474,
                23.81700754
              ]
            ]
          ]
        ]
      },
      "geometry_name": "the_geom",
      "properties": {
        "Slide_no": "MZ/MA/84A05/2023/6",
        "State": "Mizoram",
        "District": "Mamit",
        "Toposheet": "84A05",
        "Latitude": 23.8173,
        "Longitude": 92.2662,
        "Length_m": "68.23",
        "Width_m": "20.32",
        "Height_m": "4",
        "Area_sqm": 1119.58,
        "Activity": "Active",
        "GEOMORPHOL": "Antiformal Hill",
        "LITHOLOGIC": "SHALE-SILTSTONE SEQUENCE WITH SANDSTONE",
        "LULC": "Forest Land Open Forest Semi-Evergreen",
        "Triggering": "Rainfall",
        "Year": "2023",
        "Source": "Resourcesat-2 Liss IV, 10m MaptilerDEM, SISDP-LULC10K(2018-19), India-WRIS, GSI-Geom, GSI-Litho",
        "Basin": "Barak & Others",
        "Sub_basin": "Barak",
        "length_1": 68.23,
        "width_1": 20.32,
        "height_1": 4
      }
    },
    {
      "type": "Feature",
      "id": "LS_MIZORAM_2023.7",
      "geometry": {
        "type": "MultiPolygon",
        "coordinates": [
          [
            [
              [
                92.26687916,
                23.8206076
              ],
              [
                92.26687916,
                23.82111024
              ],
              [
                92.26730746,
                23.82111024
              ],
              [
                92.26730746,
                23.8206076
              ],
              [
                92.26687916,
                23.8206076
              ]
            ]
          ]
        ]
      },
      "geometry_name": "the_geom",
      "properties": {
        "Slide_no": "MZ/MA/84A05/2023/7",
        "State": "Mizoram",
        "District": "Mamit",
        "Toposheet": "84A05",
        "Latitude": 23.8209,
        "Longitude": 92.2671,
        "Length_m": "39.62",
        "Width_m": "23.66",
        "Height_m": "3",
        "Area_sqm": 1152.9,
        "Activity": "Active",
        "GEOMORPHOL": "Antiformal Hill",
        "LITHOLOGIC": "SHALE-SILTSTONE SEQUENCE WITH SANDSTONE",
        "LULC": "Forest Land Open Forest Semi-Evergreen",
        "Triggering": "Rainfall",
        "Year": "2023",
        "Source": "Resourcesat-2 Liss IV, 10m MaptilerDEM, SISDP-LULC10K(2018-19), India-WRIS, GSI-Geom, GSI-Litho",
        "Basin": "Barak & Others",
        "Sub_basin": "Barak",
        "length_1": 39.62,
        "width_1": 23.66,
        "height_1": 3
      }
    },
    {
      "type": "Feature",
      "id": "LS_MIZORAM_2023.8",
      "geometry": {
        "type": "MultiPolygon",
        "coordinates": [
          [
            [
              [
                92.35943769,
                23.68922122
              ],
              [
                92.35943769,
                23.6895417
              ],
              [
                92.35974596,
                23.6895417
              ],
              [
                92.35974596,
                23.68922122
              ],
              [
                92.35943769,
                23.68922122
              ]
            ]
          ]
        ]
      },
      "geometry_name": "the_geom",
      "properties": {
        "Slide_no": "MZ/MA/84A06/2023/1",
        "State": "Mizoram",
        "District": "Mamit",
        "Toposheet": "84A06",
        "Latitude": 23.6894,
        "Longitude": 92.3596,
        "Length_m": "34.866",
        "Width_m": "26.117",
        "Height_m": "16",
        "Area_sqm": 725.807,
        "Activity": "Active",
        "GEOMORPHOL": "StrOri - Highly Dissected Hills and Valleys",
        "LITHOLOGIC": "SHALE-SILTSTONE SEQUENCE WITH SANDSTONE",
        "LULC": "Forest Land Closed Forest Semi-Evergreen",
        "Triggering": "Rainfall",
        "Year": "2023",
        "Source": "Resourcesat-2 Liss IV, 10m MaptilerDEM, SISDP-LULC10k(2018-19), India-WRIS, GSI-Geom, GSI-Litho",
        "Basin": "Minor Rivers Draining into Bangladesh",
        "Sub_basin": "Karnaphuli & Others",
        "length_1": 34.866,
        "width_1": 26.117,
        "height_1": 16
      }
    },
    {
      "type": "Feature",
      "id": "LS_MIZORAM_2023.9",
      "geometry": {
        "type": "MultiPolygon",
        "coordinates": [
          [
            [
              [
                92.48024162,
                23.62787217
              ],
              [
                92.48024162,
                23.62823003
              ],
              [
                92.48052784,
                23.62823003
              ],
              [
                92.48052784,
                23.62787217
              ],
              [
                92.48024162,
                23.62787217
              ]
            ]
          ]
        ]
      },
      "geometry_name": "the_geom",
      "properties": {
        "Slide_no": "MZ/MA/84A06/2023/2",
        "State": "Mizoram",
        "District": "Mamit",
        "Toposheet": "84A06",
        "Latitude": 23.628,
        "Longitude": 92.4804,
        "Length_m": "46.205",
        "Width_m": "19.004",
        "Height_m": "17",
        "Area_sqm": 683.64,
        "Activity": "Active",
        "GEOMORPHOL": "Antiformal Hill",
        "LITHOLOGIC": "SST WITH SUBORDINATE SILTSTONE,MUDSTONE, SHALE",
        "LULC": "Forest Land Closed Forest Deciduous",
        "Triggering": "Rainfall",
        "Year": "2023",
        "Source": "Resourcesat-2 Liss IV, 10m MaptilerDEM, SISDP-LULC10k(2018-19), India-WRIS, GSI-Geom, GSI-Litho",
        "Basin": "Barak & Others",
        "Sub_basin": "Barak",
        "length_1": 46.205,
        "width_1": 19.004,
        "height_1": 17
      }
    },
    {
      "type": "Feature",
      "id": "LS_MIZORAM_2023.10",
      "geometry": {
        "type": "MultiPolygon",
        "coordinates": [
          [
            [
              [
                92.3736915,
                23.65124094
              ],
              [
                92.3736915,
                23.65147631
              ],
              [
                92.37396752,
                23.65147631
              ],
              [
                92.37396752,
                23.65124094
              ],
              [
                92.3736915,
                23.65124094
              ]
            ]
          ]
        ]
      },
      "geometry_name": "the_geom",
      "properties": {
        "Slide_no": "MZ/MA/84A06/2023/3",
        "State": "Mizoram",
        "District": "Mamit",
        "Toposheet": "84A06",
        "Latitude": 23.6514,
        "Longitude": 92.3738,
        "Length_m": "35.729",
        "Width_m": "18.888",
        "Height_m": "13",
        "Area_sqm": 497.244,
        "Activity": "Active",
        "GEOMORPHOL": "StrOri - Highly Dissected Hills and Valleys",
        "LITHOLOGIC": "SHALE-SILTSTONE SEQUENCE WITH SANDSTONE",
        "LULC": "Forest Land Closed Forest Deciduous",
        "Triggering": "Rainfall",
        "Year": "2023",
        "Source": "Resourcesat-2 Liss IV, 10m MaptilerDEM, SISDP-LULC10k(2018-19), India-WRIS, GSI-Geom, GSI-Litho",
        "Basin": "Minor Rivers Draining into Bangladesh",
        "Sub_basin": "Karnaphuli & Others",
        "length_1": 35.729,
        "width_1": 18.888,
        "height_1": 13
      }
    },
    {
      "type": "Feature",
      "id": "LS_MIZORAM_2023.11",
      "geometry": {
        "type": "MultiPolygon",
        "coordinates": [
          [
            [
              [
                92.39562411,
                23.6132673
              ],
              [
                92.39562411,
                23.61362402
              ],
              [
                92.39593014,
                23.61362402
              ],
              [
                92.39593014,
                23.6132673
              ],
              [
                92.39562411,
                23.6132673
              ]
            ]
          ]
        ]
      },
      "geometry_name": "the_geom",
      "properties": {
        "Slide_no": "MZ/MA/84A06/2023/4",
        "State": "Mizoram",
        "District": "Mamit",
        "Toposheet": "84A06",
        "Latitude": 23.6135,
        "Longitude": 92.3958,
        "Length_m": "47.023",
        "Width_m": "19.939",
        "Height_m": "7",
        "Area_sqm": 721.933,
        "Activity": "Active",
        "GEOMORPHOL": "StrOri - Highly Dissected Hills and Valleys",
        "LITHOLOGIC": "SHALE,SILTSTONE,MUDSTONE,SANDSTONE WITH MINOR COAL",
        "LULC": "Forest Land Open Forest Semi-Evergreen",
        "Triggering": "Rainfall",
        "Year": "2023",
        "Source": "Resourcesat-2 Liss IV, 10m MaptilerDEM, SISDP-LULC10k(2018-19), India-WRIS, GSI-Geom, GSI-Litho",
        "Basin": "Minor Rivers Draining into Bangladesh",
        "Sub_basin": "Karnaphuli & Others",
        "length_1": 47.023,
        "width_1": 19.939,
        "height_1": 7
      }
    },
    {
      "type": "Feature",
      "id": "LS_MIZORAM_2023.12",
      "geometry": {
        "type": "MultiPolygon",
        "coordinates": [
          [
            [
              [
                92.48561581,
                23.57882996
              ],
              [
                92.48561581,
                23.57910292
              ],
              [
                92.48601045,
                23.57910292
              ],
              [
                92.48601045,
                23.57882996
              ],
              [
                92.48561581,
                23.57882996
              ]
            ]
          ]
        ]
      },
      "geometry_name": "the_geom",
      "properties": {
        "Slide_no": "MZ/MA/84A06/2023/5",
        "State": "Mizoram",
        "District": "Mamit",
        "Toposheet": "84A06",
        "Latitude": 23.579,
        "Longitude": 92.4858,
        "Length_m": "45.804",
        "Width_m": "19.283",
        "Height_m": "9",
        "Area_sqm": 668.106,
        "Activity": "Active",
        "GEOMORPHOL": "Antiformal Hill",
        "LITHOLOGIC": "SHALE-SILTSTONE SEQUENCE WITH SANDSTONE",
        "LULC": "Forest Land Closed Forest Deciduous",
        "Triggering": "Rainfall",
        "Year": "2023",
        "Source": "Resourcesat-2 Liss IV, 10m MaptilerDEM, SISDP-LULC10k(2018-19), India-WRIS, GSI-Geom, GSI-Litho",
        "Basin": "Barak & Others",
        "Sub_basin": "Barak",
        "length_1": 45.804,
        "width_1": 19.283,
        "height_1": 9
      }
    },
    {
      "type": "Feature",
      "id": "LS_MIZORAM_2023.13",
      "geometry": {
        "type": "MultiPolygon",
        "coordinates": [
          [
            [
              [
                92.45899274,
                23.52193618
              ],
              [
                92.45899274,
                23.52253538
              ],
              [
                92.45955264,
                23.52253538
              ],
              [
                92.45955264,
                23.52193618
              ],
              [
                92.45899274,
                23.52193618
              ]
            ]
          ]
        ]
      },
      "geometry_name": "the_geom",
      "properties": {
        "Slide_no": "MZ/MA/84A06/2023/6",
        "State": "Mizoram",
        "District": "Mamit",
        "Toposheet": "84A06",
        "Latitude": 23.5222,
        "Longitude": 92.4592,
        "Length_m": "82.059",
        "Width_m": "25.206",
        "Height_m": "19",
        "Area_sqm": 1559.25,
        "Activity": "Active",
        "GEOMORPHOL": "Antiformal Hill",
        "LITHOLOGIC": "SHALE, SILTSTONE WITH  COAL AND SANDSTONE",
        "LULC": "Forest Land Closed Forest Deciduous",
        "Triggering": "Rainfall",
        "Year": "2023",
        "Source": "Resourcesat-2 Liss IV, 10m MaptilerDEM, SISDP-LULC10k(2018-19), India-WRIS, GSI-Geom, GSI-Litho",
        "Basin": "Minor Rivers Draining into Bangladesh",
        "Sub_basin": "Karnaphuli & Others",
        "length_1": 82.059,
        "width_1": 25.206,
        "height_1": 19
      }
    },
    {
      "type": "Feature",
      "id": "LS_MIZORAM_2023.14",
      "geometry": {
        "type": "MultiPolygon",
        "coordinates": [
          [
            [
              [
                92.39647728,
                23.51145975
              ],
              [
                92.39647728,
                23.51209325
              ],
              [
                92.39673155,
                23.51209325
              ],
              [
                92.39673155,
                23.51145975
              ],
              [
                92.39647728,
                23.51145975
              ]
            ]
          ]
        ]
      },
      "geometry_name": "the_geom",
      "properties": {
        "Slide_no": "MZ/MA/84A06/2023/7",
        "State": "Mizoram",
        "District": "Mamit",
        "Toposheet": "84A06",
        "Latitude": 23.5118,
        "Longitude": 92.3966,
        "Length_m": "70.2",
        "Width_m": "22.929",
        "Height_m": "20",
        "Area_sqm": 1203.3,
        "Activity": "Active",
        "GEOMORPHOL": "StrOri - Highly Dissected Hills and Valleys",
        "LITHOLOGIC": "SST WITH SUBORDINATE SILTSTONE,MUDSTONE, SHALE",
        "LULC": "Forest Land Closed Forest Semi-Evergreen",
        "Triggering": "Rainfall",
        "Year": "2023",
        "Source": "Resourcesat-2 Liss IV, 10m MaptilerDEM, SISDP-LULC10k(2018-19), India-WRIS, GSI-Geom, GSI-Litho",
        "Basin": "Minor Rivers Draining into Bangladesh",
        "Sub_basin": "Karnaphuli & Others",
        "length_1": 70.2,
        "width_1": 22.929,
        "height_1": 20
      }
    },
    {
      "type": "Feature",
      "id": "LS_MIZORAM_2023.15",
      "geometry": {
        "type": "MultiPolygon",
        "coordinates": [
          [
            [
              [
                92.34309246,
                23.64146479
              ],
              [
                92.34309246,
                23.64173651
              ],
              [
                92.34334162,
                23.64173651
              ],
              [
                92.34334162,
                23.64146479
              ],
              [
                92.34309246,
                23.64146479
              ]
            ]
          ]
        ]
      },
      "geometry_name": "the_geom",
      "properties": {
        "Slide_no": "MZ/MA/84A06/2023/8",
        "State": "Mizoram",
        "District": "Mamit",
        "Toposheet": "84A06",
        "Latitude": 23.6416,
        "Longitude": 92.3432,
        "Length_m": "29.868",
        "Width_m": "24.236",
        "Height_m": "9",
        "Area_sqm": 595.367,
        "Activity": "Active",
        "GEOMORPHOL": "Ridge",
        "LITHOLOGIC": "SST WITH SUBORDINATE SILTSTONE,MUDSTONE, SHALE",
        "LULC": "Forest Land Closed Forest Semi-Evergreen",
        "Triggering": "Rainfall",
        "Year": "2023",
        "Source": "Resourcesat-2 Liss IV, 10m MaptilerDEM, SISDP-LULC10k(2018-19), India-WRIS, GSI-Geom, GSI-Litho",
        "Basin": "Minor Rivers Draining into Bangladesh",
        "Sub_basin": "Karnaphuli & Others",
        "length_1": 29.868,
        "width_1": 24.236,
        "height_1": 9
      }
    },
    {
      "type": "Feature",
      "id": "LS_MIZORAM_2023.16",
      "geometry": {
        "type": "MultiPolygon",
        "coordinates": [
          [
            [
              [
                92.40703027,
                23.61776421
              ],
              [
                92.40703027,
                23.61810282
              ],
              [
                92.40796975,
                23.61810282
              ],
              [
                92.40796975,
                23.61776421
              ],
              [
                92.40703027,
                23.61776421
              ]
            ]
          ]
        ]
      },
      "geometry_name": "the_geom",
      "properties": {
        "Slide_no": "MZ/MA/84A06/2023/9",
        "State": "Mizoram",
        "District": "Mamit",
        "Toposheet": "84A06",
        "Latitude": 23.6179,
        "Longitude": 92.4075,
        "Length_m": "96.565",
        "Width_m": "24.032",
        "Height_m": "45",
        "Area_sqm": 1813.32,
        "Activity": "Active",
        "GEOMORPHOL": "StrOri - Highly Dissected Hills and Valleys",
        "LITHOLOGIC": "SHALE-SILTSTONE SEQUENCE WITH SANDSTONE",
        "LULC": "Forest Land Closed Forest Semi-Evergreen",
        "Triggering": "Rainfall",
        "Year": "2023",
        "Source": "Resourcesat-2 Liss IV, 10m MaptilerDEM, SISDP-LULC10k(2018-19), India-WRIS, GSI-Geom, GSI-Litho",
        "Basin": "Minor Rivers Draining into Bangladesh",
        "Sub_basin": "Karnaphuli & Others",
        "length_1": 96.565,
        "width_1": 24.032,
        "height_1": 45
      }
    },
    {
      "type": "Feature",
      "id": "LS_MIZORAM_2023.17",
      "geometry": {
        "type": "MultiPolygon",
        "coordinates": [
          [
            [
              [
                92.46226884,
                23.60363639
              ],
              [
                92.46226884,
                23.60410574
              ],
              [
                92.46282601,
                23.60410574
              ],
              [
                92.46282601,
                23.60363639
              ],
              [
                92.46226884,
                23.60363639
              ]
            ]
          ]
        ]
      },
      "geometry_name": "the_geom",
      "properties": {
        "Slide_no": "MZ/MA/84A06/2023/10",
        "State": "Mizoram",
        "District": "Mamit",
        "Toposheet": "84A06",
        "Latitude": 23.6039,
        "Longitude": 92.4643,
        "Length_m": "33.338",
        "Width_m": "21.745",
        "Height_m": "13",
        "Area_sqm": 2007.99,
        "Activity": "Active",
        "GEOMORPHOL": "Antiformal Hill",
        "LITHOLOGIC": "SHALE-SILTSTONE SEQUENCE WITH SANDSTONE",
        "LULC": "Forest Land Open Forest Semi-Evergreen",
        "Triggering": "Rainfall",
        "Year": "2023",
        "Source": "Resourcesat-2 Liss IV, 10m MaptilerDEM, SISDP-LULC10k(2018-19), India-WRIS, GSI-Geom, GSI-Litho",
        "Basin": "Barak & Others",
        "Sub_basin": "Barak",
        "length_1": 33.338,
        "width_1": 21.745,
        "height_1": 13
      }
    },
    {
      "type": "Feature",
      "id": "LS_MIZORAM_2023.18",
      "geometry": {
        "type": "MultiPolygon",
        "coordinates": [
          [
            [
              [
                92.46687509,
                23.59255799
              ],
              [
                92.46687509,
                23.59278753
              ],
              [
                92.46708243,
                23.59278753
              ],
              [
                92.46708243,
                23.59255799
              ],
              [
                92.46687509,
                23.59255799
              ]
            ]
          ]
        ]
      },
      "geometry_name": "the_geom",
      "properties": {
        "Slide_no": "MZ/MA/84A06/2023/11",
        "State": "Mizoram",
        "District": "Mamit",
        "Toposheet": "84A06",
        "Latitude": 23.5927,
        "Longitude": 92.467,
        "Length_m": "23.886",
        "Width_m": "20.341",
        "Height_m": "4",
        "Area_sqm": 376.592,
        "Activity": "Active",
        "GEOMORPHOL": "Antiformal Hill",
        "LITHOLOGIC": "SHALE-SILTSTONE SEQUENCE WITH SANDSTONE",
        "LULC": "Forest Land Closed Forest Deciduous",
        "Triggering": "Rainfall",
        "Year": "2023",
        "Source": "Resourcesat-2 Liss IV, 10m MaptilerDEM, SISDP-LULC10k(2018-19), India-WRIS, GSI-Geom, GSI-Litho",
        "Basin": "Barak & Others",
        "Sub_basin": "Barak",
        "length_1": 23.886,
        "width_1": 20.341,
        "height_1": 4
      }
    },
    {
      "type": "Feature",
      "id": "LS_MIZORAM_2023.19",
      "geometry": {
        "type": "MultiPolygon",
        "coordinates": [
          [
            [
              [
                92.38929043,
                23.63612816
              ],
              [
                92.38929043,
                23.63646394
              ],
              [
                92.38977186,
                23.63646394
              ],
              [
                92.38977186,
                23.63612816
              ],
              [
                92.38929043,
                23.63612816
              ]
            ]
          ]
        ]
      },
      "geometry_name": "the_geom",
      "properties": {
        "Slide_no": "MZ/MA/84A06/2023/12",
        "State": "Mizoram",
        "District": "Mamit",
        "Toposheet": "84A06",
        "Latitude": 23.6363,
        "Longitude": 92.3897,
        "Length_m": "70.751",
        "Width_m": "37.353",
        "Height_m": "48",
        "Area_sqm": 1199.54,
        "Activity": "Active",
        "GEOMORPHOL": "StrOri - Highly Dissected Hills and Valleys",
        "LITHOLOGIC": "SST WITH SUBORDINATE SILTSTONE,MUDSTONE, SHALE",
        "LULC": "Forest Land Open Forest Semi-Evergreen",
        "Triggering": "Rainfall",
        "Year": "2023",
        "Source": "Resourcesat-2 Liss IV, 10m MaptilerDEM, SISDP-LULC10k(2018-19), India-WRIS, GSI-Geom, GSI-Litho",
        "Basin": "Minor Rivers Draining into Bangladesh",
        "Sub_basin": "Karnaphuli & Others",
        "length_1": 70.751,
        "width_1": 37.353,
        "height_1": 48
      }
    },
    {
      "type": "Feature",
      "id": "LS_MIZORAM_2023.20",
      "geometry": {
        "type": "MultiPolygon",
        "coordinates": [
          [
            [
              [
                92.41312832,
                23.62492124
              ],
              [
                92.41312832,
                23.62543641
              ],
              [
                92.41344093,
                23.62543641
              ],
              [
                92.41344093,
                23.62492124
              ],
              [
                92.41312832,
                23.62492124
              ]
            ]
          ]
        ]
      },
      "geometry_name": "the_geom",
      "properties": {
        "Slide_no": "MZ/MA/84A06/2023/13",
        "State": "Mizoram",
        "District": "Mamit",
        "Toposheet": "84A06",
        "Latitude": 23.6252,
        "Longitude": 92.4133,
        "Length_m": "63.321",
        "Width_m": "22.409",
        "Height_m": "7",
        "Area_sqm": 981.185,
        "Activity": "Active",
        "GEOMORPHOL": "StrOri - Highly Dissected Hills and Valleys",
        "LITHOLOGIC": "SHALE-SILTSTONE SEQUENCE WITH SANDSTONE",
        "LULC": "Forest Land Closed Forest Semi-Evergreen",
        "Triggering": "Rainfall",
        "Year": "2023",
        "Source": "Resourcesat-2 Liss IV, 10m MaptilerDEM, SISDP-LULC10k(2018-19), India-WRIS, GSI-Geom, GSI-Litho",
        "Basin": "Minor Rivers Draining into Bangladesh",
        "Sub_basin": "Karnaphuli & Others",
        "length_1": 63.321,
        "width_1": 22.409,
        "height_1": 7
      }
    },
    {
      "type": "Feature",
      "id": "LS_MIZORAM_2023.21",
      "geometry": {
        "type": "MultiPolygon",
        "coordinates": [
          [
            [
              [
                92.41360349,
                23.60488445
              ],
              [
                92.41360349,
                23.60552813
              ],
              [
                92.41430518,
                23.60552813
              ],
              [
                92.41430518,
                23.60488445
              ],
              [
                92.41360349,
                23.60488445
              ]
            ]
          ]
        ]
      },
      "geometry_name": "the_geom",
      "properties": {
        "Slide_no": "MZ/MA/84A06/2023/14",
        "State": "Mizoram",
        "District": "Mamit",
        "Toposheet": "84A06",
        "Latitude": 23.6052,
        "Longitude": 92.4139,
        "Length_m": "85.428",
        "Width_m": "33.199",
        "Height_m": "24",
        "Area_sqm": 2436.16,
        "Activity": "Active",
        "GEOMORPHOL": "StrOri - Highly Dissected Hills and Valleys",
        "LITHOLOGIC": "SHALE-SILTSTONE SEQUENCE WITH SANDSTONE",
        "LULC": "Forest Land Closed Forest Semi-Evergreen",
        "Triggering": "Rainfall",
        "Year": "2023",
        "Source": "Resourcesat-2 Liss IV, 10m MaptilerDEM, SISDP-LULC10k(2018-19), India-WRIS, GSI-Geom, GSI-Litho",
        "Basin": "Minor Rivers Draining into Bangladesh",
        "Sub_basin": "Karnaphuli & Others",
        "length_1": 85.428,
        "width_1": 33.199,
        "height_1": 24
      }
    },
    {
      "type": "Feature",
      "id": "LS_MIZORAM_2023.22",
      "geometry": {
        "type": "MultiPolygon",
        "coordinates": [
          [
            [
              [
                92.3576932,
                23.5946868
              ],
              [
                92.3576932,
                23.59511471
              ],
              [
                92.35836355,
                23.59511471
              ],
              [
                92.35836355,
                23.5946868
              ],
              [
                92.3576932,
                23.5946868
              ]
            ]
          ]
        ]
      },
      "geometry_name": "the_geom",
      "properties": {
        "Slide_no": "MZ/MA/84A06/2023/15",
        "State": "Mizoram",
        "District": "Mamit",
        "Toposheet": "84A06",
        "Latitude": 23.5949,
        "Longitude": 92.358,
        "Length_m": "78.169",
        "Width_m": "27.515",
        "Height_m": "42",
        "Area_sqm": 1600.31,
        "Activity": "Active",
        "GEOMORPHOL": "StrOri - Highly Dissected Hills and Valleys",
        "LITHOLOGIC": "SST WITH SUBORDINATE SILTSTONE,MUDSTONE, SHALE",
        "LULC": "Forest Land Open Forest Semi-Evergreen",
        "Triggering": "Rainfall",
        "Year": "2023",
        "Source": "Resourcesat-2 Liss IV, 10m MaptilerDEM, SISDP-LULC10k(2018-19), India-WRIS, GSI-Geom, GSI-Litho",
        "Basin": "Minor Rivers Draining into Bangladesh",
        "Sub_basin": "Karnaphuli & Others",
        "length_1": 78.169,
        "width_1": 27.515,
        "height_1": 42
      }
    },
    {
      "type": "Feature",
      "id": "LS_MIZORAM_2023.23",
      "geometry": {
        "type": "MultiPolygon",
        "coordinates": [
          [
            [
              [
                92.41168039,
                23.58063931
              ],
              [
                92.41168039,
                23.58118077
              ],
              [
                92.41295755,
                23.58118077
              ],
              [
                92.41295755,
                23.58063931
              ],
              [
                92.41168039,
                23.58063931
              ]
            ]
          ]
        ]
      },
      "geometry_name": "the_geom",
      "properties": {
        "Slide_no": "MZ/MA/84A06/2023/16",
        "State": "Mizoram",
        "District": "Mamit",
        "Toposheet": "84A06",
        "Latitude": 23.5809,
        "Longitude": 92.4123,
        "Length_m": "136.021",
        "Width_m": "32.548",
        "Height_m": "85",
        "Area_sqm": 3341.74,
        "Activity": "Active",
        "GEOMORPHOL": "StrOri - Highly Dissected Hills and Valleys",
        "LITHOLOGIC": "SHALE-SILTSTONE SEQUENCE WITH SANDSTONE",
        "LULC": "Forest Land Closed Forest Semi-Evergreen",
        "Triggering": "Rainfall",
        "Year": "2023",
        "Source": "Resourcesat-2 Liss IV, 10m MaptilerDEM, SISDP-LULC10k(2018-19), India-WRIS, GSI-Geom, GSI-Litho",
        "Basin": "Minor Rivers Draining into Bangladesh",
        "Sub_basin": "Karnaphuli & Others",
        "length_1": 136.021,
        "width_1": 32.548,
        "height_1": 85
      }
    },
    {
      "type": "Feature",
      "id": "LS_MIZORAM_2023.24",
      "geometry": {
        "type": "MultiPolygon",
        "coordinates": [
          [
            [
              [
                92.4241298,
                23.60729672
              ],
              [
                92.4241298,
                23.6077244
              ],
              [
                92.4250183,
                23.6077244
              ],
              [
                92.4250183,
                23.60729672
              ],
              [
                92.4241298,
                23.60729672
              ]
            ]
          ]
        ]
      },
      "geometry_name": "the_geom",
      "properties": {
        "Slide_no": "MZ/MA/84A06/2023/17",
        "State": "Mizoram",
        "District": "Mamit",
        "Toposheet": "84A06",
        "Latitude": 23.6075,
        "Longitude": 92.4246,
        "Length_m": "96.632",
        "Width_m": "36.448",
        "Height_m": "51",
        "Area_sqm": 2545.36,
        "Activity": "Active",
        "GEOMORPHOL": "StrOri - Highly Dissected Hills and Valleys",
        "LITHOLOGIC": "SST WITH SUBORDINATE SILTSTONE,MUDSTONE, SHALE",
        "LULC": "Forest Land Closed Forest Semi-Evergreen",
        "Triggering": "Rainfall",
        "Year": "2023",
        "Source": "Resourcesat-2 Liss IV, 10m MaptilerDEM, SISDP-LULC10k(2018-19), India-WRIS, GSI-Geom, GSI-Litho",
        "Basin": "Minor Rivers Draining into Bangladesh",
        "Sub_basin": "Karnaphuli & Others",
        "length_1": 96.632,
        "width_1": 36.448,
        "height_1": 51
      }
    },
    {
      "type": "Feature",
      "id": "LS_MIZORAM_2023.25",
      "geometry": {
        "type": "MultiPolygon",
        "coordinates": [
          [
            [
              [
                92.44943931,
                23.61883448
              ],
              [
                92.44943931,
                23.61956488
              ],
              [
                92.44990832,
                23.61956488
              ],
              [
                92.44990832,
                23.61883448
              ],
              [
                92.44943931,
                23.61883448
              ]
            ]
          ]
        ]
      },
      "geometry_name": "the_geom",
      "properties": {
        "Slide_no": "MZ/MA/84A06/2023/18",
        "State": "Mizoram",
        "District": "Mamit",
        "Toposheet": "84A06",
        "Latitude": 23.6192,
        "Longitude": 92.4497,
        "Length_m": "88.034",
        "Width_m": "26.268",
        "Height_m": "17",
        "Area_sqm": 1757.82,
        "Activity": "Active",
        "GEOMORPHOL": "Antiformal Hill",
        "LITHOLOGIC": "SST WITH SUBORDINATE SILTSTONE,MUDSTONE, SHALE",
        "LULC": "Forest Land Open Forest Semi-Evergreen",
        "Triggering": "Rainfall",
        "Year": "2023",
        "Source": "Resourcesat-2 Liss IV, 10m MaptilerDEM, SISDP-LULC10k(2018-19), India-WRIS, GSI-Geom, GSI-Litho",
        "Basin": "Barak & Others",
        "Sub_basin": "Barak",
        "length_1": 88.034,
        "width_1": 26.268,
        "height_1": 17
      }
    },
    {
      "type": "Feature",
      "id": "LS_MIZORAM_2023.26",
      "geometry": {
        "type": "MultiPolygon",
        "coordinates": [
          [
            [
              [
                92.45234902,
                23.61907321
              ],
              [
                92.45234902,
                23.61983305
              ],
              [
                92.45264463,
                23.61983305
              ],
              [
                92.45264463,
                23.61907321
              ],
              [
                92.45234902,
                23.61907321
              ]
            ]
          ]
        ]
      },
      "geometry_name": "the_geom",
      "properties": {
        "Slide_no": "MZ/MA/84A06/2023/19",
        "State": "Mizoram",
        "District": "Mamit",
        "Toposheet": "84A06",
        "Latitude": 23.6195,
        "Longitude": 92.4525,
        "Length_m": "83.404",
        "Width_m": "29.855",
        "Height_m": "14",
        "Area_sqm": 1814.52,
        "Activity": "Active",
        "GEOMORPHOL": "Antiformal Hill",
        "LITHOLOGIC": "SST WITH SUBORDINATE SILTSTONE,MUDSTONE, SHALE",
        "LULC": "Forest Land Open Forest Semi-Evergreen",
        "Triggering": "Rainfall",
        "Year": "2023",
        "Source": "Resourcesat-2 Liss IV, 10m MaptilerDEM, SISDP-LULC10k(2018-19), India-WRIS, GSI-Geom, GSI-Litho",
        "Basin": "Barak & Others",
        "Sub_basin": "Barak",
        "length_1": 83.404,
        "width_1": 29.855,
        "height_1": 14
      }
    },
    {
      "type": "Feature",
      "id": "LS_MIZORAM_2023.27",
      "geometry": {
        "type": "MultiPolygon",
        "coordinates": [
          [
            [
              [
                92.46482612,
                23.6293229
              ],
              [
                92.46482612,
                23.62960898
              ],
              [
                92.46562001,
                23.62960898
              ],
              [
                92.46562001,
                23.6293229
              ],
              [
                92.46482612,
                23.6293229
              ]
            ]
          ]
        ]
      },
      "geometry_name": "the_geom",
      "properties": {
        "Slide_no": "MZ/MA/84A06/2023/20",
        "State": "Mizoram",
        "District": "Mamit",
        "Toposheet": "84A06",
        "Latitude": 23.6295,
        "Longitude": 92.4653,
        "Length_m": "81.1",
        "Width_m": "30.307",
        "Height_m": "26",
        "Area_sqm": 1726.31,
        "Activity": "Active",
        "GEOMORPHOL": "Antiformal Hill",
        "LITHOLOGIC": "SHALE-SILTSTONE SEQUENCE WITH SANDSTONE",
        "LULC": "Forest Land Open Forest Semi-Evergreen",
        "Triggering": "Rainfall",
        "Year": "2023",
        "Source": "Resourcesat-2 Liss IV, 10m MaptilerDEM, SISDP-LULC10k(2018-19), India-WRIS, GSI-Geom, GSI-Litho",
        "Basin": "Barak & Others",
        "Sub_basin": "Barak",
        "length_1": 81.1,
        "width_1": 30.307,
        "height_1": 26
      }
    },
    {
      "type": "Feature",
      "id": "LS_MIZORAM_2023.28",
      "geometry": {
        "type": "MultiPolygon",
        "coordinates": [
          [
            [
              [
                92.46037286,
                23.58682077
              ],
              [
                92.46037286,
                23.58787064
              ],
              [
                92.46095784,
                23.58787064
              ],
              [
                92.46095784,
                23.58682077
              ],
              [
                92.46037286,
                23.58682077
              ]
            ]
          ]
        ]
      },
      "geometry_name": "the_geom",
      "properties": {
        "Slide_no": "MZ/MA/84A06/2023/21",
        "State": "Mizoram",
        "District": "Mamit",
        "Toposheet": "84A06",
        "Latitude": 23.5874,
        "Longitude": 92.4608,
        "Length_m": "34.949",
        "Width_m": "32.734",
        "Height_m": "10",
        "Area_sqm": 3933.7,
        "Activity": "Active",
        "GEOMORPHOL": "Antiformal Hill",
        "LITHOLOGIC": "SST WITH SUBORDINATE SILTSTONE,MUDSTONE, SHALE",
        "LULC": "Built Up Transportation Transport Network",
        "Triggering": "Rainfall",
        "Year": "2023",
        "Source": "Resourcesat-2 Liss IV, 10m MaptilerDEM, SISDP-LULC10k(2018-19), India-WRIS, GSI-Geom, GSI-Litho",
        "Basin": "Minor Rivers Draining into Bangladesh",
        "Sub_basin": "Karnaphuli & Others",
        "length_1": 34.949,
        "width_1": 32.734,
        "height_1": 10
      }
    },
    {
      "type": "Feature",
      "id": "LS_MIZORAM_2023.29",
      "geometry": {
        "type": "MultiPolygon",
        "coordinates": [
          [
            [
              [
                92.39119564,
                23.51492003
              ],
              [
                92.39119564,
                23.51532686
              ],
              [
                92.39149241,
                23.51532686
              ],
              [
                92.39149241,
                23.51492003
              ],
              [
                92.39119564,
                23.51492003
              ]
            ]
          ]
        ]
      },
      "geometry_name": "the_geom",
      "properties": {
        "Slide_no": "MZ/MA/84A06/2023/22",
        "State": "Mizoram",
        "District": "Mamit",
        "Toposheet": "84A06",
        "Latitude": 23.5151,
        "Longitude": 92.3913,
        "Length_m": "46.969",
        "Width_m": "21.678",
        "Height_m": "4",
        "Area_sqm": 747.3,
        "Activity": "Active",
        "GEOMORPHOL": "StrOri - Highly Dissected Hills and Valleys",
        "LITHOLOGIC": "SHALE,SILTSTONE,MUDSTONE,SANDSTONE WITH MINOR COAL",
        "LULC": "Forest Land Open Forest Semi-Evergreen",
        "Triggering": "Rainfall",
        "Year": "2023",
        "Source": "Resourcesat-2 Liss IV, 10m MaptilerDEM, SISDP-LULC10k(2018-19), India-WRIS, GSI-Geom, GSI-Litho",
        "Basin": "Minor Rivers Draining into Bangladesh",
        "Sub_basin": "Karnaphuli & Others",
        "length_1": 46.969,
        "width_1": 21.678,
        "height_1": 4
      }
    },
    {
      "type": "Feature",
      "id": "LS_MIZORAM_2023.30",
      "geometry": {
        "type": "MultiPolygon",
        "coordinates": [
          [
            [
              [
                92.39722311,
                23.514151
              ],
              [
                92.39722311,
                23.51464131
              ],
              [
                92.39750818,
                23.51464131
              ],
              [
                92.39750818,
                23.514151
              ],
              [
                92.39722311,
                23.514151
              ]
            ]
          ]
        ]
      },
      "geometry_name": "the_geom",
      "properties": {
        "Slide_no": "MZ/MA/84A06/2023/23",
        "State": "Mizoram",
        "District": "Mamit",
        "Toposheet": "84A06",
        "Latitude": 23.5144,
        "Longitude": 92.3974,
        "Length_m": "50.278",
        "Width_m": "29.04",
        "Height_m": "18",
        "Area_sqm": 1121.82,
        "Activity": "Active",
        "GEOMORPHOL": "StrOri - Highly Dissected Hills and Valleys",
        "LITHOLOGIC": "SST WITH SUBORDINATE SILTSTONE,MUDSTONE, SHALE",
        "LULC": "Forest Land Open Forest Semi-Evergreen",
        "Triggering": "Rainfall",
        "Year": "2023",
        "Source": "Resourcesat-2 Liss IV, 10m MaptilerDEM, SISDP-LULC10k(2018-19), India-WRIS, GSI-Geom, GSI-Litho",
        "Basin": "Minor Rivers Draining into Bangladesh",
        "Sub_basin": "Karnaphuli & Others",
        "length_1": 50.278,
        "width_1": 29.04,
        "height_1": 18
      }
    },
    {
      "type": "Feature",
      "id": "LS_MIZORAM_2023.31",
      "geometry": {
        "type": "MultiPolygon",
        "coordinates": [
          [
            [
              [
                92.36496814,
                23.53556859
              ],
              [
                92.36496814,
                23.53581467
              ],
              [
                92.36520521,
                23.53581467
              ],
              [
                92.36520521,
                23.53556859
              ],
              [
                92.36496814,
                23.53556859
              ]
            ]
          ]
        ]
      },
      "geometry_name": "the_geom",
      "properties": {
        "Slide_no": "MZ/MA/84A06/2023/24",
        "State": "Mizoram",
        "District": "Mamit",
        "Toposheet": "84A06",
        "Latitude": 23.5357,
        "Longitude": 92.3651,
        "Length_m": "64.53",
        "Width_m": "26.832",
        "Height_m": "13",
        "Area_sqm": 484.083,
        "Activity": "Active",
        "GEOMORPHOL": "StrOri - Highly Dissected Hills and Valleys",
        "LITHOLOGIC": "SST WITH SUBORDINATE SILTSTONE,MUDSTONE, SHALE",
        "LULC": "Forest Land Open Forest Semi-Evergreen",
        "Triggering": "Rainfall",
        "Year": "2023",
        "Source": "Resourcesat-2 Liss IV, 10m MaptilerDEM, SISDP-LULC10k(2018-19), India-WRIS, GSI-Geom, GSI-Litho",
        "Basin": "Minor Rivers Draining into Bangladesh",
        "Sub_basin": "Karnaphuli & Others",
        "length_1": 64.53,
        "width_1": 26.832,
        "height_1": 13
      }
    },
    {
      "type": "Feature",
      "id": "LS_MIZORAM_2023.32",
      "geometry": {
        "type": "MultiPolygon",
        "coordinates": [
          [
            [
              [
                92.36833833,
                23.57761376
              ],
              [
                92.36833833,
                23.57803836
              ],
              [
                92.36862688,
                23.57803836
              ],
              [
                92.36862688,
                23.57761376
              ],
              [
                92.36833833,
                23.57761376
              ]
            ]
          ]
        ]
      },
      "geometry_name": "the_geom",
      "properties": {
        "Slide_no": "MZ/MA/84A06/2023/25",
        "State": "Mizoram",
        "District": "Mamit",
        "Toposheet": "84A06",
        "Latitude": 23.5778,
        "Longitude": 92.3686,
        "Length_m": "68.274",
        "Width_m": "29.451",
        "Height_m": "14",
        "Area_sqm": 1008.97,
        "Activity": "Active",
        "GEOMORPHOL": "StrOri - Highly Dissected Hills and Valleys",
        "LITHOLOGIC": "SST WITH SUBORDINATE SILTSTONE,MUDSTONE, SHALE",
        "LULC": "Forest Land Closed Forest Deciduous",
        "Triggering": "Rainfall",
        "Year": "2023",
        "Source": "Resourcesat-2 Liss IV, 10m MaptilerDEM, SISDP-LULC10k(2018-19), India-WRIS, GSI-Geom, GSI-Litho",
        "Basin": "Minor Rivers Draining into Bangladesh",
        "Sub_basin": "Karnaphuli & Others",
        "length_1": 68.274,
        "width_1": 29.451,
        "height_1": 14
      }
    },
    {
      "type": "Feature",
      "id": "LS_MIZORAM_2023.33",
      "geometry": {
        "type": "MultiPolygon",
        "coordinates": [
          [
            [
              [
                92.36055406,
                23.68300715
              ],
              [
                92.36055406,
                23.68345142
              ],
              [
                92.36082296,
                23.68345142
              ],
              [
                92.36082296,
                23.68300715
              ],
              [
                92.36055406,
                23.68300715
              ]
            ]
          ]
        ]
      },
      "geometry_name": "the_geom",
      "properties": {
        "Slide_no": "MZ/MA/84A06/2023/26",
        "State": "Mizoram",
        "District": "Mamit",
        "Toposheet": "84A06",
        "Latitude": 23.6833,
        "Longitude": 92.3607,
        "Length_m": "76.056",
        "Width_m": "27.695",
        "Height_m": "23",
        "Area_sqm": 1005.2,
        "Activity": "Active",
        "GEOMORPHOL": "StrOri - Highly Dissected Hills and Valleys",
        "LITHOLOGIC": "SHALE-SILTSTONE SEQUENCE WITH SANDSTONE",
        "LULC": "Forest Land Closed Forest Semi-Evergreen",
        "Triggering": "Rainfall",
        "Year": "2023",
        "Source": "Resourcesat-2 Liss IV, 10m MaptilerDEM, SISDP-LULC10k(2018-19), India-WRIS, GSI-Geom, GSI-Litho",
        "Basin": "Minor Rivers Draining into Bangladesh",
        "Sub_basin": "Karnaphuli & Others",
        "length_1": 76.056,
        "width_1": 27.695,
        "height_1": 23
      }
    },
    {
      "type": "Feature",
      "id": "LS_MIZORAM_2023.34",
      "geometry": {
        "type": "MultiPolygon",
        "coordinates": [
          [
            [
              [
                92.45955712,
                23.66941185
              ],
              [
                92.45955712,
                23.66968899
              ],
              [
                92.45977543,
                23.66968899
              ],
              [
                92.45977543,
                23.66941185
              ],
              [
                92.45955712,
                23.66941185
              ]
            ]
          ]
        ]
      },
      "geometry_name": "the_geom",
      "properties": {
        "Slide_no": "MZ/MA/84A06/2023/27",
        "State": "Mizoram",
        "District": "Mamit",
        "Toposheet": "84A06",
        "Latitude": 23.6695,
        "Longitude": 92.4597,
        "Length_m": "60.196",
        "Width_m": "23.957",
        "Height_m": "6",
        "Area_sqm": 480.5,
        "Activity": "Active",
        "GEOMORPHOL": "Antiformal Hill",
        "LITHOLOGIC": "SST WITH SUBORDINATE SILTSTONE,MUDSTONE, SHALE",
        "LULC": "Forest Land Closed Forest Deciduous",
        "Triggering": "Rainfall",
        "Year": "2023",
        "Source": "Resourcesat-2 Liss IV, 10m MaptilerDEM, SISDP-LULC10k(2018-19), India-WRIS, GSI-Geom, GSI-Litho",
        "Basin": "Barak & Others",
        "Sub_basin": "Barak",
        "length_1": 60.196,
        "width_1": 23.957,
        "height_1": 6
      }
    },
    {
      "type": "Feature",
      "id": "LS_MIZORAM_2023.35",
      "geometry": {
        "type": "MultiPolygon",
        "coordinates": [
          [
            [
              [
                92.47047363,
                23.65780888
              ],
              [
                92.47047363,
                23.6580597
              ],
              [
                92.47067034,
                23.6580597
              ],
              [
                92.47067034,
                23.65780888
              ],
              [
                92.47047363,
                23.65780888
              ]
            ]
          ]
        ]
      },
      "geometry_name": "the_geom",
      "properties": {
        "Slide_no": "MZ/MA/84A06/2023/28",
        "State": "Mizoram",
        "District": "Mamit",
        "Toposheet": "84A06",
        "Latitude": 23.6579,
        "Longitude": 92.4706,
        "Length_m": "24.586",
        "Width_m": "21.553",
        "Height_m": "6",
        "Area_sqm": 436.066,
        "Activity": "Active",
        "GEOMORPHOL": "Antiformal Hill",
        "LITHOLOGIC": "SHALE-SILTSTONE SEQUENCE WITH SANDSTONE",
        "LULC": "Forest Land Open Forest Semi-Evergreen",
        "Triggering": "Rainfall",
        "Year": "2023",
        "Source": "Resourcesat-2 Liss IV, 10m MaptilerDEM, SISDP-LULC10k(2018-19), India-WRIS, GSI-Geom, GSI-Litho",
        "Basin": "Barak & Others",
        "Sub_basin": "Barak",
        "length_1": 24.586,
        "width_1": 21.553,
        "height_1": 6
      }
    },
    {
      "type": "Feature",
      "id": "LS_MIZORAM_2023.36",
      "geometry": {
        "type": "MultiPolygon",
        "coordinates": [
          [
            [
              [
                92.40092808,
                23.54143265
              ],
              [
                92.40092808,
                23.54183348
              ],
              [
                92.40146108,
                23.54183348
              ],
              [
                92.40146108,
                23.54143265
              ],
              [
                92.40092808,
                23.54143265
              ]
            ]
          ]
        ]
      },
      "geometry_name": "the_geom",
      "properties": {
        "Slide_no": "MZ/MA/84A06/2023/29",
        "State": "Mizoram",
        "District": "Mamit",
        "Toposheet": "84A06",
        "Latitude": 23.5416,
        "Longitude": 92.4012,
        "Length_m": "84.374",
        "Width_m": "31.64",
        "Height_m": "41",
        "Area_sqm": 1260.27,
        "Activity": "Active",
        "GEOMORPHOL": "StrOri - Highly Dissected Hills and Valleys",
        "LITHOLOGIC": "SST WITH SUBORDINATE SILTSTONE,MUDSTONE, SHALE",
        "LULC": "Forest Land Closed Forest Deciduous",
        "Triggering": "Rainfall",
        "Year": "2023",
        "Source": "Resourcesat-2 Liss IV, 10m MaptilerDEM, SISDP-LULC10k(2018-19), India-WRIS, GSI-Geom, GSI-Litho",
        "Basin": "Minor Rivers Draining into Bangladesh",
        "Sub_basin": "Karnaphuli & Others",
        "length_1": 84.374,
        "width_1": 31.64,
        "height_1": 41
      }
    },
    {
      "type": "Feature",
      "id": "LS_MIZORAM_2023.37",
      "geometry": {
        "type": "MultiPolygon",
        "coordinates": [
          [
            [
              [
                92.40431315,
                23.52575949
              ],
              [
                92.40431315,
                23.52618826
              ],
              [
                92.40460403,
                23.52618826
              ],
              [
                92.40460403,
                23.52575949
              ],
              [
                92.40431315,
                23.52575949
              ]
            ]
          ]
        ]
      },
      "geometry_name": "the_geom",
      "properties": {
        "Slide_no": "MZ/MA/84A06/2023/30",
        "State": "Mizoram",
        "District": "Mamit",
        "Toposheet": "84A06",
        "Latitude": 23.526,
        "Longitude": 92.4049,
        "Length_m": "3.209",
        "Width_m": "47.712",
        "Height_m": "24",
        "Area_sqm": 968.689,
        "Activity": "Active",
        "GEOMORPHOL": "StrOri - Highly Dissected Hills and Valleys",
        "LITHOLOGIC": "SST WITH SUBORDINATE SILTSTONE,MUDSTONE, SHALE",
        "LULC": "Forest Land Closed Forest Semi-Evergreen",
        "Triggering": "Rainfall",
        "Year": "2023",
        "Source": "Resourcesat-2 Liss IV, 10m MaptilerDEM, SISDP-LULC10k(2018-19), India-WRIS, GSI-Geom, GSI-Litho",
        "Basin": "Minor Rivers Draining into Bangladesh",
        "Sub_basin": "Karnaphuli & Others",
        "length_1": 3.209,
        "width_1": 47.712,
        "height_1": 24
      }
    },
    {
      "type": "Feature",
      "id": "LS_MIZORAM_2023.38",
      "geometry": {
        "type": "MultiPolygon",
        "coordinates": [
          [
            [
              [
                92.46101525,
                23.61623465
              ],
              [
                92.46101525,
                23.61640523
              ],
              [
                92.46116557,
                23.61640523
              ],
              [
                92.46116557,
                23.61623465
              ],
              [
                92.46101525,
                23.61623465
              ]
            ]
          ]
        ]
      },
      "geometry_name": "the_geom",
      "properties": {
        "Slide_no": "MZ/MA/84A06/2023/31",
        "State": "Mizoram",
        "District": "Mamit",
        "Toposheet": "84A06",
        "Latitude": 23.6163,
        "Longitude": 92.461,
        "Length_m": "18.104",
        "Width_m": "12.475",
        "Height_m": "3",
        "Area_sqm": 182.623,
        "Activity": "Active",
        "GEOMORPHOL": "Antiformal Hill",
        "LITHOLOGIC": "SHALE-SILTSTONE SEQUENCE WITH SANDSTONE",
        "LULC": "Built Up Rural Village Settlement",
        "Triggering": "Rainfall",
        "Year": "2023",
        "Source": "Resourcesat-2 Liss IV, 10m MaptilerDEM, SISDP-LULC10k(2018-19), India-WRIS, GSI-Geom, GSI-Litho",
        "Basin": "Barak & Others",
        "Sub_basin": "Barak",
        "length_1": 18.104,
        "width_1": 12.475,
        "height_1": 3
      }
    },
    {
      "type": "Feature",
      "id": "LS_MIZORAM_2023.39",
      "geometry": {
        "type": "MultiPolygon",
        "coordinates": [
          [
            [
              [
                92.43451698,
                23.39576621
              ],
              [
                92.43451698,
                23.39613839
              ],
              [
                92.43504313,
                23.39613839
              ],
              [
                92.43504313,
                23.39576621
              ],
              [
                92.43451698,
                23.39576621
              ]
            ]
          ]
        ]
      },
      "geometry_name": "the_geom",
      "properties": {
        "Slide_no": "MZ/MA/84A07/2023/1",
        "State": "Mizoram",
        "District": "Mamit",
        "Toposheet": "84A07",
        "Latitude": 23.3959,
        "Longitude": 92.4348,
        "Length_m": "54.907",
        "Width_m": "31.943",
        "Height_m": "16",
        "Area_sqm": 1202.01,
        "Activity": "Active",
        "GEOMORPHOL": "StrOri - Highly Dissected Hills and Valleys",
        "LITHOLOGIC": "SST WITH SUBORDINATE SILTSTONE,MUDSTONE, SHALE",
        "LULC": "Others - Shifting Cultivation Area",
        "Triggering": "Rainfall",
        "Year": "2023",
        "Source": "Resourcesat-2 Liss IV, 10m MaptilerDEM, SISDP-LULC10k(2018-19), India-WRIS, GSI-Geom, GSI-Litho",
        "Basin": "Minor Rivers Draining into Bangladesh",
        "Sub_basin": "Karnaphuli & Others",
        "length_1": 54.907,
        "width_1": 31.943,
        "height_1": 16
      }
    },
    {
      "type": "Feature",
      "id": "LS_MIZORAM_2023.40",
      "geometry": {
        "type": "MultiPolygon",
        "coordinates": [
          [
            [
              [
                92.3753851,
                23.46973041
              ],
              [
                92.3753851,
                23.47003906
              ],
              [
                92.37565308,
                23.47003906
              ],
              [
                92.37565308,
                23.46973041
              ],
              [
                92.3753851,
                23.46973041
              ]
            ]
          ]
        ]
      },
      "geometry_name": "the_geom",
      "properties": {
        "Slide_no": "MZ/MA/84A07/2023/2",
        "State": "Mizoram",
        "District": "Mamit",
        "Toposheet": "84A07",
        "Latitude": 23.4699,
        "Longitude": 92.3755,
        "Length_m": "63.621",
        "Width_m": "24.976",
        "Height_m": "7",
        "Area_sqm": 648.296,
        "Activity": "Active",
        "GEOMORPHOL": "StrOri - Moderately Dissected Hills and Valleys",
        "LITHOLOGIC": "SST WITH SUBORDINATE SILTSTONE,MUDSTONE, SHALE",
        "LULC": "Forest Land Open Forest Semi-Evergreen",
        "Triggering": "Rainfall",
        "Year": "2023",
        "Source": "Resourcesat-2 Liss IV, 10m MaptilerDEM, SISDP-LULC10k(2018-19), India-WRIS, GSI-Geom, GSI-Litho",
        "Basin": "Minor Rivers Draining into Bangladesh",
        "Sub_basin": "Karnaphuli & Others",
        "length_1": 63.621,
        "width_1": 24.976,
        "height_1": 7
      }
    },
    {
      "type": "Feature",
      "id": "LS_MIZORAM_2023.41",
      "geometry": {
        "type": "MultiPolygon",
        "coordinates": [
          [
            [
              [
                92.37078942,
                23.48041338
              ],
              [
                92.37078942,
                23.48080558
              ],
              [
                92.37111099,
                23.48080558
              ],
              [
                92.37111099,
                23.48041338
              ],
              [
                92.37078942,
                23.48041338
              ]
            ]
          ]
        ]
      },
      "geometry_name": "the_geom",
      "properties": {
        "Slide_no": "MZ/MA/84A07/2023/3",
        "State": "Mizoram",
        "District": "Mamit",
        "Toposheet": "84A07",
        "Latitude": 23.4806,
        "Longitude": 92.3709,
        "Length_m": "57.813",
        "Width_m": "33.867",
        "Height_m": "11",
        "Area_sqm": 1019.88,
        "Activity": "Active",
        "GEOMORPHOL": "StrOri - Moderately Dissected Hills and Valleys",
        "LITHOLOGIC": "SST WITH SUBORDINATE SILTSTONE,MUDSTONE, SHALE",
        "LULC": "Forest Land Open Forest Semi-Evergreen",
        "Triggering": "Rainfall",
        "Year": "2023",
        "Source": "Resourcesat-2 Liss IV, 10m MaptilerDEM, SISDP-LULC10k(2018-19), India-WRIS, GSI-Geom, GSI-Litho",
        "Basin": "Minor Rivers Draining into Bangladesh",
        "Sub_basin": "Karnaphuli & Others",
        "length_1": 57.813,
        "width_1": 33.867,
        "height_1": 11
      }
    },
    {
      "type": "Feature",
      "id": "LS_MIZORAM_2023.42",
      "geometry": {
        "type": "MultiPolygon",
        "coordinates": [
          [
            [
              [
                92.36502091,
                23.47340556
              ],
              [
                92.36502091,
                23.47365847
              ],
              [
                92.36529278,
                23.47365847
              ],
              [
                92.36529278,
                23.47340556
              ],
              [
                92.36502091,
                23.47340556
              ]
            ]
          ]
        ]
      },
      "geometry_name": "the_geom",
      "properties": {
        "Slide_no": "MZ/MA/84A07/2023/4",
        "State": "Mizoram",
        "District": "Mamit",
        "Toposheet": "84A07",
        "Latitude": 23.4735,
        "Longitude": 92.3652,
        "Length_m": "60.518",
        "Width_m": "19.421",
        "Height_m": "19",
        "Area_sqm": 560.772,
        "Activity": "Active",
        "GEOMORPHOL": "StrOri - Moderately Dissected Hills and Valleys",
        "LITHOLOGIC": "SST WITH SUBORDINATE SILTSTONE,MUDSTONE, SHALE",
        "LULC": "Forest Land Open Forest Semi-Evergreen",
        "Triggering": "Rainfall",
        "Year": "2023",
        "Source": "Resourcesat-2 Liss IV, 10m MaptilerDEM, SISDP-LULC10k(2018-19), India-WRIS, GSI-Geom, GSI-Litho",
        "Basin": "Minor Rivers Draining into Bangladesh",
        "Sub_basin": "Karnaphuli & Others",
        "length_1": 60.518,
        "width_1": 19.421,
        "height_1": 19
      }
    },
    {
      "type": "Feature",
      "id": "LS_MIZORAM_2023.43",
      "geometry": {
        "type": "MultiPolygon",
        "coordinates": [
          [
            [
              [
                92.43715913,
                23.44895518
              ],
              [
                92.43715913,
                23.4493101
              ],
              [
                92.43778991,
                23.4493101
              ],
              [
                92.43778991,
                23.44895518
              ],
              [
                92.43715913,
                23.44895518
              ]
            ]
          ]
        ]
      },
      "geometry_name": "the_geom",
      "properties": {
        "Slide_no": "MZ/MA/84A07/2023/5",
        "State": "Mizoram",
        "District": "Mamit",
        "Toposheet": "84A07",
        "Latitude": 23.4492,
        "Longitude": 92.4374,
        "Length_m": "80.072",
        "Width_m": "28.674",
        "Height_m": "18",
        "Area_sqm": 1353.45,
        "Activity": "Active",
        "GEOMORPHOL": "StrOri - Highly Dissected Hills and Valleys",
        "LITHOLOGIC": "SST WITH SUBORDINATE SILTSTONE,MUDSTONE, SHALE",
        "LULC": "Forest Land Closed Forest Deciduous",
        "Triggering": "Rainfall",
        "Year": "2023",
        "Source": "Resourcesat-2 Liss IV, 10m MaptilerDEM, SISDP-LULC10k(2018-19), India-WRIS, GSI-Geom, GSI-Litho",
        "Basin": "Minor Rivers Draining into Bangladesh",
        "Sub_basin": "Karnaphuli & Others",
        "length_1": 80.072,
        "width_1": 28.674,
        "height_1": 18
      }
    },
    {
      "type": "Feature",
      "id": "LS_MIZORAM_2023.44",
      "geometry": {
        "type": "MultiPolygon",
        "coordinates": [
          [
            [
              [
                92.41011507,
                23.46091551
              ],
              [
                92.41011507,
                23.4611866
              ],
              [
                92.4105729,
                23.4611866
              ],
              [
                92.4105729,
                23.46091551
              ],
              [
                92.41011507,
                23.46091551
              ]
            ]
          ]
        ]
      },
      "geometry_name": "the_geom",
      "properties": {
        "Slide_no": "MZ/MA/84A07/2023/6",
        "State": "Mizoram",
        "District": "Mamit",
        "Toposheet": "84A07",
        "Latitude": 23.461,
        "Longitude": 92.4104,
        "Length_m": "33.793",
        "Width_m": "4.045",
        "Height_m": "3",
        "Area_sqm": 1000.68,
        "Activity": "Active",
        "GEOMORPHOL": "StrOri - Highly Dissected Hills and Valleys",
        "LITHOLOGIC": "SST WITH SUBORDINATE SILTSTONE,MUDSTONE, SHALE",
        "LULC": "Forest Land Open Forest Semi-Evergreen",
        "Triggering": "Rainfall",
        "Year": "2023",
        "Source": "Resourcesat-2 Liss IV, 10m MaptilerDEM, SISDP-LULC10k(2018-19), India-WRIS, GSI-Geom, GSI-Litho",
        "Basin": "Minor Rivers Draining into Bangladesh",
        "Sub_basin": "Karnaphuli & Others",
        "length_1": 33.793,
        "width_1": 4.045,
        "height_1": 3
      }
    },
    {
      "type": "Feature",
      "id": "LS_MIZORAM_2023.45",
      "geometry": {
        "type": "MultiPolygon",
        "coordinates": [
          [
            [
              [
                92.41752052,
                23.29030055
              ],
              [
                92.41752052,
                23.29082771
              ],
              [
                92.41801818,
                23.29082771
              ],
              [
                92.41801818,
                23.29030055
              ],
              [
                92.41752052,
                23.29030055
              ]
            ]
          ]
        ]
      },
      "geometry_name": "the_geom",
      "properties": {
        "Slide_no": "MZ/MA/84A07/2023/7",
        "State": "Mizoram",
        "District": "Mamit",
        "Toposheet": "84A07",
        "Latitude": 23.2906,
        "Longitude": 92.4178,
        "Length_m": "84.293",
        "Width_m": "27.691",
        "Height_m": "3",
        "Area_sqm": 1875.67,
        "Activity": "Active",
        "GEOMORPHOL": "StrOri - Moderately Dissected Hills and Valleys",
        "LITHOLOGIC": "SST WITH SUBORDINATE SILTSTONE,MUDSTONE, SHALE",
        "LULC": "Others - Shifting Cultivation Area",
        "Triggering": "Rainfall",
        "Year": "2023",
        "Source": "Resourcesat-2 Liss IV, 10m MaptilerDEM, SISDP-LULC10k(2018-19), India-WRIS, GSI-Geom, GSI-Litho",
        "Basin": "Minor Rivers Draining into Bangladesh",
        "Sub_basin": "Karnaphuli & Others",
        "length_1": 84.293,
        "width_1": 27.691,
        "height_1": 3
      }
    },
    {
      "type": "Feature",
      "id": "LS_MIZORAM_2023.46",
      "geometry": {
        "type": "MultiPolygon",
        "coordinates": [
          [
            [
              [
                92.39659961,
                23.26134768
              ],
              [
                92.39659961,
                23.26192332
              ],
              [
                92.39742561,
                23.26192332
              ],
              [
                92.39742561,
                23.26134768
              ],
              [
                92.39659961,
                23.26134768
              ]
            ]
          ]
        ]
      },
      "geometry_name": "the_geom",
      "properties": {
        "Slide_no": "MZ/LU/84A07/2023/8",
        "State": "Mizoram",
        "District": "Lunglei",
        "Toposheet": "84A07",
        "Latitude": 23.2617,
        "Longitude": 92.397,
        "Length_m": "5.31",
        "Width_m": "21.934",
        "Height_m": "13",
        "Area_sqm": 2797.94,
        "Activity": "Active",
        "GEOMORPHOL": "StrOri - Highly Dissected Hills and Valleys",
        "LITHOLOGIC": "SHALE,SILTSTONE,MUDSTONE,SANDSTONE WITH MINOR COAL",
        "LULC": "Forest Land Open Forest Semi-Evergreen",
        "Triggering": "Rainfall",
        "Year": "2023",
        "Source": "Resourcesat-2 Liss IV, 10m MaptilerDEM, SISDP-LULC10k(2018-19), India-WRIS, GSI-Geom, GSI-Litho",
        "Basin": "Minor Rivers Draining into Bangladesh",
        "Sub_basin": "Karnaphuli & Others",
        "length_1": 5.31,
        "width_1": 21.934,
        "height_1": 13
      }
    },
    {
      "type": "Feature",
      "id": "LS_MIZORAM_2023.47",
      "geometry": {
        "type": "MultiPolygon",
        "coordinates": [
          [
            [
              [
                92.46547875,
                23.32307321
              ],
              [
                92.46547875,
                23.32374133
              ],
              [
                92.46592117,
                23.32374133
              ],
              [
                92.46592117,
                23.32307321
              ],
              [
                92.46547875,
                23.32307321
              ]
            ]
          ]
        ]
      },
      "geometry_name": "the_geom",
      "properties": {
        "Slide_no": "MZ/MA/84A07/2023/9",
        "State": "Mizoram",
        "District": "Mamit",
        "Toposheet": "84A07",
        "Latitude": 23.3234,
        "Longitude": 92.4657,
        "Length_m": "80.543",
        "Width_m": "25.74",
        "Height_m": "31",
        "Area_sqm": 1511.23,
        "Activity": "Active",
        "GEOMORPHOL": "StrOri - Highly Dissected Hills and Valleys",
        "LITHOLOGIC": "SHALE, SILTSTONE WITH  COAL AND SANDSTONE",
        "LULC": "Forest Land Closed Forest Deciduous",
        "Triggering": "Rainfall",
        "Year": "2023",
        "Source": "Resourcesat-2 Liss IV, 10m MaptilerDEM, SISDP-LULC10k(2018-19), India-WRIS, GSI-Geom, GSI-Litho",
        "Basin": "Minor Rivers Draining into Bangladesh",
        "Sub_basin": "Karnaphuli & Others",
        "length_1": 80.543,
        "width_1": 25.74,
        "height_1": 31
      }
    },
    {
      "type": "Feature",
      "id": "LS_MIZORAM_2023.48",
      "geometry": {
        "type": "MultiPolygon",
        "coordinates": [
          [
            [
              [
                92.45760135,
                23.33804912
              ],
              [
                92.45760135,
                23.33851625
              ],
              [
                92.45810167,
                23.33851625
              ],
              [
                92.45810167,
                23.33804912
              ],
              [
                92.45760135,
                23.33804912
              ]
            ]
          ]
        ]
      },
      "geometry_name": "the_geom",
      "properties": {
        "Slide_no": "MZ/MA/84A07/2023/10",
        "State": "Mizoram",
        "District": "Mamit",
        "Toposheet": "84A07",
        "Latitude": 23.3382,
        "Longitude": 92.4578,
        "Length_m": "71.238",
        "Width_m": "36.871",
        "Height_m": "3",
        "Area_sqm": 1629.55,
        "Activity": "Active",
        "GEOMORPHOL": "StrOri - Highly Dissected Hills and Valleys",
        "LITHOLOGIC": "SHALE, SILTSTONE WITH  COAL AND SANDSTONE",
        "LULC": "Forest Land Closed Forest Deciduous",
        "Triggering": "Rainfall",
        "Year": "2023",
        "Source": "Resourcesat-2 Liss IV, 10m MaptilerDEM, SISDP-LULC10k(2018-19), India-WRIS, GSI-Geom, GSI-Litho",
        "Basin": "Minor Rivers Draining into Bangladesh",
        "Sub_basin": "Karnaphuli & Others",
        "length_1": 71.238,
        "width_1": 36.871,
        "height_1": 3
      }
    },
    {
      "type": "Feature",
      "id": "LS_MIZORAM_2023.49",
      "geometry": {
        "type": "MultiPolygon",
        "coordinates": [
          [
            [
              [
                92.40582178,
                23.36456229
              ],
              [
                92.40582178,
                23.36503673
              ],
              [
                92.40678095,
                23.36503673
              ],
              [
                92.40678095,
                23.36456229
              ],
              [
                92.40582178,
                23.36456229
              ]
            ]
          ]
        ]
      },
      "geometry_name": "the_geom",
      "properties": {
        "Slide_no": "MZ/MA/84A07/2023/11",
        "State": "Mizoram",
        "District": "Mamit",
        "Toposheet": "84A07",
        "Latitude": 23.3648,
        "Longitude": 92.4062,
        "Length_m": "108.859",
        "Width_m": "33.209",
        "Height_m": "4",
        "Area_sqm": 2898.19,
        "Activity": "Active",
        "GEOMORPHOL": "StrOri - Moderately Dissected Hills and Valleys",
        "LITHOLOGIC": "SHALE,SILTSTONE,MUDSTONE,SANDSTONE WITH MINOR COAL",
        "LULC": "Others - Shifting Cultivation Area",
        "Triggering": "Rainfall",
        "Year": "2023",
        "Source": "Resourcesat-2 Liss IV, 10m MaptilerDEM, SISDP-LULC10k(2018-19), India-WRIS, GSI-Geom, GSI-Litho",
        "Basin": "Minor Rivers Draining into Bangladesh",
        "Sub_basin": "Karnaphuli & Others",
        "length_1": 108.859,
        "width_1": 33.209,
        "height_1": 4
      }
    },
    {
      "type": "Feature",
      "id": "LS_MIZORAM_2023.50",
      "geometry": {
        "type": "MultiPolygon",
        "coordinates": [
          [
            [
              [
                92.40194383,
                23.32316796
              ],
              [
                92.40194383,
                23.32373622
              ],
              [
                92.40220283,
                23.32373622
              ],
              [
                92.40220283,
                23.32316796
              ],
              [
                92.40194383,
                23.32316796
              ]
            ]
          ]
        ]
      },
      "geometry_name": "the_geom",
      "properties": {
        "Slide_no": "MZ/MA/84A07/2023/12",
        "State": "Mizoram",
        "District": "Mamit",
        "Toposheet": "84A07",
        "Latitude": 23.3234,
        "Longitude": 92.4021,
        "Length_m": "84.667",
        "Width_m": "26.458",
        "Height_m": "3",
        "Area_sqm": 1245.2,
        "Activity": "Active",
        "GEOMORPHOL": "StrOri - Moderately Dissected Hills and Valleys",
        "LITHOLOGIC": "SHALE,SILTSTONE,MUDSTONE,SANDSTONE WITH MINOR COAL",
        "LULC": "Others - Shifting Cultivation Area",
        "Triggering": "Rainfall",
        "Year": "2023",
        "Source": "Resourcesat-2 Liss IV, 10m MaptilerDEM, SISDP-LULC10k(2018-19), India-WRIS, GSI-Geom, GSI-Litho",
        "Basin": "Minor Rivers Draining into Bangladesh",
        "Sub_basin": "Karnaphuli & Others",
        "length_1": 84.667,
        "width_1": 26.458,
        "height_1": 3
      }
    },
    {
      "type": "Feature",
      "id": "LS_MIZORAM_2023.51",
      "geometry": {
        "type": "MultiPolygon",
        "coordinates": [
          [
            [
              [
                92.37555133,
                23.39796399
              ],
              [
                92.37555133,
                23.3981981
              ],
              [
                92.37586031,
                23.3981981
              ],
              [
                92.37586031,
                23.39796399
              ],
              [
                92.37555133,
                23.39796399
              ]
            ]
          ]
        ]
      },
      "geometry_name": "the_geom",
      "properties": {
        "Slide_no": "MZ/MA/84A07/2023/13",
        "State": "Mizoram",
        "District": "Mamit",
        "Toposheet": "84A07",
        "Latitude": 23.3981,
        "Longitude": 92.3757,
        "Length_m": "49.579",
        "Width_m": "22.451",
        "Height_m": "4",
        "Area_sqm": 466.805,
        "Activity": "Active",
        "GEOMORPHOL": "StrOri - Moderately Dissected Hills and Valleys",
        "LITHOLOGIC": "SHALE,SILTSTONE,MUDSTONE,SANDSTONE WITH MINOR COAL",
        "LULC": "Forest Land Closed Forest Deciduous",
        "Triggering": "Rainfall",
        "Year": "2023",
        "Source": "Resourcesat-2 Liss IV, 10m MaptilerDEM, SISDP-LULC10k(2018-19), India-WRIS, GSI-Geom, GSI-Litho",
        "Basin": "Minor Rivers Draining into Bangladesh",
        "Sub_basin": "Karnaphuli & Others",
        "length_1": 49.579,
        "width_1": 22.451,
        "height_1": 4
      }
    },
    {
      "type": "Feature",
      "id": "LS_MIZORAM_2023.52",
      "geometry": {
        "type": "MultiPolygon",
        "coordinates": [
          [
            [
              [
                92.4140329,
                23.26535599
              ],
              [
                92.4140329,
                23.2658149
              ],
              [
                92.41434255,
                23.2658149
              ],
              [
                92.41434255,
                23.26535599
              ],
              [
                92.4140329,
                23.26535599
              ]
            ]
          ]
        ]
      },
      "geometry_name": "the_geom",
      "properties": {
        "Slide_no": "MZ/MA/84A07/2023/14",
        "State": "Mizoram",
        "District": "Mamit",
        "Toposheet": "84A07",
        "Latitude": 23.2656,
        "Longitude": 92.4142,
        "Length_m": "44.377",
        "Width_m": "33.215",
        "Height_m": "7",
        "Area_sqm": 1057.21,
        "Activity": "Active",
        "GEOMORPHOL": "StrOri - Moderately Dissected Hills and Valleys",
        "LITHOLOGIC": "SHALE,SILTSTONE,MUDSTONE,SANDSTONE WITH MINOR COAL",
        "LULC": "Built Up Rural Village Settlement",
        "Triggering": "Rainfall",
        "Year": "2023",
        "Source": "Resourcesat-2 Liss IV, 10m MaptilerDEM, SISDP-LULC10k(2018-19), India-WRIS, GSI-Geom, GSI-Litho",
        "Basin": "Minor Rivers Draining into Bangladesh",
        "Sub_basin": "Karnaphuli & Others",
        "length_1": 44.377,
        "width_1": 33.215,
        "height_1": 7
      }
    },
    {
      "type": "Feature",
      "id": "LS_MIZORAM_2023.53",
      "geometry": {
        "type": "MultiPolygon",
        "coordinates": [
          [
            [
              [
                92.431041,
                23.44910687
              ],
              [
                92.431041,
                23.44936553
              ],
              [
                92.43129984,
                23.44936553
              ],
              [
                92.43129984,
                23.44910687
              ],
              [
                92.431041,
                23.44910687
              ]
            ]
          ]
        ]
      },
      "geometry_name": "the_geom",
      "properties": {
        "Slide_no": "MZ/MA/84A07/2023/15",
        "State": "Mizoram",
        "District": "Mamit",
        "Toposheet": "84A07",
        "Latitude": 23.4492,
        "Longitude": 92.4312,
        "Length_m": "37.213",
        "Width_m": "22.451",
        "Height_m": "6",
        "Area_sqm": 522.148,
        "Activity": "Active",
        "GEOMORPHOL": "StrOri - Highly Dissected Hills and Valleys",
        "LITHOLOGIC": "SST WITH SUBORDINATE SILTSTONE,MUDSTONE, SHALE",
        "LULC": "Forest Land Closed Forest Semi-Evergreen",
        "Triggering": "Rainfall",
        "Year": "2023",
        "Source": "Resourcesat-2 Liss IV, 10m MaptilerDEM, SISDP-LULC10k(2018-19), India-WRIS, GSI-Geom, GSI-Litho",
        "Basin": "Minor Rivers Draining into Bangladesh",
        "Sub_basin": "Karnaphuli & Others",
        "length_1": 37.213,
        "width_1": 22.451,
        "height_1": 6
      }
    },
    {
      "type": "Feature",
      "id": "LS_MIZORAM_2023.54",
      "geometry": {
        "type": "MultiPolygon",
        "coordinates": [
          [
            [
              [
                92.43541903,
                23.44659994
              ],
              [
                92.43541903,
                23.44708776
              ],
              [
                92.43579178,
                23.44708776
              ],
              [
                92.43579178,
                23.44659994
              ],
              [
                92.43541903,
                23.44659994
              ]
            ]
          ]
        ]
      },
      "geometry_name": "the_geom",
      "properties": {
        "Slide_no": "MZ/MA/84A07/2023/16",
        "State": "Mizoram",
        "District": "Mamit",
        "Toposheet": "84A07",
        "Latitude": 23.4468,
        "Longitude": 92.4356,
        "Length_m": "52.835",
        "Width_m": "31.261",
        "Height_m": "15",
        "Area_sqm": 1311.75,
        "Activity": "Active",
        "GEOMORPHOL": "StrOri - Highly Dissected Hills and Valleys",
        "LITHOLOGIC": "SST WITH SUBORDINATE SILTSTONE,MUDSTONE, SHALE",
        "LULC": "Forest Land Closed Forest Deciduous",
        "Triggering": "Rainfall",
        "Year": "2023",
        "Source": "Resourcesat-2 Liss IV, 10m MaptilerDEM, SISDP-LULC10k(2018-19), India-WRIS, GSI-Geom, GSI-Litho",
        "Basin": "Minor Rivers Draining into Bangladesh",
        "Sub_basin": "Karnaphuli & Others",
        "length_1": 52.835,
        "width_1": 31.261,
        "height_1": 15
      }
    },
    {
      "type": "Feature",
      "id": "LS_MIZORAM_2023.55",
      "geometry": {
        "type": "MultiPolygon",
        "coordinates": [
          [
            [
              [
                92.4286532,
                23.43729778
              ],
              [
                92.4286532,
                23.437614
              ],
              [
                92.42891163,
                23.437614
              ],
              [
                92.42891163,
                23.43729778
              ],
              [
                92.4286532,
                23.43729778
              ]
            ]
          ]
        ]
      },
      "geometry_name": "the_geom",
      "properties": {
        "Slide_no": "MZ/MA/84A07/2023/17",
        "State": "Mizoram",
        "District": "Mamit",
        "Toposheet": "84A07",
        "Latitude": 23.4375,
        "Longitude": 92.4288,
        "Length_m": "40.704",
        "Width_m": "19.405",
        "Height_m": "13",
        "Area_sqm": 570.118,
        "Activity": "Active",
        "GEOMORPHOL": "StrOri - Highly Dissected Hills and Valleys",
        "LITHOLOGIC": "SST WITH SUBORDINATE SILTSTONE,MUDSTONE, SHALE",
        "LULC": "Forest Land Open Forest Semi-Evergreen",
        "Triggering": "Rainfall",
        "Year": "2023",
        "Source": "Resourcesat-2 Liss IV, 10m MaptilerDEM, SISDP-LULC10k(2018-19), India-WRIS, GSI-Geom, GSI-Litho",
        "Basin": "Minor Rivers Draining into Bangladesh",
        "Sub_basin": "Karnaphuli & Others",
        "length_1": 40.704,
        "width_1": 19.405,
        "height_1": 13
      }
    },
    {
      "type": "Feature",
      "id": "LS_MIZORAM_2023.56",
      "geometry": {
        "type": "MultiPolygon",
        "coordinates": [
          [
            [
              [
                92.42924563,
                23.38833666
              ],
              [
                92.42924563,
                23.38974281
              ],
              [
                92.43017321,
                23.38974281
              ],
              [
                92.43017321,
                23.38833666
              ],
              [
                92.42924563,
                23.38833666
              ]
            ]
          ]
        ]
      },
      "geometry_name": "the_geom",
      "properties": {
        "Slide_no": "MZ/MA/84A07/2023/18",
        "State": "Mizoram",
        "District": "Mamit",
        "Toposheet": "84A07",
        "Latitude": 23.389,
        "Longitude": 92.4297,
        "Length_m": "38.682",
        "Width_m": "7.092",
        "Height_m": "4",
        "Area_sqm": 10638.7,
        "Activity": "Active",
        "GEOMORPHOL": "StrOri - Highly Dissected Hills and Valleys",
        "LITHOLOGIC": "SST WITH SUBORDINATE SILTSTONE,MUDSTONE, SHALE",
        "LULC": "Built Up Transportation Transport Network",
        "Triggering": "Rainfall",
        "Year": "2023",
        "Source": "Resourcesat-2 Liss IV, 10m MaptilerDEM, SISDP-LULC10k(2018-19), India-WRIS, GSI-Geom, GSI-Litho",
        "Basin": "Minor Rivers Draining into Bangladesh",
        "Sub_basin": "Karnaphuli & Others",
        "length_1": 38.682,
        "width_1": 7.092,
        "height_1": 4
      }
    },
    {
      "type": "Feature",
      "id": "LS_MIZORAM_2023.57",
      "geometry": {
        "type": "MultiPolygon",
        "coordinates": [
          [
            [
              [
                92.62309002,
                23.95241603
              ],
              [
                92.62309002,
                23.95273601
              ],
              [
                92.62342805,
                23.95273601
              ],
              [
                92.62342805,
                23.95241603
              ],
              [
                92.62309002,
                23.95241603
              ]
            ]
          ]
        ]
      },
      "geometry_name": "the_geom",
      "properties": {
        "Slide_no": "MZ/MA/84A09/2023/1",
        "State": "Mizoram",
        "District": "Mamit",
        "Toposheet": "84A09",
        "Latitude": 23.9526,
        "Longitude": 92.6232,
        "Length_m": "34.662",
        "Width_m": "33.209",
        "Height_m": "10",
        "Area_sqm": 900.119,
        "Activity": "Active",
        "GEOMORPHOL": "Synformal Valley",
        "LITHOLOGIC": "SHALE, SILTSTONE AND MUDSTONE WITH SANDSTONE",
        "LULC": "Forest Land Closed Forest Deciduous",
        "Triggering": "Rainfall",
        "Year": "2023",
        "Source": "Resourcesat-2 Liss IV, 10m MaptilerDEM, SISDP-LULC10K(2018-19), India-WRIS, GSI-Geom, GSI-Litho",
        "Basin": "Barak & Others",
        "Sub_basin": "Barak",
        "length_1": 34.662,
        "width_1": 33.209,
        "height_1": 10
      }
    },
    {
      "type": "Feature",
      "id": "LS_MIZORAM_2023.58",
      "geometry": {
        "type": "MultiPolygon",
        "coordinates": [
          [
            [
              [
                92.68107439,
                23.90037033
              ],
              [
                92.68107439,
                23.90080497
              ],
              [
                92.68185481,
                23.90080497
              ],
              [
                92.68185481,
                23.90037033
              ],
              [
                92.68107439,
                23.90037033
              ]
            ]
          ]
        ]
      },
      "geometry_name": "the_geom",
      "properties": {
        "Slide_no": "MZ/KO/84A09/2023/2",
        "State": "Mizoram",
        "District": "Kolasib",
        "Toposheet": "84A09",
        "Latitude": 23.9008,
        "Longitude": 92.6816,
        "Length_m": "74.851",
        "Width_m": "22.135",
        "Height_m": "30",
        "Area_sqm": 1347.99,
        "Activity": "Active",
        "GEOMORPHOL": "FluOri - Younger Alluvial plain",
        "LITHOLOGIC": "SST WITH SUBORDINATE SILTSTONE,MUDSTONE, SHALE",
        "LULC": "Forest Land Closed Forest Deciduous",
        "Triggering": "Rainfall",
        "Year": "2023",
        "Source": "Resourcesat-2 Liss IV, 10m MaptilerDEM, SISDP-LULC10K(2018-19), India-WRIS, GSI-Geom, GSI-Litho",
        "Basin": "Barak & Others",
        "Sub_basin": "Barak",
        "length_1": 74.851,
        "width_1": 22.135,
        "height_1": 30
      }
    },
    {
      "type": "Feature",
      "id": "LS_MIZORAM_2023.59",
      "geometry": {
        "type": "MultiPolygon",
        "coordinates": [
          [
            [
              [
                92.66211337,
                23.88477685
              ],
              [
                92.66211337,
                23.88501012
              ],
              [
                92.66240419,
                23.88501012
              ],
              [
                92.66240419,
                23.88477685
              ],
              [
                92.66211337,
                23.88477685
              ]
            ]
          ]
        ]
      },
      "geometry_name": "the_geom",
      "properties": {
        "Slide_no": "MZ/KO/84A09/2023/3",
        "State": "Mizoram",
        "District": "Kolasib",
        "Toposheet": "84A09",
        "Latitude": 23.885,
        "Longitude": 92.6624,
        "Length_m": "36.506",
        "Width_m": "16.972",
        "Height_m": "4",
        "Area_sqm": 495.838,
        "Activity": "Active",
        "GEOMORPHOL": "FluOri - Younger Alluvial plain",
        "LITHOLOGIC": "SHALE, SILTSTONE AND MUDSTONE WITH SANDSTONE",
        "LULC": "Forest Land Closed Forest Deciduous",
        "Triggering": "Rainfall",
        "Year": "2023",
        "Source": "Resourcesat-2 Liss IV, 10m MaptilerDEM, SISDP-LULC10K(2018-19), India-WRIS, GSI-Geom, GSI-Litho",
        "Basin": "Barak & Others",
        "Sub_basin": "Barak",
        "length_1": 36.506,
        "width_1": 16.972,
        "height_1": 4
      }
    },
    {
      "type": "Feature",
      "id": "LS_MIZORAM_2023.60",
      "geometry": {
        "type": "MultiPolygon",
        "coordinates": [
          [
            [
              [
                92.51933992,
                23.77966769
              ],
              [
                92.51933992,
                23.78041657
              ],
              [
                92.51997109,
                23.78041657
              ],
              [
                92.51997109,
                23.77966769
              ],
              [
                92.51933992,
                23.77966769
              ]
            ]
          ]
        ]
      },
      "geometry_name": "the_geom",
      "properties": {
        "Slide_no": "MZ/MA/84A09/2023/4",
        "State": "Mizoram",
        "District": "Mamit",
        "Toposheet": "84A09",
        "Latitude": 23.78,
        "Longitude": 92.5196,
        "Length_m": "31.814",
        "Width_m": "23.954",
        "Height_m": "4",
        "Area_sqm": 2605.96,
        "Activity": "Active",
        "GEOMORPHOL": "Antiformal Hill",
        "LITHOLOGIC": "SST WITH SUBORDINATE SILTSTONE,MUDSTONE, SHALE",
        "LULC": "Forest Land Open Forest Semi-Evergreen",
        "Triggering": "Rainfall",
        "Year": "2023",
        "Source": "Resourcesat-2 Liss IV, 10m MaptilerDEM, SISDP-LULC10K(2018-19), India-WRIS, GSI-Geom, GSI-Litho",
        "Basin": "Barak & Others",
        "Sub_basin": "Barak",
        "length_1": 31.814,
        "width_1": 23.954,
        "height_1": 4
      }
    },
    {
      "type": "Feature",
      "id": "LS_MIZORAM_2023.61",
      "geometry": {
        "type": "MultiPolygon",
        "coordinates": [
          [
            [
              [
                92.65803004,
                23.82513113
              ],
              [
                92.65803004,
                23.82538204
              ],
              [
                92.65831602,
                23.82538204
              ],
              [
                92.65831602,
                23.82513113
              ],
              [
                92.65803004,
                23.82513113
              ]
            ]
          ]
        ]
      },
      "geometry_name": "the_geom",
      "properties": {
        "Slide_no": "MZ/AI/84A09/2023/5",
        "State": "Mizoram",
        "District": "Aizawl",
        "Toposheet": "84A09",
        "Latitude": 23.8253,
        "Longitude": 92.6582,
        "Length_m": "32.979",
        "Width_m": "22.028",
        "Height_m": "6",
        "Area_sqm": 557.412,
        "Activity": "Active",
        "GEOMORPHOL": "FluOri - Younger Alluvial plain",
        "LITHOLOGIC": "SHALE, SILTSTONE AND MUDSTONE WITH SANDSTONE",
        "LULC": "Wasteland Dense Scrub Land",
        "Triggering": "Rainfall",
        "Year": "2023",
        "Source": "Resourcesat-2 Liss IV, 10m MaptilerDEM, SISDP-LULC10K(2018-19), India-WRIS, GSI-Geom, GSI-Litho",
        "Basin": "Barak & Others",
        "Sub_basin": "Barak",
        "length_1": 32.979,
        "width_1": 22.028,
        "height_1": 6
      }
    },
    {
      "type": "Feature",
      "id": "LS_MIZORAM_2023.62",
      "geometry": {
        "type": "MultiPolygon",
        "coordinates": [
          [
            [
              [
                92.66428438,
                23.83818144
              ],
              [
                92.66428438,
                23.83869037
              ],
              [
                92.66456554,
                23.83869037
              ],
              [
                92.66456554,
                23.83818144
              ],
              [
                92.66428438,
                23.83818144
              ]
            ]
          ]
        ]
      },
      "geometry_name": "the_geom",
      "properties": {
        "Slide_no": "MZ/AI/84A09/2023/6",
        "State": "Mizoram",
        "District": "Aizawl",
        "Toposheet": "84A09",
        "Latitude": 23.8384,
        "Longitude": 92.6644,
        "Length_m": "56.287",
        "Width_m": "27.089",
        "Height_m": "8",
        "Area_sqm": 1083.67,
        "Activity": "Active",
        "GEOMORPHOL": "FluOri - Younger Alluvial plain",
        "LITHOLOGIC": "SHALE, SILTSTONE AND MUDSTONE WITH SANDSTONE",
        "LULC": "Forest Land Open Forest Semi-Evergreen",
        "Triggering": "Rainfall",
        "Year": "2023",
        "Source": "Resourcesat-2 Liss IV, 10m MaptilerDEM, SISDP-LULC10K(2018-19), India-WRIS, GSI-Geom, GSI-Litho",
        "Basin": "Barak & Others",
        "Sub_basin": "Barak",
        "length_1": 56.287,
        "width_1": 27.089,
        "height_1": 8
      }
    },
    {
      "type": "Feature",
      "id": "LS_MIZORAM_2023.63",
      "geometry": {
        "type": "MultiPolygon",
        "coordinates": [
          [
            [
              [
                92.53340252,
                23.77119309
              ],
              [
                92.53340252,
                23.77154616
              ],
              [
                92.53387573,
                23.77154616
              ],
              [
                92.53387573,
                23.77119309
              ],
              [
                92.53340252,
                23.77119309
              ]
            ]
          ]
        ]
      },
      "geometry_name": "the_geom",
      "properties": {
        "Slide_no": "MZ/MA/84A09/2023/7",
        "State": "Mizoram",
        "District": "Mamit",
        "Toposheet": "84A09",
        "Latitude": 23.7714,
        "Longitude": 92.5337,
        "Length_m": "47.372",
        "Width_m": "26.863",
        "Height_m": "13",
        "Area_sqm": 1097.25,
        "Activity": "Active",
        "GEOMORPHOL": "Antiformal Hill",
        "LITHOLOGIC": "GREY SANDY SPLINTERY SHALE, SILTSTONE AND MUDSTONE",
        "LULC": "Forest Land Closed Forest Deciduous",
        "Triggering": "Rainfall",
        "Year": "2023",
        "Source": "Resourcesat-2 Liss IV, 10m MaptilerDEM, SISDP-LULC10K(2018-19), India-WRIS, GSI-Geom, GSI-Litho",
        "Basin": "Barak & Others",
        "Sub_basin": "Barak",
        "length_1": 47.372,
        "width_1": 26.863,
        "height_1": 13
      }
    },
    {
      "type": "Feature",
      "id": "LS_MIZORAM_2023.64",
      "geometry": {
        "type": "MultiPolygon",
        "coordinates": [
          [
            [
              [
                92.6619201,
                23.7636305
              ],
              [
                92.6619201,
                23.76489736
              ],
              [
                92.66297085,
                23.76489736
              ],
              [
                92.66297085,
                23.7636305
              ],
              [
                92.6619201,
                23.7636305
              ]
            ]
          ]
        ]
      },
      "geometry_name": "the_geom",
      "properties": {
        "Slide_no": "MZ/AI/84A09/2023/8",
        "State": "Mizoram",
        "District": "Aizawl",
        "Toposheet": "84A09",
        "Latitude": 23.7642,
        "Longitude": 92.6624,
        "Length_m": "120.496",
        "Width_m": "74.687",
        "Height_m": "18",
        "Area_sqm": 7468.62,
        "Activity": "Active",
        "GEOMORPHOL": "FluOri - Younger Alluvial plain",
        "LITHOLOGIC": "SST WITH SUBORDINATE SILTSTONE,MUDSTONE, SHALE",
        "LULC": "Forest Land Open Forest Semi-Evergreen",
        "Triggering": "Rainfall",
        "Year": "2023",
        "Source": "Resourcesat-2 Liss IV, 10m MaptilerDEM, SISDP-LULC10K(2018-19), India-WRIS, GSI-Geom, GSI-Litho",
        "Basin": "Barak & Others",
        "Sub_basin": "Barak",
        "length_1": 120.496,
        "width_1": 74.687,
        "height_1": 18
      }
    },
    {
      "type": "Feature",
      "id": "LS_MIZORAM_2023.65",
      "geometry": {
        "type": "MultiPolygon",
        "coordinates": [
          [
            [
              [
                92.69205357,
                23.76351285
              ],
              [
                92.69205357,
                23.76463241
              ],
              [
                92.69281036,
                23.76463241
              ],
              [
                92.69281036,
                23.76351285
              ],
              [
                92.69205357,
                23.76351285
              ]
            ]
          ]
        ]
      },
      "geometry_name": "the_geom",
      "properties": {
        "Slide_no": "MZ/AI/84A09/2023/9",
        "State": "Mizoram",
        "District": "Aizawl",
        "Toposheet": "84A09",
        "Latitude": 23.764,
        "Longitude": 92.6924,
        "Length_m": "96.274",
        "Width_m": "17.6",
        "Height_m": "3",
        "Area_sqm": 4453.98,
        "Activity": "Active",
        "GEOMORPHOL": "StrOri - Highly Dissected Hills and Valleys",
        "LITHOLOGIC": "SST WITH SUBORDINATE SILTSTONE,MUDSTONE, SHALE",
        "LULC": "Forest Land Closed Forest Semi-Evergreen",
        "Triggering": "Rainfall",
        "Year": "2023",
        "Source": "Resourcesat-2 Liss IV, 10m MaptilerDEM, SISDP-LULC10K(2018-19), India-WRIS, GSI-Geom, GSI-Litho",
        "Basin": "Barak & Others",
        "Sub_basin": "Barak",
        "length_1": 96.274,
        "width_1": 17.6,
        "height_1": 3
      }
    },
    {
      "type": "Feature",
      "id": "LS_MIZORAM_2023.66",
      "geometry": {
        "type": "MultiPolygon",
        "coordinates": [
          [
            [
              [
                92.61737036,
                23.91448328
              ],
              [
                92.61737036,
                23.91529626
              ],
              [
                92.61785743,
                23.91529626
              ],
              [
                92.61785743,
                23.91448328
              ],
              [
                92.61737036,
                23.91448328
              ]
            ]
          ]
        ]
      },
      "geometry_name": "the_geom",
      "properties": {
        "Slide_no": "MZ/MA/84A09/2023/10",
        "State": "Mizoram",
        "District": "Mamit",
        "Toposheet": "84A09",
        "Latitude": 23.9149,
        "Longitude": 92.6176,
        "Length_m": "90.829",
        "Width_m": "46.448",
        "Height_m": "6",
        "Area_sqm": 2942.02,
        "Activity": "Active",
        "GEOMORPHOL": "Antiformal Hill",
        "LITHOLOGIC": "SHALE, SILTSTONE AND MUDSTONE WITH SANDSTONE",
        "LULC": "Others - Shifting Cultivation Area",
        "Triggering": "Rainfall",
        "Year": "2023",
        "Source": "Resourcesat-2 Liss IV, 10m MaptilerDEM, SISDP-LULC10K(2018-19), India-WRIS, GSI-Geom, GSI-Litho",
        "Basin": "Barak & Others",
        "Sub_basin": "Barak",
        "length_1": 90.829,
        "width_1": 46.448,
        "height_1": 6
      }
    },
    {
      "type": "Feature",
      "id": "LS_MIZORAM_2023.67",
      "geometry": {
        "type": "MultiPolygon",
        "coordinates": [
          [
            [
              [
                92.6803396,
                23.8999949
              ],
              [
                92.6803396,
                23.90042987
              ],
              [
                92.68142942,
                23.90042987
              ],
              [
                92.68142942,
                23.8999949
              ],
              [
                92.6803396,
                23.8999949
              ]
            ]
          ]
        ]
      },
      "geometry_name": "the_geom",
      "properties": {
        "Slide_no": "MZ/KO/84A09/2023/11",
        "State": "Mizoram",
        "District": "Kolasib",
        "Toposheet": "84A09",
        "Latitude": 23.9002,
        "Longitude": 92.6811,
        "Length_m": "66.776",
        "Width_m": "58.631",
        "Height_m": "43",
        "Area_sqm": 2589.49,
        "Activity": "Active",
        "GEOMORPHOL": "FluOri - Younger Alluvial plain",
        "LITHOLOGIC": "SST WITH SUBORDINATE SILTSTONE,MUDSTONE, SHALE",
        "LULC": "Forest Land Closed Forest Deciduous",
        "Triggering": "Rainfall",
        "Year": "2023",
        "Source": "Resourcesat-2 Liss IV, 10m MaptilerDEM, SISDP-LULC10K(2018-19), India-WRIS, GSI-Geom, GSI-Litho",
        "Basin": "Barak & Others",
        "Sub_basin": "Barak",
        "length_1": 66.776,
        "width_1": 58.631,
        "height_1": 43
      }
    },
    {
      "type": "Feature",
      "id": "LS_MIZORAM_2023.68",
      "geometry": {
        "type": "MultiPolygon",
        "coordinates": [
          [
            [
              [
                92.66930842,
                23.98307461
              ],
              [
                92.66930842,
                23.98349539
              ],
              [
                92.66989172,
                23.98349539
              ],
              [
                92.66989172,
                23.98307461
              ],
              [
                92.66930842,
                23.98307461
              ]
            ]
          ]
        ]
      },
      "geometry_name": "the_geom",
      "properties": {
        "Slide_no": "MZ/KO/84A09/2023/12",
        "State": "Mizoram",
        "District": "Kolasib",
        "Toposheet": "84A09",
        "Latitude": 23.9833,
        "Longitude": 92.6696,
        "Length_m": "45.889",
        "Width_m": "44.17",
        "Height_m": "6",
        "Area_sqm": 1886.21,
        "Activity": "Active",
        "GEOMORPHOL": "StrOri - Moderately Dissected Hills and Valleys",
        "LITHOLOGIC": "SST WITH SUBORDINATE SILTSTONE,MUDSTONE, SHALE",
        "LULC": "Forest Land Open Forest Semi-Evergreen",
        "Triggering": "Rainfall",
        "Year": "2023",
        "Source": "Resourcesat-2 Liss IV, 10m MaptilerDEM, SISDP-LULC10K(2018-19), India-WRIS, GSI-Geom, GSI-Litho",
        "Basin": "Barak & Others",
        "Sub_basin": "Barak",
        "length_1": 45.889,
        "width_1": 44.17,
        "height_1": 6
      }
    },
    {
      "type": "Feature",
      "id": "LS_MIZORAM_2023.69",
      "geometry": {
        "type": "MultiPolygon",
        "coordinates": [
          [
            [
              [
                92.6771601,
                23.97408423
              ],
              [
                92.6771601,
                23.97479006
              ],
              [
                92.67784832,
                23.97479006
              ],
              [
                92.67784832,
                23.97408423
              ],
              [
                92.6771601,
                23.97408423
              ]
            ]
          ]
        ]
      },
      "geometry_name": "the_geom",
      "properties": {
        "Slide_no": "MZ/KO/84A09/2023/13",
        "State": "Mizoram",
        "District": "Kolasib",
        "Toposheet": "84A09",
        "Latitude": 23.9744,
        "Longitude": 92.6775,
        "Length_m": "89.628",
        "Width_m": "47.253",
        "Height_m": "9",
        "Area_sqm": 2919.19,
        "Activity": "Active",
        "GEOMORPHOL": "StrOri - Moderately Dissected Hills and Valleys",
        "LITHOLOGIC": "SST WITH SUBORDINATE SILTSTONE,MUDSTONE, SHALE",
        "LULC": "Forest Land Open Forest Semi-Evergreen",
        "Triggering": "Rainfall",
        "Year": "2023",
        "Source": "Resourcesat-2 Liss IV, 10m MaptilerDEM, SISDP-LULC10K(2018-19), India-WRIS, GSI-Geom, GSI-Litho",
        "Basin": "Barak & Others",
        "Sub_basin": "Barak",
        "length_1": 89.628,
        "width_1": 47.253,
        "height_1": 9
      }
    },
    {
      "type": "Feature",
      "id": "LS_MIZORAM_2023.70",
      "geometry": {
        "type": "MultiPolygon",
        "coordinates": [
          [
            [
              [
                92.65428375,
                23.88113634
              ],
              [
                92.65428375,
                23.8816383
              ],
              [
                92.6549856,
                23.8816383
              ],
              [
                92.6549856,
                23.88113634
              ],
              [
                92.65428375,
                23.88113634
              ]
            ]
          ]
        ]
      },
      "geometry_name": "the_geom",
      "properties": {
        "Slide_no": "MZ/AI/84A09/2023/14",
        "State": "Mizoram",
        "District": "Aizawl",
        "Toposheet": "84A09",
        "Latitude": 23.8814,
        "Longitude": 92.6547,
        "Length_m": "51.404",
        "Width_m": "28.141",
        "Height_m": "3",
        "Area_sqm": 2860.39,
        "Activity": "Active",
        "GEOMORPHOL": "FluOri - Younger Alluvial plain",
        "LITHOLOGIC": "SHALE, SILTSTONE AND MUDSTONE WITH SANDSTONE",
        "LULC": "Others - Shifting Cultivation Area",
        "Triggering": "Rainfall",
        "Year": "2023",
        "Source": "Resourcesat-2 Liss IV, 10m MaptilerDEM, SISDP-LULC10K(2018-19), India-WRIS, GSI-Geom, GSI-Litho",
        "Basin": "Barak & Others",
        "Sub_basin": "Barak",
        "length_1": 51.404,
        "width_1": 28.141,
        "height_1": 3
      }
    },
    {
      "type": "Feature",
      "id": "LS_MIZORAM_2023.71",
      "geometry": {
        "type": "MultiPolygon",
        "coordinates": [
          [
            [
              [
                92.60886538,
                23.8260427
              ],
              [
                92.60886538,
                23.82632865
              ],
              [
                92.60952062,
                23.82632865
              ],
              [
                92.60952062,
                23.8260427
              ],
              [
                92.60886538,
                23.8260427
              ]
            ]
          ]
        ]
      },
      "geometry_name": "the_geom",
      "properties": {
        "Slide_no": "MZ/AI/84A09/2023/15",
        "State": "Mizoram",
        "District": "Aizawl",
        "Toposheet": "84A09",
        "Latitude": 23.8262,
        "Longitude": 92.6092,
        "Length_m": "70.269",
        "Width_m": "24.433",
        "Height_m": "10",
        "Area_sqm": 1226.06,
        "Activity": "Active",
        "GEOMORPHOL": "Synformal Valley",
        "LITHOLOGIC": "FERRUGINOUS SANDSTONE WITH SILTSTONE AND CLAY",
        "LULC": "Forest Land Closed Forest Deciduous",
        "Triggering": "Rainfall",
        "Year": "2023",
        "Source": "Resourcesat-2 Liss IV, 10m MaptilerDEM, SISDP-LULC10K(2018-19), India-WRIS, GSI-Geom, GSI-Litho",
        "Basin": "Barak & Others",
        "Sub_basin": "Barak",
        "length_1": 70.269,
        "width_1": 24.433,
        "height_1": 10
      }
    },
    {
      "type": "Feature",
      "id": "LS_MIZORAM_2023.72",
      "geometry": {
        "type": "MultiPolygon",
        "coordinates": [
          [
            [
              [
                92.6156382,
                23.81203673
              ],
              [
                92.6156382,
                23.81235257
              ],
              [
                92.61585656,
                23.81235257
              ],
              [
                92.61585656,
                23.81203673
              ],
              [
                92.6156382,
                23.81203673
              ]
            ]
          ]
        ]
      },
      "geometry_name": "the_geom",
      "properties": {
        "Slide_no": "MZ/AI/84A09/2023/16",
        "State": "Mizoram",
        "District": "Aizawl",
        "Toposheet": "84A09",
        "Latitude": 23.8122,
        "Longitude": 92.6158,
        "Length_m": "34.925",
        "Width_m": "22.225",
        "Height_m": "6",
        "Area_sqm": 630.045,
        "Activity": "Active",
        "GEOMORPHOL": "Synformal Valley",
        "LITHOLOGIC": "FERRUGINOUS SANDSTONE WITH SILTSTONE AND CLAY",
        "LULC": "Forest Land Open Forest Semi-Evergreen",
        "Triggering": "Rainfall",
        "Year": "2023",
        "Source": "Resourcesat-2 Liss IV, 10m MaptilerDEM, SISDP-LULC10K(2018-19), India-WRIS, GSI-Geom, GSI-Litho",
        "Basin": "Barak & Others",
        "Sub_basin": "Barak",
        "length_1": 34.925,
        "width_1": 22.225,
        "height_1": 6
      }
    },
    {
      "type": "Feature",
      "id": "LS_MIZORAM_2023.73",
      "geometry": {
        "type": "MultiPolygon",
        "coordinates": [
          [
            [
              [
                92.56026026,
                23.7657825
              ],
              [
                92.56026026,
                23.76633735
              ],
              [
                92.56057127,
                23.76633735
              ],
              [
                92.56057127,
                23.7657825
              ],
              [
                92.56026026,
                23.7657825
              ]
            ]
          ]
        ]
      },
      "geometry_name": "the_geom",
      "properties": {
        "Slide_no": "MZ/MA/84A09/2023/17",
        "State": "Mizoram",
        "District": "Mamit",
        "Toposheet": "84A09",
        "Latitude": 23.7661,
        "Longitude": 92.5604,
        "Length_m": "62.844",
        "Width_m": "29.379",
        "Height_m": "6",
        "Area_sqm": 1306.01,
        "Activity": "Active",
        "GEOMORPHOL": "Antiformal Hill",
        "LITHOLOGIC": "GREY SANDY SPLINTERY SHALE, SILTSTONE AND MUDSTONE",
        "LULC": "Forest Land Open Forest Semi-Evergreen",
        "Triggering": "Rainfall",
        "Year": "2023",
        "Source": "Resourcesat-2 Liss IV, 10m MaptilerDEM, SISDP-LULC10K(2018-19), India-WRIS, GSI-Geom, GSI-Litho",
        "Basin": "Barak & Others",
        "Sub_basin": "Barak",
        "length_1": 62.844,
        "width_1": 29.379,
        "height_1": 6
      }
    },
    {
      "type": "Feature",
      "id": "LS_MIZORAM_2023.74",
      "geometry": {
        "type": "MultiPolygon",
        "coordinates": [
          [
            [
              [
                92.53703875,
                23.76145639
              ],
              [
                92.53703875,
                23.76172492
              ],
              [
                92.53768227,
                23.76172492
              ],
              [
                92.53768227,
                23.76145639
              ],
              [
                92.53703875,
                23.76145639
              ]
            ]
          ]
        ]
      },
      "geometry_name": "the_geom",
      "properties": {
        "Slide_no": "MZ/MA/84A09/2023/18",
        "State": "Mizoram",
        "District": "Mamit",
        "Toposheet": "84A09",
        "Latitude": 23.7616,
        "Longitude": 92.5374,
        "Length_m": "24.96",
        "Width_m": "6.148",
        "Height_m": "5",
        "Area_sqm": 1474.01,
        "Activity": "Active",
        "GEOMORPHOL": "Antiformal Hill",
        "LITHOLOGIC": "GREY SANDY SPLINTERY SHALE, SILTSTONE AND MUDSTONE",
        "LULC": "Wasteland Dense Scrub Land",
        "Triggering": "Rainfall",
        "Year": "2023",
        "Source": "Resourcesat-2 Liss IV, 10m MaptilerDEM, SISDP-LULC10K(2018-19), India-WRIS, GSI-Geom, GSI-Litho",
        "Basin": "Barak & Others",
        "Sub_basin": "Barak",
        "length_1": 24.96,
        "width_1": 6.148,
        "height_1": 5
      }
    },
    {
      "type": "Feature",
      "id": "LS_MIZORAM_2023.75",
      "geometry": {
        "type": "MultiPolygon",
        "coordinates": [
          [
            [
              [
                92.66638831,
                23.92011846
              ],
              [
                92.66638831,
                23.9204914
              ],
              [
                92.66662199,
                23.9204914
              ],
              [
                92.66662199,
                23.92011846
              ],
              [
                92.66638831,
                23.92011846
              ]
            ]
          ]
        ]
      },
      "geometry_name": "the_geom",
      "properties": {
        "Slide_no": "MZ/KO/84A09/2023/19",
        "State": "Mizoram",
        "District": "Kolasib",
        "Toposheet": "84A09",
        "Latitude": 23.9203,
        "Longitude": 92.6665,
        "Length_m": "38.573",
        "Width_m": "18.644",
        "Height_m": "4",
        "Area_sqm": 633.821,
        "Activity": "Active",
        "GEOMORPHOL": "FluOri - Younger Alluvial plain",
        "LITHOLOGIC": "SHALE, SILTSTONE AND MUDSTONE WITH SANDSTONE",
        "LULC": "Forest Land Closed Forest Deciduous",
        "Triggering": "Rainfall",
        "Year": "2023",
        "Source": "Resourcesat-2 Liss IV, 10m MaptilerDEM, SISDP-LULC10K(2018-19), India-WRIS, GSI-Geom, GSI-Litho",
        "Basin": "Barak & Others",
        "Sub_basin": "Barak",
        "length_1": 38.573,
        "width_1": 18.644,
        "height_1": 4
      }
    },
    {
      "type": "Feature",
      "id": "LS_MIZORAM_2023.76",
      "geometry": {
        "type": "MultiPolygon",
        "coordinates": [
          [
            [
              [
                92.66633502,
                23.91652005
              ],
              [
                92.66633502,
                23.91683577
              ],
              [
                92.66702142,
                23.91683577
              ],
              [
                92.66702142,
                23.91652005
              ],
              [
                92.66633502,
                23.91652005
              ]
            ]
          ]
        ]
      },
      "geometry_name": "the_geom",
      "properties": {
        "Slide_no": "MZ/KO/84A09/2023/20",
        "State": "Mizoram",
        "District": "Kolasib",
        "Toposheet": "84A09",
        "Latitude": 23.9167,
        "Longitude": 92.6667,
        "Length_m": "69.132",
        "Width_m": "33.776",
        "Height_m": "12",
        "Area_sqm": 1718.76,
        "Activity": "Active",
        "GEOMORPHOL": "FluOri - Younger Alluvial plain",
        "LITHOLOGIC": "SHALE, SILTSTONE AND MUDSTONE WITH SANDSTONE",
        "LULC": "Forest Land Open Forest Semi-Evergreen",
        "Triggering": "Rainfall",
        "Year": "2023",
        "Source": "Resourcesat-2 Liss IV, 10m MaptilerDEM, SISDP-LULC10K(2018-19), India-WRIS, GSI-Geom, GSI-Litho",
        "Basin": "Barak & Others",
        "Sub_basin": "Barak",
        "length_1": 69.132,
        "width_1": 33.776,
        "height_1": 12
      }
    },
    {
      "type": "Feature",
      "id": "LS_MIZORAM_2023.77",
      "geometry": {
        "type": "MultiPolygon",
        "coordinates": [
          [
            [
              [
                92.71404578,
                23.85649056
              ],
              [
                92.71404578,
                23.85713499
              ],
              [
                92.71487728,
                23.85713499
              ],
              [
                92.71487728,
                23.85649056
              ],
              [
                92.71404578,
                23.85649056
              ]
            ]
          ]
        ]
      },
      "geometry_name": "the_geom",
      "properties": {
        "Slide_no": "MZ/AI/84A09/2023/21",
        "State": "Mizoram",
        "District": "Aizawl",
        "Toposheet": "84A09",
        "Latitude": 23.8568,
        "Longitude": 92.7144,
        "Length_m": "87.05",
        "Width_m": "58.979",
        "Height_m": "9",
        "Area_sqm": 4235.28,
        "Activity": "Active",
        "GEOMORPHOL": "StrOri - Highly Dissected Hills and Valleys",
        "LITHOLOGIC": "GREY SANDY SPLINTERY SHALE, SILTSTONE AND MUDSTONE",
        "LULC": "Forest Land Closed Forest Semi-Evergreen",
        "Triggering": "Rainfall",
        "Year": "2023",
        "Source": "Resourcesat-2 Liss IV, 10m MaptilerDEM, SISDP-LULC10K(2018-19), India-WRIS, GSI-Geom, GSI-Litho",
        "Basin": "Barak & Others",
        "Sub_basin": "Barak",
        "length_1": 87.05,
        "width_1": 58.979,
        "height_1": 9
      }
    },
    {
      "type": "Feature",
      "id": "LS_MIZORAM_2023.78",
      "geometry": {
        "type": "MultiPolygon",
        "coordinates": [
          [
            [
              [
                92.64731511,
                23.76289992
              ],
              [
                92.64731511,
                23.76361544
              ],
              [
                92.6484592,
                23.76361544
              ],
              [
                92.6484592,
                23.76289992
              ],
              [
                92.64731511,
                23.76289992
              ]
            ]
          ]
        ]
      },
      "geometry_name": "the_geom",
      "properties": {
        "Slide_no": "MZ/AI/84A09/2023/22",
        "State": "Mizoram",
        "District": "Aizawl",
        "Toposheet": "84A09",
        "Latitude": 23.7633,
        "Longitude": 92.6479,
        "Length_m": "28.212",
        "Width_m": "57.174",
        "Height_m": "15",
        "Area_sqm": 4497.8,
        "Activity": "Active",
        "GEOMORPHOL": "FluOri - Younger Alluvial plain",
        "LITHOLOGIC": "SST WITH SUBORDINATE SILTSTONE,MUDSTONE, SHALE",
        "LULC": "Forest Land Open Forest Semi-Evergreen",
        "Triggering": "Rainfall",
        "Year": "2023",
        "Source": "Resourcesat-2 Liss IV, 10m MaptilerDEM, SISDP-LULC10K(2018-19), India-WRIS, GSI-Geom, GSI-Litho",
        "Basin": "Barak & Others",
        "Sub_basin": "Barak",
        "length_1": 28.212,
        "width_1": 57.174,
        "height_1": 15
      }
    },
    {
      "type": "Feature",
      "id": "LS_MIZORAM_2023.79",
      "geometry": {
        "type": "MultiPolygon",
        "coordinates": [
          [
            [
              [
                92.66677242,
                23.78026834
              ],
              [
                92.66677242,
                23.78060286
              ],
              [
                92.66752589,
                23.78060286
              ],
              [
                92.66752589,
                23.78026834
              ],
              [
                92.66677242,
                23.78026834
              ]
            ]
          ]
        ]
      },
      "geometry_name": "the_geom",
      "properties": {
        "Slide_no": "MZ/AI/84A09/2023/23",
        "State": "Mizoram",
        "District": "Aizawl",
        "Toposheet": "84A09",
        "Latitude": 23.7804,
        "Longitude": 92.6672,
        "Length_m": "56.864",
        "Width_m": "37.044",
        "Height_m": "7",
        "Area_sqm": 1788.62,
        "Activity": "Active",
        "GEOMORPHOL": "FluOri - Younger Alluvial plain",
        "LITHOLOGIC": "SST WITH SUBORDINATE SILTSTONE,MUDSTONE, SHALE",
        "LULC": "Forest Land Open Forest Semi-Evergreen",
        "Triggering": "Rainfall",
        "Year": "2023",
        "Source": "Resourcesat-2 Liss IV, 10m MaptilerDEM, SISDP-LULC10K(2018-19), India-WRIS, GSI-Geom, GSI-Litho",
        "Basin": "Barak & Others",
        "Sub_basin": "Barak",
        "length_1": 56.864,
        "width_1": 37.044,
        "height_1": 7
      }
    },
    {
      "type": "Feature",
      "id": "LS_MIZORAM_2023.80",
      "geometry": {
        "type": "MultiPolygon",
        "coordinates": [
          [
            [
              [
                92.66159908,
                23.79194289
              ],
              [
                92.66159908,
                23.79263588
              ],
              [
                92.66186021,
                23.79263588
              ],
              [
                92.66186021,
                23.79194289
              ],
              [
                92.66159908,
                23.79194289
              ]
            ]
          ]
        ]
      },
      "geometry_name": "the_geom",
      "properties": {
        "Slide_no": "MZ/AI/84A09/2023/24",
        "State": "Mizoram",
        "District": "Aizawl",
        "Toposheet": "84A09",
        "Latitude": 23.7923,
        "Longitude": 92.6617,
        "Length_m": "18.385",
        "Width_m": "12.264",
        "Height_m": "8",
        "Area_sqm": 1585.61,
        "Activity": "Active",
        "GEOMORPHOL": "FluOri - Younger Alluvial plain",
        "LITHOLOGIC": "SST WITH SUBORDINATE SILTSTONE,MUDSTONE, SHALE",
        "LULC": "Agriculture Crop Land",
        "Triggering": "Rainfall",
        "Year": "2023",
        "Source": "Resourcesat-2 Liss IV, 10m MaptilerDEM, SISDP-LULC10K(2018-19), India-WRIS, GSI-Geom, GSI-Litho",
        "Basin": "Barak & Others",
        "Sub_basin": "Barak",
        "length_1": 18.385,
        "width_1": 12.264,
        "height_1": 8
      }
    },
    {
      "type": "Feature",
      "id": "LS_MIZORAM_2023.81",
      "geometry": {
        "type": "MultiPolygon",
        "coordinates": [
          [
            [
              [
                92.6646197,
                23.79935802
              ],
              [
                92.6646197,
                23.79995604
              ],
              [
                92.66506074,
                23.79995604
              ],
              [
                92.66506074,
                23.79935802
              ],
              [
                92.6646197,
                23.79935802
              ]
            ]
          ]
        ]
      },
      "geometry_name": "the_geom",
      "properties": {
        "Slide_no": "MZ/AI/84A09/2023/25",
        "State": "Mizoram",
        "District": "Aizawl",
        "Toposheet": "84A09",
        "Latitude": 23.7997,
        "Longitude": 92.6648,
        "Length_m": "50.846",
        "Width_m": "32.217",
        "Height_m": "15",
        "Area_sqm": 1704.61,
        "Activity": "Active",
        "GEOMORPHOL": "FluOri - Younger Alluvial plain",
        "LITHOLOGIC": "SST WITH SUBORDINATE SILTSTONE,MUDSTONE, SHALE",
        "LULC": "Others - Shifting Cultivation Area",
        "Triggering": "Rainfall",
        "Year": "2023",
        "Source": "Resourcesat-2 Liss IV, 10m MaptilerDEM, SISDP-LULC10K(2018-19), India-WRIS, GSI-Geom, GSI-Litho",
        "Basin": "Barak & Others",
        "Sub_basin": "Barak",
        "length_1": 50.846,
        "width_1": 32.217,
        "height_1": 15
      }
    },
    {
      "type": "Feature",
      "id": "LS_MIZORAM_2023.82",
      "geometry": {
        "type": "MultiPolygon",
        "coordinates": [
          [
            [
              [
                92.66618069,
                23.79783326
              ],
              [
                92.66618069,
                23.79874016
              ],
              [
                92.66774026,
                23.79874016
              ],
              [
                92.66774026,
                23.79783326
              ],
              [
                92.66618069,
                23.79783326
              ]
            ]
          ]
        ]
      },
      "geometry_name": "the_geom",
      "properties": {
        "Slide_no": "MZ/AI/84A09/2023/26",
        "State": "Mizoram",
        "District": "Aizawl",
        "Toposheet": "84A09",
        "Latitude": 23.7983,
        "Longitude": 92.6669,
        "Length_m": "149.564",
        "Width_m": "82.828",
        "Height_m": "72",
        "Area_sqm": 10560.2,
        "Activity": "Active",
        "GEOMORPHOL": "FluOri - Younger Alluvial plain",
        "LITHOLOGIC": "SST WITH SUBORDINATE SILTSTONE,MUDSTONE, SHALE",
        "LULC": "Forest Plantation",
        "Triggering": "Rainfall",
        "Year": "2023",
        "Source": "Resourcesat-2 Liss IV, 10m MaptilerDEM, SISDP-LULC10K(2018-19), India-WRIS, GSI-Geom, GSI-Litho",
        "Basin": "Barak & Others",
        "Sub_basin": "Barak",
        "length_1": 149.564,
        "width_1": 82.828,
        "height_1": 72
      }
    },
    {
      "type": "Feature",
      "id": "LS_MIZORAM_2023.83",
      "geometry": {
        "type": "MultiPolygon",
        "coordinates": [
          [
            [
              [
                92.63921743,
                23.79977853
              ],
              [
                92.63921743,
                23.80030459
              ],
              [
                92.63958085,
                23.80030459
              ],
              [
                92.63958085,
                23.79977853
              ],
              [
                92.63921743,
                23.79977853
              ]
            ]
          ]
        ]
      },
      "geometry_name": "the_geom",
      "properties": {
        "Slide_no": "MZ/AI/84A09/2023/27",
        "State": "Mizoram",
        "District": "Aizawl",
        "Toposheet": "84A09",
        "Latitude": 23.8,
        "Longitude": 92.6394,
        "Length_m": "31.317",
        "Width_m": "14.014",
        "Height_m": "7",
        "Area_sqm": 1529.6,
        "Activity": "Active",
        "GEOMORPHOL": "FluOri - Younger Alluvial plain",
        "LITHOLOGIC": "SHALE, SILTSTONE AND MUDSTONE WITH SANDSTONE",
        "LULC": "Agriculture Crop Land",
        "Triggering": "Rainfall",
        "Year": "2023",
        "Source": "Resourcesat-2 Liss IV, 10m MaptilerDEM, SISDP-LULC10K(2018-19), India-WRIS, GSI-Geom, GSI-Litho",
        "Basin": "Barak & Others",
        "Sub_basin": "Barak",
        "length_1": 31.317,
        "width_1": 14.014,
        "height_1": 7
      }
    },
    {
      "type": "Feature",
      "id": "LS_MIZORAM_2023.84",
      "geometry": {
        "type": "MultiPolygon",
        "coordinates": [
          [
            [
              [
                92.63901674,
                23.80649372
              ],
              [
                92.63901674,
                23.80709099
              ],
              [
                92.63932876,
                23.80709099
              ],
              [
                92.63932876,
                23.80649372
              ],
              [
                92.63901674,
                23.80649372
              ]
            ]
          ]
        ]
      },
      "geometry_name": "the_geom",
      "properties": {
        "Slide_no": "MZ/AI/84A09/2023/28",
        "State": "Mizoram",
        "District": "Aizawl",
        "Toposheet": "84A09",
        "Latitude": 23.8068,
        "Longitude": 92.6392,
        "Length_m": "61.115",
        "Width_m": "28.793",
        "Height_m": "11",
        "Area_sqm": 1519.1,
        "Activity": "Active",
        "GEOMORPHOL": "FluOri - Younger Alluvial plain",
        "LITHOLOGIC": "SHALE, SILTSTONE AND MUDSTONE WITH SANDSTONE",
        "LULC": "Forest Land Open Forest Semi-Evergreen",
        "Triggering": "Rainfall",
        "Year": "2023",
        "Source": "Resourcesat-2 Liss IV, 10m MaptilerDEM, SISDP-LULC10K(2018-19), India-WRIS, GSI-Geom, GSI-Litho",
        "Basin": "Barak & Others",
        "Sub_basin": "Barak",
        "length_1": 61.115,
        "width_1": 28.793,
        "height_1": 11
      }
    },
    {
      "type": "Feature",
      "id": "LS_MIZORAM_2023.85",
      "geometry": {
        "type": "MultiPolygon",
        "coordinates": [
          [
            [
              [
                92.64052008,
                23.80778755
              ],
              [
                92.64052008,
                23.8082905
              ],
              [
                92.64122073,
                23.8082905
              ],
              [
                92.64122073,
                23.80778755
              ],
              [
                92.64052008,
                23.80778755
              ]
            ]
          ]
        ]
      },
      "geometry_name": "the_geom",
      "properties": {
        "Slide_no": "MZ/AI/84A09/2023/29",
        "State": "Mizoram",
        "District": "Aizawl",
        "Toposheet": "84A09",
        "Latitude": 23.808,
        "Longitude": 92.6409,
        "Length_m": "29.614",
        "Width_m": "14.816",
        "Height_m": "2",
        "Area_sqm": 1904.13,
        "Activity": "Active",
        "GEOMORPHOL": "FluOri - Younger Alluvial plain",
        "LITHOLOGIC": "SHALE, SILTSTONE AND MUDSTONE WITH SANDSTONE",
        "LULC": "Agriculture Crop Land",
        "Triggering": "Rainfall",
        "Year": "2023",
        "Source": "Resourcesat-2 Liss IV, 10m MaptilerDEM, SISDP-LULC10K(2018-19), India-WRIS, GSI-Geom, GSI-Litho",
        "Basin": "Barak & Others",
        "Sub_basin": "Barak",
        "length_1": 29.614,
        "width_1": 14.816,
        "height_1": 2
      }
    },
    {
      "type": "Feature",
      "id": "LS_MIZORAM_2023.86",
      "geometry": {
        "type": "MultiPolygon",
        "coordinates": [
          [
            [
              [
                92.62827564,
                23.82478169
              ],
              [
                92.62827564,
                23.82534818
              ],
              [
                92.62902318,
                23.82534818
              ],
              [
                92.62902318,
                23.82478169
              ],
              [
                92.62827564,
                23.82478169
              ]
            ]
          ]
        ]
      },
      "geometry_name": "the_geom",
      "properties": {
        "Slide_no": "MZ/AI/84A09/2023/30",
        "State": "Mizoram",
        "District": "Aizawl",
        "Toposheet": "84A09",
        "Latitude": 23.8251,
        "Longitude": 92.6287,
        "Length_m": "15.558",
        "Width_m": "14.055",
        "Height_m": "14",
        "Area_sqm": 2570.48,
        "Activity": "Active",
        "GEOMORPHOL": "Synformal Valley",
        "LITHOLOGIC": "FERRUGINOUS SANDSTONE WITH SILTSTONE AND CLAY",
        "LULC": "Forest Land Open Forest Semi-Evergreen",
        "Triggering": "Rainfall",
        "Year": "2023",
        "Source": "Resourcesat-2 Liss IV, 10m MaptilerDEM, SISDP-LULC10K(2018-19), India-WRIS, GSI-Geom, GSI-Litho",
        "Basin": "Barak & Others",
        "Sub_basin": "Barak",
        "length_1": 15.558,
        "width_1": 14.055,
        "height_1": 14
      }
    },
    {
      "type": "Feature",
      "id": "LS_MIZORAM_2023.87",
      "geometry": {
        "type": "MultiPolygon",
        "coordinates": [
          [
            [
              [
                92.56729939,
                23.87209664
              ],
              [
                92.56729939,
                23.87229751
              ],
              [
                92.56786085,
                23.87229751
              ],
              [
                92.56786085,
                23.87209664
              ],
              [
                92.56729939,
                23.87209664
              ]
            ]
          ]
        ]
      },
      "geometry_name": "the_geom",
      "properties": {
        "Slide_no": "MZ/MA/84A09/2023/31",
        "State": "Mizoram",
        "District": "Mamit",
        "Toposheet": "84A09",
        "Latitude": 23.8722,
        "Longitude": 92.5676,
        "Length_m": "57.15",
        "Width_m": "22.225",
        "Height_m": "13",
        "Area_sqm": 928.681,
        "Activity": "Active",
        "GEOMORPHOL": "Antiformal Hill",
        "LITHOLOGIC": "SST WITH SUBORDINATE SILTSTONE,MUDSTONE, SHALE",
        "LULC": "Forest Land Closed Forest Deciduous",
        "Triggering": "Rainfall",
        "Year": "2023",
        "Source": "Resourcesat-2 Liss IV, 10m MaptilerDEM, SISDP-LULC10K(2018-19), India-WRIS, GSI-Geom, GSI-Litho",
        "Basin": "Barak & Others",
        "Sub_basin": "Barak",
        "length_1": 57.15,
        "width_1": 22.225,
        "height_1": 13
      }
    },
    {
      "type": "Feature",
      "id": "LS_MIZORAM_2023.88",
      "geometry": {
        "type": "MultiPolygon",
        "coordinates": [
          [
            [
              [
                92.55052826,
                23.77182762
              ],
              [
                92.55052826,
                23.77221986
              ],
              [
                92.55118945,
                23.77221986
              ],
              [
                92.55118945,
                23.77182762
              ],
              [
                92.55052826,
                23.77182762
              ]
            ]
          ]
        ]
      },
      "geometry_name": "the_geom",
      "properties": {
        "Slide_no": "MZ/MA/84A09/2023/32",
        "State": "Mizoram",
        "District": "Mamit",
        "Toposheet": "84A09",
        "Latitude": 23.7721,
        "Longitude": 92.5508,
        "Length_m": "74.09",
        "Width_m": "17.794",
        "Height_m": "9",
        "Area_sqm": 1591.41,
        "Activity": "Active",
        "GEOMORPHOL": "Antiformal Hill",
        "LITHOLOGIC": "GREY SANDY SPLINTERY SHALE, SILTSTONE AND MUDSTONE",
        "LULC": "Built Up Transportation Transport Network",
        "Triggering": "Rainfall",
        "Year": "2023",
        "Source": "Resourcesat-2 Liss IV, 10m MaptilerDEM, SISDP-LULC10K(2018-19), India-WRIS, GSI-Geom, GSI-Litho",
        "Basin": "Barak & Others",
        "Sub_basin": "Barak",
        "length_1": 74.09,
        "width_1": 17.794,
        "height_1": 9
      }
    },
    {
      "type": "Feature",
      "id": "LS_MIZORAM_2023.89",
      "geometry": {
        "type": "MultiPolygon",
        "coordinates": [
          [
            [
              [
                92.68333409,
                23.97256348
              ],
              [
                92.68333409,
                23.97285432
              ],
              [
                92.68365845,
                23.97285432
              ],
              [
                92.68365845,
                23.97256348
              ],
              [
                92.68333409,
                23.97256348
              ]
            ]
          ]
        ]
      },
      "geometry_name": "the_geom",
      "properties": {
        "Slide_no": "MZ/KO/84A09/2023/33",
        "State": "Mizoram",
        "District": "Kolasib",
        "Toposheet": "84A09",
        "Latitude": 23.9727,
        "Longitude": 92.6835,
        "Length_m": "17.117",
        "Width_m": "2.318",
        "Height_m": "12",
        "Area_sqm": 684.319,
        "Activity": "Active",
        "GEOMORPHOL": "StrOri - Moderately Dissected Hills and Valleys",
        "LITHOLOGIC": "SST WITH SUBORDINATE SILTSTONE,MUDSTONE, SHALE",
        "LULC": "Forest Land Open Forest Semi-Evergreen",
        "Triggering": "Rainfall",
        "Year": "2023",
        "Source": "Resourcesat-2 Liss IV, 10m MaptilerDEM, SISDP-LULC10K(2018-19), India-WRIS, GSI-Geom, GSI-Litho",
        "Basin": "Barak & Others",
        "Sub_basin": "Barak",
        "length_1": 17.117,
        "width_1": 2.318,
        "height_1": 12
      }
    },
    {
      "type": "Feature",
      "id": "LS_MIZORAM_2023.90",
      "geometry": {
        "type": "MultiPolygon",
        "coordinates": [
          [
            [
              [
                92.48740587,
                23.83758321
              ],
              [
                92.48740587,
                23.83850799
              ],
              [
                92.48835704,
                23.83850799
              ],
              [
                92.48835704,
                23.83758321
              ],
              [
                92.48740587,
                23.83758321
              ]
            ]
          ]
        ]
      },
      "geometry_name": "the_geom",
      "properties": {
        "Slide_no": "MZ/MA/84A09/2023/34",
        "State": "Mizoram",
        "District": "Mamit",
        "Toposheet": "84A09",
        "Latitude": 23.838,
        "Longitude": 92.4878,
        "Length_m": "54.92",
        "Width_m": "51.346",
        "Height_m": "33",
        "Area_sqm": 6951.09,
        "Activity": "Active",
        "GEOMORPHOL": "Ridge",
        "LITHOLOGIC": "SHALE-SILTSTONE SEQUENCE WITH SANDSTONE",
        "LULC": "Forest Land Closed Forest Deciduous",
        "Triggering": "Rainfall",
        "Year": "2023",
        "Source": "Resourcesat-2 Liss IV, 10m MaptilerDEM, SISDP-LULC10K(2018-19), India-WRIS, GSI-Geom, GSI-Litho",
        "Basin": "Barak & Others",
        "Sub_basin": "Barak",
        "length_1": 54.92,
        "width_1": 51.346,
        "height_1": 33
      }
    },
    {
      "type": "Feature",
      "id": "LS_MIZORAM_2023.91",
      "geometry": {
        "type": "MultiPolygon",
        "coordinates": [
          [
            [
              [
                92.61424917,
                23.70630736
              ],
              [
                92.61424917,
                23.70670901
              ],
              [
                92.61450576,
                23.70670901
              ],
              [
                92.61450576,
                23.70630736
              ],
              [
                92.61424917,
                23.70630736
              ]
            ]
          ]
        ]
      },
      "geometry_name": "the_geom",
      "properties": {
        "Slide_no": "MZ/MA/84A10/2023/1",
        "State": "Mizoram",
        "District": "Mamit",
        "Toposheet": "84A10",
        "Latitude": 23.7065,
        "Longitude": 92.6144,
        "Length_m": "45.097",
        "Width_m": "21.457",
        "Height_m": "8",
        "Area_sqm": 797.003,
        "Activity": "Active",
        "GEOMORPHOL": "StrOri - Moderately Dissected Hills and Valleys",
        "LITHOLOGIC": "SST WITH SUBORDINATE SILTSTONE,MUDSTONE, SHALE",
        "LULC": "Agriculture Crop Land",
        "Triggering": "Rainfall",
        "Year": "2023",
        "Source": "Resourcesat-2 Liss IV,10m MaptilerDEM, SISDP-LULC10k(2018-19), India-WRIS, GSI-Geom, GSI-Litho",
        "Basin": "Barak & Others",
        "Sub_basin": "Barak",
        "length_1": 45.097,
        "width_1": 21.457,
        "height_1": 8
      }
    },
    {
      "type": "Feature",
      "id": "LS_MIZORAM_2023.92",
      "geometry": {
        "type": "MultiPolygon",
        "coordinates": [
          [
            [
              [
                92.72913963,
                23.69765808
              ],
              [
                92.72913963,
                23.69810019
              ],
              [
                92.72963296,
                23.69810019
              ],
              [
                92.72963296,
                23.69765808
              ],
              [
                92.72913963,
                23.69765808
              ]
            ]
          ]
        ]
      },
      "geometry_name": "the_geom",
      "properties": {
        "Slide_no": "MZ/AI/84A10/2023/2",
        "State": "Mizoram",
        "District": "Aizawl",
        "Toposheet": "84A10",
        "Latitude": 23.6979,
        "Longitude": 92.7294,
        "Length_m": "49.715",
        "Width_m": "33.622",
        "Height_m": "20",
        "Area_sqm": 1200.36,
        "Activity": "Active",
        "GEOMORPHOL": "StrOri - Highly Dissected Hills and Valleys",
        "LITHOLOGIC": "GREY SANDY SPLINTERY SHALE, SILTSTONE AND MUDSTONE",
        "LULC": "Forest Land Open Forest Semi-Evergreen",
        "Triggering": "Rainfall",
        "Year": "2023",
        "Source": "Resourcesat-2 Liss IV,10m MaptilerDEM, SISDP-LULC10k(2018-19), India-WRIS, GSI-Geom, GSI-Litho",
        "Basin": "Barak & Others",
        "Sub_basin": "Barak",
        "length_1": 49.715,
        "width_1": 33.622,
        "height_1": 20
      }
    },
    {
      "type": "Feature",
      "id": "LS_MIZORAM_2023.93",
      "geometry": {
        "type": "MultiPolygon",
        "coordinates": [
          [
            [
              [
                92.62467672,
                23.68803767
              ],
              [
                92.62467672,
                23.68831107
              ],
              [
                92.62543615,
                23.68831107
              ],
              [
                92.62543615,
                23.68803767
              ],
              [
                92.62467672,
                23.68803767
              ]
            ]
          ]
        ]
      },
      "geometry_name": "the_geom",
      "properties": {
        "Slide_no": "MZ/MA/84A10/2023/3",
        "State": "Mizoram",
        "District": "Mamit",
        "Toposheet": "84A10",
        "Latitude": 23.6882,
        "Longitude": 92.6251,
        "Length_m": "77.252",
        "Width_m": "27.035",
        "Height_m": "12",
        "Area_sqm": 1449.75,
        "Activity": "Active",
        "GEOMORPHOL": "StrOri - Moderately Dissected Hills and Valleys",
        "LITHOLOGIC": "SST WITH SUBORDINATE SILTSTONE,MUDSTONE, SHALE",
        "LULC": "Forest Land Open Forest Semi-Evergreen",
        "Triggering": "Rainfall",
        "Year": "2023",
        "Source": "Resourcesat-2 Liss IV,10m MaptilerDEM, SISDP-LULC10k(2018-19), India-WRIS, GSI-Geom, GSI-Litho",
        "Basin": "Barak & Others",
        "Sub_basin": "Barak",
        "length_1": 77.252,
        "width_1": 27.035,
        "height_1": 12
      }
    },
    {
      "type": "Feature",
      "id": "LS_MIZORAM_2023.94",
      "geometry": {
        "type": "MultiPolygon",
        "coordinates": [
          [
            [
              [
                92.70695294,
                23.68554358
              ],
              [
                92.70695294,
                23.6858952
              ],
              [
                92.7073028,
                23.6858952
              ],
              [
                92.7073028,
                23.68554358
              ],
              [
                92.70695294,
                23.68554358
              ]
            ]
          ]
        ]
      },
      "geometry_name": "the_geom",
      "properties": {
        "Slide_no": "MZ/AI/84A10/2023/4",
        "State": "Mizoram",
        "District": "Aizawl",
        "Toposheet": "84A10",
        "Latitude": 23.6857,
        "Longitude": 92.7071,
        "Length_m": "45.174",
        "Width_m": "25.877",
        "Height_m": "21",
        "Area_sqm": 938.447,
        "Activity": "Active",
        "GEOMORPHOL": "StrOri - Highly Dissected Hills and Valleys",
        "LITHOLOGIC": "SST WITH SUBORDINATE SILTSTONE,MUDSTONE, SHALE",
        "LULC": "Forest Land Open Forest Semi-Evergreen",
        "Triggering": "Rainfall",
        "Year": "2023",
        "Source": "Resourcesat-2 Liss IV,10m MaptilerDEM, SISDP-LULC10k(2018-19), India-WRIS, GSI-Geom, GSI-Litho",
        "Basin": "Barak & Others",
        "Sub_basin": "Barak",
        "length_1": 45.174,
        "width_1": 25.877,
        "height_1": 21
      }
    },
    {
      "type": "Feature",
      "id": "LS_MIZORAM_2023.95",
      "geometry": {
        "type": "MultiPolygon",
        "coordinates": [
          [
            [
              [
                92.70295034,
                23.68353884
              ],
              [
                92.70295034,
                23.68431335
              ],
              [
                92.70335503,
                23.68431335
              ],
              [
                92.70335503,
                23.68353884
              ],
              [
                92.70295034,
                23.68353884
              ]
            ]
          ]
        ]
      },
      "geometry_name": "the_geom",
      "properties": {
        "Slide_no": "MZ/AI/84A10/2023/5",
        "State": "Mizoram",
        "District": "Aizawl",
        "Toposheet": "84A10",
        "Latitude": 23.6839,
        "Longitude": 92.7032,
        "Length_m": "70.006",
        "Width_m": "8.276",
        "Height_m": "4",
        "Area_sqm": 2357.76,
        "Activity": "Active",
        "GEOMORPHOL": "StrOri - Highly Dissected Hills and Valleys",
        "LITHOLOGIC": "SST WITH SUBORDINATE SILTSTONE,MUDSTONE, SHALE",
        "LULC": "Wasteland Dense Scrub Land",
        "Triggering": "Rainfall",
        "Year": "2023",
        "Source": "Resourcesat-2 Liss IV,10m MaptilerDEM, SISDP-LULC10k(2018-19), India-WRIS, GSI-Geom, GSI-Litho",
        "Basin": "Barak & Others",
        "Sub_basin": "Barak",
        "length_1": 70.006,
        "width_1": 8.276,
        "height_1": 4
      }
    },
    {
      "type": "Feature",
      "id": "LS_MIZORAM_2023.96",
      "geometry": {
        "type": "MultiPolygon",
        "coordinates": [
          [
            [
              [
                92.67478056,
                23.68041543
              ],
              [
                92.67478056,
                23.68076938
              ],
              [
                92.67511745,
                23.68076938
              ],
              [
                92.67511745,
                23.68041543
              ],
              [
                92.67478056,
                23.68041543
              ]
            ]
          ]
        ]
      },
      "geometry_name": "the_geom",
      "properties": {
        "Slide_no": "MZ/AI/84A10/2023/6",
        "State": "Mizoram",
        "District": "Aizawl",
        "Toposheet": "84A10",
        "Latitude": 23.6806,
        "Longitude": 92.675,
        "Length_m": "26.053",
        "Width_m": "17.926",
        "Height_m": "12",
        "Area_sqm": 865.116,
        "Activity": "Active",
        "GEOMORPHOL": "StrOri - Highly Dissected Hills and Valleys",
        "LITHOLOGIC": "SST WITH SUBORDINATE SILTSTONE,MUDSTONE, SHALE",
        "LULC": "Agriculture Crop Land",
        "Triggering": "Rainfall",
        "Year": "2023",
        "Source": "Resourcesat-2 Liss IV,10m MaptilerDEM, SISDP-LULC10k(2018-19), India-WRIS, GSI-Geom, GSI-Litho",
        "Basin": "Barak & Others",
        "Sub_basin": "Barak",
        "length_1": 26.053,
        "width_1": 17.926,
        "height_1": 12
      }
    },
    {
      "type": "Feature",
      "id": "LS_MIZORAM_2023.97",
      "geometry": {
        "type": "MultiPolygon",
        "coordinates": [
          [
            [
              [
                92.71953104,
                23.67915567
              ],
              [
                92.71953104,
                23.6796636
              ],
              [
                92.71978373,
                23.6796636
              ],
              [
                92.71978373,
                23.67915567
              ],
              [
                92.71953104,
                23.67915567
              ]
            ]
          ]
        ]
      },
      "geometry_name": "the_geom",
      "properties": {
        "Slide_no": "MZ/AI/84A10/2023/7",
        "State": "Mizoram",
        "District": "Aizawl",
        "Toposheet": "84A10",
        "Latitude": 23.6794,
        "Longitude": 92.7197,
        "Length_m": "55.760",
        "Width_m": "21.244",
        "Height_m": "17",
        "Area_sqm": 872.434,
        "Activity": "Active",
        "GEOMORPHOL": "StrOri - Highly Dissected Hills and Valleys",
        "LITHOLOGIC": "GREY SANDY SPLINTERY SHALE, SILTSTONE AND MUDSTONE",
        "LULC": "Wasteland Barren Rocky",
        "Triggering": "Rainfall",
        "Year": "2023",
        "Source": "Resourcesat-2 Liss IV,10m MaptilerDEM, SISDP-LULC10k(2018-19), India-WRIS, GSI-Geom, GSI-Litho",
        "Basin": "Barak & Others",
        "Sub_basin": "Barak",
        "length_1": 55.76,
        "width_1": 21.244,
        "height_1": 17
      }
    },
    {
      "type": "Feature",
      "id": "LS_MIZORAM_2023.98",
      "geometry": {
        "type": "MultiPolygon",
        "coordinates": [
          [
            [
              [
                92.7226198,
                23.67547312
              ],
              [
                92.7226198,
                23.67601742
              ],
              [
                92.72304891,
                23.67601742
              ],
              [
                92.72304891,
                23.67547312
              ],
              [
                92.7226198,
                23.67547312
              ]
            ]
          ]
        ]
      },
      "geometry_name": "the_geom",
      "properties": {
        "Slide_no": "MZ/AI/84A10/2023/8",
        "State": "Mizoram",
        "District": "Aizawl",
        "Toposheet": "84A10",
        "Latitude": 23.6758,
        "Longitude": 92.7228,
        "Length_m": "72.208",
        "Width_m": "27.872",
        "Height_m": "30",
        "Area_sqm": 1360.89,
        "Activity": "Active",
        "GEOMORPHOL": "StrOri - Highly Dissected Hills and Valleys",
        "LITHOLOGIC": "GREY SANDY SPLINTERY SHALE, SILTSTONE AND MUDSTONE",
        "LULC": "Wasteland Barren Rocky",
        "Triggering": "Rainfall",
        "Year": "2023",
        "Source": "Resourcesat-2 Liss IV,10m MaptilerDEM, SISDP-LULC10k(2018-19), India-WRIS, GSI-Geom, GSI-Litho",
        "Basin": "Barak & Others",
        "Sub_basin": "Barak",
        "length_1": 72.208,
        "width_1": 27.872,
        "height_1": 30
      }
    },
    {
      "type": "Feature",
      "id": "LS_MIZORAM_2023.99",
      "geometry": {
        "type": "MultiPolygon",
        "coordinates": [
          [
            [
              [
                92.69334393,
                23.67321453
              ],
              [
                92.69334393,
                23.67381692
              ],
              [
                92.69424711,
                23.67381692
              ],
              [
                92.69424711,
                23.67321453
              ],
              [
                92.69334393,
                23.67321453
              ]
            ]
          ]
        ]
      },
      "geometry_name": "the_geom",
      "properties": {
        "Slide_no": "MZ/AI/84A10/2023/9",
        "State": "Mizoram",
        "District": "Aizawl",
        "Toposheet": "84A10",
        "Latitude": 23.6735,
        "Longitude": 92.6938,
        "Length_m": "62.678",
        "Width_m": "56.548",
        "Height_m": "20",
        "Area_sqm": 3181.57,
        "Activity": "Active",
        "GEOMORPHOL": "StrOri - Highly Dissected Hills and Valleys",
        "LITHOLOGIC": "SST WITH SUBORDINATE SILTSTONE,MUDSTONE, SHALE",
        "LULC": "Others - Shifting Cultivation Area",
        "Triggering": "Rainfall",
        "Year": "2023",
        "Source": "Resourcesat-2 Liss IV,10m MaptilerDEM, SISDP-LULC10k(2018-19), India-WRIS, GSI-Geom, GSI-Litho",
        "Basin": "Barak & Others",
        "Sub_basin": "Barak",
        "length_1": 62.678,
        "width_1": 56.548,
        "height_1": 20
      }
    },
    {
      "type": "Feature",
      "id": "LS_MIZORAM_2023.100",
      "geometry": {
        "type": "MultiPolygon",
        "coordinates": [
          [
            [
              [
                92.70637353,
                23.66544769
              ],
              [
                92.70637353,
                23.66620764
              ],
              [
                92.70691855,
                23.66620764
              ],
              [
                92.70691855,
                23.66544769
              ],
              [
                92.70637353,
                23.66544769
              ]
            ]
          ]
        ]
      },
      "geometry_name": "the_geom",
      "properties": {
        "Slide_no": "MZ/AI/84A10/2023/10",
        "State": "Mizoram",
        "District": "Aizawl",
        "Toposheet": "84A10",
        "Latitude": 23.6658,
        "Longitude": 92.7067,
        "Length_m": "30.652",
        "Width_m": "19.743",
        "Height_m": "6",
        "Area_sqm": 3013.49,
        "Activity": "Active",
        "GEOMORPHOL": "StrOri - Highly Dissected Hills and Valleys",
        "LITHOLOGIC": "SST WITH SUBORDINATE SILTSTONE,MUDSTONE, SHALE",
        "LULC": "Forest Plantation",
        "Triggering": "Rainfall",
        "Year": "2023",
        "Source": "Resourcesat-2 Liss IV,10m MaptilerDEM, SISDP-LULC10k(2018-19), India-WRIS, GSI-Geom, GSI-Litho",
        "Basin": "Barak & Others",
        "Sub_basin": "Barak",
        "length_1": 30.652,
        "width_1": 19.743,
        "height_1": 6
      }
    },
    {
      "type": "Feature",
      "id": "LS_MIZORAM_2023.101",
      "geometry": {
        "type": "MultiPolygon",
        "coordinates": [
          [
            [
              [
                92.71626188,
                23.66500338
              ],
              [
                92.71626188,
                23.66536906
              ],
              [
                92.7166202,
                23.66536906
              ],
              [
                92.7166202,
                23.66500338
              ],
              [
                92.71626188,
                23.66500338
              ]
            ]
          ]
        ]
      },
      "geometry_name": "the_geom",
      "properties": {
        "Slide_no": "MZ/AI/84A10/2023/11",
        "State": "Mizoram",
        "District": "Aizawl",
        "Toposheet": "84A10",
        "Latitude": 23.6652,
        "Longitude": 92.7164,
        "Length_m": "35.190",
        "Width_m": "14.733",
        "Height_m": "3",
        "Area_sqm": 757.626,
        "Activity": "Active",
        "GEOMORPHOL": "StrOri - Highly Dissected Hills and Valleys",
        "LITHOLOGIC": "GREY SANDY SPLINTERY SHALE, SILTSTONE AND MUDSTONE",
        "LULC": "Wasteland Dense Scrub Land",
        "Triggering": "Rainfall",
        "Year": "2023",
        "Source": "Resourcesat-2 Liss IV,10m MaptilerDEM, SISDP-LULC10k(2018-19), India-WRIS, GSI-Geom, GSI-Litho",
        "Basin": "Barak & Others",
        "Sub_basin": "Barak",
        "length_1": 35.19,
        "width_1": 14.733,
        "height_1": 3
      }
    },
    {
      "type": "Feature",
      "id": "LS_MIZORAM_2023.102",
      "geometry": {
        "type": "MultiPolygon",
        "coordinates": [
          [
            [
              [
                92.68804945,
                23.64567704
              ],
              [
                92.68804945,
                23.64609638
              ],
              [
                92.68860634,
                23.64609638
              ],
              [
                92.68860634,
                23.64567704
              ],
              [
                92.68804945,
                23.64567704
              ]
            ]
          ]
        ]
      },
      "geometry_name": "the_geom",
      "properties": {
        "Slide_no": "MZ/AI/84A10/2023/12",
        "State": "Mizoram",
        "District": "Aizawl",
        "Toposheet": "84A10",
        "Latitude": 23.6459,
        "Longitude": 92.6883,
        "Length_m": "73.287",
        "Width_m": "27.744",
        "Height_m": "22",
        "Area_sqm": 987.939,
        "Activity": "Active",
        "GEOMORPHOL": "StrOri - Highly Dissected Hills and Valleys",
        "LITHOLOGIC": "SST WITH SUBORDINATE SILTSTONE,MUDSTONE, SHALE",
        "LULC": "Forest Land Open Forest Semi-Evergreen",
        "Triggering": "Rainfall",
        "Year": "2023",
        "Source": "Resourcesat-2 Liss IV,10m MaptilerDEM, SISDP-LULC10k(2018-19), India-WRIS, GSI-Geom, GSI-Litho",
        "Basin": "Barak & Others",
        "Sub_basin": "Barak",
        "length_1": 73.287,
        "width_1": 27.744,
        "height_1": 22
      }
    },
    {
      "type": "Feature",
      "id": "LS_MIZORAM_2023.103",
      "geometry": {
        "type": "MultiPolygon",
        "coordinates": [
          [
            [
              [
                92.7200822,
                23.62978516
              ],
              [
                92.7200822,
                23.63019157
              ],
              [
                92.72028281,
                23.63019157
              ],
              [
                92.72028281,
                23.62978516
              ],
              [
                92.7200822,
                23.62978516
              ]
            ]
          ]
        ]
      },
      "geometry_name": "the_geom",
      "properties": {
        "Slide_no": "MZ/AI/84A10/2023/13",
        "State": "Mizoram",
        "District": "Aizawl",
        "Toposheet": "84A10",
        "Latitude": 23.63,
        "Longitude": 92.7202,
        "Length_m": "2.827",
        "Width_m": "43.574",
        "Height_m": "14",
        "Area_sqm": 528.753,
        "Activity": "Active",
        "GEOMORPHOL": "StrOri - Highly Dissected Hills and Valleys",
        "LITHOLOGIC": "GREY SANDY SPLINTERY SHALE, SILTSTONE AND MUDSTONE",
        "LULC": "Forest Land Open Forest Semi-Evergreen",
        "Triggering": "Rainfall",
        "Year": "2023",
        "Source": "Resourcesat-2 Liss IV,10m MaptilerDEM, SISDP-LULC10k(2018-19), India-WRIS, GSI-Geom, GSI-Litho",
        "Basin": "Barak & Others",
        "Sub_basin": "Barak",
        "length_1": 2.827,
        "width_1": 43.574,
        "height_1": 14
      }
    },
    {
      "type": "Feature",
      "id": "LS_MIZORAM_2023.104",
      "geometry": {
        "type": "MultiPolygon",
        "coordinates": [
          [
            [
              [
                92.67842364,
                23.60265649
              ],
              [
                92.67842364,
                23.60330082
              ],
              [
                92.67899301,
                23.60330082
              ],
              [
                92.67899301,
                23.60265649
              ],
              [
                92.67842364,
                23.60265649
              ]
            ]
          ]
        ]
      },
      "geometry_name": "the_geom",
      "properties": {
        "Slide_no": "MZ/AI/84A10/2023/14",
        "State": "Mizoram",
        "District": "Aizawl",
        "Toposheet": "84A10",
        "Latitude": 23.6029,
        "Longitude": 92.6787,
        "Length_m": "89.134",
        "Width_m": "27.681",
        "Height_m": "56",
        "Area_sqm": 1608.5,
        "Activity": "Active",
        "GEOMORPHOL": "StrOri - Highly Dissected Hills and Valleys",
        "LITHOLOGIC": "SST WITH SUBORDINATE SILTSTONE,MUDSTONE, SHALE",
        "LULC": "Forest Land Open Forest Semi-Evergreen",
        "Triggering": "Rainfall",
        "Year": "2023",
        "Source": "Resourcesat-2 Liss IV,10m MaptilerDEM, SISDP-LULC10k(2018-19), India-WRIS, GSI-Geom, GSI-Litho",
        "Basin": "Barak & Others",
        "Sub_basin": "Barak",
        "length_1": 89.134,
        "width_1": 27.681,
        "height_1": 56
      }
    },
    {
      "type": "Feature",
      "id": "LS_MIZORAM_2023.105",
      "geometry": {
        "type": "MultiPolygon",
        "coordinates": [
          [
            [
              [
                92.57513511,
                23.56952601
              ],
              [
                92.57513511,
                23.56993205
              ],
              [
                92.57565691,
                23.56993205
              ],
              [
                92.57565691,
                23.56952601
              ],
              [
                92.57513511,
                23.56952601
              ]
            ]
          ]
        ]
      },
      "geometry_name": "the_geom",
      "properties": {
        "Slide_no": "MZ/MA/84A10/2023/15",
        "State": "Mizoram",
        "District": "Mamit",
        "Toposheet": "84A10",
        "Latitude": 23.5697,
        "Longitude": 92.5754,
        "Length_m": "63.405",
        "Width_m": "25.838",
        "Height_m": "23",
        "Area_sqm": 1262.18,
        "Activity": "Active",
        "GEOMORPHOL": "Antiformal Hill",
        "LITHOLOGIC": "GREY SANDY SPLINTERY SHALE, SILTSTONE AND MUDSTONE",
        "LULC": "Forest Land Open Forest Semi-Evergreen",
        "Triggering": "Rainfall",
        "Year": "2023",
        "Source": "Resourcesat-2 Liss IV,10m MaptilerDEM, SISDP-LULC10k(2018-19), India-WRIS, GSI-Geom, GSI-Litho",
        "Basin": "Barak & Others",
        "Sub_basin": "Barak",
        "length_1": 63.405,
        "width_1": 25.838,
        "height_1": 23
      }
    },
    {
      "type": "Feature",
      "id": "LS_MIZORAM_2023.106",
      "geometry": {
        "type": "MultiPolygon",
        "coordinates": [
          [
            [
              [
                92.50847983,
                23.53483117
              ],
              [
                92.50847983,
                23.53546176
              ],
              [
                92.50942793,
                23.53546176
              ],
              [
                92.50942793,
                23.53483117
              ],
              [
                92.50847983,
                23.53483117
              ]
            ]
          ]
        ]
      },
      "geometry_name": "the_geom",
      "properties": {
        "Slide_no": "MZ/MA/84A10/2023/16",
        "State": "Mizoram",
        "District": "Mamit",
        "Toposheet": "84A10",
        "Latitude": 23.5352,
        "Longitude": 92.509,
        "Length_m": "116.585",
        "Width_m": "23.734",
        "Height_m": "81",
        "Area_sqm": 1922.5,
        "Activity": "Active",
        "GEOMORPHOL": "Antiformal Hill",
        "LITHOLOGIC": "SST WITH SUBORDINATE SILTSTONE,MUDSTONE, SHALE",
        "LULC": "Forest Land Open Forest Semi-Evergreen",
        "Triggering": "Rainfall",
        "Year": "2023",
        "Source": "Resourcesat-2 Liss IV,10m MaptilerDEM, SISDP-LULC10k(2018-19), India-WRIS, GSI-Geom, GSI-Litho",
        "Basin": "Barak & Others",
        "Sub_basin": "Barak",
        "length_1": 116.585,
        "width_1": 23.734,
        "height_1": 81
      }
    },
    {
      "type": "Feature",
      "id": "LS_MIZORAM_2023.107",
      "geometry": {
        "type": "MultiPolygon",
        "coordinates": [
          [
            [
              [
                92.70292611,
                23.68483355
              ],
              [
                92.70292611,
                23.68562333
              ],
              [
                92.70394424,
                23.68562333
              ],
              [
                92.70394424,
                23.68483355
              ],
              [
                92.70292611,
                23.68483355
              ]
            ]
          ]
        ]
      },
      "geometry_name": "the_geom",
      "properties": {
        "Slide_no": "MZ/AI/84A10/2023/17",
        "State": "Mizoram",
        "District": "Aizawl",
        "Toposheet": "84A10",
        "Latitude": 23.6852,
        "Longitude": 92.7035,
        "Length_m": "41.979",
        "Width_m": "48.532",
        "Height_m": "15",
        "Area_sqm": 5346.82,
        "Activity": "Active",
        "GEOMORPHOL": "StrOri - Highly Dissected Hills and Valleys",
        "LITHOLOGIC": "SST WITH SUBORDINATE SILTSTONE,MUDSTONE, SHALE",
        "LULC": "Wasteland Sparse Scrub Land",
        "Triggering": "Rainfall",
        "Year": "2023",
        "Source": "Resourcesat-2 Liss IV,10m MaptilerDEM, SISDP-LULC10k(2018-19), India-WRIS, GSI-Geom, GSI-Litho",
        "Basin": "Barak & Others",
        "Sub_basin": "Barak",
        "length_1": 41.979,
        "width_1": 48.532,
        "height_1": 15
      }
    },
    {
      "type": "Feature",
      "id": "LS_MIZORAM_2023.108",
      "geometry": {
        "type": "MultiPolygon",
        "coordinates": [
          [
            [
              [
                92.67421228,
                23.72888273
              ],
              [
                92.67421228,
                23.72949527
              ],
              [
                92.67466863,
                23.72949527
              ],
              [
                92.67466863,
                23.72888273
              ],
              [
                92.67421228,
                23.72888273
              ]
            ]
          ]
        ]
      },
      "geometry_name": "the_geom",
      "properties": {
        "Slide_no": "MZ/AI/84A10/2023/18",
        "State": "Mizoram",
        "District": "Aizawl",
        "Toposheet": "84A10",
        "Latitude": 23.7292,
        "Longitude": 92.6745,
        "Length_m": "48.996",
        "Width_m": "20.717",
        "Height_m": "7",
        "Area_sqm": 2054.22,
        "Activity": "Active",
        "GEOMORPHOL": "StrOri - Highly Dissected Hills and Valleys",
        "LITHOLOGIC": "SST WITH SUBORDINATE SILTSTONE,MUDSTONE, SHALE",
        "LULC": "Forest Land Open Forest Semi-Evergreen",
        "Triggering": "Rainfall",
        "Year": "2023",
        "Source": "Resourcesat-2 Liss IV,10m MaptilerDEM, SISDP-LULC10k(2018-19), India-WRIS, GSI-Geom, GSI-Litho",
        "Basin": "Barak & Others",
        "Sub_basin": "Barak",
        "length_1": 48.996,
        "width_1": 20.717,
        "height_1": 7
      }
    },
    {
      "type": "Feature",
      "id": "LS_MIZORAM_2023.109",
      "geometry": {
        "type": "MultiPolygon",
        "coordinates": [
          [
            [
              [
                92.69279856,
                23.71635549
              ],
              [
                92.69279856,
                23.71699998
              ],
              [
                92.69321515,
                23.71699998
              ],
              [
                92.69321515,
                23.71635549
              ],
              [
                92.69279856,
                23.71635549
              ]
            ]
          ]
        ]
      },
      "geometry_name": "the_geom",
      "properties": {
        "Slide_no": "MZ/AI/84A10/2023/19",
        "State": "Mizoram",
        "District": "Aizawl",
        "Toposheet": "84A10",
        "Latitude": 23.7167,
        "Longitude": 92.693,
        "Length_m": "78.578",
        "Width_m": "29.913",
        "Height_m": "15",
        "Area_sqm": 1841.12,
        "Activity": "Active",
        "GEOMORPHOL": "StrOri - Highly Dissected Hills and Valleys",
        "LITHOLOGIC": "SST WITH SUBORDINATE SILTSTONE,MUDSTONE, SHALE",
        "LULC": "Built Up Peri Urban",
        "Triggering": "Rainfall",
        "Year": "2023",
        "Source": "Resourcesat-2 Liss IV,10m MaptilerDEM, SISDP-LULC10k(2018-19), India-WRIS, GSI-Geom, GSI-Litho",
        "Basin": "Barak & Others",
        "Sub_basin": "Barak",
        "length_1": 78.578,
        "width_1": 29.913,
        "height_1": 15
      }
    },
    {
      "type": "Feature",
      "id": "LS_MIZORAM_2023.110",
      "geometry": {
        "type": "MultiPolygon",
        "coordinates": [
          [
            [
              [
                92.69818171,
                23.70018668
              ],
              [
                92.69818171,
                23.70121351
              ],
              [
                92.69867669,
                23.70121351
              ],
              [
                92.69867669,
                23.70018668
              ],
              [
                92.69818171,
                23.70018668
              ]
            ]
          ]
        ]
      },
      "geometry_name": "the_geom",
      "properties": {
        "Slide_no": "MZ/AI/84A10/2023/20",
        "State": "Mizoram",
        "District": "Aizawl",
        "Toposheet": "84A10",
        "Latitude": 23.7008,
        "Longitude": 92.6984,
        "Length_m": "115.69",
        "Width_m": "34.441",
        "Height_m": "52",
        "Area_sqm": 2975.2,
        "Activity": "Active",
        "GEOMORPHOL": "StrOri - Highly Dissected Hills and Valleys",
        "LITHOLOGIC": "SST WITH SUBORDINATE SILTSTONE,MUDSTONE, SHALE",
        "LULC": "Built Up Peri Urban",
        "Triggering": "Rainfall",
        "Year": "2023",
        "Source": "Resourcesat-2 Liss IV,10m MaptilerDEM, SISDP-LULC10k(2018-19), India-WRIS, GSI-Geom, GSI-Litho",
        "Basin": "Barak & Others",
        "Sub_basin": "Barak",
        "length_1": 115.69,
        "width_1": 34.441,
        "height_1": 52
      }
    },
    {
      "type": "Feature",
      "id": "LS_MIZORAM_2023.111",
      "geometry": {
        "type": "MultiPolygon",
        "coordinates": [
          [
            [
              [
                92.65241684,
                23.69201399
              ],
              [
                92.65241684,
                23.69288697
              ],
              [
                92.6532443,
                23.69288697
              ],
              [
                92.6532443,
                23.69201399
              ],
              [
                92.65241684,
                23.69201399
              ]
            ]
          ]
        ]
      },
      "geometry_name": "the_geom",
      "properties": {
        "Slide_no": "MZ/MA/84A10/2023/21",
        "State": "Mizoram",
        "District": "Mamit",
        "Toposheet": "84A10",
        "Latitude": 23.6925,
        "Longitude": 92.6528,
        "Length_m": "84.20",
        "Width_m": "25.935",
        "Height_m": "55",
        "Area_sqm": 2536.55,
        "Activity": "Active",
        "GEOMORPHOL": "StrOri - Moderately Dissected Hills and Valleys",
        "LITHOLOGIC": "SST WITH SUBORDINATE SILTSTONE,MUDSTONE, SHALE",
        "LULC": "Forest Land Closed Forest Deciduous",
        "Triggering": "Rainfall",
        "Year": "2023",
        "Source": "Resourcesat-2 Liss IV,10m MaptilerDEM, SISDP-LULC10k(2018-19), India-WRIS, GSI-Geom, GSI-Litho",
        "Basin": "Barak & Others",
        "Sub_basin": "Barak",
        "length_1": 84.2,
        "width_1": 25.935,
        "height_1": 55
      }
    },
    {
      "type": "Feature",
      "id": "LS_MIZORAM_2023.112",
      "geometry": {
        "type": "MultiPolygon",
        "coordinates": [
          [
            [
              [
                92.59257348,
                23.67834299
              ],
              [
                92.59257348,
                23.67876317
              ],
              [
                92.59344869,
                23.67876317
              ],
              [
                92.59344869,
                23.67834299
              ],
              [
                92.59257348,
                23.67834299
              ]
            ]
          ]
        ]
      },
      "geometry_name": "the_geom",
      "properties": {
        "Slide_no": "MZ/MA/84A10/2023/22",
        "State": "Mizoram",
        "District": "Mamit",
        "Toposheet": "84A10",
        "Latitude": 23.6785,
        "Longitude": 92.593,
        "Length_m": "96.048",
        "Width_m": "31.367",
        "Height_m": "6",
        "Area_sqm": 2357.18,
        "Activity": "Active",
        "GEOMORPHOL": "StrOri - Moderately Dissected Hills and Valleys",
        "LITHOLOGIC": "SST WITH SUBORDINATE SILTSTONE,MUDSTONE, SHALE",
        "LULC": "Forest Land Open Forest Semi-Evergreen",
        "Triggering": "Rainfall",
        "Year": "2023",
        "Source": "Resourcesat-2 Liss IV,10m MaptilerDEM, SISDP-LULC10k(2018-19), India-WRIS, GSI-Geom, GSI-Litho",
        "Basin": "Barak & Others",
        "Sub_basin": "Barak",
        "length_1": 96.048,
        "width_1": 31.367,
        "height_1": 6
      }
    },
    {
      "type": "Feature",
      "id": "LS_MIZORAM_2023.113",
      "geometry": {
        "type": "MultiPolygon",
        "coordinates": [
          [
            [
              [
                92.60437234,
                23.63537452
              ],
              [
                92.60437234,
                23.63609221
              ],
              [
                92.6050202,
                23.63609221
              ],
              [
                92.6050202,
                23.63537452
              ],
              [
                92.60437234,
                23.63537452
              ]
            ]
          ]
        ]
      },
      "geometry_name": "the_geom",
      "properties": {
        "Slide_no": "MZ/MA/84A10/2023/23",
        "State": "Mizoram",
        "District": "Mamit",
        "Toposheet": "84A10",
        "Latitude": 23.6357,
        "Longitude": 92.6047,
        "Length_m": "70.530",
        "Width_m": "44.887",
        "Height_m": "17",
        "Area_sqm": 3195.71,
        "Activity": "Active",
        "GEOMORPHOL": "StrOri - Moderately Dissected Hills and Valleys",
        "LITHOLOGIC": "SST WITH SUBORDINATE SILTSTONE,MUDSTONE, SHALE",
        "LULC": "Forest Land Open Forest Semi-Evergreen",
        "Triggering": "Rainfall",
        "Year": "2023",
        "Source": "Resourcesat-2 Liss IV,10m MaptilerDEM, SISDP-LULC10k(2018-19), India-WRIS, GSI-Geom, GSI-Litho",
        "Basin": "Barak & Others",
        "Sub_basin": "Barak",
        "length_1": 70.53,
        "width_1": 44.887,
        "height_1": 17
      }
    },
    {
      "type": "Feature",
      "id": "LS_MIZORAM_2023.114",
      "geometry": {
        "type": "MultiPolygon",
        "coordinates": [
          [
            [
              [
                92.61449204,
                23.63561865
              ],
              [
                92.61449204,
                23.63586443
              ],
              [
                92.61493156,
                23.63586443
              ],
              [
                92.61493156,
                23.63561865
              ],
              [
                92.61449204,
                23.63561865
              ]
            ]
          ]
        ]
      },
      "geometry_name": "the_geom",
      "properties": {
        "Slide_no": "MZ/MA/84A10/2023/24",
        "State": "Mizoram",
        "District": "Mamit",
        "Toposheet": "84A10",
        "Latitude": 23.6357,
        "Longitude": 92.6148,
        "Length_m": "29.370",
        "Width_m": "13.779",
        "Height_m": "6",
        "Area_sqm": 898.426,
        "Activity": "Active",
        "GEOMORPHOL": "StrOri - Moderately Dissected Hills and Valleys",
        "LITHOLOGIC": "SST WITH SUBORDINATE SILTSTONE,MUDSTONE, SHALE",
        "LULC": "Forest Land Open Forest Semi-Evergreen",
        "Triggering": "Rainfall",
        "Year": "2023",
        "Source": "Resourcesat-2 Liss IV,10m MaptilerDEM, SISDP-LULC10k(2018-19), India-WRIS, GSI-Geom, GSI-Litho",
        "Basin": "Barak & Others",
        "Sub_basin": "Barak",
        "length_1": 29.37,
        "width_1": 13.779,
        "height_1": 6
      }
    },
    {
      "type": "Feature",
      "id": "LS_MIZORAM_2023.115",
      "geometry": {
        "type": "MultiPolygon",
        "coordinates": [
          [
            [
              [
                92.51356697,
                23.60825948
              ],
              [
                92.51356697,
                23.60887921
              ],
              [
                92.51437262,
                23.60887921
              ],
              [
                92.51437262,
                23.60825948
              ],
              [
                92.51356697,
                23.60825948
              ]
            ]
          ]
        ]
      },
      "geometry_name": "the_geom",
      "properties": {
        "Slide_no": "MZ/MA/84A10/2023/25",
        "State": "Mizoram",
        "District": "Mamit",
        "Toposheet": "84A10",
        "Latitude": 23.6086,
        "Longitude": 92.514,
        "Length_m": "76.28",
        "Width_m": "42.68",
        "Height_m": "3",
        "Area_sqm": 3069.7,
        "Activity": "Active",
        "GEOMORPHOL": "Antiformal Hill",
        "LITHOLOGIC": "SST WITH SUBORDINATE SILTSTONE,MUDSTONE, SHALE",
        "LULC": "Agriculture Crop Land",
        "Triggering": "Rainfall",
        "Year": "2023",
        "Source": "Resourcesat-2 Liss IV,10m MaptilerDEM, SISDP-LULC10k(2018-19), India-WRIS, GSI-Geom, GSI-Litho",
        "Basin": "Barak & Others",
        "Sub_basin": "Barak",
        "length_1": 76.28,
        "width_1": 42.68,
        "height_1": 3
      }
    },
    {
      "type": "Feature",
      "id": "LS_MIZORAM_2023.116",
      "geometry": {
        "type": "MultiPolygon",
        "coordinates": [
          [
            [
              [
                92.56731549,
                23.54951518
              ],
              [
                92.56731549,
                23.55075624
              ],
              [
                92.56794134,
                23.55075624
              ],
              [
                92.56794134,
                23.54951518
              ],
              [
                92.56731549,
                23.54951518
              ]
            ]
          ]
        ]
      },
      "geometry_name": "the_geom",
      "properties": {
        "Slide_no": "MZ/MA/84A10/2023/26",
        "State": "Mizoram",
        "District": "Mamit",
        "Toposheet": "84A10",
        "Latitude": 23.5502,
        "Longitude": 92.5677,
        "Length_m": "150.215",
        "Width_m": "36.165",
        "Height_m": "90",
        "Area_sqm": 3794.81,
        "Activity": "Active",
        "GEOMORPHOL": "Antiformal Hill",
        "LITHOLOGIC": "SST WITH SUBORDINATE SILTSTONE,MUDSTONE, SHALE",
        "LULC": "Forest Land Open Forest Semi-Evergreen",
        "Triggering": "Rainfall",
        "Year": "2023",
        "Source": "Resourcesat-2 Liss IV,10m MaptilerDEM, SISDP-LULC10k(2018-19), India-WRIS, GSI-Geom, GSI-Litho",
        "Basin": "Barak & Others",
        "Sub_basin": "Barak",
        "length_1": 150.215,
        "width_1": 36.165,
        "height_1": 90
      }
    },
    {
      "type": "Feature",
      "id": "LS_MIZORAM_2023.117",
      "geometry": {
        "type": "MultiPolygon",
        "coordinates": [
          [
            [
              [
                92.56351845,
                23.5445321
              ],
              [
                92.56351845,
                23.54508643
              ],
              [
                92.56372545,
                23.54508643
              ],
              [
                92.56372545,
                23.5445321
              ],
              [
                92.56351845,
                23.5445321
              ]
            ]
          ]
        ]
      },
      "geometry_name": "the_geom",
      "properties": {
        "Slide_no": "MZ/MA/84A10/2023/27",
        "State": "Mizoram",
        "District": "Mamit",
        "Toposheet": "84A10",
        "Latitude": 23.5449,
        "Longitude": 92.5636,
        "Length_m": "60.027",
        "Width_m": "18.989",
        "Height_m": "14",
        "Area_sqm": 770.61,
        "Activity": "Active",
        "GEOMORPHOL": "Antiformal Hill",
        "LITHOLOGIC": "SST WITH SUBORDINATE SILTSTONE,MUDSTONE, SHALE",
        "LULC": "Forest Land Open Forest Semi-Evergreen",
        "Triggering": "Rainfall",
        "Year": "2023",
        "Source": "Resourcesat-2 Liss IV,10m MaptilerDEM, SISDP-LULC10k(2018-19), India-WRIS, GSI-Geom, GSI-Litho",
        "Basin": "Barak & Others",
        "Sub_basin": "Barak",
        "length_1": 60.027,
        "width_1": 18.989,
        "height_1": 14
      }
    },
    {
      "type": "Feature",
      "id": "LS_MIZORAM_2023.118",
      "geometry": {
        "type": "MultiPolygon",
        "coordinates": [
          [
            [
              [
                92.56428695,
                23.54451507
              ],
              [
                92.56428695,
                23.54503169
              ],
              [
                92.56453467,
                23.54503169
              ],
              [
                92.56453467,
                23.54451507
              ],
              [
                92.56428695,
                23.54451507
              ]
            ]
          ]
        ]
      },
      "geometry_name": "the_geom",
      "properties": {
        "Slide_no": "MZ/MA/84A10/2023/28",
        "State": "Mizoram",
        "District": "Mamit",
        "Toposheet": "84A10",
        "Latitude": 23.5448,
        "Longitude": 92.5644,
        "Length_m": "58.342",
        "Width_m": "22.115",
        "Height_m": "27",
        "Area_sqm": 949.822,
        "Activity": "Active",
        "GEOMORPHOL": "Antiformal Hill",
        "LITHOLOGIC": "SST WITH SUBORDINATE SILTSTONE,MUDSTONE, SHALE",
        "LULC": "Forest Land Open Forest Semi-Evergreen",
        "Triggering": "Rainfall",
        "Year": "2023",
        "Source": "Resourcesat-2 Liss IV,10m MaptilerDEM, SISDP-LULC10k(2018-19), India-WRIS, GSI-Geom, GSI-Litho",
        "Basin": "Barak & Others",
        "Sub_basin": "Barak",
        "length_1": 58.342,
        "width_1": 22.115,
        "height_1": 27
      }
    },
    {
      "type": "Feature",
      "id": "LS_MIZORAM_2023.119",
      "geometry": {
        "type": "MultiPolygon",
        "coordinates": [
          [
            [
              [
                92.51348744,
                23.52076683
              ],
              [
                92.51348744,
                23.52146964
              ],
              [
                92.51375253,
                23.52146964
              ],
              [
                92.51375253,
                23.52076683
              ],
              [
                92.51348744,
                23.52076683
              ]
            ]
          ]
        ]
      },
      "geometry_name": "the_geom",
      "properties": {
        "Slide_no": "MZ/MA/84A10/2023/29",
        "State": "Mizoram",
        "District": "Mamit",
        "Toposheet": "84A10",
        "Latitude": 23.5211,
        "Longitude": 92.5136,
        "Length_m": "52.455",
        "Width_m": "26.223",
        "Height_m": "4",
        "Area_sqm": 1539.82,
        "Activity": "Active",
        "GEOMORPHOL": "Antiformal Hill",
        "LITHOLOGIC": "SST WITH SUBORDINATE SILTSTONE,MUDSTONE, SHALE",
        "LULC": "Forest Land Closed Forest Deciduous",
        "Triggering": "Rainfall",
        "Year": "2023",
        "Source": "Resourcesat-2 Liss IV,10m MaptilerDEM, SISDP-LULC10k(2018-19), India-WRIS, GSI-Geom, GSI-Litho",
        "Basin": "Barak & Others",
        "Sub_basin": "Barak",
        "length_1": 52.455,
        "width_1": 26.223,
        "height_1": 4
      }
    },
    {
      "type": "Feature",
      "id": "LS_MIZORAM_2023.120",
      "geometry": {
        "type": "MultiPolygon",
        "coordinates": [
          [
            [
              [
                92.62136866,
                23.53998976
              ],
              [
                92.62136866,
                23.54061989
              ],
              [
                92.6219092,
                23.54061989
              ],
              [
                92.6219092,
                23.53998976
              ],
              [
                92.62136866,
                23.53998976
              ]
            ]
          ]
        ]
      },
      "geometry_name": "the_geom",
      "properties": {
        "Slide_no": "MZ/MA/84A10/2023/30",
        "State": "Mizoram",
        "District": "Mamit",
        "Toposheet": "84A10",
        "Latitude": 23.5403,
        "Longitude": 92.6217,
        "Length_m": "83.817",
        "Width_m": "35.921",
        "Height_m": "9",
        "Area_sqm": 2049.73,
        "Activity": "Active",
        "GEOMORPHOL": "Antiformal Hill",
        "LITHOLOGIC": "SST WITH SUBORDINATE SILTSTONE,MUDSTONE, SHALE",
        "LULC": "Forest Land Open Forest Semi-Evergreen",
        "Triggering": "Rainfall",
        "Year": "2023",
        "Source": "Resourcesat-2 Liss IV,10m MaptilerDEM, SISDP-LULC10k(2018-19), India-WRIS, GSI-Geom, GSI-Litho",
        "Basin": "Barak & Others",
        "Sub_basin": "Barak",
        "length_1": 83.817,
        "width_1": 35.921,
        "height_1": 9
      }
    },
    {
      "type": "Feature",
      "id": "LS_MIZORAM_2023.121",
      "geometry": {
        "type": "MultiPolygon",
        "coordinates": [
          [
            [
              [
                92.64709396,
                23.52152462
              ],
              [
                92.64709396,
                23.52197847
              ],
              [
                92.64737909,
                23.52197847
              ],
              [
                92.64737909,
                23.52152462
              ],
              [
                92.64709396,
                23.52152462
              ]
            ]
          ]
        ]
      },
      "geometry_name": "the_geom",
      "properties": {
        "Slide_no": "MZ/AI/84A10/2023/31",
        "State": "Mizoram",
        "District": "Aizawl",
        "Toposheet": "84A10",
        "Latitude": 23.5218,
        "Longitude": 92.6472,
        "Length_m": "51.233",
        "Width_m": "17.524",
        "Height_m": "18",
        "Area_sqm": 963.439,
        "Activity": "Active",
        "GEOMORPHOL": "Valley",
        "LITHOLOGIC": "SST WITH SUBORDINATE SILTSTONE,MUDSTONE, SHALE",
        "LULC": "Forest Land Closed Forest Deciduous",
        "Triggering": "Rainfall",
        "Year": "2023",
        "Source": "Resourcesat-2 Liss IV,10m MaptilerDEM, SISDP-LULC10k(2018-19), India-WRIS, GSI-Geom, GSI-Litho",
        "Basin": "Barak & Others",
        "Sub_basin": "Barak",
        "length_1": 51.233,
        "width_1": 17.524,
        "height_1": 18
      }
    },
    {
      "type": "Feature",
      "id": "LS_MIZORAM_2023.122",
      "geometry": {
        "type": "MultiPolygon",
        "coordinates": [
          [
            [
              [
                92.67069658,
                23.52997005
              ],
              [
                92.67069658,
                23.53050473
              ],
              [
                92.67117484,
                23.53050473
              ],
              [
                92.67117484,
                23.52997005
              ],
              [
                92.67069658,
                23.52997005
              ]
            ]
          ]
        ]
      },
      "geometry_name": "the_geom",
      "properties": {
        "Slide_no": "MZ/AI/84A10/2023/32",
        "State": "Mizoram",
        "District": "Aizawl",
        "Toposheet": "84A10",
        "Latitude": 23.5303,
        "Longitude": 92.6709,
        "Length_m": "75.666",
        "Width_m": "25.089",
        "Height_m": "16",
        "Area_sqm": 1254.48,
        "Activity": "Active",
        "GEOMORPHOL": "StrOri - Highly Dissected Hills and Valleys",
        "LITHOLOGIC": "SST WITH SUBORDINATE SILTSTONE,MUDSTONE, SHALE",
        "LULC": "Forest Land Closed Forest Deciduous",
        "Triggering": "Rainfall",
        "Year": "2023",
        "Source": "Resourcesat-2 Liss IV,10m MaptilerDEM, SISDP-LULC10k(2018-19), India-WRIS, GSI-Geom, GSI-Litho",
        "Basin": "Barak & Others",
        "Sub_basin": "Barak",
        "length_1": 75.666,
        "width_1": 25.089,
        "height_1": 16
      }
    },
    {
      "type": "Feature",
      "id": "LS_MIZORAM_2023.123",
      "geometry": {
        "type": "MultiPolygon",
        "coordinates": [
          [
            [
              [
                92.68295547,
                23.57313508
              ],
              [
                92.68295547,
                23.57357721
              ],
              [
                92.68317563,
                23.57357721
              ],
              [
                92.68317563,
                23.57313508
              ],
              [
                92.68295547,
                23.57313508
              ]
            ]
          ]
        ]
      },
      "geometry_name": "the_geom",
      "properties": {
        "Slide_no": "MZ/AI/84A10/2023/33",
        "State": "Mizoram",
        "District": "Aizawl",
        "Toposheet": "84A10",
        "Latitude": 23.5734,
        "Longitude": 92.6831,
        "Length_m": "48.854",
        "Width_m": "21.786",
        "Height_m": "7",
        "Area_sqm": 771.801,
        "Activity": "Active",
        "GEOMORPHOL": "StrOri - Highly Dissected Hills and Valleys",
        "LITHOLOGIC": "SST WITH SUBORDINATE SILTSTONE,MUDSTONE, SHALE",
        "LULC": "Forest Land Open Forest Semi-Evergreen",
        "Triggering": "Rainfall",
        "Year": "2023",
        "Source": "Resourcesat-2 Liss IV,10m MaptilerDEM, SISDP-LULC10k(2018-19), India-WRIS, GSI-Geom, GSI-Litho",
        "Basin": "Barak & Others",
        "Sub_basin": "Barak",
        "length_1": 48.854,
        "width_1": 21.786,
        "height_1": 7
      }
    },
    {
      "type": "Feature",
      "id": "LS_MIZORAM_2023.124",
      "geometry": {
        "type": "MultiPolygon",
        "coordinates": [
          [
            [
              [
                92.71304939,
                23.65494491
              ],
              [
                92.71304939,
                23.65578079
              ],
              [
                92.71346533,
                23.65578079
              ],
              [
                92.71346533,
                23.65494491
              ],
              [
                92.71304939,
                23.65494491
              ]
            ]
          ]
        ]
      },
      "geometry_name": "the_geom",
      "properties": {
        "Slide_no": "MZ/AI/84A10/2023/34",
        "State": "Mizoram",
        "District": "Aizawl",
        "Toposheet": "84A10",
        "Latitude": 23.6554,
        "Longitude": 92.7133,
        "Length_m": "23.662",
        "Width_m": "21.088",
        "Height_m": "13",
        "Area_sqm": 2009.13,
        "Activity": "Active",
        "GEOMORPHOL": "StrOri - Highly Dissected Hills and Valleys",
        "LITHOLOGIC": "GREY SANDY SPLINTERY SHALE, SILTSTONE AND MUDSTONE",
        "LULC": "Wasteland Sparse Scrub Land",
        "Triggering": "Rainfall",
        "Year": "2023",
        "Source": "Resourcesat-2 Liss IV,10m MaptilerDEM, SISDP-LULC10k(2018-19), India-WRIS, GSI-Geom, GSI-Litho",
        "Basin": "Barak & Others",
        "Sub_basin": "Barak",
        "length_1": 23.662,
        "width_1": 21.088,
        "height_1": 13
      }
    },
    {
      "type": "Feature",
      "id": "LS_MIZORAM_2023.125",
      "geometry": {
        "type": "MultiPolygon",
        "coordinates": [
          [
            [
              [
                92.56192664,
                23.56623436
              ],
              [
                92.56192664,
                23.56701736
              ],
              [
                92.56230112,
                23.56701736
              ],
              [
                92.56230112,
                23.56623436
              ],
              [
                92.56192664,
                23.56623436
              ]
            ]
          ]
        ]
      },
      "geometry_name": "the_geom",
      "properties": {
        "Slide_no": "MZ/MA/84A10/2023/35",
        "State": "Mizoram",
        "District": "Mamit",
        "Toposheet": "84A10",
        "Latitude": 23.5667,
        "Longitude": 92.5621,
        "Length_m": "91.128",
        "Width_m": "30.75",
        "Height_m": "39",
        "Area_sqm": 1928.77,
        "Activity": "Active",
        "GEOMORPHOL": "Antiformal Hill",
        "LITHOLOGIC": "SST WITH SUBORDINATE SILTSTONE,MUDSTONE, SHALE",
        "LULC": "Forest Land Open Forest Semi-Evergreen",
        "Triggering": "Rainfall",
        "Year": "2023",
        "Source": "Resourcesat-2 Liss IV,10m MaptilerDEM, SISDP-LULC10k(2018-19), India-WRIS, GSI-Geom, GSI-Litho",
        "Basin": "Barak & Others",
        "Sub_basin": "Barak",
        "length_1": 91.128,
        "width_1": 30.75,
        "height_1": 39
      }
    },
    {
      "type": "Feature",
      "id": "LS_MIZORAM_2023.126",
      "geometry": {
        "type": "MultiPolygon",
        "coordinates": [
          [
            [
              [
                92.70757406,
                23.7414114
              ],
              [
                92.70757406,
                23.74173025
              ],
              [
                92.70794652,
                23.74173025
              ],
              [
                92.70794652,
                23.7414114
              ],
              [
                92.70757406,
                23.7414114
              ]
            ]
          ]
        ]
      },
      "geometry_name": "the_geom",
      "properties": {
        "Slide_no": "MZ/AI/84A10/2023/36",
        "State": "Mizoram",
        "District": "Aizawl",
        "Toposheet": "84A10",
        "Latitude": 23.741,
        "Longitude": 92.7084,
        "Length_m": "16.802",
        "Width_m": "13.292",
        "Height_m": "25",
        "Area_sqm": 862.569,
        "Activity": "Active",
        "GEOMORPHOL": "StrOri - Highly Dissected Hills and Valleys",
        "LITHOLOGIC": "GREY SANDY SPLINTERY SHALE, SILTSTONE AND MUDSTONE",
        "LULC": "Built Up Core Urban",
        "Triggering": "Rainfall",
        "Year": "2023",
        "Source": "Resourcesat-2 Liss IV,10m MaptilerDEM, SISDP-LULC10k(2018-19), India-WRIS, GSI-Geom, GSI-Litho",
        "Basin": "Barak & Others",
        "Sub_basin": "Barak",
        "length_1": 16.802,
        "width_1": 13.292,
        "height_1": 25
      }
    },
    {
      "type": "Feature",
      "id": "LS_MIZORAM_2023.127",
      "geometry": {
        "type": "MultiPolygon",
        "coordinates": [
          [
            [
              [
                92.71242344,
                23.57906181
              ],
              [
                92.71242344,
                23.57943668
              ],
              [
                92.71288999,
                23.57943668
              ],
              [
                92.71288999,
                23.57906181
              ],
              [
                92.71242344,
                23.57906181
              ]
            ]
          ]
        ]
      },
      "geometry_name": "the_geom",
      "properties": {
        "Slide_no": "MZ/AI/84A10/2023/37",
        "State": "Mizoram",
        "District": "Aizawl",
        "Toposheet": "84A10",
        "Latitude": 23.5792,
        "Longitude": 92.7127,
        "Length_m": "43.898",
        "Width_m": "34.567",
        "Height_m": "15",
        "Area_sqm": 1293.04,
        "Activity": "Active",
        "GEOMORPHOL": "StrOri - Highly Dissected Hills and Valleys",
        "LITHOLOGIC": "GREY SANDY SPLINTERY SHALE, SILTSTONE AND MUDSTONE",
        "LULC": "Forest Land Closed Forest Semi-Evergreen",
        "Triggering": "Rainfall",
        "Year": "2023",
        "Source": "Resourcesat-2 Liss IV,10m MaptilerDEM, SISDP-LULC10k(2018-19), India-WRIS, GSI-Geom, GSI-Litho",
        "Basin": "Barak & Others",
        "Sub_basin": "Barak",
        "length_1": 43.898,
        "width_1": 34.567,
        "height_1": 15
      }
    },
    {
      "type": "Feature",
      "id": "LS_MIZORAM_2023.128",
      "geometry": {
        "type": "MultiPolygon",
        "coordinates": [
          [
            [
              [
                92.71391632,
                23.66831534
              ],
              [
                92.71391632,
                23.66884659
              ],
              [
                92.71458965,
                23.66884659
              ],
              [
                92.71458965,
                23.66831534
              ],
              [
                92.71391632,
                23.66831534
              ]
            ]
          ]
        ]
      },
      "geometry_name": "the_geom",
      "properties": {
        "Slide_no": "MZ/AI/84A10/2023/38",
        "State": "Mizoram",
        "District": "Aizawl",
        "Toposheet": "84A10",
        "Latitude": 23.6686,
        "Longitude": 92.7143,
        "Length_m": "30.986",
        "Width_m": "60.260",
        "Height_m": "2",
        "Area_sqm": 3154.62,
        "Activity": "Active",
        "GEOMORPHOL": "StrOri - Highly Dissected Hills and Valleys",
        "LITHOLOGIC": "GREY SANDY SPLINTERY SHALE, SILTSTONE AND MUDSTONE",
        "LULC": "Forest Land Open Forest Semi-Evergreen",
        "Triggering": "Rainfall",
        "Year": "2023",
        "Source": "Resourcesat-2 Liss IV,10m MaptilerDEM, SISDP-LULC10k(2018-19), India-WRIS, GSI-Geom, GSI-Litho",
        "Basin": "Barak & Others",
        "Sub_basin": "Barak",
        "length_1": 30.986,
        "width_1": 60.26,
        "height_1": 2
      }
    },
    {
      "type": "Feature",
      "id": "LS_MIZORAM_2023.129",
      "geometry": {
        "type": "MultiPolygon",
        "coordinates": [
          [
            [
              [
                92.72219933,
                23.69243842
              ],
              [
                92.72219933,
                23.69319106
              ],
              [
                92.72276699,
                23.69319106
              ],
              [
                92.72276699,
                23.69243842
              ],
              [
                92.72219933,
                23.69243842
              ]
            ]
          ]
        ]
      },
      "geometry_name": "the_geom",
      "properties": {
        "Slide_no": "MZ/AI/84A10/2023/39",
        "State": "Mizoram",
        "District": "Aizawl",
        "Toposheet": "84A10",
        "Latitude": 23.6928,
        "Longitude": 92.7225,
        "Length_m": "77.378",
        "Width_m": "48.827",
        "Height_m": "31",
        "Area_sqm": 3054.76,
        "Activity": "Active",
        "GEOMORPHOL": "StrOri - Highly Dissected Hills and Valleys",
        "LITHOLOGIC": "GREY SANDY SPLINTERY SHALE, SILTSTONE AND MUDSTONE",
        "LULC": "Wasteland Sparse Scrub Land",
        "Triggering": "Rainfall",
        "Year": "2023",
        "Source": "Resourcesat-2 Liss IV,10m MaptilerDEM, SISDP-LULC10k(2018-19), India-WRIS, GSI-Geom, GSI-Litho",
        "Basin": "Barak & Others",
        "Sub_basin": "Barak",
        "length_1": 77.378,
        "width_1": 48.827,
        "height_1": 31
      }
    },
    {
      "type": "Feature",
      "id": "LS_MIZORAM_2023.130",
      "geometry": {
        "type": "MultiPolygon",
        "coordinates": [
          [
            [
              [
                92.71473141,
                23.66338235
              ],
              [
                92.71473141,
                23.66368365
              ],
              [
                92.71499616,
                23.66368365
              ],
              [
                92.71499616,
                23.66338235
              ],
              [
                92.71473141,
                23.66338235
              ]
            ]
          ]
        ]
      },
      "geometry_name": "the_geom",
      "properties": {
        "Slide_no": "MZ/AI/84A10/2023/40",
        "State": "Mizoram",
        "District": "Aizawl",
        "Toposheet": "84A10",
        "Latitude": 23.6636,
        "Longitude": 92.7149,
        "Length_m": "31.966",
        "Width_m": "26.953",
        "Height_m": "8",
        "Area_sqm": 621.93,
        "Activity": "Active",
        "GEOMORPHOL": "StrOri - Highly Dissected Hills and Valleys",
        "LITHOLOGIC": "GREY SANDY SPLINTERY SHALE, SILTSTONE AND MUDSTONE",
        "LULC": "Built Up Rural Hamlet & Dispersed Household",
        "Triggering": "Rainfall",
        "Year": "2023",
        "Source": "Resourcesat-2 Liss IV,10m MaptilerDEM, SISDP-LULC10k(2018-19), India-WRIS, GSI-Geom, GSI-Litho",
        "Basin": "Barak & Others",
        "Sub_basin": "Barak",
        "length_1": 31.966,
        "width_1": 26.953,
        "height_1": 8
      }
    },
    {
      "type": "Feature",
      "id": "LS_MIZORAM_2023.131",
      "geometry": {
        "type": "MultiPolygon",
        "coordinates": [
          [
            [
              [
                92.71644485,
                23.6670964
              ],
              [
                92.71644485,
                23.66731231
              ],
              [
                92.71666276,
                23.66731231
              ],
              [
                92.71666276,
                23.6670964
              ],
              [
                92.71644485,
                23.6670964
              ]
            ]
          ]
        ]
      },
      "geometry_name": "the_geom",
      "properties": {
        "Slide_no": "MZ/AI/84A10/2023/41",
        "State": "Mizoram",
        "District": "Aizawl",
        "Toposheet": "84A10",
        "Latitude": 23.6672,
        "Longitude": 92.7165,
        "Length_m": "22.555",
        "Width_m": "14.268",
        "Height_m": "4",
        "Area_sqm": 388.396,
        "Activity": "Active",
        "GEOMORPHOL": "StrOri - Highly Dissected Hills and Valleys",
        "LITHOLOGIC": "GREY SANDY SPLINTERY SHALE, SILTSTONE AND MUDSTONE",
        "LULC": "Built Up Transportation Transport Network",
        "Triggering": "Rainfall",
        "Year": "2023",
        "Source": "Resourcesat-2 Liss IV,10m MaptilerDEM, SISDP-LULC10k(2018-19), India-WRIS, GSI-Geom, GSI-Litho",
        "Basin": "Barak & Others",
        "Sub_basin": "Barak",
        "length_1": 22.555,
        "width_1": 14.268,
        "height_1": 4
      }
    },
    {
      "type": "Feature",
      "id": "LS_MIZORAM_2023.132",
      "geometry": {
        "type": "MultiPolygon",
        "coordinates": [
          [
            [
              [
                92.61114989,
                23.37731967
              ],
              [
                92.61114989,
                23.3775708
              ],
              [
                92.61136336,
                23.3775708
              ],
              [
                92.61136336,
                23.37731967
              ],
              [
                92.61114989,
                23.37731967
              ]
            ]
          ]
        ]
      },
      "geometry_name": "the_geom",
      "properties": {
        "Slide_no": "MZ/LU/84A11/2023/1",
        "State": "Mizoram",
        "District": "Lunglei",
        "Toposheet": "84A11",
        "Latitude": 23.3774,
        "Longitude": 92.6113,
        "Length_m": "39.542",
        "Width_m": "19.983",
        "Height_m": "6",
        "Area_sqm": 480.14,
        "Activity": "Active",
        "GEOMORPHOL": "Antiformal Hill",
        "LITHOLOGIC": "GREY SANDY SPLINTERY SHALE, SILTSTONE AND MUDSTONE",
        "LULC": "Forest Land Closed Forest Semi-Evergreen",
        "Triggering": "Rainfall",
        "Year": "2023",
        "Source": "Resourcesat-2 LissIV, 10m MaptilerDEM, SISDP-LULC10K(2018-19), India-WRIS, GSI-Geom, GSI-Litho",
        "Basin": "Barak & Others",
        "Sub_basin": "Barak",
        "length_1": 39.542,
        "width_1": 19.983,
        "height_1": 6
      }
    },
    {
      "type": "Feature",
      "id": "LS_MIZORAM_2023.133",
      "geometry": {
        "type": "MultiPolygon",
        "coordinates": [
          [
            [
              [
                92.68915445,
                23.45459589
              ],
              [
                92.68915445,
                23.45487246
              ],
              [
                92.6894234,
                23.45487246
              ],
              [
                92.6894234,
                23.45459589
              ],
              [
                92.68915445,
                23.45459589
              ]
            ]
          ]
        ]
      },
      "geometry_name": "the_geom",
      "properties": {
        "Slide_no": "MZ/AI/84A11/2023/2",
        "State": "Mizoram",
        "District": "Aizawl",
        "Toposheet": "84A11",
        "Latitude": 23.4548,
        "Longitude": 92.6892,
        "Length_m": "13.580",
        "Width_m": "7.989",
        "Height_m": "8",
        "Area_sqm": 585.794,
        "Activity": "Active",
        "GEOMORPHOL": "StrOri - Highly Dissected Hills and Valleys",
        "LITHOLOGIC": "GREY SANDY SPLINTERY SHALE, SILTSTONE AND MUDSTONE",
        "LULC": "Forest Land Closed Forest Semi-Evergreen",
        "Triggering": "Rainfall",
        "Year": "2023",
        "Source": "Resourcesat-2 LissIV, 10m MaptilerDEM, SISDP-LULC10K(2018-19), India-WRIS, GSI-Geom, GSI-Litho",
        "Basin": "Barak & Others",
        "Sub_basin": "Barak",
        "length_1": 13.58,
        "width_1": 7.989,
        "height_1": 8
      }
    },
    {
      "type": "Feature",
      "id": "LS_MIZORAM_2023.134",
      "geometry": {
        "type": "MultiPolygon",
        "coordinates": [
          [
            [
              [
                92.67752944,
                23.46719464
              ],
              [
                92.67752944,
                23.46751814
              ],
              [
                92.6777704,
                23.46751814
              ],
              [
                92.6777704,
                23.46719464
              ],
              [
                92.67752944,
                23.46719464
              ]
            ]
          ]
        ]
      },
      "geometry_name": "the_geom",
      "properties": {
        "Slide_no": "MZ/AI/84A11/2023/3",
        "State": "Mizoram",
        "District": "Aizawl",
        "Toposheet": "84A11",
        "Latitude": 23.4674,
        "Longitude": 92.6776,
        "Length_m": "52.174",
        "Width_m": "22.715",
        "Height_m": "13",
        "Area_sqm": 627.63,
        "Activity": "Active",
        "GEOMORPHOL": "StrOri - Highly Dissected Hills and Valleys",
        "LITHOLOGIC": "GREY SANDY SPLINTERY SHALE, SILTSTONE AND MUDSTONE",
        "LULC": "Forest Land Closed Forest Deciduous",
        "Triggering": "Rainfall",
        "Year": "2023",
        "Source": "Resourcesat-2 LissIV, 10m MaptilerDEM, SISDP-LULC10K(2018-19), India-WRIS, GSI-Geom, GSI-Litho",
        "Basin": "Barak & Others",
        "Sub_basin": "Barak",
        "length_1": 52.174,
        "width_1": 22.715,
        "height_1": 13
      }
    },
    {
      "type": "Feature",
      "id": "LS_MIZORAM_2023.135",
      "geometry": {
        "type": "MultiPolygon",
        "coordinates": [
          [
            [
              [
                92.67124016,
                23.4637355
              ],
              [
                92.67124016,
                23.463946
              ],
              [
                92.67143025,
                23.463946
              ],
              [
                92.67143025,
                23.4637355
              ],
              [
                92.67124016,
                23.4637355
              ]
            ]
          ]
        ]
      },
      "geometry_name": "the_geom",
      "properties": {
        "Slide_no": "MZ/AI/84A11/2023/4",
        "State": "Mizoram",
        "District": "Aizawl",
        "Toposheet": "84A11",
        "Latitude": 23.4638,
        "Longitude": 92.6714,
        "Length_m": "26.855",
        "Width_m": "12.738",
        "Height_m": "6",
        "Area_sqm": 318.732,
        "Activity": "Active",
        "GEOMORPHOL": "StrOri - Highly Dissected Hills and Valleys",
        "LITHOLOGIC": "GREY SANDY SPLINTERY SHALE, SILTSTONE AND MUDSTONE",
        "LULC": "Forest Land Open Forest Semi-Evergreen",
        "Triggering": "Rainfall",
        "Year": "2023",
        "Source": "Resourcesat-2 LissIV, 10m MaptilerDEM, SISDP-LULC10K(2018-19), India-WRIS, GSI-Geom, GSI-Litho",
        "Basin": "Barak & Others",
        "Sub_basin": "Barak",
        "length_1": 26.855,
        "width_1": 12.738,
        "height_1": 6
      }
    },
    {
      "type": "Feature",
      "id": "LS_MIZORAM_2023.136",
      "geometry": {
        "type": "MultiPolygon",
        "coordinates": [
          [
            [
              [
                92.61714656,
                23.48618344
              ],
              [
                92.61714656,
                23.48663165
              ],
              [
                92.61747075,
                23.48663165
              ],
              [
                92.61747075,
                23.48618344
              ],
              [
                92.61714656,
                23.48618344
              ]
            ]
          ]
        ]
      },
      "geometry_name": "the_geom",
      "properties": {
        "Slide_no": "MZ/MA/84A11/2023/5",
        "State": "Mizoram",
        "District": "Mamit",
        "Toposheet": "84A11",
        "Latitude": 23.4864,
        "Longitude": 92.6173,
        "Length_m": "68.379",
        "Width_m": "24.011",
        "Height_m": "8",
        "Area_sqm": 1198.65,
        "Activity": "Active",
        "GEOMORPHOL": "Antiformal Hill",
        "LITHOLOGIC": "GREY SANDY SPLINTERY SHALE, SILTSTONE AND MUDSTONE",
        "LULC": "Forest Land Closed Forest Deciduous",
        "Triggering": "Rainfall",
        "Year": "2023",
        "Source": "Resourcesat-2 LissIV, 10m MaptilerDEM, SISDP-LULC10K(2018-19), India-WRIS, GSI-Geom, GSI-Litho",
        "Basin": "Barak & Others",
        "Sub_basin": "Barak",
        "length_1": 68.379,
        "width_1": 24.011,
        "height_1": 8
      }
    },
    {
      "type": "Feature",
      "id": "LS_MIZORAM_2023.137",
      "geometry": {
        "type": "MultiPolygon",
        "coordinates": [
          [
            [
              [
                92.59949028,
                23.47162287
              ],
              [
                92.59949028,
                23.47209214
              ],
              [
                92.59984124,
                23.47209214
              ],
              [
                92.59984124,
                23.47162287
              ],
              [
                92.59949028,
                23.47162287
              ]
            ]
          ]
        ]
      },
      "geometry_name": "the_geom",
      "properties": {
        "Slide_no": "MZ/MA/84A11/2023/6",
        "State": "Mizoram",
        "District": "Mamit",
        "Toposheet": "84A11",
        "Latitude": 23.4718,
        "Longitude": 92.5996,
        "Length_m": "32.824",
        "Width_m": "21.43",
        "Height_m": "5",
        "Area_sqm": 1086.41,
        "Activity": "Active",
        "GEOMORPHOL": "Antiformal Hill",
        "LITHOLOGIC": "GREY SANDY SPLINTERY SHALE, SILTSTONE AND MUDSTONE",
        "LULC": "Others - Shifting Cultivation Area",
        "Triggering": "Rainfall",
        "Year": "2023",
        "Source": "Resourcesat-2 LissIV, 10m MaptilerDEM, SISDP-LULC10K(2018-19), India-WRIS, GSI-Geom, GSI-Litho",
        "Basin": "Barak & Others",
        "Sub_basin": "Barak",
        "length_1": 32.824,
        "width_1": 21.43,
        "height_1": 5
      }
    },
    {
      "type": "Feature",
      "id": "LS_MIZORAM_2023.138",
      "geometry": {
        "type": "MultiPolygon",
        "coordinates": [
          [
            [
              [
                92.59149089,
                23.45724099
              ],
              [
                92.59149089,
                23.45767706
              ],
              [
                92.59179169,
                23.45767706
              ],
              [
                92.59179169,
                23.45724099
              ],
              [
                92.59149089,
                23.45724099
              ]
            ]
          ]
        ]
      },
      "geometry_name": "the_geom",
      "properties": {
        "Slide_no": "MZ/MA/84A11/2023/7",
        "State": "Mizoram",
        "District": "Mamit",
        "Toposheet": "84A11",
        "Latitude": 23.4575,
        "Longitude": 92.5917,
        "Length_m": "54.692",
        "Width_m": "25.737",
        "Height_m": "12",
        "Area_sqm": 906.887,
        "Activity": "Active",
        "GEOMORPHOL": "Antiformal Hill",
        "LITHOLOGIC": "GREY SANDY SPLINTERY SHALE, SILTSTONE AND MUDSTONE",
        "LULC": "Forest Land Open Forest Semi-Evergreen",
        "Triggering": "Rainfall",
        "Year": "2023",
        "Source": "Resourcesat-2 LissIV, 10m MaptilerDEM, SISDP-LULC10K(2018-19), India-WRIS, GSI-Geom, GSI-Litho",
        "Basin": "Barak & Others",
        "Sub_basin": "Barak",
        "length_1": 54.692,
        "width_1": 25.737,
        "height_1": 12
      }
    },
    {
      "type": "Feature",
      "id": "LS_MIZORAM_2023.139",
      "geometry": {
        "type": "MultiPolygon",
        "coordinates": [
          [
            [
              [
                92.5796228,
                23.446032
              ],
              [
                92.5796228,
                23.44655323
              ],
              [
                92.58002673,
                23.44655323
              ],
              [
                92.58002673,
                23.446032
              ],
              [
                92.5796228,
                23.446032
              ]
            ]
          ]
        ]
      },
      "geometry_name": "the_geom",
      "properties": {
        "Slide_no": "MZ/MA/84A11/2023/8",
        "State": "Mizoram",
        "District": "Mamit",
        "Toposheet": "84A11",
        "Latitude": 23.4463,
        "Longitude": 92.5799,
        "Length_m": "99.379",
        "Width_m": "25.718",
        "Height_m": "41",
        "Area_sqm": 1026.93,
        "Activity": "Active",
        "GEOMORPHOL": "Antiformal Hill",
        "LITHOLOGIC": "SST WITH SUBORDINATE SILTSTONE,MUDSTONE, SHALE",
        "LULC": "Forest Land Open Forest Semi-Evergreen",
        "Triggering": "Rainfall",
        "Year": "2023",
        "Source": "Resourcesat-2 LissIV, 10m MaptilerDEM, SISDP-LULC10K(2018-19), India-WRIS, GSI-Geom, GSI-Litho",
        "Basin": "Barak & Others",
        "Sub_basin": "Barak",
        "length_1": 99.379,
        "width_1": 25.718,
        "height_1": 41
      }
    },
    {
      "type": "Feature",
      "id": "LS_MIZORAM_2023.140",
      "geometry": {
        "type": "MultiPolygon",
        "coordinates": [
          [
            [
              [
                92.5845166,
                23.44214321
              ],
              [
                92.5845166,
                23.44284675
              ],
              [
                92.58490352,
                23.44284675
              ],
              [
                92.58490352,
                23.44214321
              ],
              [
                92.5845166,
                23.44214321
              ]
            ]
          ]
        ]
      },
      "geometry_name": "the_geom",
      "properties": {
        "Slide_no": "MZ/MA/84A11/2023/9",
        "State": "Mizoram",
        "District": "Mamit",
        "Toposheet": "84A11",
        "Latitude": 23.4426,
        "Longitude": 92.5847,
        "Length_m": "85.15",
        "Width_m": "24.049",
        "Height_m": "48",
        "Area_sqm": 1370.97,
        "Activity": "Active",
        "GEOMORPHOL": "Antiformal Hill",
        "LITHOLOGIC": "SST WITH SUBORDINATE SILTSTONE,MUDSTONE, SHALE",
        "LULC": "Forest Land Open Forest Semi-Evergreen",
        "Triggering": "Rainfall",
        "Year": "2023",
        "Source": "Resourcesat-2 LissIV, 10m MaptilerDEM, SISDP-LULC10K(2018-19), India-WRIS, GSI-Geom, GSI-Litho",
        "Basin": "Barak & Others",
        "Sub_basin": "Barak",
        "length_1": 85.15,
        "width_1": 24.049,
        "height_1": 48
      }
    },
    {
      "type": "Feature",
      "id": "LS_MIZORAM_2023.141",
      "geometry": {
        "type": "MultiPolygon",
        "coordinates": [
          [
            [
              [
                92.65985112,
                23.47032337
              ],
              [
                92.65985112,
                23.47070553
              ],
              [
                92.66024522,
                23.47070553
              ],
              [
                92.66024522,
                23.47032337
              ],
              [
                92.65985112,
                23.47032337
              ]
            ]
          ]
        ]
      },
      "geometry_name": "the_geom",
      "properties": {
        "Slide_no": "MZ/AI/84A11/2023/10",
        "State": "Mizoram",
        "District": "Aizawl",
        "Toposheet": "84A11",
        "Latitude": 23.4705,
        "Longitude": 92.66,
        "Length_m": "36.819",
        "Width_m": "10.08",
        "Height_m": "35",
        "Area_sqm": 1039.43,
        "Activity": "Active",
        "GEOMORPHOL": "StrOri - Highly Dissected Hills and Valleys",
        "LITHOLOGIC": "SST WITH SUBORDINATE SILTSTONE,MUDSTONE, SHALE",
        "LULC": "Forest Land Open Forest Semi-Evergreen",
        "Triggering": "Rainfall",
        "Year": "2023",
        "Source": "Resourcesat-2 LissIV, 10m MaptilerDEM, SISDP-LULC10K(2018-19), India-WRIS, GSI-Geom, GSI-Litho",
        "Basin": "Barak & Others",
        "Sub_basin": "Barak",
        "length_1": 36.819,
        "width_1": 10.08,
        "height_1": 35
      }
    },
    {
      "type": "Feature",
      "id": "LS_MIZORAM_2023.142",
      "geometry": {
        "type": "MultiPolygon",
        "coordinates": [
          [
            [
              [
                92.72592959,
                23.42728975
              ],
              [
                92.72592959,
                23.4280447
              ],
              [
                92.72664287,
                23.4280447
              ],
              [
                92.72664287,
                23.42728975
              ],
              [
                92.72592959,
                23.42728975
              ]
            ]
          ]
        ]
      },
      "geometry_name": "the_geom",
      "properties": {
        "Slide_no": "MZ/AI/84A11/2023/11",
        "State": "Mizoram",
        "District": "Aizawl",
        "Toposheet": "84A11",
        "Latitude": 23.4277,
        "Longitude": 92.7263,
        "Length_m": "120.79",
        "Width_m": "35.664",
        "Height_m": "48",
        "Area_sqm": 2637.06,
        "Activity": "Active",
        "GEOMORPHOL": "StrOri - Highly Dissected Hills and Valleys",
        "LITHOLOGIC": "SST WITH SUBORDINATE SILTSTONE,MUDSTONE, SHALE",
        "LULC": "Forest Land Closed Forest Semi-Evergreen",
        "Triggering": "Rainfall",
        "Year": "2023",
        "Source": "Resourcesat-2 LissIV, 10m MaptilerDEM, SISDP-LULC10K(2018-19), India-WRIS, GSI-Geom, GSI-Litho",
        "Basin": "Barak & Others",
        "Sub_basin": "Barak",
        "length_1": 120.79,
        "width_1": 35.664,
        "height_1": 48
      }
    },
    {
      "type": "Feature",
      "id": "LS_MIZORAM_2023.143",
      "geometry": {
        "type": "MultiPolygon",
        "coordinates": [
          [
            [
              [
                92.6968268,
                23.33003267
              ],
              [
                92.6968268,
                23.33063454
              ],
              [
                92.69720315,
                23.33063454
              ],
              [
                92.69720315,
                23.33003267
              ],
              [
                92.6968268,
                23.33003267
              ]
            ]
          ]
        ]
      },
      "geometry_name": "the_geom",
      "properties": {
        "Slide_no": "MZ/AI/84A11/2023/12",
        "State": "Mizoram",
        "District": "Aizawl",
        "Toposheet": "84A11",
        "Latitude": 23.3304,
        "Longitude": 92.697,
        "Length_m": "92.937",
        "Width_m": "32.406",
        "Height_m": "37",
        "Area_sqm": 1383.55,
        "Activity": "Active",
        "GEOMORPHOL": "StrOri - Highly Dissected Hills and Valleys",
        "LITHOLOGIC": "SST WITH SUBORDINATE SILTSTONE,MUDSTONE, SHALE",
        "LULC": "Wasteland Dense Scrub Land",
        "Triggering": "Rainfall",
        "Year": "2023",
        "Source": "Resourcesat-2 LissIV, 10m MaptilerDEM, SISDP-LULC10K(2018-19), India-WRIS, GSI-Geom, GSI-Litho",
        "Basin": "Barak & Others",
        "Sub_basin": "Barak",
        "length_1": 92.937,
        "width_1": 32.406,
        "height_1": 37
      }
    },
    {
      "type": "Feature",
      "id": "LS_MIZORAM_2023.144",
      "geometry": {
        "type": "MultiPolygon",
        "coordinates": [
          [
            [
              [
                92.64754404,
                23.34588121
              ],
              [
                92.64754404,
                23.34648163
              ],
              [
                92.64850823,
                23.34648163
              ],
              [
                92.64850823,
                23.34588121
              ],
              [
                92.64754404,
                23.34588121
              ]
            ]
          ]
        ]
      },
      "geometry_name": "the_geom",
      "properties": {
        "Slide_no": "MZ/LU/84A11/2023/13",
        "State": "Mizoram",
        "District": "Lunglei",
        "Toposheet": "84A11",
        "Latitude": 23.3462,
        "Longitude": 92.648,
        "Length_m": "39.187",
        "Width_m": "21.566",
        "Height_m": "11",
        "Area_sqm": 2476.06,
        "Activity": "Active",
        "GEOMORPHOL": "Antiformal Hill",
        "LITHOLOGIC": "GREY SANDY SPLINTERY SHALE, SILTSTONE AND MUDSTONE",
        "LULC": "Forest Land Open Forest Semi-Evergreen",
        "Triggering": "Rainfall",
        "Year": "2023",
        "Source": "Resourcesat-2 LissIV, 10m MaptilerDEM, SISDP-LULC10K(2018-19), India-WRIS, GSI-Geom, GSI-Litho",
        "Basin": "Barak & Others",
        "Sub_basin": "Barak",
        "length_1": 39.187,
        "width_1": 21.566,
        "height_1": 11
      }
    },
    {
      "type": "Feature",
      "id": "LS_MIZORAM_2023.145",
      "geometry": {
        "type": "MultiPolygon",
        "coordinates": [
          [
            [
              [
                92.63477899,
                23.32982912
              ],
              [
                92.63477899,
                23.33049817
              ],
              [
                92.63506933,
                23.33049817
              ],
              [
                92.63506933,
                23.32982912
              ],
              [
                92.63477899,
                23.32982912
              ]
            ]
          ]
        ]
      },
      "geometry_name": "the_geom",
      "properties": {
        "Slide_no": "MZ/LU/84A11/2023/14",
        "State": "Mizoram",
        "District": "Lunglei",
        "Toposheet": "84A11",
        "Latitude": 23.3302,
        "Longitude": 92.6349,
        "Length_m": "31.160",
        "Width_m": "12.442",
        "Height_m": "20",
        "Area_sqm": 1597.22,
        "Activity": "Active",
        "GEOMORPHOL": "Antiformal Hill",
        "LITHOLOGIC": "GREY SANDY SPLINTERY SHALE, SILTSTONE AND MUDSTONE",
        "LULC": "Others - Shifting Cultivation Area",
        "Triggering": "Rainfall",
        "Year": "2023",
        "Source": "Resourcesat-2 LissIV, 10m MaptilerDEM, SISDP-LULC10K(2018-19), India-WRIS, GSI-Geom, GSI-Litho",
        "Basin": "Barak & Others",
        "Sub_basin": "Barak",
        "length_1": 31.16,
        "width_1": 12.442,
        "height_1": 20
      }
    },
    {
      "type": "Feature",
      "id": "LS_MIZORAM_2023.146",
      "geometry": {
        "type": "MultiPolygon",
        "coordinates": [
          [
            [
              [
                92.62741537,
                23.33731751
              ],
              [
                92.62741537,
                23.33769758
              ],
              [
                92.62769371,
                23.33769758
              ],
              [
                92.62769371,
                23.33731751
              ],
              [
                92.62741537,
                23.33731751
              ]
            ]
          ]
        ]
      },
      "geometry_name": "the_geom",
      "properties": {
        "Slide_no": "MZ/LU/84A11/2023/15",
        "State": "Mizoram",
        "District": "Lunglei",
        "Toposheet": "84A11",
        "Latitude": 23.3375,
        "Longitude": 92.6275,
        "Length_m": "54.218",
        "Width_m": "25.603",
        "Height_m": "7",
        "Area_sqm": 910.535,
        "Activity": "Active",
        "GEOMORPHOL": "Antiformal Hill",
        "LITHOLOGIC": "GREY SANDY SPLINTERY SHALE, SILTSTONE AND MUDSTONE",
        "LULC": "Forest Land Closed Forest Deciduous",
        "Triggering": "Rainfall",
        "Year": "2023",
        "Source": "Resourcesat-2 LissIV, 10m MaptilerDEM, SISDP-LULC10K(2018-19), India-WRIS, GSI-Geom, GSI-Litho",
        "Basin": "Barak & Others",
        "Sub_basin": "Barak",
        "length_1": 54.218,
        "width_1": 25.603,
        "height_1": 7
      }
    },
    {
      "type": "Feature",
      "id": "LS_MIZORAM_2023.147",
      "geometry": {
        "type": "MultiPolygon",
        "coordinates": [
          [
            [
              [
                92.60874066,
                23.33227901
              ],
              [
                92.60874066,
                23.33271046
              ],
              [
                92.6094727,
                23.33271046
              ],
              [
                92.6094727,
                23.33227901
              ],
              [
                92.60874066,
                23.33227901
              ]
            ]
          ]
        ]
      },
      "geometry_name": "the_geom",
      "properties": {
        "Slide_no": "MZ/LU/84A11/2023/16",
        "State": "Mizoram",
        "District": "Lunglei",
        "Toposheet": "84A11",
        "Latitude": 23.3325,
        "Longitude": 92.6091,
        "Length_m": "102.548",
        "Width_m": "29.33",
        "Height_m": "58",
        "Area_sqm": 1362.18,
        "Activity": "Active",
        "GEOMORPHOL": "Antiformal Hill",
        "LITHOLOGIC": "SST WITH SUBORDINATE SILTSTONE,MUDSTONE, SHALE",
        "LULC": "Forest Land Open Forest Semi-Evergreen",
        "Triggering": "Rainfall",
        "Year": "2023",
        "Source": "Resourcesat-2 LissIV, 10m MaptilerDEM, SISDP-LULC10K(2018-19), India-WRIS, GSI-Geom, GSI-Litho",
        "Basin": "Barak & Others",
        "Sub_basin": "Barak",
        "length_1": 102.548,
        "width_1": 29.33,
        "height_1": 58
      }
    },
    {
      "type": "Feature",
      "id": "LS_MIZORAM_2023.148",
      "geometry": {
        "type": "MultiPolygon",
        "coordinates": [
          [
            [
              [
                92.60788181,
                23.36574807
              ],
              [
                92.60788181,
                23.36643524
              ],
              [
                92.60845824,
                23.36643524
              ],
              [
                92.60845824,
                23.36574807
              ],
              [
                92.60788181,
                23.36574807
              ]
            ]
          ]
        ]
      },
      "geometry_name": "the_geom",
      "properties": {
        "Slide_no": "MZ/LU/84A11/2023/17",
        "State": "Mizoram",
        "District": "Lunglei",
        "Toposheet": "84A11",
        "Latitude": 23.3661,
        "Longitude": 92.6081,
        "Length_m": "89.014",
        "Width_m": "34.53",
        "Height_m": "67",
        "Area_sqm": 1975.81,
        "Activity": "Active",
        "GEOMORPHOL": "Antiformal Hill",
        "LITHOLOGIC": "GREY SANDY SPLINTERY SHALE, SILTSTONE AND MUDSTONE",
        "LULC": "Forest Land Closed Forest Deciduous",
        "Triggering": "Rainfall",
        "Year": "2023",
        "Source": "Resourcesat-2 LissIV, 10m MaptilerDEM, SISDP-LULC10K(2018-19), India-WRIS, GSI-Geom, GSI-Litho",
        "Basin": "Barak & Others",
        "Sub_basin": "Barak",
        "length_1": 89.014,
        "width_1": 34.53,
        "height_1": 67
      }
    },
    {
      "type": "Feature",
      "id": "LS_MIZORAM_2023.149",
      "geometry": {
        "type": "MultiPolygon",
        "coordinates": [
          [
            [
              [
                92.59852878,
                23.37978492
              ],
              [
                92.59852878,
                23.38065638
              ],
              [
                92.59910049,
                23.38065638
              ],
              [
                92.59910049,
                23.37978492
              ],
              [
                92.59852878,
                23.37978492
              ]
            ]
          ]
        ]
      },
      "geometry_name": "the_geom",
      "properties": {
        "Slide_no": "MZ/LU/84A11/2023/18",
        "State": "Mizoram",
        "District": "Lunglei",
        "Toposheet": "84A11",
        "Latitude": 23.3803,
        "Longitude": 92.5988,
        "Length_m": "109.95",
        "Width_m": "34.496",
        "Height_m": "54",
        "Area_sqm": 2663.68,
        "Activity": "Active",
        "GEOMORPHOL": "Antiformal Hill",
        "LITHOLOGIC": "SST WITH SUBORDINATE SILTSTONE,MUDSTONE, SHALE",
        "LULC": "Wasteland Sparse Scrub Land",
        "Triggering": "Rainfall",
        "Year": "2023",
        "Source": "Resourcesat-2 LissIV, 10m MaptilerDEM, SISDP-LULC10K(2018-19), India-WRIS, GSI-Geom, GSI-Litho",
        "Basin": "Barak & Others",
        "Sub_basin": "Barak",
        "length_1": 109.95,
        "width_1": 34.496,
        "height_1": 54
      }
    },
    {
      "type": "Feature",
      "id": "LS_MIZORAM_2023.150",
      "geometry": {
        "type": "MultiPolygon",
        "coordinates": [
          [
            [
              [
                92.58530618,
                23.39935834
              ],
              [
                92.58530618,
                23.39998882
              ],
              [
                92.58572215,
                23.39998882
              ],
              [
                92.58572215,
                23.39935834
              ],
              [
                92.58530618,
                23.39935834
              ]
            ]
          ]
        ]
      },
      "geometry_name": "the_geom",
      "properties": {
        "Slide_no": "MZ/MA/84A11/2023/19",
        "State": "Mizoram",
        "District": "Mamit",
        "Toposheet": "84A11",
        "Latitude": 23.3998,
        "Longitude": 92.5855,
        "Length_m": "87.885",
        "Width_m": "27.997",
        "Height_m": "29",
        "Area_sqm": 1360.95,
        "Activity": "Active",
        "GEOMORPHOL": "Antiformal Hill",
        "LITHOLOGIC": "SST WITH SUBORDINATE SILTSTONE,MUDSTONE, SHALE",
        "LULC": "Forest Land Closed Forest Semi-Evergreen",
        "Triggering": "Rainfall",
        "Year": "2023",
        "Source": "Resourcesat-2 LissIV, 10m MaptilerDEM, SISDP-LULC10K(2018-19), India-WRIS, GSI-Geom, GSI-Litho",
        "Basin": "Barak & Others",
        "Sub_basin": "Barak",
        "length_1": 87.885,
        "width_1": 27.997,
        "height_1": 29
      }
    },
    {
      "type": "Feature",
      "id": "LS_MIZORAM_2023.151",
      "geometry": {
        "type": "MultiPolygon",
        "coordinates": [
          [
            [
              [
                92.62121741,
                23.42193432
              ],
              [
                92.62121741,
                23.42244535
              ],
              [
                92.62162049,
                23.42244535
              ],
              [
                92.62162049,
                23.42193432
              ],
              [
                92.62121741,
                23.42193432
              ]
            ]
          ]
        ]
      },
      "geometry_name": "the_geom",
      "properties": {
        "Slide_no": "MZ/MA/84A11/2023/20",
        "State": "Mizoram",
        "District": "Mamit",
        "Toposheet": "84A11",
        "Latitude": 23.4222,
        "Longitude": 92.6214,
        "Length_m": "61.78",
        "Width_m": "24.118",
        "Height_m": "9",
        "Area_sqm": 1159.96,
        "Activity": "Active",
        "GEOMORPHOL": "Antiformal Hill",
        "LITHOLOGIC": "GREY SANDY SPLINTERY SHALE, SILTSTONE AND MUDSTONE",
        "LULC": "Forest Land Closed Forest Deciduous",
        "Triggering": "Rainfall",
        "Year": "2023",
        "Source": "Resourcesat-2 LissIV, 10m MaptilerDEM, SISDP-LULC10K(2018-19), India-WRIS, GSI-Geom, GSI-Litho",
        "Basin": "Barak & Others",
        "Sub_basin": "Barak",
        "length_1": 61.78,
        "width_1": 24.118,
        "height_1": 9
      }
    },
    {
      "type": "Feature",
      "id": "LS_MIZORAM_2023.152",
      "geometry": {
        "type": "MultiPolygon",
        "coordinates": [
          [
            [
              [
                92.63252573,
                23.43751153
              ],
              [
                92.63252573,
                23.43795491
              ],
              [
                92.63277747,
                23.43795491
              ],
              [
                92.63277747,
                23.43751153
              ],
              [
                92.63252573,
                23.43751153
              ]
            ]
          ]
        ]
      },
      "geometry_name": "the_geom",
      "properties": {
        "Slide_no": "MZ/MA/84A11/2023/21",
        "State": "Mizoram",
        "District": "Mamit",
        "Toposheet": "84A11",
        "Latitude": 23.4378,
        "Longitude": 92.6327,
        "Length_m": "63.236",
        "Width_m": "22.14",
        "Height_m": "11",
        "Area_sqm": 923.487,
        "Activity": "Active",
        "GEOMORPHOL": "Antiformal Hill",
        "LITHOLOGIC": "GREY SANDY SPLINTERY SHALE, SILTSTONE AND MUDSTONE",
        "LULC": "Forest Land Closed Forest Deciduous",
        "Triggering": "Rainfall",
        "Year": "2023",
        "Source": "Resourcesat-2 LissIV, 10m MaptilerDEM, SISDP-LULC10K(2018-19), India-WRIS, GSI-Geom, GSI-Litho",
        "Basin": "Barak & Others",
        "Sub_basin": "Barak",
        "length_1": 63.236,
        "width_1": 22.14,
        "height_1": 11
      }
    },
    {
      "type": "Feature",
      "id": "LS_MIZORAM_2023.153",
      "geometry": {
        "type": "MultiPolygon",
        "coordinates": [
          [
            [
              [
                92.61496983,
                23.4440182
              ],
              [
                92.61496983,
                23.44443448
              ],
              [
                92.61551141,
                23.44443448
              ],
              [
                92.61551141,
                23.4440182
              ],
              [
                92.61496983,
                23.4440182
              ]
            ]
          ]
        ]
      },
      "geometry_name": "the_geom",
      "properties": {
        "Slide_no": "MZ/MA/84A11/2023/22",
        "State": "Mizoram",
        "District": "Mamit",
        "Toposheet": "84A11",
        "Latitude": 23.4443,
        "Longitude": 92.6152,
        "Length_m": "19.396",
        "Width_m": "11.894",
        "Height_m": "12",
        "Area_sqm": 1233.69,
        "Activity": "Active",
        "GEOMORPHOL": "Antiformal Hill",
        "LITHOLOGIC": "GREY SANDY SPLINTERY SHALE, SILTSTONE AND MUDSTONE",
        "LULC": "Forest Land Closed Forest Semi-Evergreen",
        "Triggering": "Rainfall",
        "Year": "2023",
        "Source": "Resourcesat-2 LissIV, 10m MaptilerDEM, SISDP-LULC10K(2018-19), India-WRIS, GSI-Geom, GSI-Litho",
        "Basin": "Barak & Others",
        "Sub_basin": "Barak",
        "length_1": 19.396,
        "width_1": 11.894,
        "height_1": 12
      }
    },
    {
      "type": "Feature",
      "id": "LS_MIZORAM_2023.154",
      "geometry": {
        "type": "MultiPolygon",
        "coordinates": [
          [
            [
              [
                92.55167129,
                23.31151204
              ],
              [
                92.55167129,
                23.31174947
              ],
              [
                92.55204577,
                23.31174947
              ],
              [
                92.55204577,
                23.31151204
              ],
              [
                92.55167129,
                23.31151204
              ]
            ]
          ]
        ]
      },
      "geometry_name": "the_geom",
      "properties": {
        "Slide_no": "MZ/LU/84A11/2023/23",
        "State": "Mizoram",
        "District": "Lunglei",
        "Toposheet": "84A11",
        "Latitude": 23.3116,
        "Longitude": 92.5519,
        "Length_m": "70.744",
        "Width_m": "32.956",
        "Height_m": "27",
        "Area_sqm": 756.227,
        "Activity": "Active",
        "GEOMORPHOL": "Antiformal Hill",
        "LITHOLOGIC": "SHALE-SILTSTONE SEQUENCE WITH SANDSTONE",
        "LULC": "Forest Land Open Forest Semi-Evergreen",
        "Triggering": "Rainfall",
        "Year": "2023",
        "Source": "Resourcesat-2 LissIV, 10m MaptilerDEM, SISDP-LULC10K(2018-19), India-WRIS, GSI-Geom, GSI-Litho",
        "Basin": "Barak & Others",
        "Sub_basin": "Barak",
        "length_1": 70.744,
        "width_1": 32.956,
        "height_1": 27
      }
    },
    {
      "type": "Feature",
      "id": "LS_MIZORAM_2023.155",
      "geometry": {
        "type": "MultiPolygon",
        "coordinates": [
          [
            [
              [
                92.51504214,
                23.33088622
              ],
              [
                92.51504214,
                23.33132838
              ],
              [
                92.51525053,
                23.33132838
              ],
              [
                92.51525053,
                23.33088622
              ],
              [
                92.51504214,
                23.33088622
              ]
            ]
          ]
        ]
      },
      "geometry_name": "the_geom",
      "properties": {
        "Slide_no": "MZ/LLU/84A11/2023/24",
        "State": "Mizoram",
        "District": "Lunglei",
        "Toposheet": "84A11",
        "Latitude": 23.3311,
        "Longitude": 92.5151,
        "Length_m": "15.885",
        "Width_m": "10.267",
        "Height_m": "2",
        "Area_sqm": 752.555,
        "Activity": "Active",
        "GEOMORPHOL": "Antiformal Hill",
        "LITHOLOGIC": "SHALE-SILTSTONE SEQUENCE WITH SANDSTONE",
        "LULC": "Forest Land Closed Forest Semi-Evergreen",
        "Triggering": "Rainfall",
        "Year": "2023",
        "Source": "Resourcesat-2 LissIV, 10m MaptilerDEM, SISDP-LULC10K(2018-19), India-WRIS, GSI-Geom, GSI-Litho",
        "Basin": "Minor Rivers Draining into Bangladesh",
        "Sub_basin": "Karnaphuli & Others",
        "length_1": 15.885,
        "width_1": 10.267,
        "height_1": 2
      }
    },
    {
      "type": "Feature",
      "id": "LS_MIZORAM_2023.156",
      "geometry": {
        "type": "MultiPolygon",
        "coordinates": [
          [
            [
              [
                92.66859853,
                23.49595401
              ],
              [
                92.66859853,
                23.4965442
              ],
              [
                92.66893825,
                23.4965442
              ],
              [
                92.66893825,
                23.49595401
              ],
              [
                92.66859853,
                23.49595401
              ]
            ]
          ]
        ]
      },
      "geometry_name": "the_geom",
      "properties": {
        "Slide_no": "MZ/AI/84A11/2023/25",
        "State": "Mizoram",
        "District": "Aizawl",
        "Toposheet": "84A11",
        "Latitude": 23.4963,
        "Longitude": 92.6687,
        "Length_m": "103.189",
        "Width_m": "35.018",
        "Height_m": "61",
        "Area_sqm": 1391.12,
        "Activity": "Active",
        "GEOMORPHOL": "StrOri - Highly Dissected Hills and Valleys",
        "LITHOLOGIC": "SST WITH SUBORDINATE SILTSTONE,MUDSTONE, SHALE",
        "LULC": "Forest Land Open Forest Semi-Evergreen",
        "Triggering": "Rainfall",
        "Year": "2023",
        "Source": "Resourcesat-2 LissIV, 10m MaptilerDEM, SISDP-LULC10K(2018-19), India-WRIS, GSI-Geom, GSI-Litho",
        "Basin": "Barak & Others",
        "Sub_basin": "Barak",
        "length_1": 103.189,
        "width_1": 35.018,
        "height_1": 61
      }
    },
    {
      "type": "Feature",
      "id": "LS_MIZORAM_2023.157",
      "geometry": {
        "type": "MultiPolygon",
        "coordinates": [
          [
            [
              [
                92.51273231,
                23.45047992
              ],
              [
                92.51273231,
                23.4508503
              ],
              [
                92.513003,
                23.4508503
              ],
              [
                92.513003,
                23.45047992
              ],
              [
                92.51273231,
                23.45047992
              ]
            ]
          ]
        ]
      },
      "geometry_name": "the_geom",
      "properties": {
        "Slide_no": "MZ/MA/84A11/2023/26",
        "State": "Mizoram",
        "District": "Mamit",
        "Toposheet": "84A11",
        "Latitude": 23.4507,
        "Longitude": 92.5128,
        "Length_m": "54.404",
        "Width_m": "24.363",
        "Height_m": "16",
        "Area_sqm": 790.838,
        "Activity": "Active",
        "GEOMORPHOL": "Antiformal Hill",
        "LITHOLOGIC": "SHALE-SILTSTONE SEQUENCE WITH SANDSTONE",
        "LULC": "Forest Land Closed Forest Semi-Evergreen",
        "Triggering": "Rainfall",
        "Year": "2023",
        "Source": "Resourcesat-2 LissIV, 10m MaptilerDEM, SISDP-LULC10K(2018-19), India-WRIS, GSI-Geom, GSI-Litho",
        "Basin": "Barak & Others",
        "Sub_basin": "Barak",
        "length_1": 54.404,
        "width_1": 24.363,
        "height_1": 16
      }
    },
    {
      "type": "Feature",
      "id": "LS_MIZORAM_2023.158",
      "geometry": {
        "type": "MultiPolygon",
        "coordinates": [
          [
            [
              [
                92.51694838,
                23.44423905
              ],
              [
                92.51694838,
                23.44492975
              ],
              [
                92.51731821,
                23.44492975
              ],
              [
                92.51731821,
                23.44423905
              ],
              [
                92.51694838,
                23.44423905
              ]
            ]
          ]
        ]
      },
      "geometry_name": "the_geom",
      "properties": {
        "Slide_no": "MZ/MA/84A11/2023/27",
        "State": "Mizoram",
        "District": "Mamit",
        "Toposheet": "84A11",
        "Latitude": 23.4447,
        "Longitude": 92.5171,
        "Length_m": "71.679",
        "Width_m": "21.137",
        "Height_m": "33",
        "Area_sqm": 1402.17,
        "Activity": "Active",
        "GEOMORPHOL": "Antiformal Hill",
        "LITHOLOGIC": "SHALE-SILTSTONE SEQUENCE WITH SANDSTONE",
        "LULC": "Forest Land Open Forest Semi-Evergreen",
        "Triggering": "Rainfall",
        "Year": "2023",
        "Source": "Resourcesat-2 LissIV, 10m MaptilerDEM, SISDP-LULC10K(2018-19), India-WRIS, GSI-Geom, GSI-Litho",
        "Basin": "Barak & Others",
        "Sub_basin": "Barak",
        "length_1": 71.679,
        "width_1": 21.137,
        "height_1": 33
      }
    },
    {
      "type": "Feature",
      "id": "LS_MIZORAM_2023.159",
      "geometry": {
        "type": "MultiPolygon",
        "coordinates": [
          [
            [
              [
                92.5302475,
                23.45236736
              ],
              [
                92.5302475,
                23.45298086
              ],
              [
                92.53046888,
                23.45298086
              ],
              [
                92.53046888,
                23.45236736
              ],
              [
                92.5302475,
                23.45236736
              ]
            ]
          ]
        ]
      },
      "geometry_name": "the_geom",
      "properties": {
        "Slide_no": "MZ/MA/84A11/2023/28",
        "State": "Mizoram",
        "District": "Mamit",
        "Toposheet": "84A11",
        "Latitude": 23.4527,
        "Longitude": 92.5304,
        "Length_m": "90.429",
        "Width_m": "27.324",
        "Height_m": "19",
        "Area_sqm": 1078.09,
        "Activity": "Active",
        "GEOMORPHOL": "Antiformal Hill",
        "LITHOLOGIC": "SHALE-SILTSTONE SEQUENCE WITH SANDSTONE",
        "LULC": "Forest Land Closed Forest Semi-Evergreen",
        "Triggering": "Rainfall",
        "Year": "2023",
        "Source": "Resourcesat-2 LissIV, 10m MaptilerDEM, SISDP-LULC10K(2018-19), India-WRIS, GSI-Geom, GSI-Litho",
        "Basin": "Barak & Others",
        "Sub_basin": "Barak",
        "length_1": 90.429,
        "width_1": 27.324,
        "height_1": 19
      }
    },
    {
      "type": "Feature",
      "id": "LS_MIZORAM_2023.160",
      "geometry": {
        "type": "MultiPolygon",
        "coordinates": [
          [
            [
              [
                92.5268552,
                23.42727743
              ],
              [
                92.5268552,
                23.4277867
              ],
              [
                92.52741346,
                23.4277867
              ],
              [
                92.52741346,
                23.42727743
              ],
              [
                92.5268552,
                23.42727743
              ]
            ]
          ]
        ]
      },
      "geometry_name": "the_geom",
      "properties": {
        "Slide_no": "MZ/MA/84A11/2023/29",
        "State": "Mizoram",
        "District": "Mamit",
        "Toposheet": "84A11",
        "Latitude": 23.4275,
        "Longitude": 92.5271,
        "Length_m": "85.314",
        "Width_m": "29.186",
        "Height_m": "51",
        "Area_sqm": 1420.17,
        "Activity": "Active",
        "GEOMORPHOL": "Antiformal Hill",
        "LITHOLOGIC": "SHALE-SILTSTONE SEQUENCE WITH SANDSTONE",
        "LULC": "Forest Land Closed Forest Deciduous",
        "Triggering": "Rainfall",
        "Year": "2023",
        "Source": "Resourcesat-2 LissIV, 10m MaptilerDEM, SISDP-LULC10K(2018-19), India-WRIS, GSI-Geom, GSI-Litho",
        "Basin": "Barak & Others",
        "Sub_basin": "Barak",
        "length_1": 85.314,
        "width_1": 29.186,
        "height_1": 51
      }
    },
    {
      "type": "Feature",
      "id": "LS_MIZORAM_2023.161",
      "geometry": {
        "type": "MultiPolygon",
        "coordinates": [
          [
            [
              [
                92.52133873,
                23.40943417
              ],
              [
                92.52133873,
                23.40997269
              ],
              [
                92.52169998,
                23.40997269
              ],
              [
                92.52169998,
                23.40943417
              ],
              [
                92.52133873,
                23.40943417
              ]
            ]
          ]
        ]
      },
      "geometry_name": "the_geom",
      "properties": {
        "Slide_no": "MZ/MA/84A11/2023/30",
        "State": "Mizoram",
        "District": "mamit",
        "Toposheet": "84A11",
        "Latitude": 23.4097,
        "Longitude": 92.5215,
        "Length_m": "64.963",
        "Width_m": "28.21",
        "Height_m": "22",
        "Area_sqm": 1428.09,
        "Activity": "Active",
        "GEOMORPHOL": "Antiformal Hill",
        "LITHOLOGIC": "SHALE-SILTSTONE SEQUENCE WITH SANDSTONE",
        "LULC": "Forest Land Closed Forest Deciduous",
        "Triggering": "Rainfall",
        "Year": "2023",
        "Source": "Resourcesat-2 LissIV, 10m MaptilerDEM, SISDP-LULC10K(2018-19), India-WRIS, GSI-Geom, GSI-Litho",
        "Basin": "Barak & Others",
        "Sub_basin": "Barak",
        "length_1": 64.963,
        "width_1": 28.21,
        "height_1": 22
      }
    },
    {
      "type": "Feature",
      "id": "LS_MIZORAM_2023.162",
      "geometry": {
        "type": "MultiPolygon",
        "coordinates": [
          [
            [
              [
                92.50832399,
                23.42051878
              ],
              [
                92.50832399,
                23.42091405
              ],
              [
                92.50871153,
                23.42091405
              ],
              [
                92.50871153,
                23.42051878
              ],
              [
                92.50832399,
                23.42051878
              ]
            ]
          ]
        ]
      },
      "geometry_name": "the_geom",
      "properties": {
        "Slide_no": "MZ/MA/84A11/2023/31",
        "State": "Mizoram",
        "District": "Mamit",
        "Toposheet": "84A11",
        "Latitude": 23.4207,
        "Longitude": 92.5085,
        "Length_m": "56.050",
        "Width_m": "24.485",
        "Height_m": "24",
        "Area_sqm": 994.939,
        "Activity": "Active",
        "GEOMORPHOL": "Antiformal Hill",
        "LITHOLOGIC": "SHALE-SILTSTONE SEQUENCE WITH SANDSTONE",
        "LULC": "Forest Land Closed Forest Semi-Evergreen",
        "Triggering": "Rainfall",
        "Year": "2023",
        "Source": "Resourcesat-2 LissIV, 10m MaptilerDEM, SISDP-LULC10K(2018-19), India-WRIS, GSI-Geom, GSI-Litho",
        "Basin": "Barak & Others",
        "Sub_basin": "Barak",
        "length_1": 56.05,
        "width_1": 24.485,
        "height_1": 24
      }
    },
    {
      "type": "Feature",
      "id": "LS_MIZORAM_2023.163",
      "geometry": {
        "type": "MultiPolygon",
        "coordinates": [
          [
            [
              [
                92.52040857,
                23.41596799
              ],
              [
                92.52040857,
                23.41639821
              ],
              [
                92.52060246,
                23.41639821
              ],
              [
                92.52060246,
                23.41596799
              ],
              [
                92.52040857,
                23.41596799
              ]
            ]
          ]
        ]
      },
      "geometry_name": "the_geom",
      "properties": {
        "Slide_no": "MZ/MA/84A11/2023/32",
        "State": "Mizoram",
        "District": "Mamit",
        "Toposheet": "84A11",
        "Latitude": 23.4162,
        "Longitude": 92.5205,
        "Length_m": "47.599",
        "Width_m": "19.039",
        "Height_m": "16",
        "Area_sqm": 681.67,
        "Activity": "Active",
        "GEOMORPHOL": "Antiformal Hill",
        "LITHOLOGIC": "SHALE-SILTSTONE SEQUENCE WITH SANDSTONE",
        "LULC": "Forest Land Closed Forest Deciduous",
        "Triggering": "Rainfall",
        "Year": "2023",
        "Source": "Resourcesat-2 LissIV, 10m MaptilerDEM, SISDP-LULC10K(2018-19), India-WRIS, GSI-Geom, GSI-Litho",
        "Basin": "Barak & Others",
        "Sub_basin": "Barak",
        "length_1": 47.599,
        "width_1": 19.039,
        "height_1": 16
      }
    },
    {
      "type": "Feature",
      "id": "LS_MIZORAM_2023.164",
      "geometry": {
        "type": "MultiPolygon",
        "coordinates": [
          [
            [
              [
                92.53336506,
                23.38226097
              ],
              [
                92.53336506,
                23.3834925
              ],
              [
                92.53400573,
                23.3834925
              ],
              [
                92.53400573,
                23.38226097
              ],
              [
                92.53336506,
                23.38226097
              ]
            ]
          ]
        ]
      },
      "geometry_name": "the_geom",
      "properties": {
        "Slide_no": "MZ/MA/84A11/2023/33",
        "State": "Mizoram",
        "District": "Mamit",
        "Toposheet": "84A11",
        "Latitude": 23.3829,
        "Longitude": 92.5337,
        "Length_m": "147.987",
        "Width_m": "26.826",
        "Height_m": "89",
        "Area_sqm": 2885.59,
        "Activity": "Active",
        "GEOMORPHOL": "Antiformal Hill",
        "LITHOLOGIC": "SHALE-SILTSTONE SEQUENCE WITH SANDSTONE",
        "LULC": "Forest Land Open Forest Semi-Evergreen",
        "Triggering": "Rainfall",
        "Year": "2023",
        "Source": "Resourcesat-2 LissIV, 10m MaptilerDEM, SISDP-LULC10K(2018-19), India-WRIS, GSI-Geom, GSI-Litho",
        "Basin": "Barak & Others",
        "Sub_basin": "Barak",
        "length_1": 147.987,
        "width_1": 26.826,
        "height_1": 89
      }
    },
    {
      "type": "Feature",
      "id": "LS_MIZORAM_2023.165",
      "geometry": {
        "type": "MultiPolygon",
        "coordinates": [
          [
            [
              [
                92.62597851,
                23.31217723
              ],
              [
                92.62597851,
                23.31267835
              ],
              [
                92.62644533,
                23.31267835
              ],
              [
                92.62644533,
                23.31217723
              ],
              [
                92.62597851,
                23.31217723
              ]
            ]
          ]
        ]
      },
      "geometry_name": "the_geom",
      "properties": {
        "Slide_no": "MZ/LU/84A11/2023/34",
        "State": "Mizoram",
        "District": "Lunglei",
        "Toposheet": "84A11",
        "Latitude": 23.3124,
        "Longitude": 92.6262,
        "Length_m": "26.859",
        "Width_m": "19.554",
        "Height_m": "13",
        "Area_sqm": 1190.08,
        "Activity": "Active",
        "GEOMORPHOL": "Antiformal Hill",
        "LITHOLOGIC": "GREY SANDY SPLINTERY SHALE, SILTSTONE AND MUDSTONE",
        "LULC": "Forest Land Closed Forest Deciduous",
        "Triggering": "Rainfall",
        "Year": "2023",
        "Source": "Resourcesat-2 LissIV, 10m MaptilerDEM, SISDP-LULC10K(2018-19), India-WRIS, GSI-Geom, GSI-Litho",
        "Basin": "Barak & Others",
        "Sub_basin": "Barak",
        "length_1": 26.859,
        "width_1": 19.554,
        "height_1": 13
      }
    },
    {
      "type": "Feature",
      "id": "LS_MIZORAM_2023.166",
      "geometry": {
        "type": "MultiPolygon",
        "coordinates": [
          [
            [
              [
                92.64065554,
                23.33363611
              ],
              [
                92.64065554,
                23.3338392
              ],
              [
                92.64119905,
                23.3338392
              ],
              [
                92.64119905,
                23.33363611
              ],
              [
                92.64065554,
                23.33363611
              ]
            ]
          ]
        ]
      },
      "geometry_name": "the_geom",
      "properties": {
        "Slide_no": "MZ/LU/84A11/2023/35",
        "State": "Mizoram",
        "District": "Lunglei",
        "Toposheet": "84A11",
        "Latitude": 23.3337,
        "Longitude": 92.6409,
        "Length_m": "55.468",
        "Width_m": "22.296",
        "Height_m": "16",
        "Area_sqm": 985.317,
        "Activity": "Active",
        "GEOMORPHOL": "Antiformal Hill",
        "LITHOLOGIC": "GREY SANDY SPLINTERY SHALE, SILTSTONE AND MUDSTONE",
        "LULC": "Forest Land Closed Forest Semi-Evergreen",
        "Triggering": "Rainfall",
        "Year": "2023",
        "Source": "Resourcesat-2 LissIV, 10m MaptilerDEM, SISDP-LULC10K(2018-19), India-WRIS, GSI-Geom, GSI-Litho",
        "Basin": "Barak & Others",
        "Sub_basin": "Barak",
        "length_1": 55.468,
        "width_1": 22.296,
        "height_1": 16
      }
    },
    {
      "type": "Feature",
      "id": "LS_MIZORAM_2023.167",
      "geometry": {
        "type": "MultiPolygon",
        "coordinates": [
          [
            [
              [
                92.64960692,
                23.44315624
              ],
              [
                92.64960692,
                23.44369191
              ],
              [
                92.64988571,
                23.44369191
              ],
              [
                92.64988571,
                23.44315624
              ],
              [
                92.64960692,
                23.44315624
              ]
            ]
          ]
        ]
      },
      "geometry_name": "the_geom",
      "properties": {
        "Slide_no": "MZ/MA/84A11/2023/36",
        "State": "Mizoram",
        "District": "Mamit",
        "Toposheet": "84A11",
        "Latitude": 23.4435,
        "Longitude": 92.6497,
        "Length_m": "60.122",
        "Width_m": "26.541",
        "Height_m": "15",
        "Area_sqm": 1013.11,
        "Activity": "Active",
        "GEOMORPHOL": "Antiformal Hill",
        "LITHOLOGIC": "SST WITH SUBORDINATE SILTSTONE,MUDSTONE, SHALE",
        "LULC": "Forest Land Closed Forest Deciduous",
        "Triggering": "Rainfall",
        "Year": "2023",
        "Source": "Resourcesat-2 LissIV, 10m MaptilerDEM, SISDP-LULC10K(2018-19), India-WRIS, GSI-Geom, GSI-Litho",
        "Basin": "Barak & Others",
        "Sub_basin": "Barak",
        "length_1": 60.122,
        "width_1": 26.541,
        "height_1": 15
      }
    },
    {
      "type": "Feature",
      "id": "LS_MIZORAM_2023.168",
      "geometry": {
        "type": "MultiPolygon",
        "coordinates": [
          [
            [
              [
                92.70895841,
                23.30978698
              ],
              [
                92.70895841,
                23.31021996
              ],
              [
                92.70939478,
                23.31021996
              ],
              [
                92.70939478,
                23.30978698
              ],
              [
                92.70895841,
                23.30978698
              ]
            ]
          ]
        ]
      },
      "geometry_name": "the_geom",
      "properties": {
        "Slide_no": "MZ/SE/84A11/2023/37",
        "State": "Mizoram",
        "District": "Serchhip",
        "Toposheet": "84A11",
        "Latitude": 23.31,
        "Longitude": 92.7092,
        "Length_m": "47.95",
        "Width_m": "37.2",
        "Height_m": "27",
        "Area_sqm": 1540.92,
        "Activity": "Active",
        "GEOMORPHOL": "StrOri - Highly Dissected Hills and Valleys",
        "LITHOLOGIC": "SST WITH SUBORDINATE SILTSTONE,MUDSTONE, SHALE",
        "LULC": "Forest Land Open Forest Semi-Evergreen",
        "Triggering": "Rainfall",
        "Year": "2023",
        "Source": "Resourcesat-2 LissIV, 10m MaptilerDEM, SISDP-LULC10K(2018-19), India-WRIS, GSI-Geom, GSI-Litho",
        "Basin": "Barak & Others",
        "Sub_basin": "Barak",
        "length_1": 47.95,
        "width_1": 37.2,
        "height_1": 27
      }
    },
    {
      "type": "Feature",
      "id": "LS_MIZORAM_2023.169",
      "geometry": {
        "type": "MultiPolygon",
        "coordinates": [
          [
            [
              [
                92.70113576,
                23.5000374
              ],
              [
                92.70113576,
                23.50048445
              ],
              [
                92.70165949,
                23.50048445
              ],
              [
                92.70165949,
                23.5000374
              ],
              [
                92.70113576,
                23.5000374
              ]
            ]
          ]
        ]
      },
      "geometry_name": "the_geom",
      "properties": {
        "Slide_no": "MZ/AI/84A11/2023/38",
        "State": "Mizoram",
        "District": "Aizawl",
        "Toposheet": "84A11",
        "Latitude": 23.5003,
        "Longitude": 92.7014,
        "Length_m": "50.647",
        "Width_m": "22.8",
        "Height_m": "7",
        "Area_sqm": 1960.79,
        "Activity": "Active",
        "GEOMORPHOL": "StrOri - Highly Dissected Hills and Valleys",
        "LITHOLOGIC": "SST WITH SUBORDINATE SILTSTONE,MUDSTONE, SHALE",
        "LULC": "Built Up Rural Village Settlement",
        "Triggering": "Rainfall",
        "Year": "2023",
        "Source": "Resourcesat-2 LissIV, 10m MaptilerDEM, SISDP-LULC10K(2018-19), India-WRIS, GSI-Geom, GSI-Litho",
        "Basin": "Barak & Others",
        "Sub_basin": "Barak",
        "length_1": 50.647,
        "width_1": 22.8,
        "height_1": 7
      }
    },
    {
      "type": "Feature",
      "id": "LS_MIZORAM_2023.170",
      "geometry": {
        "type": "MultiPolygon",
        "coordinates": [
          [
            [
              [
                92.32182756,
                24.23415592
              ],
              [
                92.32182756,
                24.23489972
              ],
              [
                92.3222472,
                24.23489972
              ],
              [
                92.3222472,
                24.23415592
              ],
              [
                92.32182756,
                24.23415592
              ]
            ]
          ]
        ]
      },
      "geometry_name": "the_geom",
      "properties": {
        "Slide_no": "MZ/MA/84D08/2023/1",
        "State": "Mizoram",
        "District": "Mamit",
        "Toposheet": "84D08",
        "Latitude": 24.2346,
        "Longitude": 431166,
        "Length_m": "49.892",
        "Width_m": "39.017",
        "Height_m": "3",
        "Area_sqm": 1824.57,
        "Activity": "Active",
        "GEOMORPHOL": "Antiformal Hill",
        "LITHOLOGIC": "FERRUGINOUS SANDSTONE WITH SILTSTONE AND CLAY",
        "LULC": "Forest Land Open Forest Semi-Evergreen",
        "Triggering": "Rainfall",
        "Year": "2023",
        "Source": "Resourcesat-2 Liss IV, 10m maptilerDEM, SISDP-LULC10K(2018-19), India-WRIS, GSI-Geom, GSI-Litho",
        "Basin": "Barak & Others",
        "Sub_basin": "Barak",
        "length_1": 49.892,
        "width_1": 39.017,
        "height_1": 3
      }
    },
    {
      "type": "Feature",
      "id": "LS_MIZORAM_2023.171",
      "geometry": {
        "type": "MultiPolygon",
        "coordinates": [
          [
            [
              [
                92.67960243,
                24.33044323
              ],
              [
                92.67960243,
                24.33072852
              ],
              [
                92.68022391,
                24.33072852
              ],
              [
                92.68022391,
                24.33044323
              ],
              [
                92.67960243,
                24.33044323
              ]
            ]
          ]
        ]
      },
      "geometry_name": "the_geom",
      "properties": {
        "Slide_no": "MZ/KO/84D11/2023/1",
        "State": "Mizoram",
        "District": "Kolasib",
        "Toposheet": "84D11",
        "Latitude": 24.3305,
        "Longitude": 92.6799,
        "Length_m": "48.342",
        "Width_m": "26.63",
        "Height_m": "11",
        "Area_sqm": 1108.36,
        "Activity": "Active",
        "GEOMORPHOL": "StrOri - Highly Dissected Hills and Valleys",
        "LITHOLOGIC": "FERRUGINOUS SANDSTONE WITH SILTSTONE AND CLAY",
        "LULC": "Agriculture Crop Land",
        "Triggering": "Rainfall",
        "Year": "2023",
        "Source": "Resourcesat-2 Liss IV, 10m MaptilerDEM, SISDP-LULC10k(2018-19), India-WRIS, GSI-Geom, GSI-Litho",
        "Basin": "Barak & Others",
        "Sub_basin": "Barak",
        "length_1": 48.342,
        "width_1": 26.63,
        "height_1": 11
      }
    },
    {
      "type": "Feature",
      "id": "LS_MIZORAM_2023.172",
      "geometry": {
        "type": "MultiPolygon",
        "coordinates": [
          [
            [
              [
                92.62825306,
                24.30684124
              ],
              [
                92.62825306,
                24.30720152
              ],
              [
                92.62855309,
                24.30720152
              ],
              [
                92.62855309,
                24.30684124
              ],
              [
                92.62825306,
                24.30684124
              ]
            ]
          ]
        ]
      },
      "geometry_name": "the_geom",
      "properties": {
        "Slide_no": "MZ/KO/84D11/2023/2",
        "State": "Mizoram",
        "District": "Kolasib",
        "Toposheet": "84D11",
        "Latitude": 24.307,
        "Longitude": 92.6284,
        "Length_m": "40.603",
        "Width_m": "29.33",
        "Height_m": "8",
        "Area_sqm": 902.794,
        "Activity": "Active",
        "GEOMORPHOL": "Strike Ridge",
        "LITHOLOGIC": "FERRUGINOUS SANDSTONE WITH SILTSTONE AND CLAY",
        "LULC": "Forest Land Closed Forest Deciduous",
        "Triggering": "Rainfall",
        "Year": "2023",
        "Source": "Resourcesat-2 Liss IV, 10m MaptilerDEM, SISDP-LULC10k(2018-19), India-WRIS, GSI-Geom, GSI-Litho",
        "Basin": "Barak & Others",
        "Sub_basin": "Barak",
        "length_1": 40.603,
        "width_1": 29.33,
        "height_1": 8
      }
    },
    {
      "type": "Feature",
      "id": "LS_MIZORAM_2023.173",
      "geometry": {
        "type": "MultiPolygon",
        "coordinates": [
          [
            [
              [
                92.7217279,
                24.34933821
              ],
              [
                92.7217279,
                24.34967928
              ],
              [
                92.72210043,
                24.34967928
              ],
              [
                92.72210043,
                24.34933821
              ],
              [
                92.7217279,
                24.34933821
              ]
            ]
          ]
        ]
      },
      "geometry_name": "the_geom",
      "properties": {
        "Slide_no": "MZ/KO/84D11/2023/3",
        "State": "Mizoram",
        "District": "Kolasib",
        "Toposheet": "84D11",
        "Latitude": 24.3495,
        "Longitude": 92.7219,
        "Length_m": "40.064",
        "Width_m": "33.25",
        "Height_m": "7",
        "Area_sqm": 1048.61,
        "Activity": "Active",
        "GEOMORPHOL": "Ridge",
        "LITHOLOGIC": "SHALE, SILTSTONE AND  FOSSILIFEROUS SANDSTONE",
        "LULC": "Forest Land Closed Forest Deciduous",
        "Triggering": "Rainfall",
        "Year": "2023",
        "Source": "Resourcesat-2 Liss IV, 10m MaptilerDEM, SISDP-LULC10k(2018-19), India-WRIS, GSI-Geom, GSI-Litho",
        "Basin": "Barak & Others",
        "Sub_basin": "Barak",
        "length_1": 40.064,
        "width_1": 33.25,
        "height_1": 7
      }
    },
    {
      "type": "Feature",
      "id": "LS_MIZORAM_2023.174",
      "geometry": {
        "type": "MultiPolygon",
        "coordinates": [
          [
            [
              [
                92.64678142,
                24.2068766
              ],
              [
                92.64678142,
                24.20706305
              ],
              [
                92.64723624,
                24.20706305
              ],
              [
                92.64723624,
                24.2068766
              ],
              [
                92.64678142,
                24.2068766
              ]
            ]
          ]
        ]
      },
      "geometry_name": "the_geom",
      "properties": {
        "Slide_no": "MZ/KO/84D12/2023/1",
        "State": "MIzoram",
        "District": "Kolasib",
        "Toposheet": "84D12",
        "Latitude": 24.207,
        "Longitude": 92.647,
        "Length_m": "46.187",
        "Width_m": "9.394",
        "Height_m": "6",
        "Area_sqm": 702.343,
        "Activity": "Active",
        "GEOMORPHOL": "StrOri - Highly Dissected Hills and Valleys",
        "LITHOLOGIC": "FERRUGINOUS SANDSTONE WITH SILTSTONE AND CLAY",
        "LULC": "Agriculture Crop Land",
        "Triggering": "Rainfall",
        "Year": "2023",
        "Source": "Resoursat-2 Liss IV, 10m MaptilerDEM, SISDP-LULC10k(2018-19), India-WRIS, GSI-Geom, GSI-Litho",
        "Basin": "Barak & Others",
        "Sub_basin": "Barak",
        "length_1": 46.187,
        "width_1": 9.394,
        "height_1": 6
      }
    },
    {
      "type": "Feature",
      "id": "LS_MIZORAM_2023.175",
      "geometry": {
        "type": "MultiPolygon",
        "coordinates": [
          [
            [
              [
                92.6940987,
                24.17950369
              ],
              [
                92.6940987,
                24.17992758
              ],
              [
                92.69463243,
                24.17992758
              ],
              [
                92.69463243,
                24.17950369
              ],
              [
                92.6940987,
                24.17950369
              ]
            ]
          ]
        ]
      },
      "geometry_name": "the_geom",
      "properties": {
        "Slide_no": "MZ/KO/84D12/2023/2",
        "State": "MIzoram",
        "District": "Kolasib",
        "Toposheet": "84D12",
        "Latitude": 24.1795,
        "Longitude": 92.6952,
        "Length_m": "29.581",
        "Width_m": "25.823",
        "Height_m": "13",
        "Area_sqm": 1330.74,
        "Activity": "Active",
        "GEOMORPHOL": "Ridge",
        "LITHOLOGIC": "SHALE, SILTSTONE AND  FOSSILIFEROUS SANDSTONE",
        "LULC": "Forest Land Open Forest Semi-Evergreen",
        "Triggering": "Rainfall",
        "Year": "2023",
        "Source": "Resoursat-2 Liss IV, 10m MaptilerDEM, SISDP-LULC10k(2018-19), India-WRIS, GSI-Geom, GSI-Litho",
        "Basin": "Barak & Others",
        "Sub_basin": "Barak",
        "length_1": 29.581,
        "width_1": 25.823,
        "height_1": 13
      }
    },
    {
      "type": "Feature",
      "id": "LS_MIZORAM_2023.176",
      "geometry": {
        "type": "MultiPolygon",
        "coordinates": [
          [
            [
              [
                92.6963583,
                24.02260106
              ],
              [
                92.6963583,
                24.02304167
              ],
              [
                92.69668781,
                24.02304167
              ],
              [
                92.69668781,
                24.02260106
              ],
              [
                92.6963583,
                24.02260106
              ]
            ]
          ]
        ]
      },
      "geometry_name": "the_geom",
      "properties": {
        "Slide_no": "MZ/KO/84D12/2023/3",
        "State": "MIzoram",
        "District": "Kolasib",
        "Toposheet": "84D12",
        "Latitude": 24.0228,
        "Longitude": 92.6965,
        "Length_m": "53.281",
        "Width_m": "20.762",
        "Height_m": "9",
        "Area_sqm": 773.292,
        "Activity": "Active",
        "GEOMORPHOL": "StrOri - Moderately Dissected Hills and Valleys",
        "LITHOLOGIC": "SHALE, SILTSTONE AND  FOSSILIFEROUS SANDSTONE",
        "LULC": "Forest Land Closed Forest Deciduous",
        "Triggering": "Rainfall",
        "Year": "2023",
        "Source": "Resoursat-2 Liss IV, 10m MaptilerDEM, SISDP-LULC10k(2018-19), India-WRIS, GSI-Geom, GSI-Litho",
        "Basin": "Barak & Others",
        "Sub_basin": "Barak",
        "length_1": 53.281,
        "width_1": 20.762,
        "height_1": 9
      }
    },
    {
      "type": "Feature",
      "id": "LS_MIZORAM_2023.177",
      "geometry": {
        "type": "MultiPolygon",
        "coordinates": [
          [
            [
              [
                92.70750182,
                24.22880459
              ],
              [
                92.70750182,
                24.22926665
              ],
              [
                92.70793153,
                24.22926665
              ],
              [
                92.70793153,
                24.22880459
              ],
              [
                92.70750182,
                24.22880459
              ]
            ]
          ]
        ]
      },
      "geometry_name": "the_geom",
      "properties": {
        "Slide_no": "MZ/KO/84D12/2023/4",
        "State": "MIzoram",
        "District": "Kolasib",
        "Toposheet": "84D12",
        "Latitude": 24.229,
        "Longitude": 92.7077,
        "Length_m": "13.174",
        "Width_m": "3.492",
        "Height_m": "13",
        "Area_sqm": 1636.32,
        "Activity": "Active",
        "GEOMORPHOL": "StrOri - Moderately Dissected Hills and Valleys",
        "LITHOLOGIC": "SHALE, SILTSTONE AND  FOSSILIFEROUS SANDSTONE",
        "LULC": "Built Up Transportation Transport Network",
        "Triggering": "Rainfall",
        "Year": "2023",
        "Source": "Resoursat-2 Liss IV, 10m MaptilerDEM, SISDP-LULC10k(2018-19), India-WRIS, GSI-Geom, GSI-Litho",
        "Basin": "Barak & Others",
        "Sub_basin": "Barak",
        "length_1": 13.174,
        "width_1": 3.492,
        "height_1": 13
      }
    },
    {
      "type": "Feature",
      "id": "LS_MIZORAM_2023.178",
      "geometry": {
        "type": "MultiPolygon",
        "coordinates": [
          [
            [
              [
                92.97485203,
                24.28144408
              ],
              [
                92.97485203,
                24.28203049
              ],
              [
                92.97514551,
                24.28203049
              ],
              [
                92.97514551,
                24.28144408
              ],
              [
                92.97485203,
                24.28144408
              ]
            ]
          ]
        ]
      },
      "geometry_name": "the_geom",
      "properties": {
        "Slide_no": "MZ/AI/84D15/2023/1",
        "State": "Mizoram",
        "District": "Aizawl",
        "Toposheet": "84D15",
        "Latitude": 24.2818,
        "Longitude": 92.975,
        "Length_m": "60.588",
        "Width_m": "29.234",
        "Height_m": "18",
        "Area_sqm": 1307.18,
        "Activity": "Active",
        "GEOMORPHOL": "StrOri - Moderately Dissected Hills and Valleys",
        "LITHOLOGIC": "GREY SANDY SPLINTERY SHALE, SILTSTONE AND MUDSTONE",
        "LULC": "Wasteland Dense Scrub Land",
        "Triggering": "Rainfall",
        "Year": "2023",
        "Source": "Resourcesat-2 LissIV, 10m MaptilerDEM, SISDP-LULC10K(2018-19), INDIA-WRIS, GSI-Geom, GSI-Litho",
        "Basin": "Barak & Others",
        "Sub_basin": "Barak",
        "length_1": 60.588,
        "width_1": 29.234,
        "height_1": 18
      }
    },
    {
      "type": "Feature",
      "id": "LS_MIZORAM_2023.179",
      "geometry": {
        "type": "MultiPolygon",
        "coordinates": [
          [
            [
              [
                92.97825332,
                24.38560758
              ],
              [
                92.97825332,
                24.38584363
              ],
              [
                92.97849602,
                24.38584363
              ],
              [
                92.97849602,
                24.38560758
              ],
              [
                92.97825332,
                24.38560758
              ]
            ]
          ]
        ]
      },
      "geometry_name": "the_geom",
      "properties": {
        "Slide_no": "MZ/AI/84D15/2023/2",
        "State": "Mizoram",
        "District": "Aizawl",
        "Toposheet": "84D15",
        "Latitude": 24.3857,
        "Longitude": 92.9784,
        "Length_m": "26.245",
        "Width_m": "24.08",
        "Height_m": "8",
        "Area_sqm": 542.874,
        "Activity": "Active",
        "GEOMORPHOL": "StrOri - Highly Dissected Hills and Valleys",
        "LITHOLOGIC": "THINLY BEDDED SHALE INTERCALATED WITH SST, SILTST*",
        "LULC": "Forest Land Open Forest Semi-Evergreen",
        "Triggering": "Rainfall",
        "Year": "2023",
        "Source": "Resourcesat-2 LissIV, 10m MaptilerDEM, SISDP-LULC10K(2018-19), INDIA-WRIS, GSI-Geom, GSI-Litho",
        "Basin": "Barak & Others",
        "Sub_basin": "Barak",
        "length_1": 26.245,
        "width_1": 24.08,
        "height_1": 8
      }
    },
    {
      "type": "Feature",
      "id": "LS_MIZORAM_2023.180",
      "geometry": {
        "type": "MultiPolygon",
        "coordinates": [
          [
            [
              [
                92.82793767,
                23.85110076
              ],
              [
                92.82793767,
                23.85146344
              ],
              [
                92.82825339,
                23.85146344
              ],
              [
                92.82825339,
                23.85110076
              ],
              [
                92.82793767,
                23.85110076
              ]
            ]
          ]
        ]
      },
      "geometry_name": "the_geom",
      "properties": {
        "Slide_no": "MZ/AI/84A13/2023/1",
        "State": "Mizoram",
        "District": "Aizawl",
        "Toposheet": "84A13",
        "Latitude": 23.8514,
        "Longitude": 92.828,
        "Length_m": "29.208",
        "Width_m": "22.859",
        "Height_m": "4",
        "Area_sqm": 914.525,
        "Activity": "Active",
        "GEOMORPHOL": "WatBod - River",
        "LITHOLOGIC": "SANDSTONE, SHALE WITH FOSSILIFEROUS LIMESTONE",
        "LULC": "Forest Land Closed Forest Deciduous",
        "Triggering": "Rainfall",
        "Year": "2023",
        "Source": "Resourcesat-2 LISS IV, 10m MapTilerDEM, SISDP-LULC10K(2018-19), India-WRIS, GSI-Geom, GSI-Litho",
        "Basin": "Barak & Others",
        "Sub_basin": "Barak",
        "length_1": 29.208,
        "width_1": 22.859,
        "height_1": 4
      }
    },
    {
      "type": "Feature",
      "id": "LS_MIZORAM_2023.181",
      "geometry": {
        "type": "MultiPolygon",
        "coordinates": [
          [
            [
              [
                92.83187744,
                23.96846698
              ],
              [
                92.83187744,
                23.96883364
              ],
              [
                92.83215216,
                23.96883364
              ],
              [
                92.83215216,
                23.96846698
              ],
              [
                92.83187744,
                23.96846698
              ]
            ]
          ]
        ]
      },
      "geometry_name": "the_geom",
      "properties": {
        "Slide_no": "MZ/AI/84A13/2023/2",
        "State": "Mizoram",
        "District": "Aizawl",
        "Toposheet": "84A13",
        "Latitude": 23.9686,
        "Longitude": 92.832,
        "Length_m": "44.904",
        "Width_m": "32.154",
        "Height_m": "11",
        "Area_sqm": 821.352,
        "Activity": "Active",
        "GEOMORPHOL": "StrOri - Moderately Dissected Hills and Valleys",
        "LITHOLOGIC": "SPLINTERY SHALE WITH SILTSTONE AND CONGLOMERATE",
        "LULC": "Forest Land Closed Forest Deciduous",
        "Triggering": "Rainfall",
        "Year": "2023",
        "Source": "Resourcesat-2 LISS IV, 10m MapTilerDEM, SISDP-LULC10K(2018-19), India-WRIS, GSI-Geom, GSI-Litho",
        "Basin": "Barak & Others",
        "Sub_basin": "Barak",
        "length_1": 44.904,
        "width_1": 32.154,
        "height_1": 11
      }
    },
    {
      "type": "Feature",
      "id": "LS_MIZORAM_2023.182",
      "geometry": {
        "type": "MultiPolygon",
        "coordinates": [
          [
            [
              [
                92.86888948,
                23.97412058
              ],
              [
                92.86888948,
                23.97441272
              ],
              [
                92.86907938,
                23.97441272
              ],
              [
                92.86907938,
                23.97412058
              ],
              [
                92.86888948,
                23.97412058
              ]
            ]
          ]
        ]
      },
      "geometry_name": "the_geom",
      "properties": {
        "Slide_no": "MZ/AI/84A13/2023/3",
        "State": "Mizoram",
        "District": "Aizawl",
        "Toposheet": "84A13",
        "Latitude": 23.9742,
        "Longitude": 92.869,
        "Length_m": "42.156",
        "Width_m": "14.347",
        "Height_m": "4",
        "Area_sqm": 403.592,
        "Activity": "Active",
        "GEOMORPHOL": "Ridge",
        "LITHOLOGIC": "GREY SANDY SPLINTERY SHALE, SILTSTONE AND MUDSTONE",
        "LULC": "Others - Shifting Cultivation Area",
        "Triggering": "Rainfall",
        "Year": "2023",
        "Source": "Resourcesat-2 LISS IV, 10m MapTilerDEM, SISDP-LULC10K(2018-19), India-WRIS, GSI-Geom, GSI-Litho",
        "Basin": "Barak & Others",
        "Sub_basin": "Barak",
        "length_1": 42.156,
        "width_1": 14.347,
        "height_1": 4
      }
    },
    {
      "type": "Feature",
      "id": "LS_MIZORAM_2023.183",
      "geometry": {
        "type": "MultiPolygon",
        "coordinates": [
          [
            [
              [
                92.90568313,
                23.98309556
              ],
              [
                92.90568313,
                23.98355521
              ],
              [
                92.90609568,
                23.98355521
              ],
              [
                92.90609568,
                23.98309556
              ],
              [
                92.90568313,
                23.98309556
              ]
            ]
          ]
        ]
      },
      "geometry_name": "the_geom",
      "properties": {
        "Slide_no": "MZ/AI/84A13/2023/4",
        "State": "Mizoram",
        "District": "Aizawl",
        "Toposheet": "84A13",
        "Latitude": 23.9833,
        "Longitude": 92.9059,
        "Length_m": "22.305",
        "Width_m": "3.195",
        "Height_m": "32",
        "Area_sqm": 1095.18,
        "Activity": "Active",
        "GEOMORPHOL": "Ridge",
        "LITHOLOGIC": "SST WITH SUBORDINATE SILTSTONE,MUDSTONE, SHALE",
        "LULC": "Wasteland Sparse Scrub Land",
        "Triggering": "Rainfall",
        "Year": "2023",
        "Source": "Resourcesat-2 LISS IV, 10m MapTilerDEM, SISDP-LULC10K(2018-19), India-WRIS, GSI-Geom, GSI-Litho",
        "Basin": "Barak & Others",
        "Sub_basin": "Barak",
        "length_1": 22.305,
        "width_1": 3.195,
        "height_1": 32
      }
    },
    {
      "type": "Feature",
      "id": "LS_MIZORAM_2023.184",
      "geometry": {
        "type": "MultiPolygon",
        "coordinates": [
          [
            [
              [
                92.90793522,
                23.76932629
              ],
              [
                92.90793522,
                23.76977237
              ],
              [
                92.90844809,
                23.76977237
              ],
              [
                92.90844809,
                23.76932629
              ],
              [
                92.90793522,
                23.76932629
              ]
            ]
          ]
        ]
      },
      "geometry_name": "the_geom",
      "properties": {
        "Slide_no": "MZ/SAI/84A13/2023/5",
        "State": "Mizoram",
        "District": "Saitual",
        "Toposheet": "84A13",
        "Latitude": 23.7696,
        "Longitude": 92.9082,
        "Length_m": "35.968",
        "Width_m": "9.99",
        "Height_m": "3",
        "Area_sqm": 1456.19,
        "Activity": "Active",
        "GEOMORPHOL": "Ridge",
        "LITHOLOGIC": "SST WITH SUBORDINATE SILTSTONE,MUDSTONE, SHALE",
        "LULC": "Forest Land Open Forest Semi-Evergreen",
        "Triggering": "Rainfall",
        "Year": "2023",
        "Source": "Resourcesat-2 LISS IV, 10m MapTilerDEM, SISDP-LULC10K(2018-19), India-WRIS, GSI-Geom, GSI-Litho",
        "Basin": "Barak & Others",
        "Sub_basin": "Barak",
        "length_1": 35.968,
        "width_1": 9.99,
        "height_1": 3
      }
    },
    {
      "type": "Feature",
      "id": "LS_MIZORAM_2023.185",
      "geometry": {
        "type": "MultiPolygon",
        "coordinates": [
          [
            [
              [
                92.94524196,
                23.76973127
              ],
              [
                92.94524196,
                23.77003952
              ],
              [
                92.94549757,
                23.77003952
              ],
              [
                92.94549757,
                23.76973127
              ],
              [
                92.94524196,
                23.76973127
              ]
            ]
          ]
        ]
      },
      "geometry_name": "the_geom",
      "properties": {
        "Slide_no": "MZ/SAI/84A13/2023/6",
        "State": "Mizoram",
        "District": "Saitual",
        "Toposheet": "84A13",
        "Latitude": 23.7698,
        "Longitude": 92.9454,
        "Length_m": "38.477",
        "Width_m": "16.437",
        "Height_m": "9",
        "Area_sqm": 617.137,
        "Activity": "Active",
        "GEOMORPHOL": "StrOri - Moderately Dissected Hills and Valleys",
        "LITHOLOGIC": "GREY SANDY SPLINTERY SHALE, SILTSTONE AND MUDSTONE",
        "LULC": "Forest Land Open Forest Semi-Evergreen",
        "Triggering": "Rainfall",
        "Year": "2023",
        "Source": "Resourcesat-2 LISS IV, 10m MapTilerDEM, SISDP-LULC10K(2018-19), India-WRIS, GSI-Geom, GSI-Litho",
        "Basin": "Barak & Others",
        "Sub_basin": "Barak",
        "length_1": 38.477,
        "width_1": 16.437,
        "height_1": 9
      }
    },
    {
      "type": "Feature",
      "id": "LS_MIZORAM_2023.186",
      "geometry": {
        "type": "MultiPolygon",
        "coordinates": [
          [
            [
              [
                92.94125679,
                23.78833359
              ],
              [
                92.94125679,
                23.78889844
              ],
              [
                92.94170077,
                23.78889844
              ],
              [
                92.94170077,
                23.78833359
              ],
              [
                92.94125679,
                23.78833359
              ]
            ]
          ]
        ]
      },
      "geometry_name": "the_geom",
      "properties": {
        "Slide_no": "MZ/SAI/84A13/2023/7",
        "State": "Mizoram",
        "District": "Saitual",
        "Toposheet": "84A13",
        "Latitude": 23.7886,
        "Longitude": 92.9415,
        "Length_m": "25.584",
        "Width_m": "21.616",
        "Height_m": "16",
        "Area_sqm": 1460.12,
        "Activity": "Active",
        "GEOMORPHOL": "StrOri - Moderately Dissected Hills and Valleys",
        "LITHOLOGIC": "GREY SANDY SPLINTERY SHALE, SILTSTONE AND MUDSTONE",
        "LULC": "Others - Shifting Cultivation Area",
        "Triggering": "Rainfall",
        "Year": "2023",
        "Source": "Resourcesat-2 LISS IV, 10m MapTilerDEM, SISDP-LULC10K(2018-19), India-WRIS, GSI-Geom, GSI-Litho",
        "Basin": "Barak & Others",
        "Sub_basin": "Barak",
        "length_1": 25.584,
        "width_1": 21.616,
        "height_1": 16
      }
    },
    {
      "type": "Feature",
      "id": "LS_MIZORAM_2023.187",
      "geometry": {
        "type": "MultiPolygon",
        "coordinates": [
          [
            [
              [
                92.96634128,
                23.78216884
              ],
              [
                92.96634128,
                23.78266899
              ],
              [
                92.96676711,
                23.78266899
              ],
              [
                92.96676711,
                23.78216884
              ],
              [
                92.96634128,
                23.78216884
              ]
            ]
          ]
        ]
      },
      "geometry_name": "the_geom",
      "properties": {
        "Slide_no": "MZ/SAI/84A13/2023/8",
        "State": "Mizoram",
        "District": "Saitual",
        "Toposheet": "84A13",
        "Latitude": 23.7824,
        "Longitude": 92.9665,
        "Length_m": "69.586",
        "Width_m": "32.123",
        "Height_m": "8",
        "Area_sqm": 1617.94,
        "Activity": "Active",
        "GEOMORPHOL": "StrOri - Moderately Dissected Hills and Valleys",
        "LITHOLOGIC": "GREY SANDY SPLINTERY SHALE, SILTSTONE AND MUDSTONE",
        "LULC": "Wasteland Sparse Scrub Land",
        "Triggering": "Rainfall",
        "Year": "2023",
        "Source": "Resourcesat-2 LISS IV, 10m MapTilerDEM, SISDP-LULC10K(2018-19), India-WRIS, GSI-Geom, GSI-Litho",
        "Basin": "Barak & Others",
        "Sub_basin": "Barak",
        "length_1": 69.586,
        "width_1": 32.123,
        "height_1": 8
      }
    },
    {
      "type": "Feature",
      "id": "LS_MIZORAM_2023.188",
      "geometry": {
        "type": "MultiPolygon",
        "coordinates": [
          [
            [
              [
                92.94845682,
                23.77273073
              ],
              [
                92.94845682,
                23.7735912
              ],
              [
                92.94919208,
                23.7735912
              ],
              [
                92.94919208,
                23.77273073
              ],
              [
                92.94845682,
                23.77273073
              ]
            ]
          ]
        ]
      },
      "geometry_name": "the_geom",
      "properties": {
        "Slide_no": "MZ/SAI/84A13/2023/9",
        "State": "Mizoram",
        "District": "Saitual",
        "Toposheet": "84A13",
        "Latitude": 23.7731,
        "Longitude": 92.9489,
        "Length_m": "115.005",
        "Width_m": "56.349",
        "Height_m": "30",
        "Area_sqm": 4706.11,
        "Activity": "Active",
        "GEOMORPHOL": "StrOri - Moderately Dissected Hills and Valleys",
        "LITHOLOGIC": "GREY SANDY SPLINTERY SHALE, SILTSTONE AND MUDSTONE",
        "LULC": "Forest Land Open Forest Semi-Evergreen",
        "Triggering": "Rainfall",
        "Year": "2023",
        "Source": "Resourcesat-2 LISS IV, 10m MapTilerDEM, SISDP-LULC10K(2018-19), India-WRIS, GSI-Geom, GSI-Litho",
        "Basin": "Barak & Others",
        "Sub_basin": "Barak",
        "length_1": 115.005,
        "width_1": 56.349,
        "height_1": 30
      }
    },
    {
      "type": "Feature",
      "id": "LS_MIZORAM_2023.189",
      "geometry": {
        "type": "MultiPolygon",
        "coordinates": [
          [
            [
              [
                92.96289698,
                23.80483315
              ],
              [
                92.96289698,
                23.80516771
              ],
              [
                92.96317692,
                23.80516771
              ],
              [
                92.96317692,
                23.80483315
              ],
              [
                92.96289698,
                23.80483315
              ]
            ]
          ]
        ]
      },
      "geometry_name": "the_geom",
      "properties": {
        "Slide_no": "MZ/SAI/84A13/2023/10",
        "State": "Mizoram",
        "District": "Saitual",
        "Toposheet": "84A13",
        "Latitude": 23.8049,
        "Longitude": 92.9629,
        "Length_m": "25.067",
        "Width_m": "13.017",
        "Height_m": "12",
        "Area_sqm": 723.793,
        "Activity": "Active",
        "GEOMORPHOL": "StrOri - Moderately Dissected Hills and Valleys",
        "LITHOLOGIC": "GREY SANDY SPLINTERY SHALE, SILTSTONE AND MUDSTONE",
        "LULC": "Wasteland Sparse Scrub Land",
        "Triggering": "Rainfall",
        "Year": "2023",
        "Source": "Resourcesat-2 LISS IV, 10m MapTilerDEM, SISDP-LULC10K(2018-19), India-WRIS, GSI-Geom, GSI-Litho",
        "Basin": "Barak & Others",
        "Sub_basin": "Barak",
        "length_1": 25.067,
        "width_1": 13.017,
        "height_1": 12
      }
    },
    {
      "type": "Feature",
      "id": "LS_MIZORAM_2023.190",
      "geometry": {
        "type": "MultiPolygon",
        "coordinates": [
          [
            [
              [
                92.96877185,
                23.82033686
              ],
              [
                92.96877185,
                23.82074193
              ],
              [
                92.96895196,
                23.82074193
              ],
              [
                92.96895196,
                23.82033686
              ],
              [
                92.96877185,
                23.82033686
              ]
            ]
          ]
        ]
      },
      "geometry_name": "the_geom",
      "properties": {
        "Slide_no": "MZ/SAI/84A13/2023/11",
        "State": "Mizoram",
        "District": "Saitual",
        "Toposheet": "84A13",
        "Latitude": 23.8205,
        "Longitude": 92.9689,
        "Length_m": "35.642",
        "Width_m": "19.05",
        "Height_m": "9",
        "Area_sqm": 628.534,
        "Activity": "Active",
        "GEOMORPHOL": "StrOri - Moderately Dissected Hills and Valleys",
        "LITHOLOGIC": "GREY SANDY SPLINTERY SHALE, SILTSTONE AND MUDSTONE",
        "LULC": "Forest Land Closed Forest Semi-Evergreen",
        "Triggering": "Rainfall",
        "Year": "2023",
        "Source": "Resourcesat-2 LISS IV, 10m MapTilerDEM, SISDP-LULC10K(2018-19), India-WRIS, GSI-Geom, GSI-Litho",
        "Basin": "Barak & Others",
        "Sub_basin": "Barak",
        "length_1": 35.642,
        "width_1": 19.05,
        "height_1": 9
      }
    },
    {
      "type": "Feature",
      "id": "LS_MIZORAM_2023.191",
      "geometry": {
        "type": "MultiPolygon",
        "coordinates": [
          [
            [
              [
                92.80864612,
                23.96636413
              ],
              [
                92.80864612,
                23.96658202
              ],
              [
                92.80885727,
                23.96658202
              ],
              [
                92.80885727,
                23.96636413
              ],
              [
                92.80864612,
                23.96636413
              ]
            ]
          ]
        ]
      },
      "geometry_name": "the_geom",
      "properties": {
        "Slide_no": "MZ/KO/84A13/2023/12",
        "State": "Mizoram",
        "District": "Kolasib",
        "Toposheet": "84A13",
        "Latitude": 23.9665,
        "Longitude": 92.8087,
        "Length_m": "27.782",
        "Width_m": "19.844",
        "Height_m": "6",
        "Area_sqm": 390.415,
        "Activity": "Active",
        "GEOMORPHOL": "StrOri - Highly Dissected Hills and Valleys",
        "LITHOLOGIC": "SPLINTERY SHALE WITH SILTSTONE AND CONGLOMERATE",
        "LULC": "Wasteland Sparse Scrub Land",
        "Triggering": "Rainfall",
        "Year": "2023",
        "Source": "Resourcesat-2 LISS IV, 10m MapTilerDEM, SISDP-LULC10K(2018-19), India-WRIS, GSI-Geom, GSI-Litho",
        "Basin": "Barak & Others",
        "Sub_basin": "Barak",
        "length_1": 27.782,
        "width_1": 19.844,
        "height_1": 6
      }
    },
    {
      "type": "Feature",
      "id": "LS_MIZORAM_2023.192",
      "geometry": {
        "type": "MultiPolygon",
        "coordinates": [
          [
            [
              [
                92.81115033,
                23.96291264
              ],
              [
                92.81115033,
                23.96328682
              ],
              [
                92.81156737,
                23.96328682
              ],
              [
                92.81156737,
                23.96291264
              ],
              [
                92.81115033,
                23.96291264
              ]
            ]
          ]
        ]
      },
      "geometry_name": "the_geom",
      "properties": {
        "Slide_no": "MZ/KO/84A13/2023/13",
        "State": "Mizoram",
        "District": "Kolasib",
        "Toposheet": "84A13",
        "Latitude": 23.9631,
        "Longitude": 92.8113,
        "Length_m": "53.134",
        "Width_m": "23.199",
        "Height_m": "7",
        "Area_sqm": 959.092,
        "Activity": "Active",
        "GEOMORPHOL": "StrOri - Highly Dissected Hills and Valleys",
        "LITHOLOGIC": "SPLINTERY SHALE WITH SILTSTONE AND CONGLOMERATE",
        "LULC": "Forest Land Closed Forest Deciduous",
        "Triggering": "Rainfall",
        "Year": "2023",
        "Source": "Resourcesat-2 LISS IV, 10m MapTilerDEM, SISDP-LULC10K(2018-19), India-WRIS, GSI-Geom, GSI-Litho",
        "Basin": "Barak & Others",
        "Sub_basin": "Barak",
        "length_1": 53.134,
        "width_1": 23.199,
        "height_1": 7
      }
    },
    {
      "type": "Feature",
      "id": "LS_MIZORAM_2023.193",
      "geometry": {
        "type": "MultiPolygon",
        "coordinates": [
          [
            [
              [
                92.76206867,
                23.89976222
              ],
              [
                92.76206867,
                23.90035822
              ],
              [
                92.76383318,
                23.90035822
              ],
              [
                92.76383318,
                23.89976222
              ],
              [
                92.76206867,
                23.89976222
              ]
            ]
          ]
        ]
      },
      "geometry_name": "the_geom",
      "properties": {
        "Slide_no": "MZ/KO/84A13/2023/14",
        "State": "Mizoram",
        "District": "Kolasib",
        "Toposheet": "84A13",
        "Latitude": 23.9001,
        "Longitude": 92.7629,
        "Length_m": "107.007",
        "Width_m": "51.205",
        "Height_m": "5",
        "Area_sqm": 7025.84,
        "Activity": "Active",
        "GEOMORPHOL": "StrOri - Highly Dissected Hills and Valleys",
        "LITHOLOGIC": "GREY SANDY SPLINTERY SHALE, SILTSTONE AND MUDSTONE",
        "LULC": "Forest Land Open Forest Semi-Evergreen",
        "Triggering": "Rainfall",
        "Year": "2023",
        "Source": "Resourcesat-2 LISS IV, 10m MapTilerDEM, SISDP-LULC10K(2018-19), India-WRIS, GSI-Geom, GSI-Litho",
        "Basin": "Barak & Others",
        "Sub_basin": "Barak",
        "length_1": 107.007,
        "width_1": 51.205,
        "height_1": 5
      }
    },
    {
      "type": "Feature",
      "id": "LS_MIZORAM_2023.194",
      "geometry": {
        "type": "MultiPolygon",
        "coordinates": [
          [
            [
              [
                92.97166257,
                23.65050382
              ],
              [
                92.97166257,
                23.6507663
              ],
              [
                92.97194459,
                23.6507663
              ],
              [
                92.97194459,
                23.65050382
              ],
              [
                92.97166257,
                23.65050382
              ]
            ]
          ]
        ]
      },
      "geometry_name": "the_geom",
      "properties": {
        "Slide_no": "MZ/SAI/84A14/2023/1",
        "State": "Mizoram",
        "District": "Saitual",
        "Toposheet": "84A14",
        "Latitude": 23.6506,
        "Longitude": 92.9718,
        "Length_m": "91.323",
        "Width_m": "22.008",
        "Height_m": "4",
        "Area_sqm": 571.662,
        "Activity": "Active",
        "GEOMORPHOL": "Ridge",
        "LITHOLOGIC": "GREY SANDY SPLINTERY SHALE, SILTSTONE AND MUDSTONE",
        "LULC": "Forest Land Open Forest Semi-Evergreen",
        "Triggering": "Rainfall",
        "Year": "2023",
        "Source": "Resourcesat-2 LISS IV, 10m MapTilerDEM, SISDP-LULC10K (2018-19), India- WRIS, GSI- Geom, GSI- Litho",
        "Basin": "Barak & Others",
        "Sub_basin": "Barak",
        "length_1": 91.323,
        "width_1": 22.008,
        "height_1": 4
      }
    },
    {
      "type": "Feature",
      "id": "LS_MIZORAM_2023.195",
      "geometry": {
        "type": "MultiPolygon",
        "coordinates": [
          [
            [
              [
                92.92681249,
                23.52866026
              ],
              [
                92.92681249,
                23.52908652
              ],
              [
                92.92791981,
                23.52908652
              ],
              [
                92.92791981,
                23.52866026
              ],
              [
                92.92681249,
                23.52866026
              ]
            ]
          ]
        ]
      },
      "geometry_name": "the_geom",
      "properties": {
        "Slide_no": "MZ/SE/84A14/2023/2",
        "State": "Mizoram",
        "District": "Serchhip",
        "Toposheet": "84A14",
        "Latitude": 23.5289,
        "Longitude": 92.9274,
        "Length_m": "91.324",
        "Width_m": "43.056",
        "Height_m": "5",
        "Area_sqm": 2940.02,
        "Activity": "Active",
        "GEOMORPHOL": "StrOri - Moderately Dissected Hills and Valleys",
        "LITHOLOGIC": "SST WITH SUBORDINATE SILTSTONE,MUDSTONE, SHALE",
        "LULC": "Forest Land Closed Forest Deciduous",
        "Triggering": "Rainfall",
        "Year": "2023",
        "Source": "Resourcesat-2 LISS IV, 10m MapTilerDEM, SISDP-LULC10K (2018-19), India- WRIS, GSI- Geom, GSI- Litho",
        "Basin": "Minor Rivers Draining into Myanmar",
        "Sub_basin": "Mangpui Lui & Others",
        "length_1": 91.324,
        "width_1": 43.056,
        "height_1": 5
      }
    },
    {
      "type": "Feature",
      "id": "LS_MIZORAM_2023.196",
      "geometry": {
        "type": "MultiPolygon",
        "coordinates": [
          [
            [
              [
                92.85084192,
                23.52312893
              ],
              [
                92.85084192,
                23.52361646
              ],
              [
                92.85167161,
                23.52361646
              ],
              [
                92.85167161,
                23.52312893
              ],
              [
                92.85084192,
                23.52312893
              ]
            ]
          ]
        ]
      },
      "geometry_name": "the_geom",
      "properties": {
        "Slide_no": "MZ/SE/84A14/2023/3",
        "State": "Mizoram",
        "District": "Serchhip",
        "Toposheet": "84A14",
        "Latitude": 23.5235,
        "Longitude": 92.8512,
        "Length_m": "29.319",
        "Width_m": "6.38",
        "Height_m": "12",
        "Area_sqm": 2481.69,
        "Activity": "Active",
        "GEOMORPHOL": "Ridge",
        "LITHOLOGIC": "SST WITH SUBORDINATE SILTSTONE,MUDSTONE, SHALE",
        "LULC": "Agriculture Crop Land",
        "Triggering": "Rainfall",
        "Year": "2023",
        "Source": "Resourcesat-2 LISS IV, 10m MapTilerDEM, SISDP-LULC10K (2018-19), India- WRIS, GSI- Geom, GSI- Litho",
        "Basin": "Barak & Others",
        "Sub_basin": "Barak",
        "length_1": 29.319,
        "width_1": 6.38,
        "height_1": 12
      }
    },
    {
      "type": "Feature",
      "id": "LS_MIZORAM_2023.197",
      "geometry": {
        "type": "MultiPolygon",
        "coordinates": [
          [
            [
              [
                92.79106819,
                23.7194017
              ],
              [
                92.79106819,
                23.72004418
              ],
              [
                92.79166112,
                23.72004418
              ],
              [
                92.79166112,
                23.7194017
              ],
              [
                92.79106819,
                23.7194017
              ]
            ]
          ]
        ]
      },
      "geometry_name": "the_geom",
      "properties": {
        "Slide_no": "MZ/AI/84A14/2023/4",
        "State": "Mizoram",
        "District": "Aizawl",
        "Toposheet": "84A14",
        "Latitude": 23.7197,
        "Longitude": 92.7913,
        "Length_m": "28.527",
        "Width_m": "7.64",
        "Height_m": "18",
        "Area_sqm": 2820,
        "Activity": "Reactivated",
        "GEOMORPHOL": "StrOri - Moderately Dissected Hills and Valleys",
        "LITHOLOGIC": "SST WITH SUBORDINATE SILTSTONE,MUDSTONE, SHALE",
        "LULC": "Wasteland Dense Scrub Land",
        "Triggering": "Rainfall",
        "Year": "2023",
        "Source": "Resourcesat-2 LISS IV, 10m MapTilerDEM, SISDP-LULC10K (2018-19), India- WRIS, GSI- Geom, GSI- Litho",
        "Basin": "Barak & Others",
        "Sub_basin": "Barak",
        "length_1": 28.527,
        "width_1": 7.64,
        "height_1": 18
      }
    },
    {
      "type": "Feature",
      "id": "LS_MIZORAM_2023.198",
      "geometry": {
        "type": "MultiPolygon",
        "coordinates": [
          [
            [
              [
                92.77223494,
                23.7379436
              ],
              [
                92.77223494,
                23.73830339
              ],
              [
                92.77248767,
                23.73830339
              ],
              [
                92.77248767,
                23.7379436
              ],
              [
                92.77223494,
                23.7379436
              ]
            ]
          ]
        ]
      },
      "geometry_name": "the_geom",
      "properties": {
        "Slide_no": "MZ/AI/84A14/2023/5",
        "State": "Mizoram",
        "District": "Aizawl",
        "Toposheet": "84A14",
        "Latitude": 23.7381,
        "Longitude": 92.7724,
        "Length_m": "52.270",
        "Width_m": "20.609",
        "Height_m": "21",
        "Area_sqm": 656.956,
        "Activity": "Active",
        "GEOMORPHOL": "StrOri - Highly Dissected Hills and Valleys",
        "LITHOLOGIC": "SST WITH SUBORDINATE SILTSTONE,MUDSTONE, SHALE",
        "LULC": "Forest Land Closed Forest Deciduous",
        "Triggering": "Rainfall",
        "Year": "2023",
        "Source": "Resourcesat-2 LISS IV, 10m MapTilerDEM, SISDP-LULC10K (2018-19), India- WRIS, GSI- Geom, GSI- Litho",
        "Basin": "Barak & Others",
        "Sub_basin": "Barak",
        "length_1": 52.27,
        "width_1": 20.609,
        "height_1": 21
      }
    },
    {
      "type": "Feature",
      "id": "LS_MIZORAM_2023.199",
      "geometry": {
        "type": "MultiPolygon",
        "coordinates": [
          [
            [
              [
                92.78019561,
                23.72672702
              ],
              [
                92.78019561,
                23.72703958
              ],
              [
                92.78062409,
                23.72703958
              ],
              [
                92.78062409,
                23.72672702
              ],
              [
                92.78019561,
                23.72672702
              ]
            ]
          ]
        ]
      },
      "geometry_name": "the_geom",
      "properties": {
        "Slide_no": "MZ/AI/84A14/2023/6",
        "State": "Mizoram",
        "District": "Aizawl",
        "Toposheet": "84A14",
        "Latitude": 23.727,
        "Longitude": 92.7802,
        "Length_m": "50.970",
        "Width_m": "20.712",
        "Height_m": "22",
        "Area_sqm": 899.094,
        "Activity": "Active",
        "GEOMORPHOL": "StrOri - Highly Dissected Hills and Valleys",
        "LITHOLOGIC": "SST WITH SUBORDINATE SILTSTONE,MUDSTONE, SHALE",
        "LULC": "Forest Land Closed Forest Semi-Evergreen",
        "Triggering": "Rainfall",
        "Year": "2023",
        "Source": "Resourcesat-2 LISS IV, 10m MapTilerDEM, SISDP-LULC10K (2018-19), India- WRIS, GSI- Geom, GSI- Litho",
        "Basin": "Barak & Others",
        "Sub_basin": "Barak",
        "length_1": 50.97,
        "width_1": 20.712,
        "height_1": 22
      }
    },
    {
      "type": "Feature",
      "id": "LS_MIZORAM_2023.200",
      "geometry": {
        "type": "MultiPolygon",
        "coordinates": [
          [
            [
              [
                92.84936054,
                23.73041988
              ],
              [
                92.84936054,
                23.73139111
              ],
              [
                92.8499959,
                23.73139111
              ],
              [
                92.8499959,
                23.73041988
              ],
              [
                92.84936054,
                23.73041988
              ]
            ]
          ]
        ]
      },
      "geometry_name": "the_geom",
      "properties": {
        "Slide_no": "MZ/AI/84A14/2023/7",
        "State": "Mizoram",
        "District": "Aizawl",
        "Toposheet": "84A14",
        "Latitude": 23.7309,
        "Longitude": 92.8496,
        "Length_m": "68.996",
        "Width_m": "64.369",
        "Height_m": "35",
        "Area_sqm": 4016.66,
        "Activity": "Active",
        "GEOMORPHOL": "Ridge",
        "LITHOLOGIC": "GREY SANDY SPLINTERY SHALE, SILTSTONE AND MUDSTONE",
        "LULC": "Forest Plantation",
        "Triggering": "Rainfall",
        "Year": "2023",
        "Source": "Resourcesat-2 LISS IV, 10m MapTilerDEM, SISDP-LULC10K (2018-19), India- WRIS, GSI- Geom, GSI- Litho",
        "Basin": "Barak & Others",
        "Sub_basin": "Barak",
        "length_1": 68.996,
        "width_1": 64.369,
        "height_1": 35
      }
    },
    {
      "type": "Feature",
      "id": "LS_MIZORAM_2023.201",
      "geometry": {
        "type": "MultiPolygon",
        "coordinates": [
          [
            [
              [
                92.98409676,
                23.63958833
              ],
              [
                92.98409676,
                23.63989997
              ],
              [
                92.9843719,
                23.63989997
              ],
              [
                92.9843719,
                23.63958833
              ],
              [
                92.98409676,
                23.63958833
              ]
            ]
          ]
        ]
      },
      "geometry_name": "the_geom",
      "properties": {
        "Slide_no": "MZ/SAI/84A14/2023/8",
        "State": "Mizoram",
        "District": "Saitual",
        "Toposheet": "84A14",
        "Latitude": 23.6398,
        "Longitude": 92.9842,
        "Length_m": "15.262",
        "Width_m": "12.908",
        "Height_m": "7",
        "Area_sqm": 651.265,
        "Activity": "Active",
        "GEOMORPHOL": "StrOri - Highly Dissected Hills and Valleys",
        "LITHOLOGIC": "SST WITH SUBORDINATE SILTSTONE,MUDSTONE, SHALE",
        "LULC": "Forest Land Open Forest Semi-Evergreen",
        "Triggering": "Rainfall",
        "Year": "2023",
        "Source": "Resourcesat-2 LISS IV, 10m MapTilerDEM, SISDP-LULC10K (2018-19), India- WRIS, GSI- Geom, GSI- Litho",
        "Basin": "Barak & Others",
        "Sub_basin": "Barak",
        "length_1": 15.262,
        "width_1": 12.908,
        "height_1": 7
      }
    },
    {
      "type": "Feature",
      "id": "LS_MIZORAM_2023.202",
      "geometry": {
        "type": "MultiPolygon",
        "coordinates": [
          [
            [
              [
                92.96838231,
                23.63948607
              ],
              [
                92.96838231,
                23.63998066
              ],
              [
                92.96879525,
                23.63998066
              ],
              [
                92.96879525,
                23.63948607
              ],
              [
                92.96838231,
                23.63948607
              ]
            ]
          ]
        ]
      },
      "geometry_name": "the_geom",
      "properties": {
        "Slide_no": "MZ/SAI/84A14/2023/9",
        "State": "Mizoram",
        "District": "Saitual",
        "Toposheet": "84A14",
        "Latitude": 23.6397,
        "Longitude": 92.9686,
        "Length_m": "29.316",
        "Width_m": "10.568",
        "Height_m": "8",
        "Area_sqm": 1566.97,
        "Activity": "Active",
        "GEOMORPHOL": "Ridge",
        "LITHOLOGIC": "GREY SANDY SPLINTERY SHALE, SILTSTONE AND MUDSTONE",
        "LULC": "Forest Land Open Forest Semi-Evergreen",
        "Triggering": "Rainfall",
        "Year": "2023",
        "Source": "Resourcesat-2 LISS IV, 10m MapTilerDEM, SISDP-LULC10K (2018-19), India- WRIS, GSI- Geom, GSI- Litho",
        "Basin": "Barak & Others",
        "Sub_basin": "Barak",
        "length_1": 29.316,
        "width_1": 10.568,
        "height_1": 8
      }
    },
    {
      "type": "Feature",
      "id": "LS_MIZORAM_2023.203",
      "geometry": {
        "type": "MultiPolygon",
        "coordinates": [
          [
            [
              [
                92.96055875,
                23.56827859
              ],
              [
                92.96055875,
                23.56865537
              ],
              [
                92.96122777,
                23.56865537
              ],
              [
                92.96122777,
                23.56827859
              ],
              [
                92.96055875,
                23.56827859
              ]
            ]
          ]
        ]
      },
      "geometry_name": "the_geom",
      "properties": {
        "Slide_no": "MZ/SAI/84A14/2023/10",
        "State": "Mizoram",
        "District": "Saitual",
        "Toposheet": "84A14",
        "Latitude": 23.5685,
        "Longitude": 92.9608,
        "Length_m": "21.106",
        "Width_m": "6.985",
        "Height_m": "12",
        "Area_sqm": 1482.62,
        "Activity": "Active",
        "GEOMORPHOL": "StrOri - Moderately Dissected Hills and Valleys",
        "LITHOLOGIC": "SST WITH SUBORDINATE SILTSTONE,MUDSTONE, SHALE",
        "LULC": "Built Up Transportation Transport Network",
        "Triggering": "Rainfall",
        "Year": "2023",
        "Source": "Resourcesat-2 LISS IV, 10m MapTilerDEM, SISDP-LULC10K (2018-19), India- WRIS, GSI- Geom, GSI- Litho",
        "Basin": "Barak & Others",
        "Sub_basin": "Barak",
        "length_1": 21.106,
        "width_1": 6.985,
        "height_1": 12
      }
    },
    {
      "type": "Feature",
      "id": "LS_MIZORAM_2023.204",
      "geometry": {
        "type": "MultiPolygon",
        "coordinates": [
          [
            [
              [
                92.92727749,
                23.53868403
              ],
              [
                92.92727749,
                23.53902766
              ],
              [
                92.92852671,
                23.53902766
              ],
              [
                92.92852671,
                23.53868403
              ],
              [
                92.92727749,
                23.53868403
              ]
            ]
          ]
        ]
      },
      "geometry_name": "the_geom",
      "properties": {
        "Slide_no": "MZ/SE/84A14/2023/11",
        "State": "Mizoram",
        "District": "Serchhip",
        "Toposheet": "84A14",
        "Latitude": 23.5387,
        "Longitude": 92.928,
        "Length_m": "9.630",
        "Width_m": "8.997",
        "Height_m": "6",
        "Area_sqm": 3473.15,
        "Activity": "Active",
        "GEOMORPHOL": "StrOri - Moderately Dissected Hills and Valleys",
        "LITHOLOGIC": "SST WITH SUBORDINATE SILTSTONE,MUDSTONE, SHALE",
        "LULC": "Forest Land Open Forest Semi-Evergreen",
        "Triggering": "Rainfall",
        "Year": "2023",
        "Source": "Resourcesat-2 LISS IV, 10m MapTilerDEM, SISDP-LULC10K (2018-19), India- WRIS, GSI- Geom, GSI- Litho",
        "Basin": "Minor Rivers Draining into Myanmar",
        "Sub_basin": "Mangpui Lui & Others",
        "length_1": 9.63,
        "width_1": 8.997,
        "height_1": 6
      }
    },
    {
      "type": "Feature",
      "id": "LS_MIZORAM_2023.205",
      "geometry": {
        "type": "MultiPolygon",
        "coordinates": [
          [
            [
              [
                92.92746708,
                23.53417087
              ],
              [
                92.92746708,
                23.53464587
              ],
              [
                92.92798667,
                23.53464587
              ],
              [
                92.92798667,
                23.53417087
              ],
              [
                92.92746708,
                23.53417087
              ]
            ]
          ]
        ]
      },
      "geometry_name": "the_geom",
      "properties": {
        "Slide_no": "MZ/SE/84A14/2023/12",
        "State": "Mizoram",
        "District": "Serchhip",
        "Toposheet": "84A14",
        "Latitude": 23.5342,
        "Longitude": 92.9278,
        "Length_m": "80.407",
        "Width_m": "39.843",
        "Height_m": "8",
        "Area_sqm": 1912.99,
        "Activity": "Active",
        "GEOMORPHOL": "StrOri - Moderately Dissected Hills and Valleys",
        "LITHOLOGIC": "SST WITH SUBORDINATE SILTSTONE,MUDSTONE, SHALE",
        "LULC": "Forest Land Open Forest Semi-Evergreen",
        "Triggering": "Rainfall",
        "Year": "2023",
        "Source": "Resourcesat-2 LISS IV, 10m MapTilerDEM, SISDP-LULC10K (2018-19), India- WRIS, GSI- Geom, GSI- Litho",
        "Basin": "Minor Rivers Draining into Myanmar",
        "Sub_basin": "Mangpui Lui & Others",
        "length_1": 80.407,
        "width_1": 39.843,
        "height_1": 8
      }
    },
    {
      "type": "Feature",
      "id": "LS_MIZORAM_2023.206",
      "geometry": {
        "type": "MultiPolygon",
        "coordinates": [
          [
            [
              [
                92.78323819,
                23.71793417
              ],
              [
                92.78323819,
                23.71840896
              ],
              [
                92.78474362,
                23.71840896
              ],
              [
                92.78474362,
                23.71793417
              ],
              [
                92.78323819,
                23.71793417
              ]
            ]
          ]
        ]
      },
      "geometry_name": "the_geom",
      "properties": {
        "Slide_no": "MZ/AI/84A14/2023/13",
        "State": "Mizoram",
        "District": "Aizawl",
        "Toposheet": "84A14",
        "Latitude": 23.7181,
        "Longitude": 92.7836,
        "Length_m": "71.67",
        "Width_m": "28.42",
        "Height_m": "8",
        "Area_sqm": 4714.51,
        "Activity": "Active",
        "GEOMORPHOL": "StrOri - Highly Dissected Hills and Valleys",
        "LITHOLOGIC": "SST WITH SUBORDINATE SILTSTONE,MUDSTONE, SHALE",
        "LULC": "Wasteland Dense Scrub Land",
        "Triggering": "Rainfall",
        "Year": "2023",
        "Source": "Resourcesat-2 LISS IV, 10m MapTilerDEM, SISDP-LULC10K (2018-19), India- WRIS, GSI- Geom, GSI- Litho",
        "Basin": "Barak & Others",
        "Sub_basin": "Barak",
        "length_1": 71.67,
        "width_1": 28.42,
        "height_1": 8
      }
    },
    {
      "type": "Feature",
      "id": "LS_MIZORAM_2023.207",
      "geometry": {
        "type": "MultiPolygon",
        "coordinates": [
          [
            [
              [
                92.8836219,
                24.22241108
              ],
              [
                92.8836219,
                24.22273894
              ],
              [
                92.88399315,
                24.22273894
              ],
              [
                92.88399315,
                24.22241108
              ],
              [
                92.8836219,
                24.22241108
              ]
            ]
          ]
        ]
      },
      "geometry_name": "the_geom",
      "properties": {
        "Slide_no": "MZ/KO/83D16/2023/1",
        "State": "Mizoram",
        "District": "Kolasib",
        "Toposheet": "83D16",
        "Latitude": 24.2226,
        "Longitude": 92.8838,
        "Length_m": "38.890",
        "Width_m": "31.795",
        "Height_m": "3",
        "Area_sqm": 824.522,
        "Activity": "Active",
        "GEOMORPHOL": "StrOri - Moderately Dissected Hills and Valleys",
        "LITHOLOGIC": "THINLY BEDDED SHALE INTERCALATED WITH SST, SILTST*",
        "LULC": "Forest Land Closed Forest Semi-Evergreen",
        "Triggering": "Rainfall",
        "Year": "2023",
        "Source": "Resourcesat-2 LISS IV, 10m MapTilerDEM, SISDP-LULC10K (2018-19), India-WRIS, GSI-Geom, GSI-Litho",
        "Basin": "Barak & Others",
        "Sub_basin": "Barak",
        "length_1": 38.89,
        "width_1": 31.795,
        "height_1": 3
      }
    },
    {
      "type": "Feature",
      "id": "LS_MIZORAM_2023.208",
      "geometry": {
        "type": "MultiPolygon",
        "coordinates": [
          [
            [
              [
                92.813236,
                24.21253748
              ],
              [
                92.813236,
                24.21276473
              ],
              [
                92.81350203,
                24.21276473
              ],
              [
                92.81350203,
                24.21253748
              ],
              [
                92.813236,
                24.21253748
              ]
            ]
          ]
        ]
      },
      "geometry_name": "the_geom",
      "properties": {
        "Slide_no": "MZ/KO/83D16/2023/2",
        "State": "Mizoram",
        "District": "Kolasib",
        "Toposheet": "83D16",
        "Latitude": 24.2127,
        "Longitude": 92.8134,
        "Length_m": "34.550",
        "Width_m": "16.535",
        "Height_m": "5",
        "Area_sqm": 416.097,
        "Activity": "Active",
        "GEOMORPHOL": "StrOri - Highly Dissected Hills and Valleys",
        "LITHOLOGIC": "SPLINTERY SHALE WITH SILTSTONE AND CONGLOMERATE",
        "LULC": "Forest Land Open Forest Semi-Evergreen",
        "Triggering": "Rainfall",
        "Year": "2023",
        "Source": "Resourcesat-2 LISS IV, 10m MapTilerDEM, SISDP-LULC10K (2018-19), India-WRIS, GSI-Geom, GSI-Litho",
        "Basin": "Barak & Others",
        "Sub_basin": "Barak",
        "length_1": 34.55,
        "width_1": 16.535,
        "height_1": 5
      }
    },
    {
      "type": "Feature",
      "id": "LS_MIZORAM_2023.209",
      "geometry": {
        "type": "MultiPolygon",
        "coordinates": [
          [
            [
              [
                92.80686877,
                24.22612937
              ],
              [
                92.80686877,
                24.22654883
              ],
              [
                92.80737557,
                24.22654883
              ],
              [
                92.80737557,
                24.22612937
              ],
              [
                92.80686877,
                24.22612937
              ]
            ]
          ]
        ]
      },
      "geometry_name": "the_geom",
      "properties": {
        "Slide_no": "MZ/KO/83D16/2023/3",
        "State": "Mizoram",
        "District": "Kolasib",
        "Toposheet": "83D16",
        "Latitude": 24.2263,
        "Longitude": 92.8071,
        "Length_m": "52.227",
        "Width_m": "36.784",
        "Height_m": "10",
        "Area_sqm": 1421.93,
        "Activity": "Active",
        "GEOMORPHOL": "StrOri - Highly Dissected Hills and Valleys",
        "LITHOLOGIC": "SPLINTERY SHALE WITH SILTSTONE AND CONGLOMERATE",
        "LULC": "Forest Land Open Forest Semi-Evergreen",
        "Triggering": "Rainfall",
        "Year": "2023",
        "Source": "Resourcesat-2 LISS IV, 10m MapTilerDEM, SISDP-LULC10K (2018-19), India-WRIS, GSI-Geom, GSI-Litho",
        "Basin": "Barak & Others",
        "Sub_basin": "Barak",
        "length_1": 52.227,
        "width_1": 36.784,
        "height_1": 10
      }
    },
    {
      "type": "Feature",
      "id": "LS_MIZORAM_2023.210",
      "geometry": {
        "type": "MultiPolygon",
        "coordinates": [
          [
            [
              [
                92.87197864,
                24.18806897
              ],
              [
                92.87197864,
                24.18834139
              ],
              [
                92.87224824,
                24.18834139
              ],
              [
                92.87224824,
                24.18806897
              ],
              [
                92.87197864,
                24.18806897
              ]
            ]
          ]
        ]
      },
      "geometry_name": "the_geom",
      "properties": {
        "Slide_no": "MZ/KO/83D16/2023/4",
        "State": "Mizoram",
        "District": "Kolasib",
        "Toposheet": "83D16",
        "Latitude": 24.1882,
        "Longitude": 92.8721,
        "Length_m": "3.426",
        "Width_m": "31.087",
        "Height_m": "21",
        "Area_sqm": 619.187,
        "Activity": "Active",
        "GEOMORPHOL": "StrOri - Moderately Dissected Hills and Valleys",
        "LITHOLOGIC": "THINLY BEDDED SHALE INTERCALATED WITH SST, SILTST*",
        "LULC": "Forest Land Closed Forest Deciduous",
        "Triggering": "Rainfall",
        "Year": "2023",
        "Source": "Resourcesat-2 LISS IV, 10m MapTilerDEM, SISDP-LULC10K (2018-19), India-WRIS, GSI-Geom, GSI-Litho",
        "Basin": "Barak & Others",
        "Sub_basin": "Barak",
        "length_1": 3.426,
        "width_1": 31.087,
        "height_1": 21
      }
    },
    {
      "type": "Feature",
      "id": "LS_MIZORAM_2023.211",
      "geometry": {
        "type": "MultiPolygon",
        "coordinates": [
          [
            [
              [
                92.93338804,
                24.09882225
              ],
              [
                92.93338804,
                24.09997213
              ],
              [
                92.9340481,
                24.09997213
              ],
              [
                92.9340481,
                24.09882225
              ],
              [
                92.93338804,
                24.09882225
              ]
            ]
          ]
        ]
      },
      "geometry_name": "the_geom",
      "properties": {
        "Slide_no": "MZ/AI/83D16/2023/5",
        "State": "Mizoram",
        "District": "Aizawl",
        "Toposheet": "83D16",
        "Latitude": 24.0995,
        "Longitude": 92.9337,
        "Length_m": "127.925",
        "Width_m": "48.725",
        "Height_m": "13",
        "Area_sqm": 5022.75,
        "Activity": "Active",
        "GEOMORPHOL": "StrOri - Moderately Dissected Hills and Valleys",
        "LITHOLOGIC": "SST WITH SUBORDINATE SILTSTONE,MUDSTONE, SHALE",
        "LULC": "Forest Land Closed Forest Deciduous",
        "Triggering": "Rainfall",
        "Year": "2023",
        "Source": "Resourcesat-2 LISS IV, 10m MapTilerDEM, SISDP-LULC10K (2018-19), India-WRIS, GSI-Geom, GSI-Litho",
        "Basin": "Barak & Others",
        "Sub_basin": "Barak",
        "length_1": 127.925,
        "width_1": 48.725,
        "height_1": 13
      }
    },
    {
      "type": "Feature",
      "id": "LS_MIZORAM_2023.212",
      "geometry": {
        "type": "MultiPolygon",
        "coordinates": [
          [
            [
              [
                92.79043367,
                24.06648578
              ],
              [
                92.79043367,
                24.06677484
              ],
              [
                92.79064734,
                24.06677484
              ],
              [
                92.79064734,
                24.06648578
              ],
              [
                92.79043367,
                24.06648578
              ]
            ]
          ]
        ]
      },
      "geometry_name": "the_geom",
      "properties": {
        "Slide_no": "MZ/KO/83D16/2023/6",
        "State": "Mizoram",
        "District": "Kolasib",
        "Toposheet": "83D16",
        "Latitude": 24.0666,
        "Longitude": 92.7905,
        "Length_m": "35.35",
        "Width_m": "17.537",
        "Height_m": "6",
        "Area_sqm": 462.948,
        "Activity": "Active",
        "GEOMORPHOL": "StrOri - Highly Dissected Hills and Valleys",
        "LITHOLOGIC": "SPLINTERY SHALE WITH SILTSTONE AND CONGLOMERATE",
        "LULC": "Forest Land Open Forest Semi-Evergreen",
        "Triggering": "Rainfall",
        "Year": "2023",
        "Source": "Resourcesat-2 LISS IV, 10m MapTilerDEM, SISDP-LULC10K (2018-19), India-WRIS, GSI-Geom, GSI-Litho",
        "Basin": "Barak & Others",
        "Sub_basin": "Barak",
        "length_1": 35.35,
        "width_1": 17.537,
        "height_1": 6
      }
    },
    {
      "type": "Feature",
      "id": "LS_MIZORAM_2023.213",
      "geometry": {
        "type": "MultiPolygon",
        "coordinates": [
          [
            [
              [
                92.94733589,
                24.20096621
              ],
              [
                92.94733589,
                24.20126557
              ],
              [
                92.94767159,
                24.20126557
              ],
              [
                92.94767159,
                24.20096621
              ],
              [
                92.94733589,
                24.20096621
              ]
            ]
          ]
        ]
      },
      "geometry_name": "the_geom",
      "properties": {
        "Slide_no": "MZ/AI/83D16/2023/7",
        "State": "Mizoram",
        "District": "Aizawl",
        "Toposheet": "83D16",
        "Latitude": 24.2011,
        "Longitude": 92.9475,
        "Length_m": "42.5",
        "Width_m": "17.091",
        "Height_m": "5",
        "Area_sqm": 566.086,
        "Activity": "Active",
        "GEOMORPHOL": "StrOri - Moderately Dissected Hills and Valleys",
        "LITHOLOGIC": "GREY SANDY SPLINTERY SHALE, SILTSTONE AND MUDSTONE",
        "LULC": "Forest Land Open Forest Semi-Evergreen",
        "Triggering": "Rainfall",
        "Year": "2023",
        "Source": "Resourcesat-2 LISS IV, 10m MapTilerDEM, SISDP-LULC10K (2018-19), India-WRIS, GSI-Geom, GSI-Litho",
        "Basin": "Barak & Others",
        "Sub_basin": "Barak",
        "length_1": 42.5,
        "width_1": 17.091,
        "height_1": 5
      }
    },
    {
      "type": "Feature",
      "id": "LS_MIZORAM_2023.214",
      "geometry": {
        "type": "MultiPolygon",
        "coordinates": [
          [
            [
              [
                92.97784525,
                24.03471317
              ],
              [
                92.97784525,
                24.03509995
              ],
              [
                92.97840966,
                24.03509995
              ],
              [
                92.97840966,
                24.03471317
              ],
              [
                92.97784525,
                24.03471317
              ]
            ]
          ]
        ]
      },
      "geometry_name": "the_geom",
      "properties": {
        "Slide_no": "MZ/AI/83D16/2023/8",
        "State": "Mizoram",
        "District": "Aizawl",
        "Toposheet": "83D16",
        "Latitude": 24.035,
        "Longitude": 92.9781,
        "Length_m": "16.604",
        "Width_m": "12.689",
        "Height_m": "6",
        "Area_sqm": 901.584,
        "Activity": "Active",
        "GEOMORPHOL": "StrOri - Moderately Dissected Hills and Valleys",
        "LITHOLOGIC": "THINLY BEDDED SHALE INTERCALATED WITH SST, SILTST*",
        "LULC": "Forest Land Open Forest Semi-Evergreen",
        "Triggering": "Rainfall",
        "Year": "2023",
        "Source": "Resourcesat-2 LISS IV, 10m MapTilerDEM, SISDP-LULC10K (2018-19), India-WRIS, GSI-Geom, GSI-Litho",
        "Basin": "Barak & Others",
        "Sub_basin": "Barak",
        "length_1": 16.604,
        "width_1": 12.689,
        "height_1": 6
      }
    },
    {
      "type": "Feature",
      "id": "LS_MIZORAM_2023.215",
      "geometry": {
        "type": "MultiPolygon",
        "coordinates": [
          [
            [
              [
                92.87317162,
                24.22824404
              ],
              [
                92.87317162,
                24.22876485
              ],
              [
                92.87347425,
                24.22876485
              ],
              [
                92.87347425,
                24.22824404
              ],
              [
                92.87317162,
                24.22824404
              ]
            ]
          ]
        ]
      },
      "geometry_name": "the_geom",
      "properties": {
        "Slide_no": "MZ/KO/83D16/2023/9",
        "State": "Mizoram",
        "District": "Kolasib",
        "Toposheet": "83D16",
        "Latitude": 24.2285,
        "Longitude": 92.8733,
        "Length_m": "62.30",
        "Width_m": "19.83",
        "Height_m": "7",
        "Area_sqm": 980.483,
        "Activity": "Active",
        "GEOMORPHOL": "StrOri - Moderately Dissected Hills and Valleys",
        "LITHOLOGIC": "THINLY BEDDED SHALE INTERCALATED WITH SST, SILTST*",
        "LULC": "Forest Land Closed Forest Semi-Evergreen",
        "Triggering": "Rainfall",
        "Year": "2023",
        "Source": "Resourcesat-2 LISS IV, 10m MapTilerDEM, SISDP-LULC10K (2018-19), India-WRIS, GSI-Geom, GSI-Litho",
        "Basin": "Barak & Others",
        "Sub_basin": "Barak",
        "length_1": 62.3,
        "width_1": 19.83,
        "height_1": 7
      }
    },
    {
      "type": "Feature",
      "id": "LS_MIZORAM_2023.216",
      "geometry": {
        "type": "MultiPolygon",
        "coordinates": [
          [
            [
              [
                92.7845451,
                24.04086172
              ],
              [
                92.7845451,
                24.04287946
              ],
              [
                92.78595585,
                24.04287946
              ],
              [
                92.78595585,
                24.04086172
              ],
              [
                92.7845451,
                24.04086172
              ]
            ]
          ]
        ]
      },
      "geometry_name": "the_geom",
      "properties": {
        "Slide_no": "MZ/KO/83D16/2023/10",
        "State": "Mizoram",
        "District": "Kolasib",
        "Toposheet": "83D16",
        "Latitude": 24.0419,
        "Longitude": 92.7852,
        "Length_m": "145.627",
        "Width_m": "75.932",
        "Height_m": "14",
        "Area_sqm": 17051.7,
        "Activity": "Active",
        "GEOMORPHOL": "StrOri - Highly Dissected Hills and Valleys",
        "LITHOLOGIC": "SPLINTERY SHALE WITH SILTSTONE AND CONGLOMERATE",
        "LULC": "Forest Land Open Forest Semi-Evergreen",
        "Triggering": "Rainfall",
        "Year": "2023",
        "Source": "Resourcesat-2 LISS IV, 10m MapTilerDEM, SISDP-LULC10K (2018-19), India-WRIS, GSI-Geom, GSI-Litho",
        "Basin": "Barak & Others",
        "Sub_basin": "Barak",
        "length_1": 145.627,
        "width_1": 75.932,
        "height_1": 14
      }
    },
    {
      "type": "Feature",
      "id": "LS_MIZORAM_2023.217",
      "geometry": {
        "type": "MultiPolygon",
        "coordinates": [
          [
            [
              [
                92.93336934,
                24.15277622
              ],
              [
                92.93336934,
                24.15296265
              ],
              [
                92.93359402,
                24.15296265
              ],
              [
                92.93359402,
                24.15277622
              ],
              [
                92.93336934,
                24.15277622
              ]
            ]
          ]
        ]
      },
      "geometry_name": "the_geom",
      "properties": {
        "Slide_no": "MZ/AI/83D16/2023/11",
        "State": "Mizoram",
        "District": "Aizawl",
        "Toposheet": "83D16",
        "Latitude": 24.1529,
        "Longitude": 92.9335,
        "Length_m": "26.034",
        "Width_m": "19.094",
        "Height_m": "7",
        "Area_sqm": 331.435,
        "Activity": "Active",
        "GEOMORPHOL": "StrOri - Moderately Dissected Hills and Valleys",
        "LITHOLOGIC": "GREY SANDY SPLINTERY SHALE, SILTSTONE AND MUDSTONE",
        "LULC": "Built Up Transportation Transport Network",
        "Triggering": "Rainfall",
        "Year": "2023",
        "Source": "Resourcesat-2 LISS IV, 10m MapTilerDEM, SISDP-LULC10K (2018-19), India-WRIS, GSI-Geom, GSI-Litho",
        "Basin": "Barak & Others",
        "Sub_basin": "Barak",
        "length_1": 26.034,
        "width_1": 19.094,
        "height_1": 7
      }
    },
    {
      "type": "Feature",
      "id": "LS_MIZORAM_2023.218",
      "geometry": {
        "type": "MultiPolygon",
        "coordinates": [
          [
            [
              [
                92.781757,
                24.06328236
              ],
              [
                92.781757,
                24.06390498
              ],
              [
                92.78204376,
                24.06390498
              ],
              [
                92.78204376,
                24.06328236
              ],
              [
                92.781757,
                24.06328236
              ]
            ]
          ]
        ]
      },
      "geometry_name": "the_geom",
      "properties": {
        "Slide_no": "MZ/KO/83D16/2023/12",
        "State": "Mizoram",
        "District": "Kolasib",
        "Toposheet": "83D16",
        "Latitude": 24.0636,
        "Longitude": 92.7819,
        "Length_m": "21.025",
        "Width_m": "7.122",
        "Height_m": "8",
        "Area_sqm": 1600.52,
        "Activity": "Active",
        "GEOMORPHOL": "StrOri - Highly Dissected Hills and Valleys",
        "LITHOLOGIC": "SPLINTERY SHALE WITH SILTSTONE AND CONGLOMERATE",
        "LULC": "Forest Land Open Forest Semi-Evergreen",
        "Triggering": "Rainfall",
        "Year": "2023",
        "Source": "Resourcesat-2 LISS IV, 10m MapTilerDEM, SISDP-LULC10K (2018-19), India-WRIS, GSI-Geom, GSI-Litho",
        "Basin": "Barak & Others",
        "Sub_basin": "Barak",
        "length_1": 21.025,
        "width_1": 7.122,
        "height_1": 8
      }
    },
    {
      "type": "Feature",
      "id": "LS_MIZORAM_2023.219",
      "geometry": {
        "type": "MultiPolygon",
        "coordinates": [
          [
            [
              [
                93.20090385,
                23.9549986
              ],
              [
                93.20090385,
                23.95552101
              ],
              [
                93.20148148,
                23.95552101
              ],
              [
                93.20148148,
                23.9549986
              ],
              [
                93.20090385,
                23.9549986
              ]
            ]
          ]
        ]
      },
      "geometry_name": "the_geom",
      "properties": {
        "Slide_no": "MZ/SAI/84E01/2023/1",
        "State": "Mizoram",
        "District": "Saitual",
        "Toposheet": "84E01",
        "Latitude": 23.9552,
        "Longitude": 93.2012,
        "Length_m": "45.641",
        "Width_m": "25.317",
        "Height_m": "6",
        "Area_sqm": 1484.94,
        "Activity": "Active",
        "GEOMORPHOL": "StrOri - Moderately Dissected Hills and Valleys",
        "LITHOLOGIC": "SILTSTONE, SHALE AND SANDSTONE  WITH COAL STREAKS",
        "LULC": "Others - Shifting Cultivation Area",
        "Triggering": "Rainfall",
        "Year": "2023",
        "Source": "Resourcesat-2 LISS IV, 10m MapTilerDEM, SISDP-LULC10K(2018-19), India-WRIS, GSI-Geom, GSI-Litho",
        "Basin": "Barak & Others",
        "Sub_basin": "Barak",
        "length_1": 45.641,
        "width_1": 25.317,
        "height_1": 6
      }
    },
    {
      "type": "Feature",
      "id": "LS_MIZORAM_2023.220",
      "geometry": {
        "type": "MultiPolygon",
        "coordinates": [
          [
            [
              [
                93.13999846,
                23.90129071
              ],
              [
                93.13999846,
                23.90157661
              ],
              [
                93.14015947,
                23.90157661
              ],
              [
                93.14015947,
                23.90129071
              ],
              [
                93.13999846,
                23.90129071
              ]
            ]
          ]
        ]
      },
      "geometry_name": "the_geom",
      "properties": {
        "Slide_no": "MZ/SAI/84E01/2023/2",
        "State": "Mizoram",
        "District": "Saitual",
        "Toposheet": "84E01",
        "Latitude": 23.9014,
        "Longitude": 93.1401,
        "Length_m": "28.516",
        "Width_m": "14.876",
        "Height_m": "3",
        "Area_sqm": 399.121,
        "Activity": "Active",
        "GEOMORPHOL": "StrOri - Low Dissected Hills and Valleys",
        "LITHOLOGIC": "RHYTHMIC SEQUENCE OF SANDSTONE, SILTSTONE & SHALE",
        "LULC": "Forest Land Closed Forest Semi-Evergreen",
        "Triggering": "Rainfall",
        "Year": "2023",
        "Source": "Resourcesat-2 LISS IV, 10m MapTilerDEM, SISDP-LULC10K(2018-19), India-WRIS, GSI-Geom, GSI-Litho",
        "Basin": "Barak & Others",
        "Sub_basin": "Barak",
        "length_1": 28.516,
        "width_1": 14.876,
        "height_1": 3
      }
    },
    {
      "type": "Feature",
      "id": "LS_MIZORAM_2023.221",
      "geometry": {
        "type": "MultiPolygon",
        "coordinates": [
          [
            [
              [
                93.17156147,
                23.87863333
              ],
              [
                93.17156147,
                23.87896647
              ],
              [
                93.17186777,
                23.87896647
              ],
              [
                93.17186777,
                23.87863333
              ],
              [
                93.17156147,
                23.87863333
              ]
            ]
          ]
        ]
      },
      "geometry_name": "the_geom",
      "properties": {
        "Slide_no": "MZ/SAI/84E01/2023/3",
        "State": "Mizoram",
        "District": "Saitual",
        "Toposheet": "84E01",
        "Latitude": 23.8788,
        "Longitude": 93.1717,
        "Length_m": "40.554",
        "Width_m": "25.155",
        "Height_m": "4",
        "Area_sqm": 827.743,
        "Activity": "Active",
        "GEOMORPHOL": "StrOri - Moderately Dissected Hills and Valleys",
        "LITHOLOGIC": "SANDSTONE, SILTSTONE, SHALE WITH COAL LAYER",
        "LULC": "Forest Land Open Forest Semi-Evergreen",
        "Triggering": "Rainfall",
        "Year": "2023",
        "Source": "Resourcesat-2 LISS IV, 10m MapTilerDEM, SISDP-LULC10K(2018-19), India-WRIS, GSI-Geom, GSI-Litho",
        "Basin": "Barak & Others",
        "Sub_basin": "Barak",
        "length_1": 40.554,
        "width_1": 25.155,
        "height_1": 4
      }
    },
    {
      "type": "Feature",
      "id": "LS_MIZORAM_2023.222",
      "geometry": {
        "type": "MultiPolygon",
        "coordinates": [
          [
            [
              [
                93.16398944,
                23.80915306
              ],
              [
                93.16398944,
                23.80945539
              ],
              [
                93.16423125,
                23.80945539
              ],
              [
                93.16423125,
                23.80915306
              ],
              [
                93.16398944,
                23.80915306
              ]
            ]
          ]
        ]
      },
      "geometry_name": "the_geom",
      "properties": {
        "Slide_no": "MZ/SAI/84E01/2023/4",
        "State": "Mizoram",
        "District": "Saitual",
        "Toposheet": "84E01",
        "Latitude": 23.8093,
        "Longitude": 93.1641,
        "Length_m": "22.043",
        "Width_m": "13.936",
        "Height_m": "2",
        "Area_sqm": 416.966,
        "Activity": "Active",
        "GEOMORPHOL": "Valley",
        "LITHOLOGIC": "SANDSTONE, SILTSTONE, SHALE WITH COAL LAYER",
        "LULC": "Forest Land Closed Forest Semi-Evergreen",
        "Triggering": "Rainfall",
        "Year": "2023",
        "Source": "Resourcesat-2 LISS IV, 10m MapTilerDEM, SISDP-LULC10K(2018-19), India-WRIS, GSI-Geom, GSI-Litho",
        "Basin": "Barak & Others",
        "Sub_basin": "Barak",
        "length_1": 22.043,
        "width_1": 13.936,
        "height_1": 2
      }
    },
    {
      "type": "Feature",
      "id": "LS_MIZORAM_2023.223",
      "geometry": {
        "type": "MultiPolygon",
        "coordinates": [
          [
            [
              [
                93.07615261,
                23.76576197
              ],
              [
                93.07615261,
                23.76603157
              ],
              [
                93.07654199,
                23.76603157
              ],
              [
                93.07654199,
                23.76576197
              ],
              [
                93.07615261,
                23.76576197
              ]
            ]
          ]
        ]
      },
      "geometry_name": "the_geom",
      "properties": {
        "Slide_no": "MZ/SAI/84E01/2023/5",
        "State": "Mizoram",
        "District": "Saitual",
        "Toposheet": "84E01",
        "Latitude": 23.7659,
        "Longitude": 93.0763,
        "Length_m": "40.645",
        "Width_m": "15.91",
        "Height_m": "7",
        "Area_sqm": 626.616,
        "Activity": "Active",
        "GEOMORPHOL": "StrOri - Highly Dissected Hills and Valleys",
        "LITHOLOGIC": "RHYTHMIC SEQUENCE OF SANDSTONE, SILTSTONE & SHALE",
        "LULC": "Forest Land Closed Forest Semi-Evergreen",
        "Triggering": "Rainfall",
        "Year": "2023",
        "Source": "Resourcesat-2 LISS IV, 10m MapTilerDEM, SISDP-LULC10K(2018-19), India-WRIS, GSI-Geom, GSI-Litho",
        "Basin": "Barak & Others",
        "Sub_basin": "Barak",
        "length_1": 40.645,
        "width_1": 15.91,
        "height_1": 7
      }
    },
    {
      "type": "Feature",
      "id": "LS_MIZORAM_2023.224",
      "geometry": {
        "type": "MultiPolygon",
        "coordinates": [
          [
            [
              [
                93.17527411,
                23.81758107
              ],
              [
                93.17527411,
                23.81776754
              ],
              [
                93.17569243,
                23.81776754
              ],
              [
                93.17569243,
                23.81758107
              ],
              [
                93.17527411,
                23.81758107
              ]
            ]
          ]
        ]
      },
      "geometry_name": "the_geom",
      "properties": {
        "Slide_no": "MZ/SAI/84E01/2023/6",
        "State": "Mizoram",
        "District": "Saitual",
        "Toposheet": "84E01",
        "Latitude": 23.8177,
        "Longitude": 93.1754,
        "Length_m": "41.103",
        "Width_m": "17.171",
        "Height_m": "9",
        "Area_sqm": 669.898,
        "Activity": "Active",
        "GEOMORPHOL": "StrOri - Highly Dissected Hills and Valleys",
        "LITHOLOGIC": "SANDSTONE, SILTSTONE, SHALE WITH COAL LAYER",
        "LULC": "Built Up Transportation Transport Network",
        "Triggering": "Rainfall",
        "Year": "2023",
        "Source": "Resourcesat-2 LISS IV, 10m MapTilerDEM, SISDP-LULC10K(2018-19), India-WRIS, GSI-Geom, GSI-Litho",
        "Basin": "Barak & Others",
        "Sub_basin": "Barak",
        "length_1": 41.103,
        "width_1": 17.171,
        "height_1": 9
      }
    },
    {
      "type": "Feature",
      "id": "LS_MIZORAM_2023.225",
      "geometry": {
        "type": "MultiPolygon",
        "coordinates": [
          [
            [
              [
                93.05647795,
                23.72580547
              ],
              [
                93.05647795,
                23.72662765
              ],
              [
                93.05697547,
                23.72662765
              ],
              [
                93.05697547,
                23.72580547
              ],
              [
                93.05647795,
                23.72580547
              ]
            ]
          ]
        ]
      },
      "geometry_name": "the_geom",
      "properties": {
        "Slide_no": "MZ/SAI/84E02/2023/1",
        "State": "Mizoram",
        "District": "Saitual",
        "Toposheet": "84E02",
        "Latitude": 23.7262,
        "Longitude": 93.0567,
        "Length_m": "94.956",
        "Width_m": "24.604",
        "Height_m": "7",
        "Area_sqm": 2104.42,
        "Activity": "Active",
        "GEOMORPHOL": "Ridge",
        "LITHOLOGIC": "THINLY BEDDED SHALE INTERCALATED WITH SST, SILTST*",
        "LULC": "Forest Land Closed Forest Deciduous",
        "Triggering": "Rainfall",
        "Year": "2023",
        "Source": "Resourcesat-2 LISS IV, 10m MapTilerDEM, SISDP-LULC10K(2018-19), India-WRIS, GSI-Geom, GSI-Litho",
        "Basin": "Barak & Others",
        "Sub_basin": "Barak",
        "length_1": 94.956,
        "width_1": 24.604,
        "height_1": 7
      }
    },
    {
      "type": "Feature",
      "id": "LS_MIZORAM_2023.226",
      "geometry": {
        "type": "MultiPolygon",
        "coordinates": [
          [
            [
              [
                93.05120554,
                23.70957356
              ],
              [
                93.05120554,
                23.7110665
              ],
              [
                93.05196581,
                23.7110665
              ],
              [
                93.05196581,
                23.70957356
              ],
              [
                93.05120554,
                23.70957356
              ]
            ]
          ]
        ]
      },
      "geometry_name": "the_geom",
      "properties": {
        "Slide_no": "MZ/SAI/84E02/2023/2",
        "State": "Mizoram",
        "District": "Saitual",
        "Toposheet": "84E02",
        "Latitude": 23.7103,
        "Longitude": 93.0516,
        "Length_m": "156.657",
        "Width_m": "60.444",
        "Height_m": "5",
        "Area_sqm": 7304.83,
        "Activity": "Active",
        "GEOMORPHOL": "Ridge",
        "LITHOLOGIC": "THINLY BEDDED SHALE INTERCALATED WITH SST, SILTST*",
        "LULC": "Forest Land Closed Forest Semi-Evergreen",
        "Triggering": "Rainfall",
        "Year": "2023",
        "Source": "Resourcesat-2 LISS IV, 10m MapTilerDEM, SISDP-LULC10K(2018-19), India-WRIS, GSI-Geom, GSI-Litho",
        "Basin": "Barak & Others",
        "Sub_basin": "Barak",
        "length_1": 156.657,
        "width_1": 60.444,
        "height_1": 5
      }
    },
    {
      "type": "Feature",
      "id": "LS_MIZORAM_2023.227",
      "geometry": {
        "type": "MultiPolygon",
        "coordinates": [
          [
            [
              [
                93.16603991,
                23.7005545
              ],
              [
                93.16603991,
                23.70077097
              ],
              [
                93.16644889,
                23.70077097
              ],
              [
                93.16644889,
                23.7005545
              ],
              [
                93.16603991,
                23.7005545
              ]
            ]
          ]
        ]
      },
      "geometry_name": "the_geom",
      "properties": {
        "Slide_no": "MZ/KAI/84E02/2023/3",
        "State": "Mizoram",
        "District": "Khawzawl",
        "Toposheet": "84E02",
        "Latitude": 23.7007,
        "Longitude": 93.1662,
        "Length_m": "34.842",
        "Width_m": "17.344",
        "Height_m": "8",
        "Area_sqm": 588.72,
        "Activity": "Active",
        "GEOMORPHOL": "StrOri - Highly Dissected Hills and Valleys",
        "LITHOLOGIC": "THINLY BEDDED SHALE INTERCALATED WITH SST, SILTST*",
        "LULC": "Forest Land Closed Forest Semi-Evergreen",
        "Triggering": "Rainfall",
        "Year": "2023",
        "Source": "Resourcesat-2 LISS IV, 10m MapTilerDEM, SISDP-LULC10K(2018-19), India-WRIS, GSI-Geom, GSI-Litho",
        "Basin": "Minor Rivers Draining into Myanmar",
        "Sub_basin": "Mangpui Lui & Others",
        "length_1": 34.842,
        "width_1": 17.344,
        "height_1": 8
      }
    },
    {
      "type": "Feature",
      "id": "LS_MIZORAM_2023.228",
      "geometry": {
        "type": "MultiPolygon",
        "coordinates": [
          [
            [
              [
                93.06779834,
                23.6914948
              ],
              [
                93.06779834,
                23.69174354
              ],
              [
                93.06803804,
                23.69174354
              ],
              [
                93.06803804,
                23.6914948
              ],
              [
                93.06779834,
                23.6914948
              ]
            ]
          ]
        ]
      },
      "geometry_name": "the_geom",
      "properties": {
        "Slide_no": "MZ/SAI/84E02/2023/4",
        "State": "Mizoram",
        "District": "Saitual",
        "Toposheet": "84E02",
        "Latitude": 23.6916,
        "Longitude": 93.0679,
        "Length_m": "31.298",
        "Width_m": "12.73",
        "Height_m": "10",
        "Area_sqm": 391.447,
        "Activity": "Active",
        "GEOMORPHOL": "Ridge",
        "LITHOLOGIC": "RHYTHMIC SEQUENCE OF SANDSTONE, SILTSTONE & SHALE",
        "LULC": "Forest Land Closed Forest Deciduous",
        "Triggering": "Rainfall",
        "Year": "2023",
        "Source": "Resourcesat-2 LISS IV, 10m MapTilerDEM, SISDP-LULC10K(2018-19), India-WRIS, GSI-Geom, GSI-Litho",
        "Basin": "Barak & Others",
        "Sub_basin": "Barak",
        "length_1": 31.298,
        "width_1": 12.73,
        "height_1": 10
      }
    },
    {
      "type": "Feature",
      "id": "LS_MIZORAM_2023.229",
      "geometry": {
        "type": "MultiPolygon",
        "coordinates": [
          [
            [
              [
                93.14142436,
                23.67673448
              ],
              [
                93.14142436,
                23.67736183
              ],
              [
                93.14176605,
                23.67736183
              ],
              [
                93.14176605,
                23.67673448
              ],
              [
                93.14142436,
                23.67673448
              ]
            ]
          ]
        ]
      },
      "geometry_name": "the_geom",
      "properties": {
        "Slide_no": "MZ/KAI/84E02/2023/5",
        "State": "Mizoram",
        "District": "Khawzawl",
        "Toposheet": "84E02",
        "Latitude": 23.677,
        "Longitude": 93.1416,
        "Length_m": "61.924",
        "Width_m": "16.456",
        "Height_m": "16",
        "Area_sqm": 1202.03,
        "Activity": "Active",
        "GEOMORPHOL": "StrOri - Moderately Dissected Hills and Valleys",
        "LITHOLOGIC": "SST WITH SUBORDINATE SILTSTONE,MUDSTONE, SHALE",
        "LULC": "Forest Land Open Forest Semi-Evergreen",
        "Triggering": "Rainfall",
        "Year": "2023",
        "Source": "Resourcesat-2 LISS IV, 10m MapTilerDEM, SISDP-LULC10K(2018-19), India-WRIS, GSI-Geom, GSI-Litho",
        "Basin": "Minor Rivers Draining into Myanmar",
        "Sub_basin": "Mangpui Lui & Others",
        "length_1": 61.924,
        "width_1": 16.456,
        "height_1": 16
      }
    },
    {
      "type": "Feature",
      "id": "LS_MIZORAM_2023.230",
      "geometry": {
        "type": "MultiPolygon",
        "coordinates": [
          [
            [
              [
                93.19400765,
                23.6359719
              ],
              [
                93.19400765,
                23.63650661
              ],
              [
                93.19458543,
                23.63650661
              ],
              [
                93.19458543,
                23.6359719
              ],
              [
                93.19400765,
                23.6359719
              ]
            ]
          ]
        ]
      },
      "geometry_name": "the_geom",
      "properties": {
        "Slide_no": "MZ/KAI/84E02/2023/6",
        "State": "Mizoram",
        "District": "Khawzawl",
        "Toposheet": "84E02",
        "Latitude": 23.6362,
        "Longitude": 93.1943,
        "Length_m": "68.797",
        "Width_m": "18.475",
        "Height_m": "22",
        "Area_sqm": 1301.02,
        "Activity": "Active",
        "GEOMORPHOL": "Ridge",
        "LITHOLOGIC": "SILTSTONE, SHALE AND SANDSTONE  WITH COAL STREAKS",
        "LULC": "Built Up Rural Hamlet & Dispersed Household",
        "Triggering": "Rainfall",
        "Year": "2023",
        "Source": "Resourcesat-2 LISS IV, 10m MapTilerDEM, SISDP-LULC10K(2018-19), India-WRIS, GSI-Geom, GSI-Litho",
        "Basin": "Minor Rivers Draining into Myanmar",
        "Sub_basin": "Mangpui Lui & Others",
        "length_1": 68.797,
        "width_1": 18.475,
        "height_1": 22
      }
    },
    {
      "type": "Feature",
      "id": "LS_MIZORAM_2023.231",
      "geometry": {
        "type": "MultiPolygon",
        "coordinates": [
          [
            [
              [
                93.087981,
                23.61924234
              ],
              [
                93.087981,
                23.61945278
              ],
              [
                93.08824555,
                23.61945278
              ],
              [
                93.08824555,
                23.61924234
              ],
              [
                93.087981,
                23.61924234
              ]
            ]
          ]
        ]
      },
      "geometry_name": "the_geom",
      "properties": {
        "Slide_no": "MZ/KAI/84E02/2023/7",
        "State": "Mizoram",
        "District": "Khawzawl",
        "Toposheet": "84E02",
        "Latitude": 23.6193,
        "Longitude": 93.0881,
        "Length_m": "26.194",
        "Width_m": "19.551",
        "Height_m": "6",
        "Area_sqm": 482.234,
        "Activity": "Active",
        "GEOMORPHOL": "StrOri - Highly Dissected Hills and Valleys",
        "LITHOLOGIC": "SST WITH SUBORDINATE SILTSTONE,MUDSTONE, SHALE",
        "LULC": "Wasteland Dense Scrub Land",
        "Triggering": "Rainfall",
        "Year": "2023",
        "Source": "Resourcesat-2 LISS IV, 10m MapTilerDEM, SISDP-LULC10K(2018-19), India-WRIS, GSI-Geom, GSI-Litho",
        "Basin": "Minor Rivers Draining into Myanmar",
        "Sub_basin": "Mangpui Lui & Others",
        "length_1": 26.194,
        "width_1": 19.551,
        "height_1": 6
      }
    },
    {
      "type": "Feature",
      "id": "LS_MIZORAM_2023.232",
      "geometry": {
        "type": "MultiPolygon",
        "coordinates": [
          [
            [
              [
                93.1368235,
                23.54391936
              ],
              [
                93.1368235,
                23.54541059
              ],
              [
                93.13834831,
                23.54541059
              ],
              [
                93.13834831,
                23.54391936
              ],
              [
                93.1368235,
                23.54391936
              ]
            ]
          ]
        ]
      },
      "geometry_name": "the_geom",
      "properties": {
        "Slide_no": "MZ/KAI/84E02/2023/8",
        "State": "Mizoram",
        "District": "Khawzawl",
        "Toposheet": "84E02",
        "Latitude": 23.5447,
        "Longitude": 93.1376,
        "Length_m": "221.436",
        "Width_m": "89.304",
        "Height_m": "16",
        "Area_sqm": 10139.7,
        "Activity": "Active",
        "GEOMORPHOL": "StrOri - Highly Dissected Hills and Valleys",
        "LITHOLOGIC": "SST WITH SUBORDINATE SILTSTONE,MUDSTONE, SHALE",
        "LULC": "Agriculture Plantation",
        "Triggering": "Rainfall",
        "Year": "2023",
        "Source": "Resourcesat-2 LISS IV, 10m MapTilerDEM, SISDP-LULC10K(2018-19), India-WRIS, GSI-Geom, GSI-Litho",
        "Basin": "Minor Rivers Draining into Myanmar",
        "Sub_basin": "Mangpui Lui & Others",
        "length_1": 221.436,
        "width_1": 89.304,
        "height_1": 16
      }
    },
    {
      "type": "Feature",
      "id": "LS_MIZORAM_2023.233",
      "geometry": {
        "type": "MultiPolygon",
        "coordinates": [
          [
            [
              [
                93.16552786,
                23.53456909
              ],
              [
                93.16552786,
                23.53554618
              ],
              [
                93.16670757,
                23.53554618
              ],
              [
                93.16670757,
                23.53456909
              ],
              [
                93.16552786,
                23.53456909
              ]
            ]
          ]
        ]
      },
      "geometry_name": "the_geom",
      "properties": {
        "Slide_no": "MZ/KAI/84E02/2023/9",
        "State": "Mizoram",
        "District": "Khawzawl",
        "Toposheet": "84E02",
        "Latitude": 23.535,
        "Longitude": 93.1662,
        "Length_m": "153.51",
        "Width_m": "69.618",
        "Height_m": "22",
        "Area_sqm": 6704.15,
        "Activity": "Active",
        "GEOMORPHOL": "StrOri - Highly Dissected Hills and Valleys",
        "LITHOLOGIC": "SST WITH SUBORDINATE SILTSTONE,MUDSTONE, SHALE",
        "LULC": "Agriculture Crop Land",
        "Triggering": "Rainfall",
        "Year": "2023",
        "Source": "Resourcesat-2 LISS IV, 10m MapTilerDEM, SISDP-LULC10K(2018-19), India-WRIS, GSI-Geom, GSI-Litho",
        "Basin": "Minor Rivers Draining into Myanmar",
        "Sub_basin": "Mangpui Lui & Others",
        "length_1": 153.51,
        "width_1": 69.618,
        "height_1": 22
      }
    },
    {
      "type": "Feature",
      "id": "LS_MIZORAM_2023.234",
      "geometry": {
        "type": "MultiPolygon",
        "coordinates": [
          [
            [
              [
                93.21944664,
                23.37911202
              ],
              [
                93.21944664,
                23.3792344
              ],
              [
                93.21964779,
                23.3792344
              ],
              [
                93.21964779,
                23.37911202
              ],
              [
                93.21944664,
                23.37911202
              ]
            ]
          ]
        ]
      },
      "geometry_name": "the_geom",
      "properties": {
        "Slide_no": "MZ/KAI/84E03/2023/1",
        "State": "Mizoram",
        "District": "Khawzawl",
        "Toposheet": "84E03",
        "Latitude": 23.3792,
        "Longitude": 93.2195,
        "Length_m": "22.225",
        "Width_m": "14.817",
        "Height_m": "14",
        "Area_sqm": 241.289,
        "Activity": "Active",
        "GEOMORPHOL": "StrOri - Moderately Dissected Hills and Valleys",
        "LITHOLOGIC": "SEQUENCE OF SANDSTONE, SPLINTERY SHALE & SILTSTONE",
        "LULC": "Forest Land Open Forest Semi-Evergreen",
        "Triggering": "Rainfall",
        "Year": "2023",
        "Source": "Resourcesat-2 LISS IV, 10m MapTilerDEM, SISDP-LULC10K(2018-19), India-WRIS, GSI-Geom, GSI-Litho",
        "Basin": "Minor Rivers Draining into Myanmar",
        "Sub_basin": "Mangpui Lui & Others",
        "length_1": 22.225,
        "width_1": 14.817,
        "height_1": 14
      }
    },
    {
      "type": "Feature",
      "id": "LS_MIZORAM_2023.235",
      "geometry": {
        "type": "MultiPolygon",
        "coordinates": [
          [
            [
              [
                93.20287782,
                23.44520045
              ],
              [
                93.20287782,
                23.44543766
              ],
              [
                93.20312159,
                23.44543766
              ],
              [
                93.20312159,
                23.44520045
              ],
              [
                93.20287782,
                23.44520045
              ]
            ]
          ]
        ]
      },
      "geometry_name": "the_geom",
      "properties": {
        "Slide_no": "MZ/KAI/84E03/2023/2",
        "State": "Mizoram",
        "District": "Khawzawl",
        "Toposheet": "84E03",
        "Latitude": 23.4454,
        "Longitude": 93.203,
        "Length_m": "30.879",
        "Width_m": "18.25",
        "Height_m": "3",
        "Area_sqm": 407.96,
        "Activity": "Active",
        "GEOMORPHOL": "StrOri - Moderately Dissected Hills and Valleys",
        "LITHOLOGIC": "OLIVE GREEN SPLINTERY SHALE WITH MINOR SANDSTONE *",
        "LULC": "Forest Land Closed Forest Semi-Evergreen",
        "Triggering": "Rainfall",
        "Year": "2023",
        "Source": "Resourcesat-2 LISS IV, 10m MapTilerDEM, SISDP-LULC10K(2018-19), India-WRIS, GSI-Geom, GSI-Litho",
        "Basin": "Minor Rivers Draining into Myanmar",
        "Sub_basin": "Mangpui Lui & Others",
        "length_1": 30.879,
        "width_1": 18.25,
        "height_1": 3
      }
    },
    {
      "type": "Feature",
      "id": "LS_MIZORAM_2023.236",
      "geometry": {
        "type": "MultiPolygon",
        "coordinates": [
          [
            [
              [
                93.11732602,
                23.47227555
              ],
              [
                93.11732602,
                23.47252723
              ],
              [
                93.11755766,
                23.47252723
              ],
              [
                93.11755766,
                23.47227555
              ],
              [
                93.11732602,
                23.47227555
              ]
            ]
          ]
        ]
      },
      "geometry_name": "the_geom",
      "properties": {
        "Slide_no": "MZ/KAI/84E03/2023/3",
        "State": "Mizoram",
        "District": "Khawzawl",
        "Toposheet": "84E03",
        "Latitude": 23.4724,
        "Longitude": 93.1174,
        "Length_m": "26.829",
        "Width_m": "17.063",
        "Height_m": "6",
        "Area_sqm": 460.89,
        "Activity": "Active",
        "GEOMORPHOL": "StrOri - Highly Dissected Hills and Valleys",
        "LITHOLOGIC": "SST WITH SUBORDINATE SILTSTONE,MUDSTONE, SHALE",
        "LULC": "Forest Land Closed Forest Semi-Evergreen",
        "Triggering": "Rainfall",
        "Year": "2023",
        "Source": "Resourcesat-2 LISS IV, 10m MapTilerDEM, SISDP-LULC10K(2018-19), India-WRIS, GSI-Geom, GSI-Litho",
        "Basin": "Minor Rivers Draining into Myanmar",
        "Sub_basin": "Mangpui Lui & Others",
        "length_1": 26.829,
        "width_1": 17.063,
        "height_1": 6
      }
    },
    {
      "type": "Feature",
      "id": "LS_MIZORAM_2023.237",
      "geometry": {
        "type": "MultiPolygon",
        "coordinates": [
          [
            [
              [
                93.19381248,
                23.45427834
              ],
              [
                93.19381248,
                23.45559211
              ],
              [
                93.1947536,
                23.45559211
              ],
              [
                93.1947536,
                23.45427834
              ],
              [
                93.19381248,
                23.45427834
              ]
            ]
          ]
        ]
      },
      "geometry_name": "the_geom",
      "properties": {
        "Slide_no": "MZ/KAI/84E03/2023/4",
        "State": "Mizoram",
        "District": "Khawzawl",
        "Toposheet": "84E03",
        "Latitude": 23.4553,
        "Longitude": 93.1942,
        "Length_m": "29.664",
        "Width_m": "7.376",
        "Height_m": "4",
        "Area_sqm": 10023.4,
        "Activity": "Active",
        "GEOMORPHOL": "StrOri - Highly Dissected Hills and Valleys",
        "LITHOLOGIC": "OLIVE GREEN SPLINTERY SHALE WITH MINOR SANDSTONE *",
        "LULC": "Forest Land Closed Forest Semi-Evergreen",
        "Triggering": "Rainfall",
        "Year": "2023",
        "Source": "Resourcesat-2 LISS IV, 10m MapTilerDEM, SISDP-LULC10K(2018-19), India-WRIS, GSI-Geom, GSI-Litho",
        "Basin": "Minor Rivers Draining into Myanmar",
        "Sub_basin": "Mangpui Lui & Others",
        "length_1": 29.664,
        "width_1": 7.376,
        "height_1": 4
      }
    },
    {
      "type": "Feature",
      "id": "LS_MIZORAM_2023.238",
      "geometry": {
        "type": "MultiPolygon",
        "coordinates": [
          [
            [
              [
                93.15414303,
                23.40192713
              ],
              [
                93.15414303,
                23.40230559
              ],
              [
                93.15438587,
                23.40230559
              ],
              [
                93.15438587,
                23.40192713
              ],
              [
                93.15414303,
                23.40192713
              ]
            ]
          ]
        ]
      },
      "geometry_name": "the_geom",
      "properties": {
        "Slide_no": "MZ/KAI/84E03/2023/5",
        "State": "Mizoram",
        "District": "Khawzawl",
        "Toposheet": "84E03",
        "Latitude": 23.4021,
        "Longitude": 93.1542,
        "Length_m": "25.085",
        "Width_m": "19.405",
        "Height_m": "5",
        "Area_sqm": 630.914,
        "Activity": "Active",
        "GEOMORPHOL": "Ridge",
        "LITHOLOGIC": "OLIVE GREEN SPLINTERY SHALE WITH MINOR SANDSTONE *",
        "LULC": "Others - Shifting Cultivation Area",
        "Triggering": "Rainfall",
        "Year": "2023",
        "Source": "Resourcesat-2 LISS IV, 10m MapTilerDEM, SISDP-LULC10K(2018-19), India-WRIS, GSI-Geom, GSI-Litho",
        "Basin": "Minor Rivers Draining into Myanmar",
        "Sub_basin": "Mangpui Lui & Others",
        "length_1": 25.085,
        "width_1": 19.405,
        "height_1": 5
      }
    },
    {
      "type": "Feature",
      "id": "LS_MIZORAM_2023.239",
      "geometry": {
        "type": "MultiPolygon",
        "coordinates": [
          [
            [
              [
                93.14526295,
                23.23872457
              ],
              [
                93.14526295,
                23.23916138
              ],
              [
                93.14561448,
                23.23916138
              ],
              [
                93.14561448,
                23.23872457
              ],
              [
                93.14526295,
                23.23872457
              ]
            ]
          ]
        ]
      },
      "geometry_name": "the_geom",
      "properties": {
        "Slide_no": "MZ/KAI/84E04/2023/1",
        "State": "Mizoram",
        "District": "Khawzawl",
        "Toposheet": "84E04",
        "Latitude": 23.2389,
        "Longitude": 93.1454,
        "Length_m": "36.717",
        "Width_m": "25.412",
        "Height_m": "24",
        "Area_sqm": 1093.92,
        "Activity": "Active",
        "GEOMORPHOL": "StrOri - Moderately Dissected Hills and Valleys",
        "LITHOLOGIC": "SEQUENCE OF SANDSTONE, SPLINTERY SHALE & SILTSTONE",
        "LULC": "Wasteland Dense Scrub Land",
        "Triggering": "Rainfall",
        "Year": "2023",
        "Source": "Resourcesat-2 LISS IV, 10m MapTilerDEM, SISDP-LULC10K(2018-19), India-WRIS, GSI-Geom, GSI-Litho",
        "Basin": "Minor Rivers Draining into Myanmar",
        "Sub_basin": "Mangpui Lui & Others",
        "length_1": 36.717,
        "width_1": 25.412,
        "height_1": 24
      }
    },
    {
      "type": "Feature",
      "id": "LS_MIZORAM_2023.240",
      "geometry": {
        "type": "MultiPolygon",
        "coordinates": [
          [
            [
              [
                93.07897211,
                23.21436168
              ],
              [
                93.07897211,
                23.21471686
              ],
              [
                93.07957817,
                23.21471686
              ],
              [
                93.07957817,
                23.21436168
              ],
              [
                93.07897211,
                23.21436168
              ]
            ]
          ]
        ]
      },
      "geometry_name": "the_geom",
      "properties": {
        "Slide_no": "MZ/SE/84E04/2023/2",
        "State": "Mizoram",
        "District": "Serchhip",
        "Toposheet": "84E04",
        "Latitude": 23.2145,
        "Longitude": 93.0792,
        "Length_m": "30.843",
        "Width_m": "23.405",
        "Height_m": "7",
        "Area_sqm": 1270.45,
        "Activity": "Active",
        "GEOMORPHOL": "StrOri - Moderately Dissected Hills and Valleys",
        "LITHOLOGIC": "OLIVE GREEN SPLINTERY SHALE WITH MINOR SANDSTONE *",
        "LULC": "Built Up Transportation Transport Network",
        "Triggering": "Rainfall",
        "Year": "2023",
        "Source": "Resourcesat-2 LISS IV, 10m MapTilerDEM, SISDP-LULC10K(2018-19), India-WRIS, GSI-Geom, GSI-Litho",
        "Basin": "Minor Rivers Draining into Myanmar",
        "Sub_basin": "Mangpui Lui & Others",
        "length_1": 30.843,
        "width_1": 23.405,
        "height_1": 7
      }
    },
    {
      "type": "Feature",
      "id": "LS_MIZORAM_2023.242",
      "geometry": {
        "type": "MultiPolygon",
        "coordinates": [
          [
            [
              [
                93.13917846,
                23.14712601
              ],
              [
                93.13917846,
                23.14755537
              ],
              [
                93.13942645,
                23.14755537
              ],
              [
                93.13942645,
                23.14712601
              ],
              [
                93.13917846,
                23.14712601
              ]
            ]
          ]
        ]
      },
      "geometry_name": "the_geom",
      "properties": {
        "Slide_no": "MZ/SE/84E04/2023/4",
        "State": "Mizoram",
        "District": "Serchhip",
        "Toposheet": "84E04",
        "Latitude": 23.1473,
        "Longitude": 93.1393,
        "Length_m": "45.948",
        "Width_m": "17.838",
        "Height_m": "56",
        "Area_sqm": 777.526,
        "Activity": "Active",
        "GEOMORPHOL": "StrOri - Moderately Dissected Hills and Valleys",
        "LITHOLOGIC": "OLIVE GREEN SPLINTERY SHALE WITH MINOR SANDSTONE *",
        "LULC": "Forest Land Closed Forest Deciduous",
        "Triggering": "Rainfall",
        "Year": "2023",
        "Source": "Resourcesat-2 LISS IV, 10m MapTilerDEM, SISDP-LULC10K(2018-19), India-WRIS, GSI-Geom, GSI-Litho",
        "Basin": "Minor Rivers Draining into Myanmar",
        "Sub_basin": "Mangpui Lui & Others",
        "length_1": 45.948,
        "width_1": 17.838,
        "height_1": 56
      }
    },
    {
      "type": "Feature",
      "id": "LS_MIZORAM_2023.246",
      "geometry": {
        "type": "MultiPolygon",
        "coordinates": [
          [
            [
              [
                93.00575919,
                23.22696438
              ],
              [
                93.00575919,
                23.22741043
              ],
              [
                93.00604055,
                23.22741043
              ],
              [
                93.00604055,
                23.22696438
              ],
              [
                93.00575919,
                23.22696438
              ]
            ]
          ]
        ]
      },
      "geometry_name": "the_geom",
      "properties": {
        "Slide_no": "MZ/SE/84E04/2023/8",
        "State": "Mizoram",
        "District": "Serchhip",
        "Toposheet": "84E04",
        "Latitude": 23.2272,
        "Longitude": 93.0059,
        "Length_m": "47.217",
        "Width_m": "16.11",
        "Height_m": "7",
        "Area_sqm": 754.154,
        "Activity": "Active",
        "GEOMORPHOL": "StrOri - Moderately Dissected Hills and Valleys",
        "LITHOLOGIC": "GREY SANDY SPLINTERY SHALE, SILTSTONE AND MUDSTONE",
        "LULC": "Agriculture Crop Land",
        "Triggering": "Rainfall",
        "Year": "2023",
        "Source": "Resourcesat-2 LISS IV, 10m MapTilerDEM, SISDP-LULC10K(2018-19), India-WRIS, GSI-Geom, GSI-Litho",
        "Basin": "Minor Rivers Draining into Myanmar",
        "Sub_basin": "Mangpui Lui & Others",
        "length_1": 47.217,
        "width_1": 16.11,
        "height_1": 7
      }
    },
    {
      "type": "Feature",
      "id": "LS_MIZORAM_2023.247",
      "geometry": {
        "type": "MultiPolygon",
        "coordinates": [
          [
            [
              [
                93.06337109,
                23.15142119
              ],
              [
                93.06337109,
                23.15188481
              ],
              [
                93.06375779,
                23.15188481
              ],
              [
                93.06375779,
                23.15142119
              ],
              [
                93.06337109,
                23.15142119
              ]
            ]
          ]
        ]
      },
      "geometry_name": "the_geom",
      "properties": {
        "Slide_no": "MZ/SE/84E04/2023/9",
        "State": "Mizoram",
        "District": "Serchhip",
        "Toposheet": "84E04",
        "Latitude": 23.1516,
        "Longitude": 93.0636,
        "Length_m": "49.213",
        "Width_m": "31.75",
        "Height_m": "3",
        "Area_sqm": 1189.51,
        "Activity": "Active",
        "GEOMORPHOL": "StrOri - Highly Dissected Hills and Valleys",
        "LITHOLOGIC": "SEQUENCE OF SANDSTONE, SPLINTERY SHALE & SILTSTONE",
        "LULC": "Forest Land Open Forest Semi-Evergreen",
        "Triggering": "Rainfall",
        "Year": "2023",
        "Source": "Resourcesat-2 LISS IV, 10m MapTilerDEM, SISDP-LULC10K(2018-19), India-WRIS, GSI-Geom, GSI-Litho",
        "Basin": "Minor Rivers Draining into Myanmar",
        "Sub_basin": "Mangpui Lui & Others",
        "length_1": 49.213,
        "width_1": 31.75,
        "height_1": 3
      }
    },
    {
      "type": "Feature",
      "id": "LS_MIZORAM_2023.248",
      "geometry": {
        "type": "MultiPolygon",
        "coordinates": [
          [
            [
              [
                93.34921143,
                23.82238804
              ],
              [
                93.34921143,
                23.8226523
              ],
              [
                93.34945655,
                23.8226523
              ],
              [
                93.34945655,
                23.82238804
              ],
              [
                93.34921143,
                23.82238804
              ]
            ]
          ]
        ]
      },
      "geometry_name": "the_geom",
      "properties": {
        "Slide_no": "MZ/CH/84E05/2023/1",
        "State": "Mizoram",
        "District": "Champhai",
        "Toposheet": "84E05",
        "Latitude": 23.8225,
        "Longitude": 93.3493,
        "Length_m": "33.176",
        "Width_m": "24.523",
        "Height_m": "5",
        "Area_sqm": 406.118,
        "Activity": "Active",
        "GEOMORPHOL": "StrOri - Moderately Dissected Hills and Valleys",
        "LITHOLOGIC": "SANDSTONE, SHALE, SILTSTONE WITH CONGLOMERATE",
        "LULC": "Forest Land Open Forest Semi-Evergreen",
        "Triggering": "Rainfall",
        "Year": "2023",
        "Source": "Resourcesat-2 LISS IV, 10m MapTilerDEM, SISDP-LULC10K(2018-19), India-WRIS, GSI-Geom, GSI-Litho",
        "Basin": "Barak & Others",
        "Sub_basin": "Barak",
        "length_1": 33.176,
        "width_1": 24.523,
        "height_1": 5
      }
    },
    {
      "type": "Feature",
      "id": "LS_MIZORAM_2023.249",
      "geometry": {
        "type": "MultiPolygon",
        "coordinates": [
          [
            [
              [
                93.34743399,
                23.82392883
              ],
              [
                93.34743399,
                23.82421706
              ],
              [
                93.34773499,
                23.82421706
              ],
              [
                93.34773499,
                23.82392883
              ],
              [
                93.34743399,
                23.82392883
              ]
            ]
          ]
        ]
      },
      "geometry_name": "the_geom",
      "properties": {
        "Slide_no": "MZ/CH/84E05/2023/2",
        "State": "Mizoram",
        "District": "Champhai",
        "Toposheet": "84E05",
        "Latitude": 23.824,
        "Longitude": 93.3476,
        "Length_m": "37.793",
        "Width_m": "36.65",
        "Height_m": "10",
        "Area_sqm": 717.039,
        "Activity": "Active",
        "GEOMORPHOL": "StrOri - Moderately Dissected Hills and Valleys",
        "LITHOLOGIC": "SANDSTONE, SHALE, SILTSTONE WITH CONGLOMERATE",
        "LULC": "Forest Land Open Forest Semi-Evergreen",
        "Triggering": "Rainfall",
        "Year": "2023",
        "Source": "Resourcesat-2 LISS IV, 10m MapTilerDEM, SISDP-LULC10K(2018-19), India-WRIS, GSI-Geom, GSI-Litho",
        "Basin": "Barak & Others",
        "Sub_basin": "Barak",
        "length_1": 37.793,
        "width_1": 36.65,
        "height_1": 10
      }
    },
    {
      "type": "Feature",
      "id": "LS_MIZORAM_2023.250",
      "geometry": {
        "type": "MultiPolygon",
        "coordinates": [
          [
            [
              [
                93.38612864,
                23.92150965
              ],
              [
                93.38612864,
                23.92177788
              ],
              [
                93.38629449,
                23.92177788
              ],
              [
                93.38629449,
                23.92150965
              ],
              [
                93.38612864,
                23.92150965
              ]
            ]
          ]
        ]
      },
      "geometry_name": "the_geom",
      "properties": {
        "Slide_no": "MZ/CH/84E05/2023/3",
        "State": "Mizoram",
        "District": "Champhai",
        "Toposheet": "84E05",
        "Latitude": 23.9216,
        "Longitude": 93.3862,
        "Length_m": "30.25",
        "Width_m": "16.85",
        "Height_m": "5",
        "Area_sqm": 372.072,
        "Activity": "Active",
        "GEOMORPHOL": "Ridge",
        "LITHOLOGIC": "SANDSTONE, SHALE, SILTSTONE WITH CONGLOMERATE",
        "LULC": "Forest Land Open Forest Semi-Evergreen",
        "Triggering": "Rainfall",
        "Year": "2023",
        "Source": "Resourcesat-2 LISS IV, 10m MapTilerDEM, SISDP-LULC10K(2018-19), India-WRIS, GSI-Geom, GSI-Litho",
        "Basin": "Barak & Others",
        "Sub_basin": "Barak",
        "length_1": 30.25,
        "width_1": 16.85,
        "height_1": 5
      }
    },
    {
      "type": "Feature",
      "id": "LS_MIZORAM_2023.251",
      "geometry": {
        "type": "MultiPolygon",
        "coordinates": [
          [
            [
              [
                93.27452929,
                23.87122087
              ],
              [
                93.27452929,
                23.87319662
              ],
              [
                93.27528612,
                23.87319662
              ],
              [
                93.27528612,
                23.87122087
              ],
              [
                93.27452929,
                23.87122087
              ]
            ]
          ]
        ]
      },
      "geometry_name": "the_geom",
      "properties": {
        "Slide_no": "MZ/SAI/84E05/2023/4",
        "State": "Mizoram",
        "District": "Saitual",
        "Toposheet": "84E05",
        "Latitude": 23.8722,
        "Longitude": 93.275,
        "Length_m": "200.517",
        "Width_m": "36.232",
        "Height_m": "8",
        "Area_sqm": 8166.25,
        "Activity": "Active",
        "GEOMORPHOL": "StrOri - Moderately Dissected Hills and Valleys",
        "LITHOLOGIC": "RHYTHMIC SEQUENCE OF SANDSTONE, SILTSTONE & SHALE",
        "LULC": "Wasteland Dense Scrub Land",
        "Triggering": "Rainfall",
        "Year": "2023",
        "Source": "Resourcesat-2 LISS IV, 10m MapTilerDEM, SISDP-LULC10K(2018-19), India-WRIS, GSI-Geom, GSI-Litho",
        "Basin": "Barak & Others",
        "Sub_basin": "Barak",
        "length_1": 200.517,
        "width_1": 36.232,
        "height_1": 8
      }
    },
    {
      "type": "Feature",
      "id": "LS_MIZORAM_2023.252",
      "geometry": {
        "type": "MultiPolygon",
        "coordinates": [
          [
            [
              [
                93.35892829,
                23.76621773
              ],
              [
                93.35892829,
                23.76663627
              ],
              [
                93.35922247,
                23.76663627
              ],
              [
                93.35922247,
                23.76621773
              ],
              [
                93.35892829,
                23.76621773
              ]
            ]
          ]
        ]
      },
      "geometry_name": "the_geom",
      "properties": {
        "Slide_no": "MZ/CH/84E05/2023/5",
        "State": "Mizoram",
        "District": "Champhai",
        "Toposheet": "84E05",
        "Latitude": 23.7664,
        "Longitude": 93.359,
        "Length_m": "52.388",
        "Width_m": "26.988",
        "Height_m": "6",
        "Area_sqm": 1007.88,
        "Activity": "Active",
        "GEOMORPHOL": "StrOri - Highly Dissected Hills and Valleys",
        "LITHOLOGIC": "SEQUENCE OF SILTSTONE, SHALE & SANDSTONE WITH COAL",
        "LULC": "Others - Shifting Cultivation Area",
        "Triggering": "Rainfall",
        "Year": "2023",
        "Source": "Resourcesat-2 LISS IV, 10m MapTilerDEM, SISDP-LULC10K(2018-19), India-WRIS, GSI-Geom, GSI-Litho",
        "Basin": "Barak & Others",
        "Sub_basin": "Barak",
        "length_1": 52.388,
        "width_1": 26.988,
        "height_1": 6
      }
    },
    {
      "type": "Feature",
      "id": "LS_MIZORAM_2023.253",
      "geometry": {
        "type": "MultiPolygon",
        "coordinates": [
          [
            [
              [
                93.28321557,
                23.66864602
              ],
              [
                93.28321557,
                23.66897855
              ],
              [
                93.2835259,
                23.66897855
              ],
              [
                93.2835259,
                23.66864602
              ],
              [
                93.28321557,
                23.66864602
              ]
            ]
          ]
        ]
      },
      "geometry_name": "the_geom",
      "properties": {
        "Slide_no": "MZ/CH/84E06/2023/1",
        "State": "Mizoram",
        "District": "Champhai",
        "Toposheet": "84E06",
        "Latitude": 23.6688,
        "Longitude": 93.2834,
        "Length_m": "41.641",
        "Width_m": "18.949",
        "Height_m": "8",
        "Area_sqm": 614.234,
        "Activity": "Active",
        "GEOMORPHOL": "Ridge",
        "LITHOLOGIC": "SANDSTONE, SHALE, SILTSTONE WITH CONGLOMERATE",
        "LULC": "Forest Land Open Forest Semi-Evergreen",
        "Triggering": "Rainfall",
        "Year": "2023",
        "Source": "Resourcesat-2 LISS IV, 10m MapTilerDEM, SISDP-LULC10K(2018-19), India-WRIS, GSI-Geom, GSI-Litho",
        "Basin": "Barak & Others",
        "Sub_basin": "Barak",
        "length_1": 41.641,
        "width_1": 18.949,
        "height_1": 8
      }
    },
    {
      "type": "Feature",
      "id": "LS_MIZORAM_2023.254",
      "geometry": {
        "type": "MultiPolygon",
        "coordinates": [
          [
            [
              [
                93.41842771,
                23.58153968
              ],
              [
                93.41842771,
                23.58181328
              ],
              [
                93.4188049,
                23.58181328
              ],
              [
                93.4188049,
                23.58153968
              ],
              [
                93.41842771,
                23.58153968
              ]
            ]
          ]
        ]
      },
      "geometry_name": "the_geom",
      "properties": {
        "Slide_no": "MZ/CH/84E06/2023/2",
        "State": "Mizoram",
        "District": "Champhai",
        "Toposheet": "84E06",
        "Latitude": 23.5817,
        "Longitude": 93.4186,
        "Length_m": "42.968",
        "Width_m": "24.003",
        "Height_m": "27",
        "Area_sqm": 811.096,
        "Activity": "Active",
        "GEOMORPHOL": "StrOri - Moderately Dissected Hills and Valleys",
        "LITHOLOGIC": "SANDSTONE, SHALE, SILTSTONE WITH CONGLOMERATE",
        "LULC": "Forest Land Open Forest Semi-Evergreen",
        "Triggering": "Rainfall",
        "Year": "2023",
        "Source": "Resourcesat-2 LISS IV, 10m MapTilerDEM, SISDP-LULC10K(2018-19), India-WRIS, GSI-Geom, GSI-Litho",
        "Basin": "Minor Rivers Draining into Myanmar",
        "Sub_basin": "Mangpui Lui & Others",
        "length_1": 42.968,
        "width_1": 24.003,
        "height_1": 27
      }
    },
    {
      "type": "Feature",
      "id": "LS_MIZORAM_2023.255",
      "geometry": {
        "type": "MultiPolygon",
        "coordinates": [
          [
            [
              [
                93.36060446,
                23.54626286
              ],
              [
                93.36060446,
                23.54658847
              ],
              [
                93.36145106,
                23.54658847
              ],
              [
                93.36145106,
                23.54626286
              ],
              [
                93.36060446,
                23.54626286
              ]
            ]
          ]
        ]
      },
      "geometry_name": "the_geom",
      "properties": {
        "Slide_no": "MZ/CH/84E06/2023/3",
        "State": "Mizoram",
        "District": "Champhai",
        "Toposheet": "84E06",
        "Latitude": 23.5464,
        "Longitude": 93.361,
        "Length_m": "90.955",
        "Width_m": "22.679",
        "Height_m": "5",
        "Area_sqm": 1643.5,
        "Activity": "Active",
        "GEOMORPHOL": "StrOri - Moderately Dissected Hills and Valleys",
        "LITHOLOGIC": "SANDSTONE, SHALE, SILTSTONE WITH CONGLOMERATE",
        "LULC": "Forest Land Open Forest Semi-Evergreen",
        "Triggering": "Rainfall",
        "Year": "2023",
        "Source": "Resourcesat-2 LISS IV, 10m MapTilerDEM, SISDP-LULC10K(2018-19), India-WRIS, GSI-Geom, GSI-Litho",
        "Basin": "Minor Rivers Draining into Myanmar",
        "Sub_basin": "Mangpui Lui & Others",
        "length_1": 90.955,
        "width_1": 22.679,
        "height_1": 5
      }
    },
    {
      "type": "Feature",
      "id": "LS_MIZORAM_2023.256",
      "geometry": {
        "type": "MultiPolygon",
        "coordinates": [
          [
            [
              [
                93.39626377,
                23.60679403
              ],
              [
                93.39626377,
                23.6070806
              ],
              [
                93.39660714,
                23.6070806
              ],
              [
                93.39660714,
                23.60679403
              ],
              [
                93.39626377,
                23.60679403
              ]
            ]
          ]
        ]
      },
      "geometry_name": "the_geom",
      "properties": {
        "Slide_no": "MZ/CH/84E06/2023/4",
        "State": "Mizoram",
        "District": "Champhai",
        "Toposheet": "84E06",
        "Latitude": 23.6069,
        "Longitude": 93.3964,
        "Length_m": "46.225",
        "Width_m": "33.145",
        "Height_m": "12",
        "Area_sqm": 865.831,
        "Activity": "Active",
        "GEOMORPHOL": "StrOri - Highly Dissected Hills and Valleys",
        "LITHOLOGIC": "SANDSTONE, SHALE, SILTSTONE WITH CONGLOMERATE",
        "LULC": "Forest Land Open Forest Semi-Evergreen",
        "Triggering": "Rainfall",
        "Year": "2023",
        "Source": "Resourcesat-2 LISS IV, 10m MapTilerDEM, SISDP-LULC10K(2018-19), India-WRIS, GSI-Geom, GSI-Litho",
        "Basin": "Minor Rivers Draining into Myanmar",
        "Sub_basin": "Mangpui Lui & Others",
        "length_1": 46.225,
        "width_1": 33.145,
        "height_1": 12
      }
    },
    {
      "type": "Feature",
      "id": "LS_MIZORAM_2023.257",
      "geometry": {
        "type": "MultiPolygon",
        "coordinates": [
          [
            [
              [
                93.30240254,
                23.34247853
              ],
              [
                93.30240254,
                23.34289646
              ],
              [
                93.30281069,
                23.34289646
              ],
              [
                93.30281069,
                23.34247853
              ],
              [
                93.30240254,
                23.34247853
              ]
            ]
          ]
        ]
      },
      "geometry_name": "the_geom",
      "properties": {
        "Slide_no": "MZ/CH/84E07/2023/1",
        "State": "Mizoram",
        "District": "Champhai",
        "Toposheet": "84E07",
        "Latitude": 23.3426,
        "Longitude": 93.3026,
        "Length_m": "56.833",
        "Width_m": "33.02",
        "Height_m": "58",
        "Area_sqm": 1156.28,
        "Activity": "Active",
        "GEOMORPHOL": "StrOri - Moderately Dissected Hills and Valleys",
        "LITHOLOGIC": "SEQUENCE OF SANDSTONE,SILTSTONE AND SHALE",
        "LULC": "Others - Shifting Cultivation Area",
        "Triggering": "Rainfall",
        "Year": "2023",
        "Source": "Resourcesat-2 LISS IV, 10m MapTilerDEM, SISDP-LULC10K(2018-19), India-WRIS, GSI-Geom, GSI-Litho",
        "Basin": "Minor Rivers Draining into Myanmar",
        "Sub_basin": "Mangpui Lui & Others",
        "length_1": 56.833,
        "width_1": 33.02,
        "height_1": 58
      }
    },
    {
      "type": "Feature",
      "id": "LS_MIZORAM_2023.258",
      "geometry": {
        "type": "MultiPolygon",
        "coordinates": [
          [
            [
              [
                93.38006202,
                23.37957118
              ],
              [
                93.38006202,
                23.37989359
              ],
              [
                93.38075411,
                23.37989359
              ],
              [
                93.38075411,
                23.37957118
              ],
              [
                93.38006202,
                23.37957118
              ]
            ]
          ]
        ]
      },
      "geometry_name": "the_geom",
      "properties": {
        "Slide_no": "MZ/CH/84E07/2023/2",
        "State": "Mizoram",
        "District": "Champhai",
        "Toposheet": "84E07",
        "Latitude": 23.3797,
        "Longitude": 93.3805,
        "Length_m": "74.649",
        "Width_m": "7.167",
        "Height_m": "16",
        "Area_sqm": 1356.67,
        "Activity": "Active",
        "GEOMORPHOL": "StrOri - Moderately Dissected Hills and Valleys",
        "LITHOLOGIC": "OLIVE GREEN SPLINTERY SHALE WITH MINOR SANDSTONE *",
        "LULC": "Forest Land Closed Forest Semi-Evergreen",
        "Triggering": "Rainfall",
        "Year": "2023",
        "Source": "Resourcesat-2 LISS IV, 10m MapTilerDEM, SISDP-LULC10K(2018-19), India-WRIS, GSI-Geom, GSI-Litho",
        "Basin": "Minor Rivers Draining into Myanmar",
        "Sub_basin": "Mangpui Lui & Others",
        "length_1": 74.649,
        "width_1": 7.167,
        "height_1": 16
      }
    },
    {
      "type": "Feature",
      "id": "LS_MIZORAM_2023.259",
      "geometry": {
        "type": "MultiPolygon",
        "coordinates": [
          [
            [
              [
                93.32910613,
                23.33087232
              ],
              [
                93.32910613,
                23.33153868
              ],
              [
                93.32962358,
                23.33153868
              ],
              [
                93.32962358,
                23.33087232
              ],
              [
                93.32910613,
                23.33087232
              ]
            ]
          ]
        ]
      },
      "geometry_name": "the_geom",
      "properties": {
        "Slide_no": "MZ/CH/84E07/2023/3",
        "State": "Mizoram",
        "District": "Champhai",
        "Toposheet": "84E07",
        "Latitude": 23.3312,
        "Longitude": 93.3294,
        "Length_m": "84.152",
        "Width_m": "33.847",
        "Height_m": "12",
        "Area_sqm": 2430.33,
        "Activity": "Active",
        "GEOMORPHOL": "StrOri - Moderately Dissected Hills and Valleys",
        "LITHOLOGIC": "OLIVE GREEN SPLINTERY SHALE WITH MINOR SANDSTONE *",
        "LULC": "Wasteland Barren Rocky",
        "Triggering": "Rainfall",
        "Year": "2023",
        "Source": "Resourcesat-2 LISS IV, 10m MapTilerDEM, SISDP-LULC10K(2018-19), India-WRIS, GSI-Geom, GSI-Litho",
        "Basin": "Minor Rivers Draining into Myanmar",
        "Sub_basin": "Mangpui Lui & Others",
        "length_1": 84.152,
        "width_1": 33.847,
        "height_1": 12
      }
    },
    {
      "type": "Feature",
      "id": "LS_MIZORAM_2023.260",
      "geometry": {
        "type": "MultiPolygon",
        "coordinates": [
          [
            [
              [
                93.2731392,
                23.18008135
              ],
              [
                93.2731392,
                23.18046047
              ],
              [
                93.27343761,
                23.18046047
              ],
              [
                93.27343761,
                23.18008135
              ],
              [
                93.2731392,
                23.18008135
              ]
            ]
          ]
        ]
      },
      "geometry_name": "the_geom",
      "properties": {
        "Slide_no": "MZ/CH/84E08/2023/1",
        "State": "Mizoram",
        "District": "Champhai",
        "Toposheet": "84E08",
        "Latitude": 23.1802,
        "Longitude": 93.2733,
        "Length_m": "40.744",
        "Width_m": "21.955",
        "Height_m": "35",
        "Area_sqm": 796.336,
        "Activity": "Active",
        "GEOMORPHOL": "StrOri - Moderately Dissected Hills and Valleys",
        "LITHOLOGIC": "OLIVE GREEN SPLINTERY SHALE WITH MINOR SANDSTONE *",
        "LULC": "Others - Shifting Cultivation Area",
        "Triggering": "Rainfall",
        "Year": "2023",
        "Source": "Resourcesat-2 LISS IV, 10m MapTilerDEM, SISDP-LULC10K(2018-19), India-WRIS, GSI-Geom, GSI-Litho",
        "Basin": "Minor Rivers Draining into Myanmar",
        "Sub_basin": "Mangpui Lui & Others",
        "length_1": 40.744,
        "width_1": 21.955,
        "height_1": 35
      }
    },
    {
      "type": "Feature",
      "id": "LS_MIZORAM_2023.261",
      "geometry": {
        "type": "MultiPolygon",
        "coordinates": [
          [
            [
              [
                93.27660943,
                23.20538692
              ],
              [
                93.27660943,
                23.2065644
              ],
              [
                93.27720969,
                23.2065644
              ],
              [
                93.27720969,
                23.20538692
              ],
              [
                93.27660943,
                23.20538692
              ]
            ]
          ]
        ]
      },
      "geometry_name": "the_geom",
      "properties": {
        "Slide_no": "MZ/CH/84E08/2023/2",
        "State": "Mizoram",
        "District": "Champhai",
        "Toposheet": "84E08",
        "Latitude": 23.206,
        "Longitude": 93.2769,
        "Length_m": "151.582",
        "Width_m": "33.37",
        "Height_m": "15",
        "Area_sqm": 3775.89,
        "Activity": "Active",
        "GEOMORPHOL": "StrOri - Moderately Dissected Hills and Valleys",
        "LITHOLOGIC": "OLIVE GREEN SPLINTERY SHALE WITH MINOR SANDSTONE *",
        "LULC": "Forest Land Open Forest Semi-Evergreen",
        "Triggering": "Rainfall",
        "Year": "2023",
        "Source": "Resourcesat-2 LISS IV, 10m MapTilerDEM, SISDP-LULC10K(2018-19), India-WRIS, GSI-Geom, GSI-Litho",
        "Basin": "Minor Rivers Draining into Myanmar",
        "Sub_basin": "Mangpui Lui & Others",
        "length_1": 151.582,
        "width_1": 33.37,
        "height_1": 15
      }
    },
    {
      "type": "Feature",
      "id": "LS_MIZORAM_2023.262",
      "geometry": {
        "type": "MultiPolygon",
        "coordinates": [
          [
            [
              [
                93.26115981,
                23.16438367
              ],
              [
                93.26115981,
                23.16469498
              ],
              [
                93.26147584,
                23.16469498
              ],
              [
                93.26147584,
                23.16438367
              ],
              [
                93.26115981,
                23.16438367
              ]
            ]
          ]
        ]
      },
      "geometry_name": "the_geom",
      "properties": {
        "Slide_no": "MZ/CH/84E08/2023/3",
        "State": "Mizoram",
        "District": "Champhai",
        "Toposheet": "84E08",
        "Latitude": 23.1645,
        "Longitude": 93.2613,
        "Length_m": "41.049",
        "Width_m": "10.658",
        "Height_m": "30",
        "Area_sqm": 712.498,
        "Activity": "Active",
        "GEOMORPHOL": "Ridge",
        "LITHOLOGIC": "OLIVE GREEN SPLINTERY SHALE WITH MINOR SANDSTONE *",
        "LULC": "Wasteland Barren Rocky",
        "Triggering": "Rainfall",
        "Year": "2023",
        "Source": "Resourcesat-2 LISS IV, 10m MapTilerDEM, SISDP-LULC10K(2018-19), India-WRIS, GSI-Geom, GSI-Litho",
        "Basin": "Minor Rivers Draining into Myanmar",
        "Sub_basin": "Mangpui Lui & Others",
        "length_1": 41.049,
        "width_1": 10.658,
        "height_1": 30
      }
    },
    {
      "type": "Feature",
      "id": "LS_MIZORAM_2023.264",
      "geometry": {
        "type": "MultiPolygon",
        "coordinates": [
          [
            [
              [
                93.37588672,
                23.23702037
              ],
              [
                93.37588672,
                23.23756756
              ],
              [
                93.37708025,
                23.23756756
              ],
              [
                93.37708025,
                23.23702037
              ],
              [
                93.37588672,
                23.23702037
              ]
            ]
          ]
        ]
      },
      "geometry_name": "the_geom",
      "properties": {
        "Slide_no": "MZ/CH/84E08/2023/5",
        "State": "Mizoram",
        "District": "Champhai",
        "Toposheet": "84E08",
        "Latitude": 23.2373,
        "Longitude": 93.3765,
        "Length_m": "37.134",
        "Width_m": "31.037",
        "Height_m": "5",
        "Area_sqm": 2865.85,
        "Activity": "Active",
        "GEOMORPHOL": "StrOri - Moderately Dissected Hills and Valleys",
        "LITHOLOGIC": "SANDSTONE, SILTSTONE AND SHALE WITH CONGLOMERATE",
        "LULC": "Wasteland Barren Rocky",
        "Triggering": "Rainfall",
        "Year": "2023",
        "Source": "Resourcesat-2 LISS IV, 10m MapTilerDEM, SISDP-LULC10K(2018-19), India-WRIS, GSI-Geom, GSI-Litho",
        "Basin": "Minor Rivers Draining into Myanmar",
        "Sub_basin": "Mangpui Lui & Others",
        "length_1": 37.134,
        "width_1": 31.037,
        "height_1": 5
      }
    },
    {
      "type": "Feature",
      "id": "LS_MIZORAM_2023.265",
      "geometry": {
        "type": "MultiPolygon",
        "coordinates": [
          [
            [
              [
                93.33669682,
                23.17878859
              ],
              [
                93.33669682,
                23.17939808
              ],
              [
                93.33695549,
                23.17939808
              ],
              [
                93.33695549,
                23.17878859
              ],
              [
                93.33669682,
                23.17878859
              ]
            ]
          ]
        ]
      },
      "geometry_name": "the_geom",
      "properties": {
        "Slide_no": "MZ/CH/84E08/2023/6",
        "State": "Mizoram",
        "District": "Champhai",
        "Toposheet": "84E08",
        "Latitude": 23.1791,
        "Longitude": 93.3368,
        "Length_m": "67.233",
        "Width_m": "25.493",
        "Height_m": "7",
        "Area_sqm": 1345.66,
        "Activity": "Active",
        "GEOMORPHOL": "StrOri - Moderately Dissected Hills and Valleys",
        "LITHOLOGIC": "FERRUGINOUS SANDSTONE WITH SPLINTERY SHALE",
        "LULC": "Wasteland Barren Rocky",
        "Triggering": "Rainfall",
        "Year": "2023",
        "Source": "Resourcesat-2 LISS IV, 10m MapTilerDEM, SISDP-LULC10K(2018-19), India-WRIS, GSI-Geom, GSI-Litho",
        "Basin": "Minor Rivers Draining into Myanmar",
        "Sub_basin": "Mangpui Lui & Others",
        "length_1": 67.233,
        "width_1": 25.493,
        "height_1": 7
      }
    },
    {
      "type": "Feature",
      "id": "LS_MIZORAM_2023.266",
      "geometry": {
        "type": "MultiPolygon",
        "coordinates": [
          [
            [
              [
                93.0783905,
                24.08739293
              ],
              [
                93.0783905,
                24.08792381
              ],
              [
                93.07899668,
                24.08792381
              ],
              [
                93.07899668,
                24.08739293
              ],
              [
                93.0783905,
                24.08739293
              ]
            ]
          ]
        ]
      },
      "geometry_name": "the_geom",
      "properties": {
        "Slide_no": "MZ/SAI/83H04/2023/1",
        "State": "Mizoram",
        "District": "Saitual",
        "Toposheet": "83H04",
        "Latitude": 24.0876,
        "Longitude": 93.0787,
        "Length_m": "73.2",
        "Width_m": "27.279",
        "Height_m": "8",
        "Area_sqm": 1773.76,
        "Activity": "Active",
        "GEOMORPHOL": "Ridge",
        "LITHOLOGIC": "SILTSTONE, SHALE AND SANDSTONE  WITH COAL STREAKS",
        "LULC": "Forest Land Closed Forest Semi-Evergreen",
        "Triggering": "Rainfall",
        "Year": "2023",
        "Source": "Resourcesat-2 LISS IV, 10m MapTilerDEM, SISDP-LULC10K(2018-19), India-WRIS, GSI-Geom, GSI-Litho",
        "Basin": "Barak & Others",
        "Sub_basin": "Barak",
        "length_1": 73.2,
        "width_1": 27.279,
        "height_1": 8
      }
    },
    {
      "type": "Feature",
      "id": "LS_MIZORAM_2023.267",
      "geometry": {
        "type": "MultiPolygon",
        "coordinates": [
          [
            [
              [
                93.02701826,
                24.07316408
              ],
              [
                93.02701826,
                24.07358318
              ],
              [
                93.02755997,
                24.07358318
              ],
              [
                93.02755997,
                24.07316408
              ],
              [
                93.02701826,
                24.07316408
              ]
            ]
          ]
        ]
      },
      "geometry_name": "the_geom",
      "properties": {
        "Slide_no": "MZ/SAI/83H04/2023/2",
        "State": "Mizoram",
        "District": "Saitual",
        "Toposheet": "83H04",
        "Latitude": 24.0734,
        "Longitude": 93.0273,
        "Length_m": "25.44",
        "Width_m": "9.706",
        "Height_m": "7",
        "Area_sqm": 1179.87,
        "Activity": "Active",
        "GEOMORPHOL": "Ridge",
        "LITHOLOGIC": "SILTSTONE, SHALE AND SANDSTONE  WITH COAL STREAKS",
        "LULC": "Forest Plantation",
        "Triggering": "Rainfall",
        "Year": "2023",
        "Source": "Resourcesat-2 LISS IV, 10m MapTilerDEM, SISDP-LULC10K(2018-19), India-WRIS, GSI-Geom, GSI-Litho",
        "Basin": "Barak & Others",
        "Sub_basin": "Barak",
        "length_1": 25.44,
        "width_1": 9.706,
        "height_1": 7
      }
    },
    {
      "type": "Feature",
      "id": "LS_MIZORAM_2023.268",
      "geometry": {
        "type": "MultiPolygon",
        "coordinates": [
          [
            [
              [
                93.15738178,
                24.06661664
              ],
              [
                93.15738178,
                24.06716981
              ],
              [
                93.15808122,
                24.06716981
              ],
              [
                93.15808122,
                24.06661664
              ],
              [
                93.15738178,
                24.06661664
              ]
            ]
          ]
        ]
      },
      "geometry_name": "the_geom",
      "properties": {
        "Slide_no": "MZ/SAI/83H04/2023/3",
        "State": "Mizoram",
        "District": "Saitual",
        "Toposheet": "83H04",
        "Latitude": 24.0668,
        "Longitude": 93.1578,
        "Length_m": "53.613",
        "Width_m": "53.453",
        "Height_m": "7",
        "Area_sqm": 2690.78,
        "Activity": "Active",
        "GEOMORPHOL": "StrOri - Highly Dissected Hills and Valleys",
        "LITHOLOGIC": "SILTSTONE, SHALE AND SANDSTONE  WITH COAL STREAKS",
        "LULC": "Forest Land Open Forest Semi-Evergreen",
        "Triggering": "Rainfall",
        "Year": "2023",
        "Source": "Resourcesat-2 LISS IV, 10m MapTilerDEM, SISDP-LULC10K(2018-19), India-WRIS, GSI-Geom, GSI-Litho",
        "Basin": "Barak & Others",
        "Sub_basin": "Barak",
        "length_1": 53.613,
        "width_1": 53.453,
        "height_1": 7
      }
    },
    {
      "type": "Feature",
      "id": "LS_MIZORAM_2023.269",
      "geometry": {
        "type": "MultiPolygon",
        "coordinates": [
          [
            [
              [
                93.02411311,
                24.0431097
              ],
              [
                93.02411311,
                24.04365227
              ],
              [
                93.02471289,
                24.04365227
              ],
              [
                93.02471289,
                24.0431097
              ],
              [
                93.02411311,
                24.0431097
              ]
            ]
          ]
        ]
      },
      "geometry_name": "the_geom",
      "properties": {
        "Slide_no": "MZ/SAI/83H04/2023/4",
        "State": "Mizoram",
        "District": "Saitual",
        "Toposheet": "83H04",
        "Latitude": 24.0434,
        "Longitude": 93.0244,
        "Length_m": "69.316",
        "Width_m": "29.81",
        "Height_m": "7",
        "Area_sqm": 2162.4,
        "Activity": "Active",
        "GEOMORPHOL": "Ridge",
        "LITHOLOGIC": "SANDSTONE, SILTSTONE, SHALE WITH COAL LAYER",
        "LULC": "Forest Land Closed Forest Deciduous",
        "Triggering": "Rainfall",
        "Year": "2023",
        "Source": "Resourcesat-2 LISS IV, 10m MapTilerDEM, SISDP-LULC10K(2018-19), India-WRIS, GSI-Geom, GSI-Litho",
        "Basin": "Barak & Others",
        "Sub_basin": "Barak",
        "length_1": 69.316,
        "width_1": 29.81,
        "height_1": 7
      }
    },
    {
      "type": "Feature",
      "id": "LS_MIZORAM_2023.270",
      "geometry": {
        "type": "MultiPolygon",
        "coordinates": [
          [
            [
              [
                93.00768688,
                24.03654249
              ],
              [
                93.00768688,
                24.03712752
              ],
              [
                93.00806186,
                24.03712752
              ],
              [
                93.00806186,
                24.03654249
              ],
              [
                93.00768688,
                24.03654249
              ]
            ]
          ]
        ]
      },
      "geometry_name": "the_geom",
      "properties": {
        "Slide_no": "MZ/SAI/83H04/2023/5",
        "State": "Mizoram",
        "District": "Saitual",
        "Toposheet": "83H04",
        "Latitude": 24.0368,
        "Longitude": 93.0079,
        "Length_m": "63.439",
        "Width_m": "28.684",
        "Height_m": "8",
        "Area_sqm": 1544.34,
        "Activity": "Active",
        "GEOMORPHOL": "StrOri - Moderately Dissected Hills and Valleys",
        "LITHOLOGIC": "RHYTHMIC SEQUENCE OF SANDSTONE, SILTSTONE & SHALE",
        "LULC": "Forest Land Open Forest Semi-Evergreen",
        "Triggering": "Rainfall",
        "Year": "2023",
        "Source": "Resourcesat-2 LISS IV, 10m MapTilerDEM, SISDP-LULC10K(2018-19), India-WRIS, GSI-Geom, GSI-Litho",
        "Basin": "Barak & Others",
        "Sub_basin": "Barak",
        "length_1": 63.439,
        "width_1": 28.684,
        "height_1": 8
      }
    },
    {
      "type": "Feature",
      "id": "LS_MIZORAM_2023.271",
      "geometry": {
        "type": "MultiPolygon",
        "coordinates": [
          [
            [
              [
                93.13569065,
                24.01517109
              ],
              [
                93.13569065,
                24.01556759
              ],
              [
                93.13593037,
                24.01556759
              ],
              [
                93.13593037,
                24.01517109
              ],
              [
                93.13569065,
                24.01517109
              ]
            ]
          ]
        ]
      },
      "geometry_name": "the_geom",
      "properties": {
        "Slide_no": "MZ/SAI/83H04/2023/6",
        "State": "Mizoram",
        "District": "Saitual",
        "Toposheet": "83H04",
        "Latitude": 24.0153,
        "Longitude": 93.1358,
        "Length_m": "95.913",
        "Width_m": "49.609",
        "Height_m": "8",
        "Area_sqm": 762.692,
        "Activity": "Active",
        "GEOMORPHOL": "StrOri - Highly Dissected Hills and Valleys",
        "LITHOLOGIC": "SANDSTONE, SILTSTONE, SHALE WITH COAL LAYER",
        "LULC": "Forest Land Closed Forest Semi-Evergreen",
        "Triggering": "Rainfall",
        "Year": "2023",
        "Source": "Resourcesat-2 LISS IV, 10m MapTilerDEM, SISDP-LULC10K(2018-19), India-WRIS, GSI-Geom, GSI-Litho",
        "Basin": "Barak & Others",
        "Sub_basin": "Barak",
        "length_1": 95.913,
        "width_1": 49.609,
        "height_1": 8
      }
    },
    {
      "type": "Feature",
      "id": "LS_MIZORAM_2023.272",
      "geometry": {
        "type": "MultiPolygon",
        "coordinates": [
          [
            [
              [
                93.08390649,
                24.03269129
              ],
              [
                93.08390649,
                24.03298242
              ],
              [
                93.08418635,
                24.03298242
              ],
              [
                93.08418635,
                24.03269129
              ],
              [
                93.08390649,
                24.03269129
              ]
            ]
          ]
        ]
      },
      "geometry_name": "the_geom",
      "properties": {
        "Slide_no": "MZ/SAI/83H04/2023/7",
        "State": "Mizoram",
        "District": "Saitual",
        "Toposheet": "83H04",
        "Latitude": 24.0329,
        "Longitude": 93.0841,
        "Length_m": "84.138",
        "Width_m": "41.017",
        "Height_m": "7",
        "Area_sqm": 689.805,
        "Activity": "Active",
        "GEOMORPHOL": "Ridge",
        "LITHOLOGIC": "SILTSTONE, SHALE AND SANDSTONE  WITH COAL STREAKS",
        "LULC": "Forest Land Open Forest Semi-Evergreen",
        "Triggering": "Rainfall",
        "Year": "2023",
        "Source": "Resourcesat-2 LISS IV, 10m MapTilerDEM, SISDP-LULC10K(2018-19), India-WRIS, GSI-Geom, GSI-Litho",
        "Basin": "Barak & Others",
        "Sub_basin": "Barak",
        "length_1": 84.138,
        "width_1": 41.017,
        "height_1": 7
      }
    },
    {
      "type": "Feature",
      "id": "LS_MIZORAM_2023.273",
      "geometry": {
        "type": "MultiPolygon",
        "coordinates": [
          [
            [
              [
                92.50945734,
                23.15526334
              ],
              [
                92.50945734,
                23.15549916
              ],
              [
                92.50974719,
                23.15549916
              ],
              [
                92.50974719,
                23.15526334
              ],
              [
                92.50945734,
                23.15526334
              ]
            ]
          ]
        ]
      },
      "geometry_name": "the_geom",
      "properties": {
        "Slide_no": "MZ/LU/84A12/2023/1",
        "State": "Mizoram",
        "District": "Lunglei",
        "Toposheet": "84A12",
        "Latitude": 23.1554,
        "Longitude": 92.5096,
        "Length_m": "39.182",
        "Width_m": "21.314",
        "Height_m": "13",
        "Area_sqm": 565.599,
        "Activity": "Active",
        "GEOMORPHOL": "Antiformal Hill",
        "LITHOLOGIC": "SHALE-SILTSTONE SEQUENCE WITH SANDSTONE",
        "LULC": "Forest Land Open Forest Semi-Evergreen",
        "Triggering": "Rainfall",
        "Year": "2023",
        "Source": "Resourcesat-2 LISS IV, 10m MaptilerDEM, SISDP-LULC 10k (2018-19), India-WRIS, GSI-Geom, GSI-Litho",
        "Basin": "Minor Rivers Draining into Bangladesh",
        "Sub_basin": "Karnaphuli & Others",
        "length_1": 39.182,
        "width_1": 21.314,
        "height_1": 13
      }
    },
    {
      "type": "Feature",
      "id": "LS_MIZORAM_2023.278",
      "geometry": {
        "type": "MultiPolygon",
        "coordinates": [
          [
            [
              [
                92.61654085,
                23.13283545
              ],
              [
                92.61654085,
                23.13308428
              ],
              [
                92.61689753,
                23.13308428
              ],
              [
                92.61689753,
                23.13283545
              ],
              [
                92.61654085,
                23.13283545
              ]
            ]
          ]
        ]
      },
      "geometry_name": "the_geom",
      "properties": {
        "Slide_no": "MZ/LU/84A12/2023/6",
        "State": "Mizoram",
        "District": "Lunglei",
        "Toposheet": "84A12",
        "Latitude": 23.133,
        "Longitude": 92.6167,
        "Length_m": "36.190",
        "Width_m": "26.863",
        "Height_m": "9",
        "Area_sqm": 780.272,
        "Activity": "Active",
        "GEOMORPHOL": "StrOri - Highly Dissected Hills and Valleys",
        "LITHOLOGIC": "SILTSTONE, MICACEOUS SANDSTONE & SPLINTERY SHALE",
        "LULC": "Forest Land Open Forest Semi-Evergreen",
        "Triggering": "Rainfall",
        "Year": "2023",
        "Source": "Resourcesat-2 LISS IV, 10m MaptilerDEM, SISDP-LULC 10k (2018-19), India-WRIS, GSI-Geom, GSI-Litho",
        "Basin": "Minor Rivers Draining into Bangladesh",
        "Sub_basin": "Karnaphuli & Others",
        "length_1": 36.19,
        "width_1": 26.863,
        "height_1": 9
      }
    },
    {
      "type": "Feature",
      "id": "LS_MIZORAM_2023.279",
      "geometry": {
        "type": "MultiPolygon",
        "coordinates": [
          [
            [
              [
                92.65128322,
                23.22656794
              ],
              [
                92.65128322,
                23.22696704
              ],
              [
                92.65159724,
                23.22696704
              ],
              [
                92.65159724,
                23.22656794
              ],
              [
                92.65128322,
                23.22656794
              ]
            ]
          ]
        ]
      },
      "geometry_name": "the_geom",
      "properties": {
        "Slide_no": "MZ/LU/84A12/2023/7",
        "State": "Mizoram",
        "District": "Lunglei",
        "Toposheet": "84A12",
        "Latitude": 23.2267,
        "Longitude": 92.6514,
        "Length_m": "27.60",
        "Width_m": "18.881",
        "Height_m": "4",
        "Area_sqm": 846.927,
        "Activity": "Active",
        "GEOMORPHOL": "Antiformal Hill",
        "LITHOLOGIC": "GREY SANDY SPLINTERY SHALE, SILTSTONE AND MUDSTONE",
        "LULC": "Forest Land Closed Forest Deciduous",
        "Triggering": "Rainfall",
        "Year": "2023",
        "Source": "Resourcesat-2 LISS IV, 10m MaptilerDEM, SISDP-LULC 10k (2018-19), India-WRIS, GSI-Geom, GSI-Litho",
        "Basin": "Minor Rivers Draining into Bangladesh",
        "Sub_basin": "Karnaphuli & Others",
        "length_1": 27.6,
        "width_1": 18.881,
        "height_1": 4
      }
    },
    {
      "type": "Feature",
      "id": "LS_MIZORAM_2023.280",
      "geometry": {
        "type": "MultiPolygon",
        "coordinates": [
          [
            [
              [
                92.51516621,
                23.15679059
              ],
              [
                92.51516621,
                23.15756687
              ],
              [
                92.51624696,
                23.15756687
              ],
              [
                92.51624696,
                23.15679059
              ],
              [
                92.51516621,
                23.15679059
              ]
            ]
          ]
        ]
      },
      "geometry_name": "the_geom",
      "properties": {
        "Slide_no": "MZ/LU/84A12/2023/8",
        "State": "Mizoram",
        "District": "Lunglei",
        "Toposheet": "84A12",
        "Latitude": 23.1572,
        "Longitude": 92.5156,
        "Length_m": "117.060",
        "Width_m": "28.658",
        "Height_m": "5",
        "Area_sqm": 2559.63,
        "Activity": "Active",
        "GEOMORPHOL": "Antiformal Hill",
        "LITHOLOGIC": "SHALE-SILTSTONE SEQUENCE WITH SANDSTONE",
        "LULC": "Forest Land Open Forest Semi-Evergreen",
        "Triggering": "Rainfall",
        "Year": "2023",
        "Source": "Resourcesat-2 LISS IV, 10m MaptilerDEM, SISDP-LULC 10k (2018-19), India-WRIS, GSI-Geom, GSI-Litho",
        "Basin": "Minor Rivers Draining into Bangladesh",
        "Sub_basin": "Karnaphuli & Others",
        "length_1": 117.06,
        "width_1": 28.658,
        "height_1": 5
      }
    },
    {
      "type": "Feature",
      "id": "LS_MIZORAM_2023.284",
      "geometry": {
        "type": "MultiPolygon",
        "coordinates": [
          [
            [
              [
                92.70173732,
                23.22597053
              ],
              [
                92.70173732,
                23.22642429
              ],
              [
                92.70206159,
                23.22642429
              ],
              [
                92.70206159,
                23.22597053
              ],
              [
                92.70173732,
                23.22597053
              ]
            ]
          ]
        ]
      },
      "geometry_name": "the_geom",
      "properties": {
        "Slide_no": "MZ/SE/84A12/2023/12",
        "State": "Mizoram",
        "District": "Serchhip",
        "Toposheet": "84A12",
        "Latitude": 23.2262,
        "Longitude": 92.7019,
        "Length_m": "59.755",
        "Width_m": "23.073",
        "Height_m": "3",
        "Area_sqm": 1026.44,
        "Activity": "Active",
        "GEOMORPHOL": "StrOri - Highly Dissected Hills and Valleys",
        "LITHOLOGIC": "SST WITH SUBORDINATE SILTSTONE,MUDSTONE, SHALE",
        "LULC": "Forest Land Closed Forest Deciduous",
        "Triggering": "Rainfall",
        "Year": "2023",
        "Source": "Resourcesat-2 LISS IV, 10m MaptilerDEM, SISDP-LULC 10k (2018-19), India-WRIS, GSI-Geom, GSI-Litho",
        "Basin": "Barak & Others",
        "Sub_basin": "Barak",
        "length_1": 59.755,
        "width_1": 23.073,
        "height_1": 3
      }
    },
    {
      "type": "Feature",
      "id": "LS_MIZORAM_2023.285",
      "geometry": {
        "type": "MultiPolygon",
        "coordinates": [
          [
            [
              [
                92.68162066,
                23.14633495
              ],
              [
                92.68162066,
                23.14679657
              ],
              [
                92.68263431,
                23.14679657
              ],
              [
                92.68263431,
                23.14633495
              ],
              [
                92.68162066,
                23.14633495
              ]
            ]
          ]
        ]
      },
      "geometry_name": "the_geom",
      "properties": {
        "Slide_no": "MZ/LU/84A12/2023/13",
        "State": "Mizoram",
        "District": "Lunglei",
        "Toposheet": "84A12",
        "Latitude": 23.1466,
        "Longitude": 92.6821,
        "Length_m": "103.255",
        "Width_m": "50.73",
        "Height_m": "5",
        "Area_sqm": 3646.62,
        "Activity": "Active",
        "GEOMORPHOL": "Ridge",
        "LITHOLOGIC": "GREY SANDY SPLINTERY SHALE, SILTSTONE AND MUDSTONE",
        "LULC": "Forest Land Open Forest Semi-Evergreen",
        "Triggering": "Rainfall",
        "Year": "2023",
        "Source": "Resourcesat-2 LISS IV, 10m MaptilerDEM, SISDP-LULC 10k (2018-19), India-WRIS, GSI-Geom, GSI-Litho",
        "Basin": "Minor Rivers Draining into Bangladesh",
        "Sub_basin": "Karnaphuli & Others",
        "length_1": 103.255,
        "width_1": 50.73,
        "height_1": 5
      }
    },
    {
      "type": "Feature",
      "id": "LS_MIZORAM_2023.286",
      "geometry": {
        "type": "MultiPolygon",
        "coordinates": [
          [
            [
              [
                92.73624581,
                23.18149304
              ],
              [
                92.73624581,
                23.18164175
              ],
              [
                92.73637668,
                23.18164175
              ],
              [
                92.73637668,
                23.18149304
              ],
              [
                92.73624581,
                23.18149304
              ]
            ]
          ]
        ]
      },
      "geometry_name": "the_geom",
      "properties": {
        "Slide_no": "MZ/LU/84A12/2023/14",
        "State": "Mizoram",
        "District": "Lunglei",
        "Toposheet": "84A12",
        "Latitude": 23.1816,
        "Longitude": 92.7363,
        "Length_m": "14.984",
        "Width_m": "13.147",
        "Height_m": "2",
        "Area_sqm": 157.763,
        "Activity": "Active",
        "GEOMORPHOL": "StrOri - Moderately Dissected Hills and Valleys",
        "LITHOLOGIC": "GREY SANDY SPLINTERY SHALE, SILTSTONE AND MUDSTONE",
        "LULC": "Built Up Rural Village Settlement",
        "Triggering": "Rainfall",
        "Year": "2023",
        "Source": "Resourcesat-2 LISS IV, 10m MaptilerDEM, SISDP-LULC 10k (2018-19), India-WRIS, GSI-Geom, GSI-Litho",
        "Basin": "Minor Rivers Draining into Myanmar",
        "Sub_basin": "Mangpui Lui & Others",
        "length_1": 14.984,
        "width_1": 13.147,
        "height_1": 2
      }
    },
    {
      "type": "Feature",
      "id": "LS_MIZORAM_2023.287",
      "geometry": {
        "type": "MultiPolygon",
        "coordinates": [
          [
            [
              [
                92.82379232,
                23.40090674
              ],
              [
                92.82379232,
                23.40162999
              ],
              [
                92.82454793,
                23.40162999
              ],
              [
                92.82454793,
                23.40090674
              ],
              [
                92.82379232,
                23.40090674
              ]
            ]
          ]
        ]
      },
      "geometry_name": "the_geom",
      "properties": {
        "Slide_no": "MZ/AZ/84A15/2023/1",
        "State": "Mizoram",
        "District": "Aizawl",
        "Toposheet": "84A15",
        "Latitude": 23.4015,
        "Longitude": 92.824,
        "Length_m": "37.104",
        "Width_m": "35.719",
        "Height_m": "6",
        "Area_sqm": 3485.34,
        "Activity": "Active",
        "GEOMORPHOL": "StrOri - Highly Dissected Hills and Valleys",
        "LITHOLOGIC": "SANDSTONE, SHALE WITH FOSSILIFEROUS LIMESTONE",
        "LULC": "Forest Land Closed Forest Deciduous",
        "Triggering": "Rainfall",
        "Year": "2023",
        "Source": "Resourcesat-2 LISS IV, 10m MaptilerDEM, SISDP-LULC 10k (2018-19), India-WRIS, GSI-Geom, GSI-Litho",
        "Basin": "Minor Rivers Draining into Myanmar",
        "Sub_basin": "Mangpui Lui & Others",
        "length_1": 37.104,
        "width_1": 35.719,
        "height_1": 6
      }
    },
    {
      "type": "Feature",
      "id": "LS_MIZORAM_2023.288",
      "geometry": {
        "type": "MultiPolygon",
        "coordinates": [
          [
            [
              [
                92.92268205,
                23.35050075
              ],
              [
                92.92268205,
                23.3508402
              ],
              [
                92.92332385,
                23.3508402
              ],
              [
                92.92332385,
                23.35050075
              ],
              [
                92.92268205,
                23.35050075
              ]
            ]
          ]
        ]
      },
      "geometry_name": "the_geom",
      "properties": {
        "Slide_no": "MZ/SE/84A15/2023/2",
        "State": "Mizoram",
        "District": "Serchhip",
        "Toposheet": "84A15",
        "Latitude": 23.3507,
        "Longitude": 92.9232,
        "Length_m": "57.174",
        "Width_m": "25.09",
        "Height_m": "24",
        "Area_sqm": 1330.33,
        "Activity": "Active",
        "GEOMORPHOL": "Ridge",
        "LITHOLOGIC": "GREY SANDY SPLINTERY SHALE, SILTSTONE AND MUDSTONE",
        "LULC": "Others - Shifting Cultivation Area",
        "Triggering": "Rainfall",
        "Year": "2023",
        "Source": "Resourcesat-2 LISS IV, 10m MaptilerDEM, SISDP-LULC 10k (2018-19), India-WRIS, GSI-Geom, GSI-Litho",
        "Basin": "Minor Rivers Draining into Myanmar",
        "Sub_basin": "Mangpui Lui & Others",
        "length_1": 57.174,
        "width_1": 25.09,
        "height_1": 24
      }
    },
    {
      "type": "Feature",
      "id": "LS_MIZORAM_2023.289",
      "geometry": {
        "type": "MultiPolygon",
        "coordinates": [
          [
            [
              [
                92.88894097,
                23.34928761
              ],
              [
                92.88894097,
                23.349573
              ],
              [
                92.88915928,
                23.349573
              ],
              [
                92.88915928,
                23.34928761
              ],
              [
                92.88894097,
                23.34928761
              ]
            ]
          ]
        ]
      },
      "geometry_name": "the_geom",
      "properties": {
        "Slide_no": "MZ/SE/84A15/2023/3",
        "State": "Mizoram",
        "District": "Serchhip",
        "Toposheet": "84A15",
        "Latitude": 23.3495,
        "Longitude": 92.889,
        "Length_m": "31.524",
        "Width_m": "18.307",
        "Height_m": "3",
        "Area_sqm": 496.294,
        "Activity": "Active",
        "GEOMORPHOL": "StrOri - Moderately Dissected Hills and Valleys",
        "LITHOLOGIC": "SANDSTONE WITH INTERCALATION OF SILTSTONE & SHALE",
        "LULC": "Forest Land Open Forest Semi-Evergreen",
        "Triggering": "Rainfall",
        "Year": "2023",
        "Source": "Resourcesat-2 LISS IV, 10m MaptilerDEM, SISDP-LULC 10k (2018-19), India-WRIS, GSI-Geom, GSI-Litho",
        "Basin": "Minor Rivers Draining into Myanmar",
        "Sub_basin": "Mangpui Lui & Others",
        "length_1": 31.524,
        "width_1": 18.307,
        "height_1": 3
      }
    },
    {
      "type": "Feature",
      "id": "LS_MIZORAM_2023.290",
      "geometry": {
        "type": "MultiPolygon",
        "coordinates": [
          [
            [
              [
                92.87625109,
                23.30091108
              ],
              [
                92.87625109,
                23.30129339
              ],
              [
                92.87661381,
                23.30129339
              ],
              [
                92.87661381,
                23.30091108
              ],
              [
                92.87625109,
                23.30091108
              ]
            ]
          ]
        ]
      },
      "geometry_name": "the_geom",
      "properties": {
        "Slide_no": "MZ/SE/84A15/2023/4",
        "State": "Mizoram",
        "District": "Serchhip",
        "Toposheet": "84A15",
        "Latitude": 23.3011,
        "Longitude": 92.8764,
        "Length_m": "49.082",
        "Width_m": "26.448",
        "Height_m": "7",
        "Area_sqm": 899.944,
        "Activity": "Active",
        "GEOMORPHOL": "StrOri - Moderately Dissected Hills and Valleys",
        "LITHOLOGIC": "GREY SANDY SPLINTERY SHALE, SILTSTONE AND MUDSTONE",
        "LULC": "Forest Land Open Forest Semi-Evergreen",
        "Triggering": "Rainfall",
        "Year": "2023",
        "Source": "Resourcesat-2 LISS IV, 10m MaptilerDEM, SISDP-LULC 10k (2018-19), India-WRIS, GSI-Geom, GSI-Litho",
        "Basin": "Minor Rivers Draining into Myanmar",
        "Sub_basin": "Mangpui Lui & Others",
        "length_1": 49.082,
        "width_1": 26.448,
        "height_1": 7
      }
    },
    {
      "type": "Feature",
      "id": "LS_MIZORAM_2023.291",
      "geometry": {
        "type": "MultiPolygon",
        "coordinates": [
          [
            [
              [
                92.81114481,
                23.28983119
              ],
              [
                92.81114481,
                23.29017917
              ],
              [
                92.8118239,
                23.29017917
              ],
              [
                92.8118239,
                23.28983119
              ],
              [
                92.81114481,
                23.28983119
              ]
            ]
          ]
        ]
      },
      "geometry_name": "the_geom",
      "properties": {
        "Slide_no": "MZ/SE/84A15/2023/5",
        "State": "Mizoram",
        "District": "Serchhip",
        "Toposheet": "84A15",
        "Latitude": 23.2899,
        "Longitude": 92.8115,
        "Length_m": "72.810",
        "Width_m": "30.764",
        "Height_m": "12",
        "Area_sqm": 1937.54,
        "Activity": "Active",
        "GEOMORPHOL": "StrOri - Moderately Dissected Hills and Valleys",
        "LITHOLOGIC": "SST WITH SUBORDINATE SILTSTONE,MUDSTONE, SHALE",
        "LULC": "Agriculture Crop Land",
        "Triggering": "Rainfall",
        "Year": "2023",
        "Source": "Resourcesat-2 LISS IV, 10m MaptilerDEM, SISDP-LULC 10k (2018-19), India-WRIS, GSI-Geom, GSI-Litho",
        "Basin": "Minor Rivers Draining into Myanmar",
        "Sub_basin": "Mangpui Lui & Others",
        "length_1": 72.81,
        "width_1": 30.764,
        "height_1": 12
      }
    },
    {
      "type": "Feature",
      "id": "LS_MIZORAM_2023.292",
      "geometry": {
        "type": "MultiPolygon",
        "coordinates": [
          [
            [
              [
                92.85311143,
                23.29095769
              ],
              [
                92.85311143,
                23.29123737
              ],
              [
                92.85337536,
                23.29123737
              ],
              [
                92.85337536,
                23.29095769
              ],
              [
                92.85311143,
                23.29095769
              ]
            ]
          ]
        ]
      },
      "geometry_name": "the_geom",
      "properties": {
        "Slide_no": "MZ/SE/84A15/2023/6",
        "State": "Mizoram",
        "District": "Serchhip",
        "Toposheet": "84A15",
        "Latitude": 23.2911,
        "Longitude": 92.8532,
        "Length_m": "32.314",
        "Width_m": "22.778",
        "Height_m": "8",
        "Area_sqm": 543.489,
        "Activity": "Active",
        "GEOMORPHOL": "StrOri - Moderately Dissected Hills and Valleys",
        "LITHOLOGIC": "GREY SANDY SPLINTERY SHALE, SILTSTONE AND MUDSTONE",
        "LULC": "Forest Land Open Forest Semi-Evergreen",
        "Triggering": "Rainfall",
        "Year": "2023",
        "Source": "Resourcesat-2 LISS IV, 10m MaptilerDEM, SISDP-LULC 10k (2018-19), India-WRIS, GSI-Geom, GSI-Litho",
        "Basin": "Minor Rivers Draining into Myanmar",
        "Sub_basin": "Mangpui Lui & Others",
        "length_1": 32.314,
        "width_1": 22.778,
        "height_1": 8
      }
    },
    {
      "type": "Feature",
      "id": "LS_MIZORAM_2023.293",
      "geometry": {
        "type": "MultiPolygon",
        "coordinates": [
          [
            [
              [
                92.88382218,
                23.4350851
              ],
              [
                92.88382218,
                23.43539625
              ],
              [
                92.88401163,
                23.43539625
              ],
              [
                92.88401163,
                23.4350851
              ],
              [
                92.88382218,
                23.4350851
              ]
            ]
          ]
        ]
      },
      "geometry_name": "the_geom",
      "properties": {
        "Slide_no": "MZ/SE/84A15/2023/7",
        "State": "Mizoram",
        "District": "Serchhip",
        "Toposheet": "84A15",
        "Latitude": 23.4352,
        "Longitude": 92.8839,
        "Length_m": "33.297",
        "Width_m": "15.143",
        "Height_m": "2",
        "Area_sqm": 533.807,
        "Activity": "Active",
        "GEOMORPHOL": "StrOri - Moderately Dissected Hills and Valleys",
        "LITHOLOGIC": "SST WITH SUBORDINATE SILTSTONE,MUDSTONE, SHALE",
        "LULC": "Forest Land Closed Forest Deciduous",
        "Triggering": "Rainfall",
        "Year": "2023",
        "Source": "Resourcesat-2 LISS IV, 10m MaptilerDEM, SISDP-LULC 10k (2018-19), India-WRIS, GSI-Geom, GSI-Litho",
        "Basin": "Minor Rivers Draining into Myanmar",
        "Sub_basin": "Mangpui Lui & Others",
        "length_1": 33.297,
        "width_1": 15.143,
        "height_1": 2
      }
    },
    {
      "type": "Feature",
      "id": "LS_MIZORAM_2023.294",
      "geometry": {
        "type": "MultiPolygon",
        "coordinates": [
          [
            [
              [
                92.82889772,
                23.38495238
              ],
              [
                92.82889772,
                23.38539376
              ],
              [
                92.82943615,
                23.38539376
              ],
              [
                92.82943615,
                23.38495238
              ],
              [
                92.82889772,
                23.38495238
              ]
            ]
          ]
        ]
      },
      "geometry_name": "the_geom",
      "properties": {
        "Slide_no": "MZ/SE/84A15/2023/8",
        "State": "Mizoram",
        "District": "Serchhip",
        "Toposheet": "84A15",
        "Latitude": 23.3851,
        "Longitude": 92.8292,
        "Length_m": "68.310",
        "Width_m": "48.754",
        "Height_m": "13",
        "Area_sqm": 1592.64,
        "Activity": "Active",
        "GEOMORPHOL": "StrOri - Highly Dissected Hills and Valleys",
        "LITHOLOGIC": "GREY SANDY SPLINTERY SHALE, SILTSTONE AND MUDSTONE",
        "LULC": "Forest Land Open Forest Semi-Evergreen",
        "Triggering": "Rainfall",
        "Year": "2023",
        "Source": "Resourcesat-2 LISS IV, 10m MaptilerDEM, SISDP-LULC 10k (2018-19), India-WRIS, GSI-Geom, GSI-Litho",
        "Basin": "Minor Rivers Draining into Myanmar",
        "Sub_basin": "Mangpui Lui & Others",
        "length_1": 68.31,
        "width_1": 48.754,
        "height_1": 13
      }
    },
    {
      "type": "Feature",
      "id": "LS_MIZORAM_2023.295",
      "geometry": {
        "type": "MultiPolygon",
        "coordinates": [
          [
            [
              [
                92.87439773,
                23.44367136
              ],
              [
                92.87439773,
                23.44439962
              ],
              [
                92.87508987,
                23.44439962
              ],
              [
                92.87508987,
                23.44367136
              ],
              [
                92.87439773,
                23.44367136
              ]
            ]
          ]
        ]
      },
      "geometry_name": "the_geom",
      "properties": {
        "Slide_no": "MZ/SE/84A15/2023/9",
        "State": "Mizoram",
        "District": "Serchhip",
        "Toposheet": "84A15",
        "Latitude": 23.444,
        "Longitude": 92.8747,
        "Length_m": "33.556",
        "Width_m": "19.004",
        "Height_m": "4",
        "Area_sqm": 2443.01,
        "Activity": "Active",
        "GEOMORPHOL": "StrOri - Highly Dissected Hills and Valleys",
        "LITHOLOGIC": "GREY SANDY SPLINTERY SHALE, SILTSTONE AND MUDSTONE",
        "LULC": "Forest Land Open Forest Semi-Evergreen",
        "Triggering": "Rainfall",
        "Year": "2023",
        "Source": "Resourcesat-2 LISS IV, 10m MaptilerDEM, SISDP-LULC 10k (2018-19), India-WRIS, GSI-Geom, GSI-Litho",
        "Basin": "Minor Rivers Draining into Myanmar",
        "Sub_basin": "Mangpui Lui & Others",
        "length_1": 33.556,
        "width_1": 19.004,
        "height_1": 4
      }
    },
    {
      "type": "Feature",
      "id": "LS_MIZORAM_2023.296",
      "geometry": {
        "type": "MultiPolygon",
        "coordinates": [
          [
            [
              [
                92.87597335,
                23.44810479
              ],
              [
                92.87597335,
                23.4483319
              ],
              [
                92.87618092,
                23.4483319
              ],
              [
                92.87618092,
                23.44810479
              ],
              [
                92.87597335,
                23.44810479
              ]
            ]
          ]
        ]
      },
      "geometry_name": "the_geom",
      "properties": {
        "Slide_no": "MZ/SE/84A15/2023/10",
        "State": "Mizoram",
        "District": "Serchhip",
        "Toposheet": "84A15",
        "Latitude": 23.4483,
        "Longitude": 92.8761,
        "Length_m": "33.724",
        "Width_m": "21.89",
        "Height_m": "3",
        "Area_sqm": 378.219,
        "Activity": "Active",
        "GEOMORPHOL": "StrOri - Highly Dissected Hills and Valleys",
        "LITHOLOGIC": "GREY SANDY SPLINTERY SHALE, SILTSTONE AND MUDSTONE",
        "LULC": "Others - Shifting Cultivation Area",
        "Triggering": "Rainfall",
        "Year": "2023",
        "Source": "Resourcesat-2 LISS IV, 10m MaptilerDEM, SISDP-LULC 10k (2018-19), India-WRIS, GSI-Geom, GSI-Litho",
        "Basin": "Minor Rivers Draining into Myanmar",
        "Sub_basin": "Mangpui Lui & Others",
        "length_1": 33.724,
        "width_1": 21.89,
        "height_1": 3
      }
    },
    {
      "type": "Feature",
      "id": "LS_MIZORAM_2023.297",
      "geometry": {
        "type": "MultiPolygon",
        "coordinates": [
          [
            [
              [
                92.97793176,
                23.35184636
              ],
              [
                92.97793176,
                23.35252043
              ],
              [
                92.9786927,
                23.35252043
              ],
              [
                92.9786927,
                23.35184636
              ],
              [
                92.97793176,
                23.35184636
              ]
            ]
          ]
        ]
      },
      "geometry_name": "the_geom",
      "properties": {
        "Slide_no": "MZ/SE/84A15/2023/11",
        "State": "Mizoram",
        "District": "Serchhip",
        "Toposheet": "84A15",
        "Latitude": 23.3522,
        "Longitude": 92.9783,
        "Length_m": "102.219",
        "Width_m": "38.037",
        "Height_m": "7",
        "Area_sqm": 3082.16,
        "Activity": "Active",
        "GEOMORPHOL": "StrOri - Highly Dissected Hills and Valleys",
        "LITHOLOGIC": "SST WITH SUBORDINATE SILTSTONE,MUDSTONE, SHALE",
        "LULC": "Forest Land Closed Forest Semi-Evergreen",
        "Triggering": "Rainfall",
        "Year": "2023",
        "Source": "Resourcesat-2 LISS IV, 10m MaptilerDEM, SISDP-LULC 10k (2018-19), India-WRIS, GSI-Geom, GSI-Litho",
        "Basin": "Minor Rivers Draining into Myanmar",
        "Sub_basin": "Mangpui Lui & Others",
        "length_1": 102.219,
        "width_1": 38.037,
        "height_1": 7
      }
    },
    {
      "type": "Feature",
      "id": "LS_MIZORAM_2023.298",
      "geometry": {
        "type": "MultiPolygon",
        "coordinates": [
          [
            [
              [
                92.92228542,
                23.29102335
              ],
              [
                92.92228542,
                23.2919607
              ],
              [
                92.92310298,
                23.2919607
              ],
              [
                92.92310298,
                23.29102335
              ],
              [
                92.92228542,
                23.29102335
              ]
            ]
          ]
        ]
      },
      "geometry_name": "the_geom",
      "properties": {
        "Slide_no": "MZ/SE/84A15/2023/12",
        "State": "Mizoram",
        "District": "Serchhip",
        "Toposheet": "84A15",
        "Latitude": 23.2916,
        "Longitude": 92.9225,
        "Length_m": "16.349",
        "Width_m": "14.291",
        "Height_m": "5",
        "Area_sqm": 6036.97,
        "Activity": "Active",
        "GEOMORPHOL": "Ridge",
        "LITHOLOGIC": "GREY SANDY SPLINTERY SHALE, SILTSTONE AND MUDSTONE",
        "LULC": "Forest Land Open Forest Semi-Evergreen",
        "Triggering": "Rainfall",
        "Year": "2023",
        "Source": "Resourcesat-2 LISS IV, 10m MaptilerDEM, SISDP-LULC 10k (2018-19), India-WRIS, GSI-Geom, GSI-Litho",
        "Basin": "Minor Rivers Draining into Myanmar",
        "Sub_basin": "Mangpui Lui & Others",
        "length_1": 16.349,
        "width_1": 14.291,
        "height_1": 5
      }
    },
    {
      "type": "Feature",
      "id": "LS_MIZORAM_2023.299",
      "geometry": {
        "type": "MultiPolygon",
        "coordinates": [
          [
            [
              [
                92.77935055,
                23.31351458
              ],
              [
                92.77935055,
                23.31390347
              ],
              [
                92.77993274,
                23.31390347
              ],
              [
                92.77993274,
                23.31351458
              ],
              [
                92.77935055,
                23.31351458
              ]
            ]
          ]
        ]
      },
      "geometry_name": "the_geom",
      "properties": {
        "Slide_no": "MZ/SE/84A15/2023/13",
        "State": "Mizoram",
        "District": "Serchhip",
        "Toposheet": "84A15",
        "Latitude": 23.3137,
        "Longitude": 92.7797,
        "Length_m": "92.587",
        "Width_m": "35.436",
        "Height_m": "8",
        "Area_sqm": 1380.69,
        "Activity": "Active",
        "GEOMORPHOL": "StrOri - Highly Dissected Hills and Valleys",
        "LITHOLOGIC": "GREY SANDY SPLINTERY SHALE, SILTSTONE AND MUDSTONE",
        "LULC": "Forest Land Open Forest Semi-Evergreen",
        "Triggering": "Rainfall",
        "Year": "2023",
        "Source": "Resourcesat-2 LISS IV, 10m MaptilerDEM, SISDP-LULC 10k (2018-19), India-WRIS, GSI-Geom, GSI-Litho",
        "Basin": "Barak & Others",
        "Sub_basin": "Barak",
        "length_1": 92.587,
        "width_1": 35.436,
        "height_1": 8
      }
    },
    {
      "type": "Feature",
      "id": "LS_MIZORAM_2023.300",
      "geometry": {
        "type": "MultiPolygon",
        "coordinates": [
          [
            [
              [
                92.98254146,
                23.40981264
              ],
              [
                92.98254146,
                23.41019969
              ],
              [
                92.98291727,
                23.41019969
              ],
              [
                92.98291727,
                23.40981264
              ],
              [
                92.98254146,
                23.40981264
              ]
            ]
          ]
        ]
      },
      "geometry_name": "the_geom",
      "properties": {
        "Slide_no": "MZ/SE/84A15/2023/14",
        "State": "Mizoram",
        "District": "Serchhip",
        "Toposheet": "84A15",
        "Latitude": 23.41,
        "Longitude": 92.9827,
        "Length_m": "31.446",
        "Width_m": "25.286",
        "Height_m": "7",
        "Area_sqm": 815.947,
        "Activity": "Active",
        "GEOMORPHOL": "StrOri - Highly Dissected Hills and Valleys",
        "LITHOLOGIC": "GREY SANDY SPLINTERY SHALE, SILTSTONE AND MUDSTONE",
        "LULC": "Built Up Transportation Transport Network",
        "Triggering": "Rainfall",
        "Year": "2023",
        "Source": "Resourcesat-2 LISS IV, 10m MaptilerDEM, SISDP-LULC 10k (2018-19), India-WRIS, GSI-Geom, GSI-Litho",
        "Basin": "Minor Rivers Draining into Myanmar",
        "Sub_basin": "Mangpui Lui & Others",
        "length_1": 31.446,
        "width_1": 25.286,
        "height_1": 7
      }
    },
    {
      "type": "Feature",
      "id": "LS_MIZORAM_2023.301",
      "geometry": {
        "type": "MultiPolygon",
        "coordinates": [
          [
            [
              [
                92.89834487,
                23.44263204
              ],
              [
                92.89834487,
                23.44335225
              ],
              [
                92.89906999,
                23.44335225
              ],
              [
                92.89906999,
                23.44263204
              ],
              [
                92.89834487,
                23.44263204
              ]
            ]
          ]
        ]
      },
      "geometry_name": "the_geom",
      "properties": {
        "Slide_no": "MZ/SE/84A15/2023/15",
        "State": "Mizoram",
        "District": "Serchhip",
        "Toposheet": "84A15",
        "Latitude": 23.4434,
        "Longitude": 92.8987,
        "Length_m": "50.327",
        "Width_m": "28.207",
        "Height_m": "17",
        "Area_sqm": 4429.28,
        "Activity": "Reactivated",
        "GEOMORPHOL": "StrOri - Moderately Dissected Hills and Valleys",
        "LITHOLOGIC": "SST WITH SUBORDINATE SILTSTONE,MUDSTONE, SHALE",
        "LULC": "Others - Shifting Cultivation Area",
        "Triggering": "Rainfall",
        "Year": "2023",
        "Source": "Resourcesat-2 LISS IV, 10m MaptilerDEM, SISDP-LULC 10k (2018-19), India-WRIS, GSI-Geom, GSI-Litho",
        "Basin": "Minor Rivers Draining into Myanmar",
        "Sub_basin": "Mangpui Lui & Others",
        "length_1": 50.327,
        "width_1": 28.207,
        "height_1": 17
      }
    },
    {
      "type": "Feature",
      "id": "LS_MIZORAM_2023.302",
      "geometry": {
        "type": "MultiPolygon",
        "coordinates": [
          [
            [
              [
                92.86692494,
                23.30890189
              ],
              [
                92.86692494,
                23.30913746
              ],
              [
                92.86729257,
                23.30913746
              ],
              [
                92.86729257,
                23.30890189
              ],
              [
                92.86692494,
                23.30890189
              ]
            ]
          ]
        ]
      },
      "geometry_name": "the_geom",
      "properties": {
        "Slide_no": "MZ/SE/84A15/2023/16",
        "State": "Mizoram",
        "District": "Serchhip",
        "Toposheet": "84A15",
        "Latitude": 23.309,
        "Longitude": 92.8671,
        "Length_m": "38.189",
        "Width_m": "25.249",
        "Height_m": "12",
        "Area_sqm": 718.604,
        "Activity": "Active",
        "GEOMORPHOL": "StrOri - Highly Dissected Hills and Valleys",
        "LITHOLOGIC": "GREY SANDY SPLINTERY SHALE, SILTSTONE AND MUDSTONE",
        "LULC": "Wasteland Dense Scrub Land",
        "Triggering": "Rainfall",
        "Year": "2023",
        "Source": "Resourcesat-2 LISS IV, 10m MaptilerDEM, SISDP-LULC 10k (2018-19), India-WRIS, GSI-Geom, GSI-Litho",
        "Basin": "Minor Rivers Draining into Myanmar",
        "Sub_basin": "Mangpui Lui & Others",
        "length_1": 38.189,
        "width_1": 25.249,
        "height_1": 12
      }
    },
    {
      "type": "Feature",
      "id": "LS_MIZORAM_2023.303",
      "geometry": {
        "type": "MultiPolygon",
        "coordinates": [
          [
            [
              [
                92.82649052,
                23.22424794
              ],
              [
                92.82649052,
                23.2244047
              ],
              [
                92.82677189,
                23.2244047
              ],
              [
                92.82677189,
                23.22424794
              ],
              [
                92.82649052,
                23.22424794
              ]
            ]
          ]
        ]
      },
      "geometry_name": "the_geom",
      "properties": {
        "Slide_no": "MZ/SE/84A16/2023/1",
        "State": "Mizoram",
        "District": "Serchhip",
        "Toposheet": "84A16",
        "Latitude": 23.2243,
        "Longitude": 92.8266,
        "Length_m": "28.793",
        "Width_m": "17.269",
        "Height_m": "7",
        "Area_sqm": 386,
        "Activity": "Active",
        "GEOMORPHOL": "StrOri - Moderately Dissected Hills and Valleys",
        "LITHOLOGIC": "SST WITH SUBORDINATE SILTSTONE,MUDSTONE, SHALE",
        "LULC": "Forest Land Open Forest Semi-Evergreen",
        "Triggering": "Rainfall",
        "Year": "2023",
        "Source": "Resourcesat-2 LISS IV, 10m MaptilerDEM, SISDP-LULC 10k (2018-19), India-WRIS, GSI-Geom, GSI-Litho",
        "Basin": "Minor Rivers Draining into Myanmar",
        "Sub_basin": "Mangpui Lui & Others",
        "length_1": 28.793,
        "width_1": 17.269,
        "height_1": 7
      }
    },
    {
      "type": "Feature",
      "id": "LS_MIZORAM_2023.420",
      "geometry": {
        "type": "MultiPolygon",
        "coordinates": [
          [
            [
              [
                92.36132759,
                23.68352154
              ],
              [
                92.36132759,
                23.68399923
              ],
              [
                92.36159266,
                23.68399923
              ],
              [
                92.36159266,
                23.68352154
              ],
              [
                92.36132759,
                23.68352154
              ]
            ]
          ]
        ]
      },
      "geometry_name": "the_geom",
      "properties": {
        "Slide_no": "MZ/MA/84A06/2023/1",
        "State": "Mizoram",
        "District": "Mamit",
        "Toposheet": "84A06",
        "Latitude": 23.6837,
        "Longitude": 92.3615,
        "Length_m": "101.026",
        "Width_m": "26.883",
        "Height_m": "8.56",
        "Area_sqm": 1010.03,
        "Activity": "Active",
        "GEOMORPHOL": "StrOri - Moderately Dissected Hills and Valleys",
        "LITHOLOGIC": "SST WITH SUBORDINATE SILTSTONE,MUDSTONE, SHALE",
        "LULC": "Forest Land Closed Forest Semi-Evergreen",
        "Triggering": "Rainfall",
        "Year": "2023",
        "Source": "Resourcesat-2 LISS IV, 10m MapTilerDEM, SISDP-LULC10K (2018-19), India-WRIS, GSI-Geom, GSI-Litho",
        "Basin": "Barak & Others",
        "Sub_basin": "Barak",
        "length_1": 101.026,
        "width_1": 26.883,
        "height_1": 8.56
      }
    },
    {
      "type": "Feature",
      "id": "LS_MIZORAM_2023.421",
      "geometry": {
        "type": "MultiPolygon",
        "coordinates": [
          [
            [
              [
                92.40437792,
                23.52640399
              ],
              [
                92.40437792,
                23.52691619
              ],
              [
                92.4048435,
                23.52691619
              ],
              [
                92.4048435,
                23.52640399
              ],
              [
                92.40437792,
                23.52640399
              ]
            ]
          ]
        ]
      },
      "geometry_name": "the_geom",
      "properties": {
        "Slide_no": "MZ/MA/84A06/2023/2",
        "State": "Mizoram",
        "District": "Mamit",
        "Toposheet": "84A06",
        "Latitude": 23.5267,
        "Longitude": 92.4046,
        "Length_m": "16.324",
        "Width_m": "29.038",
        "Height_m": "9.91",
        "Area_sqm": 1632.65,
        "Activity": "Active",
        "GEOMORPHOL": "StrOri - Moderately Dissected Hills and Valleys",
        "LITHOLOGIC": "GREY SANDY SPLINTERY SHALE, SILTSTONE AND MUDSTONE",
        "LULC": "Forest Land Closed Forest Semi-Evergreen",
        "Triggering": "Rainfall",
        "Year": "2023",
        "Source": "Resourcesat-2 LISS IV, 10m MapTilerDEM, SISDP-LULC10K (2018-19), India-WRIS, GSI-Geom, GSI-Litho",
        "Basin": "Barak & Others",
        "Sub_basin": "Barak",
        "length_1": 16.324,
        "width_1": 29.038,
        "height_1": 9.91
      }
    },
    {
      "type": "Feature",
      "id": "LS_MIZORAM_2023.422",
      "geometry": {
        "type": "MultiPolygon",
        "coordinates": [
          [
            [
              [
                92.87364074,
                23.44942027
              ],
              [
                92.87364074,
                23.44987122
              ],
              [
                92.87417986,
                23.44987122
              ],
              [
                92.87417986,
                23.44942027
              ],
              [
                92.87364074,
                23.44942027
              ]
            ]
          ]
        ]
      },
      "geometry_name": "the_geom",
      "properties": {
        "Slide_no": "MZ/SE/84A15/2023/17",
        "State": "Mizoram",
        "District": "Serchhip",
        "Toposheet": "84A15",
        "Latitude": 23.4496,
        "Longitude": 92.8739,
        "Length_m": "119.776",
        "Width_m": "28.0273",
        "Height_m": "10",
        "Area_sqm": 1196.78,
        "Activity": "Active",
        "GEOMORPHOL": "StrOri - Highly Dissected Hills and Valleys",
        "LITHOLOGIC": "GREY SANDY SPLINTERY SHALE, SILTSTONE AND MUDSTONE",
        "LULC": "Forest Land Closed Forest Deciduous",
        "Triggering": "Rainfall",
        "Year": "2023",
        "Source": "Resourcesat-2 LISS IV, 10m MapTilerDEM, SISDP-LULC10K (2018-19), India-WRIS, GSI-Geom, GSI-Litho",
        "Basin": "Minor Rivers Draining into Myanmar",
        "Sub_basin": "Mangpui Lui & Others",
        "length_1": 119.776,
        "width_1": 28.0273,
        "height_1": 10
      }
    },
    {
      "type": "Feature",
      "id": "LS_MIZORAM_2023.435",
      "geometry": {
        "type": "MultiPolygon",
        "coordinates": [
          [
            [
              [
                93.36873502,
                23.23528708
              ],
              [
                93.36873502,
                23.23642166
              ],
              [
                93.36937046,
                23.23642166
              ],
              [
                93.36937046,
                23.23528708
              ],
              [
                93.36873502,
                23.23528708
              ]
            ]
          ]
        ]
      },
      "geometry_name": "the_geom",
      "properties": {
        "Slide_no": "MZ/CH/84E08/2023/7",
        "State": "Mizoram",
        "District": "Champhai",
        "Toposheet": "84E08",
        "Latitude": 23.2359,
        "Longitude": 93.3691,
        "Length_m": "64.125",
        "Width_m": "18.879",
        "Height_m": "34",
        "Area_sqm": 2262.1,
        "Activity": "Active",
        "GEOMORPHOL": "StrOri - Moderately Dissected Hills and Valleys",
        "LITHOLOGIC": "OLIVE GREEN SPLINTERY SHALE WITH MINOR SANDSTONE *",
        "LULC": "Wasteland Barren Rocky",
        "Triggering": "Rainfall",
        "Year": "2023",
        "Source": "Resourcesat-2 LISS IV, 10m MapTilerDEM, SISDP-LULC10K(2018-19), India-WRIS, GSI-Geom, GSI-Litho",
        "Basin": "Minor Rivers Draining into Myanmar",
        "Sub_basin": "Mangpui Lui & Others",
        "length_1": 64.125,
        "width_1": 18.879,
        "height_1": 34
      }
    }
  ],
  "totalFeatures": "unknown",
  "numberReturned": 295,
  "timeStamp": "2026-09-09T15:39:12.179Z",
  "crs": {
    "type": "name",
    "properties": {
      "name": "urn:ogc:def:crs:EPSG::4326"
    }
  }
}