{
  "type": "FeatureCollection",
  "features": [
    {
      "type": "Feature",
      "id": "LS_MEGHALAYA_2023.16",
      "geometry": {
        "type": "MultiPolygon",
        "coordinates": [
          [
            [
              [
                91.49768783,
                25.52545797
              ],
              [
                91.49768783,
                25.52562445
              ],
              [
                91.49800554,
                25.52562445
              ],
              [
                91.49800554,
                25.52545797
              ],
              [
                91.49768783,
                25.52545797
              ]
            ]
          ]
        ]
      },
      "geometry_name": "the_geom",
      "properties": {
        "Slide_No": "ML/WK/78O06/ 2023/1",
        "State": "Meghalaya",
        "District": "West Khasi Hills",
        "Toposheet": "78O06",
        "Latitude": 25.5255,
        "Longitude": 91.4978,
        "Length": "31.95",
        "Width": "18.515",
        "Height": "7",
        "Area": "459.87194484577",
        "Activity": "Reactivated",
        "Geomorphol": "Highly Dissected Structural Upper Plateau",
        "Lithology": "Unclassified gneiss",
        "LULC": "Built Up - Rural Village Settlement",
        "Triggering": "Rainfall",
        "Year": "2023",
        "BA_NAME": "Barak and others Basin",
        "SUB_BASIN": "Kynchiang and other south flowing rivers",
        "Source": "RESOURCESAT-2 LISSIV, 10m Cartosat DEM, GSI 25K, LULC phase-II 10K (2018-2023) & India-WRIS"
      }
    },
    {
      "type": "Feature",
      "id": "LS_MEGHALAYA_2023.17",
      "geometry": {
        "type": "MultiPolygon",
        "coordinates": [
          [
            [
              [
                91.48457558,
                25.24367458
              ],
              [
                91.48457558,
                25.24454088
              ],
              [
                91.48496369,
                25.24454088
              ],
              [
                91.48496369,
                25.24367458
              ],
              [
                91.48457558,
                25.24367458
              ]
            ]
          ]
        ]
      },
      "geometry_name": "the_geom",
      "properties": {
        "Slide_No": "ML/EK/78O08/ 2023/13",
        "State": "Meghalaya",
        "District": "East Khasi Hills",
        "Toposheet": "78O08",
        "Latitude": 25.2441,
        "Longitude": 91.4847,
        "Length": "95.73",
        "Width": "39.414",
        "Height": "53",
        "Area": "1774.08943759046",
        "Activity": "Active",
        "Geomorphol": "Moderately Dissected Structural Hills and Valleys",
        "Lithology": "Gritty sandstone alternating with conglomerate",
        "LULC": "Wasteland - Dense Scrub Land",
        "Triggering": "Rainfall",
        "Year": "2023",
        "BA_NAME": "Barak and others Basin",
        "SUB_BASIN": "Kynchiang and other south flowing rivers",
        "Source": "RESOURCESAT-2 LISSIV, 10m Cartosat DEM, GSI 25K, LULC phase-II 10K (2018-2023) & India-WRIS"
      }
    },
    {
      "type": "Feature",
      "id": "LS_MEGHALAYA_2023.18",
      "geometry": {
        "type": "MultiPolygon",
        "coordinates": [
          [
            [
              [
                91.72569176,
                25.5013967
              ],
              [
                91.72569176,
                25.50201578
              ],
              [
                91.72660123,
                25.50201578
              ],
              [
                91.72660123,
                25.5013967
              ],
              [
                91.72569176,
                25.5013967
              ]
            ]
          ]
        ]
      },
      "geometry_name": "the_geom",
      "properties": {
        "Slide_No": "ML/EK/78O10/ 2023/1",
        "State": "Meghalaya",
        "District": "East Khasi Hills",
        "Toposheet": "78O10",
        "Latitude": 25.5017,
        "Longitude": 91.7262,
        "Length": "91.281",
        "Width": "68.461",
        "Height": "24",
        "Area": "4262.23726220578",
        "Activity": "Reactivated",
        "Geomorphol": "Moderately Dissected Structural Upper Plateau",
        "Lithology": "Quartzite with thin phyllite interbands",
        "LULC": "Evergreen Open Forest",
        "Triggering": "Rainfall",
        "Year": "2023",
        "BA_NAME": "Brahmaputra Basin",
        "SUB_BASIN": "Brahmaputra Lower",
        "Source": "RESOURCESAT-2 LISSIV, 10m Cartosat DEM, GSI 25K, LULC phase-II 10K (2018-2023) & India-WRIS"
      }
    },
    {
      "type": "Feature",
      "id": "LS_MEGHALAYA_2023.19",
      "geometry": {
        "type": "MultiPolygon",
        "coordinates": [
          [
            [
              [
                91.64464853,
                25.69582455
              ],
              [
                91.64464853,
                25.69702816
              ],
              [
                91.64611635,
                25.69702816
              ],
              [
                91.64611635,
                25.69582455
              ],
              [
                91.64464853,
                25.69582455
              ]
            ]
          ]
        ]
      },
      "geometry_name": "the_geom",
      "properties": {
        "Slide_No": "ML/WK/78O10/ 2023/2",
        "State": "Meghalaya",
        "District": "West Khasi Hills",
        "Toposheet": "78O10",
        "Latitude": 25.6965,
        "Longitude": 91.6452,
        "Length": "146.572",
        "Width": "133.403",
        "Height": "84",
        "Area": "8972.24624464572",
        "Activity": "Reactivated",
        "Geomorphol": "Moderately Dissected Structural Upper Plateau",
        "Lithology": "Unclassified gneiss",
        "LULC": "Built Up - Transport Network",
        "Triggering": "Rainfall",
        "Year": "2023",
        "BA_NAME": "Brahmaputra Basin",
        "SUB_BASIN": "Brahmaputra Lower",
        "Source": "RESOURCESAT-2 LISSIV, 10m Cartosat DEM, GSI 25K, LULC phase-II 10K (2018-2023) & India-WRIS"
      }
    },
    {
      "type": "Feature",
      "id": "LS_MEGHALAYA_2023.20",
      "geometry": {
        "type": "MultiPolygon",
        "coordinates": [
          [
            [
              [
                91.59266137,
                25.26436586
              ],
              [
                91.59266137,
                25.26464226
              ],
              [
                91.5929894,
                25.26464226
              ],
              [
                91.5929894,
                25.26436586
              ],
              [
                91.59266137,
                25.26436586
              ]
            ]
          ]
        ]
      },
      "geometry_name": "the_geom",
      "properties": {
        "Slide_No": "ML/EK/78O11/ 2023/1",
        "State": "Meghalaya",
        "District": "East Khasi Hills",
        "Toposheet": "78O11",
        "Latitude": 25.2645,
        "Longitude": 91.5928,
        "Length": "33.02",
        "Width": "30.692",
        "Height": "5",
        "Area": "621.519944023519",
        "Activity": "Active",
        "Geomorphol": "Moderately Dissected Structural Upper Plateau",
        "Lithology": "Sandstone, limestone and calcareous shale",
        "LULC": "Evergreen Closed Forest",
        "Triggering": "Rainfall",
        "Year": "2023",
        "BA_NAME": "Barak and others Basin",
        "SUB_BASIN": "Kynchiang and other south flowing rivers",
        "Source": "RESOURCESAT-2 LISSIV, 10m Cartosat DEM, GSI 25K, LULC phase-II 10K (2018-2023) & India-WRIS"
      }
    },
    {
      "type": "Feature",
      "id": "LS_MEGHALAYA_2023.21",
      "geometry": {
        "type": "MultiPolygon",
        "coordinates": [
          [
            [
              [
                91.67089509,
                25.28814742
              ],
              [
                91.67089509,
                25.28859577
              ],
              [
                91.67164649,
                25.28859577
              ],
              [
                91.67164649,
                25.28814742
              ],
              [
                91.67089509,
                25.28814742
              ]
            ]
          ]
        ]
      },
      "geometry_name": "the_geom",
      "properties": {
        "Slide_No": "ML/EK/78O11/ 2023/2",
        "State": "Meghalaya",
        "District": "East Khasi Hills",
        "Toposheet": "78O11",
        "Latitude": 25.2884,
        "Longitude": 91.6713,
        "Length": "75.977",
        "Width": "49.107",
        "Height": "36",
        "Area": "1698.77997394807",
        "Activity": "Active",
        "Geomorphol": "Moderately Dissected Structural Hills and Valleys",
        "Lithology": "Porphyritic granite",
        "LULC": "Evergreen Closed Forest",
        "Triggering": "Rainfall",
        "Year": "2023",
        "BA_NAME": "Barak and others Basin",
        "SUB_BASIN": "Kynchiang and other south flowing rivers",
        "Source": "RESOURCESAT-2 LISSIV, 10m Cartosat DEM, GSI 25K, LULC phase-II 10K (2018-2023) & India-WRIS"
      }
    },
    {
      "type": "Feature",
      "id": "LS_MEGHALAYA_2023.22",
      "geometry": {
        "type": "MultiPolygon",
        "coordinates": [
          [
            [
              [
                91.51549549,
                25.29273158
              ],
              [
                91.51549549,
                25.29342723
              ],
              [
                91.51589095,
                25.29342723
              ],
              [
                91.51589095,
                25.29273158
              ],
              [
                91.51549549,
                25.29273158
              ]
            ]
          ]
        ]
      },
      "geometry_name": "the_geom",
      "properties": {
        "Slide_No": "ML/SWK/78O11/ 2023/4",
        "State": "Meghalaya",
        "District": "South West Khasi Hills",
        "Toposheet": "78O11",
        "Latitude": 25.2931,
        "Longitude": 91.5157,
        "Length": "77.003",
        "Width": "40.131",
        "Height": "26",
        "Area": "1627.4956040453",
        "Activity": "Active",
        "Geomorphol": "Moderately Dissected Structural Hills and Valleys",
        "Lithology": "Mica(biotite)gneiss",
        "LULC": "Evergreen Open Forest",
        "Triggering": "Rainfall",
        "Year": "2023",
        "BA_NAME": "Barak and others Basin",
        "SUB_BASIN": "Kynchiang and other south flowing rivers",
        "Source": "RESOURCESAT-2 LISSIV, 10m Cartosat DEM, GSI 25K, LULC phase-II 10K (2018-2023) & India-WRIS"
      }
    },
    {
      "type": "Feature",
      "id": "LS_MEGHALAYA_2023.23",
      "geometry": {
        "type": "MultiPolygon",
        "coordinates": [
          [
            [
              [
                91.54824656,
                25.18874729
              ],
              [
                91.54824656,
                25.19033055
              ],
              [
                91.54949946,
                25.19033055
              ],
              [
                91.54949946,
                25.18874729
              ],
              [
                91.54824656,
                25.18874729
              ]
            ]
          ]
        ]
      },
      "geometry_name": "the_geom",
      "properties": {
        "Slide_No": "ML/EK/78O12/ 2023/10",
        "State": "Meghalaya",
        "District": "East Khasi Hills",
        "Toposheet": "78O12",
        "Latitude": 25.1896,
        "Longitude": 91.5488,
        "Length": "174.249",
        "Width": "127.234",
        "Height": "94.9999961853",
        "Area": "11046.2899790227",
        "Activity": "Active",
        "Geomorphol": "Highly Dissected Structural Hills and Valleys",
        "Lithology": "Sandstone, siltstone, shale & phosphatic nodules",
        "LULC": "Evergreen Open Forest",
        "Triggering": "Rainfall",
        "Year": "2023",
        "BA_NAME": "Barak and others Basin",
        "SUB_BASIN": "Kynchiang and other south flowing rivers",
        "Source": "RESOURCESAT-2 LISSIV, 10m Cartosat DEM, GSI 25K, LULC phase-II 10K (2018-2023) & India-WRIS"
      }
    },
    {
      "type": "Feature",
      "id": "LS_MEGHALAYA_2023.24",
      "geometry": {
        "type": "MultiPolygon",
        "coordinates": [
          [
            [
              [
                91.57559831,
                25.20508306
              ],
              [
                91.57559831,
                25.20536144
              ],
              [
                91.57589554,
                25.20536144
              ],
              [
                91.57589554,
                25.20508306
              ],
              [
                91.57559831,
                25.20508306
              ]
            ]
          ]
        ]
      },
      "geometry_name": "the_geom",
      "properties": {
        "Slide_No": "ML/EK/78O12/ 2023/11",
        "State": "Meghalaya",
        "District": "East Khasi Hills",
        "Toposheet": "78O12",
        "Latitude": 25.2052,
        "Longitude": 91.5758,
        "Length": "30.82",
        "Width": "30.046",
        "Height": "9",
        "Area": "617.426370941923",
        "Activity": "Active",
        "Geomorphol": "Low Dissected Structural Hills and Valleys",
        "Lithology": "Fossiliferous limestone/calcareous shale-sandstone",
        "LULC": "Evergreen Open Forest",
        "Triggering": "Rainfall",
        "Year": "2023",
        "BA_NAME": "Barak and others Basin",
        "SUB_BASIN": "Kynchiang and other south flowing rivers",
        "Source": "RESOURCESAT-2 LISSIV, 10m Cartosat DEM, GSI 25K, LULC phase-II 10K (2018-2023) & India-WRIS"
      }
    },
    {
      "type": "Feature",
      "id": "LS_MEGHALAYA_2023.25",
      "geometry": {
        "type": "MultiPolygon",
        "coordinates": [
          [
            [
              [
                91.61702817,
                25.22467158
              ],
              [
                91.61702817,
                25.22517805
              ],
              [
                91.61757366,
                25.22517805
              ],
              [
                91.61757366,
                25.22467158
              ],
              [
                91.61702817,
                25.22467158
              ]
            ]
          ]
        ]
      },
      "geometry_name": "the_geom",
      "properties": {
        "Slide_No": "ML/EK/78O12/ 2023/3",
        "State": "Meghalaya",
        "District": "East Khasi Hills",
        "Toposheet": "78O12",
        "Latitude": 25.2249,
        "Longitude": 91.6173,
        "Length": "56.44",
        "Width": "54.62",
        "Height": "47",
        "Area": "947.528896125134",
        "Activity": "Active",
        "Geomorphol": "Moderately Dissected Structural Hills and Valleys",
        "Lithology": "Basaltic/gabroic & doleritic dykes",
        "LULC": "Evergreen Closed Forest",
        "Triggering": "Rainfall",
        "Year": "2023",
        "BA_NAME": "Barak and others Basin",
        "SUB_BASIN": "Kynchiang and other south flowing rivers",
        "Source": "RESOURCESAT-2 LISSIV, 10m Cartosat DEM, GSI 25K, LULC phase-II 10K (2018-2023) & India-WRIS"
      }
    },
    {
      "type": "Feature",
      "id": "LS_MEGHALAYA_2023.26",
      "geometry": {
        "type": "MultiPolygon",
        "coordinates": [
          [
            [
              [
                91.91870753,
                25.64329225
              ],
              [
                91.91870753,
                25.64386584
              ],
              [
                91.91957903,
                25.64386584
              ],
              [
                91.91957903,
                25.64329225
              ],
              [
                91.91870753,
                25.64329225
              ]
            ]
          ]
        ]
      },
      "geometry_name": "the_geom",
      "properties": {
        "Slide_No": "ML/EK/78O14/ 2023/4",
        "State": "Meghalaya",
        "District": "East Khasi Hills",
        "Toposheet": "78O14",
        "Latitude": 25.6435,
        "Longitude": 91.9191,
        "Length": "87.439",
        "Width": "63.92",
        "Height": "49",
        "Area": "3316.42722013361",
        "Activity": "Active",
        "Geomorphol": "Moderately Dissected Structural Upper Plateau",
        "Lithology": "Quartzite with thin phyllite interbands",
        "LULC": "Built Up - Rural Village Settlement",
        "Triggering": "Rainfall",
        "Year": "2023",
        "BA_NAME": "Brahmaputra Basin",
        "SUB_BASIN": "Brahmaputra Lower",
        "Source": "RESOURCESAT-2 LISSIV, 10m Cartosat DEM, GSI 25K, LULC phase-II 10K (2018-2023) & India-WRIS"
      }
    },
    {
      "type": "Feature",
      "id": "LS_MEGHALAYA_2023.27",
      "geometry": {
        "type": "MultiPolygon",
        "coordinates": [
          [
            [
              [
                91.91896347,
                25.64331565
              ],
              [
                91.91896347,
                25.64435648
              ],
              [
                91.92030681,
                25.64435648
              ],
              [
                91.92030681,
                25.64331565
              ],
              [
                91.91896347,
                25.64331565
              ]
            ]
          ]
        ]
      },
      "geometry_name": "the_geom",
      "properties": {
        "Slide_No": "ML/EK/78O14/ 2023/5",
        "State": "Meghalaya",
        "District": "East Khasi Hills",
        "Toposheet": "78O14",
        "Latitude": 25.6439,
        "Longitude": 91.9196,
        "Length": "134.303",
        "Width": "115.835",
        "Height": "69",
        "Area": "5926.46392560791",
        "Activity": "Active",
        "Geomorphol": "Moderately Dissected Structural Upper Plateau",
        "Lithology": "Quartzite with thin phyllite interbands",
        "LULC": "Built Up - Rural Village Settlement",
        "Triggering": "Rainfall",
        "Year": "2023",
        "BA_NAME": "Brahmaputra Basin",
        "SUB_BASIN": "Brahmaputra Lower",
        "Source": "RESOURCESAT-2 LISSIV, 10m Cartosat DEM, GSI 25K, LULC phase-II 10K (2018-2023) & India-WRIS"
      }
    },
    {
      "type": "Feature",
      "id": "LS_MEGHALAYA_2023.28",
      "geometry": {
        "type": "MultiPolygon",
        "coordinates": [
          [
            [
              [
                91.92499797,
                25.65321434
              ],
              [
                91.92499797,
                25.65371914
              ],
              [
                91.92584304,
                25.65371914
              ],
              [
                91.92584304,
                25.65321434
              ],
              [
                91.92499797,
                25.65321434
              ]
            ]
          ]
        ]
      },
      "geometry_name": "the_geom",
      "properties": {
        "Slide_No": "ML/EK/78O14/ 2023/6",
        "State": "Meghalaya",
        "District": "East Khasi Hills",
        "Toposheet": "78O14",
        "Latitude": 25.6535,
        "Longitude": 91.9253,
        "Length": "84.777",
        "Width": "55.968",
        "Height": "38",
        "Area": "2653.5741238703",
        "Activity": "Active",
        "Geomorphol": "Moderately Dissected Structural Upper Plateau",
        "Lithology": "Quartzite with thin phyllite interbands",
        "LULC": "Wasteland - Sparse Scrub Land",
        "Triggering": "Rainfall",
        "Year": "2023",
        "BA_NAME": "Brahmaputra Basin",
        "SUB_BASIN": "Brahmaputra Lower",
        "Source": "RESOURCESAT-2 LISSIV, 10m Cartosat DEM, GSI 25K, LULC phase-II 10K (2018-2023) & India-WRIS"
      }
    },
    {
      "type": "Feature",
      "id": "LS_MEGHALAYA_2023.29",
      "geometry": {
        "type": "MultiPolygon",
        "coordinates": [
          [
            [
              [
                91.75946686,
                25.28537316
              ],
              [
                91.75946686,
                25.28600781
              ],
              [
                91.75991015,
                25.28600781
              ],
              [
                91.75991015,
                25.28537316
              ],
              [
                91.75946686,
                25.28537316
              ]
            ]
          ]
        ]
      },
      "geometry_name": "the_geom",
      "properties": {
        "Slide_No": "ML/EK/78O15/ 2023/48",
        "State": "Meghalaya",
        "District": "East Khasi Hills",
        "Toposheet": "78O15",
        "Latitude": 25.2857,
        "Longitude": 91.7597,
        "Length": "70.57",
        "Width": "44.284",
        "Height": "61",
        "Area": "1813.76130231392",
        "Activity": "Active",
        "Geomorphol": "Highly Dissected Structural Hills and Valleys",
        "Lithology": "Quartzite with thin phyllite interbands",
        "LULC": "Evergreen Open Forest",
        "Triggering": "Rainfall",
        "Year": "2023",
        "BA_NAME": "Barak and others Basin",
        "SUB_BASIN": "Kynchiang and other south flowing rivers",
        "Source": "RESOURCESAT-2 LISSIV, 10m Cartosat DEM, GSI 25K, LULC phase-II 10K (2018-2023) & India-WRIS"
      }
    },
    {
      "type": "Feature",
      "id": "LS_MEGHALAYA_2023.30",
      "geometry": {
        "type": "MultiPolygon",
        "coordinates": [
          [
            [
              [
                91.77384597,
                25.34071894
              ],
              [
                91.77384597,
                25.34163967
              ],
              [
                91.77568313,
                25.34163967
              ],
              [
                91.77568313,
                25.34071894
              ],
              [
                91.77384597,
                25.34071894
              ]
            ]
          ]
        ]
      },
      "geometry_name": "the_geom",
      "properties": {
        "Slide_No": "ML/EK/78O15/ 2023/1",
        "State": "Meghalaya",
        "District": "East Khasi Hills",
        "Toposheet": "78O15",
        "Latitude": 25.3411,
        "Longitude": 91.7745,
        "Length": "184.945",
        "Width": "101.857",
        "Height": "119",
        "Area": "6458.15348748828",
        "Activity": "Active",
        "Geomorphol": "Highly Dissected Structural Hills and Valleys",
        "Lithology": "Conglomerate and sandstone with  pebbles",
        "LULC": "Wasteland - Sparse Scrub Land",
        "Triggering": "Rainfall",
        "Year": "2023",
        "BA_NAME": "Barak and others Basin",
        "SUB_BASIN": "Kynchiang and other south flowing rivers",
        "Source": "RESOURCESAT-2 LISSIV, 10m Cartosat DEM, GSI 25K, LULC phase-II 10K (2018-2023) & India-WRIS"
      }
    },
    {
      "type": "Feature",
      "id": "LS_MEGHALAYA_2023.31",
      "geometry": {
        "type": "MultiPolygon",
        "coordinates": [
          [
            [
              [
                91.78060291,
                25.3252393
              ],
              [
                91.78060291,
                25.32604791
              ],
              [
                91.78099134,
                25.32604791
              ],
              [
                91.78099134,
                25.3252393
              ],
              [
                91.78060291,
                25.3252393
              ]
            ]
          ]
        ]
      },
      "geometry_name": "the_geom",
      "properties": {
        "Slide_No": "ML/EK/78O15/ 2023/2",
        "State": "Meghalaya",
        "District": "East Khasi Hills",
        "Toposheet": "78O15",
        "Latitude": 25.3256,
        "Longitude": 91.7808,
        "Length": "89.747",
        "Width": "38.418",
        "Height": "68",
        "Area": "1757.91836107612",
        "Activity": "Active",
        "Geomorphol": "Highly Dissected Structural Hills and Valleys",
        "Lithology": "Quartzite with thin phyllite interbands",
        "LULC": "Evergreen Open Forest",
        "Triggering": "Rainfall",
        "Year": "2023",
        "BA_NAME": "Barak and others Basin",
        "SUB_BASIN": "Kynchiang and other south flowing rivers",
        "Source": "RESOURCESAT-2 LISSIV, 10m Cartosat DEM, GSI 25K, LULC phase-II 10K (2018-2023) & India-WRIS"
      }
    },
    {
      "type": "Feature",
      "id": "LS_MEGHALAYA_2023.32",
      "geometry": {
        "type": "MultiPolygon",
        "coordinates": [
          [
            [
              [
                91.78515719,
                25.41629188
              ],
              [
                91.78515719,
                25.41747058
              ],
              [
                91.78553327,
                25.41747058
              ],
              [
                91.78553327,
                25.41629188
              ],
              [
                91.78515719,
                25.41629188
              ]
            ]
          ]
        ]
      },
      "geometry_name": "the_geom",
      "properties": {
        "Slide_No": "ML/EK/78O15/ 2023/3",
        "State": "Meghalaya",
        "District": "East Khasi Hills",
        "Toposheet": "78O15",
        "Latitude": 25.4169,
        "Longitude": 91.7854,
        "Length": "130.661",
        "Width": "37.389",
        "Height": "79",
        "Area": "2436.96166611214",
        "Activity": "Active",
        "Geomorphol": "Moderately Dissected Structural Upper Plateau",
        "Lithology": "Quartzite with thin phyllite interbands",
        "LULC": "Evergreen Open Forest",
        "Triggering": "Rainfall",
        "Year": "2023",
        "BA_NAME": "Barak and others Basin",
        "SUB_BASIN": "Kynchiang and other south flowing rivers",
        "Source": "RESOURCESAT-2 LISSIV, 10m Cartosat DEM, GSI 25K, LULC phase-II 10K (2018-2023) & India-WRIS"
      }
    },
    {
      "type": "Feature",
      "id": "LS_MEGHALAYA_2023.33",
      "geometry": {
        "type": "MultiPolygon",
        "coordinates": [
          [
            [
              [
                91.85844133,
                25.43685408
              ],
              [
                91.85844133,
                25.43766707
              ],
              [
                91.85884753,
                25.43766707
              ],
              [
                91.85884753,
                25.43685408
              ],
              [
                91.85844133,
                25.43685408
              ]
            ]
          ]
        ]
      },
      "geometry_name": "the_geom",
      "properties": {
        "Slide_No": "ML/EK/78O15/ 2023/4",
        "State": "Meghalaya",
        "District": "East Khasi Hills",
        "Toposheet": "78O15",
        "Latitude": 25.4372,
        "Longitude": 91.8586,
        "Length": "89.899",
        "Width": "41.405",
        "Height": "32",
        "Area": "1857.36274402492",
        "Activity": "Active",
        "Geomorphol": "Highly Dissected Structural Hills and Valleys",
        "Lithology": "Quartzite with thin phyllite interbands",
        "LULC": "Evergreen Closed Forest",
        "Triggering": "Rainfall",
        "Year": "2023",
        "BA_NAME": "Barak and others Basin",
        "SUB_BASIN": "Kynchiang and other south flowing rivers",
        "Source": "RESOURCESAT-2 LISSIV, 10m Cartosat DEM, GSI 25K, LULC phase-II 10K (2018-2023) & India-WRIS"
      }
    },
    {
      "type": "Feature",
      "id": "LS_MEGHALAYA_2023.34",
      "geometry": {
        "type": "MultiPolygon",
        "coordinates": [
          [
            [
              [
                91.86367751,
                25.43079167
              ],
              [
                91.86367751,
                25.43165104
              ],
              [
                91.86828711,
                25.43165104
              ],
              [
                91.86828711,
                25.43079167
              ],
              [
                91.86367751,
                25.43079167
              ]
            ]
          ]
        ]
      },
      "geometry_name": "the_geom",
      "properties": {
        "Slide_No": "ML/EK/78O15/ 2023/5",
        "State": "Meghalaya",
        "District": "East Khasi Hills",
        "Toposheet": "78O15",
        "Latitude": 25.4313,
        "Longitude": 91.8661,
        "Length": "463.386",
        "Width": "97.447",
        "Height": "240",
        "Area": "13527.9627675465",
        "Activity": "Active",
        "Geomorphol": "Highly Dissected Structural Hills and Valleys",
        "Lithology": "Quartzite with thin phyllite interbands",
        "LULC": "Built Up - Transport Network",
        "Triggering": "Rainfall",
        "Year": "2023",
        "BA_NAME": "Barak and others Basin",
        "SUB_BASIN": "Kynchiang and other south flowing rivers",
        "Source": "RESOURCESAT-2 LISSIV, 10m Cartosat DEM, GSI 25K, LULC phase-II 10K (2018-2023) & India-WRIS"
      }
    },
    {
      "type": "Feature",
      "id": "LS_MEGHALAYA_2023.35",
      "geometry": {
        "type": "MultiPolygon",
        "coordinates": [
          [
            [
              [
                91.87831924,
                25.36492028
              ],
              [
                91.87831924,
                25.36543286
              ],
              [
                91.87858963,
                25.36543286
              ],
              [
                91.87858963,
                25.36492028
              ],
              [
                91.87831924,
                25.36492028
              ]
            ]
          ]
        ]
      },
      "geometry_name": "the_geom",
      "properties": {
        "Slide_No": "ML/EK/78O15/ 2023/6",
        "State": "Meghalaya",
        "District": "East Khasi Hills",
        "Toposheet": "78O15",
        "Latitude": 25.3652,
        "Longitude": 91.8784,
        "Length": "56.727",
        "Width": "27.385",
        "Height": "11",
        "Area": "914.219716066837",
        "Activity": "Active",
        "Geomorphol": "Highly Dissected Structural Hills and Valleys",
        "Lithology": "Quartzite with thin phyllite interbands",
        "LULC": "Built Up - Transport Network",
        "Triggering": "Rainfall",
        "Year": "2023",
        "BA_NAME": "Barak and others Basin",
        "SUB_BASIN": "Kynchiang and other south flowing rivers",
        "Source": "RESOURCESAT-2 LISSIV, 10m Cartosat DEM, GSI 25K, LULC phase-II 10K (2018-2023) & India-WRIS"
      }
    },
    {
      "type": "Feature",
      "id": "LS_MEGHALAYA_2023.36",
      "geometry": {
        "type": "MultiPolygon",
        "coordinates": [
          [
            [
              [
                91.87979242,
                25.33429445
              ],
              [
                91.87979242,
                25.33587996
              ],
              [
                91.88148217,
                25.33587996
              ],
              [
                91.88148217,
                25.33429445
              ],
              [
                91.87979242,
                25.33429445
              ]
            ]
          ]
        ]
      },
      "geometry_name": "the_geom",
      "properties": {
        "Slide_No": "ML/EK/78O15/ 2023/7",
        "State": "Meghalaya",
        "District": "East Khasi Hills",
        "Toposheet": "78O15",
        "Latitude": 25.335,
        "Longitude": 91.8808,
        "Length": "176.718",
        "Width": "168.97",
        "Height": "163",
        "Area": "10233.0081634082",
        "Activity": "Reactivated",
        "Geomorphol": "Highly Dissected Structural Hills and Valleys",
        "Lithology": "Quartzite with thin phyllite interbands",
        "LULC": "Evergreen Closed Forest",
        "Triggering": "Rainfall",
        "Year": "2023",
        "BA_NAME": "Barak and others Basin",
        "SUB_BASIN": "Kynchiang and other south flowing rivers",
        "Source": "RESOURCESAT-2 LISSIV, 10m Cartosat DEM, GSI 25K, LULC phase-II 10K (2018-2023) & India-WRIS"
      }
    },
    {
      "type": "Feature",
      "id": "LS_MEGHALAYA_2023.37",
      "geometry": {
        "type": "MultiPolygon",
        "coordinates": [
          [
            [
              [
                91.8836491,
                25.35992137
              ],
              [
                91.8836491,
                25.36255409
              ],
              [
                91.88613332,
                25.36255409
              ],
              [
                91.88613332,
                25.35992137
              ],
              [
                91.8836491,
                25.35992137
              ]
            ]
          ]
        ]
      },
      "geometry_name": "the_geom",
      "properties": {
        "Slide_No": "ML/EK/78O15/ 2023/8",
        "State": "Meghalaya",
        "District": "East Khasi Hills",
        "Toposheet": "78O15",
        "Latitude": 25.3608,
        "Longitude": 91.8846,
        "Length": "289.905",
        "Width": "251.888",
        "Height": "144",
        "Area": "15113.7280357067",
        "Activity": "Active",
        "Geomorphol": "Highly Dissected Structural Hills and Valleys",
        "Lithology": "Quartzite with thin phyllite interbands",
        "LULC": "Built Up - Transport Network",
        "Triggering": "Rainfall",
        "Year": "2023",
        "BA_NAME": "Barak and others Basin",
        "SUB_BASIN": "Kynchiang and other south flowing rivers",
        "Source": "RESOURCESAT-2 LISSIV, 10m Cartosat DEM, GSI 25K, LULC phase-II 10K (2018-2023) & India-WRIS"
      }
    },
    {
      "type": "Feature",
      "id": "LS_MEGHALAYA_2023.38",
      "geometry": {
        "type": "MultiPolygon",
        "coordinates": [
          [
            [
              [
                91.99763909,
                25.3148788
              ],
              [
                91.99763909,
                25.31511866
              ],
              [
                91.99873574,
                25.31511866
              ],
              [
                91.99873574,
                25.3148788
              ],
              [
                91.99763909,
                25.3148788
              ]
            ]
          ]
        ]
      },
      "geometry_name": "the_geom",
      "properties": {
        "Slide_No": "ML/EK/78O15/ 2023/9",
        "State": "Meghalaya",
        "District": "East Khasi Hills",
        "Toposheet": "78O15",
        "Latitude": 25.315,
        "Longitude": 91.9982,
        "Length": "110.434",
        "Width": "26.208",
        "Height": "59.0000152588",
        "Area": "1173.55337580462",
        "Activity": "Active",
        "Geomorphol": "Highly Dissected Structural Hills and Valleys",
        "Lithology": "Quartzite with thin phyllite interbands",
        "LULC": "Evergreen Closed Forest",
        "Triggering": "Rainfall",
        "Year": "2023",
        "BA_NAME": "Barak and others Basin",
        "SUB_BASIN": "Kynchiang and other south flowing rivers",
        "Source": "RESOURCESAT-2 LISSIV, 10m Cartosat DEM, GSI 25K, LULC phase-II 10K (2018-2023) & India-WRIS"
      }
    },
    {
      "type": "Feature",
      "id": "LS_MEGHALAYA_2023.39",
      "geometry": {
        "type": "MultiPolygon",
        "coordinates": [
          [
            [
              [
                92.18231149,
                25.29636577
              ],
              [
                92.18231149,
                25.29672565
              ],
              [
                92.18378041,
                25.29672565
              ],
              [
                92.18378041,
                25.29636577
              ],
              [
                92.18231149,
                25.29636577
              ]
            ]
          ]
        ]
      },
      "geometry_name": "the_geom",
      "properties": {
        "Slide_No": "ML/WJ/83C03/ 2023/2",
        "State": "Meghalaya",
        "District": "West Jaintia Hills",
        "Toposheet": "83C03",
        "Latitude": 25.2966,
        "Longitude": 92.183,
        "Length": "147.785",
        "Width": "40.455",
        "Height": "78",
        "Area": "3840.49368120518",
        "Activity": "Active",
        "Geomorphol": "Moderately Dissected Structural Hills and Valleys",
        "Lithology": "Migmatite",
        "LULC": "Evergreen Open Forest",
        "Triggering": "Rainfall",
        "Year": "2023",
        "BA_NAME": "Barak and others Basin",
        "SUB_BASIN": "Kynchiang and other south flowing rivers",
        "Source": "RESOURCESAT-2 LISSIV, 10m Cartosat DEM, GSI 25K, LULC phase-II 10K (2018-2023) & India-WRIS"
      }
    },
    {
      "type": "Feature",
      "id": "LS_MEGHALAYA_2023.40",
      "geometry": {
        "type": "MultiPolygon",
        "coordinates": [
          [
            [
              [
                92.24028491,
                25.11699137
              ],
              [
                92.24028491,
                25.1176782
              ],
              [
                92.24100844,
                25.1176782
              ],
              [
                92.24100844,
                25.11699137
              ],
              [
                92.24028491,
                25.11699137
              ]
            ]
          ]
        ]
      },
      "geometry_name": "the_geom",
      "properties": {
        "Slide_No": "ML/EJ/83C04/ 2023/1",
        "State": "Meghalaya",
        "District": "East Jaintia Hills",
        "Toposheet": "83C04",
        "Latitude": 25.1174,
        "Longitude": 92.2407,
        "Length": "76.266",
        "Width": "72.805",
        "Height": "40.0000076294",
        "Area": "3226.69297027955",
        "Activity": "Active",
        "Geomorphol": "Highly Dissected Structural Hills and Valleys",
        "Lithology": "Sandstone, carb shale with conglomerate/limestone",
        "LULC": "Evergreen Closed Forest",
        "Triggering": "Rainfall",
        "Year": "2023",
        "BA_NAME": "Barak and others Basin",
        "SUB_BASIN": "Barak",
        "Source": "RESOURCESAT-2 LISSIV, 10m Cartosat DEM, GSI 25K, LULC phase-II 10K (2018-2023) & India-WRIS"
      }
    },
    {
      "type": "Feature",
      "id": "LS_MEGHALAYA_2023.41",
      "geometry": {
        "type": "MultiPolygon",
        "coordinates": [
          [
            [
              [
                92.23123525,
                25.20637577
              ],
              [
                92.23123525,
                25.20677787
              ],
              [
                92.23162049,
                25.20677787
              ],
              [
                92.23162049,
                25.20637577
              ],
              [
                92.23123525,
                25.20637577
              ]
            ]
          ]
        ]
      },
      "geometry_name": "the_geom",
      "properties": {
        "Slide_No": "ML/WJ/83C04/ 2023/2",
        "State": "Meghalaya",
        "District": "West Jaintia Hills",
        "Toposheet": "83C04",
        "Latitude": 25.2066,
        "Longitude": 92.2314,
        "Length": "44.706",
        "Width": "38.621",
        "Height": "22",
        "Area": "737.246921915189",
        "Activity": "Active",
        "Geomorphol": "Moderately Dissected Structural Hills and Valleys",
        "Lithology": "Feldspathic sandstone, conglomerate & clay",
        "LULC": "Evergreen Closed Forest",
        "Triggering": "Rainfall",
        "Year": "2023",
        "BA_NAME": "Barak and others Basin",
        "SUB_BASIN": "Kynchiang and other south flowing rivers",
        "Source": "RESOURCESAT-2 LISSIV, 10m Cartosat DEM, GSI 25K, LULC phase-II 10K (2018-2023) & India-WRIS"
      }
    },
    {
      "type": "Feature",
      "id": "LS_MEGHALAYA_2023.42",
      "geometry": {
        "type": "MultiPolygon",
        "coordinates": [
          [
            [
              [
                92.49431388,
                25.46929524
              ],
              [
                92.49431388,
                25.47002558
              ],
              [
                92.49484185,
                25.47002558
              ],
              [
                92.49484185,
                25.46929524
              ],
              [
                92.49431388,
                25.46929524
              ]
            ]
          ]
        ]
      },
      "geometry_name": "the_geom",
      "properties": {
        "Slide_No": "ML/WJ/83C07/ 2023/1",
        "State": "Meghalaya",
        "District": "West Jaintia Hills",
        "Toposheet": "83C07",
        "Latitude": 25.4697,
        "Longitude": 92.4946,
        "Length": "80.996",
        "Width": "52.899",
        "Height": "31",
        "Area": "2465.43980209298",
        "Activity": "Active",
        "Geomorphol": "Highly Dissected Structural Upper Plateau",
        "Lithology": "Migmatite",
        "LULC": "Agriculture - Crop Land",
        "Triggering": "Rainfall",
        "Year": "2023",
        "BA_NAME": "Brahmaputra Basin",
        "SUB_BASIN": "Brahmaputra Lower",
        "Source": "RESOURCESAT-2 LISSIV, 10m Cartosat DEM, GSI 25K, LULC phase-II 10K (2018-2023) & India-WRIS"
      }
    },
    {
      "type": "Feature",
      "id": "LS_MEGHALAYA_2023.43",
      "geometry": {
        "type": "MultiPolygon",
        "coordinates": [
          [
            [
              [
                92.58019605,
                25.30447241
              ],
              [
                92.58019605,
                25.30590235
              ],
              [
                92.58076,
                25.30590235
              ],
              [
                92.58076,
                25.30447241
              ],
              [
                92.58019605,
                25.30447241
              ]
            ]
          ]
        ]
      },
      "geometry_name": "the_geom",
      "properties": {
        "Slide_No": "ML/EJ/83C11/ 2023/1",
        "State": "Meghalaya",
        "District": "East Jaintia Hills",
        "Toposheet": "83C11",
        "Latitude": 25.3051,
        "Longitude": 92.5804,
        "Length": "158.414",
        "Width": "56.574",
        "Height": "14",
        "Area": "4817.77198305312",
        "Activity": "Active",
        "Geomorphol": "Moderately Dissected Structural Hills and Valleys",
        "Lithology": "Sandstone, carb shale with conglomerate/limestone",
        "LULC": "Wasteland - Sparse Scrub Land",
        "Triggering": "Rainfall",
        "Year": "2023",
        "BA_NAME": "Brahmaputra Basin",
        "SUB_BASIN": "Brahmaputra Lower",
        "Source": "RESOURCESAT-2 LISSIV, 10m Cartosat DEM, GSI 25K, LULC phase-II 10K (2018-2023) & India-WRIS"
      }
    },
    {
      "type": "Feature",
      "id": "LS_MEGHALAYA_2023.44",
      "geometry": {
        "type": "MultiPolygon",
        "coordinates": [
          [
            [
              [
                92.03124363,
                25.23294969
              ],
              [
                92.03124363,
                25.23406861
              ],
              [
                92.0321232,
                25.23406861
              ],
              [
                92.0321232,
                25.23294969
              ],
              [
                92.03124363,
                25.23294969
              ]
            ]
          ]
        ]
      },
      "geometry_name": "the_geom",
      "properties": {
        "Slide_No": "ML/WJ/83C04/ 2023/3",
        "State": "Meghalaya",
        "District": "West Jaintia Hills",
        "Toposheet": "83C04",
        "Latitude": 25.2336,
        "Longitude": 92.0317,
        "Length": "123.939",
        "Width": "88.819",
        "Height": "27",
        "Area": "4916.01835360074",
        "Activity": "Active",
        "Geomorphol": "Moderately Dissected Structural Upper Plateau",
        "Lithology": "Arkose/gritty sandstone, coal, fireclay & shale",
        "LULC": "Wasteland - Dense Scrub Land",
        "Triggering": "Rainfall",
        "Year": "2023",
        "BA_NAME": "Barak and others Basin",
        "SUB_BASIN": "Kynchiang and other south flowing rivers",
        "Source": "RESOURCESAT-2 LISSIV, 10m Cartosat DEM, GSI 25K, LULC phase-II 10K (2018-2023) & India-WRIS"
      }
    },
    {
      "type": "Feature",
      "id": "LS_MEGHALAYA_2023.45",
      "geometry": {
        "type": "MultiPolygon",
        "coordinates": [
          [
            [
              [
                91.77714577,
                25.31945251
              ],
              [
                91.77714577,
                25.32044451
              ],
              [
                91.77856924,
                25.32044451
              ],
              [
                91.77856924,
                25.31945251
              ],
              [
                91.77714577,
                25.31945251
              ]
            ]
          ]
        ]
      },
      "geometry_name": "the_geom",
      "properties": {
        "Slide_No": "ML/EK/78O15/ 2023/10",
        "State": "Meghalaya",
        "District": "East Khasi Hills",
        "Toposheet": "78O15",
        "Latitude": 25.32,
        "Longitude": 91.7777,
        "Length": "142.661",
        "Width": "110.888",
        "Height": "115",
        "Area": "5434.10008622081",
        "Activity": "Active",
        "Geomorphol": "Highly Dissected Structural Hills and Valleys",
        "Lithology": "Quartzite with thin phyllite interbands",
        "LULC": "Wasteland - Sparse Scrub Land",
        "Triggering": "Rainfall",
        "Year": "2023",
        "BA_NAME": "Barak and others Basin",
        "SUB_BASIN": "Kynchiang and other south flowing rivers",
        "Source": "RESOURCESAT-2 LISSIV, 10m Cartosat DEM, GSI 25K, LULC phase-II 10K (2018-2023) & India-WRIS"
      }
    },
    {
      "type": "Feature",
      "id": "LS_MEGHALAYA_2023.46",
      "geometry": {
        "type": "MultiPolygon",
        "coordinates": [
          [
            [
              [
                91.95847522,
                25.30438943
              ],
              [
                91.95847522,
                25.30489423
              ],
              [
                91.95897666,
                25.30489423
              ],
              [
                91.95897666,
                25.30438943
              ],
              [
                91.95847522,
                25.30438943
              ]
            ]
          ]
        ]
      },
      "geometry_name": "the_geom",
      "properties": {
        "Slide_No": "ML/EK/78O15/ 2023/11",
        "State": "Meghalaya",
        "District": "East Khasi Hills",
        "Toposheet": "78O15",
        "Latitude": 25.3046,
        "Longitude": 91.9588,
        "Length": "56.235",
        "Width": "50.279",
        "Height": "16",
        "Area": "1133.83959732392",
        "Activity": "Active",
        "Geomorphol": "Highly Dissected Structural Hills and Valleys",
        "Lithology": "Quartzite with thin phyllite interbands",
        "LULC": "Evergreen Closed Forest",
        "Triggering": "Rainfall",
        "Year": "2023",
        "BA_NAME": "Barak and others Basin",
        "SUB_BASIN": "Kynchiang and other south flowing rivers",
        "Source": "RESOURCESAT-2 LISSIV, 10m Cartosat DEM, GSI 25K, LULC phase-II 10K (2018-2023) & India-WRIS"
      }
    },
    {
      "type": "Feature",
      "id": "LS_MEGHALAYA_2023.47",
      "geometry": {
        "type": "MultiPolygon",
        "coordinates": [
          [
            [
              [
                91.78609299,
                25.41626627
              ],
              [
                91.78609299,
                25.41814129
              ],
              [
                91.78764202,
                25.41814129
              ],
              [
                91.78764202,
                25.41626627
              ],
              [
                91.78609299,
                25.41626627
              ]
            ]
          ]
        ]
      },
      "geometry_name": "the_geom",
      "properties": {
        "Slide_No": "ML/EK/78O15/ 2023/12",
        "State": "Meghalaya",
        "District": "East Khasi Hills",
        "Toposheet": "78O15",
        "Latitude": 25.4174,
        "Longitude": 91.7869,
        "Length": "208.69",
        "Width": "154.36",
        "Height": "143",
        "Area": "5008.92063727198",
        "Activity": "Reactivated",
        "Geomorphol": "Moderately Dissected Structural Hills and Valleys",
        "Lithology": "Quartzite with thin phyllite interbands",
        "LULC": "Evergreen Open Forest",
        "Triggering": "Rainfall",
        "Year": "2023",
        "BA_NAME": "Barak and others Basin",
        "SUB_BASIN": "Kynchiang and other south flowing rivers",
        "Source": "RESOURCESAT-2 LISSIV, 10m Cartosat DEM, GSI 25K, LULC phase-II 10K (2018-2023) & India-WRIS"
      }
    },
    {
      "type": "Feature",
      "id": "LS_MEGHALAYA_2023.48",
      "geometry": {
        "type": "MultiPolygon",
        "coordinates": [
          [
            [
              [
                91.78873473,
                25.42000815
              ],
              [
                91.78873473,
                25.42060533
              ],
              [
                91.78931204,
                25.42060533
              ],
              [
                91.78931204,
                25.42000815
              ],
              [
                91.78873473,
                25.42000815
              ]
            ]
          ]
        ]
      },
      "geometry_name": "the_geom",
      "properties": {
        "Slide_No": "ML/EK/78O15/ 2023/13",
        "State": "Meghalaya",
        "District": "East Khasi Hills",
        "Toposheet": "78O15",
        "Latitude": 25.4203,
        "Longitude": 91.789,
        "Length": "66.585",
        "Width": "57.554",
        "Height": "38",
        "Area": "1309.17839403717",
        "Activity": "Reactivated",
        "Geomorphol": "Moderately Dissected Structural Upper Plateau",
        "Lithology": "Quartzite with thin phyllite interbands",
        "LULC": "Evergreen Open Forest",
        "Triggering": "Rainfall",
        "Year": "2023",
        "BA_NAME": "Barak and others Basin",
        "SUB_BASIN": "Kynchiang and other south flowing rivers",
        "Source": "RESOURCESAT-2 LISSIV, 10m Cartosat DEM, GSI 25K, LULC phase-II 10K (2018-2023) & India-WRIS"
      }
    },
    {
      "type": "Feature",
      "id": "LS_MEGHALAYA_2023.49",
      "geometry": {
        "type": "MultiPolygon",
        "coordinates": [
          [
            [
              [
                91.78855282,
                25.42016652
              ],
              [
                91.78855282,
                25.42051139
              ],
              [
                91.7889333,
                25.42051139
              ],
              [
                91.7889333,
                25.42016652
              ],
              [
                91.78855282,
                25.42016652
              ]
            ]
          ]
        ]
      },
      "geometry_name": "the_geom",
      "properties": {
        "Slide_No": "ML/EK/78O15/ 2023/14",
        "State": "Meghalaya",
        "District": "East Khasi Hills",
        "Toposheet": "78O15",
        "Latitude": 25.4203,
        "Longitude": 91.7887,
        "Length": "38.453",
        "Width": "38.017",
        "Height": "33",
        "Area": "662.392358606131",
        "Activity": "Reactivated",
        "Geomorphol": "Moderately Dissected Structural Upper Plateau",
        "Lithology": "Quartzite with thin phyllite interbands",
        "LULC": "Evergreen Open Forest",
        "Triggering": "Rainfall",
        "Year": "2023",
        "BA_NAME": "Barak and others Basin",
        "SUB_BASIN": "Kynchiang and other south flowing rivers",
        "Source": "RESOURCESAT-2 LISSIV, 10m Cartosat DEM, GSI 25K, LULC phase-II 10K (2018-2023) & India-WRIS"
      }
    },
    {
      "type": "Feature",
      "id": "LS_MEGHALAYA_2023.50",
      "geometry": {
        "type": "MultiPolygon",
        "coordinates": [
          [
            [
              [
                91.90427537,
                25.34611684
              ],
              [
                91.90427537,
                25.34764394
              ],
              [
                91.90682436,
                25.34764394
              ],
              [
                91.90682436,
                25.34611684
              ],
              [
                91.90427537,
                25.34611684
              ]
            ]
          ]
        ]
      },
      "geometry_name": "the_geom",
      "properties": {
        "Slide_No": "ML/EK/78O15/ 2023/15",
        "State": "Meghalaya",
        "District": "East Khasi Hills",
        "Toposheet": "78O15",
        "Latitude": 25.3471,
        "Longitude": 91.9052,
        "Length": "256.911",
        "Width": "167.879",
        "Height": "214",
        "Area": "10634.4448823681",
        "Activity": "Active",
        "Geomorphol": "Highly Dissected Structural Hills and Valleys",
        "Lithology": "Fossiliferous limestone/calcareous shale-sandstone",
        "LULC": "Evergreen Closed Forest",
        "Triggering": "Rainfall",
        "Year": "2023",
        "BA_NAME": "Barak and others Basin",
        "SUB_BASIN": "Kynchiang and other south flowing rivers",
        "Source": "RESOURCESAT-2 LISSIV, 10m Cartosat DEM, GSI 25K, LULC phase-II 10K (2018-2023) & India-WRIS"
      }
    },
    {
      "type": "Feature",
      "id": "LS_MEGHALAYA_2023.51",
      "geometry": {
        "type": "MultiPolygon",
        "coordinates": [
          [
            [
              [
                92.59480715,
                25.238546
              ],
              [
                92.59480715,
                25.24105188
              ],
              [
                92.5963379,
                25.24105188
              ],
              [
                92.5963379,
                25.238546
              ],
              [
                92.59480715,
                25.238546
              ]
            ]
          ]
        ]
      },
      "geometry_name": "the_geom",
      "properties": {
        "Slide_No": "ML/EJ/83C12/ 2023/1",
        "State": "Meghalaya",
        "District": "East Jaintia Hills",
        "Toposheet": "83C12",
        "Latitude": 25.2398,
        "Longitude": 92.5955,
        "Length": "277.724",
        "Width": "153.438",
        "Height": "321",
        "Area": "14033.213255828",
        "Activity": "Active",
        "Geomorphol": "Moderately Dissected Structural Hills and Valleys",
        "Lithology": "Sandstone, carb shale with conglomerate/limestone",
        "LULC": "Evergreen Open Forest",
        "Triggering": "Rainfall",
        "Year": "2023",
        "BA_NAME": "Barak and others Basin",
        "SUB_BASIN": "Barak",
        "Source": "RESOURCESAT-2 LISSIV, 10m Cartosat DEM, GSI 25K, LULC phase-II 10K (2018-2023) & India-WRIS"
      }
    },
    {
      "type": "Feature",
      "id": "LS_MEGHALAYA_2023.52",
      "geometry": {
        "type": "MultiPolygon",
        "coordinates": [
          [
            [
              [
                92.4605352,
                25.08643817
              ],
              [
                92.4605352,
                25.08676044
              ],
              [
                92.4609919,
                25.08676044
              ],
              [
                92.4609919,
                25.08643817
              ],
              [
                92.4605352,
                25.08643817
              ]
            ]
          ]
        ]
      },
      "geometry_name": "the_geom",
      "properties": {
        "Slide_No": "ML/EJ/83C08/ 2023/1",
        "State": "Meghalaya",
        "District": "East Jaintia Hills",
        "Toposheet": "83C08",
        "Latitude": 25.0866,
        "Longitude": 92.4608,
        "Length": "46.032",
        "Width": "35.704",
        "Height": "42",
        "Area": "1152.40394988991",
        "Activity": "Active",
        "Geomorphol": "Moderately Dissected Structural Hills and Valleys",
        "Lithology": "Sandstone, carb shale with conglomerate/limestone",
        "LULC": "Evergreen Closed Forest",
        "Triggering": "Rainfall",
        "Year": "2023",
        "BA_NAME": "Barak and others Basin",
        "SUB_BASIN": "Barak",
        "Source": "RESOURCESAT-2 LISSIV, 10m Cartosat DEM, GSI 25K, LULC phase-II 10K (2018-2023) & India-WRIS"
      }
    },
    {
      "type": "Feature",
      "id": "LS_MEGHALAYA_2023.53",
      "geometry": {
        "type": "MultiPolygon",
        "coordinates": [
          [
            [
              [
                92.38018234,
                25.28164347
              ],
              [
                92.38018234,
                25.28209935
              ],
              [
                92.38076716,
                25.28209935
              ],
              [
                92.38076716,
                25.28164347
              ],
              [
                92.38018234,
                25.28164347
              ]
            ]
          ]
        ]
      },
      "geometry_name": "the_geom",
      "properties": {
        "Slide_No": "ML/EJ/83C07/ 2023/2",
        "State": "Meghalaya",
        "District": "East Jaintia Hills",
        "Toposheet": "83C07",
        "Latitude": 25.2819,
        "Longitude": 92.3805,
        "Length": "58.936",
        "Width": "50.389",
        "Height": "15",
        "Area": "2215.46980534665",
        "Activity": "Active",
        "Geomorphol": "Low Dissected Structural Hills and Valleys",
        "Lithology": "Arkose/gritty sandstone, coal, fireclay & shale",
        "LULC": "Evergreen Closed Forest",
        "Triggering": "Rainfall",
        "Year": "2023",
        "BA_NAME": "Barak and others Basin",
        "SUB_BASIN": "Kynchiang and other south flowing rivers",
        "Source": "RESOURCESAT-2 LISSIV, 10m Cartosat DEM, GSI 25K, LULC phase-II 10K (2018-2023) & India-WRIS"
      }
    },
    {
      "type": "Feature",
      "id": "LS_MEGHALAYA_2023.58",
      "geometry": {
        "type": "MultiPolygon",
        "coordinates": [
          [
            [
              [
                91.61523514,
                25.22376019
              ],
              [
                91.61523514,
                25.2251989
              ],
              [
                91.61576538,
                25.2251989
              ],
              [
                91.61576538,
                25.22376019
              ],
              [
                91.61523514,
                25.22376019
              ]
            ]
          ]
        ]
      },
      "geometry_name": "the_geom",
      "properties": {
        "Slide_No": "ML/EK/78O12/ 2023/1",
        "State": "Meghalaya",
        "District": "East Khasi Hills",
        "Toposheet": "78O12",
        "Latitude": 25.2246,
        "Longitude": 91.6154,
        "Length": "159.065",
        "Width": "54.825",
        "Height": "121",
        "Area": "3057.77004045616",
        "Activity": "Reactivated",
        "Geomorphol": "Moderately Dissected Structural Hills and Valleys",
        "Lithology": "Basaltic/gabroic & doleritic dykes",
        "LULC": "Evergreen Closed Forest",
        "Triggering": "Rainfall",
        "Year": "2023",
        "BA_NAME": "Barak and others Basin",
        "SUB_BASIN": "Kynchiang and other south flowing rivers",
        "Source": "RESOURCESAT-2 LISSIV, 10m Cartosat DEM, GSI 25K, LULC phase-II 10K (2018-2023) & India-WRIS"
      }
    },
    {
      "type": "Feature",
      "id": "LS_MEGHALAYA_2023.59",
      "geometry": {
        "type": "MultiPolygon",
        "coordinates": [
          [
            [
              [
                91.61591047,
                25.22397641
              ],
              [
                91.61591047,
                25.22523672
              ],
              [
                91.61635473,
                25.22523672
              ],
              [
                91.61635473,
                25.22397641
              ],
              [
                91.61591047,
                25.22397641
              ]
            ]
          ]
        ]
      },
      "geometry_name": "the_geom",
      "properties": {
        "Slide_No": "ML/EK/78O12/ 2023/5",
        "State": "Meghalaya",
        "District": "East Khasi Hills",
        "Toposheet": "78O12",
        "Latitude": 25.2246,
        "Longitude": 91.6161,
        "Length": "139.383",
        "Width": "45.561",
        "Height": "88",
        "Area": "2111.6004533714",
        "Activity": "Active",
        "Geomorphol": "Moderately Dissected Structural Hills and Valleys",
        "Lithology": "Basaltic/gabroic & doleritic dykes",
        "LULC": "Evergreen Closed Forest",
        "Triggering": "Rainfall",
        "Year": "2023",
        "BA_NAME": "Barak and others Basin",
        "SUB_BASIN": "Kynchiang and other south flowing rivers",
        "Source": "RESOURCESAT-2 LISSIV, 10m Cartosat DEM, GSI 25K, LULC phase-II 10K (2018-2023) & India-WRIS"
      }
    },
    {
      "type": "Feature",
      "id": "LS_MEGHALAYA_2023.60",
      "geometry": {
        "type": "MultiPolygon",
        "coordinates": [
          [
            [
              [
                91.89044587,
                25.34393224
              ],
              [
                91.89044587,
                25.34572191
              ],
              [
                91.89198714,
                25.34572191
              ],
              [
                91.89198714,
                25.34393224
              ],
              [
                91.89044587,
                25.34393224
              ]
            ]
          ]
        ]
      },
      "geometry_name": "the_geom",
      "properties": {
        "Slide_No": "ML/EK/78O15/ 2023/16",
        "State": "Meghalaya",
        "District": "East Khasi Hills",
        "Toposheet": "78O15",
        "Latitude": 25.3447,
        "Longitude": 91.8911,
        "Length": "197.064",
        "Width": "156.635",
        "Height": "24",
        "Area": "5575.19224487318",
        "Activity": "Active",
        "Geomorphol": "Highly Dissected Structural Hills and Valleys",
        "Lithology": "Quartzite with thin phyllite interbands",
        "LULC": "Wasteland - Sparse Scrub Land",
        "Triggering": "Rainfall",
        "Year": "2023",
        "BA_NAME": "Barak and others Basin",
        "SUB_BASIN": "Kynchiang and other south flowing rivers",
        "Source": "RESOURCESAT-2 LISSIV, 10m Cartosat DEM, GSI 25K, LULC phase-II 10K (2018-2023) & India-WRIS"
      }
    },
    {
      "type": "Feature",
      "id": "LS_MEGHALAYA_2023.61",
      "geometry": {
        "type": "MultiPolygon",
        "coordinates": [
          [
            [
              [
                91.88055385,
                25.3599019
              ],
              [
                91.88055385,
                25.36148066
              ],
              [
                91.88221709,
                25.36148066
              ],
              [
                91.88221709,
                25.3599019
              ],
              [
                91.88055385,
                25.3599019
              ]
            ]
          ]
        ]
      },
      "geometry_name": "the_geom",
      "properties": {
        "Slide_No": "ML/EK/78O15/ 2023/17",
        "State": "Meghalaya",
        "District": "East Khasi Hills",
        "Toposheet": "78O15",
        "Latitude": 25.3608,
        "Longitude": 91.8815,
        "Length": "175.518",
        "Width": "166.439",
        "Height": "59",
        "Area": "11320.8818897238",
        "Activity": "Reactivated",
        "Geomorphol": "Highly Dissected Structural Hills and Valleys",
        "Lithology": "Quartzite with thin phyllite interbands",
        "LULC": "Built Up - Transport Network",
        "Triggering": "Rainfall",
        "Year": "2023",
        "BA_NAME": "Barak and others Basin",
        "SUB_BASIN": "Kynchiang and other south flowing rivers",
        "Source": "RESOURCESAT-2 LISSIV, 10m Cartosat DEM, GSI 25K, LULC phase-II 10K (2018-2023) & India-WRIS"
      }
    },
    {
      "type": "Feature",
      "id": "LS_MEGHALAYA_2023.62",
      "geometry": {
        "type": "MultiPolygon",
        "coordinates": [
          [
            [
              [
                91.88101571,
                25.36048861
              ],
              [
                91.88101571,
                25.36070934
              ],
              [
                91.88120562,
                25.36070934
              ],
              [
                91.88120562,
                25.36048861
              ],
              [
                91.88101571,
                25.36048861
              ]
            ]
          ]
        ]
      },
      "geometry_name": "the_geom",
      "properties": {
        "Slide_No": "ML/EK/78O15/ 2023/18",
        "State": "Meghalaya",
        "District": "East Khasi Hills",
        "Toposheet": "78O15",
        "Latitude": 25.3606,
        "Longitude": 91.8811,
        "Length": "24.356",
        "Width": "19.198",
        "Height": "9",
        "Area": "280.992468280445",
        "Activity": "Active",
        "Geomorphol": "Highly Dissected Structural Hills and Valleys",
        "Lithology": "Quartzite with thin phyllite interbands",
        "LULC": "Evergreen Open Forest",
        "Triggering": "Rainfall",
        "Year": "2023",
        "BA_NAME": "Barak and others Basin",
        "SUB_BASIN": "Kynchiang and other south flowing rivers",
        "Source": "RESOURCESAT-2 LISSIV, 10m Cartosat DEM, GSI 25K, LULC phase-II 10K (2018-2023) & India-WRIS"
      }
    },
    {
      "type": "Feature",
      "id": "LS_MEGHALAYA_2023.63",
      "geometry": {
        "type": "MultiPolygon",
        "coordinates": [
          [
            [
              [
                91.87317181,
                25.37726932
              ],
              [
                91.87317181,
                25.37771285
              ],
              [
                91.87361534,
                25.37771285
              ],
              [
                91.87361534,
                25.37726932
              ],
              [
                91.87317181,
                25.37726932
              ]
            ]
          ]
        ]
      },
      "geometry_name": "the_geom",
      "properties": {
        "Slide_No": "ML/EK/78O15/ 2023/19",
        "State": "Meghalaya",
        "District": "East Khasi Hills",
        "Toposheet": "78O15",
        "Latitude": 25.3775,
        "Longitude": 91.8734,
        "Length": "48.817",
        "Width": "44.889",
        "Height": "17",
        "Area": "1082.02461759258",
        "Activity": "Reactivated",
        "Geomorphol": "Highly Dissected Structural Hills and Valleys",
        "Lithology": "Quartzite with thin phyllite interbands",
        "LULC": "Built Up - Transport Network",
        "Triggering": "Rainfall",
        "Year": "2023",
        "BA_NAME": "Barak and others Basin",
        "SUB_BASIN": "Kynchiang and other south flowing rivers",
        "Source": "RESOURCESAT-2 LISSIV, 10m Cartosat DEM, GSI 25K, LULC phase-II 10K (2018-2023) & India-WRIS"
      }
    },
    {
      "type": "Feature",
      "id": "LS_MEGHALAYA_2023.64",
      "geometry": {
        "type": "MultiPolygon",
        "coordinates": [
          [
            [
              [
                91.95625329,
                25.41569485
              ],
              [
                91.95625329,
                25.41607515
              ],
              [
                91.95663103,
                25.41607515
              ],
              [
                91.95663103,
                25.41569485
              ],
              [
                91.95625329,
                25.41569485
              ]
            ]
          ]
        ]
      },
      "geometry_name": "the_geom",
      "properties": {
        "Slide_No": "ML/EK/78O15/ 2023/20",
        "State": "Meghalaya",
        "District": "East Khasi Hills",
        "Toposheet": "78O15",
        "Latitude": 25.4159,
        "Longitude": 91.9565,
        "Length": "42.236",
        "Width": "37.875",
        "Height": "12",
        "Area": "773.87402240369",
        "Activity": "Active",
        "Geomorphol": "Moderately Dissected Structural Upper Plateau",
        "Lithology": "Fossiliferous limestone/calcareous shale-sandstone",
        "LULC": "Water Body - River",
        "Triggering": "Rainfall",
        "Year": "2023",
        "BA_NAME": "Barak and others Basin",
        "SUB_BASIN": "Kynchiang and other south flowing rivers",
        "Source": "RESOURCESAT-2 LISSIV, 10m Cartosat DEM, GSI 25K, LULC phase-II 10K (2018-2023) & India-WRIS"
      }
    },
    {
      "type": "Feature",
      "id": "LS_MEGHALAYA_2023.65",
      "geometry": {
        "type": "MultiPolygon",
        "coordinates": [
          [
            [
              [
                91.92197349,
                25.64638998
              ],
              [
                91.92197349,
                25.64726609
              ],
              [
                91.92250842,
                25.64726609
              ],
              [
                91.92250842,
                25.64638998
              ],
              [
                91.92197349,
                25.64638998
              ]
            ]
          ]
        ]
      },
      "geometry_name": "the_geom",
      "properties": {
        "Slide_No": "ML/EK/78O14/ 2023/1",
        "State": "Meghalaya",
        "District": "East Khasi Hills",
        "Toposheet": "78O14",
        "Latitude": 25.6469,
        "Longitude": 91.9223,
        "Length": "97.367",
        "Width": "53.025",
        "Height": "62",
        "Area": "1276.56006352585",
        "Activity": "Active",
        "Geomorphol": "Moderately Dissected Structural Upper Plateau",
        "Lithology": "Quartzite with thin phyllite interbands",
        "LULC": "Wasteland - Sparse Scrub Land",
        "Triggering": "Rainfall",
        "Year": "2023",
        "BA_NAME": "Brahmaputra Basin",
        "SUB_BASIN": "Brahmaputra Lower",
        "Source": "RESOURCESAT-2 LISSIV, 10m Cartosat DEM, GSI 25K, LULC phase-II 10K (2018-2023) & India-WRIS"
      }
    },
    {
      "type": "Feature",
      "id": "LS_MEGHALAYA_2023.66",
      "geometry": {
        "type": "MultiPolygon",
        "coordinates": [
          [
            [
              [
                91.92134412,
                25.64622685
              ],
              [
                91.92134412,
                25.64663008
              ],
              [
                91.92235563,
                25.64663008
              ],
              [
                91.92235563,
                25.64622685
              ],
              [
                91.92134412,
                25.64622685
              ]
            ]
          ]
        ]
      },
      "geometry_name": "the_geom",
      "properties": {
        "Slide_No": "ML/EK/78O14/ 2023/7",
        "State": "Meghalaya",
        "District": "East Khasi Hills",
        "Toposheet": "78O14",
        "Latitude": 25.6464,
        "Longitude": 91.9218,
        "Length": "101.361",
        "Width": "45.344",
        "Height": "58",
        "Area": "1317.7280137168",
        "Activity": "Active",
        "Geomorphol": "Moderately Dissected Structural Upper Plateau",
        "Lithology": "Quartzite with thin phyllite interbands",
        "LULC": "Wasteland - Sparse Scrub Land",
        "Triggering": "Rainfall",
        "Year": "2023",
        "BA_NAME": "Brahmaputra Basin",
        "SUB_BASIN": "Brahmaputra Lower",
        "Source": "RESOURCESAT-2 LISSIV, 10m Cartosat DEM, GSI 25K, LULC phase-II 10K (2018-2023) & India-WRIS"
      }
    },
    {
      "type": "Feature",
      "id": "LS_MEGHALAYA_2023.67",
      "geometry": {
        "type": "MultiPolygon",
        "coordinates": [
          [
            [
              [
                91.85731157,
                25.61921336
              ],
              [
                91.85731157,
                25.61991204
              ],
              [
                91.85837307,
                25.61991204
              ],
              [
                91.85837307,
                25.61921336
              ],
              [
                91.85731157,
                25.61921336
              ]
            ]
          ]
        ]
      },
      "geometry_name": "the_geom",
      "properties": {
        "Slide_No": "ML/EK/78O14/ 2023/8",
        "State": "Meghalaya",
        "District": "East Khasi Hills",
        "Toposheet": "78O14",
        "Latitude": 25.6195,
        "Longitude": 91.8578,
        "Length": "106.045",
        "Width": "78.171",
        "Height": "87",
        "Area": "2089.12142903151",
        "Activity": "Reactivated",
        "Geomorphol": "Moderately Dissected Structural Upper Plateau",
        "Lithology": "Quartzite with thin phyllite interbands",
        "LULC": "Wasteland - Sparse Scrub Land",
        "Triggering": "Rainfall",
        "Year": "2023",
        "BA_NAME": "Brahmaputra Basin",
        "SUB_BASIN": "Brahmaputra Lower",
        "Source": "RESOURCESAT-2 LISSIV, 10m Cartosat DEM, GSI 25K, LULC phase-II 10K (2018-2023) & India-WRIS"
      }
    },
    {
      "type": "Feature",
      "id": "LS_MEGHALAYA_2023.68",
      "geometry": {
        "type": "MultiPolygon",
        "coordinates": [
          [
            [
              [
                91.60106643,
                25.34566228
              ],
              [
                91.60106643,
                25.34583862
              ],
              [
                91.60122201,
                25.34583862
              ],
              [
                91.60122201,
                25.34566228
              ],
              [
                91.60106643,
                25.34566228
              ]
            ]
          ]
        ]
      },
      "geometry_name": "the_geom",
      "properties": {
        "Slide_No": "ML/EK/78O11/ 2023/5",
        "State": "Meghalaya",
        "District": "East Khasi Hills",
        "Toposheet": "78O11",
        "Latitude": 25.3457,
        "Longitude": 91.6011,
        "Length": "19.533",
        "Width": "15.608",
        "Height": "2",
        "Area": "245.795176115431",
        "Activity": "Reactivated",
        "Geomorphol": "Moderately Dissected Structural Upper Plateau",
        "Lithology": "Fossiliferous limestone/calcareous shale-sandstone",
        "LULC": "Wasteland - Sparse Scrub Land",
        "Triggering": "Rainfall",
        "Year": "2023",
        "BA_NAME": "Barak and others Basin",
        "SUB_BASIN": "Kynchiang and other south flowing rivers",
        "Source": "RESOURCESAT-2 LISSIV, 10m Cartosat DEM, GSI 25K, LULC phase-II 10K (2018-2023) & India-WRIS"
      }
    },
    {
      "type": "Feature",
      "id": "LS_MEGHALAYA_2023.69",
      "geometry": {
        "type": "MultiPolygon",
        "coordinates": [
          [
            [
              [
                91.60288761,
                25.34710283
              ],
              [
                91.60288761,
                25.34756385
              ],
              [
                91.60320586,
                25.34756385
              ],
              [
                91.60320586,
                25.34710283
              ],
              [
                91.60288761,
                25.34710283
              ]
            ]
          ]
        ]
      },
      "geometry_name": "the_geom",
      "properties": {
        "Slide_No": "ML/EK/78O11/ 2023/6",
        "State": "Meghalaya",
        "District": "East Khasi Hills",
        "Toposheet": "78O11",
        "Latitude": 25.3473,
        "Longitude": 91.603,
        "Length": "51.129",
        "Width": "31.848",
        "Height": "16",
        "Area": "944.448355437351",
        "Activity": "Active",
        "Geomorphol": "Moderately Dissected Structural Upper Plateau",
        "Lithology": "Fossiliferous limestone/calcareous shale-sandstone",
        "LULC": "Wasteland - Sparse Scrub Land",
        "Triggering": "Rainfall",
        "Year": "2023",
        "BA_NAME": "Barak and others Basin",
        "SUB_BASIN": "Kynchiang and other south flowing rivers",
        "Source": "RESOURCESAT-2 LISSIV, 10m Cartosat DEM, GSI 25K, LULC phase-II 10K (2018-2023) & India-WRIS"
      }
    },
    {
      "type": "Feature",
      "id": "LS_MEGHALAYA_2023.70",
      "geometry": {
        "type": "MultiPolygon",
        "coordinates": [
          [
            [
              [
                91.69979177,
                25.51096354
              ],
              [
                91.69979177,
                25.51309401
              ],
              [
                91.70112804,
                25.51309401
              ],
              [
                91.70112804,
                25.51096354
              ],
              [
                91.69979177,
                25.51096354
              ]
            ]
          ]
        ]
      },
      "geometry_name": "the_geom",
      "properties": {
        "Slide_No": "ML/EK/78O10/ 2023/3",
        "State": "Meghalaya",
        "District": "East Khasi Hills",
        "Toposheet": "78O10",
        "Latitude": 25.5119,
        "Longitude": 91.7006,
        "Length": "235.637",
        "Width": "136.092",
        "Height": "57",
        "Area": "18447.0661182375",
        "Activity": "Reactivated",
        "Geomorphol": "Moderately Dissected Structural Upper Plateau",
        "Lithology": "Quartzite with thin phyllite interbands",
        "LULC": "Built Up - Rural Village Settlement",
        "Triggering": "Rainfall",
        "Year": "2023",
        "BA_NAME": "Barak and others Basin",
        "SUB_BASIN": "Kynchiang and other south flowing rivers",
        "Source": "RESOURCESAT-2 LISSIV, 10m Cartosat DEM, GSI 25K, LULC phase-II 10K (2018-2023) & India-WRIS"
      }
    },
    {
      "type": "Feature",
      "id": "LS_MEGHALAYA_2023.71",
      "geometry": {
        "type": "MultiPolygon",
        "coordinates": [
          [
            [
              [
                91.56653694,
                25.51902924
              ],
              [
                91.56653694,
                25.5194735
              ],
              [
                91.5670231,
                25.5194735
              ],
              [
                91.5670231,
                25.51902924
              ],
              [
                91.56653694,
                25.51902924
              ]
            ]
          ]
        ]
      },
      "geometry_name": "the_geom",
      "properties": {
        "Slide_No": "ML/WK/78O10/ 2023/4",
        "State": "Meghalaya",
        "District": "West Khasi Hills",
        "Toposheet": "78O10",
        "Latitude": 25.5193,
        "Longitude": 91.5668,
        "Length": "49.248",
        "Width": "48.832",
        "Height": "16",
        "Area": "1581.62041717736",
        "Activity": "Reactivated",
        "Geomorphol": "Moderately Dissected Structural Upper Plateau",
        "Lithology": "Augen gneiss",
        "LULC": "Built Up - Rural Village Settlement",
        "Triggering": "Rainfall",
        "Year": "2023",
        "BA_NAME": "Barak and others Basin",
        "SUB_BASIN": "Kynchiang and other south flowing rivers",
        "Source": "RESOURCESAT-2 LISSIV, 10m Cartosat DEM, GSI 25K, LULC phase-II 10K (2018-2023) & India-WRIS"
      }
    },
    {
      "type": "Feature",
      "id": "LS_MEGHALAYA_2023.72",
      "geometry": {
        "type": "MultiPolygon",
        "coordinates": [
          [
            [
              [
                91.64408759,
                25.31518859
              ],
              [
                91.64408759,
                25.31617394
              ],
              [
                91.64498804,
                25.31617394
              ],
              [
                91.64498804,
                25.31518859
              ],
              [
                91.64408759,
                25.31518859
              ]
            ]
          ]
        ]
      },
      "geometry_name": "the_geom",
      "properties": {
        "Slide_No": "ML/EK/78O11/ 2023/7",
        "State": "Meghalaya",
        "District": "East Khasi Hills",
        "Toposheet": "78O11",
        "Latitude": 25.3157,
        "Longitude": 91.6445,
        "Length": "109.908",
        "Width": "89.734",
        "Height": "85",
        "Area": "2008.84810476616",
        "Activity": "Active",
        "Geomorphol": "Moderately Dissected Structural Upper Plateau",
        "Lithology": "Porphyritic granite",
        "LULC": "Wasteland - Dense Scrub Land",
        "Triggering": "Rainfall",
        "Year": "2023",
        "BA_NAME": "Barak and others Basin",
        "SUB_BASIN": "Kynchiang and other south flowing rivers",
        "Source": "RESOURCESAT-2 LISSIV, 10m Cartosat DEM, GSI 25K, LULC phase-II 10K (2018-2023) & India-WRIS"
      }
    },
    {
      "type": "Feature",
      "id": "LS_MEGHALAYA_2023.73",
      "geometry": {
        "type": "MultiPolygon",
        "coordinates": [
          [
            [
              [
                91.66437136,
                25.29311805
              ],
              [
                91.66437136,
                25.29479984
              ],
              [
                91.66494692,
                25.29479984
              ],
              [
                91.66494692,
                25.29311805
              ],
              [
                91.66437136,
                25.29311805
              ]
            ]
          ]
        ]
      },
      "geometry_name": "the_geom",
      "properties": {
        "Slide_No": "ML/EK/78O11/ 2023/8",
        "State": "Meghalaya",
        "District": "East Khasi Hills",
        "Toposheet": "78O11",
        "Latitude": 25.294,
        "Longitude": 91.6646,
        "Length": "185.879",
        "Width": "59.487",
        "Height": "178",
        "Area": "3560.78115790072",
        "Activity": "Active",
        "Geomorphol": "Moderately Dissected Structural Hills and Valleys",
        "Lithology": "Gritty sandstone alternating with conglomerate",
        "LULC": "Evergreen Open Forest",
        "Triggering": "Rainfall",
        "Year": "2023",
        "BA_NAME": "Barak and others Basin",
        "SUB_BASIN": "Kynchiang and other south flowing rivers",
        "Source": "RESOURCESAT-2 LISSIV, 10m Cartosat DEM, GSI 25K, LULC phase-II 10K (2018-2023) & India-WRIS"
      }
    },
    {
      "type": "Feature",
      "id": "LS_MEGHALAYA_2023.74",
      "geometry": {
        "type": "MultiPolygon",
        "coordinates": [
          [
            [
              [
                91.63341881,
                25.26782009
              ],
              [
                91.63341881,
                25.27617441
              ],
              [
                91.63551252,
                25.27617441
              ],
              [
                91.63551252,
                25.26782009
              ],
              [
                91.63341881,
                25.26782009
              ]
            ]
          ]
        ]
      },
      "geometry_name": "the_geom",
      "properties": {
        "Slide_No": "ML/EK/78O11/ 2023/9",
        "State": "Meghalaya",
        "District": "East Khasi Hills",
        "Toposheet": "78O11",
        "Latitude": 25.2709,
        "Longitude": 91.635,
        "Length": "926.936",
        "Width": "207.037",
        "Height": "422",
        "Area": "32340.636712793",
        "Activity": "Re-activated",
        "Geomorphol": "Moderately Dissected Structural Hills and Valleys",
        "Lithology": "Mica(biotite)gneiss",
        "LULC": "Evergreen Closed Forest",
        "Triggering": "Rainfall",
        "Year": "2023",
        "BA_NAME": "Barak and others Basin",
        "SUB_BASIN": "Kynchiang and other south flowing rivers",
        "Source": "RESOURCESAT-2 LISSIV, 10m Cartosat DEM, GSI 25K, LULC phase-II 10K (2018-2023) & India-WRIS"
      }
    },
    {
      "type": "Feature",
      "id": "LS_MEGHALAYA_2023.75",
      "geometry": {
        "type": "MultiPolygon",
        "coordinates": [
          [
            [
              [
                91.66876035,
                25.27487432
              ],
              [
                91.66876035,
                25.27798276
              ],
              [
                91.67162741,
                25.27798276
              ],
              [
                91.67162741,
                25.27487432
              ],
              [
                91.66876035,
                25.27487432
              ]
            ]
          ]
        ]
      },
      "geometry_name": "the_geom",
      "properties": {
        "Slide_No": "ML/EK/78O11/ 2023/10",
        "State": "Meghalaya",
        "District": "East Khasi Hills",
        "Toposheet": "78O11",
        "Latitude": 25.2769,
        "Longitude": 91.67,
        "Length": "346.843",
        "Width": "285.819",
        "Height": "383",
        "Area": "15293.9307142024",
        "Activity": "Active",
        "Geomorphol": "Moderately Dissected Structural Hills and Valleys",
        "Lithology": "Arkose/gritty sandstone, coal, fireclay & shale",
        "LULC": "Evergreen Open Forest",
        "Triggering": "Rainfall",
        "Year": "2023",
        "BA_NAME": "Barak and others Basin",
        "SUB_BASIN": "Kynchiang and other south flowing rivers",
        "Source": "RESOURCESAT-2 LISSIV, 10m Cartosat DEM, GSI 25K, LULC phase-II 10K (2018-2023) & India-WRIS"
      }
    },
    {
      "type": "Feature",
      "id": "LS_MEGHALAYA_2023.76",
      "geometry": {
        "type": "MultiPolygon",
        "coordinates": [
          [
            [
              [
                91.66736889,
                25.34958228
              ],
              [
                91.66736889,
                25.35021923
              ],
              [
                91.66784556,
                25.35021923
              ],
              [
                91.66784556,
                25.34958228
              ],
              [
                91.66736889,
                25.34958228
              ]
            ]
          ]
        ]
      },
      "geometry_name": "the_geom",
      "properties": {
        "Slide_No": "ML/EK/78O11/ 2023/11",
        "State": "Meghalaya",
        "District": "East Khasi Hills",
        "Toposheet": "78O11",
        "Latitude": 25.3499,
        "Longitude": 91.6676,
        "Length": "70.873",
        "Width": "47.379",
        "Height": "57",
        "Area": "1427.03771919451",
        "Activity": "Active",
        "Geomorphol": "Moderately Dissected Structural Upper Plateau",
        "Lithology": "Porphyritic granite",
        "LULC": "Evergreen Open Forest",
        "Triggering": "Rainfall",
        "Year": "2023",
        "BA_NAME": "Barak and others Basin",
        "SUB_BASIN": "Kynchiang and other south flowing rivers",
        "Source": "RESOURCESAT-2 LISSIV, 10m Cartosat DEM, GSI 25K, LULC phase-II 10K (2018-2023) & India-WRIS"
      }
    },
    {
      "type": "Feature",
      "id": "LS_MEGHALAYA_2023.77",
      "geometry": {
        "type": "MultiPolygon",
        "coordinates": [
          [
            [
              [
                91.8078828,
                25.41060218
              ],
              [
                91.8078828,
                25.41144503
              ],
              [
                91.81110696,
                25.41144503
              ],
              [
                91.81110696,
                25.41060218
              ],
              [
                91.8078828,
                25.41060218
              ]
            ]
          ]
        ]
      },
      "geometry_name": "the_geom",
      "properties": {
        "Slide_No": "ML/EK/78O15/ 2023/21",
        "State": "Meghalaya",
        "District": "East Khasi Hills",
        "Toposheet": "78O15",
        "Latitude": 25.411,
        "Longitude": 91.8097,
        "Length": "323.758",
        "Width": "96.074",
        "Height": "125",
        "Area": "12316.183523071",
        "Activity": "Reactivated",
        "Geomorphol": "Highly Dissected Structural Hills and Valleys",
        "Lithology": "Quartzite with thin phyllite interbands",
        "LULC": "Wasteland - Sparse Scrub Land",
        "Triggering": "Rainfall",
        "Year": "2023",
        "BA_NAME": "Barak and others Basin",
        "SUB_BASIN": "Kynchiang and other south flowing rivers",
        "Source": "RESOURCESAT-2 LISSIV, 10m Cartosat DEM, GSI 25K, LULC phase-II 10K (2018-2023) & India-WRIS"
      }
    },
    {
      "type": "Feature",
      "id": "LS_MEGHALAYA_2023.79",
      "geometry": {
        "type": "MultiPolygon",
        "coordinates": [
          [
            [
              [
                91.72627138,
                25.50113457
              ],
              [
                91.72627138,
                25.50146696
              ],
              [
                91.72663136,
                25.50146696
              ],
              [
                91.72663136,
                25.50113457
              ],
              [
                91.72627138,
                25.50113457
              ]
            ]
          ]
        ]
      },
      "geometry_name": "the_geom",
      "properties": {
        "Slide_No": "ML/EK/78O10/ 2023/5",
        "State": "Meghalaya",
        "District": "East Khasi Hills",
        "Toposheet": "78O10",
        "Latitude": 25.5013,
        "Longitude": 91.7265,
        "Length": "36.667",
        "Width": "36.248",
        "Height": "5",
        "Area": "987.631289962285",
        "Activity": "Reactivated",
        "Geomorphol": "Moderately Dissected Structural Upper Plateau",
        "Lithology": "Quartzite with thin phyllite interbands",
        "LULC": "Agriculture - Crop Land",
        "Triggering": "Rainfall",
        "Year": "2023",
        "BA_NAME": "Brahmaputra Basin",
        "SUB_BASIN": "Brahmaputra Lower",
        "Source": "RESOURCESAT-2 LISSIV, 10m Cartosat DEM, GSI 25K, LULC phase-II 10K (2018-2023) & India-WRIS"
      }
    },
    {
      "type": "Feature",
      "id": "LS_MEGHALAYA_2023.89",
      "geometry": {
        "type": "MultiPolygon",
        "coordinates": [
          [
            [
              [
                91.86044634,
                25.97669253
              ],
              [
                91.86044634,
                25.97782505
              ],
              [
                91.86105643,
                25.97782505
              ],
              [
                91.86105643,
                25.97669253
              ],
              [
                91.86044634,
                25.97669253
              ]
            ]
          ]
        ]
      },
      "geometry_name": "the_geom",
      "properties": {
        "Slide_No": "ML/RB/78O13/ 2023/1",
        "State": "Meghalaya",
        "District": "Ribhoi",
        "Toposheet": "78O13",
        "Latitude": 25.9773,
        "Longitude": 91.8607,
        "Length": "125.235",
        "Width": "61.742",
        "Height": "30",
        "Area": "4574.09243022424",
        "Activity": "Reactivated",
        "Geomorphol": "River",
        "Lithology": "Migmatite / banded gneiss",
        "LULC": "Evergreen Open Forest",
        "Triggering": "Rainfall",
        "Year": "2023",
        "BA_NAME": "Brahmaputra Basin",
        "SUB_BASIN": "Brahmaputra Lower",
        "Source": "RESOURCESAT-2 LISSIV, 10m Cartosat DEM, GSI 25K, LULC phase-II 10K (2018-2023) & India-WRIS"
      }
    },
    {
      "type": "Feature",
      "id": "LS_MEGHALAYA_2023.92",
      "geometry": {
        "type": "MultiPolygon",
        "coordinates": [
          [
            [
              [
                92.38682064,
                25.29867524
              ],
              [
                92.38682064,
                25.29894878
              ],
              [
                92.38714721,
                25.29894878
              ],
              [
                92.38714721,
                25.29867524
              ],
              [
                92.38682064,
                25.29867524
              ]
            ]
          ]
        ]
      },
      "geometry_name": "the_geom",
      "properties": {
        "Slide_No": "ML/EJ/83C07/ 2023/3",
        "State": "Meghalaya",
        "District": "East Jaintia Hills",
        "Toposheet": "83C07",
        "Latitude": 25.2988,
        "Longitude": 92.387,
        "Length": "32.937",
        "Width": "30.24",
        "Height": "16",
        "Area": "631.882194370477",
        "Activity": "Active",
        "Geomorphol": "Moderately Dissected Structural Upper Plateau",
        "Lithology": "Arkose/gritty sandstone, coal, fireclay & shale",
        "LULC": "Evergreen Open Forest",
        "Triggering": "Rainfall",
        "Year": "2023",
        "BA_NAME": "Barak and others Basin",
        "SUB_BASIN": "Kynchiang and other south flowing rivers",
        "Source": "RESOURCESAT-2 LISSIV, 10m Cartosat DEM, GSI 25K, LULC phase-II 10K (2018-2023) & India-WRIS"
      }
    },
    {
      "type": "Feature",
      "id": "LS_MEGHALAYA_2023.93",
      "geometry": {
        "type": "MultiPolygon",
        "coordinates": [
          [
            [
              [
                91.6994273,
                25.36430274
              ],
              [
                91.6994273,
                25.36507704
              ],
              [
                91.70011419,
                25.36507704
              ],
              [
                91.70011419,
                25.36430274
              ],
              [
                91.6994273,
                25.36430274
              ]
            ]
          ]
        ]
      },
      "geometry_name": "the_geom",
      "properties": {
        "Slide_No": "ML/EK/78O11/ 2023/12",
        "State": "Meghalaya",
        "District": "East Khasi Hills",
        "Toposheet": "78O11",
        "Latitude": 25.3647,
        "Longitude": 91.6998,
        "Length": "86.168",
        "Width": "68.582",
        "Height": "18",
        "Area": "2465.93446993787",
        "Activity": "Active",
        "Geomorphol": "Moderately Dissected Structural Upper Plateau",
        "Lithology": "Porphyritic granite",
        "LULC": "Water Body - River",
        "Triggering": "Rainfall",
        "Year": "2023",
        "BA_NAME": "Barak and others Basin",
        "SUB_BASIN": "Kynchiang and other south flowing rivers",
        "Source": "RESOURCESAT-2 LISSIV, 10m Cartosat DEM, GSI 25K, LULC phase-II 10K (2018-2023) & India-WRIS"
      }
    },
    {
      "type": "Feature",
      "id": "LS_MEGHALAYA_2023.100",
      "geometry": {
        "type": "MultiPolygon",
        "coordinates": [
          [
            [
              [
                91.78236801,
                25.30305727
              ],
              [
                91.78236801,
                25.30418352
              ],
              [
                91.78323956,
                25.30418352
              ],
              [
                91.78323956,
                25.30305727
              ],
              [
                91.78236801,
                25.30305727
              ]
            ]
          ]
        ]
      },
      "geometry_name": "the_geom",
      "properties": {
        "Slide_No": "ML/EK/78O15/ 2023/22",
        "State": "Meghalaya",
        "District": "East Khasi Hills",
        "Toposheet": "78O15",
        "Latitude": 25.3037,
        "Longitude": 91.7828,
        "Length": "125.417",
        "Width": "86.717",
        "Height": "129",
        "Area": "2172.65582185529",
        "Activity": "Active",
        "Geomorphol": "Highly Dissected Structural Hills and Valleys",
        "Lithology": "Quartzite with thin phyllite interbands",
        "LULC": "Evergreen Open Forest",
        "Triggering": "Rainfall",
        "Year": "2023",
        "BA_NAME": "Barak and others Basin",
        "SUB_BASIN": "Kynchiang and other south flowing rivers",
        "Source": "RESOURCESAT-2 LISSIV, 10m Cartosat DEM, GSI 25K, LULC phase-II 10K (2018-2023) & India-WRIS"
      }
    },
    {
      "type": "Feature",
      "id": "LS_MEGHALAYA_2023.101",
      "geometry": {
        "type": "MultiPolygon",
        "coordinates": [
          [
            [
              [
                91.78880333,
                25.30828616
              ],
              [
                91.78880333,
                25.30889171
              ],
              [
                91.78914674,
                25.30889171
              ],
              [
                91.78914674,
                25.30828616
              ],
              [
                91.78880333,
                25.30828616
              ]
            ]
          ]
        ]
      },
      "geometry_name": "the_geom",
      "properties": {
        "Slide_No": "ML/EK/78O15/ 2023/23",
        "State": "Meghalaya",
        "District": "East Khasi Hills",
        "Toposheet": "78O15",
        "Latitude": 25.3086,
        "Longitude": 91.789,
        "Length": "66.834",
        "Width": "35.071",
        "Height": "38",
        "Area": "864.611246101517",
        "Activity": "Active",
        "Geomorphol": "Highly Dissected Structural Hills and Valleys",
        "Lithology": "Quartzite with thin phyllite interbands",
        "LULC": "Evergreen Closed Forest",
        "Triggering": "Rainfall",
        "Year": "2023",
        "BA_NAME": "Barak and others Basin",
        "SUB_BASIN": "Kynchiang and other south flowing rivers",
        "Source": "RESOURCESAT-2 LISSIV, 10m Cartosat DEM, GSI 25K, LULC phase-II 10K (2018-2023) & India-WRIS"
      }
    },
    {
      "type": "Feature",
      "id": "LS_MEGHALAYA_2023.102",
      "geometry": {
        "type": "MultiPolygon",
        "coordinates": [
          [
            [
              [
                91.73433947,
                25.30856255
              ],
              [
                91.73433947,
                25.30944271
              ],
              [
                91.73528543,
                25.30944271
              ],
              [
                91.73528543,
                25.30856255
              ],
              [
                91.73433947,
                25.30856255
              ]
            ]
          ]
        ]
      },
      "geometry_name": "the_geom",
      "properties": {
        "Slide_No": "ML/EK/78O11/ 2023/13",
        "State": "Meghalaya",
        "District": "East Khasi Hills",
        "Toposheet": "78O11",
        "Latitude": 25.309,
        "Longitude": 91.7349,
        "Length": "96.838",
        "Width": "95.779",
        "Height": "111",
        "Area": "3058.65326718902",
        "Activity": "Active",
        "Geomorphol": "Highly Dissected Structural Hills and Valleys",
        "Lithology": "Gritty sandstone alternating with conglomerate",
        "LULC": "Evergreen Open Forest",
        "Triggering": "Rainfall",
        "Year": "2023",
        "BA_NAME": "Barak and others Basin",
        "SUB_BASIN": "Kynchiang and other south flowing rivers",
        "Source": "RESOURCESAT-2 LISSIV, 10m Cartosat DEM, GSI 25K, LULC phase-II 10K (2018-2023) & India-WRIS"
      }
    },
    {
      "type": "Feature",
      "id": "LS_MEGHALAYA_2023.103",
      "geometry": {
        "type": "MultiPolygon",
        "coordinates": [
          [
            [
              [
                91.54354029,
                25.1845384
              ],
              [
                91.54354029,
                25.18547711
              ],
              [
                91.54384548,
                25.18547711
              ],
              [
                91.54384548,
                25.1845384
              ],
              [
                91.54354029,
                25.1845384
              ]
            ]
          ]
        ]
      },
      "geometry_name": "the_geom",
      "properties": {
        "Slide_No": "ML/EK/78O12/ 2023/6",
        "State": "Meghalaya",
        "District": "East Khasi Hills",
        "Toposheet": "78O12",
        "Latitude": 25.185,
        "Longitude": 91.5437,
        "Length": "104.15",
        "Width": "29.803",
        "Height": "65",
        "Area": "1953.47074101493",
        "Activity": "Active",
        "Geomorphol": "Highly Dissected Structural Hills and Valleys",
        "Lithology": "Sandstone, siltstone, shale & phosphatic nodules",
        "LULC": "Evergreen Closed Forest",
        "Triggering": "Rainfall",
        "Year": "2023",
        "BA_NAME": "Barak and others Basin",
        "SUB_BASIN": "Kynchiang and other south flowing rivers",
        "Source": "RESOURCESAT-2 LISSIV, 10m Cartosat DEM, GSI 25K, LULC phase-II 10K (2018-2023) & India-WRIS"
      }
    },
    {
      "type": "Feature",
      "id": "LS_MEGHALAYA_2023.104",
      "geometry": {
        "type": "MultiPolygon",
        "coordinates": [
          [
            [
              [
                91.54062194,
                25.18623147
              ],
              [
                91.54062194,
                25.18646969
              ],
              [
                91.54095836,
                25.18646969
              ],
              [
                91.54095836,
                25.18623147
              ],
              [
                91.54062194,
                25.18623147
              ]
            ]
          ]
        ]
      },
      "geometry_name": "the_geom",
      "properties": {
        "Slide_No": "ML/EK/78O12/ 2023/7",
        "State": "Meghalaya",
        "District": "East Khasi Hills",
        "Toposheet": "78O12",
        "Latitude": 25.1864,
        "Longitude": 91.5408,
        "Length": "33.867",
        "Width": "26.458",
        "Height": "8",
        "Area": "607.816408613563",
        "Activity": "Active",
        "Geomorphol": "Highly Dissected Structural Hills and Valleys",
        "Lithology": "Sandstone, siltstone, shale & phosphatic nodules",
        "LULC": "Evergreen Closed Forest",
        "Triggering": "Rainfall",
        "Year": "2023",
        "BA_NAME": "Barak and others Basin",
        "SUB_BASIN": "Kynchiang and other south flowing rivers",
        "Source": "RESOURCESAT-2 LISSIV, 10m Cartosat DEM, GSI 25K, LULC phase-II 10K (2018-2023) & India-WRIS"
      }
    },
    {
      "type": "Feature",
      "id": "LS_MEGHALAYA_2023.105",
      "geometry": {
        "type": "MultiPolygon",
        "coordinates": [
          [
            [
              [
                91.52527636,
                25.19033977
              ],
              [
                91.52527636,
                25.19076502
              ],
              [
                91.52576025,
                25.19076502
              ],
              [
                91.52576025,
                25.19033977
              ],
              [
                91.52527636,
                25.19033977
              ]
            ]
          ]
        ]
      },
      "geometry_name": "the_geom",
      "properties": {
        "Slide_No": "ML/EK/78O12/ 2023/8",
        "State": "Meghalaya",
        "District": "East Khasi Hills",
        "Toposheet": "78O12",
        "Latitude": 25.1906,
        "Longitude": 91.5255,
        "Length": "49.126",
        "Width": "46.673",
        "Height": "31.9999961853",
        "Area": "823.439226770606",
        "Activity": "Active",
        "Geomorphol": "Highly Dissected Structural Hills and Valleys",
        "Lithology": "Sandstone, siltstone, shale & phosphatic nodules",
        "LULC": "Evergreen Closed Forest",
        "Triggering": "Rainfall",
        "Year": "2023",
        "BA_NAME": "Barak and others Basin",
        "SUB_BASIN": "Kynchiang and other south flowing rivers",
        "Source": "RESOURCESAT-2 LISSIV, 10m Cartosat DEM, GSI 25K, LULC phase-II 10K (2018-2023) & India-WRIS"
      }
    },
    {
      "type": "Feature",
      "id": "LS_MEGHALAYA_2023.106",
      "geometry": {
        "type": "MultiPolygon",
        "coordinates": [
          [
            [
              [
                91.46782472,
                25.18440246
              ],
              [
                91.46782472,
                25.18532703
              ],
              [
                91.46855526,
                25.18532703
              ],
              [
                91.46855526,
                25.18440246
              ],
              [
                91.46782472,
                25.18440246
              ]
            ]
          ]
        ]
      },
      "geometry_name": "the_geom",
      "properties": {
        "Slide_No": "ML/EK/78O08/ 2023/1",
        "State": "Meghalaya",
        "District": "East Khasi Hills",
        "Toposheet": "78O08",
        "Latitude": 25.185,
        "Longitude": 91.4681,
        "Length": "101.929",
        "Width": "74.483",
        "Height": "45",
        "Area": "2395.5629145002",
        "Activity": "Reactivated",
        "Geomorphol": "Highly Dissected Structural Hills and Valleys",
        "Lithology": "Coarse sandstone, siltstone, mudstone & marl",
        "LULC": "Wasteland - Dense Scrub Land",
        "Triggering": "Rainfall",
        "Year": "2023",
        "BA_NAME": "Barak and others Basin",
        "SUB_BASIN": "Kynchiang and other south flowing rivers",
        "Source": "RESOURCESAT-2 LISSIV, 10m Cartosat DEM, GSI 25K, LULC phase-II 10K (2018-2023) & India-WRIS"
      }
    },
    {
      "type": "Feature",
      "id": "LS_MEGHALAYA_2023.107",
      "geometry": {
        "type": "MultiPolygon",
        "coordinates": [
          [
            [
              [
                91.47260482,
                25.18119859
              ],
              [
                91.47260482,
                25.18142554
              ],
              [
                91.47299451,
                25.18142554
              ],
              [
                91.47299451,
                25.18119859
              ],
              [
                91.47260482,
                25.18119859
              ]
            ]
          ]
        ]
      },
      "geometry_name": "the_geom",
      "properties": {
        "Slide_No": "ML/EK/78O08/ 2023/3",
        "State": "Meghalaya",
        "District": "East Khasi Hills",
        "Toposheet": "78O08",
        "Latitude": 25.1813,
        "Longitude": 91.4728,
        "Length": "39.445",
        "Width": "24.826",
        "Height": "13",
        "Area": "635.804898021711",
        "Activity": "Active",
        "Geomorphol": "Highly Dissected Structural Hills and Valleys",
        "Lithology": "Coarse sandstone, siltstone, mudstone & marl",
        "LULC": "Evergreen Open Forest",
        "Triggering": "Rainfall",
        "Year": "2023",
        "BA_NAME": "Barak and others Basin",
        "SUB_BASIN": "Kynchiang and other south flowing rivers",
        "Source": "RESOURCESAT-2 LISSIV, 10m Cartosat DEM, GSI 25K, LULC phase-II 10K (2018-2023) & India-WRIS"
      }
    },
    {
      "type": "Feature",
      "id": "LS_MEGHALAYA_2023.108",
      "geometry": {
        "type": "MultiPolygon",
        "coordinates": [
          [
            [
              [
                91.45236182,
                25.18818876
              ],
              [
                91.45236182,
                25.1928657
              ],
              [
                91.45769377,
                25.1928657
              ],
              [
                91.45769377,
                25.18818876
              ],
              [
                91.45236182,
                25.18818876
              ]
            ]
          ]
        ]
      },
      "geometry_name": "the_geom",
      "properties": {
        "Slide_No": "ML/EK/78O08/ 2023/5",
        "State": "Meghalaya",
        "District": "East Khasi Hills",
        "Toposheet": "78O08",
        "Latitude": 25.19,
        "Longitude": 91.4544,
        "Length": "540.357",
        "Width": "513.947",
        "Height": "190.999996185",
        "Area": "67321.7785991703",
        "Activity": "Reactivated",
        "Geomorphol": "Highly Dissected Structural Hills and Valleys",
        "Lithology": "Coarse sandstone, siltstone, mudstone & marl",
        "LULC": "Wasteland - Dense Scrub Land",
        "Triggering": "Rainfall",
        "Year": "2023",
        "BA_NAME": "Barak and others Basin",
        "SUB_BASIN": "Kynchiang and other south flowing rivers",
        "Source": "RESOURCESAT-2 LISSIV, 10m Cartosat DEM, GSI 25K, LULC phase-II 10K (2018-2023) & India-WRIS"
      }
    },
    {
      "type": "Feature",
      "id": "LS_MEGHALAYA_2023.109",
      "geometry": {
        "type": "MultiPolygon",
        "coordinates": [
          [
            [
              [
                92.38471367,
                25.25925878
              ],
              [
                92.38471367,
                25.25979049
              ],
              [
                92.38553435,
                25.25979049
              ],
              [
                92.38553435,
                25.25925878
              ],
              [
                92.38471367,
                25.25925878
              ]
            ]
          ]
        ]
      },
      "geometry_name": "the_geom",
      "properties": {
        "Slide_No": "ML/EJ/83C07/ 2023/4",
        "State": "Meghalaya",
        "District": "East Jaintia Hills",
        "Toposheet": "83C07",
        "Latitude": 25.2595,
        "Longitude": 92.3852,
        "Length": "82.529",
        "Width": "58.974",
        "Height": "26",
        "Area": "2591.91846921522",
        "Activity": "Active",
        "Geomorphol": "Low Dissected Structural Hills and Valleys",
        "Lithology": "Arkose/gritty sandstone, coal, fireclay & shale",
        "LULC": "Evergreen Closed Forest",
        "Triggering": "Rainfall",
        "Year": "2023",
        "BA_NAME": "Barak and others Basin",
        "SUB_BASIN": "Barak",
        "Source": "RESOURCESAT-2 LISSIV, 10m Cartosat DEM, GSI 25K, LULC phase-II 10K (2018-2023) & India-WRIS"
      }
    },
    {
      "type": "Feature",
      "id": "LS_MEGHALAYA_2023.110",
      "geometry": {
        "type": "MultiPolygon",
        "coordinates": [
          [
            [
              [
                92.00562566,
                25.34500365
              ],
              [
                92.00562566,
                25.3458227
              ],
              [
                92.00587657,
                25.3458227
              ],
              [
                92.00587657,
                25.34500365
              ],
              [
                92.00562566,
                25.34500365
              ]
            ]
          ]
        ]
      },
      "geometry_name": "the_geom",
      "properties": {
        "Slide_No": "ML/EK/83C03/ 2023/3",
        "State": "Meghalaya",
        "District": "East Khasi Hills",
        "Toposheet": "83C03",
        "Latitude": 25.3454,
        "Longitude": 92.0057,
        "Length": "90.634",
        "Width": "25.544",
        "Height": "31",
        "Area": "1497.72754707747",
        "Activity": "Active",
        "Geomorphol": "Highly Dissected Structural Hills and Valleys",
        "Lithology": "Quartzite with thin phyllite interbands",
        "LULC": "Wasteland - Dense Scrub Land",
        "Triggering": "Rainfall",
        "Year": "2023",
        "BA_NAME": "Barak and others Basin",
        "SUB_BASIN": "Kynchiang and other south flowing rivers",
        "Source": "RESOURCESAT-2 LISSIV, 10m Cartosat DEM, GSI 25K, LULC phase-II 10K (2018-2023) & India-WRIS"
      }
    },
    {
      "type": "Feature",
      "id": "LS_MEGHALAYA_2023.111",
      "geometry": {
        "type": "MultiPolygon",
        "coordinates": [
          [
            [
              [
                91.87946114,
                25.19982956
              ],
              [
                91.87946114,
                25.20050593
              ],
              [
                91.88041877,
                25.20050593
              ],
              [
                91.88041877,
                25.19982956
              ],
              [
                91.87946114,
                25.19982956
              ]
            ]
          ]
        ]
      },
      "geometry_name": "the_geom",
      "properties": {
        "Slide_No": "ML/EK/78O16/ 2023/1",
        "State": "Meghalaya",
        "District": "East Khasi Hills",
        "Toposheet": "78O16",
        "Latitude": 25.2002,
        "Longitude": 91.8799,
        "Length": "96.158",
        "Width": "75.255",
        "Height": "29",
        "Area": "3823.21666616582",
        "Activity": "Active",
        "Geomorphol": "Moderately Dissected Structural Hills and Valleys",
        "Lithology": "Gritty sandstone alternating with conglomerate",
        "LULC": "Evergreen Closed Forest",
        "Triggering": "Rainfall",
        "Year": "2023",
        "BA_NAME": "Barak and others Basin",
        "SUB_BASIN": "Kynchiang and other south flowing rivers",
        "Source": "RESOURCESAT-2 LISSIV, 10m Cartosat DEM, GSI 25K, LULC phase-II 10K (2018-2023) & India-WRIS"
      }
    },
    {
      "type": "Feature",
      "id": "LS_MEGHALAYA_2023.112",
      "geometry": {
        "type": "MultiPolygon",
        "coordinates": [
          [
            [
              [
                91.84391923,
                25.33588004
              ],
              [
                91.84391923,
                25.33689147
              ],
              [
                91.84421861,
                25.33689147
              ],
              [
                91.84421861,
                25.33588004
              ],
              [
                91.84391923,
                25.33588004
              ]
            ]
          ]
        ]
      },
      "geometry_name": "the_geom",
      "properties": {
        "Slide_No": "ML/EK/78O15/ 2023/24",
        "State": "Meghalaya",
        "District": "East Khasi Hills",
        "Toposheet": "78O15",
        "Latitude": 25.3365,
        "Longitude": 91.844,
        "Length": "111.919",
        "Width": "30.956",
        "Height": "83",
        "Area": "1880.05279504065",
        "Activity": "Active",
        "Geomorphol": "Highly Dissected Structural Hills and Valleys",
        "Lithology": "Quartzite with thin phyllite interbands",
        "LULC": "Wasteland - Dense Scrub Land",
        "Triggering": "Rainfall",
        "Year": "2023",
        "BA_NAME": "Barak and others Basin",
        "SUB_BASIN": "Kynchiang and other south flowing rivers",
        "Source": "RESOURCESAT-2 LISSIV, 10m Cartosat DEM, GSI 25K, LULC phase-II 10K (2018-2023) & India-WRIS"
      }
    },
    {
      "type": "Feature",
      "id": "LS_MEGHALAYA_2023.113",
      "geometry": {
        "type": "MultiPolygon",
        "coordinates": [
          [
            [
              [
                91.86811866,
                25.31159899
              ],
              [
                91.86811866,
                25.31174646
              ],
              [
                91.86844356,
                25.31174646
              ],
              [
                91.86844356,
                25.31159899
              ],
              [
                91.86811866,
                25.31159899
              ]
            ]
          ]
        ]
      },
      "geometry_name": "the_geom",
      "properties": {
        "Slide_No": "ML/EK/78O15/ 2023/25",
        "State": "Meghalaya",
        "District": "East Khasi Hills",
        "Toposheet": "78O15",
        "Latitude": 25.3117,
        "Longitude": 91.8683,
        "Length": "32.728",
        "Width": "16.144",
        "Height": "4",
        "Area": "316.917663618094",
        "Activity": "Active",
        "Geomorphol": "Highly Dissected Structural Hills and Valleys",
        "Lithology": "Quartzite with thin phyllite interbands",
        "LULC": "Evergreen Closed Forest",
        "Triggering": "Rainfall",
        "Year": "2023",
        "BA_NAME": "Barak and others Basin",
        "SUB_BASIN": "Kynchiang and other south flowing rivers",
        "Source": "RESOURCESAT-2 LISSIV, 10m Cartosat DEM, GSI 25K, LULC phase-II 10K (2018-2023) & India-WRIS"
      }
    },
    {
      "type": "Feature",
      "id": "LS_MEGHALAYA_2023.114",
      "geometry": {
        "type": "MultiPolygon",
        "coordinates": [
          [
            [
              [
                91.87015862,
                25.31535228
              ],
              [
                91.87015862,
                25.31579898
              ],
              [
                91.87047622,
                25.31579898
              ],
              [
                91.87047622,
                25.31535228
              ],
              [
                91.87015862,
                25.31535228
              ]
            ]
          ]
        ]
      },
      "geometry_name": "the_geom",
      "properties": {
        "Slide_No": "ML/EK/78O15/ 2023/26",
        "State": "Meghalaya",
        "District": "East Khasi Hills",
        "Toposheet": "78O15",
        "Latitude": 25.3156,
        "Longitude": 91.8703,
        "Length": "49.627",
        "Width": "31.652",
        "Height": "29",
        "Area": "467.330428831112",
        "Activity": "Active",
        "Geomorphol": "Highly Dissected Structural Hills and Valleys",
        "Lithology": "Quartzite with thin phyllite interbands",
        "LULC": "Wasteland - Dense Scrub Land",
        "Triggering": "Rainfall",
        "Year": "2023",
        "BA_NAME": "Barak and others Basin",
        "SUB_BASIN": "Kynchiang and other south flowing rivers",
        "Source": "RESOURCESAT-2 LISSIV, 10m Cartosat DEM, GSI 25K, LULC phase-II 10K (2018-2023) & India-WRIS"
      }
    },
    {
      "type": "Feature",
      "id": "LS_MEGHALAYA_2023.115",
      "geometry": {
        "type": "MultiPolygon",
        "coordinates": [
          [
            [
              [
                91.56517959,
                25.47239239
              ],
              [
                91.56517959,
                25.47363537
              ],
              [
                91.56571377,
                25.47363537
              ],
              [
                91.56571377,
                25.47239239
              ],
              [
                91.56517959,
                25.47239239
              ]
            ]
          ]
        ]
      },
      "geometry_name": "the_geom",
      "properties": {
        "Slide_No": "ML/EK/78O11/ 2023/14",
        "State": "Meghalaya",
        "District": "East Khasi Hills",
        "Toposheet": "78O11",
        "Latitude": 25.4731,
        "Longitude": 91.5654,
        "Length": "138.113",
        "Width": "52.388",
        "Height": "69",
        "Area": "2393.84073551978",
        "Activity": "Active",
        "Geomorphol": "Moderately Dissected Structural Upper Plateau",
        "Lithology": "Unclassified gneiss",
        "LULC": "Wasteland - Dense Scrub Land",
        "Triggering": "Rainfall",
        "Year": "2023",
        "BA_NAME": "Barak and others Basin",
        "SUB_BASIN": "Kynchiang and other south flowing rivers",
        "Source": "RESOURCESAT-2 LISSIV, 10m Cartosat DEM, GSI 25K, LULC phase-II 10K (2018-2023) & India-WRIS"
      }
    },
    {
      "type": "Feature",
      "id": "LS_MEGHALAYA_2023.116",
      "geometry": {
        "type": "MultiPolygon",
        "coordinates": [
          [
            [
              [
                91.56430799,
                25.46908374
              ],
              [
                91.56430799,
                25.4693484
              ],
              [
                91.56486597,
                25.4693484
              ],
              [
                91.56486597,
                25.46908374
              ],
              [
                91.56430799,
                25.46908374
              ]
            ]
          ]
        ]
      },
      "geometry_name": "the_geom",
      "properties": {
        "Slide_No": "ML/EK/78O11/ 2023/15",
        "State": "Meghalaya",
        "District": "East Khasi Hills",
        "Toposheet": "78O11",
        "Latitude": 25.4692,
        "Longitude": 91.5646,
        "Length": "55.893",
        "Width": "29.766",
        "Height": "28",
        "Area": "1011.84345866964",
        "Activity": "Active",
        "Geomorphol": "Moderately Dissected Structural Upper Plateau",
        "Lithology": "Unclassified gneiss",
        "LULC": "Evergreen Closed Forest",
        "Triggering": "Rainfall",
        "Year": "2023",
        "BA_NAME": "Barak and others Basin",
        "SUB_BASIN": "Kynchiang and other south flowing rivers",
        "Source": "RESOURCESAT-2 LISSIV, 10m Cartosat DEM, GSI 25K, LULC phase-II 10K (2018-2023) & India-WRIS"
      }
    },
    {
      "type": "Feature",
      "id": "LS_MEGHALAYA_2023.119",
      "geometry": {
        "type": "MultiPolygon",
        "coordinates": [
          [
            [
              [
                91.89682287,
                25.18000206
              ],
              [
                91.89682287,
                25.18126337
              ],
              [
                91.8980239,
                25.18126337
              ],
              [
                91.8980239,
                25.18000206
              ],
              [
                91.89682287,
                25.18000206
              ]
            ]
          ]
        ]
      },
      "geometry_name": "the_geom",
      "properties": {
        "Slide_No": "ML/EK/78O16/ 2023/7",
        "State": "Meghalaya",
        "District": "East Khasi Hills",
        "Toposheet": "78O16",
        "Latitude": 25.1806,
        "Longitude": 91.8974,
        "Length": "139.452",
        "Width": "121.865",
        "Height": "89",
        "Area": "8340.62525671394",
        "Activity": "Active",
        "Geomorphol": "Moderately Dissected Structural Hills and Valleys",
        "Lithology": "Gritty sandstone alternating with conglomerate",
        "LULC": "Water Body - River",
        "Triggering": "Rainfall",
        "Year": "2023",
        "BA_NAME": "Barak and others Basin",
        "SUB_BASIN": "Kynchiang and other south flowing rivers",
        "Source": "RESOURCESAT-2 LISSIV, 10m Cartosat DEM, GSI 25K, LULC phase-II 10K (2018-2023) & India-WRIS"
      }
    },
    {
      "type": "Feature",
      "id": "LS_MEGHALAYA_2023.120",
      "geometry": {
        "type": "MultiPolygon",
        "coordinates": [
          [
            [
              [
                91.83301662,
                25.17914334
              ],
              [
                91.83301662,
                25.17944035
              ],
              [
                91.83331656,
                25.17944035
              ],
              [
                91.83331656,
                25.17914334
              ],
              [
                91.83301662,
                25.17914334
              ]
            ]
          ]
        ]
      },
      "geometry_name": "the_geom",
      "properties": {
        "Slide_No": "ML/EK/78O16/ 2023/6",
        "State": "Meghalaya",
        "District": "East Khasi Hills",
        "Toposheet": "78O16",
        "Latitude": 25.1793,
        "Longitude": 91.8332,
        "Length": "32.93",
        "Width": "30.172",
        "Height": "43",
        "Area": "760.881207472369",
        "Activity": "Active",
        "Geomorphol": "Moderately Dissected Structural Hills and Valleys",
        "Lithology": "Fossiliferous limestone/calcareous shale-sandstone",
        "LULC": "Evergreen Open Forest",
        "Triggering": "Rainfall",
        "Year": "2023",
        "BA_NAME": "Barak and others Basin",
        "SUB_BASIN": "Kynchiang and other south flowing rivers",
        "Source": "RESOURCESAT-2 LISSIV, 10m Cartosat DEM, GSI 25K, LULC phase-II 10K (2018-2023) & India-WRIS"
      }
    },
    {
      "type": "Feature",
      "id": "LS_MEGHALAYA_2023.153",
      "geometry": {
        "type": "MultiPolygon",
        "coordinates": [
          [
            [
              [
                91.983072,
                25.53603668
              ],
              [
                91.983072,
                25.53634805
              ],
              [
                91.98374513,
                25.53634805
              ],
              [
                91.98374513,
                25.53603668
              ],
              [
                91.983072,
                25.53603668
              ]
            ]
          ]
        ]
      },
      "geometry_name": "the_geom",
      "properties": {
        "Slide_No": "ML/EK/78O14/ 2023/9",
        "State": "Meghalaya",
        "District": "East Khasi Hills",
        "Toposheet": "78O14",
        "Latitude": 25.5362,
        "Longitude": 91.9834,
        "Length": "67.522",
        "Width": "34.753",
        "Height": "32",
        "Area": "1569.91588546644",
        "Activity": "Reactivated",
        "Geomorphol": "Moderately Dissected Structural Upper Plateau",
        "Lithology": "Quartzite with thin phyllite interbands",
        "LULC": "Evergreen Open Forest",
        "Triggering": "Rainfall",
        "Year": "2023",
        "BA_NAME": "Barak and others Basin",
        "SUB_BASIN": "Kynchiang and other south flowing rivers",
        "Source": "RESOURCESAT-2 LISSIV, 10m Cartosat DEM, GSI 25K, LULC phase-II 10K (2018-2023) & India-WRIS"
      }
    },
    {
      "type": "Feature",
      "id": "LS_MEGHALAYA_2023.154",
      "geometry": {
        "type": "MultiPolygon",
        "coordinates": [
          [
            [
              [
                92.59610655,
                25.23757888
              ],
              [
                92.59610655,
                25.24018226
              ],
              [
                92.59690053,
                25.24018226
              ],
              [
                92.59690053,
                25.23757888
              ],
              [
                92.59610655,
                25.23757888
              ]
            ]
          ]
        ]
      },
      "geometry_name": "the_geom",
      "properties": {
        "Slide_No": "ML/EJ/83C12/ 2023/3",
        "State": "Meghalaya",
        "District": "East Jaintia Hills",
        "Toposheet": "83C12",
        "Latitude": 25.239,
        "Longitude": 92.5967,
        "Length": "288.477",
        "Width": "79.273",
        "Height": "204",
        "Area": "4507.01131499566",
        "Activity": "Active",
        "Geomorphol": "Moderately Dissected Structural Hills and Valleys",
        "Lithology": "Sandstone, carb shale with conglomerate/limestone",
        "LULC": "Evergreen Open Forest",
        "Triggering": "Rainfall",
        "Year": "2023",
        "BA_NAME": "Barak and others Basin",
        "SUB_BASIN": "Barak",
        "Source": "RESOURCESAT-2 LISSIV, 10m Cartosat DEM, GSI 25K, LULC phase-II 10K (2018-2023) & India-WRIS"
      }
    },
    {
      "type": "Feature",
      "id": "LS_MEGHALAYA_2023.155",
      "geometry": {
        "type": "MultiPolygon",
        "coordinates": [
          [
            [
              [
                91.48404411,
                25.24383082
              ],
              [
                91.48404411,
                25.24432681
              ],
              [
                91.48452909,
                25.24432681
              ],
              [
                91.48452909,
                25.24383082
              ],
              [
                91.48404411,
                25.24383082
              ]
            ]
          ]
        ]
      },
      "geometry_name": "the_geom",
      "properties": {
        "Slide_No": "ML/EK/78O08/ 2023/7",
        "State": "Meghalaya",
        "District": "East Khasi Hills",
        "Toposheet": "78O08",
        "Latitude": 25.2441,
        "Longitude": 91.4843,
        "Length": "54.769",
        "Width": "49.08",
        "Height": "23",
        "Area": "1392.42218894454",
        "Activity": "Active",
        "Geomorphol": "Moderately Dissected Structural Hills and Valleys",
        "Lithology": "Gritty sandstone alternating with conglomerate",
        "LULC": "Wasteland - Dense Scrub Land",
        "Triggering": "Rainfall",
        "Year": "2023",
        "BA_NAME": "Barak and others Basin",
        "SUB_BASIN": "Kynchiang and other south flowing rivers",
        "Source": "RESOURCESAT-2 LISSIV, 10m Cartosat DEM, GSI 25K, LULC phase-II 10K (2018-2023) & India-WRIS"
      }
    },
    {
      "type": "Feature",
      "id": "LS_MEGHALAYA_2023.156",
      "geometry": {
        "type": "MultiPolygon",
        "coordinates": [
          [
            [
              [
                92.18640965,
                25.44427412
              ],
              [
                92.18640965,
                25.44455511
              ],
              [
                92.18689135,
                25.44455511
              ],
              [
                92.18689135,
                25.44427412
              ],
              [
                92.18640965,
                25.44427412
              ]
            ]
          ]
        ]
      },
      "geometry_name": "the_geom",
      "properties": {
        "Slide_No": "ML/WJ/83C03/ 2023/4",
        "State": "Meghalaya",
        "District": "West Jaintia Hills",
        "Toposheet": "83C03",
        "Latitude": 25.4444,
        "Longitude": 92.1867,
        "Length": "48.454",
        "Width": "31.015",
        "Height": "25",
        "Area": "933.803626662673",
        "Activity": "Active",
        "Geomorphol": "Highly Dissected Structural Upper Plateau",
        "Lithology": "Quartzite with thin phyllite interbands",
        "LULC": "Evergreen Open Forest",
        "Triggering": "Rainfall",
        "Year": "2023",
        "BA_NAME": "Barak and others Basin",
        "SUB_BASIN": "Kynchiang and other south flowing rivers",
        "Source": "RESOURCESAT-2 LISSIV, 10m Cartosat DEM, GSI 25K, LULC phase-II 10K (2018-2023) & India-WRIS"
      }
    },
    {
      "type": "Feature",
      "id": "LS_MEGHALAYA_2023.157",
      "geometry": {
        "type": "MultiPolygon",
        "coordinates": [
          [
            [
              [
                91.86702623,
                26.01832511
              ],
              [
                91.86702623,
                26.01855784
              ],
              [
                91.86721088,
                26.01855784
              ],
              [
                91.86721088,
                26.01832511
              ],
              [
                91.86702623,
                26.01832511
              ]
            ]
          ]
        ]
      },
      "geometry_name": "the_geom",
      "properties": {
        "Slide_No": "ML/RB/78N16/ 2023/16",
        "State": "Meghalaya",
        "District": "Ribhoi",
        "Toposheet": "78N16",
        "Latitude": 26.0184,
        "Longitude": 91.8671,
        "Length": "25.724",
        "Width": "18.529",
        "Height": "2",
        "Area": "384.432585842983",
        "Activity": "Reactivated",
        "Geomorphol": "River",
        "Lithology": "Migmatite / banded gneiss",
        "LULC": "Built Up - Transport Network",
        "Triggering": "Rainfall",
        "Year": "2023",
        "BA_NAME": "Brahmaputra Basin",
        "SUB_BASIN": "Brahmaputra Lower",
        "Source": "RESOURCESAT-2 LISSIV, 10m Cartosat DEM, GSI 25K, LULC phase-II 10K (2018-2023) & India-WRIS"
      }
    },
    {
      "type": "Feature",
      "id": "LS_MEGHALAYA_2023.158",
      "geometry": {
        "type": "MultiPolygon",
        "coordinates": [
          [
            [
              [
                91.87343761,
                25.78754905
              ],
              [
                91.87343761,
                25.78776763
              ],
              [
                91.87368216,
                25.78776763
              ],
              [
                91.87368216,
                25.78754905
              ],
              [
                91.87343761,
                25.78754905
              ]
            ]
          ]
        ]
      },
      "geometry_name": "the_geom",
      "properties": {
        "Slide_No": "ML/RB/78O13/ 2023/2",
        "State": "Meghalaya",
        "District": "Ribhoi",
        "Toposheet": "78O13",
        "Latitude": 25.7877,
        "Longitude": 91.8736,
        "Length": "24.572",
        "Width": "24.154",
        "Height": "14",
        "Area": "472.722202359732",
        "Activity": "Active",
        "Geomorphol": "Highly Dissected Structural Upper Plateau",
        "Lithology": "Granodiorite-diorite",
        "LULC": "Evergreen Closed Forest",
        "Triggering": "Rainfall",
        "Year": "2023",
        "BA_NAME": "Brahmaputra Basin",
        "SUB_BASIN": "Brahmaputra Lower",
        "Source": "RESOURCESAT-2 LISSIV, 10m Cartosat DEM, GSI 25K, LULC phase-II 10K (2018-2023) & India-WRIS"
      }
    },
    {
      "type": "Feature",
      "id": "LS_MEGHALAYA_2023.161",
      "geometry": {
        "type": "MultiPolygon",
        "coordinates": [
          [
            [
              [
                92.59195386,
                25.22151096
              ],
              [
                92.59195386,
                25.22264318
              ],
              [
                92.59359763,
                25.22264318
              ],
              [
                92.59359763,
                25.22151096
              ],
              [
                92.59195386,
                25.22151096
              ]
            ]
          ]
        ]
      },
      "geometry_name": "the_geom",
      "properties": {
        "Slide_No": "ML/EJ/83C12/ 2023/4",
        "State": "Meghalaya",
        "District": "East Jaintia Hills",
        "Toposheet": "83C12",
        "Latitude": 25.222,
        "Longitude": 92.5928,
        "Length": "165.73",
        "Width": "125.111",
        "Height": "77",
        "Area": "13557.7977455054",
        "Activity": "Active",
        "Geomorphol": "Moderately Dissected Structural Hills and Valleys",
        "Lithology": "Sst, shale,siltstone,limestone & conglomerate",
        "LULC": "Evergreen Closed Forest",
        "Triggering": "Rainfall",
        "Year": "2023",
        "BA_NAME": "Barak and others Basin",
        "SUB_BASIN": "Barak",
        "Source": "RESOURCESAT-2 LISSIV, 10m Cartosat DEM, GSI 25K, LULC phase-II 10K (2018-2023) & India-WRIS"
      }
    },
    {
      "type": "Feature",
      "id": "LS_MEGHALAYA_2023.162",
      "geometry": {
        "type": "MultiPolygon",
        "coordinates": [
          [
            [
              [
                92.37972504,
                25.28022817
              ],
              [
                92.37972504,
                25.28059104
              ],
              [
                92.37997343,
                25.28059104
              ],
              [
                92.37997343,
                25.28022817
              ],
              [
                92.37972504,
                25.28022817
              ]
            ]
          ]
        ]
      },
      "geometry_name": "the_geom",
      "properties": {
        "Slide_No": "ML/EJ/83C07/ 2023/5",
        "State": "Meghalaya",
        "District": "East Jaintia Hills",
        "Toposheet": "83C07",
        "Latitude": 25.2804,
        "Longitude": 92.3799,
        "Length": "40.182",
        "Width": "25.022",
        "Height": "8",
        "Area": "784.218017060773",
        "Activity": "Active",
        "Geomorphol": "Low Dissected Structural Hills and Valleys",
        "Lithology": "Arkose/gritty sandstone, coal, fireclay & shale",
        "LULC": "Evergreen Closed Forest",
        "Triggering": "Rainfall",
        "Year": "2023",
        "BA_NAME": "Barak and others Basin",
        "SUB_BASIN": "Kynchiang and other south flowing rivers",
        "Source": "RESOURCESAT-2 LISSIV, 10m Cartosat DEM, GSI 25K, LULC phase-II 10K (2018-2023) & India-WRIS"
      }
    },
    {
      "type": "Feature",
      "id": "LS_MEGHALAYA_2023.163",
      "geometry": {
        "type": "MultiPolygon",
        "coordinates": [
          [
            [
              [
                92.1668262,
                25.27760172
              ],
              [
                92.1668262,
                25.2781252
              ],
              [
                92.16703469,
                25.2781252
              ],
              [
                92.16703469,
                25.27760172
              ],
              [
                92.1668262,
                25.27760172
              ]
            ]
          ]
        ]
      },
      "geometry_name": "the_geom",
      "properties": {
        "Slide_No": "ML/WJ/83C03/ 2023/5",
        "State": "Meghalaya",
        "District": "West Jaintia Hills",
        "Toposheet": "83C03",
        "Latitude": 25.2779,
        "Longitude": 92.1669,
        "Length": "57.974",
        "Width": "20.813",
        "Height": "19",
        "Area": "693.589445576572",
        "Activity": "Active",
        "Geomorphol": "Moderately Dissected Structural Hills and Valleys",
        "Lithology": "Arkose/gritty sandstone, coal, fireclay & shale",
        "LULC": "Wasteland - Dense Scrub Land",
        "Triggering": "Rainfall",
        "Year": "2023",
        "BA_NAME": "Barak and others Basin",
        "SUB_BASIN": "Kynchiang and other south flowing rivers",
        "Source": "RESOURCESAT-2 LISSIV, 10m Cartosat DEM, GSI 25K, LULC phase-II 10K (2018-2023) & India-WRIS"
      }
    },
    {
      "type": "Feature",
      "id": "LS_MEGHALAYA_2023.164",
      "geometry": {
        "type": "MultiPolygon",
        "coordinates": [
          [
            [
              [
                92.01588892,
                25.40144274
              ],
              [
                92.01588892,
                25.40205567
              ],
              [
                92.01639775,
                25.40205567
              ],
              [
                92.01639775,
                25.40144274
              ],
              [
                92.01588892,
                25.40144274
              ]
            ]
          ]
        ]
      },
      "geometry_name": "the_geom",
      "properties": {
        "Slide_No": "ML/EK/83C03/ 2023/6",
        "State": "Meghalaya",
        "District": "East Khasi Hills",
        "Toposheet": "83C03",
        "Latitude": 25.4017,
        "Longitude": 92.0161,
        "Length": "67.922",
        "Width": "50.903",
        "Height": "21",
        "Area": "2095.32788556328",
        "Activity": "Reactivated",
        "Geomorphol": "Highly Dissected Structural Hills and Valleys",
        "Lithology": "Altered pyroxenite,amphibolite, basalt dykes/sills",
        "LULC": "Water Body - River",
        "Triggering": "Rainfall",
        "Year": "2023",
        "BA_NAME": "Barak and others Basin",
        "SUB_BASIN": "Kynchiang and other south flowing rivers",
        "Source": "RESOURCESAT-2 LISSIV, 10m Cartosat DEM, GSI 25K, LULC phase-II 10K (2018-2023) & India-WRIS"
      }
    },
    {
      "type": "Feature",
      "id": "LS_MEGHALAYA_2023.165",
      "geometry": {
        "type": "MultiPolygon",
        "coordinates": [
          [
            [
              [
                91.99852787,
                25.40065271
              ],
              [
                91.99852787,
                25.40124977
              ],
              [
                91.9989802,
                25.40124977
              ],
              [
                91.9989802,
                25.40065271
              ],
              [
                91.99852787,
                25.40065271
              ]
            ]
          ]
        ]
      },
      "geometry_name": "the_geom",
      "properties": {
        "Slide_No": "ML/EK/78O15/ 2023/27",
        "State": "Meghalaya",
        "District": "East Khasi Hills",
        "Toposheet": "78O15",
        "Latitude": 25.401,
        "Longitude": 91.9987,
        "Length": "65.864",
        "Width": "45.445",
        "Height": "40",
        "Area": "1984.4936385175",
        "Activity": "Reactivated",
        "Geomorphol": "Highly Dissected Structural Hills and Valleys",
        "Lithology": "Quartzite with thin phyllite interbands",
        "LULC": "Water Body - River",
        "Triggering": "Rainfall",
        "Year": "2023",
        "BA_NAME": "Barak and others Basin",
        "SUB_BASIN": "Kynchiang and other south flowing rivers",
        "Source": "RESOURCESAT-2 LISSIV, 10m Cartosat DEM, GSI 25K, LULC phase-II 10K (2018-2023) & India-WRIS"
      }
    },
    {
      "type": "Feature",
      "id": "LS_MEGHALAYA_2023.166",
      "geometry": {
        "type": "MultiPolygon",
        "coordinates": [
          [
            [
              [
                91.80008984,
                25.23493104
              ],
              [
                91.80008984,
                25.23559954
              ],
              [
                91.80087293,
                25.23559954
              ],
              [
                91.80087293,
                25.23493104
              ],
              [
                91.80008984,
                25.23493104
              ]
            ]
          ]
        ]
      },
      "geometry_name": "the_geom",
      "properties": {
        "Slide_No": "ML/EK/78O16/ 2023/3",
        "State": "Meghalaya",
        "District": "East Khasi Hills",
        "Toposheet": "78O16",
        "Latitude": 25.2353,
        "Longitude": 91.8005,
        "Length": "79.464",
        "Width": "73.443",
        "Height": "55",
        "Area": "1538.52777894025",
        "Activity": "Active",
        "Geomorphol": "Highly Dissected Structural Hills and Valleys",
        "Lithology": "Gritty sandstone alternating with conglomerate",
        "LULC": "Evergreen Closed Forest",
        "Triggering": "Rainfall",
        "Year": "2023",
        "BA_NAME": "Barak and others Basin",
        "SUB_BASIN": "Kynchiang and other south flowing rivers",
        "Source": "RESOURCESAT-2 LISSIV, 10m Cartosat DEM, GSI 25K, LULC phase-II 10K (2018-2023) & India-WRIS"
      }
    },
    {
      "type": "Feature",
      "id": "LS_MEGHALAYA_2023.167",
      "geometry": {
        "type": "MultiPolygon",
        "coordinates": [
          [
            [
              [
                91.79990963,
                25.23550867
              ],
              [
                91.79990963,
                25.23591008
              ],
              [
                91.80069269,
                25.23591008
              ],
              [
                91.80069269,
                25.23550867
              ],
              [
                91.79990963,
                25.23550867
              ]
            ]
          ]
        ]
      },
      "geometry_name": "the_geom",
      "properties": {
        "Slide_No": "ML/EK/78O16/ 2023/4",
        "State": "Meghalaya",
        "District": "East Khasi Hills",
        "Toposheet": "78O16",
        "Latitude": 25.2357,
        "Longitude": 91.8003,
        "Length": "79.119",
        "Width": "43.924",
        "Height": "47",
        "Area": "1331.38479951444",
        "Activity": "Active",
        "Geomorphol": "Highly Dissected Structural Hills and Valleys",
        "Lithology": "Gritty sandstone alternating with conglomerate",
        "LULC": "Evergreen Closed Forest",
        "Triggering": "Rainfall",
        "Year": "2023",
        "BA_NAME": "Barak and others Basin",
        "SUB_BASIN": "Kynchiang and other south flowing rivers",
        "Source": "RESOURCESAT-2 LISSIV, 10m Cartosat DEM, GSI 25K, LULC phase-II 10K (2018-2023) & India-WRIS"
      }
    },
    {
      "type": "Feature",
      "id": "LS_MEGHALAYA_2023.168",
      "geometry": {
        "type": "MultiPolygon",
        "coordinates": [
          [
            [
              [
                91.51133575,
                25.26607881
              ],
              [
                91.51133575,
                25.267261
              ],
              [
                91.5119656,
                25.267261
              ],
              [
                91.5119656,
                25.26607881
              ],
              [
                91.51133575,
                25.26607881
              ]
            ]
          ]
        ]
      },
      "geometry_name": "the_geom",
      "properties": {
        "Slide_No": "ML/EK/78O11/ 2023/16",
        "State": "Meghalaya",
        "District": "East Khasi Hills",
        "Toposheet": "78O11",
        "Latitude": 25.2666,
        "Longitude": 91.5117,
        "Length": "130.916",
        "Width": "63.5",
        "Height": "50",
        "Area": "4994.62293297441",
        "Activity": "Active",
        "Geomorphol": "Moderately Dissected Structural Hills and Valleys",
        "Lithology": "Mica(biotite)gneiss",
        "LULC": "Evergreen Closed Forest",
        "Triggering": "Rainfall",
        "Year": "2023",
        "BA_NAME": "Barak and others Basin",
        "SUB_BASIN": "Kynchiang and other south flowing rivers",
        "Source": "RESOURCESAT-2 LISSIV, 10m Cartosat DEM, GSI 25K, LULC phase-II 10K (2018-2023) & India-WRIS"
      }
    },
    {
      "type": "Feature",
      "id": "LS_MEGHALAYA_2023.169",
      "geometry": {
        "type": "MultiPolygon",
        "coordinates": [
          [
            [
              [
                91.81080732,
                25.5185911
              ],
              [
                91.81080732,
                25.51889938
              ],
              [
                91.81101789,
                25.51889938
              ],
              [
                91.81101789,
                25.5185911
              ],
              [
                91.81080732,
                25.5185911
              ]
            ]
          ]
        ]
      },
      "geometry_name": "the_geom",
      "properties": {
        "Slide_No": "ML/EK/78O14/ 2023/10",
        "State": "Meghalaya",
        "District": "East Khasi Hills",
        "Toposheet": "78O14",
        "Latitude": 25.5187,
        "Longitude": 91.8109,
        "Length": "34.078",
        "Width": "21.167",
        "Height": "11",
        "Area": "567.579288038503",
        "Activity": "Active",
        "Geomorphol": "Moderately Dissected Structural Upper Plateau",
        "Lithology": "Grey and pink porphyritic granite",
        "LULC": "Evergreen Open Forest",
        "Triggering": "Rainfall",
        "Year": "2023",
        "BA_NAME": "Barak and others Basin",
        "SUB_BASIN": "Kynchiang and other south flowing rivers",
        "Source": "RESOURCESAT-2 LISSIV, 10m Cartosat DEM, GSI 25K, LULC phase-II 10K (2018-2023) & India-WRIS"
      }
    },
    {
      "type": "Feature",
      "id": "LS_MEGHALAYA_2023.170",
      "geometry": {
        "type": "MultiPolygon",
        "coordinates": [
          [
            [
              [
                91.81182846,
                25.51602989
              ],
              [
                91.81182846,
                25.51647964
              ],
              [
                91.81222685,
                25.51647964
              ],
              [
                91.81222685,
                25.51602989
              ],
              [
                91.81182846,
                25.51602989
              ]
            ]
          ]
        ]
      },
      "geometry_name": "the_geom",
      "properties": {
        "Slide_No": "ML/EK/78O14/ 2023/11",
        "State": "Meghalaya",
        "District": "East Khasi Hills",
        "Toposheet": "78O14",
        "Latitude": 25.5163,
        "Longitude": 91.812,
        "Length": "49.862",
        "Width": "40.016",
        "Height": "10",
        "Area": "1353.77938923681",
        "Activity": "Active",
        "Geomorphol": "Moderately Dissected Structural Upper Plateau",
        "Lithology": "Grey and pink porphyritic granite",
        "LULC": "Evergreen Open Forest",
        "Triggering": "Rainfall",
        "Year": "2023",
        "BA_NAME": "Barak and others Basin",
        "SUB_BASIN": "Kynchiang and other south flowing rivers",
        "Source": "RESOURCESAT-2 LISSIV, 10m Cartosat DEM, GSI 25K, LULC phase-II 10K (2018-2023) & India-WRIS"
      }
    },
    {
      "type": "Feature",
      "id": "LS_MEGHALAYA_2023.171",
      "geometry": {
        "type": "MultiPolygon",
        "coordinates": [
          [
            [
              [
                91.85626257,
                25.30202096
              ],
              [
                91.85626257,
                25.30257632
              ],
              [
                91.85662724,
                25.30257632
              ],
              [
                91.85662724,
                25.30202096
              ],
              [
                91.85626257,
                25.30202096
              ]
            ]
          ]
        ]
      },
      "geometry_name": "the_geom",
      "properties": {
        "Slide_No": "ML/EK/78O15/ 2023/28",
        "State": "Meghalaya",
        "District": "East Khasi Hills",
        "Toposheet": "78O15",
        "Latitude": 25.3023,
        "Longitude": 91.8565,
        "Length": "61.706",
        "Width": "36.349",
        "Height": "42",
        "Area": "875.563539713422",
        "Activity": "Active",
        "Geomorphol": "Highly Dissected Structural Hills and Valleys",
        "Lithology": "Quartzite with thin phyllite interbands",
        "LULC": "Evergreen Closed Forest",
        "Triggering": "Rainfall",
        "Year": "2023",
        "BA_NAME": "Barak and others Basin",
        "SUB_BASIN": "Kynchiang and other south flowing rivers",
        "Source": "RESOURCESAT-2 LISSIV, 10m Cartosat DEM, GSI 25K, LULC phase-II 10K (2018-2023) & India-WRIS"
      }
    },
    {
      "type": "Feature",
      "id": "LS_MEGHALAYA_2023.172",
      "geometry": {
        "type": "MultiPolygon",
        "coordinates": [
          [
            [
              [
                91.99689284,
                25.57517795
              ],
              [
                91.99689284,
                25.57679066
              ],
              [
                91.99757881,
                25.57679066
              ],
              [
                91.99757881,
                25.57517795
              ],
              [
                91.99689284,
                25.57517795
              ]
            ]
          ]
        ]
      },
      "geometry_name": "the_geom",
      "properties": {
        "Slide_No": "ML/EK/78O14/ 2023/3",
        "State": "Meghalaya",
        "District": "East Khasi Hills",
        "Toposheet": "78O14",
        "Latitude": 25.5762,
        "Longitude": 91.9972,
        "Length": "178.336",
        "Width": "68.834",
        "Height": "110",
        "Area": "4557.90868086653",
        "Activity": "Reactivated",
        "Geomorphol": "Moderately Dissected Structural Upper Plateau",
        "Lithology": "Quartzite with thin phyllite interbands",
        "LULC": "Wasteland - Sparse Scrub Land",
        "Triggering": "Rainfall",
        "Year": "2023",
        "BA_NAME": "Brahmaputra Basin",
        "SUB_BASIN": "Brahmaputra Lower",
        "Source": "RESOURCESAT-2 LISSIV, 10m Cartosat DEM, GSI 25K, LULC phase-II 10K (2018-2023) & India-WRIS"
      }
    },
    {
      "type": "Feature",
      "id": "LS_MEGHALAYA_2023.173",
      "geometry": {
        "type": "MultiPolygon",
        "coordinates": [
          [
            [
              [
                91.8729672,
                25.38907349
              ],
              [
                91.8729672,
                25.3892515
              ],
              [
                91.87312547,
                25.3892515
              ],
              [
                91.87312547,
                25.38907349
              ],
              [
                91.8729672,
                25.38907349
              ]
            ]
          ]
        ]
      },
      "geometry_name": "the_geom",
      "properties": {
        "Slide_No": "ML/EK/78O15/ 2023/29",
        "State": "Meghalaya",
        "District": "East Khasi Hills",
        "Toposheet": "78O15",
        "Latitude": 25.3892,
        "Longitude": 91.873,
        "Length": "19.687",
        "Width": "15.927",
        "Height": "4",
        "Area": "239.049087220423",
        "Activity": "Active",
        "Geomorphol": "Highly Dissected Structural Hills and Valleys",
        "Lithology": "Quartzite with thin phyllite interbands",
        "LULC": "Wasteland - Sparse Scrub Land",
        "Triggering": "Rainfall",
        "Year": "2023",
        "BA_NAME": "Barak and others Basin",
        "SUB_BASIN": "Kynchiang and other south flowing rivers",
        "Source": "RESOURCESAT-2 LISSIV, 10m Cartosat DEM, GSI 25K, LULC phase-II 10K (2018-2023) & India-WRIS"
      }
    },
    {
      "type": "Feature",
      "id": "LS_MEGHALAYA_2023.174",
      "geometry": {
        "type": "MultiPolygon",
        "coordinates": [
          [
            [
              [
                91.87291056,
                25.38944043
              ],
              [
                91.87291056,
                25.38960477
              ],
              [
                91.87312343,
                25.38960477
              ],
              [
                91.87312343,
                25.38944043
              ],
              [
                91.87291056,
                25.38944043
              ]
            ]
          ]
        ]
      },
      "geometry_name": "the_geom",
      "properties": {
        "Slide_No": "ML/EK/78O15/ 2023/30",
        "State": "Meghalaya",
        "District": "East Khasi Hills",
        "Toposheet": "78O15",
        "Latitude": 25.3895,
        "Longitude": 91.873,
        "Length": "21.497",
        "Width": "18.19",
        "Height": "5",
        "Area": "323.279582540461",
        "Activity": "Active",
        "Geomorphol": "Highly Dissected Structural Hills and Valleys",
        "Lithology": "Quartzite with thin phyllite interbands",
        "LULC": "Wasteland - Sparse Scrub Land",
        "Triggering": "Rainfall",
        "Year": "2023",
        "BA_NAME": "Barak and others Basin",
        "SUB_BASIN": "Kynchiang and other south flowing rivers",
        "Source": "RESOURCESAT-2 LISSIV, 10m Cartosat DEM, GSI 25K, LULC phase-II 10K (2018-2023) & India-WRIS"
      }
    },
    {
      "type": "Feature",
      "id": "LS_MEGHALAYA_2023.175",
      "geometry": {
        "type": "MultiPolygon",
        "coordinates": [
          [
            [
              [
                91.87295994,
                25.38979919
              ],
              [
                91.87295994,
                25.39016474
              ],
              [
                91.87334595,
                25.39016474
              ],
              [
                91.87334595,
                25.38979919
              ],
              [
                91.87295994,
                25.38979919
              ]
            ]
          ]
        ]
      },
      "geometry_name": "the_geom",
      "properties": {
        "Slide_No": "ML/EK/78O15/ 2023/31",
        "State": "Meghalaya",
        "District": "East Khasi Hills",
        "Toposheet": "78O15",
        "Latitude": 25.39,
        "Longitude": 91.8732,
        "Length": "40.428",
        "Width": "38.947",
        "Height": "23",
        "Area": "946.55293936189",
        "Activity": "Active",
        "Geomorphol": "Highly Dissected Structural Hills and Valleys",
        "Lithology": "Quartzite with thin phyllite interbands",
        "LULC": "Wasteland - Sparse Scrub Land",
        "Triggering": "Rainfall",
        "Year": "2023",
        "BA_NAME": "Barak and others Basin",
        "SUB_BASIN": "Kynchiang and other south flowing rivers",
        "Source": "RESOURCESAT-2 LISSIV, 10m Cartosat DEM, GSI 25K, LULC phase-II 10K (2018-2023) & India-WRIS"
      }
    },
    {
      "type": "Feature",
      "id": "LS_MEGHALAYA_2023.176",
      "geometry": {
        "type": "MultiPolygon",
        "coordinates": [
          [
            [
              [
                91.87312301,
                25.39058462
              ],
              [
                91.87312301,
                25.39111893
              ],
              [
                91.87338124,
                25.39111893
              ],
              [
                91.87338124,
                25.39058462
              ],
              [
                91.87312301,
                25.39058462
              ]
            ]
          ]
        ]
      },
      "geometry_name": "the_geom",
      "properties": {
        "Slide_No": "ML/EK/78O15/ 2023/32",
        "State": "Meghalaya",
        "District": "East Khasi Hills",
        "Toposheet": "78O15",
        "Latitude": 25.3908,
        "Longitude": 91.8733,
        "Length": "59.201",
        "Width": "26.128",
        "Height": "15",
        "Area": "781.425681965231",
        "Activity": "Active",
        "Geomorphol": "Highly Dissected Structural Hills and Valleys",
        "Lithology": "Quartzite with thin phyllite interbands",
        "LULC": "Wasteland - Sparse Scrub Land",
        "Triggering": "Rainfall",
        "Year": "2023",
        "BA_NAME": "Barak and others Basin",
        "SUB_BASIN": "Kynchiang and other south flowing rivers",
        "Source": "RESOURCESAT-2 LISSIV, 10m Cartosat DEM, GSI 25K, LULC phase-II 10K (2018-2023) & India-WRIS"
      }
    },
    {
      "type": "Feature",
      "id": "LS_MEGHALAYA_2023.177",
      "geometry": {
        "type": "MultiPolygon",
        "coordinates": [
          [
            [
              [
                91.87287687,
                25.39118902
              ],
              [
                91.87287687,
                25.39192189
              ],
              [
                91.87333153,
                25.39192189
              ],
              [
                91.87333153,
                25.39118902
              ],
              [
                91.87287687,
                25.39118902
              ]
            ]
          ]
        ]
      },
      "geometry_name": "the_geom",
      "properties": {
        "Slide_No": "ML/EK/78O15/ 2023/33",
        "State": "Meghalaya",
        "District": "East Khasi Hills",
        "Toposheet": "78O15",
        "Latitude": 25.3916,
        "Longitude": 91.8731,
        "Length": "81.36",
        "Width": "45.31",
        "Height": "14",
        "Area": "2116.05241789749",
        "Activity": "Active",
        "Geomorphol": "Highly Dissected Structural Hills and Valleys",
        "Lithology": "Quartzite with thin phyllite interbands",
        "LULC": "Wasteland - Sparse Scrub Land",
        "Triggering": "Rainfall",
        "Year": "2023",
        "BA_NAME": "Barak and others Basin",
        "SUB_BASIN": "Kynchiang and other south flowing rivers",
        "Source": "RESOURCESAT-2 LISSIV, 10m Cartosat DEM, GSI 25K, LULC phase-II 10K (2018-2023) & India-WRIS"
      }
    },
    {
      "type": "Feature",
      "id": "LS_MEGHALAYA_2023.178",
      "geometry": {
        "type": "MultiPolygon",
        "coordinates": [
          [
            [
              [
                91.87438275,
                25.37544332
              ],
              [
                91.87438275,
                25.37671693
              ],
              [
                91.87623802,
                25.37671693
              ],
              [
                91.87623802,
                25.37544332
              ],
              [
                91.87438275,
                25.37544332
              ]
            ]
          ]
        ]
      },
      "geometry_name": "the_geom",
      "properties": {
        "Slide_No": "ML/EK/78O15/ 2023/34",
        "State": "Meghalaya",
        "District": "East Khasi Hills",
        "Toposheet": "78O15",
        "Latitude": 25.3762,
        "Longitude": 91.8753,
        "Length": "185.738",
        "Width": "142.346",
        "Height": "35.3460693359",
        "Area": "10934.1603257955",
        "Activity": "Active",
        "Geomorphol": "Highly Dissected Structural Hills and Valleys",
        "Lithology": "Quartzite with thin phyllite interbands",
        "LULC": "Built Up - Transport Network",
        "Triggering": "Rainfall",
        "Year": "2023",
        "BA_NAME": "Barak and others Basin",
        "SUB_BASIN": "Kynchiang and other south flowing rivers",
        "Source": "RESOURCESAT-2 LISSIV, 10m Cartosat DEM, GSI 25K, LULC phase-II 10K (2018-2023) & India-WRIS"
      }
    },
    {
      "type": "Feature",
      "id": "LS_MEGHALAYA_2023.179",
      "geometry": {
        "type": "MultiPolygon",
        "coordinates": [
          [
            [
              [
                91.95893825,
                25.305931
              ],
              [
                91.95893825,
                25.30652872
              ],
              [
                91.95970158,
                25.30652872
              ],
              [
                91.95970158,
                25.305931
              ],
              [
                91.95893825,
                25.305931
              ]
            ]
          ]
        ]
      },
      "geometry_name": "the_geom",
      "properties": {
        "Slide_No": "ML/EK/78O15/ 2023/35",
        "State": "Meghalaya",
        "District": "East Khasi Hills",
        "Toposheet": "78O15",
        "Latitude": 25.3062,
        "Longitude": 91.9593,
        "Length": "76.645",
        "Width": "66.494",
        "Height": "41",
        "Area": "2420.56766358996",
        "Activity": "Active",
        "Geomorphol": "Highly Dissected Structural Hills and Valleys",
        "Lithology": "Quartzite with thin phyllite interbands",
        "LULC": "Evergreen Closed Forest",
        "Triggering": "Rainfall",
        "Year": "2023",
        "BA_NAME": "Barak and others Basin",
        "SUB_BASIN": "Kynchiang and other south flowing rivers",
        "Source": "RESOURCESAT-2 LISSIV, 10m Cartosat DEM, GSI 25K, LULC phase-II 10K (2018-2023) & India-WRIS"
      }
    },
    {
      "type": "Feature",
      "id": "LS_MEGHALAYA_2023.185",
      "geometry": {
        "type": "MultiPolygon",
        "coordinates": [
          [
            [
              [
                91.58606697,
                25.52744189
              ],
              [
                91.58606697,
                25.52863853
              ],
              [
                91.58683054,
                25.52863853
              ],
              [
                91.58683054,
                25.52744189
              ],
              [
                91.58606697,
                25.52744189
              ]
            ]
          ]
        ]
      },
      "geometry_name": "the_geom",
      "properties": {
        "Slide_No": "ML/WK/78O10/ 2023/6",
        "State": "Meghalaya",
        "District": "West Khasi Hills",
        "Toposheet": "78O10",
        "Latitude": 25.5281,
        "Longitude": 91.5865,
        "Length": "132.592",
        "Width": "75.586",
        "Height": "36",
        "Area": "6273.87193602157",
        "Activity": "Reactivated",
        "Geomorphol": "Moderately Dissected Structural Upper Plateau",
        "Lithology": "Augen gneiss",
        "LULC": "Built Up - Rural Village Settlement",
        "Triggering": "Rainfall",
        "Year": "2023",
        "BA_NAME": "Barak and others Basin",
        "SUB_BASIN": "Kynchiang and other south flowing rivers",
        "Source": "RESOURCESAT-2 LISSIV, 10m Cartosat DEM, GSI 25K, LULC phase-II 10K (2018-2023) & India-WRIS"
      }
    },
    {
      "type": "Feature",
      "id": "LS_MEGHALAYA_2023.187",
      "geometry": {
        "type": "MultiPolygon",
        "coordinates": [
          [
            [
              [
                92.38570939,
                25.26079148
              ],
              [
                92.38570939,
                25.26090624
              ],
              [
                92.38586423,
                25.26090624
              ],
              [
                92.38586423,
                25.26079148
              ],
              [
                92.38570939,
                25.26079148
              ]
            ]
          ]
        ]
      },
      "geometry_name": "the_geom",
      "properties": {
        "Slide_No": "ML/EJ/83C07/ 2023/6",
        "State": "Meghalaya",
        "District": "East Jaintia Hills",
        "Toposheet": "83C07",
        "Latitude": 25.2609,
        "Longitude": 92.3858,
        "Length": "15.591",
        "Width": "12.7",
        "Height": "1",
        "Area": "168.05501817962",
        "Activity": "Active",
        "Geomorphol": "Low Dissected Structural Hills and Valleys",
        "Lithology": "Arkose/gritty sandstone, coal, fireclay & shale",
        "LULC": "Evergreen Closed Forest",
        "Triggering": "Rainfall",
        "Year": "2023",
        "BA_NAME": "Barak and others Basin",
        "SUB_BASIN": "Barak",
        "Source": "RESOURCESAT-2 LISSIV, 10m Cartosat DEM, GSI 25K, LULC phase-II 10K (2018-2023) & India-WRIS"
      }
    },
    {
      "type": "Feature",
      "id": "LS_MEGHALAYA_2023.188",
      "geometry": {
        "type": "MultiPolygon",
        "coordinates": [
          [
            [
              [
                92.61157373,
                25.18548796
              ],
              [
                92.61157373,
                25.18575743
              ],
              [
                92.6117077,
                25.18575743
              ],
              [
                92.6117077,
                25.18548796
              ],
              [
                92.61157373,
                25.18548796
              ]
            ]
          ]
        ]
      },
      "geometry_name": "the_geom",
      "properties": {
        "Slide_No": "ML/EJ/83C12/ 2023/2",
        "State": "Meghalaya",
        "District": "East Jaintia Hills",
        "Toposheet": "83C12",
        "Latitude": 25.1856,
        "Longitude": 92.6116,
        "Length": "29.851",
        "Width": "13.471",
        "Height": "9",
        "Area": "310.703741943085",
        "Activity": "Active",
        "Geomorphol": "Moderately Dissected Structural Hills and Valleys",
        "Lithology": "Sandstone, carb shale with conglomerate/limestone",
        "LULC": "Evergreen Closed Forest",
        "Triggering": "Rainfall",
        "Year": "2023",
        "BA_NAME": "Barak and others Basin",
        "SUB_BASIN": "Barak",
        "Source": "RESOURCESAT-2 LISSIV, 10m Cartosat DEM, GSI 25K, LULC phase-II 10K (2018-2023) & India-WRIS"
      }
    },
    {
      "type": "Feature",
      "id": "LS_MEGHALAYA_2023.189",
      "geometry": {
        "type": "MultiPolygon",
        "coordinates": [
          [
            [
              [
                92.45186331,
                25.04758617
              ],
              [
                92.45186331,
                25.04831333
              ],
              [
                92.45290061,
                25.04831333
              ],
              [
                92.45290061,
                25.04758617
              ],
              [
                92.45186331,
                25.04758617
              ]
            ]
          ]
        ]
      },
      "geometry_name": "the_geom",
      "properties": {
        "Slide_No": "ML/EJ/83C08/ 2023/3",
        "State": "Meghalaya",
        "District": "East Jaintia Hills",
        "Toposheet": "83C08",
        "Latitude": 25.048,
        "Longitude": 92.4525,
        "Length": "104.481",
        "Width": "80.75",
        "Height": "64",
        "Area": "3628.11460702152",
        "Activity": "Reactivated",
        "Geomorphol": "Moderately Dissected Structural Hills and Valleys",
        "Lithology": "Sandstone, carb shale with conglomerate/limestone",
        "LULC": "Evergreen Closed Forest",
        "Triggering": "Rainfall",
        "Year": "2023",
        "BA_NAME": "Barak and others Basin",
        "SUB_BASIN": "Barak",
        "Source": "RESOURCESAT-2 LISSIV, 10m Cartosat DEM, GSI 25K, LULC phase-II 10K (2018-2023) & India-WRIS"
      }
    },
    {
      "type": "Feature",
      "id": "LS_MEGHALAYA_2023.190",
      "geometry": {
        "type": "MultiPolygon",
        "coordinates": [
          [
            [
              [
                92.45367075,
                25.05165262
              ],
              [
                92.45367075,
                25.05198913
              ],
              [
                92.45407905,
                25.05198913
              ],
              [
                92.45407905,
                25.05165262
              ],
              [
                92.45367075,
                25.05165262
              ]
            ]
          ]
        ]
      },
      "geometry_name": "the_geom",
      "properties": {
        "Slide_No": "ML/EJ/83C08/ 2023/6",
        "State": "Meghalaya",
        "District": "East Jaintia Hills",
        "Toposheet": "83C08",
        "Latitude": 25.0518,
        "Longitude": 92.4539,
        "Length": "41.159",
        "Width": "37.235",
        "Height": "22",
        "Area": "1138.82302680312",
        "Activity": "Reactivated",
        "Geomorphol": "Moderately Dissected Structural Hills and Valleys",
        "Lithology": "Sandstone, carb shale with conglomerate/limestone",
        "LULC": "Evergreen Closed Forest",
        "Triggering": "Rainfall",
        "Year": "2023",
        "BA_NAME": "Barak and others Basin",
        "SUB_BASIN": "Barak",
        "Source": "RESOURCESAT-2 LISSIV, 10m Cartosat DEM, GSI 25K, LULC phase-II 10K (2018-2023) & India-WRIS"
      }
    },
    {
      "type": "Feature",
      "id": "LS_MEGHALAYA_2023.191",
      "geometry": {
        "type": "MultiPolygon",
        "coordinates": [
          [
            [
              [
                92.45189163,
                25.05545878
              ],
              [
                92.45189163,
                25.05575905
              ],
              [
                92.45235014,
                25.05575905
              ],
              [
                92.45235014,
                25.05545878
              ],
              [
                92.45189163,
                25.05545878
              ]
            ]
          ]
        ]
      },
      "geometry_name": "the_geom",
      "properties": {
        "Slide_No": "ML/EJ/83C08/ 2023/7",
        "State": "Meghalaya",
        "District": "East Jaintia Hills",
        "Toposheet": "83C08",
        "Latitude": 25.0556,
        "Longitude": 92.4521,
        "Length": "46.236",
        "Width": "33.289",
        "Height": "15",
        "Area": "1174.47829407182",
        "Activity": "Active",
        "Geomorphol": "Moderately Dissected Structural Hills and Valleys",
        "Lithology": "Sandstone, carb shale with conglomerate/limestone",
        "LULC": "Evergreen Closed Forest",
        "Triggering": "Rainfall",
        "Year": "2023",
        "BA_NAME": "Barak and others Basin",
        "SUB_BASIN": "Barak",
        "Source": "RESOURCESAT-2 LISSIV, 10m Cartosat DEM, GSI 25K, LULC phase-II 10K (2018-2023) & India-WRIS"
      }
    },
    {
      "type": "Feature",
      "id": "LS_MEGHALAYA_2023.192",
      "geometry": {
        "type": "MultiPolygon",
        "coordinates": [
          [
            [
              [
                92.45168766,
                25.05762636
              ],
              [
                92.45168766,
                25.05808241
              ],
              [
                92.45219311,
                25.05808241
              ],
              [
                92.45219311,
                25.05762636
              ],
              [
                92.45168766,
                25.05762636
              ]
            ]
          ]
        ]
      },
      "geometry_name": "the_geom",
      "properties": {
        "Slide_No": "ML/EJ/83C08/ 2023/8",
        "State": "Meghalaya",
        "District": "East Jaintia Hills",
        "Toposheet": "83C08",
        "Latitude": 25.0579,
        "Longitude": 92.4519,
        "Length": "51.091",
        "Width": "50.373",
        "Height": "20",
        "Area": "1526.48539547848",
        "Activity": "Active",
        "Geomorphol": "Moderately Dissected Structural Hills and Valleys",
        "Lithology": "Sandstone, carb shale with conglomerate/limestone",
        "LULC": "Evergreen Closed Forest",
        "Triggering": "Rainfall",
        "Year": "2023",
        "BA_NAME": "Barak and others Basin",
        "SUB_BASIN": "Barak",
        "Source": "RESOURCESAT-2 LISSIV, 10m Cartosat DEM, GSI 25K, LULC phase-II 10K (2018-2023) & India-WRIS"
      }
    },
    {
      "type": "Feature",
      "id": "LS_MEGHALAYA_2023.193",
      "geometry": {
        "type": "MultiPolygon",
        "coordinates": [
          [
            [
              [
                92.44923695,
                25.06213875
              ],
              [
                92.44923695,
                25.06256478
              ],
              [
                92.44978657,
                25.06256478
              ],
              [
                92.44978657,
                25.06213875
              ],
              [
                92.44923695,
                25.06213875
              ]
            ]
          ]
        ]
      },
      "geometry_name": "the_geom",
      "properties": {
        "Slide_No": "ML/EJ/83C08/ 2023/5",
        "State": "Meghalaya",
        "District": "East Jaintia Hills",
        "Toposheet": "83C08",
        "Latitude": 25.0623,
        "Longitude": 92.4495,
        "Length": "55.504",
        "Width": "47.112",
        "Height": "29",
        "Area": "1894.76066080835",
        "Activity": "Active",
        "Geomorphol": "Moderately Dissected Structural Hills and Valleys",
        "Lithology": "Sandstone, carb shale with conglomerate/limestone",
        "LULC": "Evergreen Closed Forest",
        "Triggering": "Rainfall",
        "Year": "2023",
        "BA_NAME": "Barak and others Basin",
        "SUB_BASIN": "Barak",
        "Source": "RESOURCESAT-2 LISSIV, 10m Cartosat DEM, GSI 25K, LULC phase-II 10K (2018-2023) & India-WRIS"
      }
    },
    {
      "type": "Feature",
      "id": "LS_MEGHALAYA_2023.194",
      "geometry": {
        "type": "MultiPolygon",
        "coordinates": [
          [
            [
              [
                91.57606641,
                25.24521052
              ],
              [
                91.57606641,
                25.24565526
              ],
              [
                91.57701616,
                25.24565526
              ],
              [
                91.57701616,
                25.24521052
              ],
              [
                91.57606641,
                25.24521052
              ]
            ]
          ]
        ]
      },
      "geometry_name": "the_geom",
      "properties": {
        "Slide_No": "ML/EK/78O12/ 2023/2",
        "State": "Meghalaya",
        "District": "East Khasi Hills",
        "Toposheet": "78O12",
        "Latitude": 25.2454,
        "Longitude": 91.5766,
        "Length": "95.991",
        "Width": "48.481",
        "Height": "112",
        "Area": "2607.23259273223",
        "Activity": "Active",
        "Geomorphol": "Moderately Dissected Structural Hills and Valleys",
        "Lithology": "Gritty sandstone alternating with conglomerate",
        "LULC": "Evergreen Closed Forest",
        "Triggering": "Rainfall",
        "Year": "2023",
        "BA_NAME": "Barak and others Basin",
        "SUB_BASIN": "Kynchiang and other south flowing rivers",
        "Source": "RESOURCESAT-2 LISSIV, 10m Cartosat DEM, GSI 25K, LULC phase-II 10K (2018-2023) & India-WRIS"
      }
    },
    {
      "type": "Feature",
      "id": "LS_MEGHALAYA_2023.195",
      "geometry": {
        "type": "MultiPolygon",
        "coordinates": [
          [
            [
              [
                91.45080488,
                25.16330401
              ],
              [
                91.45080488,
                25.16377794
              ],
              [
                91.45123877,
                25.16377794
              ],
              [
                91.45123877,
                25.16330401
              ],
              [
                91.45080488,
                25.16330401
              ]
            ]
          ]
        ]
      },
      "geometry_name": "the_geom",
      "properties": {
        "Slide_No": "ML/EK/78O08/ 2023/2",
        "State": "Meghalaya",
        "District": "East Khasi Hills",
        "Toposheet": "78O08",
        "Latitude": 25.1635,
        "Longitude": 91.451,
        "Length": "52.229",
        "Width": "43.949",
        "Height": "13",
        "Area": "1121.81664291653",
        "Activity": "Active",
        "Geomorphol": "Highly Dissected Structural Hills and Valleys",
        "Lithology": "Sandstone, shale, siltstone and conglomerate",
        "LULC": "Evergreen Closed Forest",
        "Triggering": "Rainfall",
        "Year": "2023",
        "BA_NAME": "Barak and others Basin",
        "SUB_BASIN": "Kynchiang and other south flowing rivers",
        "Source": "RESOURCESAT-2 LISSIV, 10m Cartosat DEM, GSI 25K, LULC phase-II 10K (2018-2023) & India-WRIS"
      }
    },
    {
      "type": "Feature",
      "id": "LS_MEGHALAYA_2023.196",
      "geometry": {
        "type": "MultiPolygon",
        "coordinates": [
          [
            [
              [
                91.45160615,
                25.16386621
              ],
              [
                91.45160615,
                25.1640444
              ],
              [
                91.45176615,
                25.1640444
              ],
              [
                91.45176615,
                25.16386621
              ],
              [
                91.45160615,
                25.16386621
              ]
            ]
          ]
        ]
      },
      "geometry_name": "the_geom",
      "properties": {
        "Slide_No": "ML/EK/78O08/ 2023/4",
        "State": "Meghalaya",
        "District": "East Khasi Hills",
        "Toposheet": "78O08",
        "Latitude": 25.164,
        "Longitude": 91.4517,
        "Length": "19.774",
        "Width": "16.115",
        "Height": "3",
        "Area": "244.294476137068",
        "Activity": "Active",
        "Geomorphol": "Highly Dissected Structural Hills and Valleys",
        "Lithology": "Sandstone, shale, siltstone and conglomerate",
        "LULC": "Evergreen Closed Forest",
        "Triggering": "Rainfall",
        "Year": "2023",
        "BA_NAME": "Barak and others Basin",
        "SUB_BASIN": "Kynchiang and other south flowing rivers",
        "Source": "RESOURCESAT-2 LISSIV, 10m Cartosat DEM, GSI 25K, LULC phase-II 10K (2018-2023) & India-WRIS"
      }
    },
    {
      "type": "Feature",
      "id": "LS_MEGHALAYA_2023.197",
      "geometry": {
        "type": "MultiPolygon",
        "coordinates": [
          [
            [
              [
                91.45120385,
                25.16380228
              ],
              [
                91.45120385,
                25.16407866
              ],
              [
                91.45156112,
                25.16407866
              ],
              [
                91.45156112,
                25.16380228
              ],
              [
                91.45120385,
                25.16380228
              ]
            ]
          ]
        ]
      },
      "geometry_name": "the_geom",
      "properties": {
        "Slide_No": "ML/EK/78O08/ 2023/6",
        "State": "Meghalaya",
        "District": "East Khasi Hills",
        "Toposheet": "78O08",
        "Latitude": 25.1639,
        "Longitude": 91.4513,
        "Length": "35.907",
        "Width": "30.798",
        "Height": "10",
        "Area": "563.239368277779",
        "Activity": "Active",
        "Geomorphol": "Highly Dissected Structural Hills and Valleys",
        "Lithology": "Sandstone, shale, siltstone and conglomerate",
        "LULC": "Evergreen Open Forest",
        "Triggering": "Rainfall",
        "Year": "2023",
        "BA_NAME": "Barak and others Basin",
        "SUB_BASIN": "Kynchiang and other south flowing rivers",
        "Source": "RESOURCESAT-2 LISSIV, 10m Cartosat DEM, GSI 25K, LULC phase-II 10K (2018-2023) & India-WRIS"
      }
    },
    {
      "type": "Feature",
      "id": "LS_MEGHALAYA_2023.198",
      "geometry": {
        "type": "MultiPolygon",
        "coordinates": [
          [
            [
              [
                91.44402927,
                25.16741714
              ],
              [
                91.44402927,
                25.16773671
              ],
              [
                91.44434197,
                25.16773671
              ],
              [
                91.44434197,
                25.16741714
              ],
              [
                91.44402927,
                25.16741714
              ]
            ]
          ]
        ]
      },
      "geometry_name": "the_geom",
      "properties": {
        "Slide_No": "ML/EK/78O08/ 2023/8",
        "State": "Meghalaya",
        "District": "East Khasi Hills",
        "Toposheet": "78O08",
        "Latitude": 25.1676,
        "Longitude": 91.4442,
        "Length": "35.281",
        "Width": "31.69",
        "Height": "7",
        "Area": "712.238460360246",
        "Activity": "Active",
        "Geomorphol": "Highly Dissected Structural Hills and Valleys",
        "Lithology": "Sandstone, shale, siltstone and conglomerate",
        "LULC": "Evergreen Open Forest",
        "Triggering": "Rainfall",
        "Year": "2023",
        "BA_NAME": "Barak and others Basin",
        "SUB_BASIN": "Kynchiang and other south flowing rivers",
        "Source": "RESOURCESAT-2 LISSIV, 10m Cartosat DEM, GSI 25K, LULC phase-II 10K (2018-2023) & India-WRIS"
      }
    },
    {
      "type": "Feature",
      "id": "LS_MEGHALAYA_2023.199",
      "geometry": {
        "type": "MultiPolygon",
        "coordinates": [
          [
            [
              [
                91.40368859,
                25.21122176
              ],
              [
                91.40368859,
                25.21145958
              ],
              [
                91.40392781,
                25.21145958
              ],
              [
                91.40392781,
                25.21122176
              ],
              [
                91.40368859,
                25.21122176
              ]
            ]
          ]
        ]
      },
      "geometry_name": "the_geom",
      "properties": {
        "Slide_No": "ML/EK/78O08/ 2023/14",
        "State": "Meghalaya",
        "District": "East Khasi Hills",
        "Toposheet": "78O08",
        "Latitude": 25.2113,
        "Longitude": 91.4038,
        "Length": "26.259",
        "Width": "24.135",
        "Height": "4",
        "Area": "474.840918021555",
        "Activity": "Active",
        "Geomorphol": "Highly Dissected Structural Hills and Valleys",
        "Lithology": "Gritty sandstone alternating with conglomerate",
        "LULC": "Evergreen Open Forest",
        "Triggering": "Rainfall",
        "Year": "2023",
        "BA_NAME": "Barak and others Basin",
        "SUB_BASIN": "Kynchiang and other south flowing rivers",
        "Source": "RESOURCESAT-2 LISSIV, 10m Cartosat DEM, GSI 25K, LULC phase-II 10K (2018-2023) & India-WRIS"
      }
    },
    {
      "type": "Feature",
      "id": "LS_MEGHALAYA_2023.200",
      "geometry": {
        "type": "MultiPolygon",
        "coordinates": [
          [
            [
              [
                91.43714227,
                25.26774205
              ],
              [
                91.43714227,
                25.2682456
              ],
              [
                91.43826506,
                25.2682456
              ],
              [
                91.43826506,
                25.26774205
              ],
              [
                91.43714227,
                25.26774205
              ]
            ]
          ]
        ]
      },
      "geometry_name": "the_geom",
      "properties": {
        "Slide_No": "ML/EK/78O07/ 2023/1",
        "State": "Meghalaya",
        "District": "East Khasi Hills",
        "Toposheet": "78O07",
        "Latitude": 25.268,
        "Longitude": 91.4378,
        "Length": "113.167",
        "Width": "55.614",
        "Height": "37",
        "Area": "3925.70074331759",
        "Activity": "Active",
        "Geomorphol": "Moderately Dissected Structural Hills and Valleys",
        "Lithology": "Mica(biotite)gneiss",
        "LULC": "Evergreen Closed Forest",
        "Triggering": "Rainfall",
        "Year": "2023",
        "BA_NAME": "Barak and others Basin",
        "SUB_BASIN": "Kynchiang and other south flowing rivers",
        "Source": "RESOURCESAT-2 LISSIV, 10m Cartosat DEM, GSI 25K, LULC phase-II 10K (2018-2023) & India-WRIS"
      }
    },
    {
      "type": "Feature",
      "id": "LS_MEGHALAYA_2023.201",
      "geometry": {
        "type": "MultiPolygon",
        "coordinates": [
          [
            [
              [
                91.49434395,
                25.25545158
              ],
              [
                91.49434395,
                25.2561074
              ],
              [
                91.49456564,
                25.2561074
              ],
              [
                91.49456564,
                25.25545158
              ],
              [
                91.49434395,
                25.25545158
              ]
            ]
          ]
        ]
      },
      "geometry_name": "the_geom",
      "properties": {
        "Slide_No": "ML/EK/78O07/ 2023/2",
        "State": "Meghalaya",
        "District": "East Khasi Hills",
        "Toposheet": "78O07",
        "Latitude": 25.2558,
        "Longitude": 91.4945,
        "Length": "72.628",
        "Width": "22.225",
        "Height": "29",
        "Area": "1202.98462784985",
        "Activity": "Active",
        "Geomorphol": "Moderately Dissected Structural Hills and Valleys",
        "Lithology": "Gritty sandstone alternating with conglomerate",
        "LULC": "Evergreen Closed Forest",
        "Triggering": "Rainfall",
        "Year": "2023",
        "BA_NAME": "Barak and others Basin",
        "SUB_BASIN": "Kynchiang and other south flowing rivers",
        "Source": "RESOURCESAT-2 LISSIV, 10m Cartosat DEM, GSI 25K, LULC phase-II 10K (2018-2023) & India-WRIS"
      }
    },
    {
      "type": "Feature",
      "id": "LS_MEGHALAYA_2023.202",
      "geometry": {
        "type": "MultiPolygon",
        "coordinates": [
          [
            [
              [
                91.51955264,
                25.27242891
              ],
              [
                91.51955264,
                25.27300831
              ],
              [
                91.52015438,
                25.27300831
              ],
              [
                91.52015438,
                25.27242891
              ],
              [
                91.51955264,
                25.27242891
              ]
            ]
          ]
        ]
      },
      "geometry_name": "the_geom",
      "properties": {
        "Slide_No": "ML/EK/78O11/ 2023/17",
        "State": "Meghalaya",
        "District": "East Khasi Hills",
        "Toposheet": "78O11",
        "Latitude": 25.2727,
        "Longitude": 91.5198,
        "Length": "63.611",
        "Width": "61.211",
        "Height": "46",
        "Area": "1447.89235434149",
        "Activity": "Active",
        "Geomorphol": "Moderately Dissected Structural Hills and Valleys",
        "Lithology": "Mica(biotite)gneiss",
        "LULC": "Evergreen Closed Forest",
        "Triggering": "Rainfall",
        "Year": "2023",
        "BA_NAME": "Barak and others Basin",
        "SUB_BASIN": "Kynchiang and other south flowing rivers",
        "Source": "RESOURCESAT-2 LISSIV, 10m Cartosat DEM, GSI 25K, LULC phase-II 10K (2018-2023) & India-WRIS"
      }
    },
    {
      "type": "Feature",
      "id": "LS_MEGHALAYA_2023.217",
      "geometry": {
        "type": "MultiPolygon",
        "coordinates": [
          [
            [
              [
                91.79890244,
                26.08606979
              ],
              [
                91.79890244,
                26.08634081
              ],
              [
                91.79923338,
                26.08634081
              ],
              [
                91.79923338,
                26.08606979
              ],
              [
                91.79890244,
                26.08606979
              ]
            ]
          ]
        ]
      },
      "geometry_name": "the_geom",
      "properties": {
        "Slide_No": "ML/RB/78N16/ 2023/17",
        "State": "Meghalaya",
        "District": "Ribhoi",
        "Toposheet": "78N16",
        "Latitude": 26.0862,
        "Longitude": 91.7991,
        "Length": "33.097",
        "Width": "30.127",
        "Height": "11",
        "Area": "670.878068429138",
        "Activity": "Reactivated",
        "Geomorphol": "Highly Dissected Structural Hills and Valleys",
        "Lithology": "Migmatite / banded gneiss",
        "LULC": "Built Up - Rural Village Settlement",
        "Triggering": "Rainfall",
        "Year": "2023",
        "BA_NAME": "Brahmaputra Basin",
        "SUB_BASIN": "Brahmaputra Lower",
        "Source": "RESOURCESAT-2 LISSIV, 10m Cartosat DEM, GSI 25K, LULC phase-II 10K (2018-2023) & India-WRIS"
      }
    },
    {
      "type": "Feature",
      "id": "LS_MEGHALAYA_2023.218",
      "geometry": {
        "type": "MultiPolygon",
        "coordinates": [
          [
            [
              [
                92.43952297,
                25.04992951
              ],
              [
                92.43952297,
                25.05029119
              ],
              [
                92.44000957,
                25.05029119
              ],
              [
                92.44000957,
                25.04992951
              ],
              [
                92.43952297,
                25.04992951
              ]
            ]
          ]
        ]
      },
      "geometry_name": "the_geom",
      "properties": {
        "Slide_No": "ML/EJ/83C08/ 2023/4",
        "State": "Meghalaya",
        "District": "East Jaintia Hills",
        "Toposheet": "83C08",
        "Latitude": 25.0501,
        "Longitude": 92.4397,
        "Length": "48.988",
        "Width": "40.207",
        "Height": "19",
        "Area": "975.062790638674",
        "Activity": "Active",
        "Geomorphol": "Moderately Dissected Structural Hills and Valleys",
        "Lithology": "Sandstone, carb shale with conglomerate/limestone",
        "LULC": "Evergreen Closed Forest",
        "Triggering": "Rainfall",
        "Year": "2023",
        "BA_NAME": "Barak and others Basin",
        "SUB_BASIN": "Barak",
        "Source": "RESOURCESAT-2 LISSIV, 10m Cartosat DEM, GSI 25K, LULC phase-II 10K (2018-2023) & India-WRIS"
      }
    },
    {
      "type": "Feature",
      "id": "LS_MEGHALAYA_2023.219",
      "geometry": {
        "type": "MultiPolygon",
        "coordinates": [
          [
            [
              [
                91.66398821,
                25.34990036
              ],
              [
                91.66398821,
                25.35041331
              ],
              [
                91.66432745,
                25.35041331
              ],
              [
                91.66432745,
                25.34990036
              ],
              [
                91.66398821,
                25.34990036
              ]
            ]
          ]
        ]
      },
      "geometry_name": "the_geom",
      "properties": {
        "Slide_No": "ML/EK/78O11/ 2023/18",
        "State": "Meghalaya",
        "District": "East Khasi Hills",
        "Toposheet": "78O11",
        "Latitude": 25.3502,
        "Longitude": 91.6642,
        "Length": "56.886",
        "Width": "34.195",
        "Height": "25",
        "Area": "1374.0946908261",
        "Activity": "Active",
        "Geomorphol": "Moderately Dissected Structural Upper Plateau",
        "Lithology": "Porphyritic granite",
        "LULC": "Evergreen Open Forest",
        "Triggering": "Rainfall",
        "Year": "2023",
        "BA_NAME": "Barak and others Basin",
        "SUB_BASIN": "Kynchiang and other south flowing rivers",
        "Source": "RESOURCESAT-2 LISSIV, 10m Cartosat DEM, GSI 25K, LULC phase-II 10K (2018-2023) & India-WRIS"
      }
    },
    {
      "type": "Feature",
      "id": "LS_MEGHALAYA_2023.221",
      "geometry": {
        "type": "MultiPolygon",
        "coordinates": [
          [
            [
              [
                91.85615638,
                25.30171045
              ],
              [
                91.85615638,
                25.30199785
              ],
              [
                91.85645524,
                25.30199785
              ],
              [
                91.85645524,
                25.30171045
              ],
              [
                91.85615638,
                25.30171045
              ]
            ]
          ]
        ]
      },
      "geometry_name": "the_geom",
      "properties": {
        "Slide_No": "ML/EK/78O15/ 2023/36",
        "State": "Meghalaya",
        "District": "East Khasi Hills",
        "Toposheet": "78O15",
        "Latitude": 25.3019,
        "Longitude": 91.8563,
        "Length": "31.923",
        "Width": "29.968",
        "Height": "20",
        "Area": "681.442535340587",
        "Activity": "Active",
        "Geomorphol": "Highly Dissected Structural Hills and Valleys",
        "Lithology": "Quartzite with thin phyllite interbands",
        "LULC": "Evergreen Closed Forest",
        "Triggering": "Rainfall",
        "Year": "2023",
        "BA_NAME": "Barak and others Basin",
        "SUB_BASIN": "Kynchiang and other south flowing rivers",
        "Source": "RESOURCESAT-2 LISSIV, 10m Cartosat DEM, GSI 25K, LULC phase-II 10K (2018-2023) & India-WRIS"
      }
    },
    {
      "type": "Feature",
      "id": "LS_MEGHALAYA_2023.222",
      "geometry": {
        "type": "MultiPolygon",
        "coordinates": [
          [
            [
              [
                92.45491985,
                25.04775294
              ],
              [
                92.45491985,
                25.04806393
              ],
              [
                92.45522949,
                25.04806393
              ],
              [
                92.45522949,
                25.04775294
              ],
              [
                92.45491985,
                25.04775294
              ]
            ]
          ]
        ]
      },
      "geometry_name": "the_geom",
      "properties": {
        "Slide_No": "ML/EJ/83C08/ 2023/2",
        "State": "Meghalaya",
        "District": "East Jaintia Hills",
        "Toposheet": "83C08",
        "Latitude": 25.0479,
        "Longitude": 92.4551,
        "Length": "34.48",
        "Width": "31.192",
        "Height": "19",
        "Area": "795.212800110484",
        "Activity": "Active",
        "Geomorphol": "Moderately Dissected Structural Hills and Valleys",
        "Lithology": "Sandstone, carb shale with conglomerate/limestone",
        "LULC": "Evergreen Closed Forest",
        "Triggering": "Rainfall",
        "Year": "2023",
        "BA_NAME": "Barak and others Basin",
        "SUB_BASIN": "Barak",
        "Source": "RESOURCESAT-2 LISSIV, 10m Cartosat DEM, GSI 25K, LULC phase-II 10K (2018-2023) & India-WRIS"
      }
    },
    {
      "type": "Feature",
      "id": "LS_MEGHALAYA_2023.223",
      "geometry": {
        "type": "MultiPolygon",
        "coordinates": [
          [
            [
              [
                91.75966017,
                25.23609422
              ],
              [
                91.75966017,
                25.2364102
              ],
              [
                91.76002182,
                25.2364102
              ],
              [
                91.76002182,
                25.23609422
              ],
              [
                91.75966017,
                25.23609422
              ]
            ]
          ]
        ]
      },
      "geometry_name": "the_geom",
      "properties": {
        "Slide_No": "ML/EK/78O16/ 2023/2",
        "State": "Meghalaya",
        "District": "East Khasi Hills",
        "Toposheet": "78O16",
        "Latitude": 25.2363,
        "Longitude": 91.7598,
        "Length": "36.389",
        "Width": "35.057",
        "Height": "16",
        "Area": "1060.82830455656",
        "Activity": "Active",
        "Geomorphol": "Highly Dissected Structural Hills and Valleys",
        "Lithology": "Gritty sandstone alternating with conglomerate",
        "LULC": "Evergreen Closed Forest",
        "Triggering": "Rainfall",
        "Year": "2023",
        "BA_NAME": "Barak and others Basin",
        "SUB_BASIN": "Kynchiang and other south flowing rivers",
        "Source": "RESOURCESAT-2 LISSIV, 10m Cartosat DEM, GSI 25K, LULC phase-II 10K (2018-2023) & India-WRIS"
      }
    },
    {
      "type": "Feature",
      "id": "LS_MEGHALAYA_2023.224",
      "geometry": {
        "type": "MultiPolygon",
        "coordinates": [
          [
            [
              [
                91.4358436,
                25.1711418
              ],
              [
                91.4358436,
                25.17136862
              ],
              [
                91.43610149,
                25.17136862
              ],
              [
                91.43610149,
                25.1711418
              ],
              [
                91.4358436,
                25.1711418
              ]
            ]
          ]
        ]
      },
      "geometry_name": "the_geom",
      "properties": {
        "Slide_No": "ML/EK/78O08/ 2023/9",
        "State": "Meghalaya",
        "District": "East Khasi Hills",
        "Toposheet": "78O08",
        "Latitude": 25.1713,
        "Longitude": 91.436,
        "Length": "25.9",
        "Width": "25.294",
        "Height": "4",
        "Area": "418.759484234495",
        "Activity": "Active",
        "Geomorphol": "Highly Dissected Structural Hills and Valleys",
        "Lithology": "Sandstone, shale, siltstone and conglomerate",
        "LULC": "Evergreen Open Forest",
        "Triggering": "Rainfall",
        "Year": "2023",
        "BA_NAME": "Barak and others Basin",
        "SUB_BASIN": "Kynchiang and other south flowing rivers",
        "Source": "RESOURCESAT-2 LISSIV, 10m Cartosat DEM, GSI 25K, LULC phase-II 10K (2018-2023) & India-WRIS"
      }
    },
    {
      "type": "Feature",
      "id": "LS_MEGHALAYA_2023.225",
      "geometry": {
        "type": "MultiPolygon",
        "coordinates": [
          [
            [
              [
                91.43986294,
                25.17057383
              ],
              [
                91.43986294,
                25.17075082
              ],
              [
                91.44018119,
                25.17075082
              ],
              [
                91.44018119,
                25.17057383
              ],
              [
                91.43986294,
                25.17057383
              ]
            ]
          ]
        ]
      },
      "geometry_name": "the_geom",
      "properties": {
        "Slide_No": "ML/EK/78O08/ 2023/11",
        "State": "Meghalaya",
        "District": "East Khasi Hills",
        "Toposheet": "78O08",
        "Latitude": 25.1707,
        "Longitude": 91.44,
        "Length": "32.135",
        "Width": "19.428",
        "Height": "12",
        "Area": "390.077164546288",
        "Activity": "Active",
        "Geomorphol": "Highly Dissected Structural Hills and Valleys",
        "Lithology": "Sandstone, shale, siltstone and conglomerate",
        "LULC": "Evergreen Closed Forest",
        "Triggering": "Rainfall",
        "Year": "2023",
        "BA_NAME": "Barak and others Basin",
        "SUB_BASIN": "Kynchiang and other south flowing rivers",
        "Source": "RESOURCESAT-2 LISSIV, 10m Cartosat DEM, GSI 25K, LULC phase-II 10K (2018-2023) & India-WRIS"
      }
    },
    {
      "type": "Feature",
      "id": "LS_MEGHALAYA_2023.226",
      "geometry": {
        "type": "MultiPolygon",
        "coordinates": [
          [
            [
              [
                91.4525459,
                25.1879525
              ],
              [
                91.4525459,
                25.1881336
              ],
              [
                91.45286263,
                25.1881336
              ],
              [
                91.45286263,
                25.1879525
              ],
              [
                91.4525459,
                25.1879525
              ]
            ]
          ]
        ]
      },
      "geometry_name": "the_geom",
      "properties": {
        "Slide_No": "ML/EK/78O08/ 2023/15",
        "State": "Meghalaya",
        "District": "East Khasi Hills",
        "Toposheet": "78O08",
        "Latitude": 25.188,
        "Longitude": 91.4527,
        "Length": "31.75",
        "Width": "20.373",
        "Height": "3",
        "Area": "350.232917670248",
        "Activity": "Active",
        "Geomorphol": "Highly Dissected Structural Hills and Valleys",
        "Lithology": "Coarse sandstone, siltstone, mudstone & marl",
        "LULC": "Wasteland - Dense Scrub Land",
        "Triggering": "Rainfall",
        "Year": "2023",
        "BA_NAME": "Barak and others Basin",
        "SUB_BASIN": "Kynchiang and other south flowing rivers",
        "Source": "RESOURCESAT-2 LISSIV, 10m Cartosat DEM, GSI 25K, LULC phase-II 10K (2018-2023) & India-WRIS"
      }
    },
    {
      "type": "Feature",
      "id": "LS_MEGHALAYA_2023.227",
      "geometry": {
        "type": "MultiPolygon",
        "coordinates": [
          [
            [
              [
                91.79428662,
                25.28273886
              ],
              [
                91.79428662,
                25.28305447
              ],
              [
                91.79456672,
                25.28305447
              ],
              [
                91.79456672,
                25.28273886
              ],
              [
                91.79428662,
                25.28273886
              ]
            ]
          ]
        ]
      },
      "geometry_name": "the_geom",
      "properties": {
        "Slide_No": "ML/EK/78O15/ 2023/37",
        "State": "Meghalaya",
        "District": "East Khasi Hills",
        "Toposheet": "78O15",
        "Latitude": 25.2829,
        "Longitude": 91.7944,
        "Length": "34.925",
        "Width": "28.215",
        "Height": "17",
        "Area": "648.615433075995",
        "Activity": "Active",
        "Geomorphol": "Highly Dissected Structural Hills and Valleys",
        "Lithology": "Quartzite with thin phyllite interbands",
        "LULC": "Evergreen Closed Forest",
        "Triggering": "Rainfall",
        "Year": "2023",
        "BA_NAME": "Barak and others Basin",
        "SUB_BASIN": "Kynchiang and other south flowing rivers",
        "Source": "RESOURCESAT-2 LISSIV, 10m Cartosat DEM, GSI 25K, LULC phase-II 10K (2018-2023) & India-WRIS"
      }
    },
    {
      "type": "Feature",
      "id": "LS_MEGHALAYA_2023.234",
      "geometry": {
        "type": "MultiPolygon",
        "coordinates": [
          [
            [
              [
                91.49632974,
                25.52544803
              ],
              [
                91.49632974,
                25.52579733
              ],
              [
                91.49667435,
                25.52579733
              ],
              [
                91.49667435,
                25.52544803
              ],
              [
                91.49632974,
                25.52544803
              ]
            ]
          ]
        ]
      },
      "geometry_name": "the_geom",
      "properties": {
        "Slide_No": "ML/WK/78O06/ 2023/2",
        "State": "Meghalaya",
        "District": "West Khasi Hills",
        "Toposheet": "78O06",
        "Latitude": 25.5256,
        "Longitude": 91.4965,
        "Length": "38.365",
        "Width": "34.925",
        "Height": "9",
        "Area": "779.744484174382",
        "Activity": "Reactivated",
        "Geomorphol": "Highly Dissected Structural Upper Plateau",
        "Lithology": "Unclassified gneiss",
        "LULC": "Built Up - Rural Village Settlement",
        "Triggering": "Rainfall",
        "Year": "2023",
        "BA_NAME": "Barak and others Basin",
        "SUB_BASIN": "Kynchiang and other south flowing rivers",
        "Source": "RESOURCESAT-2 LISSIV, 10m Cartosat DEM, GSI 25K, LULC phase-II 10K (2018-2023) & India-WRIS"
      }
    },
    {
      "type": "Feature",
      "id": "LS_MEGHALAYA_2023.235",
      "geometry": {
        "type": "MultiPolygon",
        "coordinates": [
          [
            [
              [
                91.57511486,
                25.20499761
              ],
              [
                91.57511486,
                25.20515081
              ],
              [
                91.57527639,
                25.20515081
              ],
              [
                91.57527639,
                25.20499761
              ],
              [
                91.57511486,
                25.20499761
              ]
            ]
          ]
        ]
      },
      "geometry_name": "the_geom",
      "properties": {
        "Slide_No": "ML/EK/78O12/ 2023/9",
        "State": "Meghalaya",
        "District": "East Khasi Hills",
        "Toposheet": "78O12",
        "Latitude": 25.2051,
        "Longitude": 91.5752,
        "Length": "17",
        "Width": "16.279",
        "Height": "6",
        "Area": "222.220191809898",
        "Activity": "Active",
        "Geomorphol": "Low Dissected Structural Hills and Valleys",
        "Lithology": "Fossiliferous limestone/calcareous shale-sandstone",
        "LULC": "Evergreen Open Forest",
        "Triggering": "Rainfall",
        "Year": "2023",
        "BA_NAME": "Barak and others Basin",
        "SUB_BASIN": "Kynchiang and other south flowing rivers",
        "Source": "RESOURCESAT-2 LISSIV, 10m Cartosat DEM, GSI 25K, LULC phase-II 10K (2018-2023) & India-WRIS"
      }
    },
    {
      "type": "Feature",
      "id": "LS_MEGHALAYA_2023.236",
      "geometry": {
        "type": "MultiPolygon",
        "coordinates": [
          [
            [
              [
                91.85810474,
                25.43657594
              ],
              [
                91.85810474,
                25.43707073
              ],
              [
                91.85828149,
                25.43707073
              ],
              [
                91.85828149,
                25.43657594
              ],
              [
                91.85810474,
                25.43657594
              ]
            ]
          ]
        ]
      },
      "geometry_name": "the_geom",
      "properties": {
        "Slide_No": "ML/EK/78O15/ 2023/38",
        "State": "Meghalaya",
        "District": "East Khasi Hills",
        "Toposheet": "78O15",
        "Latitude": 25.4368,
        "Longitude": 91.8582,
        "Length": "54.781",
        "Width": "17.588",
        "Height": "21",
        "Area": "767.777530822217",
        "Activity": "Active",
        "Geomorphol": "Moderately Dissected Structural Upper Plateau",
        "Lithology": "Quartzite with thin phyllite interbands",
        "LULC": "Built Up - Transport Network",
        "Triggering": "Rainfall",
        "Year": "2023",
        "BA_NAME": "Barak and others Basin",
        "SUB_BASIN": "Kynchiang and other south flowing rivers",
        "Source": "RESOURCESAT-2 LISSIV, 10m Cartosat DEM, GSI 25K, LULC phase-II 10K (2018-2023) & India-WRIS"
      }
    },
    {
      "type": "Feature",
      "id": "LS_MEGHALAYA_2023.237",
      "geometry": {
        "type": "MultiPolygon",
        "coordinates": [
          [
            [
              [
                91.87348587,
                25.38888489
              ],
              [
                91.87348587,
                25.38908788
              ],
              [
                91.87434107,
                25.38908788
              ],
              [
                91.87434107,
                25.38888489
              ],
              [
                91.87348587,
                25.38888489
              ]
            ]
          ]
        ]
      },
      "geometry_name": "the_geom",
      "properties": {
        "Slide_No": "ML/EK/78O15/ 2023/39",
        "State": "Meghalaya",
        "District": "East Khasi Hills",
        "Toposheet": "78O15",
        "Latitude": 25.389,
        "Longitude": 91.8739,
        "Length": "86.055",
        "Width": "22.224",
        "Height": "21",
        "Area": "1150.07245609073",
        "Activity": "Reactivated",
        "Geomorphol": "Highly Dissected Structural Hills and Valleys",
        "Lithology": "Quartzite with thin phyllite interbands",
        "LULC": "Evergreen Closed Forest",
        "Triggering": "Rainfall",
        "Year": "2023",
        "BA_NAME": "Barak and others Basin",
        "SUB_BASIN": "Kynchiang and other south flowing rivers",
        "Source": "RESOURCESAT-2 LISSIV, 10m Cartosat DEM, GSI 25K, LULC phase-II 10K (2018-2023) & India-WRIS"
      }
    },
    {
      "type": "Feature",
      "id": "LS_MEGHALAYA_2023.238",
      "geometry": {
        "type": "MultiPolygon",
        "coordinates": [
          [
            [
              [
                92.23506489,
                25.11116372
              ],
              [
                92.23506489,
                25.11142555
              ],
              [
                92.23534793,
                25.11142555
              ],
              [
                92.23534793,
                25.11116372
              ],
              [
                92.23506489,
                25.11116372
              ]
            ]
          ]
        ]
      },
      "geometry_name": "the_geom",
      "properties": {
        "Slide_No": "ML/EJ/83C04/ 2023/4",
        "State": "Meghalaya",
        "District": "East Jaintia Hills",
        "Toposheet": "83C04",
        "Latitude": 25.1113,
        "Longitude": 92.2352,
        "Length": "29.079",
        "Width": "28.462",
        "Height": "5",
        "Area": "488.513051892568",
        "Activity": "Active",
        "Geomorphol": "Highly Dissected Structural Hills and Valleys",
        "Lithology": "Sandstone, carb shale with conglomerate/limestone",
        "LULC": "Evergreen Closed Forest",
        "Triggering": "Rainfall",
        "Year": "2023",
        "BA_NAME": "Barak and others Basin",
        "SUB_BASIN": "Barak",
        "Source": "RESOURCESAT-2 LISSIV, 10m Cartosat DEM, GSI 25K, LULC phase-II 10K (2018-2023) & India-WRIS"
      }
    },
    {
      "type": "Feature",
      "id": "LS_MEGHALAYA_2023.239",
      "geometry": {
        "type": "MultiPolygon",
        "coordinates": [
          [
            [
              [
                92.4148311,
                25.43586075
              ],
              [
                92.4148311,
                25.43609655
              ],
              [
                92.41511983,
                25.43609655
              ],
              [
                92.41511983,
                25.43586075
              ],
              [
                92.4148311,
                25.43586075
              ]
            ]
          ]
        ]
      },
      "geometry_name": "the_geom",
      "properties": {
        "Slide_No": "ML/WJ/83C07/ 2023/7",
        "State": "Meghalaya",
        "District": "West Jaintia Hills",
        "Toposheet": "83C07",
        "Latitude": 25.436,
        "Longitude": 92.415,
        "Length": "29.069",
        "Width": "26.098",
        "Height": "3",
        "Area": "611.584416077161",
        "Activity": "Active",
        "Geomorphol": "Moderately Dissected Structural Upper Plateau",
        "Lithology": "Arkose/gritty sandstone, coal, fireclay & shale",
        "LULC": "Wasteland - Sparse Scrub Land",
        "Triggering": "Rainfall",
        "Year": "2023",
        "BA_NAME": "Brahmaputra Basin",
        "SUB_BASIN": "Brahmaputra Lower",
        "Source": "RESOURCESAT-2 LISSIV, 10m Cartosat DEM, GSI 25K, LULC phase-II 10K (2018-2023) & India-WRIS"
      }
    },
    {
      "type": "Feature",
      "id": "LS_MEGHALAYA_2023.240",
      "geometry": {
        "type": "MultiPolygon",
        "coordinates": [
          [
            [
              [
                92.20799745,
                25.26172982
              ],
              [
                92.20799745,
                25.26184661
              ],
              [
                92.20811554,
                25.26184661
              ],
              [
                92.20811554,
                25.26172982
              ],
              [
                92.20799745,
                25.26172982
              ]
            ]
          ]
        ]
      },
      "geometry_name": "the_geom",
      "properties": {
        "Slide_No": "ML/EJ/83C03/ 2023/7",
        "State": "Meghalaya",
        "District": "East Jaintia Hills",
        "Toposheet": "83C03",
        "Latitude": 25.2618,
        "Longitude": 92.2081,
        "Length": "12.94",
        "Width": "11.897",
        "Height": "5",
        "Area": "123.449667290063",
        "Activity": "Active",
        "Geomorphol": "Moderately Dissected Structural Hills and Valleys",
        "Lithology": "Feldspathic sandstone, conglomerate & clay",
        "LULC": "Evergreen Open Forest",
        "Triggering": "Rainfall",
        "Year": "2023",
        "BA_NAME": "Barak and others Basin",
        "SUB_BASIN": "Kynchiang and other south flowing rivers",
        "Source": "RESOURCESAT-2 LISSIV, 10m Cartosat DEM, GSI 25K, LULC phase-II 10K (2018-2023) & India-WRIS"
      }
    },
    {
      "type": "Feature",
      "id": "LS_MEGHALAYA_2023.241",
      "geometry": {
        "type": "MultiPolygon",
        "coordinates": [
          [
            [
              [
                92.20764612,
                25.26180432
              ],
              [
                92.20764612,
                25.26197735
              ],
              [
                92.20776758,
                25.26197735
              ],
              [
                92.20776758,
                25.26180432
              ],
              [
                92.20764612,
                25.26180432
              ]
            ]
          ]
        ]
      },
      "geometry_name": "the_geom",
      "properties": {
        "Slide_No": "ML/EJ/83C03/ 2023/8",
        "State": "Meghalaya",
        "District": "East Jaintia Hills",
        "Toposheet": "83C03",
        "Latitude": 25.2619,
        "Longitude": 92.2077,
        "Length": "19.205",
        "Width": "12.152",
        "Height": "3",
        "Area": "114.280255765569",
        "Activity": "Active",
        "Geomorphol": "Moderately Dissected Structural Hills and Valleys",
        "Lithology": "Feldspathic sandstone, conglomerate & clay",
        "LULC": "Built Up - Transport Network",
        "Triggering": "Rainfall",
        "Year": "2023",
        "BA_NAME": "Barak and others Basin",
        "SUB_BASIN": "Kynchiang and other south flowing rivers",
        "Source": "RESOURCESAT-2 LISSIV, 10m Cartosat DEM, GSI 25K, LULC phase-II 10K (2018-2023) & India-WRIS"
      }
    },
    {
      "type": "Feature",
      "id": "LS_MEGHALAYA_2023.245",
      "geometry": {
        "type": "MultiPolygon",
        "coordinates": [
          [
            [
              [
                91.88983852,
                25.32132415
              ],
              [
                91.88983852,
                25.32154115
              ],
              [
                91.89001936,
                25.32154115
              ],
              [
                91.89001936,
                25.32132415
              ],
              [
                91.88983852,
                25.32132415
              ]
            ]
          ]
        ]
      },
      "geometry_name": "the_geom",
      "properties": {
        "Slide_No": "ML/EK/78O15/ 2023/40",
        "State": "Meghalaya",
        "District": "East Khasi Hills",
        "Toposheet": "78O15",
        "Latitude": 25.3214,
        "Longitude": 91.8899,
        "Length": "23.993",
        "Width": "18.24",
        "Height": "3",
        "Area": "335.311493591249",
        "Activity": "Active",
        "Geomorphol": "Highly Dissected Structural Hills and Valleys",
        "Lithology": "Quartzite with thin phyllite interbands",
        "LULC": "Built Up - Rural Village Settlement",
        "Triggering": "Rainfall",
        "Year": "2023",
        "BA_NAME": "Barak and others Basin",
        "SUB_BASIN": "Kynchiang and other south flowing rivers",
        "Source": "RESOURCESAT-2 LISSIV, 10m Cartosat DEM, GSI 25K, LULC phase-II 10K (2018-2023) & India-WRIS"
      }
    },
    {
      "type": "Feature",
      "id": "LS_MEGHALAYA_2023.246",
      "geometry": {
        "type": "MultiPolygon",
        "coordinates": [
          [
            [
              [
                91.44887007,
                25.16305104
              ],
              [
                91.44887007,
                25.16322688
              ],
              [
                91.44906278,
                25.16322688
              ],
              [
                91.44906278,
                25.16305104
              ],
              [
                91.44887007,
                25.16305104
              ]
            ]
          ]
        ]
      },
      "geometry_name": "the_geom",
      "properties": {
        "Slide_No": "ML/EK/78O08/ 2023/10",
        "State": "Meghalaya",
        "District": "East Khasi Hills",
        "Toposheet": "78O08",
        "Latitude": 25.1631,
        "Longitude": 91.449,
        "Length": "19.54",
        "Width": "19.391",
        "Height": "2",
        "Area": "271.3224145959",
        "Activity": "Reactivated",
        "Geomorphol": "Highly Dissected Structural Hills and Valleys",
        "Lithology": "Sandstone, shale, siltstone and conglomerate",
        "LULC": "Built Up - Transport Network",
        "Triggering": "Rainfall",
        "Year": "2023",
        "BA_NAME": "Barak and others Basin",
        "SUB_BASIN": "Kynchiang and other south flowing rivers",
        "Source": "RESOURCESAT-2 LISSIV, 10m Cartosat DEM, GSI 25K, LULC phase-II 10K (2018-2023) & India-WRIS"
      }
    },
    {
      "type": "Feature",
      "id": "LS_MEGHALAYA_2023.247",
      "geometry": {
        "type": "MultiPolygon",
        "coordinates": [
          [
            [
              [
                91.59826192,
                25.4670169
              ],
              [
                91.59826192,
                25.46732028
              ],
              [
                91.59859505,
                25.46732028
              ],
              [
                91.59859505,
                25.4670169
              ],
              [
                91.59826192,
                25.4670169
              ]
            ]
          ]
        ]
      },
      "geometry_name": "the_geom",
      "properties": {
        "Slide_No": "ML/EK/78O11/ 2023/19",
        "State": "Meghalaya",
        "District": "East Khasi Hills",
        "Toposheet": "78O11",
        "Latitude": 25.4672,
        "Longitude": 91.5985,
        "Length": "33.922",
        "Width": "33.341",
        "Height": "10",
        "Area": "549.973333937049",
        "Activity": "Active",
        "Geomorphol": "Moderately Dissected Structural Upper Plateau",
        "Lithology": "Unclassified gneiss",
        "LULC": "Wasteland - Sparse Scrub Land",
        "Triggering": "Rainfall",
        "Year": "2023",
        "BA_NAME": "Barak and others Basin",
        "SUB_BASIN": "Kynchiang and other south flowing rivers",
        "Source": "RESOURCESAT-2 LISSIV, 10m Cartosat DEM, GSI 25K, LULC phase-II 10K (2018-2023) & India-WRIS"
      }
    },
    {
      "type": "Feature",
      "id": "LS_MEGHALAYA_2023.248",
      "geometry": {
        "type": "MultiPolygon",
        "coordinates": [
          [
            [
              [
                91.64674366,
                25.54927679
              ],
              [
                91.64674366,
                25.5494995
              ],
              [
                91.64694108,
                25.5494995
              ],
              [
                91.64694108,
                25.54927679
              ],
              [
                91.64674366,
                25.54927679
              ]
            ]
          ]
        ]
      },
      "geometry_name": "the_geom",
      "properties": {
        "Slide_No": "ML/WK/78O10/ 2023/7",
        "State": "Meghalaya",
        "District": "West Khasi Hills",
        "Toposheet": "78O10",
        "Latitude": 25.5494,
        "Longitude": 91.6468,
        "Length": "24.752",
        "Width": "19.694",
        "Height": "4",
        "Area": "362.107094773386",
        "Activity": "Reactivated",
        "Geomorphol": "Moderately Dissected Structural Upper Plateau",
        "Lithology": "Unclassified gneiss",
        "LULC": "Agriculture - Crop Land",
        "Triggering": "Rainfall",
        "Year": "2023",
        "BA_NAME": "Barak and others Basin",
        "SUB_BASIN": "Kynchiang and other south flowing rivers",
        "Source": "RESOURCESAT-2 LISSIV, 10m Cartosat DEM, GSI 25K, LULC phase-II 10K (2018-2023) & India-WRIS"
      }
    },
    {
      "type": "Feature",
      "id": "LS_MEGHALAYA_2023.249",
      "geometry": {
        "type": "MultiPolygon",
        "coordinates": [
          [
            [
              [
                91.74082153,
                25.44673255
              ],
              [
                91.74082153,
                25.44714004
              ],
              [
                91.74116953,
                25.44714004
              ],
              [
                91.74116953,
                25.44673255
              ],
              [
                91.74082153,
                25.44673255
              ]
            ]
          ]
        ]
      },
      "geometry_name": "the_geom",
      "properties": {
        "Slide_No": "ML/EK/78O11/ 2023/20",
        "State": "Meghalaya",
        "District": "East Khasi Hills",
        "Toposheet": "78O11",
        "Latitude": 25.4469,
        "Longitude": 91.741,
        "Length": "45.33",
        "Width": "34.648",
        "Height": "3",
        "Area": "549.047380391873",
        "Activity": "Active",
        "Geomorphol": "Low Dissected Structural Upper Plateau",
        "Lithology": "Quartzite with thin phyllite interbands",
        "LULC": "Evergreen Open Forest",
        "Triggering": "Rainfall",
        "Year": "2023",
        "BA_NAME": "Barak and others Basin",
        "SUB_BASIN": "Kynchiang and other south flowing rivers",
        "Source": "RESOURCESAT-2 LISSIV, 10m Cartosat DEM, GSI 25K, LULC phase-II 10K (2018-2023) & India-WRIS"
      }
    },
    {
      "type": "Feature",
      "id": "LS_MEGHALAYA_2023.255",
      "geometry": {
        "type": "MultiPolygon",
        "coordinates": [
          [
            [
              [
                92.23287375,
                25.46598191
              ],
              [
                92.23287375,
                25.46607494
              ],
              [
                92.23300564,
                25.46607494
              ],
              [
                92.23300564,
                25.46598191
              ],
              [
                92.23287375,
                25.46598191
              ]
            ]
          ]
        ]
      },
      "geometry_name": "the_geom",
      "properties": {
        "Slide_No": "ML/WJ/83C03/ 2023/9",
        "State": "Meghalaya",
        "District": "West Jaintia Hills",
        "Toposheet": "83C03",
        "Latitude": 25.466,
        "Longitude": 92.2329,
        "Length": "13.228",
        "Width": "10.344",
        "Height": "5",
        "Area": "97.271378433131",
        "Activity": "Active",
        "Geomorphol": "Highly Dissected Structural Upper Plateau",
        "Lithology": "Granitoid",
        "LULC": "Evergreen Open Forest",
        "Triggering": "Rainfall",
        "Year": "2023",
        "BA_NAME": "Brahmaputra Basin",
        "SUB_BASIN": "Brahmaputra Lower",
        "Source": "RESOURCESAT-2 LISSIV, 10m Cartosat DEM, GSI 25K, LULC phase-II 10K (2018-2023) & India-WRIS"
      }
    },
    {
      "type": "Feature",
      "id": "LS_MEGHALAYA_2023.256",
      "geometry": {
        "type": "MultiPolygon",
        "coordinates": [
          [
            [
              [
                91.83286979,
                26.02118879
              ],
              [
                91.83286979,
                26.02143435
              ],
              [
                91.83301827,
                26.02143435
              ],
              [
                91.83301827,
                26.02118879
              ],
              [
                91.83286979,
                26.02118879
              ]
            ]
          ]
        ]
      },
      "geometry_name": "the_geom",
      "properties": {
        "Slide_No": "ML/RB/78N16/ 2023/18",
        "State": "Meghalaya",
        "District": "Ribhoi",
        "Toposheet": "78N16",
        "Latitude": 26.0213,
        "Longitude": 91.8329,
        "Length": "27.175",
        "Width": "14.927",
        "Height": "4",
        "Area": "299.991727003544",
        "Activity": "Active",
        "Geomorphol": "Highly Dissected Structural Hills and Valleys",
        "Lithology": "Migmatite / banded gneiss",
        "LULC": "Built Up - Rural Village Settlement",
        "Triggering": "Rainfall",
        "Year": "2023",
        "BA_NAME": "Brahmaputra Basin",
        "SUB_BASIN": "Brahmaputra Lower",
        "Source": "RESOURCESAT-2 LISSIV, 10m Cartosat DEM, GSI 25K, LULC phase-II 10K (2018-2023) & India-WRIS"
      }
    },
    {
      "type": "Feature",
      "id": "LS_MEGHALAYA_2023.261",
      "geometry": {
        "type": "MultiPolygon",
        "coordinates": [
          [
            [
              [
                91.8705884,
                25.25617118
              ],
              [
                91.8705884,
                25.25641078
              ],
              [
                91.87076774,
                25.25641078
              ],
              [
                91.87076774,
                25.25617118
              ],
              [
                91.8705884,
                25.25617118
              ]
            ]
          ]
        ]
      },
      "geometry_name": "the_geom",
      "properties": {
        "Slide_No": "ML/EK/78O15/ 2023/41",
        "State": "Meghalaya",
        "District": "East Khasi Hills",
        "Toposheet": "78O15",
        "Latitude": 25.2563,
        "Longitude": 91.8707,
        "Length": "26.458",
        "Width": "17.992",
        "Height": "3",
        "Area": "346.61646213262",
        "Activity": "Reactivated",
        "Geomorphol": "Moderately Dissected Structural Hills and Valleys",
        "Lithology": "Fossiliferous limestone/calcareous shale-sandstone",
        "LULC": "Built Up - Transport Network",
        "Triggering": "Rainfall",
        "Year": "2023",
        "BA_NAME": "Barak and others Basin",
        "SUB_BASIN": "Kynchiang and other south flowing rivers",
        "Source": "RESOURCESAT-2 LISSIV, 10m Cartosat DEM, GSI 25K, LULC phase-II 10K (2018-2023) & India-WRIS"
      }
    },
    {
      "type": "Feature",
      "id": "LS_MEGHALAYA_2023.262",
      "geometry": {
        "type": "MultiPolygon",
        "coordinates": [
          [
            [
              [
                91.75136999,
                25.2899264
              ],
              [
                91.75136999,
                25.29050855
              ],
              [
                91.75163123,
                25.29050855
              ],
              [
                91.75163123,
                25.2899264
              ],
              [
                91.75136999,
                25.2899264
              ]
            ]
          ]
        ]
      },
      "geometry_name": "the_geom",
      "properties": {
        "Slide_No": "ML/EK/78O15/ 2023/42",
        "State": "Meghalaya",
        "District": "East Khasi Hills",
        "Toposheet": "78O15",
        "Latitude": 25.2902,
        "Longitude": 91.7515,
        "Length": "64.605",
        "Width": "25.886",
        "Height": "7",
        "Area": "929.116315994113",
        "Activity": "Active",
        "Geomorphol": "Highly Dissected Structural Hills and Valleys",
        "Lithology": "Grey and pink porphyritic granite",
        "LULC": "Evergreen Closed Forest",
        "Triggering": "Rainfall",
        "Year": "2023",
        "BA_NAME": "Barak and others Basin",
        "SUB_BASIN": "Kynchiang and other south flowing rivers",
        "Source": "RESOURCESAT-2 LISSIV, 10m Cartosat DEM, GSI 25K, LULC phase-II 10K (2018-2023) & India-WRIS"
      }
    },
    {
      "type": "Feature",
      "id": "LS_MEGHALAYA_2023.263",
      "geometry": {
        "type": "MultiPolygon",
        "coordinates": [
          [
            [
              [
                91.47555316,
                25.18158847
              ],
              [
                91.47555316,
                25.18167182
              ],
              [
                91.47569302,
                25.18167182
              ],
              [
                91.47569302,
                25.18158847
              ],
              [
                91.47555316,
                25.18158847
              ]
            ]
          ]
        ]
      },
      "geometry_name": "the_geom",
      "properties": {
        "Slide_No": "ML/EK/78O08/ 2023/12",
        "State": "Meghalaya",
        "District": "East Khasi Hills",
        "Toposheet": "78O08",
        "Latitude": 25.1816,
        "Longitude": 91.4756,
        "Length": "14.076",
        "Width": "9.248",
        "Height": "8",
        "Area": "99.3737522294568",
        "Activity": "Active",
        "Geomorphol": "Highly Dissected Structural Hills and Valleys",
        "Lithology": "Coarse sandstone, siltstone, mudstone & marl",
        "LULC": "Wasteland - Dense Scrub Land",
        "Triggering": "Rainfall",
        "Year": "2023",
        "BA_NAME": "Barak and others Basin",
        "SUB_BASIN": "Kynchiang and other south flowing rivers",
        "Source": "RESOURCESAT-2 LISSIV, 10m Cartosat DEM, GSI 25K, LULC phase-II 10K (2018-2023) & India-WRIS"
      }
    },
    {
      "type": "Feature",
      "id": "LS_MEGHALAYA_2023.264",
      "geometry": {
        "type": "MultiPolygon",
        "coordinates": [
          [
            [
              [
                91.86899953,
                25.31399129
              ],
              [
                91.86899953,
                25.31414946
              ],
              [
                91.86919392,
                25.31414946
              ],
              [
                91.86919392,
                25.31399129
              ],
              [
                91.86899953,
                25.31399129
              ]
            ]
          ]
        ]
      },
      "geometry_name": "the_geom",
      "properties": {
        "Slide_No": "ML/EK/78O15/ 2023/43",
        "State": "Meghalaya",
        "District": "East Khasi Hills",
        "Toposheet": "78O15",
        "Latitude": 25.3141,
        "Longitude": 91.8691,
        "Length": "19.585",
        "Width": "17.453",
        "Height": "7",
        "Area": "265.58336557634",
        "Activity": "Active",
        "Geomorphol": "Highly Dissected Structural Hills and Valleys",
        "Lithology": "Quartzite with thin phyllite interbands",
        "LULC": "Wasteland - Dense Scrub Land",
        "Triggering": "Rainfall",
        "Year": "2023",
        "BA_NAME": "Barak and others Basin",
        "SUB_BASIN": "Kynchiang and other south flowing rivers",
        "Source": "RESOURCESAT-2 LISSIV, 10m Cartosat DEM, GSI 25K, LULC phase-II 10K (2018-2023) & India-WRIS"
      }
    },
    {
      "type": "Feature",
      "id": "LS_MEGHALAYA_2023.265",
      "geometry": {
        "type": "MultiPolygon",
        "coordinates": [
          [
            [
              [
                91.87032761,
                25.31430448
              ],
              [
                91.87032761,
                25.31443113
              ],
              [
                91.87049381,
                25.31443113
              ],
              [
                91.87049381,
                25.31430448
              ],
              [
                91.87032761,
                25.31430448
              ]
            ]
          ]
        ]
      },
      "geometry_name": "the_geom",
      "properties": {
        "Slide_No": "ML/EK/78O15/ 2023/44",
        "State": "Meghalaya",
        "District": "East Khasi Hills",
        "Toposheet": "78O15",
        "Latitude": 25.3144,
        "Longitude": 91.8704,
        "Length": "16.749",
        "Width": "13.974",
        "Height": "2",
        "Area": "185.524598345631",
        "Activity": "Active",
        "Geomorphol": "Highly Dissected Structural Hills and Valleys",
        "Lithology": "Quartzite with thin phyllite interbands",
        "LULC": "Wasteland - Dense Scrub Land",
        "Triggering": "Rainfall",
        "Year": "2023",
        "BA_NAME": "Barak and others Basin",
        "SUB_BASIN": "Kynchiang and other south flowing rivers",
        "Source": "RESOURCESAT-2 LISSIV, 10m Cartosat DEM, GSI 25K, LULC phase-II 10K (2018-2023) & India-WRIS"
      }
    },
    {
      "type": "Feature",
      "id": "LS_MEGHALAYA_2023.266",
      "geometry": {
        "type": "MultiPolygon",
        "coordinates": [
          [
            [
              [
                91.86777001,
                25.31154775
              ],
              [
                91.86777001,
                25.31166546
              ],
              [
                91.86793656,
                25.31166546
              ],
              [
                91.86793656,
                25.31154775
              ],
              [
                91.86777001,
                25.31154775
              ]
            ]
          ]
        ]
      },
      "geometry_name": "the_geom",
      "properties": {
        "Slide_No": "ML/EK/78O15/ 2023/45",
        "State": "Meghalaya",
        "District": "East Khasi Hills",
        "Toposheet": "78O15",
        "Latitude": 25.3116,
        "Longitude": 91.8679,
        "Length": "16.798",
        "Width": "12.98",
        "Height": "2",
        "Area": "164.858851404056",
        "Activity": "Active",
        "Geomorphol": "Highly Dissected Structural Hills and Valleys",
        "Lithology": "Quartzite with thin phyllite interbands",
        "LULC": "Evergreen Closed Forest",
        "Triggering": "Rainfall",
        "Year": "2023",
        "BA_NAME": "Barak and others Basin",
        "SUB_BASIN": "Kynchiang and other south flowing rivers",
        "Source": "RESOURCESAT-2 LISSIV, 10m Cartosat DEM, GSI 25K, LULC phase-II 10K (2018-2023) & India-WRIS"
      }
    },
    {
      "type": "Feature",
      "id": "LS_MEGHALAYA_2023.267",
      "geometry": {
        "type": "MultiPolygon",
        "coordinates": [
          [
            [
              [
                91.87080698,
                25.31557743
              ],
              [
                91.87080698,
                25.31598902
              ],
              [
                91.87115909,
                25.31598902
              ],
              [
                91.87115909,
                25.31557743
              ],
              [
                91.87080698,
                25.31557743
              ]
            ]
          ]
        ]
      },
      "geometry_name": "the_geom",
      "properties": {
        "Slide_No": "ML/EK/78O15/ 2023/46",
        "State": "Meghalaya",
        "District": "East Khasi Hills",
        "Toposheet": "78O15",
        "Latitude": 25.3158,
        "Longitude": 91.871,
        "Length": "45.791",
        "Width": "35.171",
        "Height": "39",
        "Area": "679.584913846345",
        "Activity": "Active",
        "Geomorphol": "Highly Dissected Structural Hills and Valleys",
        "Lithology": "Quartzite with thin phyllite interbands",
        "LULC": "Wasteland - Dense Scrub Land",
        "Triggering": "Rainfall",
        "Year": "2023",
        "BA_NAME": "Barak and others Basin",
        "SUB_BASIN": "Kynchiang and other south flowing rivers",
        "Source": "RESOURCESAT-2 LISSIV, 10m Cartosat DEM, GSI 25K, LULC phase-II 10K (2018-2023) & India-WRIS"
      }
    },
    {
      "type": "Feature",
      "id": "LS_MEGHALAYA_2023.268",
      "geometry": {
        "type": "MultiPolygon",
        "coordinates": [
          [
            [
              [
                91.7658066,
                25.35389988
              ],
              [
                91.7658066,
                25.35403154
              ],
              [
                91.76596365,
                25.35403154
              ],
              [
                91.76596365,
                25.35389988
              ],
              [
                91.7658066,
                25.35389988
              ]
            ]
          ]
        ]
      },
      "geometry_name": "the_geom",
      "properties": {
        "Slide_No": "ML/EK/78O15/ 2023/47",
        "State": "Meghalaya",
        "District": "East Khasi Hills",
        "Toposheet": "78O15",
        "Latitude": 25.354,
        "Longitude": 91.7659,
        "Length": "15.84",
        "Width": "14.544",
        "Height": "3",
        "Area": "173.775771640922",
        "Activity": "Active",
        "Geomorphol": "Highly Dissected Structural Hills and Valleys",
        "Lithology": "Quartzite with thin phyllite interbands",
        "LULC": "Evergreen Open Forest",
        "Triggering": "Rainfall",
        "Year": "2023",
        "BA_NAME": "Barak and others Basin",
        "SUB_BASIN": "Kynchiang and other south flowing rivers",
        "Source": "RESOURCESAT-2 LISSIV, 10m Cartosat DEM, GSI 25K, LULC phase-II 10K (2018-2023) & India-WRIS"
      }
    },
    {
      "type": "Feature",
      "id": "LS_MEGHALAYA_2023.269",
      "geometry": {
        "type": "MultiPolygon",
        "coordinates": [
          [
            [
              [
                91.58921405,
                25.52773888
              ],
              [
                91.58921405,
                25.52858357
              ],
              [
                91.59019104,
                25.52858357
              ],
              [
                91.59019104,
                25.52773888
              ],
              [
                91.58921405,
                25.52773888
              ]
            ]
          ]
        ]
      },
      "geometry_name": "the_geom",
      "properties": {
        "Slide_No": "ML/WK/78O10/ 2023/8",
        "State": "Meghalaya",
        "District": "West Khasi Hills",
        "Toposheet": "78O10",
        "Latitude": 25.5282,
        "Longitude": 91.5897,
        "Length": "97.468",
        "Width": "94.339",
        "Height": "35",
        "Area": "2856.83044266452",
        "Activity": "Active",
        "Geomorphol": "Moderately Dissected Structural Upper Plateau",
        "Lithology": "Augen gneiss",
        "LULC": "Wasteland - Sparse Scrub Land",
        "Triggering": "Rainfall",
        "Year": "2023",
        "BA_NAME": "Barak and others Basin",
        "SUB_BASIN": "Kynchiang and other south flowing rivers",
        "Source": "RESOURCESAT-2 LISSIV, 10m Cartosat DEM, GSI 25K, LULC phase-II 10K (2018-2023) & India-WRIS"
      }
    },
    {
      "type": "Feature",
      "id": "LS_MEGHALAYA_2023.270",
      "geometry": {
        "type": "MultiPolygon",
        "coordinates": [
          [
            [
              [
                92.16642793,
                25.27817437
              ],
              [
                92.16642793,
                25.2784052
              ],
              [
                92.16664018,
                25.2784052
              ],
              [
                92.16664018,
                25.27817437
              ],
              [
                92.16642793,
                25.27817437
              ]
            ]
          ]
        ]
      },
      "geometry_name": "the_geom",
      "properties": {
        "Slide_No": "ML/WJ/83C03/ 2023/1",
        "State": "Meghalaya",
        "District": "West Jaintia Hills",
        "Toposheet": "83C03",
        "Latitude": 25.2783,
        "Longitude": 92.1665,
        "Length": "25.618",
        "Width": "21.285",
        "Height": "9",
        "Area": "315.506802268336",
        "Activity": "Active",
        "Geomorphol": "Moderately Dissected Structural Hills and Valleys",
        "Lithology": "Arkose/gritty sandstone, coal, fireclay & shale",
        "LULC": "Evergreen Open Forest",
        "Triggering": "Rainfall",
        "Year": "2023",
        "BA_NAME": "Barak and others Basin",
        "SUB_BASIN": "Kynchiang and other south flowing rivers",
        "Source": "RESOURCESAT-2 LISSIV, 10m Cartosat DEM, GSI 25K, LULC phase-II 10K (2018-2023) & India-WRIS"
      }
    },
    {
      "type": "Feature",
      "id": "LS_MEGHALAYA_2023.271",
      "geometry": {
        "type": "MultiPolygon",
        "coordinates": [
          [
            [
              [
                91.80806106,
                25.51800913
              ],
              [
                91.80806106,
                25.51846993
              ],
              [
                91.8083422,
                25.51846993
              ],
              [
                91.8083422,
                25.51800913
              ],
              [
                91.80806106,
                25.51800913
              ]
            ]
          ]
        ]
      },
      "geometry_name": "the_geom",
      "properties": {
        "Slide_No": "ML/EK/78O14/ 2023/2",
        "State": "Meghalaya",
        "District": "East Khasi Hills",
        "Toposheet": "78O14",
        "Latitude": 25.5182,
        "Longitude": 91.8082,
        "Length": "51.067",
        "Width": "28.125",
        "Height": "7",
        "Area": "1177.97286477518",
        "Activity": "Reactivated",
        "Geomorphol": "Moderately Dissected Structural Upper Plateau",
        "Lithology": "Grey and pink porphyritic granite",
        "LULC": "Evergreen Open Forest",
        "Triggering": "Rainfall",
        "Year": "2023",
        "BA_NAME": "Barak and others Basin",
        "SUB_BASIN": "Kynchiang and other south flowing rivers",
        "Source": "RESOURCESAT-2 LISSIV, 10m Cartosat DEM, GSI 25K, LULC phase-II 10K (2018-2023) & India-WRIS"
      }
    },
    {
      "type": "Feature",
      "id": "LS_MEGHALAYA_2023.272",
      "geometry": {
        "type": "MultiPolygon",
        "coordinates": [
          [
            [
              [
                91.87305372,
                25.3886462
              ],
              [
                91.87305372,
                25.38882499
              ],
              [
                91.87320889,
                25.38882499
              ],
              [
                91.87320889,
                25.3886462
              ],
              [
                91.87305372,
                25.3886462
              ]
            ]
          ]
        ]
      },
      "geometry_name": "the_geom",
      "properties": {
        "Slide_No": "ML/EK/78O15/ 2023/49",
        "State": "Meghalaya",
        "District": "East Khasi Hills",
        "Toposheet": "78O15",
        "Latitude": 25.3887,
        "Longitude": 91.8731,
        "Length": "19.844",
        "Width": "15.544",
        "Height": "11",
        "Area": "225.764345962369",
        "Activity": "Active",
        "Geomorphol": "Highly Dissected Structural Hills and Valleys",
        "Lithology": "Quartzite with thin phyllite interbands",
        "LULC": "Wasteland - Sparse Scrub Land",
        "Triggering": "Rainfall",
        "Year": "2023",
        "BA_NAME": "Barak and others Basin",
        "SUB_BASIN": "Kynchiang and other south flowing rivers",
        "Source": "RESOURCESAT-2 LISSIV, 10m Cartosat DEM, GSI 25K, LULC phase-II 10K (2018-2023) & India-WRIS"
      }
    },
    {
      "type": "Feature",
      "id": "LS_MEGHALAYA_2023.273",
      "geometry": {
        "type": "MultiPolygon",
        "coordinates": [
          [
            [
              [
                91.49448729,
                25.25499125
              ],
              [
                91.49448729,
                25.25528414
              ],
              [
                91.49468114,
                25.25528414
              ],
              [
                91.49468114,
                25.25499125
              ],
              [
                91.49448729,
                25.25499125
              ]
            ]
          ]
        ]
      },
      "geometry_name": "the_geom",
      "properties": {
        "Slide_No": "ML/EK/78O07/ 2023/3",
        "State": "Meghalaya",
        "District": "East Khasi Hills",
        "Toposheet": "78O07",
        "Latitude": 25.2552,
        "Longitude": 91.4946,
        "Length": "32.498",
        "Width": "19.483",
        "Height": "12",
        "Area": "459.546621810983",
        "Activity": "Reactivated",
        "Geomorphol": "Moderately Dissected Structural Hills and Valleys",
        "Lithology": "Gritty sandstone alternating with conglomerate",
        "LULC": "Evergreen Closed Forest",
        "Triggering": "Rainfall",
        "Year": "2023",
        "BA_NAME": "Barak and others Basin",
        "SUB_BASIN": "Kynchiang and other south flowing rivers",
        "Source": "RESOURCESAT-2 LISSIV, 10m Cartosat DEM, GSI 25K, LULC phase-II 10K (2018-2023) & India-WRIS"
      }
    },
    {
      "type": "Feature",
      "id": "LS_MEGHALAYA_2023.277",
      "geometry": {
        "type": "MultiPolygon",
        "coordinates": [
          [
            [
              [
                91.53287582,
                25.18839736
              ],
              [
                91.53287582,
                25.18865477
              ],
              [
                91.53305589,
                25.18865477
              ],
              [
                91.53305589,
                25.18839736
              ],
              [
                91.53287582,
                25.18839736
              ]
            ]
          ]
        ]
      },
      "geometry_name": "the_geom",
      "properties": {
        "Slide_No": "ML/EK/78O12/ 2023/4",
        "State": "Meghalaya",
        "District": "East Khasi Hills",
        "Toposheet": "78O12",
        "Latitude": 25.1885,
        "Longitude": 91.533,
        "Length": "28.545",
        "Width": "18.035",
        "Height": "4",
        "Area": "362.980391243344",
        "Activity": "Active",
        "Geomorphol": "Highly Dissected Structural Hills and Valleys",
        "Lithology": "Sandstone, siltstone, shale & phosphatic nodules",
        "LULC": "Evergreen Closed Forest",
        "Triggering": "Rainfall",
        "Year": "2023",
        "BA_NAME": "Barak and others Basin",
        "SUB_BASIN": "Kynchiang and other south flowing rivers",
        "Source": "RESOURCESAT-2 LISSIV, 10m Cartosat DEM, GSI 25K, LULC phase-II 10K (2018-2023) & India-WRIS"
      }
    },
    {
      "type": "Feature",
      "id": "LS_MEGHALAYA_2023.280",
      "geometry": {
        "type": "MultiPolygon",
        "coordinates": [
          [
            [
              [
                91.60463653,
                25.35725248
              ],
              [
                91.60463653,
                25.3574338
              ],
              [
                91.60473777,
                25.3574338
              ],
              [
                91.60473777,
                25.35725248
              ],
              [
                91.60463653,
                25.35725248
              ]
            ]
          ]
        ]
      },
      "geometry_name": "the_geom",
      "properties": {
        "Slide_No": "ML/EK/78O11/ 2023/3",
        "State": "Meghalaya",
        "District": "East Khasi Hills",
        "Toposheet": "78O11",
        "Latitude": 25.3573,
        "Longitude": 91.6047,
        "Length": "20.067",
        "Width": "10.294",
        "Height": "3",
        "Area": "114.455544951173",
        "Activity": "Active",
        "Geomorphol": "Low Dissected Structural Upper Plateau",
        "Lithology": "Porphyritic granite",
        "LULC": "Evergreen Closed Forest",
        "Triggering": "Rainfall",
        "Year": "2023",
        "BA_NAME": "Barak and others Basin",
        "SUB_BASIN": "Kynchiang and other south flowing rivers",
        "Source": "RESOURCESAT-2 LISSIV, 10m Cartosat DEM, GSI 25K, LULC phase-II 10K (2018-2023) & India-WRIS"
      }
    },
    {
      "type": "Feature",
      "id": "LS_MEGHALAYA_2023.287",
      "geometry": {
        "type": "MultiPolygon",
        "coordinates": [
          [
            [
              [
                91.50048956,
                25.52434709
              ],
              [
                91.50048956,
                25.52462924
              ],
              [
                91.50071833,
                25.52462924
              ],
              [
                91.50071833,
                25.52434709
              ],
              [
                91.50048956,
                25.52434709
              ]
            ]
          ]
        ]
      },
      "geometry_name": "the_geom",
      "properties": {
        "Slide_No": "ML/WK/78O10/ 2023/6",
        "State": "Meghalaya",
        "District": "West Khasi Hills",
        "Toposheet": "78O10",
        "Latitude": 25.5245,
        "Longitude": 91.5006,
        "Length": "132.592",
        "Width": "75.586",
        "Height": "3",
        "Area": "453.472817602363",
        "Activity": "Active",
        "Geomorphol": "Highly Dissected Structural Upper Plateau",
        "Lithology": "Unclassified Gneiss",
        "LULC": "Built Up - Rural Village Settlement",
        "Triggering": "Rainfall",
        "Year": "2023",
        "BA_NAME": "Barak and others Basin",
        "SUB_BASIN": "Kynchiang and other south flowing rivers",
        "Source": "RESOURCESAT-2 LISSIV, 10m Cartosat DEM, GSI 25K, LULC phase-II 10K (2018-2023) & India-WRIS"
      }
    },
    {
      "type": "Feature",
      "id": "LS_MEGHALAYA_2023.288",
      "geometry": {
        "type": "MultiPolygon",
        "coordinates": [
          [
            [
              [
                91.8264447,
                25.17860016
              ],
              [
                91.8264447,
                25.1790494
              ],
              [
                91.82685603,
                25.1790494
              ],
              [
                91.82685603,
                25.17860016
              ],
              [
                91.8264447,
                25.17860016
              ]
            ]
          ]
        ]
      },
      "geometry_name": "the_geom",
      "properties": {
        "Slide_No": "ML/EK/78O16/ 2023/5",
        "State": "Meghalaya",
        "District": "East Khasi Hills",
        "Toposheet": "78O16",
        "Latitude": 25.1788,
        "Longitude": 91.8266,
        "Length": "49.825",
        "Width": "41.439",
        "Height": "79",
        "Area": "1563.2814164346",
        "Activity": "Active",
        "Geomorphol": "Moderately Dissected Structural Hills and Valleys",
        "Lithology": "Fossiliferous limestone/calcareous shale-sandstone",
        "LULC": "Evergreen Open Forest",
        "Triggering": "Rainfall",
        "Year": "2023",
        "BA_NAME": "Barak and others Basin",
        "SUB_BASIN": "Kynchiang and other south flowing rivers",
        "Source": "RESOURCESAT-2 LISSIV, 10m Cartosat DEM, GSI 25K, LULC phase-II 10K (2018-2023) & India-WRIS"
      }
    }
  ],
  "totalFeatures": "unknown",
  "numberReturned": 165,
  "timeStamp": "2026-09-09T15:39:11.866Z",
  "crs": {
    "type": "name",
    "properties": {
      "name": "urn:ogc:def:crs:EPSG::4326"
    }
  }
}