{
  "type": "FeatureCollection",
  "features": [
    {
      "type": "Feature",
      "id": "LS_NAGALAND_2023.7",
      "geometry": {
        "type": "MultiPolygon",
        "coordinates": [
          [
            [
              [
                94.29300088,
                26.10202135
              ],
              [
                94.29300088,
                26.10276846
              ],
              [
                94.29341123,
                26.10276846
              ],
              [
                94.29341123,
                26.10202135
              ],
              [
                94.29300088,
                26.10202135
              ]
            ]
          ]
        ]
      },
      "geometry_name": "the_geom",
      "properties": {
        "Slide_No": "NL/WO/83J8/2023/1",
        "State": "NAGALAND",
        "District": "WOKHA",
        "Topo_No": "83J8",
        "Latitude": 26.1024,
        "Longitude": 94.2932,
        "Length_m": 90.432,
        "Width_m": 18.45,
        "Height_m": 64.4627685547,
        "Area_Sqm": 1065.27,
        "Activity": "Active",
        "Geomorpho": "Structural Origin - Low Dissected Hills and Valleys (Sldhv)",
        "Lithology": "Flaggy sandstone with subordinate shale (Barail Group) 0541), Eocene-Oligocene",
        "LULC": "Wasteland - Gullied Land",
        "Triggering": "Rainfall",
        "Year": "2023",
        "Basin": "Brahmaputra Basin",
        "Sub_Basin": "Brahmaputra Upper",
        "Source": "RESOURCESAT-2, 2A, 10m CARTODEM, NGLM 50k(2011-2012), Lithology-GSI 50k(2011), SISDP-P2-LULC 10k(2018-2023) & India-WRIS"
      }
    },
    {
      "type": "Feature",
      "id": "LS_NAGALAND_2023.8",
      "geometry": {
        "type": "MultiPolygon",
        "coordinates": [
          [
            [
              [
                94.27974819,
                26.09116535
              ],
              [
                94.27974819,
                26.09220543
              ],
              [
                94.2831564,
                26.09220543
              ],
              [
                94.2831564,
                26.09116535
              ],
              [
                94.27974819,
                26.09116535
              ]
            ]
          ]
        ]
      },
      "geometry_name": "the_geom",
      "properties": {
        "Slide_No": "NL/WO/83J8/2023/2",
        "State": "NAGALAND",
        "District": "WOKHA",
        "Topo_No": "83J8",
        "Latitude": 26.0918,
        "Longitude": 94.2814,
        "Length_m": 355.571,
        "Width_m": 30.637,
        "Height_m": 118.094482422,
        "Area_Sqm": 4492.89,
        "Activity": "Active",
        "Geomorpho": "Structural Origin - Low Dissected Hills and Valleys (Sldhv)",
        "Lithology": "Flaggy sandstone with subordinate shale (Barail Group) 0541), Eocene-Oligocene",
        "LULC": "Wasteland - Gullied Land",
        "Triggering": "Rainfall",
        "Year": "2023",
        "Basin": "Brahmaputra Basin",
        "Sub_Basin": "Brahmaputra Upper",
        "Source": "RESOURCESAT-2, 2A, 10m CARTODEM, NGLM 50k(2011-2012), Lithology-GSI 50k(2011), SISDP-P2-LULC 10k(2018-2023) & India-WRIS"
      }
    },
    {
      "type": "Feature",
      "id": "LS_NAGALAND_2023.9",
      "geometry": {
        "type": "MultiPolygon",
        "coordinates": [
          [
            [
              [
                93.98900059,
                26.03911304
              ],
              [
                93.98900059,
                26.03922374
              ],
              [
                93.98917514,
                26.03922374
              ],
              [
                93.98917514,
                26.03911304
              ],
              [
                93.98900059,
                26.03911304
              ]
            ]
          ]
        ]
      },
      "geometry_name": "the_geom",
      "properties": {
        "Slide_No": "NL/WO/83F16/2023/1",
        "State": "NAGALAND",
        "District": "WOKHA",
        "Topo_No": "83F16",
        "Latitude": 26.0392,
        "Longitude": 93.9891,
        "Length_m": 17.425,
        "Width_m": 11.154,
        "Height_m": 4.17498779297,
        "Area_Sqm": 165.42,
        "Activity": "Active",
        "Geomorpho": "Structural Origin - Highly Dissected Hills and Valleys (Shdhv)",
        "Lithology": "Shale, siltstone, ferruginous sandstone & mudstone (Surma Group) 0485), Miocene",
        "LULC": "Deciduous Open Forest",
        "Triggering": "Rainfall",
        "Year": "2023",
        "Basin": "Brahmaputra Basin",
        "Sub_Basin": "Brahmaputra Upper",
        "Source": "RESOURCESAT-2, 2A, 10m CARTODEM, NGLM 50k(2011-2012), Lithology-GSI 50k(2011), SISDP-P2-LULC 10k(2018-2023) & India-WRIS"
      }
    },
    {
      "type": "Feature",
      "id": "LS_NAGALAND_2023.10",
      "geometry": {
        "type": "MultiPolygon",
        "coordinates": [
          [
            [
              [
                94.08542823,
                26.03057849
              ],
              [
                94.08542823,
                26.03080752
              ],
              [
                94.08578913,
                26.03080752
              ],
              [
                94.08578913,
                26.03057849
              ],
              [
                94.08542823,
                26.03057849
              ]
            ]
          ]
        ]
      },
      "geometry_name": "the_geom",
      "properties": {
        "Slide_No": "NL/WO/83J4/2023/1",
        "State": "NAGALAND",
        "District": "WOKHA",
        "Topo_No": "83J4",
        "Latitude": 26.0307,
        "Longitude": 94.0856,
        "Length_m": 35.48,
        "Width_m": 24.348,
        "Height_m": 6.11267089844,
        "Area_Sqm": 508.659,
        "Activity": "Active",
        "Geomorpho": "Structural Origin - Highly Dissected Hills and Valleys (Shdhv)",
        "Lithology": "Shale, siltstone, ferruginous sandstone & mudstone (Surma Group) 0485), Miocene",
        "LULC": "Deciduous Closed Forest",
        "Triggering": "Rainfall",
        "Year": "2023",
        "Basin": "Brahmaputra Basin",
        "Sub_Basin": "Brahmaputra Upper",
        "Source": "RESOURCESAT-2, 2A, 10m CARTODEM, NGLM 50k(2011-2012), Lithology-GSI 50k(2011), SISDP-P2-LULC 10k(2018-2023) & India-WRIS"
      }
    },
    {
      "type": "Feature",
      "id": "LS_NAGALAND_2023.11",
      "geometry": {
        "type": "MultiPolygon",
        "coordinates": [
          [
            [
              [
                94.19683186,
                26.02890434
              ],
              [
                94.19683186,
                26.02905994
              ],
              [
                94.19694829,
                26.02905994
              ],
              [
                94.19694829,
                26.02890434
              ],
              [
                94.19683186,
                26.02890434
              ]
            ]
          ]
        ]
      },
      "geometry_name": "the_geom",
      "properties": {
        "Slide_No": "NL/WO/83J4/2023/2",
        "State": "NAGALAND",
        "District": "WOKHA",
        "Topo_No": "83J4",
        "Latitude": 26.029,
        "Longitude": 94.1969,
        "Length_m": 17.404,
        "Width_m": 11.483,
        "Height_m": 5.745179,
        "Area_Sqm": 158.3,
        "Activity": "Active",
        "Geomorpho": "Structural Origin - Highly Dissected Hills and Valleys (Shdhv)",
        "Lithology": "Shale, siltstone, greywacke rhythmite & sandstone (0594), Palaeocene-Eocene",
        "LULC": "Deciduous Closed Forest",
        "Triggering": "Rainfall",
        "Year": "2023",
        "Basin": "Brahmaputra Basin",
        "Sub_Basin": "Brahmaputra Upper",
        "Source": "RESOURCESAT-2, 2A, 10m CARTODEM, NGLM 50k(2011-2012), Lithology-GSI 50k(2011), SISDP-P2-LULC 10k(2018-2023) & India-WRIS"
      }
    },
    {
      "type": "Feature",
      "id": "LS_NAGALAND_2023.12",
      "geometry": {
        "type": "MultiPolygon",
        "coordinates": [
          [
            [
              [
                94.04152129,
                26.02397181
              ],
              [
                94.04152129,
                26.02477469
              ],
              [
                94.04183912,
                26.02477469
              ],
              [
                94.04183912,
                26.02397181
              ],
              [
                94.04152129,
                26.02397181
              ]
            ]
          ]
        ]
      },
      "geometry_name": "the_geom",
      "properties": {
        "Slide_No": "NL/WO/83J4/2023/3",
        "State": "NAGALAND",
        "District": "WOKHA",
        "Topo_No": "83J4",
        "Latitude": 26.0243,
        "Longitude": 94.0417,
        "Length_m": 92.148,
        "Width_m": 15.693,
        "Height_m": 68.5375061035,
        "Area_Sqm": 962.44,
        "Activity": "Active",
        "Geomorpho": "Structural Origin - Moderately Dissected Hills and Valleys (Smdhv)",
        "Lithology": "Shale, siltstone, ferruginous sandstone & mudstone (Surma Group) 0485), Miocene",
        "LULC": "Deciduous Open Forest",
        "Triggering": "Rainfall",
        "Year": "2023",
        "Basin": "Brahmaputra Basin",
        "Sub_Basin": "Brahmaputra Upper",
        "Source": "RESOURCESAT-2, 2A, 10m CARTODEM, NGLM 50k(2011-2012), Lithology-GSI 50k(2011), SISDP-P2-LULC 10k(2018-2023) & India-WRIS"
      }
    },
    {
      "type": "Feature",
      "id": "LS_NAGALAND_2023.13",
      "geometry": {
        "type": "MultiPolygon",
        "coordinates": [
          [
            [
              [
                94.04305653,
                26.02265291
              ],
              [
                94.04305653,
                26.02330638
              ],
              [
                94.04378659,
                26.02330638
              ],
              [
                94.04378659,
                26.02265291
              ],
              [
                94.04305653,
                26.02265291
              ]
            ]
          ]
        ]
      },
      "geometry_name": "the_geom",
      "properties": {
        "Slide_No": "NL/WO/83J4/2023/4",
        "State": "NAGALAND",
        "District": "WOKHA",
        "Topo_No": "83J4",
        "Latitude": 26.023,
        "Longitude": 94.0434,
        "Length_m": 97.988,
        "Width_m": 20.28,
        "Height_m": 29.3086090088,
        "Area_Sqm": 1048.39,
        "Activity": "Active",
        "Geomorpho": "Structural Origin - Moderately Dissected Hills and Valleys (Smdhv)",
        "Lithology": "Shale, siltstone, ferruginous sandstone & mudstone (Surma Group) 0485), Miocene",
        "LULC": "Deciduous Open Forest",
        "Triggering": "Rainfall",
        "Year": "2023",
        "Basin": "Brahmaputra Basin",
        "Sub_Basin": "Brahmaputra Upper",
        "Source": "RESOURCESAT-2, 2A, 10m CARTODEM, NGLM 50k(2011-2012), Lithology-GSI 50k(2011), SISDP-P2-LULC 10k(2018-2023) & India-WRIS"
      }
    },
    {
      "type": "Feature",
      "id": "LS_NAGALAND_2023.14",
      "geometry": {
        "type": "MultiPolygon",
        "coordinates": [
          [
            [
              [
                94.03160322,
                26.01283471
              ],
              [
                94.03160322,
                26.01318991
              ],
              [
                94.03185311,
                26.01318991
              ],
              [
                94.03185311,
                26.01283471
              ],
              [
                94.03160322,
                26.01283471
              ]
            ]
          ]
        ]
      },
      "geometry_name": "the_geom",
      "properties": {
        "Slide_No": "NL/WO/83J4/2023/5",
        "State": "NAGALAND",
        "District": "WOKHA",
        "Topo_No": "83J4",
        "Latitude": 26.013,
        "Longitude": 94.0318,
        "Length_m": 43.253,
        "Width_m": 18.998,
        "Height_m": 15.5193634033,
        "Area_Sqm": 453.684,
        "Activity": "Active",
        "Geomorpho": "Structural Origin - Moderately Dissected Hills and Valleys (Smdhv)",
        "Lithology": "Shale, siltstone, ferruginous sandstone & mudstone (Surma Group) 0485), Miocene",
        "LULC": "Agriculture - Crop Land",
        "Triggering": "Rainfall",
        "Year": "2023",
        "Basin": "Brahmaputra Basin",
        "Sub_Basin": "Brahmaputra Upper",
        "Source": "RESOURCESAT-2, 2A, 10m CARTODEM, NGLM 50k(2011-2012), Lithology-GSI 50k(2011), SISDP-P2-LULC 10k(2018-2023) & India-WRIS"
      }
    },
    {
      "type": "Feature",
      "id": "LS_NAGALAND_2023.15",
      "geometry": {
        "type": "MultiPolygon",
        "coordinates": [
          [
            [
              [
                94.02124966,
                26.00681865
              ],
              [
                94.02124966,
                26.00717631
              ],
              [
                94.02147297,
                26.00717631
              ],
              [
                94.02147297,
                26.00681865
              ],
              [
                94.02124966,
                26.00681865
              ]
            ]
          ]
        ]
      },
      "geometry_name": "the_geom",
      "properties": {
        "Slide_No": "NL/WO/83J4/2023/6",
        "State": "NAGALAND",
        "District": "WOKHA",
        "Topo_No": "83J4",
        "Latitude": 26.007,
        "Longitude": 94.0214,
        "Length_m": 40.454,
        "Width_m": 19.513,
        "Height_m": 6.42785644531,
        "Area_Sqm": 466.507,
        "Activity": "Active",
        "Geomorpho": "Structural Origin - Moderately Dissected Hills and Valleys (Smdhv)",
        "Lithology": "Shale, siltstone, ferruginous sandstone & mudstone (Surma Group) 0485), Miocene",
        "LULC": "Deciduous Open Forest",
        "Triggering": "Rainfall",
        "Year": "2023",
        "Basin": "Brahmaputra Basin",
        "Sub_Basin": "Brahmaputra Upper",
        "Source": "RESOURCESAT-2, 2A, 10m CARTODEM, NGLM 50k(2011-2012), Lithology-GSI 50k(2011), SISDP-P2-LULC 10k(2018-2023) & India-WRIS"
      }
    },
    {
      "type": "Feature",
      "id": "LS_NAGALAND_2023.16",
      "geometry": {
        "type": "MultiPolygon",
        "coordinates": [
          [
            [
              [
                94.04555024,
                26.00782027
              ],
              [
                94.04555024,
                26.00811041
              ],
              [
                94.04566875,
                26.00811041
              ],
              [
                94.04566875,
                26.00782027
              ],
              [
                94.04555024,
                26.00782027
              ]
            ]
          ]
        ]
      },
      "geometry_name": "the_geom",
      "properties": {
        "Slide_No": "NL/WO/83J4/2023/7",
        "State": "NAGALAND",
        "District": "WOKHA",
        "Topo_No": "83J4",
        "Latitude": 26.008,
        "Longitude": 94.0456,
        "Length_m": 32.394,
        "Width_m": 10.851,
        "Height_m": 11.3492736816,
        "Area_Sqm": 287.004,
        "Activity": "Active",
        "Geomorpho": "Structural Origin - Moderately Dissected Hills and Valleys (Smdhv)",
        "Lithology": "Ferruginous sandstone with siltstone and clay (Tipam Group) 0445), Miocene-Pliocene",
        "LULC": "Deciduous Closed Forest",
        "Triggering": "Rainfall",
        "Year": "2023",
        "Basin": "Brahmaputra Basin",
        "Sub_Basin": "Brahmaputra Upper",
        "Source": "RESOURCESAT-2, 2A, 10m CARTODEM, NGLM 50k(2011-2012), Lithology-GSI 50k(2011), SISDP-P2-LULC 10k(2018-2023) & India-WRIS"
      }
    },
    {
      "type": "Feature",
      "id": "LS_NAGALAND_2023.17",
      "geometry": {
        "type": "MultiPolygon",
        "coordinates": [
          [
            [
              [
                94.02696235,
                25.99855335
              ],
              [
                94.02696235,
                25.99911782
              ],
              [
                94.02733174,
                25.99911782
              ],
              [
                94.02733174,
                25.99855335
              ],
              [
                94.02696235,
                25.99855335
              ]
            ]
          ]
        ]
      },
      "geometry_name": "the_geom",
      "properties": {
        "Slide_No": "NL/WO/83K1/2023/2",
        "State": "NAGALAND",
        "District": "WOKHA",
        "Topo_No": "83K1",
        "Latitude": 25.9988,
        "Longitude": 94.0271,
        "Length_m": 69.516,
        "Width_m": 11.939,
        "Height_m": 38.0394592285,
        "Area_Sqm": 654.434,
        "Activity": "Active",
        "Geomorpho": "Structural Origin - Moderately Dissected Hills and Valleys (Smdhv)",
        "Lithology": "Sandstone, shale, siltstone and conglomerate (Surma Group) 0493), Miocene",
        "LULC": "Semi- Evergreen Closed Forest",
        "Triggering": "Rainfall",
        "Year": "2023",
        "Basin": "Brahmaputra Basin",
        "Sub_Basin": "Brahmaputra Upper",
        "Source": "RESOURCESAT-2, 2A, 10m CARTODEM, NGLM 50k(2011-2012), Lithology-GSI 50k(2011), SISDP-P2-LULC 10k(2018-2023) & India-WRIS"
      }
    },
    {
      "type": "Feature",
      "id": "LS_NAGALAND_2023.18",
      "geometry": {
        "type": "MultiPolygon",
        "coordinates": [
          [
            [
              [
                94.32226911,
                25.99759151
              ],
              [
                94.32226911,
                25.99814577
              ],
              [
                94.32253512,
                25.99814577
              ],
              [
                94.32253512,
                25.99759151
              ],
              [
                94.32226911,
                25.99759151
              ]
            ]
          ]
        ]
      },
      "geometry_name": "the_geom",
      "properties": {
        "Slide_No": "NL/ZU/83K5/2023/1",
        "State": "NAGALAND",
        "District": "ZUNHEBOTO",
        "Topo_No": "83K5",
        "Latitude": 25.9979,
        "Longitude": 94.3224,
        "Length_m": 63.355,
        "Width_m": 16.682,
        "Height_m": 42.653503418,
        "Area_Sqm": 847.779,
        "Activity": "Active",
        "Geomorpho": "Structural Origin - Moderately Dissected Hills and Valleys - Valley (Smdhv-v)",
        "Lithology": "Shale, greywacke with rythmite, slate & phyllite (0598), Palaeocene-Eocene",
        "LULC": "Evergreen Open Forest",
        "Triggering": "Rainfall",
        "Year": "2023",
        "Basin": "Brahmaputra Basin",
        "Sub_Basin": "Brahmaputra Upper",
        "Source": "RESOURCESAT-2, 2A, 10m CARTODEM, NGLM 50k(2011-2012), Lithology-GSI 50k(2011), SISDP-P2-LULC 10k(2018-2023) & India-WRIS"
      }
    },
    {
      "type": "Feature",
      "id": "LS_NAGALAND_2023.19",
      "geometry": {
        "type": "MultiPolygon",
        "coordinates": [
          [
            [
              [
                94.29091704,
                25.9947183
              ],
              [
                94.29091704,
                25.99493456
              ],
              [
                94.29115722,
                25.99493456
              ],
              [
                94.29115722,
                25.9947183
              ],
              [
                94.29091704,
                25.9947183
              ]
            ]
          ]
        ]
      },
      "geometry_name": "the_geom",
      "properties": {
        "Slide_No": "NL/TSE/83K5/2023/2",
        "State": "NAGALAND",
        "District": "TSEMINYU",
        "Topo_No": "83K5",
        "Latitude": 25.9948,
        "Longitude": 94.291,
        "Length_m": 30.066,
        "Width_m": 16.637,
        "Height_m": 16.5090942383,
        "Area_Sqm": 355.113,
        "Activity": "Active",
        "Geomorpho": "Structural Origin - Highly Dissected Hills and Valleys (Shdhv)",
        "Lithology": "Shale, siltstone, greywacke rhythmite & sandstone (0594), Palaeocene-Eocene",
        "LULC": "Evergreen Open Forest",
        "Triggering": "Rainfall",
        "Year": "2023",
        "Basin": "Brahmaputra Basin",
        "Sub_Basin": "Brahmaputra Upper",
        "Source": "RESOURCESAT-2, 2A, 10m CARTODEM, NGLM 50k(2011-2012), Lithology-GSI 50k(2011), SISDP-P2-LULC 10k(2018-2023) & India-WRIS"
      }
    },
    {
      "type": "Feature",
      "id": "LS_NAGALAND_2023.20",
      "geometry": {
        "type": "MultiPolygon",
        "coordinates": [
          [
            [
              [
                94.04407906,
                25.99447417
              ],
              [
                94.04407906,
                25.9947725
              ],
              [
                94.044622,
                25.9947725
              ],
              [
                94.044622,
                25.99447417
              ],
              [
                94.04407906,
                25.99447417
              ]
            ]
          ]
        ]
      },
      "geometry_name": "the_geom",
      "properties": {
        "Slide_No": "NL/WO/83K1/2023/3",
        "State": "NAGALAND",
        "District": "WOKHA",
        "Topo_No": "83K1",
        "Latitude": 25.9947,
        "Longitude": 94.0444,
        "Length_m": 59.593,
        "Width_m": 20.623,
        "Height_m": 36.3934936523,
        "Area_Sqm": 784.117,
        "Activity": "Active",
        "Geomorpho": "Structural Origin - Highly Dissected Hills and Valleys (Shdhv)",
        "Lithology": "Ferruginous sandstone with siltstone and clay (Tipam Group) 0445), Miocene-Pliocene",
        "LULC": "Semi- Evergreen Closed Forest",
        "Triggering": "Rainfall",
        "Year": "2023",
        "Basin": "Brahmaputra Basin",
        "Sub_Basin": "Brahmaputra Upper",
        "Source": "RESOURCESAT-2, 2A, 10m CARTODEM, NGLM 50k(2011-2012), Lithology-GSI 50k(2011), SISDP-P2-LULC 10k(2018-2023) & India-WRIS"
      }
    },
    {
      "type": "Feature",
      "id": "LS_NAGALAND_2023.21",
      "geometry": {
        "type": "MultiPolygon",
        "coordinates": [
          [
            [
              [
                94.30274899,
                25.99435805
              ],
              [
                94.30274899,
                25.99456154
              ],
              [
                94.30300569,
                25.99456154
              ],
              [
                94.30300569,
                25.99435805
              ],
              [
                94.30274899,
                25.99435805
              ]
            ]
          ]
        ]
      },
      "geometry_name": "the_geom",
      "properties": {
        "Slide_No": "NL/ZU/83K5/2023/3",
        "State": "NAGALAND",
        "District": "ZUNHEBOTO",
        "Topo_No": "83K5",
        "Latitude": 25.9945,
        "Longitude": 94.3029,
        "Length_m": 25.263,
        "Width_m": 22.015,
        "Height_m": 10.8521118164,
        "Area_Sqm": 463.102,
        "Activity": "Active",
        "Geomorpho": "Structural Origin - Moderately Dissected Hills and Valleys (Smdhv)",
        "Lithology": "Shale, siltstone, greywacke rhythmite & sandstone (0594), Palaeocene-Eocene",
        "LULC": "Evergreen Open Forest",
        "Triggering": "Rainfall",
        "Year": "2023",
        "Basin": "Brahmaputra Basin",
        "Sub_Basin": "Brahmaputra Upper",
        "Source": "RESOURCESAT-2, 2A, 10m CARTODEM, NGLM 50k(2011-2012), Lithology-GSI 50k(2011), SISDP-P2-LULC 10k(2018-2023) & India-WRIS"
      }
    },
    {
      "type": "Feature",
      "id": "LS_NAGALAND_2023.22",
      "geometry": {
        "type": "MultiPolygon",
        "coordinates": [
          [
            [
              [
                93.98760523,
                25.98656036
              ],
              [
                93.98760523,
                25.9869207
              ],
              [
                93.98814419,
                25.9869207
              ],
              [
                93.98814419,
                25.98656036
              ],
              [
                93.98760523,
                25.98656036
              ]
            ]
          ]
        ]
      },
      "geometry_name": "the_geom",
      "properties": {
        "Slide_No": "NL/WO/83G13/2023/1",
        "State": "NAGALAND",
        "District": "WOKHA",
        "Topo_No": "83G13",
        "Latitude": 25.9867,
        "Longitude": 93.9879,
        "Length_m": 61.414,
        "Width_m": 20.376,
        "Height_m": 10.4117431641,
        "Area_Sqm": 934.415,
        "Activity": "Active",
        "Geomorpho": "Structural Origin - Highly Dissected Hills and Valleys (Shdhv)",
        "Lithology": "Ferruginous sandstone with siltstone and clay (Tipam Group) 0445), Miocene-Pliocene",
        "LULC": "Semi- Evergreen Closed Forest",
        "Triggering": "Rainfall",
        "Year": "2023",
        "Basin": "Brahmaputra Basin",
        "Sub_Basin": "Brahmaputra Upper",
        "Source": "RESOURCESAT-2, 2A, 10m CARTODEM, NGLM 50k(2011-2012), Lithology-GSI 50k(2011), SISDP-P2-LULC 10k(2018-2023) & India-WRIS"
      }
    },
    {
      "type": "Feature",
      "id": "LS_NAGALAND_2023.23",
      "geometry": {
        "type": "MultiPolygon",
        "coordinates": [
          [
            [
              [
                94.03950025,
                25.98446321
              ],
              [
                94.03950025,
                25.98511378
              ],
              [
                94.03972703,
                25.98511378
              ],
              [
                94.03972703,
                25.98446321
              ],
              [
                94.03950025,
                25.98446321
              ]
            ]
          ]
        ]
      },
      "geometry_name": "the_geom",
      "properties": {
        "Slide_No": "NL/WO/83K1/2023/4",
        "State": "NAGALAND",
        "District": "WOKHA",
        "Topo_No": "83K1",
        "Latitude": 25.9848,
        "Longitude": 94.0396,
        "Length_m": 71.816,
        "Width_m": 19.758,
        "Height_m": 32.0785522461,
        "Area_Sqm": 1036.96,
        "Activity": "Active",
        "Geomorpho": "Structural Origin - Highly Dissected Hills and Valleys (Shdhv)",
        "Lithology": "Ferruginous sandstone with siltstone and clay (Tipam Group) 0445), Miocene-Pliocene",
        "LULC": "Deciduous Open Forest",
        "Triggering": "Rainfall",
        "Year": "2023",
        "Basin": "Brahmaputra Basin",
        "Sub_Basin": "Brahmaputra Upper",
        "Source": "RESOURCESAT-2, 2A, 10m CARTODEM, NGLM 50k(2011-2012), Lithology-GSI 50k(2011), SISDP-P2-LULC 10k(2018-2023) & India-WRIS"
      }
    },
    {
      "type": "Feature",
      "id": "LS_NAGALAND_2023.24",
      "geometry": {
        "type": "MultiPolygon",
        "coordinates": [
          [
            [
              [
                94.32341164,
                25.98394189
              ],
              [
                94.32341164,
                25.98414866
              ],
              [
                94.32398262,
                25.98414866
              ],
              [
                94.32398262,
                25.98394189
              ],
              [
                94.32341164,
                25.98394189
              ]
            ]
          ]
        ]
      },
      "geometry_name": "the_geom",
      "properties": {
        "Slide_No": "NL/ZU/83K5/2023/4",
        "State": "NAGALAND",
        "District": "ZUNHEBOTO",
        "Topo_No": "83K5",
        "Latitude": 25.984,
        "Longitude": 94.3237,
        "Length_m": 57.089,
        "Width_m": 22.585,
        "Height_m": 27.8885498047,
        "Area_Sqm": 908.585,
        "Activity": "Active",
        "Geomorpho": "Structural Origin - Highly Dissected Hills and Valleys (Shdhv)",
        "Lithology": "Shale, greywacke with rythmite, slate & phyllite (0598), Palaeocene-Eocene",
        "LULC": "Evergreen Open Forest",
        "Triggering": "Rainfall",
        "Year": "2023",
        "Basin": "Brahmaputra Basin",
        "Sub_Basin": "Brahmaputra Upper",
        "Source": "RESOURCESAT-2, 2A, 10m CARTODEM, NGLM 50k(2011-2012), Lithology-GSI 50k(2011), SISDP-P2-LULC 10k(2018-2023) & India-WRIS"
      }
    },
    {
      "type": "Feature",
      "id": "LS_NAGALAND_2023.25",
      "geometry": {
        "type": "MultiPolygon",
        "coordinates": [
          [
            [
              [
                94.05132053,
                25.97793251
              ],
              [
                94.05132053,
                25.97819568
              ],
              [
                94.05144288,
                25.97819568
              ],
              [
                94.05144288,
                25.97793251
              ],
              [
                94.05132053,
                25.97793251
              ]
            ]
          ]
        ]
      },
      "geometry_name": "the_geom",
      "properties": {
        "Slide_No": "NL/WO/83K1/2023/5",
        "State": "NAGALAND",
        "District": "WOKHA",
        "Topo_No": "83K1",
        "Latitude": 25.9781,
        "Longitude": 94.0514,
        "Length_m": 29.144,
        "Width_m": 12.168,
        "Height_m": 16.2925415039,
        "Area_Sqm": 290.413,
        "Activity": "Active",
        "Geomorpho": "Structural Origin - Highly Dissected Hills and Valleys (Shdhv)",
        "Lithology": "Sandstone with coal (Barail Group) 0525), Eocene-Oligocene",
        "LULC": "Semi- Evergreen Closed Forest",
        "Triggering": "Rainfall",
        "Year": "2023",
        "Basin": "Brahmaputra Basin",
        "Sub_Basin": "Brahmaputra Upper",
        "Source": "RESOURCESAT-2, 2A, 10m CARTODEM, NGLM 50k(2011-2012), Lithology-GSI 50k(2011), SISDP-P2-LULC 10k(2018-2023) & India-WRIS"
      }
    },
    {
      "type": "Feature",
      "id": "LS_NAGALAND_2023.26",
      "geometry": {
        "type": "MultiPolygon",
        "coordinates": [
          [
            [
              [
                94.0134188,
                25.95065438
              ],
              [
                94.0134188,
                25.95092683
              ],
              [
                94.01409292,
                25.95092683
              ],
              [
                94.01409292,
                25.95065438
              ],
              [
                94.0134188,
                25.95065438
              ]
            ]
          ]
        ]
      },
      "geometry_name": "the_geom",
      "properties": {
        "Slide_No": "NL/NIU/83K1/2023/6",
        "State": "NAGALAND",
        "District": "NIULAND",
        "Topo_No": "83K1",
        "Latitude": 25.9508,
        "Longitude": 94.0138,
        "Length_m": 67.555,
        "Width_m": 25.465,
        "Height_m": 26.8179016113,
        "Area_Sqm": 1194.95,
        "Activity": "Active",
        "Geomorpho": "Structural Origin - Highly Dissected Hills and Valleys (Shdhv)",
        "Lithology": "Sandstone with coal (Barail Group) 0525), Eocene-Oligocene",
        "LULC": "Deciduous Open Forest",
        "Triggering": "Rainfall",
        "Year": "2023",
        "Basin": "Brahmaputra Basin",
        "Sub_Basin": "Brahmaputra Upper",
        "Source": "RESOURCESAT-2, 2A, 10m CARTODEM, NGLM 50k(2011-2012), Lithology-GSI 50k(2011), SISDP-P2-LULC 10k(2018-2023) & India-WRIS"
      }
    },
    {
      "type": "Feature",
      "id": "LS_NAGALAND_2023.54",
      "geometry": {
        "type": "MultiPolygon",
        "coordinates": [
          [
            [
              [
                94.03627312,
                26.02104079
              ],
              [
                94.03627312,
                26.02128116
              ],
              [
                94.03661797,
                26.02128116
              ],
              [
                94.03661797,
                26.02104079
              ],
              [
                94.03627312,
                26.02104079
              ]
            ]
          ]
        ]
      },
      "geometry_name": "the_geom",
      "properties": {
        "Slide_No": "NL/WO/83J4/2023/8",
        "State": "NAGALAND",
        "District": "WOKHA",
        "Topo_No": "83J4",
        "Latitude": 26.0212,
        "Longitude": 94.0364,
        "Length_m": 39.639,
        "Width_m": 13.258,
        "Height_m": 21.2368469238,
        "Area_Sqm": 400.97,
        "Activity": "Active",
        "Geomorpho": "Structural Origin - Moderately Dissected Hills and Valleys (Smdhv)",
        "Lithology": "Shale, siltstone, ferruginous sandstone & mudstone (Surma Group) 0485), Miocene",
        "LULC": "Deciduous Open Forest",
        "Triggering": "Rainfall",
        "Year": "2023",
        "Basin": "Brahmaputra Basin",
        "Sub_Basin": "Brahmaputra Upper",
        "Source": "RESOURCESAT-2, 2A, 10m CARTODEM, NGLM 50k(2011-2012), Lithology-GSI 50k(2011), SISDP-P2-LULC 10k(2018-2023) & India-WRIS"
      }
    },
    {
      "type": "Feature",
      "id": "LS_NAGALAND_2023.55",
      "geometry": {
        "type": "MultiPolygon",
        "coordinates": [
          [
            [
              [
                94.0527354,
                25.97860722
              ],
              [
                94.0527354,
                25.97895662
              ],
              [
                94.05290291,
                25.97895662
              ],
              [
                94.05290291,
                25.97860722
              ],
              [
                94.0527354,
                25.97860722
              ]
            ]
          ]
        ]
      },
      "geometry_name": "the_geom",
      "properties": {
        "Slide_No": "NL/WO/83K1/2023/20",
        "State": "NAGALAND",
        "District": "WOKHA",
        "Topo_No": "83K1",
        "Latitude": 25.9788,
        "Longitude": 94.0528,
        "Length_m": 39.104,
        "Width_m": 13.958,
        "Height_m": 18.7499389648,
        "Area_Sqm": 424.208,
        "Activity": "Active",
        "Geomorpho": "Structural Origin - Highly Dissected Hills and Valleys (Shdhv)",
        "Lithology": "Sandstone with coal (Barail Group) 0525), Eocene-Oligocene",
        "LULC": "Semi- Evergreen Closed Forest",
        "Triggering": "Rainfall",
        "Year": "2023",
        "Basin": "Brahmaputra Basin",
        "Sub_Basin": "Brahmaputra Upper",
        "Source": "RESOURCESAT-2, 2A, 10m CARTODEM, NGLM 50k(2011-2012), Lithology-GSI 50k(2011), SISDP-P2-LULC 10k(2018-2023) & India-WRIS"
      }
    },
    {
      "type": "Feature",
      "id": "LS_NAGALAND_2023.65",
      "geometry": {
        "type": "MultiPolygon",
        "coordinates": [
          [
            [
              [
                94.01991577,
                26.00367282
              ],
              [
                94.01991577,
                26.00393115
              ],
              [
                94.02029886,
                26.00393115
              ],
              [
                94.02029886,
                26.00367282
              ],
              [
                94.01991577,
                26.00367282
              ]
            ]
          ]
        ]
      },
      "geometry_name": "the_geom",
      "properties": {
        "Slide_No": "NL/WO/83J4/2023/9",
        "State": "NAGALAND",
        "District": "WOKHA",
        "Topo_No": "83J4",
        "Latitude": 26.0038,
        "Longitude": 94.0201,
        "Length_m": 42.592,
        "Width_m": 15.215,
        "Height_m": 8.15618896484,
        "Area_Sqm": 269.149,
        "Activity": "Reactivated",
        "Geomorpho": "Structural Origin - Moderately Dissected Hills and Valleys (Smdhv)",
        "Lithology": "Shale, siltstone, ferruginous sandstone & mudstone (Surma Group) 0485), Miocene",
        "LULC": "Deciduous Open Forest",
        "Triggering": "Rainfall",
        "Year": "2023",
        "Basin": "Brahmaputra Basin",
        "Sub_Basin": "Brahmaputra Upper",
        "Source": "RESOURCESAT-2, 2A, 10m CARTODEM, NGLM 50k(2011-2012), Lithology-GSI 50k(2011), SISDP-P2-LULC 10k(2018-2023) & India-WRIS"
      }
    },
    {
      "type": "Feature",
      "id": "LS_NAGALAND_2023.66",
      "geometry": {
        "type": "MultiPolygon",
        "coordinates": [
          [
            [
              [
                94.02038739,
                26.00385131
              ],
              [
                94.02038739,
                26.0040523
              ],
              [
                94.0205481,
                26.0040523
              ],
              [
                94.0205481,
                26.00385131
              ],
              [
                94.02038739,
                26.00385131
              ]
            ]
          ]
        ]
      },
      "geometry_name": "the_geom",
      "properties": {
        "Slide_No": "NL/WO/83J4/2023/10",
        "State": "NAGALAND",
        "District": "WOKHA",
        "Topo_No": "83J4",
        "Latitude": 26.0039,
        "Longitude": 94.0205,
        "Length_m": 20.864,
        "Width_m": 16.059,
        "Height_m": 10.37,
        "Area_Sqm": 250.062,
        "Activity": "Active",
        "Geomorpho": "Structural Origin - Moderately Dissected Hills and Valleys (Smdhv)",
        "Lithology": "Shale, siltstone, ferruginous sandstone & mudstone (Surma Group) 0485), Miocene",
        "LULC": "Deciduous Open Forest",
        "Triggering": "Rainfall",
        "Year": "2023",
        "Basin": "Brahmaputra Basin",
        "Sub_Basin": "Brahmaputra Upper",
        "Source": "RESOURCESAT-2, 2A, 10m CARTODEM, NGLM 50k(2011-2012), Lithology-GSI 50k(2011), SISDP-P2-LULC 10k(2018-2023) & India-WRIS"
      }
    },
    {
      "type": "Feature",
      "id": "LS_NAGALAND_2023.67",
      "geometry": {
        "type": "MultiPolygon",
        "coordinates": [
          [
            [
              [
                94.02073823,
                26.00840135
              ],
              [
                94.02073823,
                26.00867484
              ],
              [
                94.02089,
                26.00867484
              ],
              [
                94.02089,
                26.00840135
              ],
              [
                94.02073823,
                26.00840135
              ]
            ]
          ]
        ]
      },
      "geometry_name": "the_geom",
      "properties": {
        "Slide_No": "NL/WO/83J4/2023/11",
        "State": "NAGALAND",
        "District": "WOKHA",
        "Topo_No": "83J4",
        "Latitude": 26.0085,
        "Longitude": 94.0208,
        "Length_m": 32.065,
        "Width_m": 7.85,
        "Height_m": 3.799805,
        "Area_Sqm": 161.538,
        "Activity": "Reactivated",
        "Geomorpho": "Structural Origin - Moderately Dissected Hills and Valleys (Smdhv)",
        "Lithology": "Shale, siltstone, ferruginous sandstone & mudstone (Surma Group) 0485), Miocene",
        "LULC": "Deciduous Open Forest",
        "Triggering": "Rainfall",
        "Year": "2023",
        "Basin": "Brahmaputra Basin",
        "Sub_Basin": "Brahmaputra Upper",
        "Source": "RESOURCESAT-2, 2A, 10m CARTODEM, NGLM 50k(2011-2012), Lithology-GSI 50k(2011), SISDP-P2-LULC 10k(2018-2023) & India-WRIS"
      }
    },
    {
      "type": "Feature",
      "id": "LS_NAGALAND_2023.68",
      "geometry": {
        "type": "MultiPolygon",
        "coordinates": [
          [
            [
              [
                94.01930307,
                26.01649554
              ],
              [
                94.01930307,
                26.01664411
              ],
              [
                94.01949241,
                26.01664411
              ],
              [
                94.01949241,
                26.01649554
              ],
              [
                94.01930307,
                26.01649554
              ]
            ]
          ]
        ]
      },
      "geometry_name": "the_geom",
      "properties": {
        "Slide_No": "NL/WO/83J4/2023/12",
        "State": "NAGALAND",
        "District": "WOKHA",
        "Topo_No": "83J4",
        "Latitude": 26.0166,
        "Longitude": 94.0194,
        "Length_m": 22.866,
        "Width_m": 9.855,
        "Height_m": 6.880432,
        "Area_Sqm": 118.929,
        "Activity": "Reactivated",
        "Geomorpho": "Structural Origin - Moderately Dissected Hills and Valleys (Smdhv)",
        "Lithology": "Sandstone with coal (Barail Group) 0525), Eocene-Oligocene",
        "LULC": "Deciduous Open Forest",
        "Triggering": "Rainfall",
        "Year": "2023",
        "Basin": "Brahmaputra Basin",
        "Sub_Basin": "Brahmaputra Upper",
        "Source": "RESOURCESAT-2, 2A, 10m CARTODEM, NGLM 50k(2011-2012), Lithology-GSI 50k(2011), SISDP-P2-LULC 10k(2018-2023) & India-WRIS"
      }
    },
    {
      "type": "Feature",
      "id": "LS_NAGALAND_2023.69",
      "geometry": {
        "type": "MultiPolygon",
        "coordinates": [
          [
            [
              [
                94.02917226,
                26.01384646
              ],
              [
                94.02917226,
                26.01435844
              ],
              [
                94.02939562,
                26.01435844
              ],
              [
                94.02939562,
                26.01384646
              ],
              [
                94.02917226,
                26.01384646
              ]
            ]
          ]
        ]
      },
      "geometry_name": "the_geom",
      "properties": {
        "Slide_No": "NL/WO/83J4/2023/13",
        "State": "NAGALAND",
        "District": "WOKHA",
        "Topo_No": "83J4",
        "Latitude": 26.0141,
        "Longitude": 94.0293,
        "Length_m": 58.611,
        "Width_m": 13.628,
        "Height_m": 26.4147949219,
        "Area_Sqm": 501.211,
        "Activity": "Active",
        "Geomorpho": "Structural Origin - Moderately Dissected Hills and Valleys (Smdhv)",
        "Lithology": "Shale, siltstone, ferruginous sandstone & mudstone (Surma Group) 0485), Miocene",
        "LULC": "Agriculture - Crop Land",
        "Triggering": "Rainfall",
        "Year": "2023",
        "Basin": "Brahmaputra Basin",
        "Sub_Basin": "Brahmaputra Upper",
        "Source": "RESOURCESAT-2, 2A, 10m CARTODEM, NGLM 50k(2011-2012), Lithology-GSI 50k(2011), SISDP-P2-LULC 10k(2018-2023) & India-WRIS"
      }
    },
    {
      "type": "Feature",
      "id": "LS_NAGALAND_2023.70",
      "geometry": {
        "type": "MultiPolygon",
        "coordinates": [
          [
            [
              [
                94.01828742,
                26.00740292
              ],
              [
                94.01828742,
                26.00764517
              ],
              [
                94.0184221,
                26.00764517
              ],
              [
                94.0184221,
                26.00740292
              ],
              [
                94.01828742,
                26.00740292
              ]
            ]
          ]
        ]
      },
      "geometry_name": "the_geom",
      "properties": {
        "Slide_No": "NL/WO/83J4/2023/14",
        "State": "NAGALAND",
        "District": "WOKHA",
        "Topo_No": "83J4",
        "Latitude": 26.0075,
        "Longitude": 94.0184,
        "Length_m": 26.925,
        "Width_m": 13.286,
        "Height_m": 3.659485,
        "Area_Sqm": 247.112,
        "Activity": "Active",
        "Geomorpho": "Structural Origin - Moderately Dissected Hills and Valleys (Smdhv)",
        "Lithology": "Sandstone with coal (Barail Group) 0525), Eocene-Oligocene",
        "LULC": "Deciduous Open Forest",
        "Triggering": "Rainfall",
        "Year": "2023",
        "Basin": "Brahmaputra Basin",
        "Sub_Basin": "Brahmaputra Upper",
        "Source": "RESOURCESAT-2, 2A, 10m CARTODEM, NGLM 50k(2011-2012), Lithology-GSI 50k(2011), SISDP-P2-LULC 10k(2018-2023) & India-WRIS"
      }
    },
    {
      "type": "Feature",
      "id": "LS_NAGALAND_2023.94",
      "geometry": {
        "type": "MultiPolygon",
        "coordinates": [
          [
            [
              [
                94.18572973,
                26.04888304
              ],
              [
                94.18572973,
                26.04912021
              ],
              [
                94.18590811,
                26.04912021
              ],
              [
                94.18590811,
                26.04888304
              ],
              [
                94.18572973,
                26.04888304
              ]
            ]
          ]
        ]
      },
      "geometry_name": "the_geom",
      "properties": {
        "Slide_No": "NL/WO/83J4/2023/15",
        "State": "NAGALAND",
        "District": "WOKHA",
        "Topo_No": "83J4",
        "Latitude": 26.049,
        "Longitude": 94.1858,
        "Length_m": 26.19,
        "Width_m": 17.488,
        "Height_m": 6.85852050781,
        "Area_Sqm": 357.014,
        "Activity": "Active",
        "Geomorpho": "Structural Origin - Moderately Dissected Hills and Valleys (Smdhv)",
        "Lithology": "Shale, siltstone, greywacke rhythmite & sandstone (0594), Palaeocene-Eocene",
        "LULC": "Deciduous Open Forest",
        "Triggering": "Rainfall",
        "Year": "2023",
        "Basin": "Brahmaputra Basin",
        "Sub_Basin": "Brahmaputra Upper",
        "Source": "RESOURCESAT-2, 2A, 10m CARTODEM, NGLM 50k(2011-2012), Lithology-GSI 50k(2011), SISDP-P2-LULC 10k(2018-2023) & India-WRIS"
      }
    },
    {
      "type": "Feature",
      "id": "LS_NAGALAND_2023.95",
      "geometry": {
        "type": "MultiPolygon",
        "coordinates": [
          [
            [
              [
                94.18290722,
                26.05131271
              ],
              [
                94.18290722,
                26.05156463
              ],
              [
                94.18313283,
                26.05156463
              ],
              [
                94.18313283,
                26.05131271
              ],
              [
                94.18290722,
                26.05131271
              ]
            ]
          ]
        ]
      },
      "geometry_name": "the_geom",
      "properties": {
        "Slide_No": "NL/WO/83J4/2023/16",
        "State": "NAGALAND",
        "District": "WOKHA",
        "Topo_No": "83J4",
        "Latitude": 26.0515,
        "Longitude": 94.183,
        "Length_m": 27.435,
        "Width_m": 19.181,
        "Height_m": 4.7099609375,
        "Area_Sqm": 381.886,
        "Activity": "Active",
        "Geomorpho": "Structural Origin - Moderately Dissected Hills and Valleys (Smdhv)",
        "Lithology": "Shale, siltstone, greywacke rhythmite & sandstone (0594), Palaeocene-Eocene",
        "LULC": "Deciduous Closed Forest",
        "Triggering": "Rainfall",
        "Year": "2023",
        "Basin": "Brahmaputra Basin",
        "Sub_Basin": "Brahmaputra Upper",
        "Source": "RESOURCESAT-2, 2A, 10m CARTODEM, NGLM 50k(2011-2012), Lithology-GSI 50k(2011), SISDP-P2-LULC 10k(2018-2023) & India-WRIS"
      }
    },
    {
      "type": "Feature",
      "id": "LS_NAGALAND_2023.96",
      "geometry": {
        "type": "MultiPolygon",
        "coordinates": [
          [
            [
              [
                94.06212738,
                25.98447566
              ],
              [
                94.06212738,
                25.98480469
              ],
              [
                94.06237873,
                25.98480469
              ],
              [
                94.06237873,
                25.98447566
              ],
              [
                94.06212738,
                25.98447566
              ]
            ]
          ]
        ]
      },
      "geometry_name": "the_geom",
      "properties": {
        "Slide_No": "NL/WO/83K1/2023/24",
        "State": "NAGALAND",
        "District": "WOKHA",
        "Topo_No": "83K1",
        "Latitude": 25.9846,
        "Longitude": 94.0623,
        "Length_m": 40.554,
        "Width_m": 14.713,
        "Height_m": 4.904739,
        "Area_Sqm": 438.706,
        "Activity": "Active",
        "Geomorpho": "Structural Origin - Highly Dissected Hills and Valleys (Shdhv)",
        "Lithology": "Sandstone with coal (Barail Group) 0525), Eocene-Oligocene",
        "LULC": "Semi- Evergreen Closed Forest",
        "Triggering": "Rainfall",
        "Year": "2023",
        "Basin": "Brahmaputra Basin",
        "Sub_Basin": "Brahmaputra Upper",
        "Source": "RESOURCESAT-2, 2A, 10m CARTODEM, NGLM 50k(2011-2012), Lithology-GSI 50k(2011), SISDP-P2-LULC 10k(2018-2023) & India-WRIS"
      }
    },
    {
      "type": "Feature",
      "id": "LS_NAGALAND_2023.97",
      "geometry": {
        "type": "MultiPolygon",
        "coordinates": [
          [
            [
              [
                94.05257407,
                25.98546197
              ],
              [
                94.05257407,
                25.98573182
              ],
              [
                94.05271513,
                25.98573182
              ],
              [
                94.05271513,
                25.98546197
              ],
              [
                94.05257407,
                25.98546197
              ]
            ]
          ]
        ]
      },
      "geometry_name": "the_geom",
      "properties": {
        "Slide_No": "NL/WO/83K1/2023/25",
        "State": "NAGALAND",
        "District": "WOKHA",
        "Topo_No": "83K1",
        "Latitude": 25.9856,
        "Longitude": 94.0527,
        "Length_m": 29.848,
        "Width_m": 13.941,
        "Height_m": 11.4017028809,
        "Area_Sqm": 310.152,
        "Activity": "Active",
        "Geomorpho": "Structural Origin - Highly Dissected Hills and Valleys (Shdhv)",
        "Lithology": "Ferruginous sandstone with siltstone and clay (Tipam Group) 0445), Miocene-Pliocene",
        "LULC": "Deciduous Open Forest",
        "Triggering": "Rainfall",
        "Year": "2023",
        "Basin": "Brahmaputra Basin",
        "Sub_Basin": "Brahmaputra Upper",
        "Source": "RESOURCESAT-2, 2A, 10m CARTODEM, NGLM 50k(2011-2012), Lithology-GSI 50k(2011), SISDP-P2-LULC 10k(2018-2023) & India-WRIS"
      }
    },
    {
      "type": "Feature",
      "id": "LS_NAGALAND_2023.98",
      "geometry": {
        "type": "MultiPolygon",
        "coordinates": [
          [
            [
              [
                94.05481934,
                25.98575196
              ],
              [
                94.05481934,
                25.98600728
              ],
              [
                94.05492757,
                25.98600728
              ],
              [
                94.05492757,
                25.98575196
              ],
              [
                94.05481934,
                25.98575196
              ]
            ]
          ]
        ]
      },
      "geometry_name": "the_geom",
      "properties": {
        "Slide_No": "NL/WO/83K1/2023/26",
        "State": "NAGALAND",
        "District": "WOKHA",
        "Topo_No": "83K1",
        "Latitude": 25.9859,
        "Longitude": 94.0549,
        "Length_m": 28.115,
        "Width_m": 10.487,
        "Height_m": 9.58917236328,
        "Area_Sqm": 225.552,
        "Activity": "Active",
        "Geomorpho": "Structural Origin - Highly Dissected Hills and Valleys (Shdhv)",
        "Lithology": "Ferruginous sandstone with siltstone and clay (Tipam Group) 0445), Miocene-Pliocene",
        "LULC": "Deciduous Open Forest",
        "Triggering": "Rainfall",
        "Year": "2023",
        "Basin": "Brahmaputra Basin",
        "Sub_Basin": "Brahmaputra Upper",
        "Source": "RESOURCESAT-2, 2A, 10m CARTODEM, NGLM 50k(2011-2012), Lithology-GSI 50k(2011), SISDP-P2-LULC 10k(2018-2023) & India-WRIS"
      }
    },
    {
      "type": "Feature",
      "id": "LS_NAGALAND_2023.99",
      "geometry": {
        "type": "MultiPolygon",
        "coordinates": [
          [
            [
              [
                94.04671596,
                25.9924815
              ],
              [
                94.04671596,
                25.99263907
              ],
              [
                94.04693125,
                25.99263907
              ],
              [
                94.04693125,
                25.9924815
              ],
              [
                94.04671596,
                25.9924815
              ]
            ]
          ]
        ]
      },
      "geometry_name": "the_geom",
      "properties": {
        "Slide_No": "NL/WO/83K1/2023/27",
        "State": "NAGALAND",
        "District": "WOKHA",
        "Topo_No": "83K1",
        "Latitude": 25.9926,
        "Longitude": 94.0468,
        "Length_m": 23.902,
        "Width_m": 12.459,
        "Height_m": 8.25698852539,
        "Area_Sqm": 238.638,
        "Activity": "Active",
        "Geomorpho": "Structural Origin - Highly Dissected Hills and Valleys (Shdhv)",
        "Lithology": "Ferruginous sandstone with siltstone and clay (Tipam Group) 0445), Miocene-Pliocene",
        "LULC": "Semi- Evergreen Closed Forest",
        "Triggering": "Rainfall",
        "Year": "2023",
        "Basin": "Brahmaputra Basin",
        "Sub_Basin": "Brahmaputra Upper",
        "Source": "RESOURCESAT-2, 2A, 10m CARTODEM, NGLM 50k(2011-2012), Lithology-GSI 50k(2011), SISDP-P2-LULC 10k(2018-2023) & India-WRIS"
      }
    },
    {
      "type": "Feature",
      "id": "LS_NAGALAND_2023.100",
      "geometry": {
        "type": "MultiPolygon",
        "coordinates": [
          [
            [
              [
                94.05224443,
                26.00273773
              ],
              [
                94.05224443,
                26.00291638
              ],
              [
                94.0523733,
                26.00291638
              ],
              [
                94.0523733,
                26.00273773
              ],
              [
                94.05224443,
                26.00273773
              ]
            ]
          ]
        ]
      },
      "geometry_name": "the_geom",
      "properties": {
        "Slide_No": "NL/WO/83J4/2023/17",
        "State": "NAGALAND",
        "District": "WOKHA",
        "Topo_No": "83J4",
        "Latitude": 26.0028,
        "Longitude": 94.0523,
        "Length_m": 19.816,
        "Width_m": 12.362,
        "Height_m": 7.428101,
        "Area_Sqm": 198.191,
        "Activity": "Active",
        "Geomorpho": "Structural Origin - Highly Dissected Hills and Valleys - Valley (Shdhv-v)",
        "Lithology": "Ferruginous sandstone with siltstone and clay (Tipam Group) 0445), Miocene-Pliocene",
        "LULC": "Deciduous Closed Forest",
        "Triggering": "Rainfall",
        "Year": "2023",
        "Basin": "Brahmaputra Basin",
        "Sub_Basin": "Brahmaputra Upper",
        "Source": "RESOURCESAT-2, 2A, 10m CARTODEM, NGLM 50k(2011-2012), Lithology-GSI 50k(2011), SISDP-P2-LULC 10k(2018-2023) & India-WRIS"
      }
    },
    {
      "type": "Feature",
      "id": "LS_NAGALAND_2023.101",
      "geometry": {
        "type": "MultiPolygon",
        "coordinates": [
          [
            [
              [
                94.06184015,
                25.98124802
              ],
              [
                94.06184015,
                25.98152951
              ],
              [
                94.06214242,
                25.98152951
              ],
              [
                94.06214242,
                25.98124802
              ],
              [
                94.06184015,
                25.98124802
              ]
            ]
          ]
        ]
      },
      "geometry_name": "the_geom",
      "properties": {
        "Slide_No": "NL/WO/83K1/2023/28",
        "State": "NAGALAND",
        "District": "WOKHA",
        "Topo_No": "83K1",
        "Latitude": 25.9814,
        "Longitude": 94.062,
        "Length_m": 37.792,
        "Width_m": 17.937,
        "Height_m": 12.8413391113,
        "Area_Sqm": 290.429,
        "Activity": "Reactivated",
        "Geomorpho": "Structural Origin - Highly Dissected Hills and Valleys (Shdhv)",
        "Lithology": "Sandstone with coal (Barail Group) 0525), Eocene-Oligocene",
        "LULC": "Semi- Evergreen Closed Forest",
        "Triggering": "Rainfall",
        "Year": "2023",
        "Basin": "Brahmaputra Basin",
        "Sub_Basin": "Brahmaputra Upper",
        "Source": "RESOURCESAT-2, 2A, 10m CARTODEM, NGLM 50k(2011-2012), Lithology-GSI 50k(2011), SISDP-P2-LULC 10k(2018-2023) & India-WRIS"
      }
    },
    {
      "type": "Feature",
      "id": "LS_NAGALAND_2023.102",
      "geometry": {
        "type": "MultiPolygon",
        "coordinates": [
          [
            [
              [
                94.06804162,
                25.99174835
              ],
              [
                94.06804162,
                25.99192059
              ],
              [
                94.06823105,
                25.99192059
              ],
              [
                94.06823105,
                25.99174835
              ],
              [
                94.06804162,
                25.99174835
              ]
            ]
          ]
        ]
      },
      "geometry_name": "the_geom",
      "properties": {
        "Slide_No": "NL/WO/83K1/2023/29",
        "State": "NAGALAND",
        "District": "WOKHA",
        "Topo_No": "83K1",
        "Latitude": 25.9918,
        "Longitude": 94.0681,
        "Length_m": 22.235,
        "Width_m": 13.186,
        "Height_m": 3.43951416016,
        "Area_Sqm": 240.265,
        "Activity": "Active",
        "Geomorpho": "Structural Origin - Highly Dissected Hills and Valleys (Shdhv)",
        "Lithology": "Ferruginous sandstone with siltstone and clay (Tipam Group) 0445), Miocene-Pliocene",
        "LULC": "Deciduous Open Forest",
        "Triggering": "Rainfall",
        "Year": "2023",
        "Basin": "Brahmaputra Basin",
        "Sub_Basin": "Brahmaputra Upper",
        "Source": "RESOURCESAT-2, 2A, 10m CARTODEM, NGLM 50k(2011-2012), Lithology-GSI 50k(2011), SISDP-P2-LULC 10k(2018-2023) & India-WRIS"
      }
    },
    {
      "type": "Feature",
      "id": "LS_NAGALAND_2023.104",
      "geometry": {
        "type": "MultiPolygon",
        "coordinates": [
          [
            [
              [
                94.04076514,
                25.93779706
              ],
              [
                94.04076514,
                25.93796649
              ],
              [
                94.04088482,
                25.93796649
              ],
              [
                94.04088482,
                25.93779706
              ],
              [
                94.04076514,
                25.93779706
              ]
            ]
          ]
        ]
      },
      "geometry_name": "the_geom",
      "properties": {
        "Slide_No": "NL/TSE/83K1/2023/31",
        "State": "NAGALAND",
        "District": "TSEMINYU",
        "Topo_No": "83K1",
        "Latitude": 25.9379,
        "Longitude": 94.0408,
        "Length_m": 18.098,
        "Width_m": 12.215,
        "Height_m": 9.095459,
        "Area_Sqm": 158.68,
        "Activity": "Active",
        "Geomorpho": "Structural Origin - Highly Dissected Hills and Valleys (Shdhv)",
        "Lithology": "Ferruginous sandstone with siltstone and clay (Tipam Group) 0445), Miocene-Pliocene",
        "LULC": "Semi- Evergreen Closed Forest",
        "Triggering": "Rainfall",
        "Year": "2023",
        "Basin": "Brahmaputra Basin",
        "Sub_Basin": "Brahmaputra Upper",
        "Source": "RESOURCESAT-2, 2A, 10m CARTODEM, NGLM 50k(2011-2012), Lithology-GSI 50k(2011), SISDP-P2-LULC 10k(2018-2023) & India-WRIS"
      }
    },
    {
      "type": "Feature",
      "id": "LS_NAGALAND_2023.105",
      "geometry": {
        "type": "MultiPolygon",
        "coordinates": [
          [
            [
              [
                94.26423405,
                25.95422482
              ],
              [
                94.26423405,
                25.95448021
              ],
              [
                94.26452478,
                25.95448021
              ],
              [
                94.26452478,
                25.95422482
              ],
              [
                94.26423405,
                25.95422482
              ]
            ]
          ]
        ]
      },
      "geometry_name": "the_geom",
      "properties": {
        "Slide_No": "NL/TSE/83K5/2023/15",
        "State": "NAGALAND",
        "District": "TSEMINYU",
        "Topo_No": "83K5",
        "Latitude": 25.9544,
        "Longitude": 94.2644,
        "Length_m": 35.016,
        "Width_m": 17.274,
        "Height_m": 4.234925,
        "Area_Sqm": 456.566,
        "Activity": "Active",
        "Geomorpho": "Structural Origin - Highly Dissected Hills and Valleys (Shdhv)",
        "Lithology": "Shale, siltstone, greywacke rhythmite & sandstone (0594), Palaeocene-Eocene",
        "LULC": "Others - Shifting Cultivation",
        "Triggering": "Rainfall",
        "Year": "2023",
        "Basin": "Brahmaputra Basin",
        "Sub_Basin": "Brahmaputra Upper",
        "Source": "RESOURCESAT-2, 2A, 10m CARTODEM, NGLM 50k(2011-2012), Lithology-GSI 50k(2011), SISDP-P2-LULC 10k(2018-2023) & India-WRIS"
      }
    },
    {
      "type": "Feature",
      "id": "LS_NAGALAND_2023.106",
      "geometry": {
        "type": "MultiPolygon",
        "coordinates": [
          [
            [
              [
                94.25783474,
                25.96458662
              ],
              [
                94.25783474,
                25.96495027
              ],
              [
                94.25852236,
                25.96495027
              ],
              [
                94.25852236,
                25.96458662
              ],
              [
                94.25783474,
                25.96458662
              ]
            ]
          ]
        ]
      },
      "geometry_name": "the_geom",
      "properties": {
        "Slide_No": "NL/TSE/83K5/2023/16",
        "State": "NAGALAND",
        "District": "TSEMINYU",
        "Topo_No": "83K5",
        "Latitude": 25.9648,
        "Longitude": 94.2582,
        "Length_m": 69.843,
        "Width_m": 37.032,
        "Height_m": 27.7004394531,
        "Area_Sqm": 1977.91,
        "Activity": "Active",
        "Geomorpho": "Structural Origin - Highly Dissected Hills and Valleys (Shdhv)",
        "Lithology": "Shale, siltstone, greywacke rhythmite & sandstone (0594), Palaeocene-Eocene",
        "LULC": "Others - Shifting Cultivation",
        "Triggering": "Rainfall",
        "Year": "2023",
        "Basin": "Brahmaputra Basin",
        "Sub_Basin": "Brahmaputra Upper",
        "Source": "RESOURCESAT-2, 2A, 10m CARTODEM, NGLM 50k(2011-2012), Lithology-GSI 50k(2011), SISDP-P2-LULC 10k(2018-2023) & India-WRIS"
      }
    },
    {
      "type": "Feature",
      "id": "LS_NAGALAND_2023.107",
      "geometry": {
        "type": "MultiPolygon",
        "coordinates": [
          [
            [
              [
                94.2687576,
                25.97112044
              ],
              [
                94.2687576,
                25.97134449
              ],
              [
                94.26895336,
                25.97134449
              ],
              [
                94.26895336,
                25.97112044
              ],
              [
                94.2687576,
                25.97112044
              ]
            ]
          ]
        ]
      },
      "geometry_name": "the_geom",
      "properties": {
        "Slide_No": "NL/TSE/83K5/2023/17",
        "State": "NAGALAND",
        "District": "TSEMINYU",
        "Topo_No": "83K5",
        "Latitude": 25.9712,
        "Longitude": 94.2689,
        "Length_m": 24.967,
        "Width_m": 18.827,
        "Height_m": 12.0520019531,
        "Area_Sqm": 365.465,
        "Activity": "Reactivated",
        "Geomorpho": "Structural Origin - Highly Dissected Hills and Valleys (Shdhv)",
        "Lithology": "Shale, siltstone, greywacke rhythmite & sandstone (0594), Palaeocene-Eocene",
        "LULC": "Others - Shifting Cultivation",
        "Triggering": "Rainfall",
        "Year": "2023",
        "Basin": "Brahmaputra Basin",
        "Sub_Basin": "Brahmaputra Upper",
        "Source": "RESOURCESAT-2, 2A, 10m CARTODEM, NGLM 50k(2011-2012), Lithology-GSI 50k(2011), SISDP-P2-LULC 10k(2018-2023) & India-WRIS"
      }
    },
    {
      "type": "Feature",
      "id": "LS_NAGALAND_2023.149",
      "geometry": {
        "type": "MultiPolygon",
        "coordinates": [
          [
            [
              [
                94.01481859,
                25.99466162
              ],
              [
                94.01481859,
                25.99480083
              ],
              [
                94.01504347,
                25.99480083
              ],
              [
                94.01504347,
                25.99466162
              ],
              [
                94.01481859,
                25.99466162
              ]
            ]
          ]
        ]
      },
      "geometry_name": "the_geom",
      "properties": {
        "Slide_No": "NL/WO/83K1/2023/45",
        "State": "NAGALAND",
        "District": "WOKHA",
        "Topo_No": "83K1",
        "Latitude": 25.9947,
        "Longitude": 94.0149,
        "Length_m": 22.321,
        "Width_m": 15.341,
        "Height_m": 12.6888122559,
        "Area_Sqm": 252.02,
        "Activity": "Active",
        "Geomorpho": "Structural Origin - Highly Dissected Hills and Valleys (Shdhv)",
        "Lithology": "Sandstone, shale, siltstone and conglomerate (Surma Group) 0493), Miocene",
        "LULC": "Semi- Evergreen Closed Forest",
        "Triggering": "Rainfall",
        "Year": "2023",
        "Basin": "Brahmaputra Basin",
        "Sub_Basin": "Brahmaputra Upper",
        "Source": "RESOURCESAT-2, 2A, 10m CARTODEM, NGLM 50k(2011-2012), Lithology-GSI 50k(2011), SISDP-P2-LULC 10k(2018-2023) & India-WRIS"
      }
    },
    {
      "type": "Feature",
      "id": "LS_NAGALAND_2023.150",
      "geometry": {
        "type": "MultiPolygon",
        "coordinates": [
          [
            [
              [
                94.0141255,
                25.99336283
              ],
              [
                94.0141255,
                25.99351918
              ],
              [
                94.01426542,
                25.99351918
              ],
              [
                94.01426542,
                25.99336283
              ],
              [
                94.0141255,
                25.99336283
              ]
            ]
          ]
        ]
      },
      "geometry_name": "the_geom",
      "properties": {
        "Slide_No": "NL/WO/83K1/2023/46",
        "State": "NAGALAND",
        "District": "WOKHA",
        "Topo_No": "83K1",
        "Latitude": 25.9934,
        "Longitude": 94.0142,
        "Length_m": 18.989,
        "Width_m": 11.531,
        "Height_m": 12.2995300293,
        "Area_Sqm": 174.935,
        "Activity": "Active",
        "Geomorpho": "Structural Origin - Highly Dissected Hills and Valleys (Shdhv)",
        "Lithology": "Sandstone, shale, siltstone and conglomerate (Surma Group) 0493), Miocene",
        "LULC": "Semi- Evergreen Closed Forest",
        "Triggering": "Rainfall",
        "Year": "2023",
        "Basin": "Brahmaputra Basin",
        "Sub_Basin": "Brahmaputra Upper",
        "Source": "RESOURCESAT-2, 2A, 10m CARTODEM, NGLM 50k(2011-2012), Lithology-GSI 50k(2011), SISDP-P2-LULC 10k(2018-2023) & India-WRIS"
      }
    },
    {
      "type": "Feature",
      "id": "LS_NAGALAND_2023.151",
      "geometry": {
        "type": "MultiPolygon",
        "coordinates": [
          [
            [
              [
                94.00022046,
                25.98748677
              ],
              [
                94.00022046,
                25.98787868
              ],
              [
                94.00045835,
                25.98787868
              ],
              [
                94.00045835,
                25.98748677
              ],
              [
                94.00022046,
                25.98748677
              ]
            ]
          ]
        ]
      },
      "geometry_name": "the_geom",
      "properties": {
        "Slide_No": "NL/WO/83K1/2023/47",
        "State": "NAGALAND",
        "District": "WOKHA",
        "Topo_No": "83K1",
        "Latitude": 25.9877,
        "Longitude": 94.0003,
        "Length_m": 42.125,
        "Width_m": 23.75,
        "Height_m": 8.61764526367,
        "Area_Sqm": 655.155,
        "Activity": "Active",
        "Geomorpho": "Structural Origin - Highly Dissected Hills and Valleys (Shdhv)",
        "Lithology": "Ferruginous sandstone with siltstone and clay (Tipam Group) 0445), Miocene-Pliocene",
        "LULC": "Semi- Evergreen Closed Forest",
        "Triggering": "Rainfall",
        "Year": "2023",
        "Basin": "Brahmaputra Basin",
        "Sub_Basin": "Brahmaputra Upper",
        "Source": "RESOURCESAT-2, 2A, 10m CARTODEM, NGLM 50k(2011-2012), Lithology-GSI 50k(2011), SISDP-P2-LULC 10k(2018-2023) & India-WRIS"
      }
    },
    {
      "type": "Feature",
      "id": "LS_NAGALAND_2023.162",
      "geometry": {
        "type": "MultiPolygon",
        "coordinates": [
          [
            [
              [
                94.52062502,
                26.09554814
              ],
              [
                94.52062502,
                26.10376186
              ],
              [
                94.52607974,
                26.10376186
              ],
              [
                94.52607974,
                26.09554814
              ],
              [
                94.52062502,
                26.09554814
              ]
            ]
          ]
        ]
      },
      "geometry_name": "the_geom",
      "properties": {
        "Slide_No": "NL/ZU/83J12/2023/1",
        "State": "NAGALAND",
        "District": "ZUNHEBOTO",
        "Topo_No": "83J12",
        "Latitude": 26.1003,
        "Longitude": 94.5233,
        "Length_m": 1020.072,
        "Width_m": 122.933,
        "Height_m": 394.640136719,
        "Area_Sqm": 29019.6,
        "Activity": "Active",
        "Geomorpho": "Structural Origin - Moderately Dissected Hills and Valleys (Smdhv)",
        "Lithology": "Flaggy sandstone with subordinate shale (Barail Group) 0541), Eocene-Oligocene",
        "LULC": "Others - Shifting Cultivation",
        "Triggering": "Rainfall",
        "Year": "2023",
        "Basin": "Brahmaputra Basin",
        "Sub_Basin": "Brahmaputra Upper",
        "Source": "RESOURCESAT-2, 2A, 10m CARTODEM, NGLM 50k(2011-2012), Lithology-GSI 50k(2011), SISDP-P2-LULC 10k(2018-2023) & India-WRIS"
      }
    },
    {
      "type": "Feature",
      "id": "LS_NAGALAND_2023.163",
      "geometry": {
        "type": "MultiPolygon",
        "coordinates": [
          [
            [
              [
                94.37909462,
                26.09454703
              ],
              [
                94.37909462,
                26.09477732
              ],
              [
                94.37969809,
                26.09477732
              ],
              [
                94.37969809,
                26.09454703
              ],
              [
                94.37909462,
                26.09454703
              ]
            ]
          ]
        ]
      },
      "geometry_name": "the_geom",
      "properties": {
        "Slide_No": "NL/WO/83J8/2023/3",
        "State": "NAGALAND",
        "District": "WOKHA",
        "Topo_No": "83J8",
        "Latitude": 26.0947,
        "Longitude": 94.3794,
        "Length_m": 59.801,
        "Width_m": 25.642,
        "Height_m": 36.5848693848,
        "Area_Sqm": 1090.69,
        "Activity": "Active",
        "Geomorpho": "Structural Origin - Moderately Dissected Hills and Valleys (Smdhv)",
        "Lithology": "Shale, greywacke with rythmite, slate & phyllite (0598), Palaeocene-Eocene",
        "LULC": "Deciduous Closed Forest",
        "Triggering": "Rainfall",
        "Year": "2023",
        "Basin": "Brahmaputra Basin",
        "Sub_Basin": "Brahmaputra Upper",
        "Source": "RESOURCESAT-2, 2A, 10m CARTODEM, NGLM 50k(2011-2012), Lithology-GSI 50k(2011), SISDP-P2-LULC 10k(2018-2023) & India-WRIS"
      }
    },
    {
      "type": "Feature",
      "id": "LS_NAGALAND_2023.164",
      "geometry": {
        "type": "MultiPolygon",
        "coordinates": [
          [
            [
              [
                94.47713569,
                26.08124494
              ],
              [
                94.47713569,
                26.08140556
              ],
              [
                94.47729835,
                26.08140556
              ],
              [
                94.47729835,
                26.08124494
              ],
              [
                94.47713569,
                26.08124494
              ]
            ]
          ]
        ]
      },
      "geometry_name": "the_geom",
      "properties": {
        "Slide_No": "NL/ZU/83J8/2023/4",
        "State": "NAGALAND",
        "District": "ZUNHEBOTO",
        "Topo_No": "83J8",
        "Latitude": 26.0813,
        "Longitude": 94.4772,
        "Length_m": 17.771,
        "Width_m": 16.287,
        "Height_m": 6.083862,
        "Area_Sqm": 228.175,
        "Activity": "Active",
        "Geomorpho": "Structural Origin - Moderately Dissected Hills and Valleys (Smdhv)",
        "Lithology": "Shale, siltstone, greywacke rhythmite & sandstone (0594), Palaeocene-Eocene",
        "LULC": "Evergreen Open Forest",
        "Triggering": "Rainfall",
        "Year": "2023",
        "Basin": "Brahmaputra Basin",
        "Sub_Basin": "Brahmaputra Upper",
        "Source": "RESOURCESAT-2, 2A, 10m CARTODEM, NGLM 50k(2011-2012), Lithology-GSI 50k(2011), SISDP-P2-LULC 10k(2018-2023) & India-WRIS"
      }
    },
    {
      "type": "Feature",
      "id": "LS_NAGALAND_2023.165",
      "geometry": {
        "type": "MultiPolygon",
        "coordinates": [
          [
            [
              [
                94.389301,
                26.07327415
              ],
              [
                94.389301,
                26.07351568
              ],
              [
                94.38944358,
                26.07351568
              ],
              [
                94.38944358,
                26.07327415
              ],
              [
                94.389301,
                26.07327415
              ]
            ]
          ]
        ]
      },
      "geometry_name": "the_geom",
      "properties": {
        "Slide_No": "NL/ZU/83J8/2023/5",
        "State": "NAGALAND",
        "District": "ZUNHEBOTO",
        "Topo_No": "83J8",
        "Latitude": 26.0734,
        "Longitude": 94.3894,
        "Length_m": 26.461,
        "Width_m": 13.734,
        "Height_m": 4.992462,
        "Area_Sqm": 281.166,
        "Activity": "Active",
        "Geomorpho": "Structural Origin - Moderately Dissected Hills and Valleys (Smdhv)",
        "Lithology": "Shale, greywacke with rythmite, slate & phyllite (0598), Palaeocene-Eocene",
        "LULC": "Evergreen Closed Forest",
        "Triggering": "Rainfall",
        "Year": "2023",
        "Basin": "Brahmaputra Basin",
        "Sub_Basin": "Brahmaputra Upper",
        "Source": "RESOURCESAT-2, 2A, 10m CARTODEM, NGLM 50k(2011-2012), Lithology-GSI 50k(2011), SISDP-P2-LULC 10k(2018-2023) & India-WRIS"
      }
    },
    {
      "type": "Feature",
      "id": "LS_NAGALAND_2023.166",
      "geometry": {
        "type": "MultiPolygon",
        "coordinates": [
          [
            [
              [
                94.43591782,
                26.06802108
              ],
              [
                94.43591782,
                26.06816687
              ],
              [
                94.43602216,
                26.06816687
              ],
              [
                94.43602216,
                26.06802108
              ],
              [
                94.43591782,
                26.06802108
              ]
            ]
          ]
        ]
      },
      "geometry_name": "the_geom",
      "properties": {
        "Slide_No": "NL/ZU/83J8/2023/6",
        "State": "NAGALAND",
        "District": "ZUNHEBOTO",
        "Topo_No": "83J8",
        "Latitude": 26.0681,
        "Longitude": 94.436,
        "Length_m": 16.664,
        "Width_m": 9.552,
        "Height_m": 12.209838,
        "Area_Sqm": 123.616,
        "Activity": "Active",
        "Geomorpho": "Structural Origin - Moderately Dissected Hills and Valleys (Smdhv)",
        "Lithology": "Shale, siltstone, greywacke rhythmite & sandstone (0594), Palaeocene-Eocene",
        "LULC": "Agriculture - Crop Land",
        "Triggering": "Rainfall",
        "Year": "2023",
        "Basin": "Brahmaputra Basin",
        "Sub_Basin": "Brahmaputra Upper",
        "Source": "RESOURCESAT-2, 2A, 10m CARTODEM, NGLM 50k(2011-2012), Lithology-GSI 50k(2011), SISDP-P2-LULC 10k(2018-2023) & India-WRIS"
      }
    },
    {
      "type": "Feature",
      "id": "LS_NAGALAND_2023.167",
      "geometry": {
        "type": "MultiPolygon",
        "coordinates": [
          [
            [
              [
                94.42252204,
                26.06720589
              ],
              [
                94.42252204,
                26.06740001
              ],
              [
                94.42281495,
                26.06740001
              ],
              [
                94.42281495,
                26.06720589
              ],
              [
                94.42252204,
                26.06720589
              ]
            ]
          ]
        ]
      },
      "geometry_name": "the_geom",
      "properties": {
        "Slide_No": "NL/ZU/83J8/2023/7",
        "State": "NAGALAND",
        "District": "ZUNHEBOTO",
        "Topo_No": "83J8",
        "Latitude": 26.0673,
        "Longitude": 94.4227,
        "Length_m": 29.472,
        "Width_m": 19.223,
        "Height_m": 9.5029296875,
        "Area_Sqm": 436.467,
        "Activity": "Active",
        "Geomorpho": "Structural Origin - Moderately Dissected Hills and Valleys (Smdhv)",
        "Lithology": "Shale, siltstone, greywacke rhythmite & sandstone (0594), Palaeocene-Eocene",
        "LULC": "Evergreen Open Forest",
        "Triggering": "Rainfall",
        "Year": "2023",
        "Basin": "Brahmaputra Basin",
        "Sub_Basin": "Brahmaputra Upper",
        "Source": "RESOURCESAT-2, 2A, 10m CARTODEM, NGLM 50k(2011-2012), Lithology-GSI 50k(2011), SISDP-P2-LULC 10k(2018-2023) & India-WRIS"
      }
    },
    {
      "type": "Feature",
      "id": "LS_NAGALAND_2023.168",
      "geometry": {
        "type": "MultiPolygon",
        "coordinates": [
          [
            [
              [
                94.56431198,
                26.06694252
              ],
              [
                94.56431198,
                26.06737421
              ],
              [
                94.56463944,
                26.06737421
              ],
              [
                94.56463944,
                26.06694252
              ],
              [
                94.56431198,
                26.06694252
              ]
            ]
          ]
        ]
      },
      "geometry_name": "the_geom",
      "properties": {
        "Slide_No": "NL/ZU/83J12/2023/2",
        "State": "NAGALAND",
        "District": "ZUNHEBOTO",
        "Topo_No": "83J12",
        "Latitude": 26.0672,
        "Longitude": 94.5645,
        "Length_m": 49.08,
        "Width_m": 28.738,
        "Height_m": 25.0496826172,
        "Area_Sqm": 918.667,
        "Activity": "Active",
        "Geomorpho": "Structural Origin - Moderately Dissected Hills and Valleys (Smdhv)",
        "Lithology": "Shale, siltstone, greywacke rhythmite & sandstone (0594), Palaeocene-Eocene",
        "LULC": "Others - Shifting Cultivation",
        "Triggering": "Rainfall",
        "Year": "2023",
        "Basin": "Minor rivers draining into Myanmar Basin",
        "Sub_Basin": "Imphal and others",
        "Source": "RESOURCESAT-2, 2A, 10m CARTODEM, NGLM 50k(2011-2012), Lithology-GSI 50k(2011), SISDP-P2-LULC 10k(2018-2023) & India-WRIS"
      }
    },
    {
      "type": "Feature",
      "id": "LS_NAGALAND_2023.169",
      "geometry": {
        "type": "MultiPolygon",
        "coordinates": [
          [
            [
              [
                94.43583733,
                26.06357804
              ],
              [
                94.43583733,
                26.06377273
              ],
              [
                94.43601181,
                26.06377273
              ],
              [
                94.43601181,
                26.06357804
              ],
              [
                94.43583733,
                26.06357804
              ]
            ]
          ]
        ]
      },
      "geometry_name": "the_geom",
      "properties": {
        "Slide_No": "NL/ZU/83J8/2023/8",
        "State": "NAGALAND",
        "District": "ZUNHEBOTO",
        "Topo_No": "83J8",
        "Latitude": 26.0637,
        "Longitude": 94.4359,
        "Length_m": 22.855,
        "Width_m": 15.349,
        "Height_m": 5.67004394531,
        "Area_Sqm": 277.517,
        "Activity": "Active",
        "Geomorpho": "Structural Origin - Moderately Dissected Hills and Valleys (Smdhv)",
        "Lithology": "Shale, siltstone, greywacke rhythmite & sandstone (0594), Palaeocene-Eocene",
        "LULC": "Evergreen Open Forest",
        "Triggering": "Rainfall",
        "Year": "2023",
        "Basin": "Brahmaputra Basin",
        "Sub_Basin": "Brahmaputra Upper",
        "Source": "RESOURCESAT-2, 2A, 10m CARTODEM, NGLM 50k(2011-2012), Lithology-GSI 50k(2011), SISDP-P2-LULC 10k(2018-2023) & India-WRIS"
      }
    },
    {
      "type": "Feature",
      "id": "LS_NAGALAND_2023.170",
      "geometry": {
        "type": "MultiPolygon",
        "coordinates": [
          [
            [
              [
                94.44832636,
                26.0611184
              ],
              [
                94.44832636,
                26.06130523
              ],
              [
                94.44851042,
                26.06130523
              ],
              [
                94.44851042,
                26.0611184
              ],
              [
                94.44832636,
                26.0611184
              ]
            ]
          ]
        ]
      },
      "geometry_name": "the_geom",
      "properties": {
        "Slide_No": "NL/ZU/83J8/2023/9",
        "State": "NAGALAND",
        "District": "ZUNHEBOTO",
        "Topo_No": "83J8",
        "Latitude": 26.0612,
        "Longitude": 94.4484,
        "Length_m": 22.247,
        "Width_m": 15.53,
        "Height_m": 6.28082275391,
        "Area_Sqm": 269.79,
        "Activity": "Active",
        "Geomorpho": "Structural Origin - Moderately Dissected Hills and Valleys (Smdhv)",
        "Lithology": "Shale, siltstone, greywacke rhythmite & sandstone (0594), Palaeocene-Eocene",
        "LULC": "Agriculture - Crop Land",
        "Triggering": "Rainfall",
        "Year": "2023",
        "Basin": "Brahmaputra Basin",
        "Sub_Basin": "Brahmaputra Upper",
        "Source": "RESOURCESAT-2, 2A, 10m CARTODEM, NGLM 50k(2011-2012), Lithology-GSI 50k(2011), SISDP-P2-LULC 10k(2018-2023) & India-WRIS"
      }
    },
    {
      "type": "Feature",
      "id": "LS_NAGALAND_2023.171",
      "geometry": {
        "type": "MultiPolygon",
        "coordinates": [
          [
            [
              [
                94.42103554,
                26.06070268
              ],
              [
                94.42103554,
                26.06124422
              ],
              [
                94.42163322,
                26.06124422
              ],
              [
                94.42163322,
                26.06070268
              ],
              [
                94.42103554,
                26.06070268
              ]
            ]
          ]
        ]
      },
      "geometry_name": "the_geom",
      "properties": {
        "Slide_No": "NL/ZU/83J8/2023/10",
        "State": "NAGALAND",
        "District": "ZUNHEBOTO",
        "Topo_No": "83J8",
        "Latitude": 26.061,
        "Longitude": 94.4213,
        "Length_m": 65.646,
        "Width_m": 43.618,
        "Height_m": 48.7520141602,
        "Area_Sqm": 2055.82,
        "Activity": "Active",
        "Geomorpho": "Structural Origin - Moderately Dissected Hills and Valleys (Smdhv)",
        "Lithology": "Shale, siltstone, greywacke rhythmite & sandstone (0594), Palaeocene-Eocene",
        "LULC": "Evergreen Closed Forest",
        "Triggering": "Rainfall",
        "Year": "2023",
        "Basin": "Brahmaputra Basin",
        "Sub_Basin": "Brahmaputra Upper",
        "Source": "RESOURCESAT-2, 2A, 10m CARTODEM, NGLM 50k(2011-2012), Lithology-GSI 50k(2011), SISDP-P2-LULC 10k(2018-2023) & India-WRIS"
      }
    },
    {
      "type": "Feature",
      "id": "LS_NAGALAND_2023.172",
      "geometry": {
        "type": "MultiPolygon",
        "coordinates": [
          [
            [
              [
                94.44520872,
                26.05512164
              ],
              [
                94.44520872,
                26.05537002
              ],
              [
                94.44559267,
                26.05537002
              ],
              [
                94.44559267,
                26.05512164
              ],
              [
                94.44520872,
                26.05512164
              ]
            ]
          ]
        ]
      },
      "geometry_name": "the_geom",
      "properties": {
        "Slide_No": "NL/ZU/83J8/2023/11",
        "State": "NAGALAND",
        "District": "ZUNHEBOTO",
        "Topo_No": "83J8",
        "Latitude": 26.0552,
        "Longitude": 94.4454,
        "Length_m": 42.599,
        "Width_m": 18.745,
        "Height_m": 15.6254882812,
        "Area_Sqm": 612.106,
        "Activity": "Active",
        "Geomorpho": "Structural Origin - Highly Dissected Hills and Valleys (Shdhv)",
        "Lithology": "Shale, siltstone, greywacke rhythmite & sandstone (0594), Palaeocene-Eocene",
        "LULC": "Evergreen Closed Forest",
        "Triggering": "Rainfall",
        "Year": "2023",
        "Basin": "Brahmaputra Basin",
        "Sub_Basin": "Brahmaputra Upper",
        "Source": "RESOURCESAT-2, 2A, 10m CARTODEM, NGLM 50k(2011-2012), Lithology-GSI 50k(2011), SISDP-P2-LULC 10k(2018-2023) & India-WRIS"
      }
    },
    {
      "type": "Feature",
      "id": "LS_NAGALAND_2023.173",
      "geometry": {
        "type": "MultiPolygon",
        "coordinates": [
          [
            [
              [
                94.48526489,
                26.04865028
              ],
              [
                94.48526489,
                26.04923412
              ],
              [
                94.48587478,
                26.04923412
              ],
              [
                94.48587478,
                26.04865028
              ],
              [
                94.48526489,
                26.04865028
              ]
            ]
          ]
        ]
      },
      "geometry_name": "the_geom",
      "properties": {
        "Slide_No": "NL/ZU/83J8/2023/12",
        "State": "NAGALAND",
        "District": "ZUNHEBOTO",
        "Topo_No": "83J8",
        "Latitude": 26.0489,
        "Longitude": 94.4855,
        "Length_m": 75.641,
        "Width_m": 38.081,
        "Height_m": 39.0606689453,
        "Area_Sqm": 1583.16,
        "Activity": "Reactivated",
        "Geomorpho": "Structural Origin - Moderately Dissected Hills and Valleys (Smdhv)",
        "Lithology": "Shale, siltstone, greywacke rhythmite & sandstone (0594), Palaeocene-Eocene",
        "LULC": "Evergreen Open Forest",
        "Triggering": "Rainfall",
        "Year": "2023",
        "Basin": "Brahmaputra Basin",
        "Sub_Basin": "Brahmaputra Upper",
        "Source": "RESOURCESAT-2, 2A, 10m CARTODEM, NGLM 50k(2011-2012), Lithology-GSI 50k(2011), SISDP-P2-LULC 10k(2018-2023) & India-WRIS"
      }
    },
    {
      "type": "Feature",
      "id": "LS_NAGALAND_2023.174",
      "geometry": {
        "type": "MultiPolygon",
        "coordinates": [
          [
            [
              [
                94.43551009,
                26.0476384
              ],
              [
                94.43551009,
                26.04784946
              ],
              [
                94.43564317,
                26.04784946
              ],
              [
                94.43564317,
                26.0476384
              ],
              [
                94.43551009,
                26.0476384
              ]
            ]
          ]
        ]
      },
      "geometry_name": "the_geom",
      "properties": {
        "Slide_No": "NL/ZU/83J8/2023/13",
        "State": "NAGALAND",
        "District": "ZUNHEBOTO",
        "Topo_No": "83J8",
        "Latitude": 26.0477,
        "Longitude": 94.4356,
        "Length_m": 23.352,
        "Width_m": 13.254,
        "Height_m": 6.27947998047,
        "Area_Sqm": 242.517,
        "Activity": "Active",
        "Geomorpho": "Structural Origin - Moderately Dissected Hills and Valleys - Valley (Smdhv-v)",
        "Lithology": "Shale, siltstone, greywacke rhythmite & sandstone (0594), Palaeocene-Eocene",
        "LULC": "Evergreen Closed Forest",
        "Triggering": "Rainfall",
        "Year": "2023",
        "Basin": "Brahmaputra Basin",
        "Sub_Basin": "Brahmaputra Upper",
        "Source": "RESOURCESAT-2, 2A, 10m CARTODEM, NGLM 50k(2011-2012), Lithology-GSI 50k(2011), SISDP-P2-LULC 10k(2018-2023) & India-WRIS"
      }
    },
    {
      "type": "Feature",
      "id": "LS_NAGALAND_2023.175",
      "geometry": {
        "type": "MultiPolygon",
        "coordinates": [
          [
            [
              [
                94.43591703,
                26.04753899
              ],
              [
                94.43591703,
                26.04787593
              ],
              [
                94.43608846,
                26.04787593
              ],
              [
                94.43608846,
                26.04753899
              ],
              [
                94.43591703,
                26.04753899
              ]
            ]
          ]
        ]
      },
      "geometry_name": "the_geom",
      "properties": {
        "Slide_No": "NL/ZU/83J8/2023/14",
        "State": "NAGALAND",
        "District": "ZUNHEBOTO",
        "Topo_No": "83J8",
        "Latitude": 26.0477,
        "Longitude": 94.436,
        "Length_m": 37.527,
        "Width_m": 16.045,
        "Height_m": 9.1364440918,
        "Area_Sqm": 450.84,
        "Activity": "Active",
        "Geomorpho": "Structural Origin - Moderately Dissected Hills and Valleys - Valley (Smdhv-v)",
        "Lithology": "Shale, siltstone, greywacke rhythmite & sandstone (0594), Palaeocene-Eocene",
        "LULC": "Evergreen Closed Forest",
        "Triggering": "Rainfall",
        "Year": "2023",
        "Basin": "Brahmaputra Basin",
        "Sub_Basin": "Brahmaputra Upper",
        "Source": "RESOURCESAT-2, 2A, 10m CARTODEM, NGLM 50k(2011-2012), Lithology-GSI 50k(2011), SISDP-P2-LULC 10k(2018-2023) & India-WRIS"
      }
    },
    {
      "type": "Feature",
      "id": "LS_NAGALAND_2023.176",
      "geometry": {
        "type": "MultiPolygon",
        "coordinates": [
          [
            [
              [
                94.43648815,
                26.03437322
              ],
              [
                94.43648815,
                26.03460885
              ],
              [
                94.4369414,
                26.03460885
              ],
              [
                94.4369414,
                26.03437322
              ],
              [
                94.43648815,
                26.03437322
              ]
            ]
          ]
        ]
      },
      "geometry_name": "the_geom",
      "properties": {
        "Slide_No": "NL/ZU/83J8/2023/15",
        "State": "NAGALAND",
        "District": "ZUNHEBOTO",
        "Topo_No": "83J8",
        "Latitude": 26.0345,
        "Longitude": 94.4367,
        "Length_m": 44.942,
        "Width_m": 23.428,
        "Height_m": 9.25402832031,
        "Area_Sqm": 823.751,
        "Activity": "Active",
        "Geomorpho": "Structural Origin - Highly Dissected Hills and Valleys (Shdhv)",
        "Lithology": "Shale, siltstone, greywacke rhythmite & sandstone (0594), Palaeocene-Eocene",
        "LULC": "Evergreen Open Forest",
        "Triggering": "Rainfall",
        "Year": "2023",
        "Basin": "Brahmaputra Basin",
        "Sub_Basin": "Brahmaputra Upper",
        "Source": "RESOURCESAT-2, 2A, 10m CARTODEM, NGLM 50k(2011-2012), Lithology-GSI 50k(2011), SISDP-P2-LULC 10k(2018-2023) & India-WRIS"
      }
    },
    {
      "type": "Feature",
      "id": "LS_NAGALAND_2023.177",
      "geometry": {
        "type": "MultiPolygon",
        "coordinates": [
          [
            [
              [
                94.55294971,
                26.02905221
              ],
              [
                94.55294971,
                26.02936249
              ],
              [
                94.55315781,
                26.02936249
              ],
              [
                94.55315781,
                26.02905221
              ],
              [
                94.55294971,
                26.02905221
              ]
            ]
          ]
        ]
      },
      "geometry_name": "the_geom",
      "properties": {
        "Slide_No": "NL/ZU/83J12/2023/3",
        "State": "NAGALAND",
        "District": "ZUNHEBOTO",
        "Topo_No": "83J12",
        "Latitude": 26.0292,
        "Longitude": 94.5531,
        "Length_m": 35.977,
        "Width_m": 17.952,
        "Height_m": 3.976197,
        "Area_Sqm": 499.379,
        "Activity": "Active",
        "Geomorpho": "Structural Origin - Highly Dissected Hills and Valleys (Shdhv)",
        "Lithology": "Flaggy sandstone with subordinate shale (Barail Group) 0541), Eocene-Oligocene",
        "LULC": "Built Up - Rural Village Settlement",
        "Triggering": "Rainfall",
        "Year": "2023",
        "Basin": "Minor rivers draining into Myanmar Basin",
        "Sub_Basin": "Imphal and others",
        "Source": "RESOURCESAT-2, 2A, 10m CARTODEM, NGLM 50k(2011-2012), Lithology-GSI 50k(2011), SISDP-P2-LULC 10k(2018-2023) & India-WRIS"
      }
    },
    {
      "type": "Feature",
      "id": "LS_NAGALAND_2023.178",
      "geometry": {
        "type": "MultiPolygon",
        "coordinates": [
          [
            [
              [
                94.35610702,
                26.02629084
              ],
              [
                94.35610702,
                26.02692471
              ],
              [
                94.3566058,
                26.02692471
              ],
              [
                94.3566058,
                26.02629084
              ],
              [
                94.35610702,
                26.02629084
              ]
            ]
          ]
        ]
      },
      "geometry_name": "the_geom",
      "properties": {
        "Slide_No": "NL/WO/83J8/2023/16",
        "State": "NAGALAND",
        "District": "WOKHA",
        "Topo_No": "83J8",
        "Latitude": 26.0266,
        "Longitude": 94.3564,
        "Length_m": 83.078,
        "Width_m": 18.281,
        "Height_m": 48.5375366211,
        "Area_Sqm": 857.287,
        "Activity": "Active",
        "Geomorpho": "Structural Origin - Moderately Dissected Hills and Valleys (Smdhv)",
        "Lithology": "Shale, greywacke with rythmite, slate & phyllite (0598), Palaeocene-Eocene",
        "LULC": "Deciduous Closed Forest",
        "Triggering": "Rainfall",
        "Year": "2023",
        "Basin": "Brahmaputra Basin",
        "Sub_Basin": "Brahmaputra Upper",
        "Source": "RESOURCESAT-2, 2A, 10m CARTODEM, NGLM 50k(2011-2012), Lithology-GSI 50k(2011), SISDP-P2-LULC 10k(2018-2023) & India-WRIS"
      }
    },
    {
      "type": "Feature",
      "id": "LS_NAGALAND_2023.179",
      "geometry": {
        "type": "MultiPolygon",
        "coordinates": [
          [
            [
              [
                94.35509398,
                26.0117
              ],
              [
                94.35509398,
                26.01206094
              ],
              [
                94.35553669,
                26.01206094
              ],
              [
                94.35553669,
                26.0117
              ],
              [
                94.35509398,
                26.0117
              ]
            ]
          ]
        ]
      },
      "geometry_name": "the_geom",
      "properties": {
        "Slide_No": "NL/WO/83J8/2023/17",
        "State": "NAGALAND",
        "District": "WOKHA",
        "Topo_No": "83J8",
        "Latitude": 26.0119,
        "Longitude": 94.3553,
        "Length_m": 48.664,
        "Width_m": 30.004,
        "Height_m": 21.5015258789,
        "Area_Sqm": 748.127,
        "Activity": "Reactivated",
        "Geomorpho": "Structural Origin - Moderately Dissected Hills and Valleys (Smdhv)",
        "Lithology": "Shale, greywacke with rythmite, slate & phyllite (0598), Palaeocene-Eocene",
        "LULC": "Deciduous Closed Forest",
        "Triggering": "Rainfall",
        "Year": "2023",
        "Basin": "Brahmaputra Basin",
        "Sub_Basin": "Brahmaputra Upper",
        "Source": "RESOURCESAT-2, 2A, 10m CARTODEM, NGLM 50k(2011-2012), Lithology-GSI 50k(2011), SISDP-P2-LULC 10k(2018-2023) & India-WRIS"
      }
    },
    {
      "type": "Feature",
      "id": "LS_NAGALAND_2023.180",
      "geometry": {
        "type": "MultiPolygon",
        "coordinates": [
          [
            [
              [
                94.35383191,
                26.00712705
              ],
              [
                94.35383191,
                26.00836391
              ],
              [
                94.35432525,
                26.00836391
              ],
              [
                94.35432525,
                26.00712705
              ],
              [
                94.35383191,
                26.00712705
              ]
            ]
          ]
        ]
      },
      "geometry_name": "the_geom",
      "properties": {
        "Slide_No": "NL/WO/83J8/2023/18",
        "State": "NAGALAND",
        "District": "WOKHA",
        "Topo_No": "83J8",
        "Latitude": 26.0077,
        "Longitude": 94.3541,
        "Length_m": 141.6,
        "Width_m": 25.743,
        "Height_m": 107.814331,
        "Area_Sqm": 2128.56,
        "Activity": "Reactivated",
        "Geomorpho": "Structural Origin - Moderately Dissected Hills and Valleys (Smdhv)",
        "Lithology": "Shale, greywacke with rythmite, slate & phyllite (0598), Palaeocene-Eocene",
        "LULC": "Deciduous Closed Forest",
        "Triggering": "Rainfall",
        "Year": "2023",
        "Basin": "Brahmaputra Basin",
        "Sub_Basin": "Brahmaputra Upper",
        "Source": "RESOURCESAT-2, 2A, 10m CARTODEM, NGLM 50k(2011-2012), Lithology-GSI 50k(2011), SISDP-P2-LULC 10k(2018-2023) & India-WRIS"
      }
    },
    {
      "type": "Feature",
      "id": "LS_NAGALAND_2023.181",
      "geometry": {
        "type": "MultiPolygon",
        "coordinates": [
          [
            [
              [
                94.35752289,
                26.00754289
              ],
              [
                94.35752289,
                26.00786003
              ],
              [
                94.35824602,
                26.00786003
              ],
              [
                94.35824602,
                26.00754289
              ],
              [
                94.35752289,
                26.00754289
              ]
            ]
          ]
        ]
      },
      "geometry_name": "the_geom",
      "properties": {
        "Slide_No": "NL/WO/83J8/2023/19",
        "State": "NAGALAND",
        "District": "WOKHA",
        "Topo_No": "83J8",
        "Latitude": 26.0077,
        "Longitude": 94.3579,
        "Length_m": 72.854,
        "Width_m": 32.521,
        "Height_m": 42.9432067871,
        "Area_Sqm": 1577.72,
        "Activity": "Active",
        "Geomorpho": "Structural Origin - Moderately Dissected Hills and Valleys - Valley (Smdhv-v)",
        "Lithology": "Shale, greywacke with rythmite, slate & phyllite (0598), Palaeocene-Eocene",
        "LULC": "Deciduous Closed Forest",
        "Triggering": "Rainfall",
        "Year": "2023",
        "Basin": "Brahmaputra Basin",
        "Sub_Basin": "Brahmaputra Upper",
        "Source": "RESOURCESAT-2, 2A, 10m CARTODEM, NGLM 50k(2011-2012), Lithology-GSI 50k(2011), SISDP-P2-LULC 10k(2018-2023) & India-WRIS"
      }
    },
    {
      "type": "Feature",
      "id": "LS_NAGALAND_2023.182",
      "geometry": {
        "type": "MultiPolygon",
        "coordinates": [
          [
            [
              [
                94.59040687,
                26.00754209
              ],
              [
                94.59040687,
                26.00823569
              ],
              [
                94.59075919,
                26.00823569
              ],
              [
                94.59075919,
                26.00754209
              ],
              [
                94.59040687,
                26.00754209
              ]
            ]
          ]
        ]
      },
      "geometry_name": "the_geom",
      "properties": {
        "Slide_No": "NL/ZU/83J12/2023/4",
        "State": "NAGALAND",
        "District": "ZUNHEBOTO",
        "Topo_No": "83J12",
        "Latitude": 26.0079,
        "Longitude": 94.5906,
        "Length_m": 79.285,
        "Width_m": 28.465,
        "Height_m": 33.8983154297,
        "Area_Sqm": 1446.44,
        "Activity": "Active",
        "Geomorpho": "Structural Origin - Highly Dissected Hills and Valleys (Shdhv)",
        "Lithology": "Flaggy sandstone with subordinate shale (Barail Group) 0541), Eocene-Oligocene",
        "LULC": "Evergreen Open Forest",
        "Triggering": "Rainfall",
        "Year": "2023",
        "Basin": "Minor rivers draining into Myanmar Basin",
        "Sub_Basin": "Imphal and others",
        "Source": "RESOURCESAT-2, 2A, 10m CARTODEM, NGLM 50k(2011-2012), Lithology-GSI 50k(2011), SISDP-P2-LULC 10k(2018-2023) & India-WRIS"
      }
    },
    {
      "type": "Feature",
      "id": "LS_NAGALAND_2023.183",
      "geometry": {
        "type": "MultiPolygon",
        "coordinates": [
          [
            [
              [
                94.40195175,
                26.00391312
              ],
              [
                94.40195175,
                26.00429625
              ],
              [
                94.40232607,
                26.00429625
              ],
              [
                94.40232607,
                26.00391312
              ],
              [
                94.40195175,
                26.00391312
              ]
            ]
          ]
        ]
      },
      "geometry_name": "the_geom",
      "properties": {
        "Slide_No": "NL/ZU/83J8/2023/20",
        "State": "NAGALAND",
        "District": "ZUNHEBOTO",
        "Topo_No": "83J8",
        "Latitude": 26.0041,
        "Longitude": 94.4021,
        "Length_m": 53.35,
        "Width_m": 19.666,
        "Height_m": 14.6955566406,
        "Area_Sqm": 741.925,
        "Activity": "Active",
        "Geomorpho": "Structural Origin - Highly Dissected Hills and Valleys (Shdhv)",
        "Lithology": "Shale, siltstone, greywacke rhythmite & sandstone (0594), Palaeocene-Eocene",
        "LULC": "Evergreen Open Forest",
        "Triggering": "Rainfall",
        "Year": "2023",
        "Basin": "Brahmaputra Basin",
        "Sub_Basin": "Brahmaputra Upper",
        "Source": "RESOURCESAT-2, 2A, 10m CARTODEM, NGLM 50k(2011-2012), Lithology-GSI 50k(2011), SISDP-P2-LULC 10k(2018-2023) & India-WRIS"
      }
    },
    {
      "type": "Feature",
      "id": "LS_NAGALAND_2023.184",
      "geometry": {
        "type": "MultiPolygon",
        "coordinates": [
          [
            [
              [
                94.47609691,
                25.99886538
              ],
              [
                94.47609691,
                26.00256378
              ],
              [
                94.47799662,
                26.00256378
              ],
              [
                94.47799662,
                25.99886538
              ],
              [
                94.47609691,
                25.99886538
              ]
            ]
          ]
        ]
      },
      "geometry_name": "the_geom",
      "properties": {
        "Slide_No": "NL/ZU/83K5/2023/21",
        "State": "NAGALAND",
        "District": "ZUNHEBOTO",
        "Topo_No": "83J8",
        "Latitude": 26.0006,
        "Longitude": 94.4771,
        "Length_m": 426.123,
        "Width_m": 98.375,
        "Height_m": 161.363647461,
        "Area_Sqm": 23044.6,
        "Activity": "Active",
        "Geomorpho": "Structural Origin - Highly Dissected Hills and Valleys (Shdhv)",
        "Lithology": "Shale, siltstone, greywacke rhythmite & sandstone (0594), Palaeocene-Eocene",
        "LULC": "Evergreen Open Forest",
        "Triggering": "Rainfall",
        "Year": "2023",
        "Basin": "Brahmaputra Basin",
        "Sub_Basin": "Brahmaputra Upper",
        "Source": "RESOURCESAT-2, 2A, 10m CARTODEM, NGLM 50k(2011-2012), Lithology-GSI 50k(2011), SISDP-P2-LULC 10k(2018-2023) & India-WRIS"
      }
    },
    {
      "type": "Feature",
      "id": "LS_NAGALAND_2023.185",
      "geometry": {
        "type": "MultiPolygon",
        "coordinates": [
          [
            [
              [
                94.37221625,
                25.99062043
              ],
              [
                94.37221625,
                25.99138608
              ],
              [
                94.37308443,
                25.99138608
              ],
              [
                94.37308443,
                25.99062043
              ],
              [
                94.37221625,
                25.99062043
              ]
            ]
          ]
        ]
      },
      "geometry_name": "the_geom",
      "properties": {
        "Slide_No": "NL/ZU/83K5/2023/31",
        "State": "NAGALAND",
        "District": "ZUNHEBOTO",
        "Topo_No": "83K5",
        "Latitude": 25.991,
        "Longitude": 94.3727,
        "Length_m": 115.034,
        "Width_m": 33.788,
        "Height_m": 77.3027954102,
        "Area_Sqm": 2141.76,
        "Activity": "Active",
        "Geomorpho": "Structural Origin - Highly Dissected Hills and Valleys (Shdhv)",
        "Lithology": "Shale, siltstone, greywacke rhythmite & sandstone (0594), Palaeocene-Eocene",
        "LULC": "Evergreen Open Forest",
        "Triggering": "Rainfall",
        "Year": "2023",
        "Basin": "Brahmaputra Basin",
        "Sub_Basin": "Brahmaputra Upper",
        "Source": "RESOURCESAT-2, 2A, 10m CARTODEM, NGLM 50k(2011-2012), Lithology-GSI 50k(2011), SISDP-P2-LULC 10k(2018-2023) & India-WRIS"
      }
    },
    {
      "type": "Feature",
      "id": "LS_NAGALAND_2023.186",
      "geometry": {
        "type": "MultiPolygon",
        "coordinates": [
          [
            [
              [
                94.48433177,
                25.98008027
              ],
              [
                94.48433177,
                25.98038089
              ],
              [
                94.48461286,
                25.98038089
              ],
              [
                94.48461286,
                25.98008027
              ],
              [
                94.48433177,
                25.98008027
              ]
            ]
          ]
        ]
      },
      "geometry_name": "the_geom",
      "properties": {
        "Slide_No": "NL/ZU/83K5/2023/32",
        "State": "NAGALAND",
        "District": "ZUNHEBOTO",
        "Topo_No": "83K5",
        "Latitude": 25.9802,
        "Longitude": 94.4845,
        "Length_m": 29.242,
        "Width_m": 26.864,
        "Height_m": 10.0758056641,
        "Area_Sqm": 558.975,
        "Activity": "Reactivated",
        "Geomorpho": "Structural Origin - Moderately Dissected Hills and Valleys - Valley (Smdhv-v)",
        "Lithology": "Shale, siltstone, greywacke rhythmite & sandstone (0594), Palaeocene-Eocene",
        "LULC": "Others - Shifting Cultivation",
        "Triggering": "Rainfall",
        "Year": "2023",
        "Basin": "Brahmaputra Basin",
        "Sub_Basin": "Brahmaputra Upper",
        "Source": "RESOURCESAT-2, 2A, 10m CARTODEM, NGLM 50k(2011-2012), Lithology-GSI 50k(2011), SISDP-P2-LULC 10k(2018-2023) & India-WRIS"
      }
    },
    {
      "type": "Feature",
      "id": "LS_NAGALAND_2023.187",
      "geometry": {
        "type": "MultiPolygon",
        "coordinates": [
          [
            [
              [
                94.35681067,
                25.95808563
              ],
              [
                94.35681067,
                25.95836464
              ],
              [
                94.3571259,
                25.95836464
              ],
              [
                94.3571259,
                25.95808563
              ],
              [
                94.35681067,
                25.95808563
              ]
            ]
          ]
        ]
      },
      "geometry_name": "the_geom",
      "properties": {
        "Slide_No": "NL/ZU/83K5/2023/33",
        "State": "NAGALAND",
        "District": "ZUNHEBOTO",
        "Topo_No": "83K5",
        "Latitude": 25.9582,
        "Longitude": 94.357,
        "Length_m": 29.891,
        "Width_m": 29.565,
        "Height_m": 9.49044799805,
        "Area_Sqm": 640.335,
        "Activity": "Reactivated",
        "Geomorpho": "Structural Origin - Highly Dissected Hills and Valleys (Shdhv)",
        "Lithology": "Shale, siltstone, greywacke rhythmite & sandstone (0594), Palaeocene-Eocene",
        "LULC": "Evergreen Open Forest",
        "Triggering": "Rainfall",
        "Year": "2023",
        "Basin": "Brahmaputra Basin",
        "Sub_Basin": "Brahmaputra Upper",
        "Source": "RESOURCESAT-2, 2A, 10m CARTODEM, NGLM 50k(2011-2012), Lithology-GSI 50k(2011), SISDP-P2-LULC 10k(2018-2023) & India-WRIS"
      }
    },
    {
      "type": "Feature",
      "id": "LS_NAGALAND_2023.188",
      "geometry": {
        "type": "MultiPolygon",
        "coordinates": [
          [
            [
              [
                94.38807614,
                25.95817595
              ],
              [
                94.38807614,
                25.95833737
              ],
              [
                94.38820022,
                25.95833737
              ],
              [
                94.38820022,
                25.95817595
              ],
              [
                94.38807614,
                25.95817595
              ]
            ]
          ]
        ]
      },
      "geometry_name": "the_geom",
      "properties": {
        "Slide_No": "NL/ZU/83K5/2023/34",
        "State": "NAGALAND",
        "District": "ZUNHEBOTO",
        "Topo_No": "83K5",
        "Latitude": 25.9583,
        "Longitude": 94.3881,
        "Length_m": 18.022,
        "Width_m": 12.2,
        "Height_m": 4.99304199219,
        "Area_Sqm": 171.81,
        "Activity": "Active",
        "Geomorpho": "Structural Origin - Highly Dissected Hills and Valleys (Shdhv)",
        "Lithology": "Shale, siltstone, greywacke rhythmite & sandstone (0594), Palaeocene-Eocene",
        "LULC": "Evergreen Open Forest",
        "Triggering": "Rainfall",
        "Year": "2023",
        "Basin": "Brahmaputra Basin",
        "Sub_Basin": "Brahmaputra Upper",
        "Source": "RESOURCESAT-2, 2A, 10m CARTODEM, NGLM 50k(2011-2012), Lithology-GSI 50k(2011), SISDP-P2-LULC 10k(2018-2023) & India-WRIS"
      }
    },
    {
      "type": "Feature",
      "id": "LS_NAGALAND_2023.189",
      "geometry": {
        "type": "MultiPolygon",
        "coordinates": [
          [
            [
              [
                94.3539704,
                25.95734198
              ],
              [
                94.3539704,
                25.95749587
              ],
              [
                94.35422534,
                25.95749587
              ],
              [
                94.35422534,
                25.95734198
              ],
              [
                94.3539704,
                25.95734198
              ]
            ]
          ]
        ]
      },
      "geometry_name": "the_geom",
      "properties": {
        "Slide_No": "NL/ZU/83K5/2023/35",
        "State": "NAGALAND",
        "District": "ZUNHEBOTO",
        "Topo_No": "83K5",
        "Latitude": 25.9574,
        "Longitude": 94.3541,
        "Length_m": 25.835,
        "Width_m": 16.598,
        "Height_m": 8.28277587891,
        "Area_Sqm": 321.631,
        "Activity": "Active",
        "Geomorpho": "Structural Origin - Highly Dissected Hills and Valleys (Shdhv)",
        "Lithology": "Shale, siltstone, greywacke rhythmite & sandstone (0594), Palaeocene-Eocene",
        "LULC": "Evergreen Open Forest",
        "Triggering": "Rainfall",
        "Year": "2023",
        "Basin": "Brahmaputra Basin",
        "Sub_Basin": "Brahmaputra Upper",
        "Source": "RESOURCESAT-2, 2A, 10m CARTODEM, NGLM 50k(2011-2012), Lithology-GSI 50k(2011), SISDP-P2-LULC 10k(2018-2023) & India-WRIS"
      }
    },
    {
      "type": "Feature",
      "id": "LS_NAGALAND_2023.190",
      "geometry": {
        "type": "MultiPolygon",
        "coordinates": [
          [
            [
              [
                94.50694817,
                25.9551224
              ],
              [
                94.50694817,
                25.95551698
              ],
              [
                94.50727196,
                25.95551698
              ],
              [
                94.50727196,
                25.9551224
              ],
              [
                94.50694817,
                25.9551224
              ]
            ]
          ]
        ]
      },
      "geometry_name": "the_geom",
      "properties": {
        "Slide_No": "NL/ZU/83K9/2023/1",
        "State": "NAGALAND",
        "District": "ZUNHEBOTO",
        "Topo_No": "83K9",
        "Latitude": 25.9553,
        "Longitude": 94.5071,
        "Length_m": 46.587,
        "Width_m": 25.263,
        "Height_m": 6.66015625,
        "Area_Sqm": 781.654,
        "Activity": "Active",
        "Geomorpho": "Structural Origin - Highly Dissected Hills and Valleys (Shdhv)",
        "Lithology": "Shale, siltstone, greywacke rhythmite & sandstone (0594), Palaeocene-Eocene",
        "LULC": "Evergreen Open Forest",
        "Triggering": "Rainfall",
        "Year": "2023",
        "Basin": "Minor rivers draining into Myanmar Basin",
        "Sub_Basin": "Imphal and others",
        "Source": "RESOURCESAT-2, 2A, 10m CARTODEM, NGLM 50k(2011-2012), Lithology-GSI 50k(2011), SISDP-P2-LULC 10k(2018-2023) & India-WRIS"
      }
    },
    {
      "type": "Feature",
      "id": "LS_NAGALAND_2023.191",
      "geometry": {
        "type": "MultiPolygon",
        "coordinates": [
          [
            [
              [
                94.52561979,
                25.94871786
              ],
              [
                94.52561979,
                25.94925699
              ],
              [
                94.52587983,
                25.94925699
              ],
              [
                94.52587983,
                25.94871786
              ],
              [
                94.52561979,
                25.94871786
              ]
            ]
          ]
        ]
      },
      "geometry_name": "the_geom",
      "properties": {
        "Slide_No": "NL/ZU/83K9/2023/2",
        "State": "NAGALAND",
        "District": "ZUNHEBOTO",
        "Topo_No": "83K9",
        "Latitude": 25.949,
        "Longitude": 94.5257,
        "Length_m": 60.614,
        "Width_m": 21.677,
        "Height_m": 42.3410644531,
        "Area_Sqm": 1034.02,
        "Activity": "Active",
        "Geomorpho": "Structural Origin - Highly Dissected Hills and Valleys (Shdhv)",
        "Lithology": "Shale, siltstone, greywacke rhythmite & sandstone (0594), Palaeocene-Eocene",
        "LULC": "Evergreen Open Forest",
        "Triggering": "Rainfall",
        "Year": "2023",
        "Basin": "Minor rivers draining into Myanmar Basin",
        "Sub_Basin": "Imphal and others",
        "Source": "RESOURCESAT-2, 2A, 10m CARTODEM, NGLM 50k(2011-2012), Lithology-GSI 50k(2011), SISDP-P2-LULC 10k(2018-2023) & India-WRIS"
      }
    },
    {
      "type": "Feature",
      "id": "LS_NAGALAND_2023.192",
      "geometry": {
        "type": "MultiPolygon",
        "coordinates": [
          [
            [
              [
                94.46717873,
                25.94402132
              ],
              [
                94.46717873,
                25.94466265
              ],
              [
                94.46794618,
                25.94466265
              ],
              [
                94.46794618,
                25.94402132
              ],
              [
                94.46717873,
                25.94402132
              ]
            ]
          ]
        ]
      },
      "geometry_name": "the_geom",
      "properties": {
        "Slide_No": "NL/ZU/83K5/2023/36",
        "State": "NAGALAND",
        "District": "ZUNHEBOTO",
        "Topo_No": "83K5",
        "Latitude": 25.9443,
        "Longitude": 94.4676,
        "Length_m": 86.946,
        "Width_m": 43.059,
        "Height_m": 33.857178,
        "Area_Sqm": 2314.37,
        "Activity": "Reactivated",
        "Geomorpho": "Structural Origin - Highly Dissected Hills and Valleys (Shdhv)",
        "Lithology": "Shale, siltstone, greywacke rhythmite & sandstone (0594), Palaeocene-Eocene",
        "LULC": "Evergreen Open Forest",
        "Triggering": "Rainfall",
        "Year": "2023",
        "Basin": "Brahmaputra Basin",
        "Sub_Basin": "Brahmaputra Upper",
        "Source": "RESOURCESAT-2, 2A, 10m CARTODEM, NGLM 50k(2011-2012), Lithology-GSI 50k(2011), SISDP-P2-LULC 10k(2018-2023) & India-WRIS"
      }
    },
    {
      "type": "Feature",
      "id": "LS_NAGALAND_2023.207",
      "geometry": {
        "type": "MultiPolygon",
        "coordinates": [
          [
            [
              [
                94.35130875,
                26.00884088
              ],
              [
                94.35130875,
                26.0093857
              ],
              [
                94.351678,
                26.0093857
              ],
              [
                94.351678,
                26.00884088
              ],
              [
                94.35130875,
                26.00884088
              ]
            ]
          ]
        ]
      },
      "geometry_name": "the_geom",
      "properties": {
        "Slide_No": "NL/WO/83J8/2023/22",
        "State": "NAGALAND",
        "District": "WOKHA",
        "Topo_No": "83J8",
        "Latitude": 26.0091,
        "Longitude": 94.3515,
        "Length_m": 54.562,
        "Width_m": 40.565,
        "Height_m": 33.0973510742,
        "Area_Sqm": 1078.67,
        "Activity": "Active",
        "Geomorpho": "Structural Origin - Moderately Dissected Hills and Valleys (Smdhv)",
        "Lithology": "Shale, greywacke with rythmite, slate & phyllite (0598), Palaeocene-Eocene",
        "LULC": "Deciduous Closed Forest",
        "Triggering": "Rainfall",
        "Year": "2023",
        "Basin": "Brahmaputra Basin",
        "Sub_Basin": "Brahmaputra Upper",
        "Source": "RESOURCESAT-2, 2A, 10m CARTODEM, NGLM 50k(2011-2012), Lithology-GSI 50k(2011), SISDP-P2-LULC 10k(2018-2023) & India-WRIS"
      }
    },
    {
      "type": "Feature",
      "id": "LS_NAGALAND_2023.208",
      "geometry": {
        "type": "MultiPolygon",
        "coordinates": [
          [
            [
              [
                94.35273358,
                26.00826864
              ],
              [
                94.35273358,
                26.00886226
              ],
              [
                94.35315673,
                26.00886226
              ],
              [
                94.35315673,
                26.00826864
              ],
              [
                94.35273358,
                26.00826864
              ]
            ]
          ]
        ]
      },
      "geometry_name": "the_geom",
      "properties": {
        "Slide_No": "NL/WO/83J8/2023/23",
        "State": "NAGALAND",
        "District": "WOKHA",
        "Topo_No": "83J8",
        "Latitude": 26.0086,
        "Longitude": 94.353,
        "Length_m": 70.936,
        "Width_m": 20,
        "Height_m": 39.1477966309,
        "Area_Sqm": 1000.97,
        "Activity": "Active",
        "Geomorpho": "Structural Origin - Moderately Dissected Hills and Valleys (Smdhv)",
        "Lithology": "Shale, greywacke with rythmite, slate & phyllite (0598), Palaeocene-Eocene",
        "LULC": "Deciduous Closed Forest",
        "Triggering": "Rainfall",
        "Year": "2023",
        "Basin": "Brahmaputra Basin",
        "Sub_Basin": "Brahmaputra Upper",
        "Source": "RESOURCESAT-2, 2A, 10m CARTODEM, NGLM 50k(2011-2012), Lithology-GSI 50k(2011), SISDP-P2-LULC 10k(2018-2023) & India-WRIS"
      }
    },
    {
      "type": "Feature",
      "id": "LS_NAGALAND_2023.209",
      "geometry": {
        "type": "MultiPolygon",
        "coordinates": [
          [
            [
              [
                94.48315754,
                26.04551264
              ],
              [
                94.48315754,
                26.04574741
              ],
              [
                94.48369097,
                26.04574741
              ],
              [
                94.48369097,
                26.04551264
              ],
              [
                94.48315754,
                26.04551264
              ]
            ]
          ]
        ]
      },
      "geometry_name": "the_geom",
      "properties": {
        "Slide_No": "NL/ZU/83J8/2023/24",
        "State": "NAGALAND",
        "District": "ZUNHEBOTO",
        "Topo_No": "83J8",
        "Latitude": 26.0456,
        "Longitude": 94.4834,
        "Length_m": 53.797,
        "Width_m": 23.489,
        "Height_m": 33.325317,
        "Area_Sqm": 963.806,
        "Activity": "Reactivated",
        "Geomorpho": "Structural Origin - Moderately Dissected Hills and Valleys - Valley (Smdhv-v)",
        "Lithology": "Shale, siltstone, greywacke rhythmite & sandstone (0594), Palaeocene-Eocene",
        "LULC": "Evergreen Open Forest",
        "Triggering": "Rainfall",
        "Year": "2023",
        "Basin": "Brahmaputra Basin",
        "Sub_Basin": "Brahmaputra Upper",
        "Source": "RESOURCESAT-2, 2A, 10m CARTODEM, NGLM 50k(2011-2012), Lithology-GSI 50k(2011), SISDP-P2-LULC 10k(2018-2023) & India-WRIS"
      }
    },
    {
      "type": "Feature",
      "id": "LS_NAGALAND_2023.212",
      "geometry": {
        "type": "MultiPolygon",
        "coordinates": [
          [
            [
              [
                94.61541837,
                25.97575491
              ],
              [
                94.61541837,
                25.97624082
              ],
              [
                94.61579194,
                25.97624082
              ],
              [
                94.61579194,
                25.97575491
              ],
              [
                94.61541837,
                25.97575491
              ]
            ]
          ]
        ]
      },
      "geometry_name": "the_geom",
      "properties": {
        "Slide_No": "NL/ZU/83K9/2023/4",
        "State": "NAGALAND",
        "District": "ZUNHEBOTO",
        "Topo_No": "83K9",
        "Latitude": 25.976,
        "Longitude": 94.6156,
        "Length_m": 53.406,
        "Width_m": 35.133,
        "Height_m": 24.6795654297,
        "Area_Sqm": 1197.96,
        "Activity": "Active",
        "Geomorpho": "Structural Origin - Highly Dissected Hills and Valleys (Shdhv)",
        "Lithology": "Flaggy sandstone with subordinate shale (Barail Group) 0541), Eocene-Oligocene",
        "LULC": "Evergreen Open Forest",
        "Triggering": "Rainfall",
        "Year": "2023",
        "Basin": "Minor rivers draining into Myanmar Basin",
        "Sub_Basin": "Imphal and others",
        "Source": "RESOURCESAT-2, 2A, 10m CARTODEM, NGLM 50k(2011-2012), Lithology-GSI 50k(2011), SISDP-P2-LULC 10k(2018-2023) & India-WRIS"
      }
    },
    {
      "type": "Feature",
      "id": "LS_NAGALAND_2023.233",
      "geometry": {
        "type": "MultiPolygon",
        "coordinates": [
          [
            [
              [
                94.7580963,
                26.1029063
              ],
              [
                94.7580963,
                26.10315929
              ],
              [
                94.75830088,
                26.10315929
              ],
              [
                94.75830088,
                26.1029063
              ],
              [
                94.7580963,
                26.1029063
              ]
            ]
          ]
        ]
      },
      "geometry_name": "the_geom",
      "properties": {
        "Slide_No": "NL/SHA/83J16/2023/1",
        "State": "NAGALAND",
        "District": "SHAMATOR",
        "Topo_No": "83J16",
        "Latitude": 26.103,
        "Longitude": 94.7582,
        "Length_m": 26.814,
        "Width_m": 19.876,
        "Height_m": 5.57263183594,
        "Area_Sqm": 394.72,
        "Activity": "Active",
        "Geomorpho": "Structural Origin - Highly Dissected Hills and Valleys (Shdhv)",
        "Lithology": "Shale, siltstone, greywacke rhythmite & sandstone (0594), Palaeocene-Eocene",
        "LULC": "Others - Shifting Cultivation",
        "Triggering": "Rainfall",
        "Year": "2023",
        "Basin": "Minor rivers draining into Myanmar Basin",
        "Sub_Basin": "Imphal and others",
        "Source": "RESOURCESAT-2, 2A, 10m CARTODEM, NGLM 50k(2011-2012), Lithology-GSI 50k(2011), SISDP-P2-LULC 10k(2018-2023) & India-WRIS"
      }
    },
    {
      "type": "Feature",
      "id": "LS_NAGALAND_2023.234",
      "geometry": {
        "type": "MultiPolygon",
        "coordinates": [
          [
            [
              [
                94.96297727,
                26.09684508
              ],
              [
                94.96297727,
                26.097167
              ],
              [
                94.96330772,
                26.097167
              ],
              [
                94.96330772,
                26.09684508
              ],
              [
                94.96297727,
                26.09684508
              ]
            ]
          ]
        ]
      },
      "geometry_name": "the_geom",
      "properties": {
        "Slide_No": "NL/NOK/83J16/2023/2",
        "State": "NAGALAND",
        "District": "NOKLAK",
        "Topo_No": "83J16",
        "Latitude": 26.097,
        "Longitude": 94.9631,
        "Length_m": 40.997,
        "Width_m": 22.596,
        "Height_m": 10.326904,
        "Area_Sqm": 727.158,
        "Activity": "Active",
        "Geomorpho": "Structural Origin - Moderately Dissected Hills and Valleys - Valley (Smdhv-v)",
        "Lithology": "Shale, greywacke with rythmite, slate & phyllite (0598), Palaeocene-Eocene",
        "LULC": "Wasteland - Dense Scrub Land",
        "Triggering": "Rainfall",
        "Year": "2023",
        "Basin": "Minor rivers draining into Myanmar Basin",
        "Sub_Basin": "Imphal and others",
        "Source": "RESOURCESAT-2, 2A, 10m CARTODEM, NGLM 50k(2011-2012), Lithology-GSI 50k(2011), SISDP-P2-LULC 10k(2018-2023) & India-WRIS"
      }
    },
    {
      "type": "Feature",
      "id": "LS_NAGALAND_2023.235",
      "geometry": {
        "type": "MultiPolygon",
        "coordinates": [
          [
            [
              [
                94.84503617,
                26.09295124
              ],
              [
                94.84503617,
                26.09352031
              ],
              [
                94.84600634,
                26.09352031
              ],
              [
                94.84600634,
                26.09295124
              ],
              [
                94.84503617,
                26.09295124
              ]
            ]
          ]
        ]
      },
      "geometry_name": "the_geom",
      "properties": {
        "Slide_No": "NL/SHA/83J16/2023/3",
        "State": "NAGALAND",
        "District": "SHAMATOR",
        "Topo_No": "83J16",
        "Latitude": 26.0933,
        "Longitude": 94.8456,
        "Length_m": 110.915,
        "Width_m": 23.464,
        "Height_m": 71.025390625,
        "Area_Sqm": 1756.34,
        "Activity": "Active",
        "Geomorpho": "Structural Origin - Highly Dissected Hills and Valleys (Shdhv)",
        "Lithology": "Flaggy sandstone with subordinate shale (Barail Group) 0541), Eocene-Oligocene",
        "LULC": "Others - Shifting Cultivation",
        "Triggering": "Rainfall",
        "Year": "2023",
        "Basin": "Minor rivers draining into Myanmar Basin",
        "Sub_Basin": "Imphal and others",
        "Source": "RESOURCESAT-2, 2A, 10m CARTODEM, NGLM 50k(2011-2012), Lithology-GSI 50k(2011), SISDP-P2-LULC 10k(2018-2023) & India-WRIS"
      }
    },
    {
      "type": "Feature",
      "id": "LS_NAGALAND_2023.236",
      "geometry": {
        "type": "MultiPolygon",
        "coordinates": [
          [
            [
              [
                94.86970756,
                26.07958438
              ],
              [
                94.86970756,
                26.0800891
              ],
              [
                94.87037403,
                26.0800891
              ],
              [
                94.87037403,
                26.07958438
              ],
              [
                94.86970756,
                26.07958438
              ]
            ]
          ]
        ]
      },
      "geometry_name": "the_geom",
      "properties": {
        "Slide_No": "NL/SHA/83J16/2023/4",
        "State": "NAGALAND",
        "District": "SHAMATOR",
        "Topo_No": "83J16",
        "Latitude": 26.0798,
        "Longitude": 94.8701,
        "Length_m": 72.224,
        "Width_m": 39.985,
        "Height_m": 31.2230224609,
        "Area_Sqm": 1798.96,
        "Activity": "Active",
        "Geomorpho": "Structural Origin - Highly Dissected Hills and Valleys (Shdhv)",
        "Lithology": "Sandstone, shale, clay and carbonaceous shale (Barail Group) 0534), Eocene-Oligocene",
        "LULC": "Built Up - Peri Urban",
        "Triggering": "Rainfall",
        "Year": "2023",
        "Basin": "Minor rivers draining into Myanmar Basin",
        "Sub_Basin": "Imphal and others",
        "Source": "RESOURCESAT-2, 2A, 10m CARTODEM, NGLM 50k(2011-2012), Lithology-GSI 50k(2011), SISDP-P2-LULC 10k(2018-2023) & India-WRIS"
      }
    },
    {
      "type": "Feature",
      "id": "LS_NAGALAND_2023.237",
      "geometry": {
        "type": "MultiPolygon",
        "coordinates": [
          [
            [
              [
                94.44298476,
                26.03012235
              ],
              [
                94.44298476,
                26.03026575
              ],
              [
                94.44313422,
                26.03026575
              ],
              [
                94.44313422,
                26.03012235
              ],
              [
                94.44298476,
                26.03012235
              ]
            ]
          ]
        ]
      },
      "geometry_name": "the_geom",
      "properties": {
        "Slide_No": "NL/ZU/83J8/2023/25",
        "State": "NAGALAND",
        "District": "ZUNHEBOTO",
        "Topo_No": "83J8",
        "Latitude": 26.0302,
        "Longitude": 94.443,
        "Length_m": 15.587,
        "Width_m": 15.211,
        "Height_m": 12.40979,
        "Area_Sqm": 159.783,
        "Activity": "Active",
        "Geomorpho": "Structural Origin - Moderately Dissected Hills and Valleys (Smdhv)",
        "Lithology": "Shale, siltstone, greywacke rhythmite & sandstone (0594), Palaeocene-Eocene",
        "LULC": "Evergreen Open Forest",
        "Triggering": "Rainfall",
        "Year": "2023",
        "Basin": "Brahmaputra Basin",
        "Sub_Basin": "Brahmaputra Upper",
        "Source": "RESOURCESAT-2, 2A, 10m CARTODEM, NGLM 50k(2011-2012), Lithology-GSI 50k(2011), SISDP-P2-LULC 10k(2018-2023) & India-WRIS"
      }
    },
    {
      "type": "Feature",
      "id": "LS_NAGALAND_2023.238",
      "geometry": {
        "type": "MultiPolygon",
        "coordinates": [
          [
            [
              [
                94.44244514,
                26.01554065
              ],
              [
                94.44244514,
                26.0157151
              ],
              [
                94.44259516,
                26.0157151
              ],
              [
                94.44259516,
                26.01554065
              ],
              [
                94.44244514,
                26.01554065
              ]
            ]
          ]
        ]
      },
      "geometry_name": "the_geom",
      "properties": {
        "Slide_No": "NL/ZU/83J8/2023/26",
        "State": "NAGALAND",
        "District": "ZUNHEBOTO",
        "Topo_No": "83J8",
        "Latitude": 26.0156,
        "Longitude": 94.4425,
        "Length_m": 21.902,
        "Width_m": 10.816,
        "Height_m": 9.057983,
        "Area_Sqm": 143.572,
        "Activity": "Active",
        "Geomorpho": "Structural Origin - Highly Dissected Hills and Valleys (Shdhv)",
        "Lithology": "Shale, siltstone, greywacke rhythmite & sandstone (0594), Palaeocene-Eocene",
        "LULC": "Evergreen Open Forest",
        "Triggering": "Rainfall",
        "Year": "2023",
        "Basin": "Brahmaputra Basin",
        "Sub_Basin": "Brahmaputra Upper",
        "Source": "RESOURCESAT-2, 2A, 10m CARTODEM, NGLM 50k(2011-2012), Lithology-GSI 50k(2011), SISDP-P2-LULC 10k(2018-2023) & India-WRIS"
      }
    },
    {
      "type": "Feature",
      "id": "LS_NAGALAND_2023.252",
      "geometry": {
        "type": "MultiPolygon",
        "coordinates": [
          [
            [
              [
                94.34408289,
                26.01675321
              ],
              [
                94.34408289,
                26.01693447
              ],
              [
                94.34423249,
                26.01693447
              ],
              [
                94.34423249,
                26.01675321
              ],
              [
                94.34408289,
                26.01675321
              ]
            ]
          ]
        ]
      },
      "geometry_name": "the_geom",
      "properties": {
        "Slide_No": "NL/WO/83J8/2023/27",
        "State": "NAGALAND",
        "District": "WOKHA",
        "Topo_No": "83J8",
        "Latitude": 26.0168,
        "Longitude": 94.3442,
        "Length_m": 19.85,
        "Width_m": 14.694,
        "Height_m": 5.00335693359,
        "Area_Sqm": 228.605,
        "Activity": "Active",
        "Geomorpho": "Structural Origin - Moderately Dissected Hills and Valleys (Smdhv)",
        "Lithology": "Shale, greywacke with rythmite, slate & phyllite (0598), Palaeocene-Eocene",
        "LULC": "Others - Shifting Cultivation",
        "Triggering": "Rainfall",
        "Year": "2023",
        "Basin": "Brahmaputra Basin",
        "Sub_Basin": "Brahmaputra Upper",
        "Source": "RESOURCESAT-2, 2A, 10m CARTODEM, NGLM 50k(2011-2012), Lithology-GSI 50k(2011), SISDP-P2-LULC 10k(2018-2023) & India-WRIS"
      }
    },
    {
      "type": "Feature",
      "id": "LS_NAGALAND_2023.253",
      "geometry": {
        "type": "MultiPolygon",
        "coordinates": [
          [
            [
              [
                94.34170903,
                26.01663395
              ],
              [
                94.34170903,
                26.01685541
              ],
              [
                94.34181668,
                26.01685541
              ],
              [
                94.34181668,
                26.01663395
              ],
              [
                94.34170903,
                26.01663395
              ]
            ]
          ]
        ]
      },
      "geometry_name": "the_geom",
      "properties": {
        "Slide_No": "NL/WO/83J8/2023/28",
        "State": "NAGALAND",
        "District": "WOKHA",
        "Topo_No": "83J8",
        "Latitude": 26.0167,
        "Longitude": 94.3418,
        "Length_m": 24.483,
        "Width_m": 10.772,
        "Height_m": 9.790344,
        "Area_Sqm": 213.202,
        "Activity": "Active",
        "Geomorpho": "Structural Origin - Moderately Dissected Hills and Valleys - Valley (Smdhv-v)",
        "Lithology": "Shale, greywacke with rythmite, slate & phyllite (0598), Palaeocene-Eocene",
        "LULC": "Others - Shifting Cultivation",
        "Triggering": "Rainfall",
        "Year": "2023",
        "Basin": "Brahmaputra Basin",
        "Sub_Basin": "Brahmaputra Upper",
        "Source": "RESOURCESAT-2, 2A, 10m CARTODEM, NGLM 50k(2011-2012), Lithology-GSI 50k(2011), SISDP-P2-LULC 10k(2018-2023) & India-WRIS"
      }
    },
    {
      "type": "Feature",
      "id": "LS_NAGALAND_2023.266",
      "geometry": {
        "type": "MultiPolygon",
        "coordinates": [
          [
            [
              [
                94.87853923,
                26.04660611
              ],
              [
                94.87853923,
                26.04691064
              ],
              [
                94.87892834,
                26.04691064
              ],
              [
                94.87892834,
                26.04660611
              ],
              [
                94.87853923,
                26.04660611
              ]
            ]
          ]
        ]
      },
      "geometry_name": "the_geom",
      "properties": {
        "Slide_No": "NL/SHA/83J16/2023/5",
        "State": "NAGALAND",
        "District": "SHAMATOR",
        "Topo_No": "83J16",
        "Latitude": 26.0468,
        "Longitude": 94.8787,
        "Length_m": 39.097,
        "Width_m": 25.946,
        "Height_m": 12.4627685547,
        "Area_Sqm": 733.046,
        "Activity": "Active",
        "Geomorpho": "Structural Origin - Moderately Dissected Hills and Valleys (Smdhv)",
        "Lithology": "Flaggy sandstone and interbedded shale & sandstone (Barail Group) 0547), Eocene-Oligocene",
        "LULC": "Evergreen Open Forest",
        "Triggering": "Rainfall",
        "Year": "2023",
        "Basin": "Minor rivers draining into Myanmar Basin",
        "Sub_Basin": "Imphal and others",
        "Source": "RESOURCESAT-2, 2A, 10m CARTODEM, NGLM 50k(2011-2012), Lithology-GSI 50k(2011), SISDP-P2-LULC 10k(2018-2023) & India-WRIS"
      }
    },
    {
      "type": "Feature",
      "id": "LS_NAGALAND_2023.267",
      "geometry": {
        "type": "MultiPolygon",
        "coordinates": [
          [
            [
              [
                94.9164898,
                26.08133792
              ],
              [
                94.9164898,
                26.08268238
              ],
              [
                94.91780349,
                26.08268238
              ],
              [
                94.91780349,
                26.08133792
              ],
              [
                94.9164898,
                26.08133792
              ]
            ]
          ]
        ]
      },
      "geometry_name": "the_geom",
      "properties": {
        "Slide_No": "NL/NOK/83J16/2023/6",
        "State": "NAGALAND",
        "District": "NOKLAK",
        "Topo_No": "83J16",
        "Latitude": 26.0818,
        "Longitude": 94.9171,
        "Length_m": 151.972,
        "Width_m": 127.012,
        "Height_m": 109.801757812,
        "Area_Sqm": 8172.24,
        "Activity": "Reactivated",
        "Geomorpho": "Structural Origin - Moderately Dissected Hills and Valleys (Smdhv)",
        "Lithology": "Shale, greywacke with rythmite, slate & phyllite (0598), Palaeocene-Eocene",
        "LULC": "Others - Shifting Cultivation",
        "Triggering": "Rainfall",
        "Year": "2023",
        "Basin": "Minor rivers draining into Myanmar Basin",
        "Sub_Basin": "Imphal and others",
        "Source": "RESOURCESAT-2, 2A, 10m CARTODEM, NGLM 50k(2011-2012), Lithology-GSI 50k(2011), SISDP-P2-LULC 10k(2018-2023) & India-WRIS"
      }
    },
    {
      "type": "Feature",
      "id": "LS_NAGALAND_2023.268",
      "geometry": {
        "type": "MultiPolygon",
        "coordinates": [
          [
            [
              [
                94.88861454,
                26.0979158
              ],
              [
                94.88861454,
                26.09813383
              ],
              [
                94.88883848,
                26.09813383
              ],
              [
                94.88883848,
                26.0979158
              ],
              [
                94.88861454,
                26.0979158
              ]
            ]
          ]
        ]
      },
      "geometry_name": "the_geom",
      "properties": {
        "Slide_No": "NL/SHA/83J16/2023/7",
        "State": "NAGALAND",
        "District": "SHAMATOR",
        "Topo_No": "83J16",
        "Latitude": 26.098,
        "Longitude": 94.8887,
        "Length_m": 24.848,
        "Width_m": 15.464,
        "Height_m": 7.36938476562,
        "Area_Sqm": 268.821,
        "Activity": "Active",
        "Geomorpho": "Structural Origin - Highly Dissected Hills and Valleys (Shdhv)",
        "Lithology": "Sandstone, shale, clay and carbonaceous shale (Barail Group) 0534), Eocene-Oligocene",
        "LULC": "Evergreen Open Forest",
        "Triggering": "Rainfall",
        "Year": "2023",
        "Basin": "Minor rivers draining into Myanmar Basin",
        "Sub_Basin": "Imphal and others",
        "Source": "RESOURCESAT-2, 2A, 10m CARTODEM, NGLM 50k(2011-2012), Lithology-GSI 50k(2011), SISDP-P2-LULC 10k(2018-2023) & India-WRIS"
      }
    },
    {
      "type": "Feature",
      "id": "LS_NAGALAND_2023.270",
      "geometry": {
        "type": "MultiPolygon",
        "coordinates": [
          [
            [
              [
                94.74195603,
                26.01614039
              ],
              [
                94.74195603,
                26.01736568
              ],
              [
                94.74239293,
                26.01736568
              ],
              [
                94.74239293,
                26.01614039
              ],
              [
                94.74195603,
                26.01614039
              ]
            ]
          ]
        ]
      },
      "geometry_name": "the_geom",
      "properties": {
        "Slide_No": "NL/KI/83J12/2023/5",
        "State": "NAGALAND",
        "District": "KIPHIRE",
        "Topo_No": "83J12",
        "Latitude": 26.0167,
        "Longitude": 94.7421,
        "Length_m": 140.792,
        "Width_m": 21.772,
        "Height_m": 81.235596,
        "Area_Sqm": 1746.37,
        "Activity": "Active",
        "Geomorpho": "Structural Origin - Highly Dissected Hills and Valleys (Shdhv)",
        "Lithology": "Shale, greywacke with rythmite, slate & phyllite (0598), Palaeocene-Eocene",
        "LULC": "Evergreen Closed Forest",
        "Triggering": "Rainfall",
        "Year": "2023",
        "Basin": "Minor rivers draining into Myanmar Basin",
        "Sub_Basin": "Imphal and others",
        "Source": "RESOURCESAT-2, 2A, 10m CARTODEM, NGLM 50k(2011-2012), Lithology-GSI 50k(2011), SISDP-P2-LULC 10k(2018-2023) & India-WRIS"
      }
    },
    {
      "type": "Feature",
      "id": "LS_NAGALAND_2023.271",
      "geometry": {
        "type": "MultiPolygon",
        "coordinates": [
          [
            [
              [
                94.68790438,
                26.01314475
              ],
              [
                94.68790438,
                26.01374847
              ],
              [
                94.68858086,
                26.01374847
              ],
              [
                94.68858086,
                26.01314475
              ],
              [
                94.68790438,
                26.01314475
              ]
            ]
          ]
        ]
      },
      "geometry_name": "the_geom",
      "properties": {
        "Slide_No": "NL/KI/83J12/2023/6",
        "State": "NAGALAND",
        "District": "KIPHIRE",
        "Topo_No": "83J12",
        "Latitude": 26.0135,
        "Longitude": 94.6882,
        "Length_m": 85.339,
        "Width_m": 48.95,
        "Height_m": 65.04248,
        "Area_Sqm": 2799.56,
        "Activity": "Reactivated",
        "Geomorpho": "Structural Origin - Highly Dissected Hills and Valleys (Shdhv)",
        "Lithology": "Flaggy sandstone with subordinate shale (Barail Group) 0541), Eocene-Oligocene",
        "LULC": "Others - Shifting Cultivation",
        "Triggering": "Rainfall",
        "Year": "2023",
        "Basin": "Minor rivers draining into Myanmar Basin",
        "Sub_Basin": "Imphal and others",
        "Source": "RESOURCESAT-2, 2A, 10m CARTODEM, NGLM 50k(2011-2012), Lithology-GSI 50k(2011), SISDP-P2-LULC 10k(2018-2023) & India-WRIS"
      }
    },
    {
      "type": "Feature",
      "id": "LS_NAGALAND_2023.272",
      "geometry": {
        "type": "MultiPolygon",
        "coordinates": [
          [
            [
              [
                94.8002813,
                25.95077451
              ],
              [
                94.8002813,
                25.9510004
              ],
              [
                94.80058179,
                25.9510004
              ],
              [
                94.80058179,
                25.95077451
              ],
              [
                94.8002813,
                25.95077451
              ]
            ]
          ]
        ]
      },
      "geometry_name": "the_geom",
      "properties": {
        "Slide_No": "NL/SHA/83K13/2023/10",
        "State": "NAGALAND",
        "District": "SHAMATOR",
        "Topo_No": "83K13",
        "Latitude": 25.9509,
        "Longitude": 94.8004,
        "Length_m": 30.458,
        "Width_m": 22.553,
        "Height_m": 5.18322753906,
        "Area_Sqm": 550.455,
        "Activity": "Active",
        "Geomorpho": "Structural Origin - Moderately Dissected Hills and Valleys (Smdhv)",
        "Lithology": "Shale, siltstone, greywacke rhythmite & sandstone (0594), Palaeocene-Eocene",
        "LULC": "Evergreen Open Forest",
        "Triggering": "Rainfall",
        "Year": "2023",
        "Basin": "Minor rivers draining into Myanmar Basin",
        "Sub_Basin": "Imphal and others",
        "Source": "RESOURCESAT-2, 2A, 10m CARTODEM, NGLM 50k(2011-2012), Lithology-GSI 50k(2011), SISDP-P2-LULC 10k(2018-2023) & India-WRIS"
      }
    },
    {
      "type": "Feature",
      "id": "LS_NAGALAND_2023.273",
      "geometry": {
        "type": "MultiPolygon",
        "coordinates": [
          [
            [
              [
                94.87675409,
                26.03221046
              ],
              [
                94.87675409,
                26.03247365
              ],
              [
                94.87721181,
                26.03247365
              ],
              [
                94.87721181,
                26.03221046
              ],
              [
                94.87675409,
                26.03221046
              ]
            ]
          ]
        ]
      },
      "geometry_name": "the_geom",
      "properties": {
        "Slide_No": "NL/SHA/83J16/2023/8",
        "State": "NAGALAND",
        "District": "SHAMATOR",
        "Topo_No": "83J16",
        "Latitude": 26.0323,
        "Longitude": 94.877,
        "Length_m": 45.83,
        "Width_m": 27.426,
        "Height_m": 16.386414,
        "Area_Sqm": 953.377,
        "Activity": "Active",
        "Geomorpho": "Structural Origin - Moderately Dissected Hills and Valleys (Smdhv)",
        "Lithology": "Shale, greywacke with rythmite, slate & phyllite (0598), Palaeocene-Eocene",
        "LULC": "Evergreen Open Forest",
        "Triggering": "Rainfall",
        "Year": "2023",
        "Basin": "Minor rivers draining into Myanmar Basin",
        "Sub_Basin": "Imphal and others",
        "Source": "RESOURCESAT-2, 2A, 10m CARTODEM, NGLM 50k(2011-2012), Lithology-GSI 50k(2011), SISDP-P2-LULC 10k(2018-2023) & India-WRIS"
      }
    },
    {
      "type": "Feature",
      "id": "LS_NAGALAND_2023.274",
      "geometry": {
        "type": "MultiPolygon",
        "coordinates": [
          [
            [
              [
                94.81161702,
                26.07392189
              ],
              [
                94.81161702,
                26.07409497
              ],
              [
                94.81182032,
                26.07409497
              ],
              [
                94.81182032,
                26.07392189
              ],
              [
                94.81161702,
                26.07392189
              ]
            ]
          ]
        ]
      },
      "geometry_name": "the_geom",
      "properties": {
        "Slide_No": "NL/SHA/83J16/2023/9",
        "State": "NAGALAND",
        "District": "SHAMATOR",
        "Topo_No": "83J16",
        "Latitude": 26.074,
        "Longitude": 94.8117,
        "Length_m": 21.268,
        "Width_m": 17.55,
        "Height_m": 6.05810546875,
        "Area_Sqm": 298.005,
        "Activity": "Active",
        "Geomorpho": "Structural Origin - Highly Dissected Hills and Valleys (Shdhv)",
        "Lithology": "Flaggy sandstone with subordinate shale (Barail Group) 0541), Eocene-Oligocene",
        "LULC": "Evergreen Open Forest",
        "Triggering": "Rainfall",
        "Year": "2023",
        "Basin": "Minor rivers draining into Myanmar Basin",
        "Sub_Basin": "Imphal and others",
        "Source": "RESOURCESAT-2, 2A, 10m CARTODEM, NGLM 50k(2011-2012), Lithology-GSI 50k(2011), SISDP-P2-LULC 10k(2018-2023) & India-WRIS"
      }
    },
    {
      "type": "Feature",
      "id": "LS_NAGALAND_2023.275",
      "geometry": {
        "type": "MultiPolygon",
        "coordinates": [
          [
            [
              [
                94.83653775,
                26.05171143
              ],
              [
                94.83653775,
                26.05211146
              ],
              [
                94.83683436,
                26.05211146
              ],
              [
                94.83683436,
                26.05171143
              ],
              [
                94.83653775,
                26.05171143
              ]
            ]
          ]
        ]
      },
      "geometry_name": "the_geom",
      "properties": {
        "Slide_No": "NL/SHA/83J16/2023/10",
        "State": "NAGALAND",
        "District": "SHAMATOR",
        "Topo_No": "83J16",
        "Latitude": 26.0519,
        "Longitude": 94.8367,
        "Length_m": 42.116,
        "Width_m": 27.81,
        "Height_m": 15.497437,
        "Area_Sqm": 855.523,
        "Activity": "Active",
        "Geomorpho": "Structural Origin - Moderately Dissected Hills and Valleys - Valley (Smdhv-v)",
        "Lithology": "Sandstone, shale, clay and carbonaceous shale (Barail Group) 0534), Eocene-Oligocene",
        "LULC": "Others - Shifting Cultivation",
        "Triggering": "Rainfall",
        "Year": "2023",
        "Basin": "Minor rivers draining into Myanmar Basin",
        "Sub_Basin": "Imphal and others",
        "Source": "RESOURCESAT-2, 2A, 10m CARTODEM, NGLM 50k(2011-2012), Lithology-GSI 50k(2011), SISDP-P2-LULC 10k(2018-2023) & India-WRIS"
      }
    },
    {
      "type": "Feature",
      "id": "LS_NAGALAND_2023.276",
      "geometry": {
        "type": "MultiPolygon",
        "coordinates": [
          [
            [
              [
                94.94503541,
                25.95217609
              ],
              [
                94.94503541,
                25.95240364
              ],
              [
                94.945446,
                25.95240364
              ],
              [
                94.945446,
                25.95217609
              ],
              [
                94.94503541,
                25.95217609
              ]
            ]
          ]
        ]
      },
      "geometry_name": "the_geom",
      "properties": {
        "Slide_No": "NL/NOK/83K13/2023/11",
        "State": "NAGALAND",
        "District": "NOKLAK",
        "Topo_No": "83K13",
        "Latitude": 25.9523,
        "Longitude": 94.9452,
        "Length_m": 41.039,
        "Width_m": 23.627,
        "Height_m": 27.289856,
        "Area_Sqm": 876.614,
        "Activity": "Active",
        "Geomorpho": "Structural Origin - Moderately Dissected Hills and Valleys - Valley (Smdhv-v)",
        "Lithology": "Shale, greywacke with rythmite, slate & phyllite (0598), Palaeocene-Eocene",
        "LULC": "Evergreen Open Forest",
        "Triggering": "Rainfall",
        "Year": "2023",
        "Basin": "Minor rivers draining into Myanmar Basin",
        "Sub_Basin": "Imphal and others",
        "Source": "RESOURCESAT-2, 2A, 10m CARTODEM, NGLM 50k(2011-2012), Lithology-GSI 50k(2011), SISDP-P2-LULC 10k(2018-2023) & India-WRIS"
      }
    },
    {
      "type": "Feature",
      "id": "LS_NAGALAND_2023.277",
      "geometry": {
        "type": "MultiPolygon",
        "coordinates": [
          [
            [
              [
                94.94791073,
                25.97276926
              ],
              [
                94.94791073,
                25.97316784
              ],
              [
                94.94856676,
                25.97316784
              ],
              [
                94.94856676,
                25.97276926
              ],
              [
                94.94791073,
                25.97276926
              ]
            ]
          ]
        ]
      },
      "geometry_name": "the_geom",
      "properties": {
        "Slide_No": "NL/NOK/83K13/2023/12",
        "State": "NAGALAND",
        "District": "NOKLAK",
        "Topo_No": "83K13",
        "Latitude": 25.973,
        "Longitude": 94.9482,
        "Length_m": 73.568,
        "Width_m": 22.523,
        "Height_m": 27.3059082031,
        "Area_Sqm": 1144.03,
        "Activity": "Active",
        "Geomorpho": "Structural Origin - Moderately Dissected Hills and Valleys (Smdhv)",
        "Lithology": "Shale, greywacke with rythmite, slate & phyllite (0598), Palaeocene-Eocene",
        "LULC": "Evergreen Open Forest",
        "Triggering": "Rainfall",
        "Year": "2023",
        "Basin": "Minor rivers draining into Myanmar Basin",
        "Sub_Basin": "Imphal and others",
        "Source": "RESOURCESAT-2, 2A, 10m CARTODEM, NGLM 50k(2011-2012), Lithology-GSI 50k(2011), SISDP-P2-LULC 10k(2018-2023) & India-WRIS"
      }
    },
    {
      "type": "Feature",
      "id": "LS_NAGALAND_2023.278",
      "geometry": {
        "type": "MultiPolygon",
        "coordinates": [
          [
            [
              [
                94.93852495,
                26.01421309
              ],
              [
                94.93852495,
                26.01483172
              ],
              [
                94.93871019,
                26.01483172
              ],
              [
                94.93871019,
                26.01421309
              ],
              [
                94.93852495,
                26.01421309
              ]
            ]
          ]
        ]
      },
      "geometry_name": "the_geom",
      "properties": {
        "Slide_No": "NL/NOK/83J16/2023/11",
        "State": "NAGALAND",
        "District": "NOKLAK",
        "Topo_No": "83J16",
        "Latitude": 26.0145,
        "Longitude": 94.9386,
        "Length_m": 68.699,
        "Width_m": 17.558,
        "Height_m": 56.8797607422,
        "Area_Sqm": 914.412,
        "Activity": "Active",
        "Geomorpho": "Structural Origin - Moderately Dissected Hills and Valleys (Smdhv)",
        "Lithology": "Shale, greywacke with rythmite, slate & phyllite (0598), Palaeocene-Eocene",
        "LULC": "Others - Shifting Cultivation",
        "Triggering": "Rainfall",
        "Year": "2023",
        "Basin": "Minor rivers draining into Myanmar Basin",
        "Sub_Basin": "Imphal and others",
        "Source": "RESOURCESAT-2, 2A, 10m CARTODEM, NGLM 50k(2011-2012), Lithology-GSI 50k(2011), SISDP-P2-LULC 10k(2018-2023) & India-WRIS"
      }
    },
    {
      "type": "Feature",
      "id": "LS_NAGALAND_2023.280",
      "geometry": {
        "type": "MultiPolygon",
        "coordinates": [
          [
            [
              [
                94.85626598,
                26.05315164
              ],
              [
                94.85626598,
                26.05335984
              ],
              [
                94.85645097,
                26.05335984
              ],
              [
                94.85645097,
                26.05315164
              ],
              [
                94.85626598,
                26.05315164
              ]
            ]
          ]
        ]
      },
      "geometry_name": "the_geom",
      "properties": {
        "Slide_No": "NL/SHA/83J16/2023/12",
        "State": "NAGALAND",
        "District": "SHAMATOR",
        "Topo_No": "83J16",
        "Latitude": 26.0533,
        "Longitude": 94.8564,
        "Length_m": 24.678,
        "Width_m": 14.013,
        "Height_m": 9.26623535156,
        "Area_Sqm": 276.016,
        "Activity": "Active",
        "Geomorpho": "Structural Origin - Moderately Dissected Hills and Valleys - Valley (Smdhv-v)",
        "Lithology": "Shale, greywacke with rythmite, slate & phyllite (0598), Palaeocene-Eocene",
        "LULC": "Semi- Evergreen Open Forest",
        "Triggering": "Rainfall",
        "Year": "2023",
        "Basin": "Minor rivers draining into Myanmar Basin",
        "Sub_Basin": "Imphal and others",
        "Source": "RESOURCESAT-2, 2A, 10m CARTODEM, NGLM 50k(2011-2012), Lithology-GSI 50k(2011), SISDP-P2-LULC 10k(2018-2023) & India-WRIS"
      }
    },
    {
      "type": "Feature",
      "id": "LS_NAGALAND_2023.281",
      "geometry": {
        "type": "MultiPolygon",
        "coordinates": [
          [
            [
              [
                94.97769934,
                26.07550882
              ],
              [
                94.97769934,
                26.07573656
              ],
              [
                94.97825239,
                26.07573656
              ],
              [
                94.97825239,
                26.07550882
              ],
              [
                94.97769934,
                26.07550882
              ]
            ]
          ]
        ]
      },
      "geometry_name": "the_geom",
      "properties": {
        "Slide_No": "NL/NOK/83J16/2023/13",
        "State": "NAGALAND",
        "District": "NOKLAK",
        "Topo_No": "83J16",
        "Latitude": 26.0756,
        "Longitude": 94.978,
        "Length_m": 58.666,
        "Width_m": 15.489,
        "Height_m": 28.6467285156,
        "Area_Sqm": 635.338,
        "Activity": "Active",
        "Geomorpho": "Structural Origin - Moderately Dissected Hills and Valleys (Smdhv)",
        "Lithology": "Flaggy sandstone with subordinate shale (Barail Group) 0541), Eocene-Oligocene",
        "LULC": "Others - Shifting Cultivation",
        "Triggering": "Rainfall",
        "Year": "2023",
        "Basin": "Minor rivers draining into Myanmar Basin",
        "Sub_Basin": "Imphal and others",
        "Source": "RESOURCESAT-2, 2A, 10m CARTODEM, NGLM 50k(2011-2012), Lithology-GSI 50k(2011), SISDP-P2-LULC 10k(2018-2023) & India-WRIS"
      }
    },
    {
      "type": "Feature",
      "id": "LS_NAGALAND_2023.293",
      "geometry": {
        "type": "MultiPolygon",
        "coordinates": [
          [
            [
              [
                94.35319757,
                26.11339593
              ],
              [
                94.35319757,
                26.11353162
              ],
              [
                94.35328242,
                26.11353162
              ],
              [
                94.35328242,
                26.11339593
              ],
              [
                94.35319757,
                26.11339593
              ]
            ]
          ]
        ]
      },
      "geometry_name": "the_geom",
      "properties": {
        "Slide_No": "NL/WO/83J8/2023/29",
        "State": "NAGALAND",
        "District": "WOKHA",
        "Topo_No": "83J8",
        "Latitude": 26.1135,
        "Longitude": 94.3532,
        "Length_m": 15.101,
        "Width_m": 8.32,
        "Height_m": 5.671386,
        "Area_Sqm": 101.198,
        "Activity": "Active",
        "Geomorpho": "Structural Origin - Moderately Dissected Hills and Valleys - Valley (Smdhv-v)",
        "Lithology": "Shale, siltstone, greywacke rhythmite & sandstone (0594), Palaeocene-Eocene",
        "LULC": "Deciduous Open Forest",
        "Triggering": "Rainfall",
        "Year": "2023",
        "Basin": "Brahmaputra Basin",
        "Sub_Basin": "Brahmaputra Upper",
        "Source": "RESOURCESAT-2, 2A, 10m CARTODEM, NGLM 50k(2011-2012), Lithology-GSI 50k(2011), SISDP-P2-LULC 10k(2018-2023) & India-WRIS"
      }
    },
    {
      "type": "Feature",
      "id": "LS_NAGALAND_2023.294",
      "geometry": {
        "type": "MultiPolygon",
        "coordinates": [
          [
            [
              [
                94.55166544,
                25.99068963
              ],
              [
                94.55166544,
                25.99092095
              ],
              [
                94.55179962,
                25.99092095
              ],
              [
                94.55179962,
                25.99068963
              ],
              [
                94.55166544,
                25.99068963
              ]
            ]
          ]
        ]
      },
      "geometry_name": "the_geom",
      "properties": {
        "Slide_No": "NL/ZU/83K9/2023/23",
        "State": "NAGALAND",
        "District": "ZUNHEBOTO",
        "Topo_No": "83K9",
        "Latitude": 25.9908,
        "Longitude": 94.5517,
        "Length_m": 25.642,
        "Width_m": 12.929,
        "Height_m": 8.834106,
        "Area_Sqm": 257.872,
        "Activity": "Active",
        "Geomorpho": "Structural Origin - Moderately Dissected Hills and Valleys - Valley (Smdhv-v)",
        "Lithology": "Shale, siltstone, greywacke rhythmite & sandstone (0594), Palaeocene-Eocene",
        "LULC": "Evergreen Open Forest",
        "Triggering": "Rainfall",
        "Year": "2023",
        "Basin": "Minor rivers draining into Myanmar Basin",
        "Sub_Basin": "Imphal and others",
        "Source": "RESOURCESAT-2, 2A, 10m CARTODEM, NGLM 50k(2011-2012), Lithology-GSI 50k(2011), SISDP-P2-LULC 10k(2018-2023) & India-WRIS"
      }
    },
    {
      "type": "Feature",
      "id": "LS_NAGALAND_2023.295",
      "geometry": {
        "type": "MultiPolygon",
        "coordinates": [
          [
            [
              [
                94.55456123,
                25.97162309
              ],
              [
                94.55456123,
                25.97207098
              ],
              [
                94.55490842,
                25.97207098
              ],
              [
                94.55490842,
                25.97162309
              ],
              [
                94.55456123,
                25.97162309
              ]
            ]
          ]
        ]
      },
      "geometry_name": "the_geom",
      "properties": {
        "Slide_No": "NL/ZU/83K9/2023/24",
        "State": "NAGALAND",
        "District": "ZUNHEBOTO",
        "Topo_No": "83K9",
        "Latitude": 25.9719,
        "Longitude": 94.5547,
        "Length_m": 52.834,
        "Width_m": 25.914,
        "Height_m": 45.4049072266,
        "Area_Sqm": 877.065,
        "Activity": "Active",
        "Geomorpho": "Structural Origin - Highly Dissected Hills and Valleys (Shdhv)",
        "Lithology": "Shale, siltstone, greywacke rhythmite & sandstone (0594), Palaeocene-Eocene",
        "LULC": "Evergreen Open Forest",
        "Triggering": "Rainfall",
        "Year": "2023",
        "Basin": "Minor rivers draining into Myanmar Basin",
        "Sub_Basin": "Imphal and others",
        "Source": "RESOURCESAT-2, 2A, 10m CARTODEM, NGLM 50k(2011-2012), Lithology-GSI 50k(2011), SISDP-P2-LULC 10k(2018-2023) & India-WRIS"
      }
    },
    {
      "type": "Feature",
      "id": "LS_NAGALAND_2023.296",
      "geometry": {
        "type": "MultiPolygon",
        "coordinates": [
          [
            [
              [
                94.53268942,
                25.94501974
              ],
              [
                94.53268942,
                25.94552868
              ],
              [
                94.5330356,
                25.94552868
              ],
              [
                94.5330356,
                25.94501974
              ],
              [
                94.53268942,
                25.94501974
              ]
            ]
          ]
        ]
      },
      "geometry_name": "the_geom",
      "properties": {
        "Slide_No": "NL/ZU/83K9/2023/25",
        "State": "NAGALAND",
        "District": "ZUNHEBOTO",
        "Topo_No": "83K9",
        "Latitude": 25.9453,
        "Longitude": 94.5329,
        "Length_m": 62.562,
        "Width_m": 18.65,
        "Height_m": 8.77075195312,
        "Area_Sqm": 777.822,
        "Activity": "Active",
        "Geomorpho": "Structural Origin - Moderately Dissected Hills and Valleys - Valley (Smdhv-v)",
        "Lithology": "Shale, siltstone, greywacke rhythmite & sandstone (0594), Palaeocene-Eocene",
        "LULC": "Evergreen Open Forest",
        "Triggering": "Rainfall",
        "Year": "2023",
        "Basin": "Minor rivers draining into Myanmar Basin",
        "Sub_Basin": "Imphal and others",
        "Source": "RESOURCESAT-2, 2A, 10m CARTODEM, NGLM 50k(2011-2012), Lithology-GSI 50k(2011), SISDP-P2-LULC 10k(2018-2023) & India-WRIS"
      }
    },
    {
      "type": "Feature",
      "id": "LS_NAGALAND_2023.297",
      "geometry": {
        "type": "MultiPolygon",
        "coordinates": [
          [
            [
              [
                94.53053013,
                25.94802547
              ],
              [
                94.53053013,
                25.94829653
              ],
              [
                94.53081018,
                25.94829653
              ],
              [
                94.53081018,
                25.94802547
              ],
              [
                94.53053013,
                25.94802547
              ]
            ]
          ]
        ]
      },
      "geometry_name": "the_geom",
      "properties": {
        "Slide_No": "NL/ZU/83K9/2023/26",
        "State": "NAGALAND",
        "District": "ZUNHEBOTO",
        "Topo_No": "83K9",
        "Latitude": 25.9482,
        "Longitude": 94.5307,
        "Length_m": 34.352,
        "Width_m": 22.4,
        "Height_m": 182.841064453,
        "Area_Sqm": 508.725,
        "Activity": "Active",
        "Geomorpho": "Structural Origin - Moderately Dissected Hills and Valleys - Valley (Smdhv-v)",
        "Lithology": "Shale, siltstone, greywacke rhythmite & sandstone (0594), Palaeocene-Eocene",
        "LULC": "Evergreen Open Forest",
        "Triggering": "Rainfall",
        "Year": "2023",
        "Basin": "Minor rivers draining into Myanmar Basin",
        "Sub_Basin": "Imphal and others",
        "Source": "RESOURCESAT-2, 2A, 10m CARTODEM, NGLM 50k(2011-2012), Lithology-GSI 50k(2011), SISDP-P2-LULC 10k(2018-2023) & India-WRIS"
      }
    },
    {
      "type": "Feature",
      "id": "LS_NAGALAND_2023.306",
      "geometry": {
        "type": "MultiPolygon",
        "coordinates": [
          [
            [
              [
                94.52686039,
                25.94039305
              ],
              [
                94.52686039,
                25.94062806
              ],
              [
                94.52732888,
                25.94062806
              ],
              [
                94.52732888,
                25.94039305
              ],
              [
                94.52686039,
                25.94039305
              ]
            ]
          ]
        ]
      },
      "geometry_name": "the_geom",
      "properties": {
        "Slide_No": "NL/ZU/83K9/2023/30",
        "State": "NAGALAND",
        "District": "ZUNHEBOTO",
        "Topo_No": "83K9",
        "Latitude": 25.9405,
        "Longitude": 94.5271,
        "Length_m": 47.629,
        "Width_m": 18.967,
        "Height_m": 25.4689331055,
        "Area_Sqm": 615.86,
        "Activity": "Active",
        "Geomorpho": "Structural Origin - Highly Dissected Hills and Valleys (Shdhv)",
        "Lithology": "Shale, siltstone, greywacke rhythmite & sandstone (0594), Palaeocene-Eocene",
        "LULC": "Evergreen Open Forest",
        "Triggering": "Rainfall",
        "Year": "2023",
        "Basin": "Minor rivers draining into Myanmar Basin",
        "Sub_Basin": "Imphal and others",
        "Source": "RESOURCESAT-2, 2A, 10m CARTODEM, NGLM 50k(2011-2012), Lithology-GSI 50k(2011), SISDP-P2-LULC 10k(2018-2023) & India-WRIS"
      }
    },
    {
      "type": "Feature",
      "id": "LS_NAGALAND_2023.307",
      "geometry": {
        "type": "MultiPolygon",
        "coordinates": [
          [
            [
              [
                94.52795059,
                25.94131659
              ],
              [
                94.52795059,
                25.94155849
              ],
              [
                94.52811073,
                25.94155849
              ],
              [
                94.52811073,
                25.94131659
              ],
              [
                94.52795059,
                25.94131659
              ]
            ]
          ]
        ]
      },
      "geometry_name": "the_geom",
      "properties": {
        "Slide_No": "NL/ZU/83K9/2023/31",
        "State": "NAGALAND",
        "District": "ZUNHEBOTO",
        "Topo_No": "83K9",
        "Latitude": 25.9414,
        "Longitude": 94.528,
        "Length_m": 26.936,
        "Width_m": 14.371,
        "Height_m": 8.77215576172,
        "Area_Sqm": 292.159,
        "Activity": "Active",
        "Geomorpho": "Structural Origin - Highly Dissected Hills and Valleys (Shdhv)",
        "Lithology": "Shale, siltstone, greywacke rhythmite & sandstone (0594), Palaeocene-Eocene",
        "LULC": "Evergreen Open Forest",
        "Triggering": "Rainfall",
        "Year": "2023",
        "Basin": "Minor rivers draining into Myanmar Basin",
        "Sub_Basin": "Imphal and others",
        "Source": "RESOURCESAT-2, 2A, 10m CARTODEM, NGLM 50k(2011-2012), Lithology-GSI 50k(2011), SISDP-P2-LULC 10k(2018-2023) & India-WRIS"
      }
    },
    {
      "type": "Feature",
      "id": "LS_NAGALAND_2023.309",
      "geometry": {
        "type": "MultiPolygon",
        "coordinates": [
          [
            [
              [
                94.44536295,
                25.9721279
              ],
              [
                94.44536295,
                25.97229924
              ],
              [
                94.44551821,
                25.97229924
              ],
              [
                94.44551821,
                25.9721279
              ],
              [
                94.44536295,
                25.9721279
              ]
            ]
          ]
        ]
      },
      "geometry_name": "the_geom",
      "properties": {
        "Slide_No": "NL/ZU/83K5/2023/68",
        "State": "NAGALAND",
        "District": "ZUNHEBOTO",
        "Topo_No": "83K5",
        "Latitude": 25.9722,
        "Longitude": 94.4454,
        "Length_m": 19.909,
        "Width_m": 11.682,
        "Height_m": 7.873596,
        "Area_Sqm": 192.292,
        "Activity": "Active",
        "Geomorpho": "Structural Origin - Highly Dissected Hills and Valleys (Shdhv)",
        "Lithology": "Shale, siltstone, greywacke rhythmite & sandstone (0594), Palaeocene-Eocene",
        "LULC": "Evergreen Open Forest",
        "Triggering": "Rainfall",
        "Year": "2023",
        "Basin": "Brahmaputra Basin",
        "Sub_Basin": "Brahmaputra Upper",
        "Source": "RESOURCESAT-2, 2A, 10m CARTODEM, NGLM 50k(2011-2012), Lithology-GSI 50k(2011), SISDP-P2-LULC 10k(2018-2023) & India-WRIS"
      }
    },
    {
      "type": "Feature",
      "id": "LS_NAGALAND_2023.310",
      "geometry": {
        "type": "MultiPolygon",
        "coordinates": [
          [
            [
              [
                94.41093588,
                25.96865116
              ],
              [
                94.41093588,
                25.96880059
              ],
              [
                94.41104163,
                25.96880059
              ],
              [
                94.41104163,
                25.96865116
              ],
              [
                94.41093588,
                25.96865116
              ]
            ]
          ]
        ]
      },
      "geometry_name": "the_geom",
      "properties": {
        "Slide_No": "NL/ZU/83K5/2023/69",
        "State": "NAGALAND",
        "District": "ZUNHEBOTO",
        "Topo_No": "83K5",
        "Latitude": 25.9687,
        "Longitude": 94.411,
        "Length_m": 16.57,
        "Width_m": 10.403,
        "Height_m": 4.906494,
        "Area_Sqm": 131.857,
        "Activity": "Active",
        "Geomorpho": "Structural Origin - Highly Dissected Hills and Valleys (Shdhv)",
        "Lithology": "Shale, siltstone, greywacke rhythmite & sandstone (0594), Palaeocene-Eocene",
        "LULC": "Evergreen Open Forest",
        "Triggering": "Rainfall",
        "Year": "2023",
        "Basin": "Brahmaputra Basin",
        "Sub_Basin": "Brahmaputra Upper",
        "Source": "RESOURCESAT-2, 2A, 10m CARTODEM, NGLM 50k(2011-2012), Lithology-GSI 50k(2011), SISDP-P2-LULC 10k(2018-2023) & India-WRIS"
      }
    },
    {
      "type": "Feature",
      "id": "LS_NAGALAND_2023.311",
      "geometry": {
        "type": "MultiPolygon",
        "coordinates": [
          [
            [
              [
                94.38857487,
                25.96939614
              ],
              [
                94.38857487,
                25.96956466
              ],
              [
                94.38868611,
                25.96956466
              ],
              [
                94.38868611,
                25.96939614
              ],
              [
                94.38857487,
                25.96939614
              ]
            ]
          ]
        ]
      },
      "geometry_name": "the_geom",
      "properties": {
        "Slide_No": "NL/ZU/83K5/2023/70",
        "State": "NAGALAND",
        "District": "ZUNHEBOTO",
        "Topo_No": "83K5",
        "Latitude": 25.9695,
        "Longitude": 94.3886,
        "Length_m": 18.612,
        "Width_m": 10.994,
        "Height_m": 7.316407,
        "Area_Sqm": 163.552,
        "Activity": "Active",
        "Geomorpho": "Structural Origin - Highly Dissected Hills and Valleys (Shdhv)",
        "Lithology": "Shale, siltstone, greywacke rhythmite & sandstone (0594), Palaeocene-Eocene",
        "LULC": "Evergreen Open Forest",
        "Triggering": "Rainfall",
        "Year": "2023",
        "Basin": "Brahmaputra Basin",
        "Sub_Basin": "Brahmaputra Upper",
        "Source": "RESOURCESAT-2, 2A, 10m CARTODEM, NGLM 50k(2011-2012), Lithology-GSI 50k(2011), SISDP-P2-LULC 10k(2018-2023) & India-WRIS"
      }
    },
    {
      "type": "Feature",
      "id": "LS_NAGALAND_2023.312",
      "geometry": {
        "type": "MultiPolygon",
        "coordinates": [
          [
            [
              [
                94.38382572,
                25.99985721
              ],
              [
                94.38382572,
                25.9999997
              ],
              [
                94.38394905,
                25.9999997
              ],
              [
                94.38394905,
                25.99985721
              ],
              [
                94.38382572,
                25.99985721
              ]
            ]
          ]
        ]
      },
      "geometry_name": "the_geom",
      "properties": {
        "Slide_No": "NL/ZU/83J8/2023/30",
        "State": "NAGALAND",
        "District": "ZUNHEBOTO",
        "Topo_No": "83J8",
        "Latitude": 25.9999,
        "Longitude": 94.3839,
        "Length_m": 15.562,
        "Width_m": 12.098,
        "Height_m": 6.530334,
        "Area_Sqm": 148.346,
        "Activity": "Active",
        "Geomorpho": "Structural Origin - Moderately Dissected Hills and Valleys - Valley (Smdhv-v)",
        "Lithology": "Shale, siltstone, greywacke rhythmite & sandstone (0594), Palaeocene-Eocene",
        "LULC": "Evergreen Closed Forest",
        "Triggering": "Rainfall",
        "Year": "2023",
        "Basin": "Brahmaputra Basin",
        "Sub_Basin": "Brahmaputra Upper",
        "Source": "RESOURCESAT-2, 2A, 10m CARTODEM, NGLM 50k(2011-2012), Lithology-GSI 50k(2011), SISDP-P2-LULC 10k(2018-2023) & India-WRIS"
      }
    },
    {
      "type": "Feature",
      "id": "LS_NAGALAND_2023.313",
      "geometry": {
        "type": "MultiPolygon",
        "coordinates": [
          [
            [
              [
                94.4183054,
                26.04097913
              ],
              [
                94.4183054,
                26.04119458
              ],
              [
                94.41848577,
                26.04119458
              ],
              [
                94.41848577,
                26.04097913
              ],
              [
                94.4183054,
                26.04097913
              ]
            ]
          ]
        ]
      },
      "geometry_name": "the_geom",
      "properties": {
        "Slide_No": "NL/ZU/83J8/2023/31",
        "State": "NAGALAND",
        "District": "ZUNHEBOTO",
        "Topo_No": "83J8",
        "Latitude": 26.0411,
        "Longitude": 94.4184,
        "Length_m": 22.324,
        "Width_m": 18.471,
        "Height_m": 4.66436767578,
        "Area_Sqm": 316.148,
        "Activity": "Active",
        "Geomorpho": "Structural Origin - Moderately Dissected Hills and Valleys - Valley (Smdhv-v)",
        "Lithology": "Shale, siltstone, greywacke rhythmite & sandstone (0594), Palaeocene-Eocene",
        "LULC": "Evergreen Closed Forest",
        "Triggering": "Rainfall",
        "Year": "2023",
        "Basin": "Brahmaputra Basin",
        "Sub_Basin": "Brahmaputra Upper",
        "Source": "RESOURCESAT-2, 2A, 10m CARTODEM, NGLM 50k(2011-2012), Lithology-GSI 50k(2011), SISDP-P2-LULC 10k(2018-2023) & India-WRIS"
      }
    },
    {
      "type": "Feature",
      "id": "LS_NAGALAND_2023.314",
      "geometry": {
        "type": "MultiPolygon",
        "coordinates": [
          [
            [
              [
                94.4159319,
                26.05171631
              ],
              [
                94.4159319,
                26.05201484
              ],
              [
                94.41619374,
                26.05201484
              ],
              [
                94.41619374,
                26.05171631
              ],
              [
                94.4159319,
                26.05171631
              ]
            ]
          ]
        ]
      },
      "geometry_name": "the_geom",
      "properties": {
        "Slide_No": "NL/ZU/83J8/2023/32",
        "State": "NAGALAND",
        "District": "ZUNHEBOTO",
        "Topo_No": "83J8",
        "Latitude": 26.0519,
        "Longitude": 94.4161,
        "Length_m": 36.578,
        "Width_m": 16.385,
        "Height_m": 14.0109863281,
        "Area_Sqm": 437.055,
        "Activity": "Active",
        "Geomorpho": "Structural Origin - Moderately Dissected Hills and Valleys (Smdhv)",
        "Lithology": "Shale, siltstone, greywacke rhythmite & sandstone (0594), Palaeocene-Eocene",
        "LULC": "Evergreen Closed Forest",
        "Triggering": "Rainfall",
        "Year": "2023",
        "Basin": "Brahmaputra Basin",
        "Sub_Basin": "Brahmaputra Upper",
        "Source": "RESOURCESAT-2, 2A, 10m CARTODEM, NGLM 50k(2011-2012), Lithology-GSI 50k(2011), SISDP-P2-LULC 10k(2018-2023) & India-WRIS"
      }
    },
    {
      "type": "Feature",
      "id": "LS_NAGALAND_2023.315",
      "geometry": {
        "type": "MultiPolygon",
        "coordinates": [
          [
            [
              [
                94.51800614,
                26.08643452
              ],
              [
                94.51800614,
                26.08677649
              ],
              [
                94.51839706,
                26.08677649
              ],
              [
                94.51839706,
                26.08643452
              ],
              [
                94.51800614,
                26.08643452
              ]
            ]
          ]
        ]
      },
      "geometry_name": "the_geom",
      "properties": {
        "Slide_No": "NL/ZU/83J12/2023/7",
        "State": "NAGALAND",
        "District": "ZUNHEBOTO",
        "Topo_No": "83J12",
        "Latitude": 26.0866,
        "Longitude": 94.5182,
        "Length_m": 43.568,
        "Width_m": 30.642,
        "Height_m": 3.685974,
        "Area_Sqm": 946.945,
        "Activity": "Reactivated",
        "Geomorpho": "Structural Origin - Moderately Dissected Hills and Valleys (Smdhv)",
        "Lithology": "Shale, siltstone, greywacke rhythmite & sandstone (0594), Palaeocene-Eocene",
        "LULC": "Evergreen Open Forest",
        "Triggering": "Rainfall",
        "Year": "2023",
        "Basin": "Brahmaputra Basin",
        "Sub_Basin": "Brahmaputra Upper",
        "Source": "RESOURCESAT-2, 2A, 10m CARTODEM, NGLM 50k(2011-2012), Lithology-GSI 50k(2011), SISDP-P2-LULC 10k(2018-2023) & India-WRIS"
      }
    },
    {
      "type": "Feature",
      "id": "LS_NAGALAND_2023.316",
      "geometry": {
        "type": "MultiPolygon",
        "coordinates": [
          [
            [
              [
                94.52817207,
                26.0407933
              ],
              [
                94.52817207,
                26.04097018
              ],
              [
                94.5284399,
                26.04097018
              ],
              [
                94.5284399,
                26.0407933
              ],
              [
                94.52817207,
                26.0407933
              ]
            ]
          ]
        ]
      },
      "geometry_name": "the_geom",
      "properties": {
        "Slide_No": "NL/ZU/83J12/2023/8",
        "State": "NAGALAND",
        "District": "ZUNHEBOTO",
        "Topo_No": "83J12",
        "Latitude": 26.0409,
        "Longitude": 94.5283,
        "Length_m": 26.526,
        "Width_m": 17.983,
        "Height_m": 6.00158691406,
        "Area_Sqm": 305.674,
        "Activity": "Reactivated",
        "Geomorpho": "Structural Origin - Highly Dissected Hills and Valleys (Shdhv)",
        "Lithology": "Flaggy sandstone with subordinate shale (Barail Group) 0541), Eocene-Oligocene",
        "LULC": "Agriculture - Multiple crop land",
        "Triggering": "Rainfall",
        "Year": "2023",
        "Basin": "Minor rivers draining into Myanmar Basin",
        "Sub_Basin": "Imphal and others",
        "Source": "RESOURCESAT-2, 2A, 10m CARTODEM, NGLM 50k(2011-2012), Lithology-GSI 50k(2011), SISDP-P2-LULC 10k(2018-2023) & India-WRIS"
      }
    },
    {
      "type": "Feature",
      "id": "LS_NAGALAND_2023.317",
      "geometry": {
        "type": "MultiPolygon",
        "coordinates": [
          [
            [
              [
                94.65532678,
                26.08211697
              ],
              [
                94.65532678,
                26.08243165
              ],
              [
                94.65565798,
                26.08243165
              ],
              [
                94.65565798,
                26.08211697
              ],
              [
                94.65532678,
                26.08211697
              ]
            ]
          ]
        ]
      },
      "geometry_name": "the_geom",
      "properties": {
        "Slide_No": "NL/ZU/83J12/2023/9",
        "State": "NAGALAND",
        "District": "ZUNHEBOTO",
        "Topo_No": "83J12",
        "Latitude": 26.0823,
        "Longitude": 94.6555,
        "Length_m": 45.028,
        "Width_m": 11.466,
        "Height_m": 30.8958740234,
        "Area_Sqm": 344.621,
        "Activity": "Active",
        "Geomorpho": "Structural Origin - Moderately Dissected Hills and Valleys (Smdhv)",
        "Lithology": "Shale, siltstone, greywacke rhythmite & sandstone (0594), Palaeocene-Eocene",
        "LULC": "Others - Shifting Cultivation",
        "Triggering": "Rainfall",
        "Year": "2023",
        "Basin": "Minor rivers draining into Myanmar Basin",
        "Sub_Basin": "Imphal and others",
        "Source": "RESOURCESAT-2, 2A, 10m CARTODEM, NGLM 50k(2011-2012), Lithology-GSI 50k(2011), SISDP-P2-LULC 10k(2018-2023) & India-WRIS"
      }
    },
    {
      "type": "Feature",
      "id": "LS_NAGALAND_2023.318",
      "geometry": {
        "type": "MultiPolygon",
        "coordinates": [
          [
            [
              [
                94.48471858,
                25.9802138
              ],
              [
                94.48471858,
                25.9803799
              ],
              [
                94.48486477,
                25.9803799
              ],
              [
                94.48486477,
                25.9802138
              ],
              [
                94.48471858,
                25.9802138
              ]
            ]
          ]
        ]
      },
      "geometry_name": "the_geom",
      "properties": {
        "Slide_No": "NL/ZU/83K5/2023/71",
        "State": "NAGALAND",
        "District": "ZUNHEBOTO",
        "Topo_No": "83K5",
        "Latitude": 25.9803,
        "Longitude": 94.4848,
        "Length_m": 18.094,
        "Width_m": 13.751,
        "Height_m": 3.39465332031,
        "Area_Sqm": 200.263,
        "Activity": "Active",
        "Geomorpho": "Structural Origin - Moderately Dissected Hills and Valleys - Valley (Smdhv-v)",
        "Lithology": "Shale, siltstone, greywacke rhythmite & sandstone (0594), Palaeocene-Eocene",
        "LULC": "Others - Shifting Cultivation",
        "Triggering": "Rainfall",
        "Year": "2023",
        "Basin": "Brahmaputra Basin",
        "Sub_Basin": "Brahmaputra Upper",
        "Source": "RESOURCESAT-2, 2A, 10m CARTODEM, NGLM 50k(2011-2012), Lithology-GSI 50k(2011), SISDP-P2-LULC 10k(2018-2023) & India-WRIS"
      }
    },
    {
      "type": "Feature",
      "id": "LS_NAGALAND_2023.320",
      "geometry": {
        "type": "MultiPolygon",
        "coordinates": [
          [
            [
              [
                94.38696926,
                26.08030799
              ],
              [
                94.38696926,
                26.08055368
              ],
              [
                94.38722237,
                26.08055368
              ],
              [
                94.38722237,
                26.08030799
              ],
              [
                94.38696926,
                26.08030799
              ]
            ]
          ]
        ]
      },
      "geometry_name": "the_geom",
      "properties": {
        "Slide_No": "NL/WO/83J8/2023/33",
        "State": "NAGALAND",
        "District": "WOKHA",
        "Topo_No": "83J8",
        "Latitude": 26.0804,
        "Longitude": 94.3871,
        "Length_m": 30.432,
        "Width_m": 18.79,
        "Height_m": 6.71099853516,
        "Area_Sqm": 456.983,
        "Activity": "Active",
        "Geomorpho": "Structural Origin - Moderately Dissected Hills and Valleys - Valley (Smdhv-v)",
        "Lithology": "Shale, greywacke with rythmite, slate & phyllite (0598), Palaeocene-Eocene",
        "LULC": "Deciduous Closed Forest",
        "Triggering": "Rainfall",
        "Year": "2023",
        "Basin": "Brahmaputra Basin",
        "Sub_Basin": "Brahmaputra Upper",
        "Source": "RESOURCESAT-2, 2A, 10m CARTODEM, NGLM 50k(2011-2012), Lithology-GSI 50k(2011), SISDP-P2-LULC 10k(2018-2023) & India-WRIS"
      }
    },
    {
      "type": "Feature",
      "id": "LS_NAGALAND_2023.321",
      "geometry": {
        "type": "MultiPolygon",
        "coordinates": [
          [
            [
              [
                94.37961241,
                26.07340538
              ],
              [
                94.37961241,
                26.07359196
              ],
              [
                94.37980614,
                26.07359196
              ],
              [
                94.37980614,
                26.07340538
              ],
              [
                94.37961241,
                26.07340538
              ]
            ]
          ]
        ]
      },
      "geometry_name": "the_geom",
      "properties": {
        "Slide_No": "NL/WO/83J8/2023/34",
        "State": "NAGALAND",
        "District": "WOKHA",
        "Topo_No": "83J8",
        "Latitude": 26.0735,
        "Longitude": 94.3797,
        "Length_m": 23.057,
        "Width_m": 13.514,
        "Height_m": 5.80429077148,
        "Area_Sqm": 259.264,
        "Activity": "Active",
        "Geomorpho": "Structural Origin - Moderately Dissected Hills and Valleys (Smdhv)",
        "Lithology": "Shale, greywacke with rythmite, slate & phyllite (0598), Palaeocene-Eocene",
        "LULC": "Deciduous Closed Forest",
        "Triggering": "Rainfall",
        "Year": "2023",
        "Basin": "Brahmaputra Basin",
        "Sub_Basin": "Brahmaputra Upper",
        "Source": "RESOURCESAT-2, 2A, 10m CARTODEM, NGLM 50k(2011-2012), Lithology-GSI 50k(2011), SISDP-P2-LULC 10k(2018-2023) & India-WRIS"
      }
    },
    {
      "type": "Feature",
      "id": "LS_NAGALAND_2023.322",
      "geometry": {
        "type": "MultiPolygon",
        "coordinates": [
          [
            [
              [
                94.38136544,
                26.07228565
              ],
              [
                94.38136544,
                26.07302131
              ],
              [
                94.38188641,
                26.07302131
              ],
              [
                94.38188641,
                26.07228565
              ],
              [
                94.38136544,
                26.07228565
              ]
            ]
          ]
        ]
      },
      "geometry_name": "the_geom",
      "properties": {
        "Slide_No": "NL/WO/83J8/2023/35",
        "State": "NAGALAND",
        "District": "WOKHA",
        "Topo_No": "83J8",
        "Latitude": 26.0726,
        "Longitude": 94.3816,
        "Length_m": 81.141,
        "Width_m": 47.285,
        "Height_m": 63.076569,
        "Area_Sqm": 2960.66,
        "Activity": "Reactivated",
        "Geomorpho": "Structural Origin - Moderately Dissected Hills and Valleys (Smdhv)",
        "Lithology": "Shale, greywacke with rythmite, slate & phyllite (0598), Palaeocene-Eocene",
        "LULC": "Deciduous Closed Forest",
        "Triggering": "Rainfall",
        "Year": "2023",
        "Basin": "Brahmaputra Basin",
        "Sub_Basin": "Brahmaputra Upper",
        "Source": "RESOURCESAT-2, 2A, 10m CARTODEM, NGLM 50k(2011-2012), Lithology-GSI 50k(2011), SISDP-P2-LULC 10k(2018-2023) & India-WRIS"
      }
    },
    {
      "type": "Feature",
      "id": "LS_NAGALAND_2023.323",
      "geometry": {
        "type": "MultiPolygon",
        "coordinates": [
          [
            [
              [
                94.38309536,
                26.09129811
              ],
              [
                94.38309536,
                26.09153469
              ],
              [
                94.38348917,
                26.09153469
              ],
              [
                94.38348917,
                26.09129811
              ],
              [
                94.38309536,
                26.09129811
              ]
            ]
          ]
        ]
      },
      "geometry_name": "the_geom",
      "properties": {
        "Slide_No": "NL/WO/83J8/2023/36",
        "State": "NAGALAND",
        "District": "WOKHA",
        "Topo_No": "83J8",
        "Latitude": 26.0914,
        "Longitude": 94.3833,
        "Length_m": 39.447,
        "Width_m": 25.804,
        "Height_m": 7.757172,
        "Area_Sqm": 720.085,
        "Activity": "Active",
        "Geomorpho": "Structural Origin - Moderately Dissected Hills and Valleys (Smdhv)",
        "Lithology": "Shale, greywacke with rythmite, slate & phyllite (0598), Palaeocene-Eocene",
        "LULC": "Deciduous Closed Forest",
        "Triggering": "Rainfall",
        "Year": "2023",
        "Basin": "Brahmaputra Basin",
        "Sub_Basin": "Brahmaputra Upper",
        "Source": "RESOURCESAT-2, 2A, 10m CARTODEM, NGLM 50k(2011-2012), Lithology-GSI 50k(2011), SISDP-P2-LULC 10k(2018-2023) & India-WRIS"
      }
    },
    {
      "type": "Feature",
      "id": "LS_NAGALAND_2023.324",
      "geometry": {
        "type": "MultiPolygon",
        "coordinates": [
          [
            [
              [
                94.37538108,
                26.10240516
              ],
              [
                94.37538108,
                26.10263399
              ],
              [
                94.3755903,
                26.10263399
              ],
              [
                94.3755903,
                26.10240516
              ],
              [
                94.37538108,
                26.10240516
              ]
            ]
          ]
        ]
      },
      "geometry_name": "the_geom",
      "properties": {
        "Slide_No": "NL/WO/83J8/2023/37",
        "State": "NAGALAND",
        "District": "WOKHA",
        "Topo_No": "83J8",
        "Latitude": 26.1025,
        "Longitude": 94.3755,
        "Length_m": 26.271,
        "Width_m": 19.631,
        "Height_m": 10.1362915039,
        "Area_Sqm": 378.478,
        "Activity": "Active",
        "Geomorpho": "Structural Origin - Moderately Dissected Hills and Valleys (Smdhv)",
        "Lithology": "Shale, greywacke with rythmite, slate & phyllite (0598), Palaeocene-Eocene",
        "LULC": "Deciduous Open Forest",
        "Triggering": "Rainfall",
        "Year": "2023",
        "Basin": "Brahmaputra Basin",
        "Sub_Basin": "Brahmaputra Upper",
        "Source": "RESOURCESAT-2, 2A, 10m CARTODEM, NGLM 50k(2011-2012), Lithology-GSI 50k(2011), SISDP-P2-LULC 10k(2018-2023) & India-WRIS"
      }
    },
    {
      "type": "Feature",
      "id": "LS_NAGALAND_2023.325",
      "geometry": {
        "type": "MultiPolygon",
        "coordinates": [
          [
            [
              [
                94.35585086,
                26.01194686
              ],
              [
                94.35585086,
                26.01213895
              ],
              [
                94.35599109,
                26.01213895
              ],
              [
                94.35599109,
                26.01194686
              ],
              [
                94.35585086,
                26.01194686
              ]
            ]
          ]
        ]
      },
      "geometry_name": "the_geom",
      "properties": {
        "Slide_No": "NL/WO/83J8/2023/38",
        "State": "NAGALAND",
        "District": "WOKHA",
        "Topo_No": "83J8",
        "Latitude": 26.012,
        "Longitude": 94.3559,
        "Length_m": 20.778,
        "Width_m": 13.392,
        "Height_m": 15.6118774414,
        "Area_Sqm": 225.473,
        "Activity": "Active",
        "Geomorpho": "Structural Origin - Moderately Dissected Hills and Valleys - Valley (Smdhv-v)",
        "Lithology": "Shale, greywacke with rythmite, slate & phyllite (0598), Palaeocene-Eocene",
        "LULC": "Deciduous Closed Forest",
        "Triggering": "Rainfall",
        "Year": "2023",
        "Basin": "Brahmaputra Basin",
        "Sub_Basin": "Brahmaputra Upper",
        "Source": "RESOURCESAT-2, 2A, 10m CARTODEM, NGLM 50k(2011-2012), Lithology-GSI 50k(2011), SISDP-P2-LULC 10k(2018-2023) & India-WRIS"
      }
    },
    {
      "type": "Feature",
      "id": "LS_NAGALAND_2023.326",
      "geometry": {
        "type": "MultiPolygon",
        "coordinates": [
          [
            [
              [
                94.3564495,
                26.01478225
              ],
              [
                94.3564495,
                26.014941
              ],
              [
                94.3566426,
                26.014941
              ],
              [
                94.3566426,
                26.01478225
              ],
              [
                94.3564495,
                26.01478225
              ]
            ]
          ]
        ]
      },
      "geometry_name": "the_geom",
      "properties": {
        "Slide_No": "NL/WO/83J8/2023/39",
        "State": "NAGALAND",
        "District": "WOKHA",
        "Topo_No": "83J8",
        "Latitude": 26.0149,
        "Longitude": 94.3565,
        "Length_m": 19.859,
        "Width_m": 16.877,
        "Height_m": 14.1887817383,
        "Area_Sqm": 273.86,
        "Activity": "Active",
        "Geomorpho": "Structural Origin - Moderately Dissected Hills and Valleys (Smdhv)",
        "Lithology": "Shale, greywacke with rythmite, slate & phyllite (0598), Palaeocene-Eocene",
        "LULC": "Deciduous Closed Forest",
        "Triggering": "Rainfall",
        "Year": "2023",
        "Basin": "Brahmaputra Basin",
        "Sub_Basin": "Brahmaputra Upper",
        "Source": "RESOURCESAT-2, 2A, 10m CARTODEM, NGLM 50k(2011-2012), Lithology-GSI 50k(2011), SISDP-P2-LULC 10k(2018-2023) & India-WRIS"
      }
    },
    {
      "type": "Feature",
      "id": "LS_NAGALAND_2023.327",
      "geometry": {
        "type": "MultiPolygon",
        "coordinates": [
          [
            [
              [
                94.35740787,
                26.02674232
              ],
              [
                94.35740787,
                26.02687634
              ],
              [
                94.35761101,
                26.02687634
              ],
              [
                94.35761101,
                26.02674232
              ],
              [
                94.35740787,
                26.02674232
              ]
            ]
          ]
        ]
      },
      "geometry_name": "the_geom",
      "properties": {
        "Slide_No": "NL/WO/83J8/2023/40",
        "State": "NAGALAND",
        "District": "WOKHA",
        "Topo_No": "83J8",
        "Latitude": 26.0268,
        "Longitude": 94.3575,
        "Length_m": 20.112,
        "Width_m": 14.973,
        "Height_m": 5.126434,
        "Area_Sqm": 223.6,
        "Activity": "Active",
        "Geomorpho": "Structural Origin - Moderately Dissected Hills and Valleys (Smdhv)",
        "Lithology": "Shale, greywacke with rythmite, slate & phyllite (0598), Palaeocene-Eocene",
        "LULC": "Deciduous Closed Forest",
        "Triggering": "Rainfall",
        "Year": "2023",
        "Basin": "Brahmaputra Basin",
        "Sub_Basin": "Brahmaputra Upper",
        "Source": "RESOURCESAT-2, 2A, 10m CARTODEM, NGLM 50k(2011-2012), Lithology-GSI 50k(2011), SISDP-P2-LULC 10k(2018-2023) & India-WRIS"
      }
    },
    {
      "type": "Feature",
      "id": "LS_NAGALAND_2023.328",
      "geometry": {
        "type": "MultiPolygon",
        "coordinates": [
          [
            [
              [
                94.37222718,
                26.05623166
              ],
              [
                94.37222718,
                26.05691791
              ],
              [
                94.37284648,
                26.05691791
              ],
              [
                94.37284648,
                26.05623166
              ],
              [
                94.37222718,
                26.05623166
              ]
            ]
          ]
        ]
      },
      "geometry_name": "the_geom",
      "properties": {
        "Slide_No": "NL/WO/83J8/2023/41",
        "State": "NAGALAND",
        "District": "WOKHA",
        "Topo_No": "83J8",
        "Latitude": 26.0566,
        "Longitude": 94.3725,
        "Length_m": 72.189,
        "Width_m": 62.593,
        "Height_m": 54.964386,
        "Area_Sqm": 3241.4,
        "Activity": "Reactivated",
        "Geomorpho": "Structural Origin - Moderately Dissected Hills and Valleys - Valley (Smdhv-v)",
        "Lithology": "Shale, greywacke with rythmite, slate & phyllite (0598), Palaeocene-Eocene",
        "LULC": "Deciduous Closed Forest",
        "Triggering": "Rainfall",
        "Year": "2023",
        "Basin": "Brahmaputra Basin",
        "Sub_Basin": "Brahmaputra Upper",
        "Source": "RESOURCESAT-2, 2A, 10m CARTODEM, NGLM 50k(2011-2012), Lithology-GSI 50k(2011), SISDP-P2-LULC 10k(2018-2023) & India-WRIS"
      }
    },
    {
      "type": "Feature",
      "id": "LS_NAGALAND_2023.329",
      "geometry": {
        "type": "MultiPolygon",
        "coordinates": [
          [
            [
              [
                94.47582484,
                26.07577975
              ],
              [
                94.47582484,
                26.07595286
              ],
              [
                94.47600916,
                26.07595286
              ],
              [
                94.47600916,
                26.07577975
              ],
              [
                94.47582484,
                26.07577975
              ]
            ]
          ]
        ]
      },
      "geometry_name": "the_geom",
      "properties": {
        "Slide_No": "NL/ZU/83J8/2023/42",
        "State": "NAGALAND",
        "District": "ZUNHEBOTO",
        "Topo_No": "83J8",
        "Latitude": 26.0759,
        "Longitude": 94.4759,
        "Length_m": 21.626,
        "Width_m": 12.085,
        "Height_m": 9.97589111328,
        "Area_Sqm": 199.152,
        "Activity": "Active",
        "Geomorpho": "Structural Origin - Highly Dissected Hills and Valleys (Shdhv)",
        "Lithology": "Shale, siltstone, greywacke rhythmite & sandstone (0594), Palaeocene-Eocene",
        "LULC": "Evergreen Open Forest",
        "Triggering": "Rainfall",
        "Year": "2023",
        "Basin": "Brahmaputra Basin",
        "Sub_Basin": "Brahmaputra Upper",
        "Source": "RESOURCESAT-2, 2A, 10m CARTODEM, NGLM 50k(2011-2012), Lithology-GSI 50k(2011), SISDP-P2-LULC 10k(2018-2023) & India-WRIS"
      }
    },
    {
      "type": "Feature",
      "id": "LS_NAGALAND_2023.330",
      "geometry": {
        "type": "MultiPolygon",
        "coordinates": [
          [
            [
              [
                94.38721882,
                26.00032554
              ],
              [
                94.38721882,
                26.00049282
              ],
              [
                94.38740685,
                26.00049282
              ],
              [
                94.38740685,
                26.00032554
              ],
              [
                94.38721882,
                26.00032554
              ]
            ]
          ]
        ]
      },
      "geometry_name": "the_geom",
      "properties": {
        "Slide_No": "NL/ZU/83J8/2023/43",
        "State": "NAGALAND",
        "District": "ZUNHEBOTO",
        "Topo_No": "83J8",
        "Latitude": 26.0004,
        "Longitude": 94.3873,
        "Length_m": 20.699,
        "Width_m": 15.898,
        "Height_m": 7.041565,
        "Area_Sqm": 270.397,
        "Activity": "Active",
        "Geomorpho": "Structural Origin - Moderately Dissected Hills and Valleys - Valley (Smdhv-v)",
        "Lithology": "Shale, siltstone, greywacke rhythmite & sandstone (0594), Palaeocene-Eocene",
        "LULC": "Evergreen Closed Forest",
        "Triggering": "Rainfall",
        "Year": "2023",
        "Basin": "Brahmaputra Basin",
        "Sub_Basin": "Brahmaputra Upper",
        "Source": "RESOURCESAT-2, 2A, 10m CARTODEM, NGLM 50k(2011-2012), Lithology-GSI 50k(2011), SISDP-P2-LULC 10k(2018-2023) & India-WRIS"
      }
    },
    {
      "type": "Feature",
      "id": "LS_NAGALAND_2023.331",
      "geometry": {
        "type": "MultiPolygon",
        "coordinates": [
          [
            [
              [
                94.35866566,
                26.00966864
              ],
              [
                94.35866566,
                26.00981889
              ],
              [
                94.35880917,
                26.00981889
              ],
              [
                94.35880917,
                26.00966864
              ],
              [
                94.35866566,
                26.00966864
              ]
            ]
          ]
        ]
      },
      "geometry_name": "the_geom",
      "properties": {
        "Slide_No": "NL/ZU/83J8/2023/44",
        "State": "NAGALAND",
        "District": "ZUNHEBOTO",
        "Topo_No": "83J8",
        "Latitude": 26.0097,
        "Longitude": 94.3587,
        "Length_m": 16.581,
        "Width_m": 14.408,
        "Height_m": 5.72427368164,
        "Area_Sqm": 189.866,
        "Activity": "Active",
        "Geomorpho": "Structural Origin - Moderately Dissected Hills and Valleys - Valley (Smdhv-v)",
        "Lithology": "Shale, greywacke with rythmite, slate & phyllite (0598), Palaeocene-Eocene",
        "LULC": "Evergreen Closed Forest",
        "Triggering": "Rainfall",
        "Year": "2023",
        "Basin": "Brahmaputra Basin",
        "Sub_Basin": "Brahmaputra Upper",
        "Source": "RESOURCESAT-2, 2A, 10m CARTODEM, NGLM 50k(2011-2012), Lithology-GSI 50k(2011), SISDP-P2-LULC 10k(2018-2023) & India-WRIS"
      }
    },
    {
      "type": "Feature",
      "id": "LS_NAGALAND_2023.332",
      "geometry": {
        "type": "MultiPolygon",
        "coordinates": [
          [
            [
              [
                94.35919773,
                26.01002955
              ],
              [
                94.35919773,
                26.01023919
              ],
              [
                94.35957979,
                26.01023919
              ],
              [
                94.35957979,
                26.01002955
              ],
              [
                94.35919773,
                26.01002955
              ]
            ]
          ]
        ]
      },
      "geometry_name": "the_geom",
      "properties": {
        "Slide_No": "NL/ZU/83J8/2023/45",
        "State": "NAGALAND",
        "District": "ZUNHEBOTO",
        "Topo_No": "83J8",
        "Latitude": 26.0101,
        "Longitude": 94.3594,
        "Length_m": 38.575,
        "Width_m": 19.605,
        "Height_m": 8.9817199707,
        "Area_Sqm": 569.897,
        "Activity": "Reactivated",
        "Geomorpho": "Structural Origin - Moderately Dissected Hills and Valleys - Valley (Smdhv-v)",
        "Lithology": "Shale, greywacke with rythmite, slate & phyllite (0598), Palaeocene-Eocene",
        "LULC": "Evergreen Closed Forest",
        "Triggering": "Rainfall",
        "Year": "2023",
        "Basin": "Brahmaputra Basin",
        "Sub_Basin": "Brahmaputra Upper",
        "Source": "RESOURCESAT-2, 2A, 10m CARTODEM, NGLM 50k(2011-2012), Lithology-GSI 50k(2011), SISDP-P2-LULC 10k(2018-2023) & India-WRIS"
      }
    },
    {
      "type": "Feature",
      "id": "LS_NAGALAND_2023.333",
      "geometry": {
        "type": "MultiPolygon",
        "coordinates": [
          [
            [
              [
                94.36054289,
                26.00458442
              ],
              [
                94.36054289,
                26.00501503
              ],
              [
                94.36099625,
                26.00501503
              ],
              [
                94.36099625,
                26.00458442
              ],
              [
                94.36054289,
                26.00458442
              ]
            ]
          ]
        ]
      },
      "geometry_name": "the_geom",
      "properties": {
        "Slide_No": "NL/ZU/83J8/2023/46",
        "State": "NAGALAND",
        "District": "ZUNHEBOTO",
        "Topo_No": "83J8",
        "Latitude": 26.0048,
        "Longitude": 94.3608,
        "Length_m": 60.143,
        "Width_m": 18.997,
        "Height_m": 27.1611022949,
        "Area_Sqm": 746.449,
        "Activity": "Active",
        "Geomorpho": "Structural Origin - Moderately Dissected Hills and Valleys - Valley (Smdhv-v)",
        "Lithology": "Shale, greywacke with rythmite, slate & phyllite (0598), Palaeocene-Eocene",
        "LULC": "Evergreen Open Forest",
        "Triggering": "Rainfall",
        "Year": "2023",
        "Basin": "Brahmaputra Basin",
        "Sub_Basin": "Brahmaputra Upper",
        "Source": "RESOURCESAT-2, 2A, 10m CARTODEM, NGLM 50k(2011-2012), Lithology-GSI 50k(2011), SISDP-P2-LULC 10k(2018-2023) & India-WRIS"
      }
    },
    {
      "type": "Feature",
      "id": "LS_NAGALAND_2023.334",
      "geometry": {
        "type": "MultiPolygon",
        "coordinates": [
          [
            [
              [
                94.37785746,
                26.04485644
              ],
              [
                94.37785746,
                26.04537702
              ],
              [
                94.37822906,
                26.04537702
              ],
              [
                94.37822906,
                26.04485644
              ],
              [
                94.37785746,
                26.04485644
              ]
            ]
          ]
        ]
      },
      "geometry_name": "the_geom",
      "properties": {
        "Slide_No": "NL/ZU/83J8/2023/47",
        "State": "NAGALAND",
        "District": "ZUNHEBOTO",
        "Topo_No": "83J8",
        "Latitude": 26.0451,
        "Longitude": 94.378,
        "Length_m": 57.358,
        "Width_m": 36.513,
        "Height_m": 34.3817138672,
        "Area_Sqm": 1098.84,
        "Activity": "Reactivated",
        "Geomorpho": "Structural Origin - Moderately Dissected Hills and Valleys (Smdhv)",
        "Lithology": "Shale, greywacke with rythmite, slate & phyllite (0598), Palaeocene-Eocene",
        "LULC": "Evergreen Closed Forest",
        "Triggering": "Rainfall",
        "Year": "2023",
        "Basin": "Brahmaputra Basin",
        "Sub_Basin": "Brahmaputra Upper",
        "Source": "RESOURCESAT-2, 2A, 10m CARTODEM, NGLM 50k(2011-2012), Lithology-GSI 50k(2011), SISDP-P2-LULC 10k(2018-2023) & India-WRIS"
      }
    },
    {
      "type": "Feature",
      "id": "LS_NAGALAND_2023.335",
      "geometry": {
        "type": "MultiPolygon",
        "coordinates": [
          [
            [
              [
                94.39791662,
                26.06346259
              ],
              [
                94.39791662,
                26.06361005
              ],
              [
                94.39803639,
                26.06361005
              ],
              [
                94.39803639,
                26.06346259
              ],
              [
                94.39791662,
                26.06346259
              ]
            ]
          ]
        ]
      },
      "geometry_name": "the_geom",
      "properties": {
        "Slide_No": "NL/ZU/83J8/2023/48",
        "State": "NAGALAND",
        "District": "ZUNHEBOTO",
        "Topo_No": "83J8",
        "Latitude": 26.0635,
        "Longitude": 94.398,
        "Length_m": 16.048,
        "Width_m": 12.184,
        "Height_m": 7.11071777344,
        "Area_Sqm": 153.911,
        "Activity": "Active",
        "Geomorpho": "Structural Origin - Moderately Dissected Hills and Valleys (Smdhv)",
        "Lithology": "Shale, siltstone, greywacke rhythmite & sandstone (0594), Palaeocene-Eocene",
        "LULC": "Evergreen Open Forest",
        "Triggering": "Rainfall",
        "Year": "2023",
        "Basin": "Brahmaputra Basin",
        "Sub_Basin": "Brahmaputra Upper",
        "Source": "RESOURCESAT-2, 2A, 10m CARTODEM, NGLM 50k(2011-2012), Lithology-GSI 50k(2011), SISDP-P2-LULC 10k(2018-2023) & India-WRIS"
      }
    },
    {
      "type": "Feature",
      "id": "LS_NAGALAND_2023.336",
      "geometry": {
        "type": "MultiPolygon",
        "coordinates": [
          [
            [
              [
                94.39452448,
                26.06456474
              ],
              [
                94.39452448,
                26.06468362
              ],
              [
                94.39467336,
                26.06468362
              ],
              [
                94.39467336,
                26.06456474
              ],
              [
                94.39452448,
                26.06456474
              ]
            ]
          ]
        ]
      },
      "geometry_name": "the_geom",
      "properties": {
        "Slide_No": "NL/ZU/83J8/2023/49",
        "State": "NAGALAND",
        "District": "ZUNHEBOTO",
        "Topo_No": "83J8",
        "Latitude": 26.0646,
        "Longitude": 94.3946,
        "Length_m": 15.316,
        "Width_m": 10.268,
        "Height_m": 8.170777,
        "Area_Sqm": 108.099,
        "Activity": "Active",
        "Geomorpho": "Structural Origin - Moderately Dissected Hills and Valleys (Smdhv)",
        "Lithology": "Shale, siltstone, greywacke rhythmite & sandstone (0594), Palaeocene-Eocene",
        "LULC": "Evergreen Open Forest",
        "Triggering": "Rainfall",
        "Year": "2023",
        "Basin": "Brahmaputra Basin",
        "Sub_Basin": "Brahmaputra Upper",
        "Source": "RESOURCESAT-2, 2A, 10m CARTODEM, NGLM 50k(2011-2012), Lithology-GSI 50k(2011), SISDP-P2-LULC 10k(2018-2023) & India-WRIS"
      }
    },
    {
      "type": "Feature",
      "id": "LS_NAGALAND_2023.337",
      "geometry": {
        "type": "MultiPolygon",
        "coordinates": [
          [
            [
              [
                94.42185999,
                26.05673887
              ],
              [
                94.42185999,
                26.05689743
              ],
              [
                94.42198079,
                26.05689743
              ],
              [
                94.42198079,
                26.05673887
              ],
              [
                94.42185999,
                26.05673887
              ]
            ]
          ]
        ]
      },
      "geometry_name": "the_geom",
      "properties": {
        "Slide_No": "NL/ZU/83J8/2023/50",
        "State": "NAGALAND",
        "District": "ZUNHEBOTO",
        "Topo_No": "83J8",
        "Latitude": 26.0568,
        "Longitude": 94.4219,
        "Length_m": 18.454,
        "Width_m": 10.828,
        "Height_m": 6.139893,
        "Area_Sqm": 149.788,
        "Activity": "Active",
        "Geomorpho": "Structural Origin - Moderately Dissected Hills and Valleys (Smdhv)",
        "Lithology": "Shale, siltstone, greywacke rhythmite & sandstone (0594), Palaeocene-Eocene",
        "LULC": "Evergreen Closed Forest",
        "Triggering": "Rainfall",
        "Year": "2023",
        "Basin": "Brahmaputra Basin",
        "Sub_Basin": "Brahmaputra Upper",
        "Source": "RESOURCESAT-2, 2A, 10m CARTODEM, NGLM 50k(2011-2012), Lithology-GSI 50k(2011), SISDP-P2-LULC 10k(2018-2023) & India-WRIS"
      }
    },
    {
      "type": "Feature",
      "id": "LS_NAGALAND_2023.338",
      "geometry": {
        "type": "MultiPolygon",
        "coordinates": [
          [
            [
              [
                94.41737276,
                26.0539105
              ],
              [
                94.41737276,
                26.05406563
              ],
              [
                94.41751478,
                26.05406563
              ],
              [
                94.41751478,
                26.0539105
              ],
              [
                94.41737276,
                26.0539105
              ]
            ]
          ]
        ]
      },
      "geometry_name": "the_geom",
      "properties": {
        "Slide_No": "NL/ZU/83J8/2023/51",
        "State": "NAGALAND",
        "District": "ZUNHEBOTO",
        "Topo_No": "83J8",
        "Latitude": 26.054,
        "Longitude": 94.4174,
        "Length_m": 16.723,
        "Width_m": 14.396,
        "Height_m": 3.210083,
        "Area_Sqm": 198.348,
        "Activity": "Active",
        "Geomorpho": "Structural Origin - Moderately Dissected Hills and Valleys (Smdhv)",
        "Lithology": "Shale, siltstone, greywacke rhythmite & sandstone (0594), Palaeocene-Eocene",
        "LULC": "Evergreen Closed Forest",
        "Triggering": "Rainfall",
        "Year": "2023",
        "Basin": "Brahmaputra Basin",
        "Sub_Basin": "Brahmaputra Upper",
        "Source": "RESOURCESAT-2, 2A, 10m CARTODEM, NGLM 50k(2011-2012), Lithology-GSI 50k(2011), SISDP-P2-LULC 10k(2018-2023) & India-WRIS"
      }
    },
    {
      "type": "Feature",
      "id": "LS_NAGALAND_2023.339",
      "geometry": {
        "type": "MultiPolygon",
        "coordinates": [
          [
            [
              [
                94.45413173,
                26.05384572
              ],
              [
                94.45413173,
                26.05404593
              ],
              [
                94.4542759,
                26.05404593
              ],
              [
                94.4542759,
                26.05384572
              ],
              [
                94.45413173,
                26.05384572
              ]
            ]
          ]
        ]
      },
      "geometry_name": "the_geom",
      "properties": {
        "Slide_No": "NL/ZU/83J8/2023/52",
        "State": "NAGALAND",
        "District": "ZUNHEBOTO",
        "Topo_No": "83J8",
        "Latitude": 26.054,
        "Longitude": 94.4542,
        "Length_m": 22.35,
        "Width_m": 14.231,
        "Height_m": 5.80902099609,
        "Area_Sqm": 229.182,
        "Activity": "Active",
        "Geomorpho": "Structural Origin - Highly Dissected Hills and Valleys (Shdhv)",
        "Lithology": "Shale, siltstone, greywacke rhythmite & sandstone (0594), Palaeocene-Eocene",
        "LULC": "Agriculture - Crop Land",
        "Triggering": "Rainfall",
        "Year": "2023",
        "Basin": "Brahmaputra Basin",
        "Sub_Basin": "Brahmaputra Upper",
        "Source": "RESOURCESAT-2, 2A, 10m CARTODEM, NGLM 50k(2011-2012), Lithology-GSI 50k(2011), SISDP-P2-LULC 10k(2018-2023) & India-WRIS"
      }
    },
    {
      "type": "Feature",
      "id": "LS_NAGALAND_2023.340",
      "geometry": {
        "type": "MultiPolygon",
        "coordinates": [
          [
            [
              [
                94.45547371,
                26.05401465
              ],
              [
                94.45547371,
                26.05414617
              ],
              [
                94.45557867,
                26.05414617
              ],
              [
                94.45557867,
                26.05401465
              ],
              [
                94.45547371,
                26.05401465
              ]
            ]
          ]
        ]
      },
      "geometry_name": "the_geom",
      "properties": {
        "Slide_No": "NL/ZU/83J8/2023/53",
        "State": "NAGALAND",
        "District": "ZUNHEBOTO",
        "Topo_No": "83J8",
        "Latitude": 26.0541,
        "Longitude": 94.4555,
        "Length_m": 14.711,
        "Width_m": 10.198,
        "Height_m": 6.895569,
        "Area_Sqm": 119.804,
        "Activity": "Active",
        "Geomorpho": "Structural Origin - Highly Dissected Hills and Valleys (Shdhv)",
        "Lithology": "Shale, siltstone, greywacke rhythmite & sandstone (0594), Palaeocene-Eocene",
        "LULC": "Agriculture - Crop Land",
        "Triggering": "Rainfall",
        "Year": "2023",
        "Basin": "Brahmaputra Basin",
        "Sub_Basin": "Brahmaputra Upper",
        "Source": "RESOURCESAT-2, 2A, 10m CARTODEM, NGLM 50k(2011-2012), Lithology-GSI 50k(2011), SISDP-P2-LULC 10k(2018-2023) & India-WRIS"
      }
    },
    {
      "type": "Feature",
      "id": "LS_NAGALAND_2023.341",
      "geometry": {
        "type": "MultiPolygon",
        "coordinates": [
          [
            [
              [
                94.43918359,
                26.05597497
              ],
              [
                94.43918359,
                26.0561704
              ],
              [
                94.43936352,
                26.0561704
              ],
              [
                94.43936352,
                26.05597497
              ],
              [
                94.43918359,
                26.05597497
              ]
            ]
          ]
        ]
      },
      "geometry_name": "the_geom",
      "properties": {
        "Slide_No": "NL/ZU/83J8/2023/54",
        "State": "NAGALAND",
        "District": "ZUNHEBOTO",
        "Topo_No": "83J8",
        "Latitude": 26.0561,
        "Longitude": 94.4393,
        "Length_m": 22.183,
        "Width_m": 16.702,
        "Height_m": 10.101989,
        "Area_Sqm": 292.432,
        "Activity": "Active",
        "Geomorpho": "Structural Origin - Moderately Dissected Hills and Valleys - Valley (Smdhv-v)",
        "Lithology": "Shale, siltstone, greywacke rhythmite & sandstone (0594), Palaeocene-Eocene",
        "LULC": "Evergreen Open Forest",
        "Triggering": "Rainfall",
        "Year": "2023",
        "Basin": "Brahmaputra Basin",
        "Sub_Basin": "Brahmaputra Upper",
        "Source": "RESOURCESAT-2, 2A, 10m CARTODEM, NGLM 50k(2011-2012), Lithology-GSI 50k(2011), SISDP-P2-LULC 10k(2018-2023) & India-WRIS"
      }
    },
    {
      "type": "Feature",
      "id": "LS_NAGALAND_2023.342",
      "geometry": {
        "type": "MultiPolygon",
        "coordinates": [
          [
            [
              [
                94.43719552,
                26.05543005
              ],
              [
                94.43719552,
                26.05554382
              ],
              [
                94.43730841,
                26.05554382
              ],
              [
                94.43730841,
                26.05543005
              ],
              [
                94.43719552,
                26.05543005
              ]
            ]
          ]
        ]
      },
      "geometry_name": "the_geom",
      "properties": {
        "Slide_No": "NL/ZU/83J8/2023/55",
        "State": "NAGALAND",
        "District": "ZUNHEBOTO",
        "Topo_No": "83J8",
        "Latitude": 26.0555,
        "Longitude": 94.4372,
        "Length_m": 12.47,
        "Width_m": 11.406,
        "Height_m": 4.486084,
        "Area_Sqm": 112.504,
        "Activity": "Active",
        "Geomorpho": "Structural Origin - Moderately Dissected Hills and Valleys (Smdhv)",
        "Lithology": "Shale, siltstone, greywacke rhythmite & sandstone (0594), Palaeocene-Eocene",
        "LULC": "Evergreen Open Forest",
        "Triggering": "Rainfall",
        "Year": "2023",
        "Basin": "Brahmaputra Basin",
        "Sub_Basin": "Brahmaputra Upper",
        "Source": "RESOURCESAT-2, 2A, 10m CARTODEM, NGLM 50k(2011-2012), Lithology-GSI 50k(2011), SISDP-P2-LULC 10k(2018-2023) & India-WRIS"
      }
    },
    {
      "type": "Feature",
      "id": "LS_NAGALAND_2023.343",
      "geometry": {
        "type": "MultiPolygon",
        "coordinates": [
          [
            [
              [
                94.49632215,
                26.0689857
              ],
              [
                94.49632215,
                26.06912646
              ],
              [
                94.49648141,
                26.06912646
              ],
              [
                94.49648141,
                26.0689857
              ],
              [
                94.49632215,
                26.0689857
              ]
            ]
          ]
        ]
      },
      "geometry_name": "the_geom",
      "properties": {
        "Slide_No": "NL/ZU/83J8/2023/56",
        "State": "NAGALAND",
        "District": "ZUNHEBOTO",
        "Topo_No": "83J8",
        "Latitude": 26.0691,
        "Longitude": 94.4964,
        "Length_m": 16.381,
        "Width_m": 14.969,
        "Height_m": 4.968994,
        "Area_Sqm": 185.592,
        "Activity": "Active",
        "Geomorpho": "Structural Origin - Moderately Dissected Hills and Valleys - Valley (Smdhv-v)",
        "Lithology": "Shale, siltstone, greywacke rhythmite & sandstone (0594), Palaeocene-Eocene",
        "LULC": "Evergreen Open Forest",
        "Triggering": "Rainfall",
        "Year": "2023",
        "Basin": "Brahmaputra Basin",
        "Sub_Basin": "Brahmaputra Upper",
        "Source": "RESOURCESAT-2, 2A, 10m CARTODEM, NGLM 50k(2011-2012), Lithology-GSI 50k(2011), SISDP-P2-LULC 10k(2018-2023) & India-WRIS"
      }
    },
    {
      "type": "Feature",
      "id": "LS_NAGALAND_2023.344",
      "geometry": {
        "type": "MultiPolygon",
        "coordinates": [
          [
            [
              [
                94.49767418,
                26.08893165
              ],
              [
                94.49767418,
                26.08948498
              ],
              [
                94.49800332,
                26.08948498
              ],
              [
                94.49800332,
                26.08893165
              ],
              [
                94.49767418,
                26.08893165
              ]
            ]
          ]
        ]
      },
      "geometry_name": "the_geom",
      "properties": {
        "Slide_No": "NL/ZU/83J8/2023/57",
        "State": "NAGALAND",
        "District": "ZUNHEBOTO",
        "Topo_No": "83J8",
        "Latitude": 26.0892,
        "Longitude": 94.4978,
        "Length_m": 62.563,
        "Width_m": 27.258,
        "Height_m": 5.53247070312,
        "Area_Sqm": 1135.3,
        "Activity": "Active",
        "Geomorpho": "Structural Origin - Moderately Dissected Hills and Valleys (Smdhv)",
        "Lithology": "Shale, siltstone, greywacke rhythmite & sandstone (0594), Palaeocene-Eocene",
        "LULC": "Evergreen Open Forest",
        "Triggering": "Rainfall",
        "Year": "2023",
        "Basin": "Brahmaputra Basin",
        "Sub_Basin": "Brahmaputra Upper",
        "Source": "RESOURCESAT-2, 2A, 10m CARTODEM, NGLM 50k(2011-2012), Lithology-GSI 50k(2011), SISDP-P2-LULC 10k(2018-2023) & India-WRIS"
      }
    },
    {
      "type": "Feature",
      "id": "LS_NAGALAND_2023.345",
      "geometry": {
        "type": "MultiPolygon",
        "coordinates": [
          [
            [
              [
                94.39064108,
                26.08690071
              ],
              [
                94.39064108,
                26.08721256
              ],
              [
                94.39078431,
                26.08721256
              ],
              [
                94.39078431,
                26.08690071
              ],
              [
                94.39064108,
                26.08690071
              ]
            ]
          ]
        ]
      },
      "geometry_name": "the_geom",
      "properties": {
        "Slide_No": "NL/ZU/83J8/2023/58",
        "State": "NAGALAND",
        "District": "ZUNHEBOTO",
        "Topo_No": "83J8",
        "Latitude": 26.0871,
        "Longitude": 94.3907,
        "Length_m": 34.687,
        "Width_m": 12.83,
        "Height_m": 14.653717041,
        "Area_Sqm": 355.971,
        "Activity": "Active",
        "Geomorpho": "Structural Origin - Moderately Dissected Hills and Valleys (Smdhv)",
        "Lithology": "Shale, siltstone, greywacke rhythmite & sandstone (0594), Palaeocene-Eocene",
        "LULC": "Evergreen Open Forest",
        "Triggering": "Rainfall",
        "Year": "2023",
        "Basin": "Brahmaputra Basin",
        "Sub_Basin": "Brahmaputra Upper",
        "Source": "RESOURCESAT-2, 2A, 10m CARTODEM, NGLM 50k(2011-2012), Lithology-GSI 50k(2011), SISDP-P2-LULC 10k(2018-2023) & India-WRIS"
      }
    },
    {
      "type": "Feature",
      "id": "LS_NAGALAND_2023.346",
      "geometry": {
        "type": "MultiPolygon",
        "coordinates": [
          [
            [
              [
                94.39248357,
                26.08779143
              ],
              [
                94.39248357,
                26.08803188
              ],
              [
                94.39269451,
                26.08803188
              ],
              [
                94.39269451,
                26.08779143
              ],
              [
                94.39248357,
                26.08779143
              ]
            ]
          ]
        ]
      },
      "geometry_name": "the_geom",
      "properties": {
        "Slide_No": "NL/ZU/83J8/2023/59",
        "State": "NAGALAND",
        "District": "ZUNHEBOTO",
        "Topo_No": "83J8",
        "Latitude": 26.0879,
        "Longitude": 94.3926,
        "Length_m": 25.991,
        "Width_m": 20.812,
        "Height_m": 9.21701049805,
        "Area_Sqm": 431.369,
        "Activity": "Active",
        "Geomorpho": "Structural Origin - Moderately Dissected Hills and Valleys (Smdhv)",
        "Lithology": "Shale, siltstone, greywacke rhythmite & sandstone (0594), Palaeocene-Eocene",
        "LULC": "Evergreen Open Forest",
        "Triggering": "Rainfall",
        "Year": "2023",
        "Basin": "Brahmaputra Basin",
        "Sub_Basin": "Brahmaputra Upper",
        "Source": "RESOURCESAT-2, 2A, 10m CARTODEM, NGLM 50k(2011-2012), Lithology-GSI 50k(2011), SISDP-P2-LULC 10k(2018-2023) & India-WRIS"
      }
    },
    {
      "type": "Feature",
      "id": "LS_NAGALAND_2023.347",
      "geometry": {
        "type": "MultiPolygon",
        "coordinates": [
          [
            [
              [
                94.43230519,
                26.08077758
              ],
              [
                94.43230519,
                26.08092449
              ],
              [
                94.43257484,
                26.08092449
              ],
              [
                94.43257484,
                26.08077758
              ],
              [
                94.43230519,
                26.08077758
              ]
            ]
          ]
        ]
      },
      "geometry_name": "the_geom",
      "properties": {
        "Slide_No": "NL/ZU/83J8/2023/60",
        "State": "NAGALAND",
        "District": "ZUNHEBOTO",
        "Topo_No": "83J8",
        "Latitude": 26.0808,
        "Longitude": 94.4324,
        "Length_m": 27.366,
        "Width_m": 15.07,
        "Height_m": 11.954284668,
        "Area_Sqm": 325.784,
        "Activity": "Active",
        "Geomorpho": "Structural Origin - Moderately Dissected Hills and Valleys (Smdhv)",
        "Lithology": "Shale, siltstone, greywacke rhythmite & sandstone (0594), Palaeocene-Eocene",
        "LULC": "Others - Shifting Cultivation",
        "Triggering": "Rainfall",
        "Year": "2023",
        "Basin": "Brahmaputra Basin",
        "Sub_Basin": "Brahmaputra Upper",
        "Source": "RESOURCESAT-2, 2A, 10m CARTODEM, NGLM 50k(2011-2012), Lithology-GSI 50k(2011), SISDP-P2-LULC 10k(2018-2023) & India-WRIS"
      }
    },
    {
      "type": "Feature",
      "id": "LS_NAGALAND_2023.348",
      "geometry": {
        "type": "MultiPolygon",
        "coordinates": [
          [
            [
              [
                94.43661484,
                26.06534499
              ],
              [
                94.43661484,
                26.06547405
              ],
              [
                94.43676916,
                26.06547405
              ],
              [
                94.43676916,
                26.06534499
              ],
              [
                94.43661484,
                26.06534499
              ]
            ]
          ]
        ]
      },
      "geometry_name": "the_geom",
      "properties": {
        "Slide_No": "NL/ZU/83J8/2023/61",
        "State": "NAGALAND",
        "District": "ZUNHEBOTO",
        "Topo_No": "83J8",
        "Latitude": 26.0654,
        "Longitude": 94.4367,
        "Length_m": 15.821,
        "Width_m": 13.54,
        "Height_m": 4.673706,
        "Area_Sqm": 170.363,
        "Activity": "Active",
        "Geomorpho": "Structural Origin - Moderately Dissected Hills and Valleys (Smdhv)",
        "Lithology": "Shale, siltstone, greywacke rhythmite & sandstone (0594), Palaeocene-Eocene",
        "LULC": "Evergreen Closed Forest",
        "Triggering": "Rainfall",
        "Year": "2023",
        "Basin": "Brahmaputra Basin",
        "Sub_Basin": "Brahmaputra Upper",
        "Source": "RESOURCESAT-2, 2A, 10m CARTODEM, NGLM 50k(2011-2012), Lithology-GSI 50k(2011), SISDP-P2-LULC 10k(2018-2023) & India-WRIS"
      }
    },
    {
      "type": "Feature",
      "id": "LS_NAGALAND_2023.349",
      "geometry": {
        "type": "MultiPolygon",
        "coordinates": [
          [
            [
              [
                94.42282062,
                26.06659468
              ],
              [
                94.42282062,
                26.06672151
              ],
              [
                94.42295069,
                26.06672151
              ],
              [
                94.42295069,
                26.06659468
              ],
              [
                94.42282062,
                26.06659468
              ]
            ]
          ]
        ]
      },
      "geometry_name": "the_geom",
      "properties": {
        "Slide_No": "NL/ZU/83J8/2023/62",
        "State": "NAGALAND",
        "District": "ZUNHEBOTO",
        "Topo_No": "83J8",
        "Latitude": 26.0667,
        "Longitude": 94.4229,
        "Length_m": 13.94,
        "Width_m": 12.345,
        "Height_m": 3.33489990234,
        "Area_Sqm": 140.531,
        "Activity": "Active",
        "Geomorpho": "Structural Origin - Moderately Dissected Hills and Valleys (Smdhv)",
        "Lithology": "Shale, siltstone, greywacke rhythmite & sandstone (0594), Palaeocene-Eocene",
        "LULC": "Evergreen Closed Forest",
        "Triggering": "Rainfall",
        "Year": "2023",
        "Basin": "Brahmaputra Basin",
        "Sub_Basin": "Brahmaputra Upper",
        "Source": "RESOURCESAT-2, 2A, 10m CARTODEM, NGLM 50k(2011-2012), Lithology-GSI 50k(2011), SISDP-P2-LULC 10k(2018-2023) & India-WRIS"
      }
    },
    {
      "type": "Feature",
      "id": "LS_NAGALAND_2023.350",
      "geometry": {
        "type": "MultiPolygon",
        "coordinates": [
          [
            [
              [
                94.44883182,
                26.0618647
              ],
              [
                94.44883182,
                26.06198365
              ],
              [
                94.44893249,
                26.06198365
              ],
              [
                94.44893249,
                26.0618647
              ],
              [
                94.44883182,
                26.0618647
              ]
            ]
          ]
        ]
      },
      "geometry_name": "the_geom",
      "properties": {
        "Slide_No": "NL/ZU/83J8/2023/63",
        "State": "NAGALAND",
        "District": "ZUNHEBOTO",
        "Topo_No": "83J8",
        "Latitude": 26.0619,
        "Longitude": 94.4489,
        "Length_m": 13.193,
        "Width_m": 10.058,
        "Height_m": 6.953918,
        "Area_Sqm": 109.752,
        "Activity": "Active",
        "Geomorpho": "Structural Origin - Moderately Dissected Hills and Valleys (Smdhv)",
        "Lithology": "Shale, siltstone, greywacke rhythmite & sandstone (0594), Palaeocene-Eocene",
        "LULC": "Agriculture - Crop Land",
        "Triggering": "Rainfall",
        "Year": "2023",
        "Basin": "Brahmaputra Basin",
        "Sub_Basin": "Brahmaputra Upper",
        "Source": "RESOURCESAT-2, 2A, 10m CARTODEM, NGLM 50k(2011-2012), Lithology-GSI 50k(2011), SISDP-P2-LULC 10k(2018-2023) & India-WRIS"
      }
    },
    {
      "type": "Feature",
      "id": "LS_NAGALAND_2023.351",
      "geometry": {
        "type": "MultiPolygon",
        "coordinates": [
          [
            [
              [
                94.42282854,
                26.03555747
              ],
              [
                94.42282854,
                26.03570505
              ],
              [
                94.42293339,
                26.03570505
              ],
              [
                94.42293339,
                26.03555747
              ],
              [
                94.42282854,
                26.03555747
              ]
            ]
          ]
        ]
      },
      "geometry_name": "the_geom",
      "properties": {
        "Slide_No": "NL/ZU/83J8/2023/64",
        "State": "NAGALAND",
        "District": "ZUNHEBOTO",
        "Topo_No": "83J8",
        "Latitude": 26.0356,
        "Longitude": 94.4229,
        "Length_m": 16.702,
        "Width_m": 10.069,
        "Height_m": 6.789032,
        "Area_Sqm": 131.229,
        "Activity": "Active",
        "Geomorpho": "Structural Origin - Moderately Dissected Hills and Valleys - Valley (Smdhv-v)",
        "Lithology": "Shale, siltstone, greywacke rhythmite & sandstone (0594), Palaeocene-Eocene",
        "LULC": "Evergreen Closed Forest",
        "Triggering": "Rainfall",
        "Year": "2023",
        "Basin": "Brahmaputra Basin",
        "Sub_Basin": "Brahmaputra Upper",
        "Source": "RESOURCESAT-2, 2A, 10m CARTODEM, NGLM 50k(2011-2012), Lithology-GSI 50k(2011), SISDP-P2-LULC 10k(2018-2023) & India-WRIS"
      }
    },
    {
      "type": "Feature",
      "id": "LS_NAGALAND_2023.358",
      "geometry": {
        "type": "MultiPolygon",
        "coordinates": [
          [
            [
              [
                94.40491836,
                25.95378981
              ],
              [
                94.40491836,
                25.95395091
              ],
              [
                94.40502165,
                25.95395091
              ],
              [
                94.40502165,
                25.95378981
              ],
              [
                94.40491836,
                25.95378981
              ]
            ]
          ]
        ]
      },
      "geometry_name": "the_geom",
      "properties": {
        "Slide_No": "NL/ZU/83K5/2023/79",
        "State": "NAGALAND",
        "District": "ZUNHEBOTO",
        "Topo_No": "83K5",
        "Latitude": 25.9539,
        "Longitude": 94.405,
        "Length_m": 17.836,
        "Width_m": 9.779,
        "Height_m": 3.79772949219,
        "Area_Sqm": 151.561,
        "Activity": "Active",
        "Geomorpho": "Structural Origin - Highly Dissected Hills and Valleys (Shdhv)",
        "Lithology": "Shale, siltstone, greywacke rhythmite & sandstone (0594), Palaeocene-Eocene",
        "LULC": "Evergreen Open Forest",
        "Triggering": "Rainfall",
        "Year": "2023",
        "Basin": "Brahmaputra Basin",
        "Sub_Basin": "Brahmaputra Upper",
        "Source": "RESOURCESAT-2, 2A, 10m CARTODEM, NGLM 50k(2011-2012), Lithology-GSI 50k(2011), SISDP-P2-LULC 10k(2018-2023) & India-WRIS"
      }
    },
    {
      "type": "Feature",
      "id": "LS_NAGALAND_2023.359",
      "geometry": {
        "type": "MultiPolygon",
        "coordinates": [
          [
            [
              [
                94.41088665,
                25.99151173
              ],
              [
                94.41088665,
                25.99167001
              ],
              [
                94.41101041,
                25.99167001
              ],
              [
                94.41101041,
                25.99151173
              ],
              [
                94.41088665,
                25.99151173
              ]
            ]
          ]
        ]
      },
      "geometry_name": "the_geom",
      "properties": {
        "Slide_No": "NL/ZU/83K5/2023/80",
        "State": "NAGALAND",
        "District": "ZUNHEBOTO",
        "Topo_No": "83K5",
        "Latitude": 25.9916,
        "Longitude": 94.4109,
        "Length_m": 17.27,
        "Width_m": 12.536,
        "Height_m": 6.012574,
        "Area_Sqm": 161.755,
        "Activity": "Active",
        "Geomorpho": "Structural Origin - Highly Dissected Hills and Valleys (Shdhv)",
        "Lithology": "Shale, siltstone, greywacke rhythmite & sandstone (0594), Palaeocene-Eocene",
        "LULC": "Evergreen Open Forest",
        "Triggering": "Rainfall",
        "Year": "2023",
        "Basin": "Brahmaputra Basin",
        "Sub_Basin": "Brahmaputra Upper",
        "Source": "RESOURCESAT-2, 2A, 10m CARTODEM, NGLM 50k(2011-2012), Lithology-GSI 50k(2011), SISDP-P2-LULC 10k(2018-2023) & India-WRIS"
      }
    },
    {
      "type": "Feature",
      "id": "LS_NAGALAND_2023.360",
      "geometry": {
        "type": "MultiPolygon",
        "coordinates": [
          [
            [
              [
                94.43021617,
                25.99037789
              ],
              [
                94.43021617,
                25.99055364
              ],
              [
                94.43036785,
                25.99055364
              ],
              [
                94.43036785,
                25.99037789
              ],
              [
                94.43021617,
                25.99037789
              ]
            ]
          ]
        ]
      },
      "geometry_name": "the_geom",
      "properties": {
        "Slide_No": "NL/ZU/83K5/2023/81",
        "State": "NAGALAND",
        "District": "ZUNHEBOTO",
        "Topo_No": "83K5",
        "Latitude": 25.9905,
        "Longitude": 94.4303,
        "Length_m": 17.666,
        "Width_m": 16.275,
        "Height_m": 6.33636474609,
        "Area_Sqm": 223.88,
        "Activity": "Active",
        "Geomorpho": "Structural Origin - Highly Dissected Hills and Valleys (Shdhv)",
        "Lithology": "Shale, siltstone, greywacke rhythmite & sandstone (0594), Palaeocene-Eocene",
        "LULC": "Evergreen Open Forest",
        "Triggering": "Rainfall",
        "Year": "2023",
        "Basin": "Brahmaputra Basin",
        "Sub_Basin": "Brahmaputra Upper",
        "Source": "RESOURCESAT-2, 2A, 10m CARTODEM, NGLM 50k(2011-2012), Lithology-GSI 50k(2011), SISDP-P2-LULC 10k(2018-2023) & India-WRIS"
      }
    },
    {
      "type": "Feature",
      "id": "LS_NAGALAND_2023.361",
      "geometry": {
        "type": "MultiPolygon",
        "coordinates": [
          [
            [
              [
                94.46167222,
                25.94827662
              ],
              [
                94.46167222,
                25.94840839
              ],
              [
                94.46185551,
                25.94840839
              ],
              [
                94.46185551,
                25.94827662
              ],
              [
                94.46167222,
                25.94827662
              ]
            ]
          ]
        ]
      },
      "geometry_name": "the_geom",
      "properties": {
        "Slide_No": "NL/ZU/83K5/2023/82",
        "State": "NAGALAND",
        "District": "ZUNHEBOTO",
        "Topo_No": "83K5",
        "Latitude": 25.9483,
        "Longitude": 94.4618,
        "Length_m": 21.066,
        "Width_m": 10.942,
        "Height_m": 4.99792480469,
        "Area_Sqm": 175.057,
        "Activity": "Active",
        "Geomorpho": "Structural Origin - Highly Dissected Hills and Valleys (Shdhv)",
        "Lithology": "Shale, siltstone, greywacke rhythmite & sandstone (0594), Palaeocene-Eocene",
        "LULC": "Evergreen Open Forest",
        "Triggering": "Rainfall",
        "Year": "2023",
        "Basin": "Brahmaputra Basin",
        "Sub_Basin": "Brahmaputra Upper",
        "Source": "RESOURCESAT-2, 2A, 10m CARTODEM, NGLM 50k(2011-2012), Lithology-GSI 50k(2011), SISDP-P2-LULC 10k(2018-2023) & India-WRIS"
      }
    },
    {
      "type": "Feature",
      "id": "LS_NAGALAND_2023.362",
      "geometry": {
        "type": "MultiPolygon",
        "coordinates": [
          [
            [
              [
                94.53121586,
                25.99994212
              ],
              [
                94.53121586,
                26.00016268
              ],
              [
                94.53151153,
                26.00016268
              ],
              [
                94.53151153,
                25.99994212
              ],
              [
                94.53121586,
                25.99994212
              ]
            ]
          ]
        ]
      },
      "geometry_name": "the_geom",
      "properties": {
        "Slide_No": "NL/ZU/83J12/2023/10",
        "State": "NAGALAND",
        "District": "ZUNHEBOTO",
        "Topo_No": "83J12",
        "Latitude": 26.0001,
        "Longitude": 94.5313,
        "Length_m": 30.054,
        "Width_m": 18.781,
        "Height_m": 15.9504394531,
        "Area_Sqm": 403.172,
        "Activity": "Reactivated",
        "Geomorpho": "Structural Origin - Highly Dissected Hills and Valleys (Shdhv)",
        "Lithology": "Shale, siltstone, greywacke rhythmite & sandstone (0594), Palaeocene-Eocene",
        "LULC": "Evergreen Open Forest",
        "Triggering": "Rainfall",
        "Year": "2023",
        "Basin": "Minor rivers draining into Myanmar Basin",
        "Sub_Basin": "Imphal and others",
        "Source": "RESOURCESAT-2, 2A, 10m CARTODEM, NGLM 50k(2011-2012), Lithology-GSI 50k(2011), SISDP-P2-LULC 10k(2018-2023) & India-WRIS"
      }
    },
    {
      "type": "Feature",
      "id": "LS_NAGALAND_2023.363",
      "geometry": {
        "type": "MultiPolygon",
        "coordinates": [
          [
            [
              [
                94.50656827,
                26.0251291
              ],
              [
                94.50656827,
                26.02534514
              ],
              [
                94.50677121,
                26.02534514
              ],
              [
                94.50677121,
                26.0251291
              ],
              [
                94.50656827,
                26.0251291
              ]
            ]
          ]
        ]
      },
      "geometry_name": "the_geom",
      "properties": {
        "Slide_No": "NL/ZU/83J12/2023/11",
        "State": "NAGALAND",
        "District": "ZUNHEBOTO",
        "Topo_No": "83J12",
        "Latitude": 26.0253,
        "Longitude": 94.5067,
        "Length_m": 23.669,
        "Width_m": 18.961,
        "Height_m": 5.41687,
        "Area_Sqm": 253.563,
        "Activity": "Reactivated",
        "Geomorpho": "Structural Origin - Moderately Dissected Hills and Valleys - Valley (Smdhv-v)",
        "Lithology": "Shale, siltstone, greywacke rhythmite & sandstone (0594), Palaeocene-Eocene",
        "LULC": "Evergreen Closed Forest",
        "Triggering": "Rainfall",
        "Year": "2023",
        "Basin": "Brahmaputra Basin",
        "Sub_Basin": "Brahmaputra Upper",
        "Source": "RESOURCESAT-2, 2A, 10m CARTODEM, NGLM 50k(2011-2012), Lithology-GSI 50k(2011), SISDP-P2-LULC 10k(2018-2023) & India-WRIS"
      }
    },
    {
      "type": "Feature",
      "id": "LS_NAGALAND_2023.364",
      "geometry": {
        "type": "MultiPolygon",
        "coordinates": [
          [
            [
              [
                94.76080275,
                26.10808184
              ],
              [
                94.76080275,
                26.10827658
              ],
              [
                94.76124596,
                26.10827658
              ],
              [
                94.76124596,
                26.10808184
              ],
              [
                94.76080275,
                26.10808184
              ]
            ]
          ]
        ]
      },
      "geometry_name": "the_geom",
      "properties": {
        "Slide_No": "NL/SHA/83J16/2023/14",
        "State": "NAGALAND",
        "District": "SHAMATOR",
        "Topo_No": "83J16",
        "Latitude": 26.1082,
        "Longitude": 94.761,
        "Length_m": 43.648,
        "Width_m": 21.273,
        "Height_m": 22.56640625,
        "Area_Sqm": 643.251,
        "Activity": "Active",
        "Geomorpho": "Structural Origin - Highly Dissected Hills and Valleys (Shdhv)",
        "Lithology": "Shale, siltstone, greywacke rhythmite & sandstone (0594), Palaeocene-Eocene",
        "LULC": "Others - Shifting Cultivation",
        "Triggering": "Rainfall",
        "Year": "2023",
        "Basin": "Minor rivers draining into Myanmar Basin",
        "Sub_Basin": "Imphal and others",
        "Source": "RESOURCESAT-2, 2A, 10m CARTODEM, NGLM 50k(2011-2012), Lithology-GSI 50k(2011), SISDP-P2-LULC 10k(2018-2023) & India-WRIS"
      }
    },
    {
      "type": "Feature",
      "id": "LS_NAGALAND_2023.365",
      "geometry": {
        "type": "MultiPolygon",
        "coordinates": [
          [
            [
              [
                94.80331122,
                26.05095436
              ],
              [
                94.80331122,
                26.05120146
              ],
              [
                94.80354695,
                26.05120146
              ],
              [
                94.80354695,
                26.05095436
              ],
              [
                94.80331122,
                26.05095436
              ]
            ]
          ]
        ]
      },
      "geometry_name": "the_geom",
      "properties": {
        "Slide_No": "NL/SHA/83J16/2023/15",
        "State": "NAGALAND",
        "District": "SHAMATOR",
        "Topo_No": "83J16",
        "Latitude": 26.0511,
        "Longitude": 94.8034,
        "Length_m": 29.667,
        "Width_m": 20.404,
        "Height_m": 4.56726074219,
        "Area_Sqm": 456.458,
        "Activity": "Active",
        "Geomorpho": "Structural Origin - Highly Dissected Hills and Valleys (Shdhv)",
        "Lithology": "Shale, greywacke with rythmite, slate & phyllite (0598), Palaeocene-Eocene",
        "LULC": "Evergreen Open Forest",
        "Triggering": "Rainfall",
        "Year": "2023",
        "Basin": "Minor rivers draining into Myanmar Basin",
        "Sub_Basin": "Imphal and others",
        "Source": "RESOURCESAT-2, 2A, 10m CARTODEM, NGLM 50k(2011-2012), Lithology-GSI 50k(2011), SISDP-P2-LULC 10k(2018-2023) & India-WRIS"
      }
    },
    {
      "type": "Feature",
      "id": "LS_NAGALAND_2023.366",
      "geometry": {
        "type": "MultiPolygon",
        "coordinates": [
          [
            [
              [
                94.99027083,
                26.00261851
              ],
              [
                94.99027083,
                26.00286784
              ],
              [
                94.99043188,
                26.00286784
              ],
              [
                94.99043188,
                26.00261851
              ],
              [
                94.99027083,
                26.00261851
              ]
            ]
          ]
        ]
      },
      "geometry_name": "the_geom",
      "properties": {
        "Slide_No": "NL/NOK/83J16/2023/16",
        "State": "NAGALAND",
        "District": "NOKLAK",
        "Topo_No": "83J16",
        "Latitude": 26.0027,
        "Longitude": 94.9903,
        "Length_m": 27.635,
        "Width_m": 16.091,
        "Height_m": 9.21459960938,
        "Area_Sqm": 367.822,
        "Activity": "Active",
        "Geomorpho": "Structural Origin - Moderately Dissected Hills and Valleys - Valley (Smdhv-v)",
        "Lithology": "Shale, greywacke with rythmite, slate & phyllite (0598), Palaeocene-Eocene",
        "LULC": "Evergreen Open Forest",
        "Triggering": "Rainfall",
        "Year": "2023",
        "Basin": "Minor rivers draining into Myanmar Basin",
        "Sub_Basin": "Imphal and others",
        "Source": "RESOURCESAT-2, 2A, 10m CARTODEM, NGLM 50k(2011-2012), Lithology-GSI 50k(2011), SISDP-P2-LULC 10k(2018-2023) & India-WRIS"
      }
    },
    {
      "type": "Feature",
      "id": "LS_NAGALAND_2023.368",
      "geometry": {
        "type": "MultiPolygon",
        "coordinates": [
          [
            [
              [
                94.95438231,
                25.98704692
              ],
              [
                94.95438231,
                25.98786124
              ],
              [
                94.95499729,
                25.98786124
              ],
              [
                94.95499729,
                25.98704692
              ],
              [
                94.95438231,
                25.98704692
              ]
            ]
          ]
        ]
      },
      "geometry_name": "the_geom",
      "properties": {
        "Slide_No": "NL/NOK/83K13/2023/14",
        "State": "NAGALAND",
        "District": "NOKLAK",
        "Topo_No": "83K13",
        "Latitude": 25.9874,
        "Longitude": 94.9547,
        "Length_m": 70.821,
        "Width_m": 65.083,
        "Height_m": 52.9680175781,
        "Area_Sqm": 3184.76,
        "Activity": "Active",
        "Geomorpho": "Structural Origin - Moderately Dissected Hills and Valleys (Smdhv)",
        "Lithology": "Shale, greywacke with rythmite, slate & phyllite (0598), Palaeocene-Eocene",
        "LULC": "Evergreen Open Forest",
        "Triggering": "Rainfall",
        "Year": "2023",
        "Basin": "Minor rivers draining into Myanmar Basin",
        "Sub_Basin": "Imphal and others",
        "Source": "RESOURCESAT-2, 2A, 10m CARTODEM, NGLM 50k(2011-2012), Lithology-GSI 50k(2011), SISDP-P2-LULC 10k(2018-2023) & India-WRIS"
      }
    },
    {
      "type": "Feature",
      "id": "LS_NAGALAND_2023.369",
      "geometry": {
        "type": "MultiPolygon",
        "coordinates": [
          [
            [
              [
                94.76488689,
                25.96685239
              ],
              [
                94.76488689,
                25.9675882
              ],
              [
                94.76603495,
                25.9675882
              ],
              [
                94.76603495,
                25.96685239
              ],
              [
                94.76488689,
                25.96685239
              ]
            ]
          ]
        ]
      },
      "geometry_name": "the_geom",
      "properties": {
        "Slide_No": "NL/KI/83K13/2023/15",
        "State": "NAGALAND",
        "District": "KIPHIRE",
        "Topo_No": "83K13",
        "Latitude": 25.9672,
        "Longitude": 94.7654,
        "Length_m": 135.386,
        "Width_m": 37.258,
        "Height_m": 84.03479,
        "Area_Sqm": 3508.02,
        "Activity": "Active",
        "Geomorpho": "Structural Origin - Moderately Dissected Hills and Valleys (Smdhv)",
        "Lithology": "Flaggy sandstone and interbedded shale & sandstone (Barail Group) 0547), Eocene-Oligocene",
        "LULC": "Agriculture - Single crop Land",
        "Triggering": "Rainfall",
        "Year": "2023",
        "Basin": "Minor rivers draining into Myanmar Basin",
        "Sub_Basin": "Imphal and others",
        "Source": "RESOURCESAT-2, 2A, 10m CARTODEM, NGLM 50k(2011-2012), Lithology-GSI 50k(2011), SISDP-P2-LULC 10k(2018-2023) & India-WRIS"
      }
    },
    {
      "type": "Feature",
      "id": "LS_NAGALAND_2023.373",
      "geometry": {
        "type": "MultiPolygon",
        "coordinates": [
          [
            [
              [
                94.68455351,
                25.98783658
              ],
              [
                94.68455351,
                25.98804965
              ],
              [
                94.68476982,
                25.98804965
              ],
              [
                94.68476982,
                25.98783658
              ],
              [
                94.68455351,
                25.98783658
              ]
            ]
          ]
        ]
      },
      "geometry_name": "the_geom",
      "properties": {
        "Slide_No": "NL/KI/83K9/2023/33",
        "State": "NAGALAND",
        "District": "KIPHIRE",
        "Topo_No": "83K9",
        "Latitude": 25.988,
        "Longitude": 94.6847,
        "Length_m": 21.223,
        "Width_m": 20.627,
        "Height_m": 11.355224,
        "Area_Sqm": 274.03,
        "Activity": "Active",
        "Geomorpho": "Structural Origin - Highly Dissected Hills and Valleys (Shdhv)",
        "Lithology": "Flaggy sandstone with subordinate shale (Barail Group) 0541), Eocene-Oligocene",
        "LULC": "Wasteland - Dense Scrub Land",
        "Triggering": "Rainfall",
        "Year": "2023",
        "Basin": "Minor rivers draining into Myanmar Basin",
        "Sub_Basin": "Imphal and others",
        "Source": "RESOURCESAT-2, 2A, 10m CARTODEM, NGLM 50k(2011-2012), Lithology-GSI 50k(2011), SISDP-P2-LULC 10k(2018-2023) & India-WRIS"
      }
    },
    {
      "type": "Feature",
      "id": "LS_NAGALAND_2023.374",
      "geometry": {
        "type": "MultiPolygon",
        "coordinates": [
          [
            [
              [
                94.65818089,
                25.9636536
              ],
              [
                94.65818089,
                25.96381689
              ],
              [
                94.65832038,
                25.96381689
              ],
              [
                94.65832038,
                25.9636536
              ],
              [
                94.65818089,
                25.9636536
              ]
            ]
          ]
        ]
      },
      "geometry_name": "the_geom",
      "properties": {
        "Slide_No": "NL/KI/83K9/2023/34",
        "State": "NAGALAND",
        "District": "KIPHIRE",
        "Topo_No": "83K9",
        "Latitude": 25.9637,
        "Longitude": 94.6582,
        "Length_m": 17.745,
        "Width_m": 13.243,
        "Height_m": 8.710937,
        "Area_Sqm": 191.428,
        "Activity": "Active",
        "Geomorpho": "Structural Origin - Moderately Dissected Hills and Valleys (Smdhv)",
        "Lithology": "Flaggy sandstone with subordinate shale (Barail Group) 0541), Eocene-Oligocene",
        "LULC": "Semi- Evergreen Open Forest",
        "Triggering": "Rainfall",
        "Year": "2023",
        "Basin": "Minor rivers draining into Myanmar Basin",
        "Sub_Basin": "Imphal and others",
        "Source": "RESOURCESAT-2, 2A, 10m CARTODEM, NGLM 50k(2011-2012), Lithology-GSI 50k(2011), SISDP-P2-LULC 10k(2018-2023) & India-WRIS"
      }
    },
    {
      "type": "Feature",
      "id": "LS_NAGALAND_2023.383",
      "geometry": {
        "type": "MultiPolygon",
        "coordinates": [
          [
            [
              [
                94.1920747,
                26.36131042
              ],
              [
                94.1920747,
                26.36144402
              ],
              [
                94.19220151,
                26.36144402
              ],
              [
                94.19220151,
                26.36131042
              ],
              [
                94.1920747,
                26.36131042
              ]
            ]
          ]
        ]
      },
      "geometry_name": "the_geom",
      "properties": {
        "Slide_No": "NL/WO/83J3/2023/1",
        "State": "NAGALAND",
        "District": "WOKHA",
        "Topo_No": "83J3",
        "Latitude": 26.3614,
        "Longitude": 94.1921,
        "Length_m": 14.826,
        "Width_m": 12.587,
        "Height_m": 3.241394,
        "Area_Sqm": 151.031,
        "Activity": "Active",
        "Geomorpho": "Structural Origin - Moderately Dissected Hills and Valleys (Smdhv)",
        "Lithology": "Sandstone with coal (Barail Group) 0525), Eocene-Oligocene",
        "LULC": "Deciduous Open Forest",
        "Triggering": "Rainfall",
        "Year": "2023",
        "Basin": "Brahmaputra Basin",
        "Sub_Basin": "Brahmaputra Upper",
        "Source": "RESOURCESAT-2, 2A, 10m CARTODEM, NGLM 50k(2011-2012), Lithology-GSI 50k(2011), SISDP-P2-LULC 10k(2018-2023) & India-WRIS"
      }
    },
    {
      "type": "Feature",
      "id": "LS_NAGALAND_2023.384",
      "geometry": {
        "type": "MultiPolygon",
        "coordinates": [
          [
            [
              [
                94.22067818,
                26.19597457
              ],
              [
                94.22067818,
                26.19632905
              ],
              [
                94.22083184,
                26.19632905
              ],
              [
                94.22083184,
                26.19597457
              ],
              [
                94.22067818,
                26.19597457
              ]
            ]
          ]
        ]
      },
      "geometry_name": "the_geom",
      "properties": {
        "Slide_No": "NL/WO/83J4/2023/18",
        "State": "NAGALAND",
        "District": "WOKHA",
        "Topo_No": "83J4",
        "Latitude": 26.1962,
        "Longitude": 94.2208,
        "Length_m": 39.367,
        "Width_m": 15.013,
        "Height_m": 10.771270752,
        "Area_Sqm": 431.457,
        "Activity": "Active",
        "Geomorpho": "Structural Origin - Moderately Dissected Hills and Valleys - Valley (Smdhv-v)",
        "Lithology": "Sandstone, shale, siltstone and conglomerate (Surma Group) 0493), Miocene",
        "LULC": "Deciduous Open Forest",
        "Triggering": "Rainfall",
        "Year": "2023",
        "Basin": "Brahmaputra Basin",
        "Sub_Basin": "Brahmaputra Upper",
        "Source": "RESOURCESAT-2, 2A, 10m CARTODEM, NGLM 50k(2011-2012), Lithology-GSI 50k(2011), SISDP-P2-LULC 10k(2018-2023) & India-WRIS"
      }
    },
    {
      "type": "Feature",
      "id": "LS_NAGALAND_2023.385",
      "geometry": {
        "type": "MultiPolygon",
        "coordinates": [
          [
            [
              [
                94.25270748,
                26.24738792
              ],
              [
                94.25270748,
                26.24758242
              ],
              [
                94.25284958,
                26.24758242
              ],
              [
                94.25284958,
                26.24738792
              ],
              [
                94.25270748,
                26.24738792
              ]
            ]
          ]
        ]
      },
      "geometry_name": "the_geom",
      "properties": {
        "Slide_No": "NL/WO/83J8/2023/65",
        "State": "NAGALAND",
        "District": "WOKHA",
        "Topo_No": "83J8",
        "Latitude": 26.2475,
        "Longitude": 94.2528,
        "Length_m": 21.509,
        "Width_m": 14.117,
        "Height_m": 6.45031738281,
        "Area_Sqm": 232.417,
        "Activity": "Active",
        "Geomorpho": "Structural Origin - Moderately Dissected Hills and Valleys (Smdhv)",
        "Lithology": "Sandstone, shale, siltstone and conglomerate (Surma Group) 0493), Miocene",
        "LULC": "Deciduous Open Forest",
        "Triggering": "Rainfall",
        "Year": "2023",
        "Basin": "Brahmaputra Basin",
        "Sub_Basin": "Brahmaputra Upper",
        "Source": "RESOURCESAT-2, 2A, 10m CARTODEM, NGLM 50k(2011-2012), Lithology-GSI 50k(2011), SISDP-P2-LULC 10k(2018-2023) & India-WRIS"
      }
    },
    {
      "type": "Feature",
      "id": "LS_NAGALAND_2023.386",
      "geometry": {
        "type": "MultiPolygon",
        "coordinates": [
          [
            [
              [
                94.18414444,
                26.22665375
              ],
              [
                94.18414444,
                26.22676811
              ],
              [
                94.18431973,
                26.22676811
              ],
              [
                94.18431973,
                26.22665375
              ],
              [
                94.18414444,
                26.22665375
              ]
            ]
          ]
        ]
      },
      "geometry_name": "the_geom",
      "properties": {
        "Slide_No": "NL/WO/83J4/2023/19",
        "State": "NAGALAND",
        "District": "WOKHA",
        "Topo_No": "83J4",
        "Latitude": 26.2267,
        "Longitude": 94.1842,
        "Length_m": 17.437,
        "Width_m": 12.707,
        "Height_m": 6.583939,
        "Area_Sqm": 174.525,
        "Activity": "Active",
        "Geomorpho": "Structural Origin - Moderately Dissected Hills and Valleys (Smdhv)",
        "Lithology": "Mottled clay, mudstone & ferruginous sandstone (Tipam Group) 0439), Miocene-Pliocene",
        "LULC": "Deciduous Closed Forest",
        "Triggering": "Rainfall",
        "Year": "2023",
        "Basin": "Brahmaputra Basin",
        "Sub_Basin": "Brahmaputra Upper",
        "Source": "RESOURCESAT-2, 2A, 10m CARTODEM, NGLM 50k(2011-2012), Lithology-GSI 50k(2011), SISDP-P2-LULC 10k(2018-2023) & India-WRIS"
      }
    },
    {
      "type": "Feature",
      "id": "LS_NAGALAND_2023.387",
      "geometry": {
        "type": "MultiPolygon",
        "coordinates": [
          [
            [
              [
                94.17710842,
                26.22988269
              ],
              [
                94.17710842,
                26.23019706
              ],
              [
                94.17739086,
                26.23019706
              ],
              [
                94.17739086,
                26.22988269
              ],
              [
                94.17710842,
                26.22988269
              ]
            ]
          ]
        ]
      },
      "geometry_name": "the_geom",
      "properties": {
        "Slide_No": "NL/WO/83J4/2023/20",
        "State": "NAGALAND",
        "District": "WOKHA",
        "Topo_No": "83J4",
        "Latitude": 26.23,
        "Longitude": 94.1773,
        "Length_m": 36.416,
        "Width_m": 19.113,
        "Height_m": 3.764649,
        "Area_Sqm": 506.058,
        "Activity": "Active",
        "Geomorpho": "Structural Origin - Low Dissected Hills and Valleys (Sldhv)",
        "Lithology": "Mottled clay, mudstone & ferruginous sandstone (Tipam Group) 0439), Miocene-Pliocene",
        "LULC": "Deciduous Open Forest",
        "Triggering": "Rainfall",
        "Year": "2023",
        "Basin": "Brahmaputra Basin",
        "Sub_Basin": "Brahmaputra Upper",
        "Source": "RESOURCESAT-2, 2A, 10m CARTODEM, NGLM 50k(2011-2012), Lithology-GSI 50k(2011), SISDP-P2-LULC 10k(2018-2023) & India-WRIS"
      }
    },
    {
      "type": "Feature",
      "id": "LS_NAGALAND_2023.388",
      "geometry": {
        "type": "MultiPolygon",
        "coordinates": [
          [
            [
              [
                94.28150098,
                26.51779753
              ],
              [
                94.28150098,
                26.51799783
              ],
              [
                94.2816821,
                26.51799783
              ],
              [
                94.2816821,
                26.51779753
              ],
              [
                94.28150098,
                26.51779753
              ]
            ]
          ]
        ]
      },
      "geometry_name": "the_geom",
      "properties": {
        "Slide_No": "NL/WO/83J6/2023/1",
        "State": "NAGALAND",
        "District": "WOKHA",
        "Topo_No": "83J6",
        "Latitude": 26.5179,
        "Longitude": 94.2816,
        "Length_m": 25.716,
        "Width_m": 11.764,
        "Height_m": 17.2493286133,
        "Area_Sqm": 246.506,
        "Activity": "Active",
        "Geomorpho": "Structural Origin - Moderately Dissected Hills and Valleys (Smdhv)",
        "Lithology": "Ferruginous sandstone with siltstone and clay (Tipam Group) 0445), Miocene-Pliocene",
        "LULC": "Evergreen Closed Forest",
        "Triggering": "Rainfall",
        "Year": "2023",
        "Basin": "Brahmaputra Basin",
        "Sub_Basin": "Brahmaputra Upper",
        "Source": "RESOURCESAT-2, 2A, 10m CARTODEM, NGLM 50k(2011-2012), Lithology-GSI 50k(2011), SISDP-P2-LULC 10k(2018-2023) & India-WRIS"
      }
    },
    {
      "type": "Feature",
      "id": "LS_NAGALAND_2023.389",
      "geometry": {
        "type": "MultiPolygon",
        "coordinates": [
          [
            [
              [
                94.27165387,
                26.51652724
              ],
              [
                94.27165387,
                26.51679981
              ],
              [
                94.27185423,
                26.51679981
              ],
              [
                94.27185423,
                26.51652724
              ],
              [
                94.27165387,
                26.51652724
              ]
            ]
          ]
        ]
      },
      "geometry_name": "the_geom",
      "properties": {
        "Slide_No": "NL/WO/83J6/2023/2",
        "State": "NAGALAND",
        "District": "WOKHA",
        "Topo_No": "83J6",
        "Latitude": 26.5167,
        "Longitude": 94.2718,
        "Length_m": 33.156,
        "Width_m": 13.273,
        "Height_m": 10.6141357422,
        "Area_Sqm": 331.995,
        "Activity": "Active",
        "Geomorpho": "Structural Origin - Moderately Dissected Hills and Valleys (Smdhv)",
        "Lithology": "Ferruginous sandstone with siltstone and clay (Tipam Group) 0445), Miocene-Pliocene",
        "LULC": "Evergreen Closed Forest",
        "Triggering": "Rainfall",
        "Year": "2023",
        "Basin": "Brahmaputra Basin",
        "Sub_Basin": "Brahmaputra Upper",
        "Source": "RESOURCESAT-2, 2A, 10m CARTODEM, NGLM 50k(2011-2012), Lithology-GSI 50k(2011), SISDP-P2-LULC 10k(2018-2023) & India-WRIS"
      }
    },
    {
      "type": "Feature",
      "id": "LS_NAGALAND_2023.390",
      "geometry": {
        "type": "MultiPolygon",
        "coordinates": [
          [
            [
              [
                94.22655281,
                26.4502955
              ],
              [
                94.22655281,
                26.45042652
              ],
              [
                94.22668938,
                26.45042652
              ],
              [
                94.22668938,
                26.4502955
              ],
              [
                94.22655281,
                26.4502955
              ]
            ]
          ]
        ]
      },
      "geometry_name": "the_geom",
      "properties": {
        "Slide_No": "NL/WO/83J3/2023/2",
        "State": "NAGALAND",
        "District": "WOKHA",
        "Topo_No": "83J3",
        "Latitude": 26.4504,
        "Longitude": 94.2266,
        "Length_m": 15,
        "Width_m": 13.125,
        "Height_m": 4.67378234863,
        "Area_Sqm": 153.751,
        "Activity": "Active",
        "Geomorpho": "Structural Origin - Moderately Dissected Hills and Valleys (Smdhv)",
        "Lithology": "Ferruginous sandstone with siltstone and clay (Tipam Group) 0445), Miocene-Pliocene",
        "LULC": "Evergreen Closed Forest",
        "Triggering": "Rainfall",
        "Year": "2023",
        "Basin": "Brahmaputra Basin",
        "Sub_Basin": "Brahmaputra Upper",
        "Source": "RESOURCESAT-2, 2A, 10m CARTODEM, NGLM 50k(2011-2012), Lithology-GSI 50k(2011), SISDP-P2-LULC 10k(2018-2023) & India-WRIS"
      }
    },
    {
      "type": "Feature",
      "id": "LS_NAGALAND_2023.391",
      "geometry": {
        "type": "MultiPolygon",
        "coordinates": [
          [
            [
              [
                94.23183704,
                26.3751703
              ],
              [
                94.23183704,
                26.37542817
              ],
              [
                94.23195459,
                26.37542817
              ],
              [
                94.23195459,
                26.3751703
              ],
              [
                94.23183704,
                26.3751703
              ]
            ]
          ]
        ]
      },
      "geometry_name": "the_geom",
      "properties": {
        "Slide_No": "NL/WO/83J3/2023/3",
        "State": "NAGALAND",
        "District": "WOKHA",
        "Topo_No": "83J3",
        "Latitude": 26.3753,
        "Longitude": 94.2319,
        "Length_m": 28.661,
        "Width_m": 10.978,
        "Height_m": 22.2241210938,
        "Area_Sqm": 246.823,
        "Activity": "Active",
        "Geomorpho": "Structural Origin - Moderately Dissected Hills and Valleys (Smdhv)",
        "Lithology": "Ferruginous sandstone with siltstone and clay (Tipam Group) 0445), Miocene-Pliocene",
        "LULC": "Evergreen Closed Forest",
        "Triggering": "Rainfall",
        "Year": "2023",
        "Basin": "Brahmaputra Basin",
        "Sub_Basin": "Brahmaputra Upper",
        "Source": "RESOURCESAT-2, 2A, 10m CARTODEM, NGLM 50k(2011-2012), Lithology-GSI 50k(2011), SISDP-P2-LULC 10k(2018-2023) & India-WRIS"
      }
    },
    {
      "type": "Feature",
      "id": "LS_NAGALAND_2023.392",
      "geometry": {
        "type": "MultiPolygon",
        "coordinates": [
          [
            [
              [
                94.24777698,
                26.1608455
              ],
              [
                94.24777698,
                26.16104668
              ],
              [
                94.24793123,
                26.16104668
              ],
              [
                94.24793123,
                26.1608455
              ],
              [
                94.24777698,
                26.1608455
              ]
            ]
          ]
        ]
      },
      "geometry_name": "the_geom",
      "properties": {
        "Slide_No": "NL/WO/83J8/2023/66",
        "State": "NAGALAND",
        "District": "WOKHA",
        "Topo_No": "83J8",
        "Latitude": 26.1609,
        "Longitude": 94.2479,
        "Length_m": 22.259,
        "Width_m": 15.25,
        "Height_m": 5.91577148438,
        "Area_Sqm": 269.597,
        "Activity": "Active",
        "Geomorpho": "Structural Origin - Highly Dissected Hills and Valleys - Valley (Shdhv-v)",
        "Lithology": "Flaggy sandstone with subordinate shale (Barail Group) 0541), Eocene-Oligocene",
        "LULC": "Agriculture - Crop Land",
        "Triggering": "Rainfall",
        "Year": "2023",
        "Basin": "Brahmaputra Basin",
        "Sub_Basin": "Brahmaputra Upper",
        "Source": "RESOURCESAT-2, 2A, 10m CARTODEM, NGLM 50k(2011-2012), Lithology-GSI 50k(2011), SISDP-P2-LULC 10k(2018-2023) & India-WRIS"
      }
    },
    {
      "type": "Feature",
      "id": "LS_NAGALAND_2023.393",
      "geometry": {
        "type": "MultiPolygon",
        "coordinates": [
          [
            [
              [
                94.25947208,
                26.31392224
              ],
              [
                94.25947208,
                26.31419218
              ],
              [
                94.25961193,
                26.31419218
              ],
              [
                94.25961193,
                26.31392224
              ],
              [
                94.25947208,
                26.31392224
              ]
            ]
          ]
        ]
      },
      "geometry_name": "the_geom",
      "properties": {
        "Slide_No": "NL/WO/83J7/2023/1",
        "State": "NAGALAND",
        "District": "WOKHA",
        "Topo_No": "83J7",
        "Latitude": 26.3141,
        "Longitude": 94.2595,
        "Length_m": 29.797,
        "Width_m": 13.879,
        "Height_m": 8.71203613281,
        "Area_Sqm": 299.521,
        "Activity": "Active",
        "Geomorpho": "Structural Origin - Highly Dissected Hills and Valleys - Ridge (Shdhv-r)",
        "Lithology": "Sandstone with coal (Barail Group) 0525), Eocene-Oligocene",
        "LULC": "Deciduous Open Forest",
        "Triggering": "Rainfall",
        "Year": "2023",
        "Basin": "Brahmaputra Basin",
        "Sub_Basin": "Brahmaputra Upper",
        "Source": "RESOURCESAT-2, 2A, 10m CARTODEM, NGLM 50k(2011-2012), Lithology-GSI 50k(2011), SISDP-P2-LULC 10k(2018-2023) & India-WRIS"
      }
    },
    {
      "type": "Feature",
      "id": "LS_NAGALAND_2023.401",
      "geometry": {
        "type": "MultiPolygon",
        "coordinates": [
          [
            [
              [
                94.86012513,
                26.75610885
              ],
              [
                94.86012513,
                26.75644246
              ],
              [
                94.86025267,
                26.75644246
              ],
              [
                94.86025267,
                26.75610885
              ],
              [
                94.86012513,
                26.75610885
              ]
            ]
          ]
        ]
      },
      "geometry_name": "the_geom",
      "properties": {
        "Slide_No": "NL/MN/83J3/2023/1",
        "State": "NAGALAND",
        "District": "MON",
        "Topo_No": "83J13",
        "Latitude": 26.7563,
        "Longitude": 94.8602,
        "Length_m": 37.132,
        "Width_m": 11.353,
        "Height_m": 20.2297973633,
        "Area_Sqm": 352.539,
        "Activity": "Active",
        "Geomorpho": "Structural Origin - Moderately Dissected Hills and Valleys (Smdhv)",
        "Lithology": "Carbonaceous sandy shale, sandstone & coal seams (Barail Group) 0530), Eocene-Oligocene",
        "LULC": "Semi- Evergreen Open Forest",
        "Triggering": "Rainfall",
        "Year": "2023",
        "Basin": "Brahmaputra Basin",
        "Sub_Basin": "Brahmaputra Upper",
        "Source": "RESOURCESAT-2, 2A, 10m CARTODEM, NGLM 50k(2011-2012), Lithology-GSI 50k(2011), SISDP-P2-LULC 10k(2018-2023) & India-WRIS"
      }
    },
    {
      "type": "Feature",
      "id": "LS_NAGALAND_2023.402",
      "geometry": {
        "type": "MultiPolygon",
        "coordinates": [
          [
            [
              [
                94.60821381,
                26.34835798
              ],
              [
                94.60821381,
                26.34863104
              ],
              [
                94.60897673,
                26.34863104
              ],
              [
                94.60897673,
                26.34835798
              ],
              [
                94.60821381,
                26.34835798
              ]
            ]
          ]
        ]
      },
      "geometry_name": "the_geom",
      "properties": {
        "Slide_No": "NL/MK/83J11/2023/1",
        "State": "NAGALAND",
        "District": "MOKOKCHUNG",
        "Topo_No": "83J11",
        "Latitude": 26.3485,
        "Longitude": 94.6085,
        "Length_m": 75.841,
        "Width_m": 25.331,
        "Height_m": 40.4074707031,
        "Area_Sqm": 1077.8,
        "Activity": "Active",
        "Geomorpho": "Structural Origin - Moderately Dissected Hills and Valleys (Smdhv)",
        "Lithology": "Flaggy sandstone with subordinate shale (Barail Group) 0541), Eocene-Oligocene",
        "LULC": "Evergreen Open Forest",
        "Triggering": "Rainfall",
        "Year": "2023",
        "Basin": "Brahmaputra Basin",
        "Sub_Basin": "Brahmaputra Upper",
        "Source": "RESOURCESAT-2, 2A, 10m CARTODEM, NGLM 50k(2011-2012), Lithology-GSI 50k(2011), SISDP-P2-LULC 10k(2018-2023) & India-WRIS"
      }
    },
    {
      "type": "Feature",
      "id": "LS_NAGALAND_2023.403",
      "geometry": {
        "type": "MultiPolygon",
        "coordinates": [
          [
            [
              [
                94.46873761,
                26.34103477
              ],
              [
                94.46873761,
                26.34235009
              ],
              [
                94.47053991,
                26.34235009
              ],
              [
                94.47053991,
                26.34103477
              ],
              [
                94.46873761,
                26.34103477
              ]
            ]
          ]
        ]
      },
      "geometry_name": "the_geom",
      "properties": {
        "Slide_No": "NL/MK/83J7/2023/2",
        "State": "NAGALAND",
        "District": "MOKOKCHUNG",
        "Topo_No": "83J7",
        "Latitude": 26.3417,
        "Longitude": 94.4697,
        "Length_m": 203.31,
        "Width_m": 103.843,
        "Height_m": 130.366882,
        "Area_Sqm": 12659.2,
        "Activity": "Active",
        "Geomorpho": "Structural Origin - Low Dissected Hills and Valleys (Sldhv)",
        "Lithology": "Flaggy sandstone with subordinate shale (Barail Group) 0541), Eocene-Oligocene",
        "LULC": "Evergreen Open Forest",
        "Triggering": "Rainfall",
        "Year": "2023",
        "Basin": "Brahmaputra Basin",
        "Sub_Basin": "Brahmaputra Upper",
        "Source": "RESOURCESAT-2, 2A, 10m CARTODEM, NGLM 50k(2011-2012), Lithology-GSI 50k(2011), SISDP-P2-LULC 10k(2018-2023) & India-WRIS"
      }
    },
    {
      "type": "Feature",
      "id": "LS_NAGALAND_2023.404",
      "geometry": {
        "type": "MultiPolygon",
        "coordinates": [
          [
            [
              [
                94.61880212,
                26.32960764
              ],
              [
                94.61880212,
                26.32977102
              ],
              [
                94.61894056,
                26.32977102
              ],
              [
                94.61894056,
                26.32960764
              ],
              [
                94.61880212,
                26.32960764
              ]
            ]
          ]
        ]
      },
      "geometry_name": "the_geom",
      "properties": {
        "Slide_No": "NL/MK/83J11/2023/2",
        "State": "NAGALAND",
        "District": "MOKOKCHUNG",
        "Topo_No": "83J11",
        "Latitude": 26.3297,
        "Longitude": 94.6189,
        "Length_m": 18.218,
        "Width_m": 13.431,
        "Height_m": 3.44009399414,
        "Area_Sqm": 197.664,
        "Activity": "Active",
        "Geomorpho": "Structural Origin - Moderately Dissected Hills and Valleys (Smdhv)",
        "Lithology": "Shale, siltstone, greywacke rhythmite & sandstone (0594), Palaeocene-Eocene",
        "LULC": "Evergreen Open Forest",
        "Triggering": "Rainfall",
        "Year": "2023",
        "Basin": "Brahmaputra Basin",
        "Sub_Basin": "Brahmaputra Upper",
        "Source": "RESOURCESAT-2, 2A, 10m CARTODEM, NGLM 50k(2011-2012), Lithology-GSI 50k(2011), SISDP-P2-LULC 10k(2018-2023) & India-WRIS"
      }
    },
    {
      "type": "Feature",
      "id": "LS_NAGALAND_2023.405",
      "geometry": {
        "type": "MultiPolygon",
        "coordinates": [
          [
            [
              [
                94.66578994,
                26.32580552
              ],
              [
                94.66578994,
                26.32630486
              ],
              [
                94.66630139,
                26.32630486
              ],
              [
                94.66630139,
                26.32580552
              ],
              [
                94.66578994,
                26.32580552
              ]
            ]
          ]
        ]
      },
      "geometry_name": "the_geom",
      "properties": {
        "Slide_No": "NL/TU/83J11/2023/3",
        "State": "NAGALAND",
        "District": "TUENSANG",
        "Topo_No": "83J11",
        "Latitude": 26.3261,
        "Longitude": 94.666,
        "Length_m": 67.792,
        "Width_m": 35.178,
        "Height_m": 46.8840332031,
        "Area_Sqm": 1462.66,
        "Activity": "Active",
        "Geomorpho": "Structural Origin - Highly Dissected Hills and Valleys (Shdhv)",
        "Lithology": "Flaggy sandstone with subordinate shale (Barail Group) 0541), Eocene-Oligocene",
        "LULC": "Evergreen Open Forest",
        "Triggering": "Rainfall",
        "Year": "2023",
        "Basin": "Brahmaputra Basin",
        "Sub_Basin": "Brahmaputra Upper",
        "Source": "RESOURCESAT-2, 2A, 10m CARTODEM, NGLM 50k(2011-2012), Lithology-GSI 50k(2011), SISDP-P2-LULC 10k(2018-2023) & India-WRIS"
      }
    },
    {
      "type": "Feature",
      "id": "LS_NAGALAND_2023.406",
      "geometry": {
        "type": "MultiPolygon",
        "coordinates": [
          [
            [
              [
                94.49062819,
                26.31484073
              ],
              [
                94.49062819,
                26.31523389
              ],
              [
                94.49102598,
                26.31523389
              ],
              [
                94.49102598,
                26.31484073
              ],
              [
                94.49062819,
                26.31484073
              ]
            ]
          ]
        ]
      },
      "geometry_name": "the_geom",
      "properties": {
        "Slide_No": "NL/MK/83J7/2023/3",
        "State": "NAGALAND",
        "District": "MOKOKCHUNG",
        "Topo_No": "83J7",
        "Latitude": 26.315,
        "Longitude": 94.4908,
        "Length_m": 48.414,
        "Width_m": 26.229,
        "Height_m": 16.9874267578,
        "Area_Sqm": 827.321,
        "Activity": "Active",
        "Geomorpho": "Structural Origin - Moderately Dissected Hills and Valleys (Smdhv)",
        "Lithology": "Flaggy sandstone with subordinate shale (Barail Group) 0541), Eocene-Oligocene",
        "LULC": "Evergreen Open Forest",
        "Triggering": "Rainfall",
        "Year": "2023",
        "Basin": "Brahmaputra Basin",
        "Sub_Basin": "Brahmaputra Upper",
        "Source": "RESOURCESAT-2, 2A, 10m CARTODEM, NGLM 50k(2011-2012), Lithology-GSI 50k(2011), SISDP-P2-LULC 10k(2018-2023) & India-WRIS"
      }
    },
    {
      "type": "Feature",
      "id": "LS_NAGALAND_2023.407",
      "geometry": {
        "type": "MultiPolygon",
        "coordinates": [
          [
            [
              [
                94.62061523,
                26.28039475
              ],
              [
                94.62061523,
                26.28077251
              ],
              [
                94.62079272,
                26.28077251
              ],
              [
                94.62079272,
                26.28039475
              ],
              [
                94.62061523,
                26.28039475
              ]
            ]
          ]
        ]
      },
      "geometry_name": "the_geom",
      "properties": {
        "Slide_No": "NL/TU/83J11/2023/4",
        "State": "NAGALAND",
        "District": "TUENSANG",
        "Topo_No": "83J11",
        "Latitude": 26.2806,
        "Longitude": 94.6207,
        "Length_m": 41.727,
        "Width_m": 16.96,
        "Height_m": 9.89270019531,
        "Area_Sqm": 564.366,
        "Activity": "Active",
        "Geomorpho": "Structural Origin - Highly Dissected Hills and Valleys (Shdhv)",
        "Lithology": "Flaggy sandstone with subordinate shale (Barail Group) 0541), Eocene-Oligocene",
        "LULC": "Evergreen Open Forest",
        "Triggering": "Rainfall",
        "Year": "2023",
        "Basin": "Brahmaputra Basin",
        "Sub_Basin": "Brahmaputra Upper",
        "Source": "RESOURCESAT-2, 2A, 10m CARTODEM, NGLM 50k(2011-2012), Lithology-GSI 50k(2011), SISDP-P2-LULC 10k(2018-2023) & India-WRIS"
      }
    },
    {
      "type": "Feature",
      "id": "LS_NAGALAND_2023.408",
      "geometry": {
        "type": "MultiPolygon",
        "coordinates": [
          [
            [
              [
                94.66090148,
                26.2577048
              ],
              [
                94.66090148,
                26.25792359
              ],
              [
                94.66111209,
                26.25792359
              ],
              [
                94.66111209,
                26.2577048
              ],
              [
                94.66090148,
                26.2577048
              ]
            ]
          ]
        ]
      },
      "geometry_name": "the_geom",
      "properties": {
        "Slide_No": "NL/TU/83J11/2023/5",
        "State": "NAGALAND",
        "District": "TUENSANG",
        "Topo_No": "83J11",
        "Latitude": 26.2578,
        "Longitude": 94.661,
        "Length_m": 24.681,
        "Width_m": 19.192,
        "Height_m": 4.93682861328,
        "Area_Sqm": 354.823,
        "Activity": "Reactivated",
        "Geomorpho": "Structural Origin - Highly Dissected Hills and Valleys (Shdhv)",
        "Lithology": "Shale, siltstone, greywacke rhythmite & sandstone (0594), Palaeocene-Eocene",
        "LULC": "Others - Shifting Cultivation",
        "Triggering": "Rainfall",
        "Year": "2023",
        "Basin": "Brahmaputra Basin",
        "Sub_Basin": "Brahmaputra Upper",
        "Source": "RESOURCESAT-2, 2A, 10m CARTODEM, NGLM 50k(2011-2012), Lithology-GSI 50k(2011), SISDP-P2-LULC 10k(2018-2023) & India-WRIS"
      }
    },
    {
      "type": "Feature",
      "id": "LS_NAGALAND_2023.409",
      "geometry": {
        "type": "MultiPolygon",
        "coordinates": [
          [
            [
              [
                94.56285992,
                26.23504292
              ],
              [
                94.56285992,
                26.23554794
              ],
              [
                94.56369293,
                26.23554794
              ],
              [
                94.56369293,
                26.23504292
              ],
              [
                94.56285992,
                26.23504292
              ]
            ]
          ]
        ]
      },
      "geometry_name": "the_geom",
      "properties": {
        "Slide_No": "NL/MK/83J12/2023/12",
        "State": "NAGALAND",
        "District": "MOKOKCHUNG",
        "Topo_No": "83J12",
        "Latitude": 26.2353,
        "Longitude": 94.5633,
        "Length_m": 88.299,
        "Width_m": 38.005,
        "Height_m": 30.4210205078,
        "Area_Sqm": 2600.65,
        "Activity": "Active",
        "Geomorpho": "Structural Origin - Highly Dissected Hills and Valleys (Shdhv)",
        "Lithology": "Flaggy sandstone with subordinate shale (Barail Group) 0541), Eocene-Oligocene",
        "LULC": "Evergreen Open Forest",
        "Triggering": "Rainfall",
        "Year": "2023",
        "Basin": "Brahmaputra Basin",
        "Sub_Basin": "Brahmaputra Upper",
        "Source": "RESOURCESAT-2, 2A, 10m CARTODEM, NGLM 50k(2011-2012), Lithology-GSI 50k(2011), SISDP-P2-LULC 10k(2018-2023) & India-WRIS"
      }
    },
    {
      "type": "Feature",
      "id": "LS_NAGALAND_2023.410",
      "geometry": {
        "type": "MultiPolygon",
        "coordinates": [
          [
            [
              [
                94.6397752,
                26.23147945
              ],
              [
                94.6397752,
                26.23271601
              ],
              [
                94.64026012,
                26.23271601
              ],
              [
                94.64026012,
                26.23147945
              ],
              [
                94.6397752,
                26.23147945
              ]
            ]
          ]
        ]
      },
      "geometry_name": "the_geom",
      "properties": {
        "Slide_No": "NL/TU/83J12/2023/13",
        "State": "NAGALAND",
        "District": "TUENSANG",
        "Topo_No": "83J12",
        "Latitude": 26.2321,
        "Longitude": 94.6401,
        "Length_m": 95.881,
        "Width_m": 40.624,
        "Height_m": 56.416016,
        "Area_Sqm": 3575.44,
        "Activity": "Active",
        "Geomorpho": "Structural Origin - Highly Dissected Hills and Valleys (Shdhv)",
        "Lithology": "Shale, siltstone, greywacke rhythmite & sandstone (0594), Palaeocene-Eocene",
        "LULC": "Semi- Evergreen Open Forest",
        "Triggering": "Rainfall",
        "Year": "2023",
        "Basin": "Brahmaputra Basin",
        "Sub_Basin": "Brahmaputra Upper",
        "Source": "RESOURCESAT-2, 2A, 10m CARTODEM, NGLM 50k(2011-2012), Lithology-GSI 50k(2011), SISDP-P2-LULC 10k(2018-2023) & India-WRIS"
      }
    },
    {
      "type": "Feature",
      "id": "LS_NAGALAND_2023.411",
      "geometry": {
        "type": "MultiPolygon",
        "coordinates": [
          [
            [
              [
                94.63241441,
                26.1834382
              ],
              [
                94.63241441,
                26.18400763
              ],
              [
                94.63321904,
                26.18400763
              ],
              [
                94.63321904,
                26.1834382
              ],
              [
                94.63241441,
                26.1834382
              ]
            ]
          ]
        ]
      },
      "geometry_name": "the_geom",
      "properties": {
        "Slide_No": "NL/ZU/83J12/2023/14",
        "State": "NAGALAND",
        "District": "ZUNHEBOTO",
        "Topo_No": "83J12",
        "Latitude": 26.1837,
        "Longitude": 94.6328,
        "Length_m": 98.306,
        "Width_m": 29.531,
        "Height_m": 185.095336914,
        "Area_Sqm": 1312.87,
        "Activity": "Active",
        "Geomorpho": "Structural Origin - Highly Dissected Hills and Valleys (Shdhv)",
        "Lithology": "Flaggy sandstone with subordinate shale (Barail Group) 0541), Eocene-Oligocene",
        "LULC": "Evergreen Open Forest",
        "Triggering": "Rainfall",
        "Year": "2023",
        "Basin": "Minor rivers draining into Myanmar Basin",
        "Sub_Basin": "Imphal and others",
        "Source": "RESOURCESAT-2, 2A, 10m CARTODEM, NGLM 50k(2011-2012), Lithology-GSI 50k(2011), SISDP-P2-LULC 10k(2018-2023) & India-WRIS"
      }
    },
    {
      "type": "Feature",
      "id": "LS_NAGALAND_2023.412",
      "geometry": {
        "type": "MultiPolygon",
        "coordinates": [
          [
            [
              [
                94.63151145,
                26.16455537
              ],
              [
                94.63151145,
                26.1662473
              ],
              [
                94.63378393,
                26.1662473
              ],
              [
                94.63378393,
                26.16455537
              ],
              [
                94.63151145,
                26.16455537
              ]
            ]
          ]
        ]
      },
      "geometry_name": "the_geom",
      "properties": {
        "Slide_No": "NL/ZU/83J12/2023/15",
        "State": "NAGALAND",
        "District": "ZUNHEBOTO",
        "Topo_No": "83J12",
        "Latitude": 26.1656,
        "Longitude": 94.6324,
        "Length_m": 284.188,
        "Width_m": 52.458,
        "Height_m": 128.553833008,
        "Area_Sqm": 6765.81,
        "Activity": "Active",
        "Geomorpho": "Structural Origin - Moderately Dissected Hills and Valleys (Smdhv)",
        "Lithology": "Shale, siltstone, greywacke rhythmite & sandstone (0594), Palaeocene-Eocene",
        "LULC": "Evergreen Open Forest",
        "Triggering": "Rainfall",
        "Year": "2023",
        "Basin": "Minor rivers draining into Myanmar Basin",
        "Sub_Basin": "Imphal and others",
        "Source": "RESOURCESAT-2, 2A, 10m CARTODEM, NGLM 50k(2011-2012), Lithology-GSI 50k(2011), SISDP-P2-LULC 10k(2018-2023) & India-WRIS"
      }
    },
    {
      "type": "Feature",
      "id": "LS_NAGALAND_2023.413",
      "geometry": {
        "type": "MultiPolygon",
        "coordinates": [
          [
            [
              [
                94.41629556,
                26.12748161
              ],
              [
                94.41629556,
                26.12781596
              ],
              [
                94.41644294,
                26.12781596
              ],
              [
                94.41644294,
                26.12748161
              ],
              [
                94.41629556,
                26.12748161
              ]
            ]
          ]
        ]
      },
      "geometry_name": "the_geom",
      "properties": {
        "Slide_No": "NL/ZU/83J8/2023/67",
        "State": "NAGALAND",
        "District": "ZUNHEBOTO",
        "Topo_No": "83J8",
        "Latitude": 26.1277,
        "Longitude": 94.4164,
        "Length_m": 38.048,
        "Width_m": 12.929,
        "Height_m": 13.5740356445,
        "Area_Sqm": 346.158,
        "Activity": "Active",
        "Geomorpho": "Structural Origin - Moderately Dissected Hills and Valleys - Valley (Smdhv-v)",
        "Lithology": "Shale, siltstone, greywacke rhythmite & sandstone (0594), Palaeocene-Eocene",
        "LULC": "Evergreen Closed Forest",
        "Triggering": "Rainfall",
        "Year": "2023",
        "Basin": "Brahmaputra Basin",
        "Sub_Basin": "Brahmaputra Upper",
        "Source": "RESOURCESAT-2, 2A, 10m CARTODEM, NGLM 50k(2011-2012), Lithology-GSI 50k(2011), SISDP-P2-LULC 10k(2018-2023) & India-WRIS"
      }
    },
    {
      "type": "Feature",
      "id": "LS_NAGALAND_2023.418",
      "geometry": {
        "type": "MultiPolygon",
        "coordinates": [
          [
            [
              [
                94.70399848,
                26.21920189
              ],
              [
                94.70399848,
                26.22030538
              ],
              [
                94.70536514,
                26.22030538
              ],
              [
                94.70536514,
                26.21920189
              ],
              [
                94.70399848,
                26.21920189
              ]
            ]
          ]
        ]
      },
      "geometry_name": "the_geom",
      "properties": {
        "Slide_No": "NL/TU/83J12/2023/16",
        "State": "NAGALAND",
        "District": "TUENSANG",
        "Topo_No": "83J12",
        "Latitude": 26.2198,
        "Longitude": 94.7046,
        "Length_m": 174.377,
        "Width_m": 34.425,
        "Height_m": 130.181152344,
        "Area_Sqm": 2889.96,
        "Activity": "Active",
        "Geomorpho": "Structural Origin - Highly Dissected Hills and Valleys (Shdhv)",
        "Lithology": "Flaggy sandstone with subordinate shale (Barail Group) 0541), Eocene-Oligocene",
        "LULC": "Others - Shifting Cultivation",
        "Triggering": "Rainfall",
        "Year": "2023",
        "Basin": "Brahmaputra Basin",
        "Sub_Basin": "Brahmaputra Upper",
        "Source": "RESOURCESAT-2, 2A, 10m CARTODEM, NGLM 50k(2011-2012), Lithology-GSI 50k(2011), SISDP-P2-LULC 10k(2018-2023) & India-WRIS"
      }
    },
    {
      "type": "Feature",
      "id": "LS_NAGALAND_2023.419",
      "geometry": {
        "type": "MultiPolygon",
        "coordinates": [
          [
            [
              [
                94.6543213,
                26.14382875
              ],
              [
                94.6543213,
                26.14491011
              ],
              [
                94.65496599,
                26.14491011
              ],
              [
                94.65496599,
                26.14382875
              ],
              [
                94.6543213,
                26.14382875
              ]
            ]
          ]
        ]
      },
      "geometry_name": "the_geom",
      "properties": {
        "Slide_No": "NL/ZU/83J12/2023/17",
        "State": "NAGALAND",
        "District": "ZUNHEBOTO",
        "Topo_No": "83J12",
        "Latitude": 26.1445,
        "Longitude": 94.6546,
        "Length_m": 125.633,
        "Width_m": 41.753,
        "Height_m": 76.3551025391,
        "Area_Sqm": 2741.9,
        "Activity": "Active",
        "Geomorpho": "Structural Origin - Highly Dissected Hills and Valleys (Shdhv)",
        "Lithology": "Flaggy sandstone with subordinate shale (Barail Group) 0541), Eocene-Oligocene",
        "LULC": "Others - Shifting Cultivation",
        "Triggering": "Rainfall",
        "Year": "2023",
        "Basin": "Minor rivers draining into Myanmar Basin",
        "Sub_Basin": "Imphal and others",
        "Source": "RESOURCESAT-2, 2A, 10m CARTODEM, NGLM 50k(2011-2012), Lithology-GSI 50k(2011), SISDP-P2-LULC 10k(2018-2023) & India-WRIS"
      }
    },
    {
      "type": "Feature",
      "id": "LS_NAGALAND_2023.421",
      "geometry": {
        "type": "MultiPolygon",
        "coordinates": [
          [
            [
              [
                94.692629,
                26.22224857
              ],
              [
                94.692629,
                26.2229969
              ],
              [
                94.69339722,
                26.2229969
              ],
              [
                94.69339722,
                26.22224857
              ],
              [
                94.692629,
                26.22224857
              ]
            ]
          ]
        ]
      },
      "geometry_name": "the_geom",
      "properties": {
        "Slide_No": "NL/TU/83J12/2023/18",
        "State": "NAGALAND",
        "District": "TUENSANG",
        "Topo_No": "83J12",
        "Latitude": 26.2226,
        "Longitude": 94.693,
        "Length_m": 85.917,
        "Width_m": 73.388,
        "Height_m": 68.078125,
        "Area_Sqm": 3807.24,
        "Activity": "Active",
        "Geomorpho": "Structural Origin - Highly Dissected Hills and Valleys (Shdhv)",
        "Lithology": "Shale, siltstone, greywacke rhythmite & sandstone (0594), Palaeocene-Eocene",
        "LULC": "Others - Shifting Cultivation",
        "Triggering": "Rainfall",
        "Year": "2023",
        "Basin": "Brahmaputra Basin",
        "Sub_Basin": "Brahmaputra Upper",
        "Source": "RESOURCESAT-2, 2A, 10m CARTODEM, NGLM 50k(2011-2012), Lithology-GSI 50k(2011), SISDP-P2-LULC 10k(2018-2023) & India-WRIS"
      }
    },
    {
      "type": "Feature",
      "id": "LS_NAGALAND_2023.422",
      "geometry": {
        "type": "MultiPolygon",
        "coordinates": [
          [
            [
              [
                94.95920367,
                26.21876854
              ],
              [
                94.95920367,
                26.21936565
              ],
              [
                94.96003472,
                26.21936565
              ],
              [
                94.96003472,
                26.21876854
              ],
              [
                94.95920367,
                26.21876854
              ]
            ]
          ]
        ]
      },
      "geometry_name": "the_geom",
      "properties": {
        "Slide_No": "NL/NOK/83J16/2023/17",
        "State": "NAGALAND",
        "District": "NOKLAK",
        "Topo_No": "83J16",
        "Latitude": 26.2191,
        "Longitude": 94.9596,
        "Length_m": 75.581,
        "Width_m": 68.553,
        "Height_m": 48.0201416016,
        "Area_Sqm": 2844.24,
        "Activity": "Active",
        "Geomorpho": "Structural Origin - Moderately Dissected Hills and Valleys (Smdhv)",
        "Lithology": "Flaggy sandstone with subordinate shale (Barail Group) 0541), Eocene-Oligocene",
        "LULC": "Wasteland - Sparse Scrub Land",
        "Triggering": "Rainfall",
        "Year": "2023",
        "Basin": "Minor rivers draining into Myanmar Basin",
        "Sub_Basin": "Imphal and others",
        "Source": "RESOURCESAT-2, 2A, 10m CARTODEM, NGLM 50k(2011-2012), Lithology-GSI 50k(2011), SISDP-P2-LULC 10k(2018-2023) & India-WRIS"
      }
    },
    {
      "type": "Feature",
      "id": "LS_NAGALAND_2023.423",
      "geometry": {
        "type": "MultiPolygon",
        "coordinates": [
          [
            [
              [
                94.96832964,
                26.22195648
              ],
              [
                94.96832964,
                26.22228791
              ],
              [
                94.96876256,
                26.22228791
              ],
              [
                94.96876256,
                26.22195648
              ],
              [
                94.96832964,
                26.22195648
              ]
            ]
          ]
        ]
      },
      "geometry_name": "the_geom",
      "properties": {
        "Slide_No": "NL/NOK/83J16/2023/18",
        "State": "NAGALAND",
        "District": "NOKLAK",
        "Topo_No": "83J16",
        "Latitude": 26.2221,
        "Longitude": 94.9685,
        "Length_m": 44.027,
        "Width_m": 34.308,
        "Height_m": 27.7364501953,
        "Area_Sqm": 903.305,
        "Activity": "Active",
        "Geomorpho": "Structural Origin - Moderately Dissected Hills and Valleys (Smdhv)",
        "Lithology": "Flaggy sandstone with subordinate shale (Barail Group) 0541), Eocene-Oligocene",
        "LULC": "Evergreen Open Forest",
        "Triggering": "Rainfall",
        "Year": "2023",
        "Basin": "Minor rivers draining into Myanmar Basin",
        "Sub_Basin": "Imphal and others",
        "Source": "RESOURCESAT-2, 2A, 10m CARTODEM, NGLM 50k(2011-2012), Lithology-GSI 50k(2011), SISDP-P2-LULC 10k(2018-2023) & India-WRIS"
      }
    },
    {
      "type": "Feature",
      "id": "LS_NAGALAND_2023.426",
      "geometry": {
        "type": "MultiPolygon",
        "coordinates": [
          [
            [
              [
                94.95598842,
                26.21828508
              ],
              [
                94.95598842,
                26.21862569
              ],
              [
                94.95642107,
                26.21862569
              ],
              [
                94.95642107,
                26.21828508
              ],
              [
                94.95598842,
                26.21828508
              ]
            ]
          ]
        ]
      },
      "geometry_name": "the_geom",
      "properties": {
        "Slide_No": "NL/NOK/83J16/2023/19",
        "State": "NAGALAND",
        "District": "NOKLAK",
        "Topo_No": "83J16",
        "Latitude": 26.2185,
        "Longitude": 94.9562,
        "Length_m": 45.92,
        "Width_m": 25.643,
        "Height_m": 19.8770751953,
        "Area_Sqm": 922.975,
        "Activity": "Active",
        "Geomorpho": "Structural Origin - Highly Dissected Hills and Valleys (Shdhv)",
        "Lithology": "Flaggy sandstone with subordinate shale (Barail Group) 0541), Eocene-Oligocene",
        "LULC": "Wasteland - Sparse Scrub Land",
        "Triggering": "Rainfall",
        "Year": "2023",
        "Basin": "Minor rivers draining into Myanmar Basin",
        "Sub_Basin": "Imphal and others",
        "Source": "RESOURCESAT-2, 2A, 10m CARTODEM, NGLM 50k(2011-2012), Lithology-GSI 50k(2011), SISDP-P2-LULC 10k(2018-2023) & India-WRIS"
      }
    },
    {
      "type": "Feature",
      "id": "LS_NAGALAND_2023.427",
      "geometry": {
        "type": "MultiPolygon",
        "coordinates": [
          [
            [
              [
                94.69888872,
                26.50579459
              ],
              [
                94.69888872,
                26.50642726
              ],
              [
                94.70012835,
                26.50642726
              ],
              [
                94.70012835,
                26.50579459
              ],
              [
                94.69888872,
                26.50579459
              ]
            ]
          ]
        ]
      },
      "geometry_name": "the_geom",
      "properties": {
        "Slide_No": "NL/LL/83J10/2024/1",
        "State": "NAGALAND",
        "District": "LONGLENG",
        "Topo_No": "83J10",
        "Latitude": 26.5061,
        "Longitude": 94.6995,
        "Length_m": 125.568,
        "Width_m": 58.481,
        "Height_m": 37.0462646484,
        "Area_Sqm": 5003.17,
        "Activity": "Reactivated",
        "Geomorpho": "Structural Origin - Moderately Dissected Hills and Valleys (Smdhv)",
        "Lithology": "Flaggy sandstone with subordinate shale (Barail Group) 0541), Eocene-Oligocene",
        "LULC": "Evergreen Open Forest",
        "Triggering": "Rainfall",
        "Year": "2023",
        "Basin": "Brahmaputra Basin",
        "Sub_Basin": "Brahmaputra Upper",
        "Source": "RESOURCESAT-2, 2A, 10m CARTODEM, NGLM 50k(2011-2012), Lithology-GSI 50k(2011), SISDP-P2-LULC 10k(2018-2023) & India-WRIS"
      }
    },
    {
      "type": "Feature",
      "id": "LS_NAGALAND_2023.428",
      "geometry": {
        "type": "MultiPolygon",
        "coordinates": [
          [
            [
              [
                94.69765353,
                26.50427871
              ],
              [
                94.69765353,
                26.5048708
              ],
              [
                94.6985526,
                26.5048708
              ],
              [
                94.6985526,
                26.50427871
              ],
              [
                94.69765353,
                26.50427871
              ]
            ]
          ]
        ]
      },
      "geometry_name": "the_geom",
      "properties": {
        "Slide_No": "NL/LL/83J11/2023/6",
        "State": "NAGALAND",
        "District": "LONGLENG",
        "Topo_No": "83J11",
        "Latitude": 26.5046,
        "Longitude": 94.6981,
        "Length_m": 83.364,
        "Width_m": 65.613,
        "Height_m": 41.2105712891,
        "Area_Sqm": 3166.88,
        "Activity": "Reactivated",
        "Geomorpho": "Structural Origin - Moderately Dissected Hills and Valleys (Smdhv)",
        "Lithology": "Flaggy sandstone with subordinate shale (Barail Group) 0541), Eocene-Oligocene",
        "LULC": "Others - Shifting Cultivation",
        "Triggering": "Rainfall",
        "Year": "2023",
        "Basin": "Brahmaputra Basin",
        "Sub_Basin": "Brahmaputra Upper",
        "Source": "RESOURCESAT-2, 2A, 10m CARTODEM, NGLM 50k(2011-2012), Lithology-GSI 50k(2011), SISDP-P2-LULC 10k(2018-2023) & India-WRIS"
      }
    },
    {
      "type": "Feature",
      "id": "LS_NAGALAND_2023.429",
      "geometry": {
        "type": "MultiPolygon",
        "coordinates": [
          [
            [
              [
                94.69635837,
                26.50309872
              ],
              [
                94.69635837,
                26.50386696
              ],
              [
                94.69693206,
                26.50386696
              ],
              [
                94.69693206,
                26.50309872
              ],
              [
                94.69635837,
                26.50309872
              ]
            ]
          ]
        ]
      },
      "geometry_name": "the_geom",
      "properties": {
        "Slide_No": "NL/LL/83J11/2023/7",
        "State": "NAGALAND",
        "District": "LONGLENG",
        "Topo_No": "83J11",
        "Latitude": 26.5035,
        "Longitude": 94.6967,
        "Length_m": 65.14,
        "Width_m": 64.543,
        "Height_m": 52.6117553711,
        "Area_Sqm": 2244.72,
        "Activity": "Reactivated",
        "Geomorpho": "Structural Origin - Moderately Dissected Hills and Valleys (Smdhv)",
        "Lithology": "Flaggy sandstone with subordinate shale (Barail Group) 0541), Eocene-Oligocene",
        "LULC": "Evergreen Open Forest",
        "Triggering": "Rainfall",
        "Year": "2023",
        "Basin": "Brahmaputra Basin",
        "Sub_Basin": "Brahmaputra Upper",
        "Source": "RESOURCESAT-2, 2A, 10m CARTODEM, NGLM 50k(2011-2012), Lithology-GSI 50k(2011), SISDP-P2-LULC 10k(2018-2023) & India-WRIS"
      }
    },
    {
      "type": "Feature",
      "id": "LS_NAGALAND_2023.433",
      "geometry": {
        "type": "MultiPolygon",
        "coordinates": [
          [
            [
              [
                94.86660994,
                26.6453914
              ],
              [
                94.86660994,
                26.64597332
              ],
              [
                94.86705474,
                26.64597332
              ],
              [
                94.86705474,
                26.6453914
              ],
              [
                94.86660994,
                26.6453914
              ]
            ]
          ]
        ]
      },
      "geometry_name": "the_geom",
      "properties": {
        "Slide_No": "NL/MN/83J14/2023/1",
        "State": "NAGALAND",
        "District": "MON",
        "Topo_No": "83J14",
        "Latitude": 26.6457,
        "Longitude": 94.8668,
        "Length_m": 63.741,
        "Width_m": 43.222,
        "Height_m": 47.709595,
        "Area_Sqm": 1930.19,
        "Activity": "Active",
        "Geomorpho": "Structural Origin - Moderately Dissected Hills and Valleys (Smdhv)",
        "Lithology": "Flaggy sandstone with subordinate shale (Barail Group) 0541), Eocene-Oligocene",
        "LULC": "Semi- Evergreen Open Forest",
        "Triggering": "Rainfall",
        "Year": "2023",
        "Basin": "Brahmaputra Basin",
        "Sub_Basin": "Brahmaputra Upper",
        "Source": "RESOURCESAT-2, 2A, 10m CARTODEM, NGLM 50k(2011-2012), Lithology-GSI 50k(2011), SISDP-P2-LULC 10k(2018-2023) & India-WRIS"
      }
    },
    {
      "type": "Feature",
      "id": "LS_NAGALAND_2023.434",
      "geometry": {
        "type": "MultiPolygon",
        "coordinates": [
          [
            [
              [
                94.80387178,
                26.63767931
              ],
              [
                94.80387178,
                26.63787332
              ],
              [
                94.80403703,
                26.63787332
              ],
              [
                94.80403703,
                26.63767931
              ],
              [
                94.80387178,
                26.63767931
              ]
            ]
          ]
        ]
      },
      "geometry_name": "the_geom",
      "properties": {
        "Slide_No": "NL/MN/83J14/2023/2",
        "State": "NAGALAND",
        "District": "MON",
        "Topo_No": "83J14",
        "Latitude": 26.6378,
        "Longitude": 94.804,
        "Length_m": 23.025,
        "Width_m": 13.134,
        "Height_m": 15.1914672852,
        "Area_Sqm": 241.061,
        "Activity": "Active",
        "Geomorpho": "Structural Origin - Moderately Dissected Hills and Valleys (Smdhv)",
        "Lithology": "Shale, siltstone, greywacke rhythmite & sandstone (0594), Palaeocene-Eocene",
        "LULC": "Semi- Evergreen Open Forest",
        "Triggering": "Rainfall",
        "Year": "2023",
        "Basin": "Brahmaputra Basin",
        "Sub_Basin": "Brahmaputra Upper",
        "Source": "RESOURCESAT-2, 2A, 10m CARTODEM, NGLM 50k(2011-2012), Lithology-GSI 50k(2011), SISDP-P2-LULC 10k(2018-2023) & India-WRIS"
      }
    },
    {
      "type": "Feature",
      "id": "LS_NAGALAND_2023.436",
      "geometry": {
        "type": "MultiPolygon",
        "coordinates": [
          [
            [
              [
                94.81500857,
                26.63075083
              ],
              [
                94.81500857,
                26.63092741
              ],
              [
                94.8151685,
                26.63092741
              ],
              [
                94.8151685,
                26.63075083
              ],
              [
                94.81500857,
                26.63075083
              ]
            ]
          ]
        ]
      },
      "geometry_name": "the_geom",
      "properties": {
        "Slide_No": "NL/MN/83J14/2023/3",
        "State": "NAGALAND",
        "District": "MON",
        "Topo_No": "83J14",
        "Latitude": 26.6308,
        "Longitude": 94.8151,
        "Length_m": 19.704,
        "Width_m": 14.834,
        "Height_m": 15.1034851074,
        "Area_Sqm": 231.568,
        "Activity": "Active",
        "Geomorpho": "Structural Origin - Moderately Dissected Hills and Valleys (Smdhv)",
        "Lithology": "Shale, siltstone, greywacke rhythmite & sandstone (0594), Palaeocene-Eocene",
        "LULC": "Semi- Evergreen Closed Forest",
        "Triggering": "Rainfall",
        "Year": "2023",
        "Basin": "Brahmaputra Basin",
        "Sub_Basin": "Brahmaputra Upper",
        "Source": "RESOURCESAT-2, 2A, 10m CARTODEM, NGLM 50k(2011-2012), Lithology-GSI 50k(2011), SISDP-P2-LULC 10k(2018-2023) & India-WRIS"
      }
    },
    {
      "type": "Feature",
      "id": "LS_NAGALAND_2023.437",
      "geometry": {
        "type": "MultiPolygon",
        "coordinates": [
          [
            [
              [
                94.84043516,
                26.62397571
              ],
              [
                94.84043516,
                26.62431022
              ],
              [
                94.84101495,
                26.62431022
              ],
              [
                94.84101495,
                26.62397571
              ],
              [
                94.84043516,
                26.62397571
              ]
            ]
          ]
        ]
      },
      "geometry_name": "the_geom",
      "properties": {
        "Slide_No": "NL/MN/83J14/2023/4",
        "State": "NAGALAND",
        "District": "MON",
        "Topo_No": "83J14",
        "Latitude": 26.6241,
        "Longitude": 94.8407,
        "Length_m": 59.572,
        "Width_m": 31.376,
        "Height_m": 27.774567,
        "Area_Sqm": 1366.75,
        "Activity": "Active",
        "Geomorpho": "Structural Origin - Moderately Dissected Hills and Valleys (Smdhv)",
        "Lithology": "Flaggy sandstone with subordinate shale (Barail Group) 0541), Eocene-Oligocene",
        "LULC": "Semi- Evergreen Open Forest",
        "Triggering": "Rainfall",
        "Year": "2023",
        "Basin": "Brahmaputra Basin",
        "Sub_Basin": "Brahmaputra Upper",
        "Source": "RESOURCESAT-2, 2A, 10m CARTODEM, NGLM 50k(2011-2012), Lithology-GSI 50k(2011), SISDP-P2-LULC 10k(2018-2023) & India-WRIS"
      }
    },
    {
      "type": "Feature",
      "id": "LS_NAGALAND_2023.439",
      "geometry": {
        "type": "MultiPolygon",
        "coordinates": [
          [
            [
              [
                94.83902401,
                26.61103312
              ],
              [
                94.83902401,
                26.61128211
              ],
              [
                94.83929525,
                26.61128211
              ],
              [
                94.83929525,
                26.61103312
              ],
              [
                94.83902401,
                26.61103312
              ]
            ]
          ]
        ]
      },
      "geometry_name": "the_geom",
      "properties": {
        "Slide_No": "NL/LL/83J14/2023/5",
        "State": "NAGALAND",
        "District": "LONGLENG",
        "Topo_No": "83J14",
        "Latitude": 26.6112,
        "Longitude": 94.8392,
        "Length_m": 34.868,
        "Width_m": 18.253,
        "Height_m": 17.3209838867,
        "Area_Sqm": 457.562,
        "Activity": "Active",
        "Geomorpho": "Structural Origin - Moderately Dissected Hills and Valleys (Smdhv)",
        "Lithology": "Flaggy sandstone with subordinate shale (Barail Group) 0541), Eocene-Oligocene",
        "LULC": "Evergreen Open Forest",
        "Triggering": "Rainfall",
        "Year": "2023",
        "Basin": "Brahmaputra Basin",
        "Sub_Basin": "Brahmaputra Upper",
        "Source": "RESOURCESAT-2, 2A, 10m CARTODEM, NGLM 50k(2011-2012), Lithology-GSI 50k(2011), SISDP-P2-LULC 10k(2018-2023) & India-WRIS"
      }
    },
    {
      "type": "Feature",
      "id": "LS_NAGALAND_2023.440",
      "geometry": {
        "type": "MultiPolygon",
        "coordinates": [
          [
            [
              [
                94.79776695,
                26.60005273
              ],
              [
                94.79776695,
                26.60042218
              ],
              [
                94.7980306,
                26.60042218
              ],
              [
                94.7980306,
                26.60005273
              ],
              [
                94.79776695,
                26.60005273
              ]
            ]
          ]
        ]
      },
      "geometry_name": "the_geom",
      "properties": {
        "Slide_No": "NL/LL/83J14/2023/6",
        "State": "NAGALAND",
        "District": "LONGLENG",
        "Topo_No": "83J14",
        "Latitude": 26.6002,
        "Longitude": 94.7979,
        "Length_m": 44.169,
        "Width_m": 18.837,
        "Height_m": 8.59075927734,
        "Area_Sqm": 587.614,
        "Activity": "Active",
        "Geomorpho": "Structural Origin - Highly Dissected Hills and Valleys (Shdhv)",
        "Lithology": "Flaggy sandstone with subordinate shale (Barail Group) 0541), Eocene-Oligocene",
        "LULC": "Evergreen Open Forest",
        "Triggering": "Rainfall",
        "Year": "2023",
        "Basin": "Brahmaputra Basin",
        "Sub_Basin": "Brahmaputra Upper",
        "Source": "RESOURCESAT-2, 2A, 10m CARTODEM, NGLM 50k(2011-2012), Lithology-GSI 50k(2011), SISDP-P2-LULC 10k(2018-2023) & India-WRIS"
      }
    },
    {
      "type": "Feature",
      "id": "LS_NAGALAND_2023.441",
      "geometry": {
        "type": "MultiPolygon",
        "coordinates": [
          [
            [
              [
                94.8149114,
                26.57521899
              ],
              [
                94.8149114,
                26.57541422
              ],
              [
                94.81521532,
                26.57541422
              ],
              [
                94.81521532,
                26.57521899
              ],
              [
                94.8149114,
                26.57521899
              ]
            ]
          ]
        ]
      },
      "geometry_name": "the_geom",
      "properties": {
        "Slide_No": "NL/LL/83J14/2023/7",
        "State": "NAGALAND",
        "District": "LONGLENG",
        "Topo_No": "83J14",
        "Latitude": 26.5753,
        "Longitude": 94.815,
        "Length_m": 29.932,
        "Width_m": 20.428,
        "Height_m": 14.5125732422,
        "Area_Sqm": 443.149,
        "Activity": "Active",
        "Geomorpho": "Structural Origin - Moderately Dissected Hills and Valleys - Valley (Smdhv-v)",
        "Lithology": "Flaggy sandstone with subordinate shale (Barail Group) 0541), Eocene-Oligocene",
        "LULC": "Evergreen Open Forest",
        "Triggering": "Rainfall",
        "Year": "2023",
        "Basin": "Brahmaputra Basin",
        "Sub_Basin": "Brahmaputra Upper",
        "Source": "RESOURCESAT-2, 2A, 10m CARTODEM, NGLM 50k(2011-2012), Lithology-GSI 50k(2011), SISDP-P2-LULC 10k(2018-2023) & India-WRIS"
      }
    },
    {
      "type": "Feature",
      "id": "LS_NAGALAND_2023.442",
      "geometry": {
        "type": "MultiPolygon",
        "coordinates": [
          [
            [
              [
                94.78797286,
                26.57451615
              ],
              [
                94.78797286,
                26.57473751
              ],
              [
                94.78822947,
                26.57473751
              ],
              [
                94.78822947,
                26.57451615
              ],
              [
                94.78797286,
                26.57451615
              ]
            ]
          ]
        ]
      },
      "geometry_name": "the_geom",
      "properties": {
        "Slide_No": "NL/LL/83J14/2023/8",
        "State": "NAGALAND",
        "District": "LONGLENG",
        "Topo_No": "83J14",
        "Latitude": 26.5746,
        "Longitude": 94.7881,
        "Length_m": 25.058,
        "Width_m": 24.611,
        "Height_m": 14.9114990234,
        "Area_Sqm": 468.715,
        "Activity": "Active",
        "Geomorpho": "Structural Origin - Moderately Dissected Hills and Valleys - Valley (Smdhv-v)",
        "Lithology": "Flaggy sandstone with subordinate shale (Barail Group) 0541), Eocene-Oligocene",
        "LULC": "Evergreen Closed Forest",
        "Triggering": "Rainfall",
        "Year": "2023",
        "Basin": "Brahmaputra Basin",
        "Sub_Basin": "Brahmaputra Upper",
        "Source": "RESOURCESAT-2, 2A, 10m CARTODEM, NGLM 50k(2011-2012), Lithology-GSI 50k(2011), SISDP-P2-LULC 10k(2018-2023) & India-WRIS"
      }
    },
    {
      "type": "Feature",
      "id": "LS_NAGALAND_2023.443",
      "geometry": {
        "type": "MultiPolygon",
        "coordinates": [
          [
            [
              [
                94.81298682,
                26.56815108
              ],
              [
                94.81298682,
                26.56866244
              ],
              [
                94.81324911,
                26.56866244
              ],
              [
                94.81324911,
                26.56815108
              ],
              [
                94.81298682,
                26.56815108
              ]
            ]
          ]
        ]
      },
      "geometry_name": "the_geom",
      "properties": {
        "Slide_No": "NL/LL/83J14/2023/9",
        "State": "NAGALAND",
        "District": "LONGLENG",
        "Topo_No": "83J14",
        "Latitude": 26.5684,
        "Longitude": 94.8131,
        "Length_m": 57.97,
        "Width_m": 20.876,
        "Height_m": 19.9346313477,
        "Area_Sqm": 750.585,
        "Activity": "Active",
        "Geomorpho": "Structural Origin - Highly Dissected Hills and Valleys (Shdhv)",
        "Lithology": "Shale, siltstone, greywacke rhythmite & sandstone (0594), Palaeocene-Eocene",
        "LULC": "Evergreen Open Forest",
        "Triggering": "Rainfall",
        "Year": "2023",
        "Basin": "Brahmaputra Basin",
        "Sub_Basin": "Brahmaputra Upper",
        "Source": "RESOURCESAT-2, 2A, 10m CARTODEM, NGLM 50k(2011-2012), Lithology-GSI 50k(2011), SISDP-P2-LULC 10k(2018-2023) & India-WRIS"
      }
    },
    {
      "type": "Feature",
      "id": "LS_NAGALAND_2023.444",
      "geometry": {
        "type": "MultiPolygon",
        "coordinates": [
          [
            [
              [
                94.82608417,
                26.55497727
              ],
              [
                94.82608417,
                26.55544809
              ],
              [
                94.82629295,
                26.55544809
              ],
              [
                94.82629295,
                26.55497727
              ],
              [
                94.82608417,
                26.55497727
              ]
            ]
          ]
        ]
      },
      "geometry_name": "the_geom",
      "properties": {
        "Slide_No": "NL/LL/83J14/2023/10",
        "State": "NAGALAND",
        "District": "LONGLENG",
        "Topo_No": "83J14",
        "Latitude": 26.5552,
        "Longitude": 94.8262,
        "Length_m": 52.156,
        "Width_m": 20.468,
        "Height_m": 19.7774963379,
        "Area_Sqm": 752.079,
        "Activity": "Active",
        "Geomorpho": "Structural Origin - Low Dissected Hills and Valleys (Sldhv)",
        "Lithology": "Flaggy sandstone with subordinate shale (Barail Group) 0541), Eocene-Oligocene",
        "LULC": "Evergreen Open Forest",
        "Triggering": "Rainfall",
        "Year": "2023",
        "Basin": "Brahmaputra Basin",
        "Sub_Basin": "Brahmaputra Upper",
        "Source": "RESOURCESAT-2, 2A, 10m CARTODEM, NGLM 50k(2011-2012), Lithology-GSI 50k(2011), SISDP-P2-LULC 10k(2018-2023) & India-WRIS"
      }
    },
    {
      "type": "Feature",
      "id": "LS_NAGALAND_2023.445",
      "geometry": {
        "type": "MultiPolygon",
        "coordinates": [
          [
            [
              [
                94.80492488,
                26.55086441
              ],
              [
                94.80492488,
                26.55141649
              ],
              [
                94.8053824,
                26.55141649
              ],
              [
                94.8053824,
                26.55086441
              ],
              [
                94.80492488,
                26.55086441
              ]
            ]
          ]
        ]
      },
      "geometry_name": "the_geom",
      "properties": {
        "Slide_No": "NL/LL/83J14/2023/11",
        "State": "NAGALAND",
        "District": "LONGLENG",
        "Topo_No": "83J14",
        "Latitude": 26.5512,
        "Longitude": 94.8052,
        "Length_m": 72.873,
        "Width_m": 18.052,
        "Height_m": 63.0246582031,
        "Area_Sqm": 874.455,
        "Activity": "Active",
        "Geomorpho": "Structural Origin - Highly Dissected Hills and Valleys (Shdhv)",
        "Lithology": "Flaggy sandstone with subordinate shale (Barail Group) 0541), Eocene-Oligocene",
        "LULC": "Evergreen Open Forest",
        "Triggering": "Rainfall",
        "Year": "2023",
        "Basin": "Brahmaputra Basin",
        "Sub_Basin": "Brahmaputra Upper",
        "Source": "RESOURCESAT-2, 2A, 10m CARTODEM, NGLM 50k(2011-2012), Lithology-GSI 50k(2011), SISDP-P2-LULC 10k(2018-2023) & India-WRIS"
      }
    },
    {
      "type": "Feature",
      "id": "LS_NAGALAND_2023.446",
      "geometry": {
        "type": "MultiPolygon",
        "coordinates": [
          [
            [
              [
                94.80581214,
                26.54645119
              ],
              [
                94.80581214,
                26.5466937
              ],
              [
                94.80613706,
                26.5466937
              ],
              [
                94.80613706,
                26.54645119
              ],
              [
                94.80581214,
                26.54645119
              ]
            ]
          ]
        ]
      },
      "geometry_name": "the_geom",
      "properties": {
        "Slide_No": "NL/LL/83J14/2023/12",
        "State": "NAGALAND",
        "District": "LONGLENG",
        "Topo_No": "83J14",
        "Latitude": 26.5466,
        "Longitude": 94.806,
        "Length_m": 38.94,
        "Width_m": 14.988,
        "Height_m": 10.667175293,
        "Area_Sqm": 449.488,
        "Activity": "Active",
        "Geomorpho": "Structural Origin - Highly Dissected Hills and Valleys (Shdhv)",
        "Lithology": "Flaggy sandstone with subordinate shale (Barail Group) 0541), Eocene-Oligocene",
        "LULC": "Evergreen Open Forest",
        "Triggering": "Rainfall",
        "Year": "2023",
        "Basin": "Brahmaputra Basin",
        "Sub_Basin": "Brahmaputra Upper",
        "Source": "RESOURCESAT-2, 2A, 10m CARTODEM, NGLM 50k(2011-2012), Lithology-GSI 50k(2011), SISDP-P2-LULC 10k(2018-2023) & India-WRIS"
      }
    },
    {
      "type": "Feature",
      "id": "LS_NAGALAND_2023.447",
      "geometry": {
        "type": "MultiPolygon",
        "coordinates": [
          [
            [
              [
                94.80021181,
                26.54161777
              ],
              [
                94.80021181,
                26.54202539
              ],
              [
                94.80048626,
                26.54202539
              ],
              [
                94.80048626,
                26.54161777
              ],
              [
                94.80021181,
                26.54161777
              ]
            ]
          ]
        ]
      },
      "geometry_name": "the_geom",
      "properties": {
        "Slide_No": "NL/LL/83J14/2023/13",
        "State": "NAGALAND",
        "District": "LONGLENG",
        "Topo_No": "83J14",
        "Latitude": 26.5418,
        "Longitude": 94.8003,
        "Length_m": 45.398,
        "Width_m": 20.126,
        "Height_m": 13.0200805664,
        "Area_Sqm": 726.933,
        "Activity": "Active",
        "Geomorpho": "Structural Origin - Highly Dissected Hills and Valleys (Shdhv)",
        "Lithology": "Flaggy sandstone with subordinate shale (Barail Group) 0541), Eocene-Oligocene",
        "LULC": "Evergreen Open Forest",
        "Triggering": "Rainfall",
        "Year": "2023",
        "Basin": "Brahmaputra Basin",
        "Sub_Basin": "Brahmaputra Upper",
        "Source": "RESOURCESAT-2, 2A, 10m CARTODEM, NGLM 50k(2011-2012), Lithology-GSI 50k(2011), SISDP-P2-LULC 10k(2018-2023) & India-WRIS"
      }
    },
    {
      "type": "Feature",
      "id": "LS_NAGALAND_2023.448",
      "geometry": {
        "type": "MultiPolygon",
        "coordinates": [
          [
            [
              [
                94.8015099,
                26.53868973
              ],
              [
                94.8015099,
                26.53901584
              ],
              [
                94.80162782,
                26.53901584
              ],
              [
                94.80162782,
                26.53868973
              ],
              [
                94.8015099,
                26.53868973
              ]
            ]
          ]
        ]
      },
      "geometry_name": "the_geom",
      "properties": {
        "Slide_No": "NL/LL/83J14/2023/14",
        "State": "NAGALAND",
        "District": "LONGLENG",
        "Topo_No": "83J14",
        "Latitude": 26.5389,
        "Longitude": 94.8016,
        "Length_m": 35.978,
        "Width_m": 11.705,
        "Height_m": 3.458069,
        "Area_Sqm": 332.599,
        "Activity": "Active",
        "Geomorpho": "Structural Origin - Highly Dissected Hills and Valleys (Shdhv)",
        "Lithology": "Flaggy sandstone with subordinate shale (Barail Group) 0541), Eocene-Oligocene",
        "LULC": "Others - Shifting Cultivation",
        "Triggering": "Rainfall",
        "Year": "2023",
        "Basin": "Brahmaputra Basin",
        "Sub_Basin": "Brahmaputra Upper",
        "Source": "RESOURCESAT-2, 2A, 10m CARTODEM, NGLM 50k(2011-2012), Lithology-GSI 50k(2011), SISDP-P2-LULC 10k(2018-2023) & India-WRIS"
      }
    },
    {
      "type": "Feature",
      "id": "LS_NAGALAND_2023.449",
      "geometry": {
        "type": "MultiPolygon",
        "coordinates": [
          [
            [
              [
                94.88550149,
                26.53380718
              ],
              [
                94.88550149,
                26.53411369
              ],
              [
                94.88570663,
                26.53411369
              ],
              [
                94.88570663,
                26.53380718
              ],
              [
                94.88550149,
                26.53380718
              ]
            ]
          ]
        ]
      },
      "geometry_name": "the_geom",
      "properties": {
        "Slide_No": "NL/MN/83J14/2023/15",
        "State": "NAGALAND",
        "District": "MON",
        "Topo_No": "83J14",
        "Latitude": 26.534,
        "Longitude": 94.8856,
        "Length_m": 33.911,
        "Width_m": 20.421,
        "Height_m": 8.75122070312,
        "Area_Sqm": 561.463,
        "Activity": "Active",
        "Geomorpho": "Structural Origin - Low Dissected Hills and Valleys (Sldhv)",
        "Lithology": "Shale, siltstone, greywacke rhythmite & sandstone (0594), Palaeocene-Eocene",
        "LULC": "Evergreen Closed Forest",
        "Triggering": "Rainfall",
        "Year": "2023",
        "Basin": "Brahmaputra Basin",
        "Sub_Basin": "Brahmaputra Upper",
        "Source": "RESOURCESAT-2, 2A, 10m CARTODEM, NGLM 50k(2011-2012), Lithology-GSI 50k(2011), SISDP-P2-LULC 10k(2018-2023) & India-WRIS"
      }
    },
    {
      "type": "Feature",
      "id": "LS_NAGALAND_2023.450",
      "geometry": {
        "type": "MultiPolygon",
        "coordinates": [
          [
            [
              [
                94.82748518,
                26.52865861
              ],
              [
                94.82748518,
                26.5288656
              ],
              [
                94.82761347,
                26.5288656
              ],
              [
                94.82761347,
                26.52865861
              ],
              [
                94.82748518,
                26.52865861
              ]
            ]
          ]
        ]
      },
      "geometry_name": "the_geom",
      "properties": {
        "Slide_No": "NL/LL/83J14/2023/16",
        "State": "NAGALAND",
        "District": "LONGLENG",
        "Topo_No": "83J14",
        "Latitude": 26.5288,
        "Longitude": 94.8276,
        "Length_m": 23.104,
        "Width_m": 12.598,
        "Height_m": 3.78082275391,
        "Area_Sqm": 214.121,
        "Activity": "Active",
        "Geomorpho": "Structural Origin - Highly Dissected Hills and Valleys (Shdhv)",
        "Lithology": "Flaggy sandstone with subordinate shale (Barail Group) 0541), Eocene-Oligocene",
        "LULC": "Evergreen Open Forest",
        "Triggering": "Rainfall",
        "Year": "2023",
        "Basin": "Brahmaputra Basin",
        "Sub_Basin": "Brahmaputra Upper",
        "Source": "RESOURCESAT-2, 2A, 10m CARTODEM, NGLM 50k(2011-2012), Lithology-GSI 50k(2011), SISDP-P2-LULC 10k(2018-2023) & India-WRIS"
      }
    },
    {
      "type": "Feature",
      "id": "LS_NAGALAND_2023.452",
      "geometry": {
        "type": "MultiPolygon",
        "coordinates": [
          [
            [
              [
                94.76498827,
                26.51801851
              ],
              [
                94.76498827,
                26.51825601
              ],
              [
                94.76527011,
                26.51825601
              ],
              [
                94.76527011,
                26.51801851
              ],
              [
                94.76498827,
                26.51801851
              ]
            ]
          ]
        ]
      },
      "geometry_name": "the_geom",
      "properties": {
        "Slide_No": "NL/LL/83J14/2023/17",
        "State": "NAGALAND",
        "District": "LONGLENG",
        "Topo_No": "83J14",
        "Latitude": 26.5181,
        "Longitude": 94.7651,
        "Length_m": 33.778,
        "Width_m": 13.251,
        "Height_m": 8.96997070312,
        "Area_Sqm": 375.279,
        "Activity": "Active",
        "Geomorpho": "Structural Origin - Highly Dissected Hills and Valleys (Shdhv)",
        "Lithology": "Flaggy sandstone with subordinate shale (Barail Group) 0541), Eocene-Oligocene",
        "LULC": "Evergreen Open Forest",
        "Triggering": "Rainfall",
        "Year": "2023",
        "Basin": "Brahmaputra Basin",
        "Sub_Basin": "Brahmaputra Upper",
        "Source": "RESOURCESAT-2, 2A, 10m CARTODEM, NGLM 50k(2011-2012), Lithology-GSI 50k(2011), SISDP-P2-LULC 10k(2018-2023) & India-WRIS"
      }
    },
    {
      "type": "Feature",
      "id": "LS_NAGALAND_2023.453",
      "geometry": {
        "type": "MultiPolygon",
        "coordinates": [
          [
            [
              [
                94.76374451,
                26.51653934
              ],
              [
                94.76374451,
                26.51698583
              ],
              [
                94.76404261,
                26.51698583
              ],
              [
                94.76404261,
                26.51653934
              ],
              [
                94.76374451,
                26.51653934
              ]
            ]
          ]
        ]
      },
      "geometry_name": "the_geom",
      "properties": {
        "Slide_No": "NL/LL/83J14/2023/18",
        "State": "NAGALAND",
        "District": "LONGLENG",
        "Topo_No": "83J14",
        "Latitude": 26.5168,
        "Longitude": 94.7639,
        "Length_m": 53.072,
        "Width_m": 20.395,
        "Height_m": 25.6851806641,
        "Area_Sqm": 819.298,
        "Activity": "Active",
        "Geomorpho": "Structural Origin - Highly Dissected Hills and Valleys (Shdhv)",
        "Lithology": "Flaggy sandstone with subordinate shale (Barail Group) 0541), Eocene-Oligocene",
        "LULC": "Evergreen Open Forest",
        "Triggering": "Rainfall",
        "Year": "2023",
        "Basin": "Brahmaputra Basin",
        "Sub_Basin": "Brahmaputra Upper",
        "Source": "RESOURCESAT-2, 2A, 10m CARTODEM, NGLM 50k(2011-2012), Lithology-GSI 50k(2011), SISDP-P2-LULC 10k(2018-2023) & India-WRIS"
      }
    },
    {
      "type": "Feature",
      "id": "LS_NAGALAND_2023.454",
      "geometry": {
        "type": "MultiPolygon",
        "coordinates": [
          [
            [
              [
                94.785621,
                26.51572389
              ],
              [
                94.785621,
                26.51660148
              ],
              [
                94.78631674,
                26.51660148
              ],
              [
                94.78631674,
                26.51572389
              ],
              [
                94.785621,
                26.51572389
              ]
            ]
          ]
        ]
      },
      "geometry_name": "the_geom",
      "properties": {
        "Slide_No": "NL/LL/83J14/2023/19",
        "State": "NAGALAND",
        "District": "LONGLENG",
        "Topo_No": "83J14",
        "Latitude": 26.5162,
        "Longitude": 94.7859,
        "Length_m": 114.668,
        "Width_m": 44.848,
        "Height_m": 82.6530761719,
        "Area_Sqm": 2795.26,
        "Activity": "Active",
        "Geomorpho": "Structural Origin - Highly Dissected Hills and Valleys (Shdhv)",
        "Lithology": "Flaggy sandstone with subordinate shale (Barail Group) 0541), Eocene-Oligocene",
        "LULC": "Evergreen Open Forest",
        "Triggering": "Rainfall",
        "Year": "2023",
        "Basin": "Brahmaputra Basin",
        "Sub_Basin": "Brahmaputra Upper",
        "Source": "RESOURCESAT-2, 2A, 10m CARTODEM, NGLM 50k(2011-2012), Lithology-GSI 50k(2011), SISDP-P2-LULC 10k(2018-2023) & India-WRIS"
      }
    },
    {
      "type": "Feature",
      "id": "LS_NAGALAND_2023.455",
      "geometry": {
        "type": "MultiPolygon",
        "coordinates": [
          [
            [
              [
                94.84968596,
                26.50225136
              ],
              [
                94.84968596,
                26.50250386
              ],
              [
                94.84986508,
                26.50250386
              ],
              [
                94.84986508,
                26.50225136
              ],
              [
                94.84968596,
                26.50225136
              ]
            ]
          ]
        ]
      },
      "geometry_name": "the_geom",
      "properties": {
        "Slide_No": "NL/LL/83J15/2023/1",
        "State": "NAGALAND",
        "District": "LONGLENG",
        "Topo_No": "83J15",
        "Latitude": 26.5024,
        "Longitude": 94.8498,
        "Length_m": 28.511,
        "Width_m": 16.777,
        "Height_m": 10.864319,
        "Area_Sqm": 363.857,
        "Activity": "Active",
        "Geomorpho": "Structural Origin - Low Dissected Hills and Valleys (Sldhv)",
        "Lithology": "Flaggy sandstone with subordinate shale (Barail Group) 0541), Eocene-Oligocene",
        "LULC": "Evergreen Open Forest",
        "Triggering": "Rainfall",
        "Year": "2023",
        "Basin": "Brahmaputra Basin",
        "Sub_Basin": "Brahmaputra Upper",
        "Source": "RESOURCESAT-2, 2A, 10m CARTODEM, NGLM 50k(2011-2012), Lithology-GSI 50k(2011), SISDP-P2-LULC 10k(2018-2023) & India-WRIS"
      }
    },
    {
      "type": "Feature",
      "id": "LS_NAGALAND_2023.456",
      "geometry": {
        "type": "MultiPolygon",
        "coordinates": [
          [
            [
              [
                94.84026028,
                26.49597482
              ],
              [
                94.84026028,
                26.49653563
              ],
              [
                94.84065119,
                26.49653563
              ],
              [
                94.84065119,
                26.49597482
              ],
              [
                94.84026028,
                26.49597482
              ]
            ]
          ]
        ]
      },
      "geometry_name": "the_geom",
      "properties": {
        "Slide_No": "NL/LL/83J15/2023/2",
        "State": "NAGALAND",
        "District": "LONGLENG",
        "Topo_No": "83J15",
        "Latitude": 26.4963,
        "Longitude": 94.8405,
        "Length_m": 66.574,
        "Width_m": 24.053,
        "Height_m": 40.9061889648,
        "Area_Sqm": 1343.72,
        "Activity": "Active",
        "Geomorpho": "Structural Origin - Highly Dissected Hills and Valleys (Shdhv)",
        "Lithology": "Flaggy sandstone with subordinate shale (Barail Group) 0541), Eocene-Oligocene",
        "LULC": "Evergreen Open Forest",
        "Triggering": "Rainfall",
        "Year": "2023",
        "Basin": "Brahmaputra Basin",
        "Sub_Basin": "Brahmaputra Upper",
        "Source": "RESOURCESAT-2, 2A, 10m CARTODEM, NGLM 50k(2011-2012), Lithology-GSI 50k(2011), SISDP-P2-LULC 10k(2018-2023) & India-WRIS"
      }
    },
    {
      "type": "Feature",
      "id": "LS_NAGALAND_2023.457",
      "geometry": {
        "type": "MultiPolygon",
        "coordinates": [
          [
            [
              [
                94.71653087,
                26.49338073
              ],
              [
                94.71653087,
                26.49385219
              ],
              [
                94.71682739,
                26.49385219
              ],
              [
                94.71682739,
                26.49338073
              ],
              [
                94.71653087,
                26.49338073
              ]
            ]
          ]
        ]
      },
      "geometry_name": "the_geom",
      "properties": {
        "Slide_No": "NL/LL/83J11/2023/8",
        "State": "NAGALAND",
        "District": "LONGLENG",
        "Topo_No": "83J11",
        "Latitude": 26.4936,
        "Longitude": 94.7167,
        "Length_m": 56.973,
        "Width_m": 15.098,
        "Height_m": 38.9556884766,
        "Area_Sqm": 591.676,
        "Activity": "Active",
        "Geomorpho": "Structural Origin - Highly Dissected Hills and Valleys (Shdhv)",
        "Lithology": "Flaggy sandstone with subordinate shale (Barail Group) 0541), Eocene-Oligocene",
        "LULC": "Evergreen Open Forest",
        "Triggering": "Rainfall",
        "Year": "2023",
        "Basin": "Brahmaputra Basin",
        "Sub_Basin": "Brahmaputra Upper",
        "Source": "RESOURCESAT-2, 2A, 10m CARTODEM, NGLM 50k(2011-2012), Lithology-GSI 50k(2011), SISDP-P2-LULC 10k(2018-2023) & India-WRIS"
      }
    },
    {
      "type": "Feature",
      "id": "LS_NAGALAND_2023.458",
      "geometry": {
        "type": "MultiPolygon",
        "coordinates": [
          [
            [
              [
                94.79070136,
                26.48001667
              ],
              [
                94.79070136,
                26.48082608
              ],
              [
                94.79130813,
                26.48082608
              ],
              [
                94.79130813,
                26.48001667
              ],
              [
                94.79070136,
                26.48001667
              ]
            ]
          ]
        ]
      },
      "geometry_name": "the_geom",
      "properties": {
        "Slide_No": "NL/LL/83J15/2023/3",
        "State": "NAGALAND",
        "District": "LONGLENG",
        "Topo_No": "83J15",
        "Latitude": 26.4805,
        "Longitude": 94.791,
        "Length_m": 103.71,
        "Width_m": 29.171,
        "Height_m": 56.6787109375,
        "Area_Sqm": 1634.02,
        "Activity": "Active",
        "Geomorpho": "Structural Origin - Highly Dissected Hills and Valleys (Shdhv)",
        "Lithology": "Shale, siltstone, greywacke rhythmite & sandstone (0594), Palaeocene-Eocene",
        "LULC": "Others - Shifting Cultivation",
        "Triggering": "Rainfall",
        "Year": "2023",
        "Basin": "Brahmaputra Basin",
        "Sub_Basin": "Brahmaputra Upper",
        "Source": "RESOURCESAT-2, 2A, 10m CARTODEM, NGLM 50k(2011-2012), Lithology-GSI 50k(2011), SISDP-P2-LULC 10k(2018-2023) & India-WRIS"
      }
    },
    {
      "type": "Feature",
      "id": "LS_NAGALAND_2023.459",
      "geometry": {
        "type": "MultiPolygon",
        "coordinates": [
          [
            [
              [
                94.78384184,
                26.47945438
              ],
              [
                94.78384184,
                26.4800655
              ],
              [
                94.78413107,
                26.4800655
              ],
              [
                94.78413107,
                26.47945438
              ],
              [
                94.78384184,
                26.47945438
              ]
            ]
          ]
        ]
      },
      "geometry_name": "the_geom",
      "properties": {
        "Slide_No": "NL/LL/83J15/2023/4",
        "State": "NAGALAND",
        "District": "LONGLENG",
        "Topo_No": "83J15",
        "Latitude": 26.4798,
        "Longitude": 94.784,
        "Length_m": 69.358,
        "Width_m": 16.24,
        "Height_m": 43.2711181641,
        "Area_Sqm": 649.093,
        "Activity": "Active",
        "Geomorpho": "Structural Origin - Highly Dissected Hills and Valleys (Shdhv)",
        "Lithology": "Shale, siltstone, greywacke rhythmite & sandstone (0594), Palaeocene-Eocene",
        "LULC": "Evergreen Open Forest",
        "Triggering": "Rainfall",
        "Year": "2023",
        "Basin": "Brahmaputra Basin",
        "Sub_Basin": "Brahmaputra Upper",
        "Source": "RESOURCESAT-2, 2A, 10m CARTODEM, NGLM 50k(2011-2012), Lithology-GSI 50k(2011), SISDP-P2-LULC 10k(2018-2023) & India-WRIS"
      }
    },
    {
      "type": "Feature",
      "id": "LS_NAGALAND_2023.460",
      "geometry": {
        "type": "MultiPolygon",
        "coordinates": [
          [
            [
              [
                94.89695349,
                26.44689073
              ],
              [
                94.89695349,
                26.44717157
              ],
              [
                94.89725216,
                26.44717157
              ],
              [
                94.89725216,
                26.44689073
              ],
              [
                94.89695349,
                26.44689073
              ]
            ]
          ]
        ]
      },
      "geometry_name": "the_geom",
      "properties": {
        "Slide_No": "NL/LL/83J15/2023/5",
        "State": "NAGALAND",
        "District": "LONGLENG",
        "Topo_No": "83J15",
        "Latitude": 26.447,
        "Longitude": 94.8971,
        "Length_m": 30.838,
        "Width_m": 27.627,
        "Height_m": 12.3711242676,
        "Area_Sqm": 578.24,
        "Activity": "Active",
        "Geomorpho": "Structural Origin - Highly Dissected Hills and Valleys (Shdhv)",
        "Lithology": "Shale, siltstone, greywacke rhythmite & sandstone (0594), Palaeocene-Eocene",
        "LULC": "Evergreen Open Forest",
        "Triggering": "Rainfall",
        "Year": "2023",
        "Basin": "Brahmaputra Basin",
        "Sub_Basin": "Brahmaputra Upper",
        "Source": "RESOURCESAT-2, 2A, 10m CARTODEM, NGLM 50k(2011-2012), Lithology-GSI 50k(2011), SISDP-P2-LULC 10k(2018-2023) & India-WRIS"
      }
    },
    {
      "type": "Feature",
      "id": "LS_NAGALAND_2023.461",
      "geometry": {
        "type": "MultiPolygon",
        "coordinates": [
          [
            [
              [
                94.89727478,
                26.44091633
              ],
              [
                94.89727478,
                26.44111928
              ],
              [
                94.89762851,
                26.44111928
              ],
              [
                94.89762851,
                26.44091633
              ],
              [
                94.89727478,
                26.44091633
              ]
            ]
          ]
        ]
      },
      "geometry_name": "the_geom",
      "properties": {
        "Slide_No": "NL/LL/83J15/2023/6",
        "State": "NAGALAND",
        "District": "LONGLENG",
        "Topo_No": "83J15",
        "Latitude": 26.441,
        "Longitude": 94.8975,
        "Length_m": 35.68,
        "Width_m": 21.759,
        "Height_m": 22.810944,
        "Area_Sqm": 523.193,
        "Activity": "Active",
        "Geomorpho": "Structural Origin - Moderately Dissected Hills and Valleys - Valley (Smdhv-v)",
        "Lithology": "Shale, siltstone, greywacke rhythmite & sandstone (0594), Palaeocene-Eocene",
        "LULC": "Others - Shifting Cultivation",
        "Triggering": "Rainfall",
        "Year": "2023",
        "Basin": "Brahmaputra Basin",
        "Sub_Basin": "Brahmaputra Upper",
        "Source": "RESOURCESAT-2, 2A, 10m CARTODEM, NGLM 50k(2011-2012), Lithology-GSI 50k(2011), SISDP-P2-LULC 10k(2018-2023) & India-WRIS"
      }
    },
    {
      "type": "Feature",
      "id": "LS_NAGALAND_2023.462",
      "geometry": {
        "type": "MultiPolygon",
        "coordinates": [
          [
            [
              [
                94.88715704,
                26.42487446
              ],
              [
                94.88715704,
                26.42614862
              ],
              [
                94.88938166,
                26.42614862
              ],
              [
                94.88938166,
                26.42487446
              ],
              [
                94.88715704,
                26.42487446
              ]
            ]
          ]
        ]
      },
      "geometry_name": "the_geom",
      "properties": {
        "Slide_No": "NL/LL/83J15/2023/7",
        "State": "NAGALAND",
        "District": "LONGLENG",
        "Topo_No": "83J15",
        "Latitude": 26.4257,
        "Longitude": 94.8883,
        "Length_m": 209.111,
        "Width_m": 119.868,
        "Height_m": 89.240051,
        "Area_Sqm": 12866.2,
        "Activity": "Reactivated",
        "Geomorpho": "Structural Origin - Moderately Dissected Hills and Valleys (Smdhv)",
        "Lithology": "Shale, siltstone, greywacke rhythmite & sandstone (0594), Palaeocene-Eocene",
        "LULC": "Evergreen Open Forest",
        "Triggering": "Rainfall",
        "Year": "2023",
        "Basin": "Brahmaputra Basin",
        "Sub_Basin": "Brahmaputra Upper",
        "Source": "RESOURCESAT-2, 2A, 10m CARTODEM, NGLM 50k(2011-2012), Lithology-GSI 50k(2011), SISDP-P2-LULC 10k(2018-2023) & India-WRIS"
      }
    },
    {
      "type": "Feature",
      "id": "LS_NAGALAND_2023.465",
      "geometry": {
        "type": "MultiPolygon",
        "coordinates": [
          [
            [
              [
                94.83722204,
                26.40934571
              ],
              [
                94.83722204,
                26.40956317
              ],
              [
                94.83777295,
                26.40956317
              ],
              [
                94.83777295,
                26.40934571
              ],
              [
                94.83722204,
                26.40934571
              ]
            ]
          ]
        ]
      },
      "geometry_name": "the_geom",
      "properties": {
        "Slide_No": "NL/LL/83J15/2023/8",
        "State": "NAGALAND",
        "District": "LONGLENG",
        "Topo_No": "83J15",
        "Latitude": 26.4095,
        "Longitude": 94.8375,
        "Length_m": 54.91,
        "Width_m": 23.729,
        "Height_m": 70.136963,
        "Area_Sqm": 895.39,
        "Activity": "Active",
        "Geomorpho": "Structural Origin - Highly Dissected Hills and Valleys (Shdhv)",
        "Lithology": "Shale, siltstone, greywacke rhythmite & sandstone (0594), Palaeocene-Eocene",
        "LULC": "Evergreen Closed Forest",
        "Triggering": "Rainfall",
        "Year": "2023",
        "Basin": "Brahmaputra Basin",
        "Sub_Basin": "Brahmaputra Upper",
        "Source": "RESOURCESAT-2, 2A, 10m CARTODEM, NGLM 50k(2011-2012), Lithology-GSI 50k(2011), SISDP-P2-LULC 10k(2018-2023) & India-WRIS"
      }
    },
    {
      "type": "Feature",
      "id": "LS_NAGALAND_2023.466",
      "geometry": {
        "type": "MultiPolygon",
        "coordinates": [
          [
            [
              [
                94.95061173,
                26.40575844
              ],
              [
                94.95061173,
                26.40595552
              ],
              [
                94.95084048,
                26.40595552
              ],
              [
                94.95084048,
                26.40575844
              ],
              [
                94.95061173,
                26.40575844
              ]
            ]
          ]
        ]
      },
      "geometry_name": "the_geom",
      "properties": {
        "Slide_No": "NL/MN/83J15/2023/9",
        "State": "NAGALAND",
        "District": "MON",
        "Topo_No": "83J15",
        "Latitude": 26.4059,
        "Longitude": 94.9507,
        "Length_m": 25.43,
        "Width_m": 15.992,
        "Height_m": 15.0016174316,
        "Area_Sqm": 337.425,
        "Activity": "Active",
        "Geomorpho": "Structural Origin - Moderately Dissected Hills and Valleys - Valley (Smdhv-v)",
        "Lithology": "Shale, siltstone, greywacke rhythmite & sandstone (0594), Palaeocene-Eocene",
        "LULC": "Semi- Evergreen Open Forest",
        "Triggering": "Rainfall",
        "Year": "2023",
        "Basin": "Brahmaputra Basin",
        "Sub_Basin": "Brahmaputra Upper",
        "Source": "RESOURCESAT-2, 2A, 10m CARTODEM, NGLM 50k(2011-2012), Lithology-GSI 50k(2011), SISDP-P2-LULC 10k(2018-2023) & India-WRIS"
      }
    },
    {
      "type": "Feature",
      "id": "LS_NAGALAND_2023.467",
      "geometry": {
        "type": "MultiPolygon",
        "coordinates": [
          [
            [
              [
                94.88522938,
                26.39893164
              ],
              [
                94.88522938,
                26.39919201
              ],
              [
                94.8854306,
                26.39919201
              ],
              [
                94.8854306,
                26.39893164
              ],
              [
                94.88522938,
                26.39893164
              ]
            ]
          ]
        ]
      },
      "geometry_name": "the_geom",
      "properties": {
        "Slide_No": "NL/LL/83J15/2023/10",
        "State": "NAGALAND",
        "District": "LONGLENG",
        "Topo_No": "83J15",
        "Latitude": 26.3991,
        "Longitude": 94.8853,
        "Length_m": 30.685,
        "Width_m": 16.876,
        "Height_m": 12.8210449219,
        "Area_Sqm": 402.61,
        "Activity": "Active",
        "Geomorpho": "Structural Origin - Moderately Dissected Hills and Valleys (Smdhv)",
        "Lithology": "Shale, siltstone, greywacke rhythmite & sandstone (0594), Palaeocene-Eocene",
        "LULC": "Others - Shifting Cultivation",
        "Triggering": "Rainfall",
        "Year": "2023",
        "Basin": "Brahmaputra Basin",
        "Sub_Basin": "Brahmaputra Upper",
        "Source": "RESOURCESAT-2, 2A, 10m CARTODEM, NGLM 50k(2011-2012), Lithology-GSI 50k(2011), SISDP-P2-LULC 10k(2018-2023) & India-WRIS"
      }
    },
    {
      "type": "Feature",
      "id": "LS_NAGALAND_2023.468",
      "geometry": {
        "type": "MultiPolygon",
        "coordinates": [
          [
            [
              [
                94.94774085,
                26.37740807
              ],
              [
                94.94774085,
                26.37765247
              ],
              [
                94.94812916,
                26.37765247
              ],
              [
                94.94812916,
                26.37740807
              ],
              [
                94.94774085,
                26.37740807
              ]
            ]
          ]
        ]
      },
      "geometry_name": "the_geom",
      "properties": {
        "Slide_No": "NL/MN/83J15/2023/11",
        "State": "NAGALAND",
        "District": "MON",
        "Topo_No": "83J15",
        "Latitude": 26.3775,
        "Longitude": 94.9479,
        "Length_m": 33.497,
        "Width_m": 29.315,
        "Height_m": 17.5525512695,
        "Area_Sqm": 698.758,
        "Activity": "Active",
        "Geomorpho": "Structural Origin - Moderately Dissected Hills and Valleys (Smdhv)",
        "Lithology": "Shale, siltstone, greywacke rhythmite & sandstone (0594), Palaeocene-Eocene",
        "LULC": "Semi- Evergreen Open Forest",
        "Triggering": "Rainfall",
        "Year": "2023",
        "Basin": "Brahmaputra Basin",
        "Sub_Basin": "Brahmaputra Upper",
        "Source": "RESOURCESAT-2, 2A, 10m CARTODEM, NGLM 50k(2011-2012), Lithology-GSI 50k(2011), SISDP-P2-LULC 10k(2018-2023) & India-WRIS"
      }
    },
    {
      "type": "Feature",
      "id": "LS_NAGALAND_2023.469",
      "geometry": {
        "type": "MultiPolygon",
        "coordinates": [
          [
            [
              [
                94.74298914,
                26.37259972
              ],
              [
                94.74298914,
                26.37292825
              ],
              [
                94.74313614,
                26.37292825
              ],
              [
                94.74313614,
                26.37259972
              ],
              [
                94.74298914,
                26.37259972
              ]
            ]
          ]
        ]
      },
      "geometry_name": "the_geom",
      "properties": {
        "Slide_No": "NL/TU/83J15/2023/12",
        "State": "NAGALAND",
        "District": "TUENSANG",
        "Topo_No": "83J15",
        "Latitude": 26.3728,
        "Longitude": 94.7431,
        "Length_m": 36.503,
        "Width_m": 14.572,
        "Height_m": 6.35101318359,
        "Area_Sqm": 440.244,
        "Activity": "Active",
        "Geomorpho": "Structural Origin - Highly Dissected Hills and Valleys (Shdhv)",
        "Lithology": "Shale, siltstone, greywacke rhythmite & sandstone (0594), Palaeocene-Eocene",
        "LULC": "Evergreen Open Forest",
        "Triggering": "Rainfall",
        "Year": "2023",
        "Basin": "Brahmaputra Basin",
        "Sub_Basin": "Brahmaputra Upper",
        "Source": "RESOURCESAT-2, 2A, 10m CARTODEM, NGLM 50k(2011-2012), Lithology-GSI 50k(2011), SISDP-P2-LULC 10k(2018-2023) & India-WRIS"
      }
    },
    {
      "type": "Feature",
      "id": "LS_NAGALAND_2023.472",
      "geometry": {
        "type": "MultiPolygon",
        "coordinates": [
          [
            [
              [
                94.94862528,
                26.36380259
              ],
              [
                94.94862528,
                26.3640063
              ],
              [
                94.94878684,
                26.3640063
              ],
              [
                94.94878684,
                26.36380259
              ],
              [
                94.94862528,
                26.36380259
              ]
            ]
          ]
        ]
      },
      "geometry_name": "the_geom",
      "properties": {
        "Slide_No": "NL/MN/83J15/2023/13",
        "State": "NAGALAND",
        "District": "MON",
        "Topo_No": "83J15",
        "Latitude": 26.3639,
        "Longitude": 94.9487,
        "Length_m": 23.527,
        "Width_m": 13.959,
        "Height_m": 7.25170898438,
        "Area_Sqm": 213.141,
        "Activity": "Reactivated",
        "Geomorpho": "Structural Origin - Moderately Dissected Hills and Valleys (Smdhv)",
        "Lithology": "Shale, siltstone, greywacke rhythmite & sandstone (0594), Palaeocene-Eocene",
        "LULC": "Semi- Evergreen Open Forest",
        "Triggering": "Rainfall",
        "Year": "2023",
        "Basin": "Brahmaputra Basin",
        "Sub_Basin": "Brahmaputra Upper",
        "Source": "RESOURCESAT-2, 2A, 10m CARTODEM, NGLM 50k(2011-2012), Lithology-GSI 50k(2011), SISDP-P2-LULC 10k(2018-2023) & India-WRIS"
      }
    },
    {
      "type": "Feature",
      "id": "LS_NAGALAND_2023.473",
      "geometry": {
        "type": "MultiPolygon",
        "coordinates": [
          [
            [
              [
                94.72438011,
                26.34982302
              ],
              [
                94.72438011,
                26.35011471
              ],
              [
                94.72469233,
                26.35011471
              ],
              [
                94.72469233,
                26.34982302
              ],
              [
                94.72438011,
                26.34982302
              ]
            ]
          ]
        ]
      },
      "geometry_name": "the_geom",
      "properties": {
        "Slide_No": "NL/TU/83J11/2023/9",
        "State": "NAGALAND",
        "District": "TUENSANG",
        "Topo_No": "83J11",
        "Latitude": 26.35,
        "Longitude": 94.7245,
        "Length_m": 33.953,
        "Width_m": 22.998,
        "Height_m": 14.4973144531,
        "Area_Sqm": 593.171,
        "Activity": "Active",
        "Geomorpho": "Structural Origin - Moderately Dissected Hills and Valleys - Valley (Smdhv-v)",
        "Lithology": "Shale, siltstone, greywacke rhythmite & sandstone (0594), Palaeocene-Eocene",
        "LULC": "Evergreen Open Forest",
        "Triggering": "Rainfall",
        "Year": "2023",
        "Basin": "Brahmaputra Basin",
        "Sub_Basin": "Brahmaputra Upper",
        "Source": "RESOURCESAT-2, 2A, 10m CARTODEM, NGLM 50k(2011-2012), Lithology-GSI 50k(2011), SISDP-P2-LULC 10k(2018-2023) & India-WRIS"
      }
    },
    {
      "type": "Feature",
      "id": "LS_NAGALAND_2023.474",
      "geometry": {
        "type": "MultiPolygon",
        "coordinates": [
          [
            [
              [
                94.89471316,
                26.34774255
              ],
              [
                94.89471316,
                26.3492454
              ],
              [
                94.89635552,
                26.3492454
              ],
              [
                94.89635552,
                26.34774255
              ],
              [
                94.89471316,
                26.34774255
              ]
            ]
          ]
        ]
      },
      "geometry_name": "the_geom",
      "properties": {
        "Slide_No": "NL/TU/83J15/2023/14",
        "State": "NAGALAND",
        "District": "TUENSANG",
        "Topo_No": "83J15",
        "Latitude": 26.3486,
        "Longitude": 94.8955,
        "Length_m": 187.726,
        "Width_m": 128.85,
        "Height_m": 98.307709,
        "Area_Sqm": 13863.3,
        "Activity": "Reactivated",
        "Geomorpho": "Structural Origin - Moderately Dissected Hills and Valleys (Smdhv)",
        "Lithology": "Shale, siltstone, greywacke rhythmite & sandstone (0594), Palaeocene-Eocene",
        "LULC": "Evergreen Open Forest",
        "Triggering": "Rainfall",
        "Year": "2023",
        "Basin": "Brahmaputra Basin",
        "Sub_Basin": "Brahmaputra Upper",
        "Source": "RESOURCESAT-2, 2A, 10m CARTODEM, NGLM 50k(2011-2012), Lithology-GSI 50k(2011), SISDP-P2-LULC 10k(2018-2023) & India-WRIS"
      }
    },
    {
      "type": "Feature",
      "id": "LS_NAGALAND_2023.475",
      "geometry": {
        "type": "MultiPolygon",
        "coordinates": [
          [
            [
              [
                94.88445103,
                26.34480113
              ],
              [
                94.88445103,
                26.3459691
              ],
              [
                94.88569042,
                26.3459691
              ],
              [
                94.88569042,
                26.34480113
              ],
              [
                94.88445103,
                26.34480113
              ]
            ]
          ]
        ]
      },
      "geometry_name": "the_geom",
      "properties": {
        "Slide_No": "NL/TU/83J15/2023/15",
        "State": "NAGALAND",
        "District": "TUENSANG",
        "Topo_No": "83J15",
        "Latitude": 26.3454,
        "Longitude": 94.885,
        "Length_m": 157.531,
        "Width_m": 52.644,
        "Height_m": 50.586730957,
        "Area_Sqm": 5034.29,
        "Activity": "Active",
        "Geomorpho": "Structural Origin - Moderately Dissected Hills and Valleys (Smdhv)",
        "Lithology": "Shale, siltstone, greywacke rhythmite & sandstone (0594), Palaeocene-Eocene",
        "LULC": "Evergreen Open Forest",
        "Triggering": "Rainfall",
        "Year": "2023",
        "Basin": "Brahmaputra Basin",
        "Sub_Basin": "Brahmaputra Upper",
        "Source": "RESOURCESAT-2, 2A, 10m CARTODEM, NGLM 50k(2011-2012), Lithology-GSI 50k(2011), SISDP-P2-LULC 10k(2018-2023) & India-WRIS"
      }
    },
    {
      "type": "Feature",
      "id": "LS_NAGALAND_2023.476",
      "geometry": {
        "type": "MultiPolygon",
        "coordinates": [
          [
            [
              [
                94.88640978,
                26.34635567
              ],
              [
                94.88640978,
                26.34761532
              ],
              [
                94.88793409,
                26.34761532
              ],
              [
                94.88793409,
                26.34635567
              ],
              [
                94.88640978,
                26.34635567
              ]
            ]
          ]
        ]
      },
      "geometry_name": "the_geom",
      "properties": {
        "Slide_No": "NL/TU/83J15/2023/16",
        "State": "NAGALAND",
        "District": "TUENSANG",
        "Topo_No": "83J15",
        "Latitude": 26.3471,
        "Longitude": 94.887,
        "Length_m": 181.174,
        "Width_m": 69.489,
        "Height_m": 69.7905273438,
        "Area_Sqm": 6204,
        "Activity": "Active",
        "Geomorpho": "Structural Origin - Moderately Dissected Hills and Valleys (Smdhv)",
        "Lithology": "Shale, siltstone, greywacke rhythmite & sandstone (0594), Palaeocene-Eocene",
        "LULC": "Evergreen Open Forest",
        "Triggering": "Rainfall",
        "Year": "2023",
        "Basin": "Brahmaputra Basin",
        "Sub_Basin": "Brahmaputra Upper",
        "Source": "RESOURCESAT-2, 2A, 10m CARTODEM, NGLM 50k(2011-2012), Lithology-GSI 50k(2011), SISDP-P2-LULC 10k(2018-2023) & India-WRIS"
      }
    },
    {
      "type": "Feature",
      "id": "LS_NAGALAND_2023.477",
      "geometry": {
        "type": "MultiPolygon",
        "coordinates": [
          [
            [
              [
                94.77139177,
                26.34467648
              ],
              [
                94.77139177,
                26.34500551
              ],
              [
                94.77156324,
                26.34500551
              ],
              [
                94.77156324,
                26.34467648
              ],
              [
                94.77139177,
                26.34467648
              ]
            ]
          ]
        ]
      },
      "geometry_name": "the_geom",
      "properties": {
        "Slide_No": "NL/TU/83J15/2023/17",
        "State": "NAGALAND",
        "District": "TUENSANG",
        "Topo_No": "83J15",
        "Latitude": 26.3449,
        "Longitude": 94.7715,
        "Length_m": 36.618,
        "Width_m": 16.47,
        "Height_m": 16.1118164062,
        "Area_Sqm": 385.421,
        "Activity": "Active",
        "Geomorpho": "Structural Origin - Moderately Dissected Hills and Valleys - Valley (Smdhv-v)",
        "Lithology": "Shale, siltstone, greywacke rhythmite & sandstone (0594), Palaeocene-Eocene",
        "LULC": "Semi- Evergreen Open Forest",
        "Triggering": "Rainfall",
        "Year": "2023",
        "Basin": "Brahmaputra Basin",
        "Sub_Basin": "Brahmaputra Upper",
        "Source": "RESOURCESAT-2, 2A, 10m CARTODEM, NGLM 50k(2011-2012), Lithology-GSI 50k(2011), SISDP-P2-LULC 10k(2018-2023) & India-WRIS"
      }
    },
    {
      "type": "Feature",
      "id": "LS_NAGALAND_2023.478",
      "geometry": {
        "type": "MultiPolygon",
        "coordinates": [
          [
            [
              [
                94.85461499,
                26.34271404
              ],
              [
                94.85461499,
                26.34285556
              ],
              [
                94.8547457,
                26.34285556
              ],
              [
                94.8547457,
                26.34271404
              ],
              [
                94.85461499,
                26.34271404
              ]
            ]
          ]
        ]
      },
      "geometry_name": "the_geom",
      "properties": {
        "Slide_No": "NL/TU/83J15/2023/18",
        "State": "NAGALAND",
        "District": "TUENSANG",
        "Topo_No": "83J15",
        "Latitude": 26.3428,
        "Longitude": 94.8547,
        "Length_m": 15.935,
        "Width_m": 12.543,
        "Height_m": 5.945312,
        "Area_Sqm": 159.2,
        "Activity": "Active",
        "Geomorpho": "Structural Origin - Highly Dissected Hills and Valleys (Shdhv)",
        "Lithology": "Shale, siltstone, greywacke rhythmite & sandstone (0594), Palaeocene-Eocene",
        "LULC": "Others - Shifting Cultivation",
        "Triggering": "Rainfall",
        "Year": "2023",
        "Basin": "Brahmaputra Basin",
        "Sub_Basin": "Brahmaputra Upper",
        "Source": "RESOURCESAT-2, 2A, 10m CARTODEM, NGLM 50k(2011-2012), Lithology-GSI 50k(2011), SISDP-P2-LULC 10k(2018-2023) & India-WRIS"
      }
    },
    {
      "type": "Feature",
      "id": "LS_NAGALAND_2023.479",
      "geometry": {
        "type": "MultiPolygon",
        "coordinates": [
          [
            [
              [
                94.89126487,
                26.34157387
              ],
              [
                94.89126487,
                26.3421732
              ],
              [
                94.89183335,
                26.3421732
              ],
              [
                94.89183335,
                26.34157387
              ],
              [
                94.89126487,
                26.34157387
              ]
            ]
          ]
        ]
      },
      "geometry_name": "the_geom",
      "properties": {
        "Slide_No": "NL/TU/83J15/2023/19",
        "State": "NAGALAND",
        "District": "TUENSANG",
        "Topo_No": "83J15",
        "Latitude": 26.3418,
        "Longitude": 94.8915,
        "Length_m": 68.751,
        "Width_m": 46.766,
        "Height_m": 32.3757324219,
        "Area_Sqm": 1962.87,
        "Activity": "Active",
        "Geomorpho": "Structural Origin - Moderately Dissected Hills and Valleys (Smdhv)",
        "Lithology": "Shale, siltstone, greywacke rhythmite & sandstone (0594), Palaeocene-Eocene",
        "LULC": "Evergreen Open Forest",
        "Triggering": "Rainfall",
        "Year": "2023",
        "Basin": "Brahmaputra Basin",
        "Sub_Basin": "Brahmaputra Upper",
        "Source": "RESOURCESAT-2, 2A, 10m CARTODEM, NGLM 50k(2011-2012), Lithology-GSI 50k(2011), SISDP-P2-LULC 10k(2018-2023) & India-WRIS"
      }
    },
    {
      "type": "Feature",
      "id": "LS_NAGALAND_2023.480",
      "geometry": {
        "type": "MultiPolygon",
        "coordinates": [
          [
            [
              [
                94.73226629,
                26.33847609
              ],
              [
                94.73226629,
                26.33887602
              ],
              [
                94.73294233,
                26.33887602
              ],
              [
                94.73294233,
                26.33847609
              ],
              [
                94.73226629,
                26.33847609
              ]
            ]
          ]
        ]
      },
      "geometry_name": "the_geom",
      "properties": {
        "Slide_No": "NL/TU/83J11/2023/10",
        "State": "NAGALAND",
        "District": "TUENSANG",
        "Topo_No": "83J11",
        "Latitude": 26.3387,
        "Longitude": 94.7326,
        "Length_m": 67.497,
        "Width_m": 39.686,
        "Height_m": 38.946228,
        "Area_Sqm": 1461.98,
        "Activity": "Active",
        "Geomorpho": "Structural Origin - Highly Dissected Hills and Valleys (Shdhv)",
        "Lithology": "Shale, siltstone, greywacke rhythmite & sandstone (0594), Palaeocene-Eocene",
        "LULC": "Evergreen Open Forest",
        "Triggering": "Rainfall",
        "Year": "2023",
        "Basin": "Brahmaputra Basin",
        "Sub_Basin": "Brahmaputra Upper",
        "Source": "RESOURCESAT-2, 2A, 10m CARTODEM, NGLM 50k(2011-2012), Lithology-GSI 50k(2011), SISDP-P2-LULC 10k(2018-2023) & India-WRIS"
      }
    },
    {
      "type": "Feature",
      "id": "LS_NAGALAND_2023.481",
      "geometry": {
        "type": "MultiPolygon",
        "coordinates": [
          [
            [
              [
                94.91177478,
                26.33185302
              ],
              [
                94.91177478,
                26.33217043
              ],
              [
                94.9120252,
                26.33217043
              ],
              [
                94.9120252,
                26.33185302
              ],
              [
                94.91177478,
                26.33185302
              ]
            ]
          ]
        ]
      },
      "geometry_name": "the_geom",
      "properties": {
        "Slide_No": "NL/MN/83J15/2023/20",
        "State": "NAGALAND",
        "District": "MON",
        "Topo_No": "83J15",
        "Latitude": 26.332,
        "Longitude": 94.9119,
        "Length_m": 33.844,
        "Width_m": 23.793,
        "Height_m": 11.5294799805,
        "Area_Sqm": 605.43,
        "Activity": "Active",
        "Geomorpho": "Structural Origin - Moderately Dissected Hills and Valleys (Smdhv)",
        "Lithology": "Shale, siltstone, greywacke rhythmite & sandstone (0594), Palaeocene-Eocene",
        "LULC": "Semi- Evergreen Open Forest",
        "Triggering": "Rainfall",
        "Year": "2023",
        "Basin": "Brahmaputra Basin",
        "Sub_Basin": "Brahmaputra Upper",
        "Source": "RESOURCESAT-2, 2A, 10m CARTODEM, NGLM 50k(2011-2012), Lithology-GSI 50k(2011), SISDP-P2-LULC 10k(2018-2023) & India-WRIS"
      }
    },
    {
      "type": "Feature",
      "id": "LS_NAGALAND_2023.482",
      "geometry": {
        "type": "MultiPolygon",
        "coordinates": [
          [
            [
              [
                94.95030447,
                26.32656368
              ],
              [
                94.95030447,
                26.32680678
              ],
              [
                94.95049463,
                26.32680678
              ],
              [
                94.95049463,
                26.32656368
              ],
              [
                94.95030447,
                26.32656368
              ]
            ]
          ]
        ]
      },
      "geometry_name": "the_geom",
      "properties": {
        "Slide_No": "NL/MN/83J15/2023/21",
        "State": "NAGALAND",
        "District": "MON",
        "Topo_No": "83J15",
        "Latitude": 26.3267,
        "Longitude": 94.9504,
        "Length_m": 28.425,
        "Width_m": 14.605,
        "Height_m": 5.554688,
        "Area_Sqm": 335.585,
        "Activity": "Active",
        "Geomorpho": "Structural Origin - Highly Dissected Hills and Valleys (Shdhv)",
        "Lithology": "Carbonaceous sandy shale, sandstone & coal seams (Barail Group) 0530), Eocene-Oligocene",
        "LULC": "Semi- Evergreen Closed Forest",
        "Triggering": "Rainfall",
        "Year": "2023",
        "Basin": "Brahmaputra Basin",
        "Sub_Basin": "Brahmaputra Upper",
        "Source": "RESOURCESAT-2, 2A, 10m CARTODEM, NGLM 50k(2011-2012), Lithology-GSI 50k(2011), SISDP-P2-LULC 10k(2018-2023) & India-WRIS"
      }
    },
    {
      "type": "Feature",
      "id": "LS_NAGALAND_2023.483",
      "geometry": {
        "type": "MultiPolygon",
        "coordinates": [
          [
            [
              [
                94.99889851,
                26.30194407
              ],
              [
                94.99889851,
                26.30261651
              ],
              [
                94.99909856,
                26.30261651
              ],
              [
                94.99909856,
                26.30194407
              ],
              [
                94.99889851,
                26.30194407
              ]
            ]
          ]
        ]
      },
      "geometry_name": "the_geom",
      "properties": {
        "Slide_No": "NL/TU/83J15/2023/22",
        "State": "NAGALAND",
        "District": "TUENSANG",
        "Topo_No": "83J15",
        "Latitude": 26.3023,
        "Longitude": 94.999,
        "Length_m": 74.477,
        "Width_m": 19.794,
        "Height_m": 25.3592529297,
        "Area_Sqm": 1132.15,
        "Activity": "Active",
        "Geomorpho": "Structural Origin - Highly Dissected Hills and Valleys - Ridge (Shdhv-r)",
        "Lithology": "Shale, siltstone, greywacke rhythmite & sandstone (0594), Palaeocene-Eocene",
        "LULC": "Semi- Evergreen Open Forest",
        "Triggering": "Rainfall",
        "Year": "2023",
        "Basin": "Minor rivers draining into Myanmar Basin",
        "Sub_Basin": "Imphal and others",
        "Source": "RESOURCESAT-2, 2A, 10m CARTODEM, NGLM 50k(2011-2012), Lithology-GSI 50k(2011), SISDP-P2-LULC 10k(2018-2023) & India-WRIS"
      }
    },
    {
      "type": "Feature",
      "id": "LS_NAGALAND_2023.484",
      "geometry": {
        "type": "MultiPolygon",
        "coordinates": [
          [
            [
              [
                94.97033908,
                26.29846405
              ],
              [
                94.97033908,
                26.29896042
              ],
              [
                94.97050969,
                26.29896042
              ],
              [
                94.97050969,
                26.29846405
              ],
              [
                94.97033908,
                26.29846405
              ]
            ]
          ]
        ]
      },
      "geometry_name": "the_geom",
      "properties": {
        "Slide_No": "NL/TU/83J15/2023/23",
        "State": "NAGALAND",
        "District": "TUENSANG",
        "Topo_No": "83J15",
        "Latitude": 26.2987,
        "Longitude": 94.9704,
        "Length_m": 55.014,
        "Width_m": 16.571,
        "Height_m": 44.7652587891,
        "Area_Sqm": 715.119,
        "Activity": "Active",
        "Geomorpho": "Structural Origin - Highly Dissected Hills and Valleys (Shdhv)",
        "Lithology": "Flaggy sandstone with subordinate shale (Barail Group) 0541), Eocene-Oligocene",
        "LULC": "Semi- Evergreen Open Forest",
        "Triggering": "Rainfall",
        "Year": "2023",
        "Basin": "Brahmaputra Basin",
        "Sub_Basin": "Brahmaputra Upper",
        "Source": "RESOURCESAT-2, 2A, 10m CARTODEM, NGLM 50k(2011-2012), Lithology-GSI 50k(2011), SISDP-P2-LULC 10k(2018-2023) & India-WRIS"
      }
    },
    {
      "type": "Feature",
      "id": "LS_NAGALAND_2023.485",
      "geometry": {
        "type": "MultiPolygon",
        "coordinates": [
          [
            [
              [
                94.97437595,
                26.29566188
              ],
              [
                94.97437595,
                26.29596092
              ],
              [
                94.97464087,
                26.29596092
              ],
              [
                94.97464087,
                26.29566188
              ],
              [
                94.97437595,
                26.29566188
              ]
            ]
          ]
        ]
      },
      "geometry_name": "the_geom",
      "properties": {
        "Slide_No": "NL/TU/83J15/2023/24",
        "State": "NAGALAND",
        "District": "TUENSANG",
        "Topo_No": "83J15",
        "Latitude": 26.2958,
        "Longitude": 94.9745,
        "Length_m": 36.125,
        "Width_m": 20.225,
        "Height_m": 22.206787,
        "Area_Sqm": 587.921,
        "Activity": "Active",
        "Geomorpho": "Structural Origin - Highly Dissected Hills and Valleys (Shdhv)",
        "Lithology": "Flaggy sandstone with subordinate shale (Barail Group) 0541), Eocene-Oligocene",
        "LULC": "Semi- Evergreen Open Forest",
        "Triggering": "Rainfall",
        "Year": "2023",
        "Basin": "Brahmaputra Basin",
        "Sub_Basin": "Brahmaputra Upper",
        "Source": "RESOURCESAT-2, 2A, 10m CARTODEM, NGLM 50k(2011-2012), Lithology-GSI 50k(2011), SISDP-P2-LULC 10k(2018-2023) & India-WRIS"
      }
    },
    {
      "type": "Feature",
      "id": "LS_NAGALAND_2023.486",
      "geometry": {
        "type": "MultiPolygon",
        "coordinates": [
          [
            [
              [
                94.871146,
                26.29420769
              ],
              [
                94.871146,
                26.29478893
              ],
              [
                94.87152984,
                26.29478893
              ],
              [
                94.87152984,
                26.29420769
              ],
              [
                94.871146,
                26.29420769
              ]
            ]
          ]
        ]
      },
      "geometry_name": "the_geom",
      "properties": {
        "Slide_No": "NL/TU/83J15/2023/25",
        "State": "NAGALAND",
        "District": "TUENSANG",
        "Topo_No": "83J15",
        "Latitude": 26.2945,
        "Longitude": 94.8713,
        "Length_m": 68.646,
        "Width_m": 31.924,
        "Height_m": 46.101196,
        "Area_Sqm": 1626.79,
        "Activity": "Reactivated",
        "Geomorpho": "Structural Origin - Highly Dissected Hills and Valleys (Shdhv)",
        "Lithology": "Flaggy sandstone with subordinate shale (Barail Group) 0541), Eocene-Oligocene",
        "LULC": "Evergreen Open Forest",
        "Triggering": "Rainfall",
        "Year": "2023",
        "Basin": "Brahmaputra Basin",
        "Sub_Basin": "Brahmaputra Upper",
        "Source": "RESOURCESAT-2, 2A, 10m CARTODEM, NGLM 50k(2011-2012), Lithology-GSI 50k(2011), SISDP-P2-LULC 10k(2018-2023) & India-WRIS"
      }
    },
    {
      "type": "Feature",
      "id": "LS_NAGALAND_2023.487",
      "geometry": {
        "type": "MultiPolygon",
        "coordinates": [
          [
            [
              [
                94.83562497,
                26.29337459
              ],
              [
                94.83562497,
                26.29373418
              ],
              [
                94.83593909,
                26.29373418
              ],
              [
                94.83593909,
                26.29337459
              ],
              [
                94.83562497,
                26.29337459
              ]
            ]
          ]
        ]
      },
      "geometry_name": "the_geom",
      "properties": {
        "Slide_No": "NL/TU/83J15/2023/26",
        "State": "NAGALAND",
        "District": "TUENSANG",
        "Topo_No": "83J15",
        "Latitude": 26.2936,
        "Longitude": 94.8358,
        "Length_m": 43.811,
        "Width_m": 20.37,
        "Height_m": 20.526855,
        "Area_Sqm": 701.335,
        "Activity": "Reactivated",
        "Geomorpho": "Structural Origin - Moderately Dissected Hills and Valleys (Smdhv)",
        "Lithology": "Shale, siltstone, greywacke rhythmite & sandstone (0594), Palaeocene-Eocene",
        "LULC": "Others - Shifting Cultivation",
        "Triggering": "Rainfall",
        "Year": "2023",
        "Basin": "Brahmaputra Basin",
        "Sub_Basin": "Brahmaputra Upper",
        "Source": "RESOURCESAT-2, 2A, 10m CARTODEM, NGLM 50k(2011-2012), Lithology-GSI 50k(2011), SISDP-P2-LULC 10k(2018-2023) & India-WRIS"
      }
    },
    {
      "type": "Feature",
      "id": "LS_NAGALAND_2023.488",
      "geometry": {
        "type": "MultiPolygon",
        "coordinates": [
          [
            [
              [
                94.83214687,
                26.28974141
              ],
              [
                94.83214687,
                26.29067482
              ],
              [
                94.83264689,
                26.29067482
              ],
              [
                94.83264689,
                26.28974141
              ],
              [
                94.83214687,
                26.28974141
              ]
            ]
          ]
        ]
      },
      "geometry_name": "the_geom",
      "properties": {
        "Slide_No": "NL/TU/83J15/2023/27",
        "State": "NAGALAND",
        "District": "TUENSANG",
        "Topo_No": "83J15",
        "Latitude": 26.2902,
        "Longitude": 94.8323,
        "Length_m": 103.318,
        "Width_m": 45.207,
        "Height_m": 74.250671,
        "Area_Sqm": 3088.14,
        "Activity": "Reactivated",
        "Geomorpho": "Structural Origin - Moderately Dissected Hills and Valleys (Smdhv)",
        "Lithology": "Shale, siltstone, greywacke rhythmite & sandstone (0594), Palaeocene-Eocene",
        "LULC": "Others - Shifting Cultivation",
        "Triggering": "Rainfall",
        "Year": "2023",
        "Basin": "Brahmaputra Basin",
        "Sub_Basin": "Brahmaputra Upper",
        "Source": "RESOURCESAT-2, 2A, 10m CARTODEM, NGLM 50k(2011-2012), Lithology-GSI 50k(2011), SISDP-P2-LULC 10k(2018-2023) & India-WRIS"
      }
    },
    {
      "type": "Feature",
      "id": "LS_NAGALAND_2023.489",
      "geometry": {
        "type": "MultiPolygon",
        "coordinates": [
          [
            [
              [
                94.85962506,
                26.28856562
              ],
              [
                94.85962506,
                26.29033108
              ],
              [
                94.8613881,
                26.29033108
              ],
              [
                94.8613881,
                26.28856562
              ],
              [
                94.85962506,
                26.28856562
              ]
            ]
          ]
        ]
      },
      "geometry_name": "the_geom",
      "properties": {
        "Slide_No": "NL/TU/83J15/2023/28",
        "State": "NAGALAND",
        "District": "TUENSANG",
        "Topo_No": "83J15",
        "Latitude": 26.2895,
        "Longitude": 94.8604,
        "Length_m": 232.673,
        "Width_m": 100.676,
        "Height_m": 117.464722,
        "Area_Sqm": 14790.8,
        "Activity": "Reactivated",
        "Geomorpho": "Structural Origin - Highly Dissected Hills and Valleys (Shdhv)",
        "Lithology": "Shale, siltstone, greywacke rhythmite & sandstone (0594), Palaeocene-Eocene",
        "LULC": "Wasteland - Gullied Land",
        "Triggering": "Rainfall",
        "Year": "2023",
        "Basin": "Brahmaputra Basin",
        "Sub_Basin": "Brahmaputra Upper",
        "Source": "RESOURCESAT-2, 2A, 10m CARTODEM, NGLM 50k(2011-2012), Lithology-GSI 50k(2011), SISDP-P2-LULC 10k(2018-2023) & India-WRIS"
      }
    },
    {
      "type": "Feature",
      "id": "LS_NAGALAND_2023.491",
      "geometry": {
        "type": "MultiPolygon",
        "coordinates": [
          [
            [
              [
                94.88420689,
                26.27341696
              ],
              [
                94.88420689,
                26.27401251
              ],
              [
                94.88448998,
                26.27401251
              ],
              [
                94.88448998,
                26.27341696
              ],
              [
                94.88420689,
                26.27341696
              ]
            ]
          ]
        ]
      },
      "geometry_name": "the_geom",
      "properties": {
        "Slide_No": "NL/TU/83J15/2023/29",
        "State": "NAGALAND",
        "District": "TUENSANG",
        "Topo_No": "83J15",
        "Latitude": 26.2737,
        "Longitude": 94.8844,
        "Length_m": 65.458,
        "Width_m": 22.661,
        "Height_m": 17.0759277344,
        "Area_Sqm": 946.496,
        "Activity": "Reactivated",
        "Geomorpho": "Structural Origin - Highly Dissected Hills and Valleys (Shdhv)",
        "Lithology": "Flaggy sandstone with subordinate shale (Barail Group) 0541), Eocene-Oligocene",
        "LULC": "Wasteland - Gullied Land",
        "Triggering": "Rainfall",
        "Year": "2023",
        "Basin": "Brahmaputra Basin",
        "Sub_Basin": "Brahmaputra Upper",
        "Source": "RESOURCESAT-2, 2A, 10m CARTODEM, NGLM 50k(2011-2012), Lithology-GSI 50k(2011), SISDP-P2-LULC 10k(2018-2023) & India-WRIS"
      }
    },
    {
      "type": "Feature",
      "id": "LS_NAGALAND_2023.492",
      "geometry": {
        "type": "MultiPolygon",
        "coordinates": [
          [
            [
              [
                94.95594062,
                26.26983847
              ],
              [
                94.95594062,
                26.27036105
              ],
              [
                94.95650725,
                26.27036105
              ],
              [
                94.95650725,
                26.26983847
              ],
              [
                94.95594062,
                26.26983847
              ]
            ]
          ]
        ]
      },
      "geometry_name": "the_geom",
      "properties": {
        "Slide_No": "NL/TU/83J15/2023/30",
        "State": "NAGALAND",
        "District": "TUENSANG",
        "Topo_No": "83J15",
        "Latitude": 26.2701,
        "Longitude": 94.9562,
        "Length_m": 77.118,
        "Width_m": 21.813,
        "Height_m": 36.9265136719,
        "Area_Sqm": 1043.77,
        "Activity": "Active",
        "Geomorpho": "Structural Origin - Highly Dissected Hills and Valleys - Ridge (Shdhv-r)",
        "Lithology": "Flaggy sandstone with subordinate shale (Barail Group) 0541), Eocene-Oligocene",
        "LULC": "Semi- Evergreen Open Forest",
        "Triggering": "Rainfall",
        "Year": "2023",
        "Basin": "Minor rivers draining into Myanmar Basin",
        "Sub_Basin": "Imphal and others",
        "Source": "RESOURCESAT-2, 2A, 10m CARTODEM, NGLM 50k(2011-2012), Lithology-GSI 50k(2011), SISDP-P2-LULC 10k(2018-2023) & India-WRIS"
      }
    },
    {
      "type": "Feature",
      "id": "LS_NAGALAND_2023.493",
      "geometry": {
        "type": "MultiPolygon",
        "coordinates": [
          [
            [
              [
                94.87958609,
                26.26033817
              ],
              [
                94.87958609,
                26.26100567
              ],
              [
                94.88010113,
                26.26100567
              ],
              [
                94.88010113,
                26.26033817
              ],
              [
                94.87958609,
                26.26033817
              ]
            ]
          ]
        ]
      },
      "geometry_name": "the_geom",
      "properties": {
        "Slide_No": "NL/TU/83J15/2023/31",
        "State": "NAGALAND",
        "District": "TUENSANG",
        "Topo_No": "83J15",
        "Latitude": 26.2607,
        "Longitude": 94.8798,
        "Length_m": 78.312,
        "Width_m": 31.642,
        "Height_m": 44.7652587891,
        "Area_Sqm": 1611.95,
        "Activity": "Reactivated",
        "Geomorpho": "Structural Origin - Highly Dissected Hills and Valleys (Shdhv)",
        "Lithology": "Carbonaceous sandy shale, sandstone & coal seams (Barail Group) 0530), Eocene-Oligocene",
        "LULC": "Others - Shifting Cultivation",
        "Triggering": "Rainfall",
        "Year": "2023",
        "Basin": "Brahmaputra Basin",
        "Sub_Basin": "Brahmaputra Upper",
        "Source": "RESOURCESAT-2, 2A, 10m CARTODEM, NGLM 50k(2011-2012), Lithology-GSI 50k(2011), SISDP-P2-LULC 10k(2018-2023) & India-WRIS"
      }
    },
    {
      "type": "Feature",
      "id": "LS_NAGALAND_2023.494",
      "geometry": {
        "type": "MultiPolygon",
        "coordinates": [
          [
            [
              [
                94.90406051,
                26.25272841
              ],
              [
                94.90406051,
                26.25339631
              ],
              [
                94.90445489,
                26.25339631
              ],
              [
                94.90445489,
                26.25272841
              ],
              [
                94.90406051,
                26.25272841
              ]
            ]
          ]
        ]
      },
      "geometry_name": "the_geom",
      "properties": {
        "Slide_No": "NL/TU/83J15/2023/32",
        "State": "NAGALAND",
        "District": "TUENSANG",
        "Topo_No": "83J15",
        "Latitude": 26.2531,
        "Longitude": 94.9043,
        "Length_m": 79.663,
        "Width_m": 29.107,
        "Height_m": 57.2548828125,
        "Area_Sqm": 1642.77,
        "Activity": "Active",
        "Geomorpho": "Structural Origin - Highly Dissected Hills and Valleys (Shdhv)",
        "Lithology": "Carbonaceous sandy shale, sandstone & coal seams (Barail Group) 0530), Eocene-Oligocene",
        "LULC": "Evergreen Closed Forest",
        "Triggering": "Rainfall",
        "Year": "2023",
        "Basin": "Brahmaputra Basin",
        "Sub_Basin": "Brahmaputra Upper",
        "Source": "RESOURCESAT-2, 2A, 10m CARTODEM, NGLM 50k(2011-2012), Lithology-GSI 50k(2011), SISDP-P2-LULC 10k(2018-2023) & India-WRIS"
      }
    },
    {
      "type": "Feature",
      "id": "LS_NAGALAND_2023.497",
      "geometry": {
        "type": "MultiPolygon",
        "coordinates": [
          [
            [
              [
                94.96132576,
                26.21549228
              ],
              [
                94.96132576,
                26.21582674
              ],
              [
                94.9614973,
                26.21582674
              ],
              [
                94.9614973,
                26.21549228
              ],
              [
                94.96132576,
                26.21549228
              ]
            ]
          ]
        ]
      },
      "geometry_name": "the_geom",
      "properties": {
        "Slide_No": "NL/NOK/83J16/2023/20",
        "State": "NAGALAND",
        "District": "NOKLAK",
        "Topo_No": "83J16",
        "Latitude": 26.2157,
        "Longitude": 94.9614,
        "Length_m": 36.907,
        "Width_m": 13.892,
        "Height_m": 11.6320800781,
        "Area_Sqm": 435.875,
        "Activity": "Active",
        "Geomorpho": "Structural Origin - Moderately Dissected Hills and Valleys - Valley (Smdhv-v)",
        "Lithology": "Flaggy sandstone with subordinate shale (Barail Group) 0541), Eocene-Oligocene",
        "LULC": "Evergreen Closed Forest",
        "Triggering": "Rainfall",
        "Year": "2023",
        "Basin": "Minor rivers draining into Myanmar Basin",
        "Sub_Basin": "Imphal and others",
        "Source": "RESOURCESAT-2, 2A, 10m CARTODEM, NGLM 50k(2011-2012), Lithology-GSI 50k(2011), SISDP-P2-LULC 10k(2018-2023) & India-WRIS"
      }
    },
    {
      "type": "Feature",
      "id": "LS_NAGALAND_2023.498",
      "geometry": {
        "type": "MultiPolygon",
        "coordinates": [
          [
            [
              [
                94.80144018,
                26.18923907
              ],
              [
                94.80144018,
                26.18987687
              ],
              [
                94.80242569,
                26.18987687
              ],
              [
                94.80242569,
                26.18923907
              ],
              [
                94.80144018,
                26.18923907
              ]
            ]
          ]
        ]
      },
      "geometry_name": "the_geom",
      "properties": {
        "Slide_No": "NL/SHA/83J16/2023/21",
        "State": "NAGALAND",
        "District": "SHAMATOR",
        "Topo_No": "83J16",
        "Latitude": 26.1896,
        "Longitude": 94.802,
        "Length_m": 117.081,
        "Width_m": 21.447,
        "Height_m": 34.5579833984,
        "Area_Sqm": 1075.6,
        "Activity": "Active",
        "Geomorpho": "Structural Origin - Moderately Dissected Hills and Valleys (Smdhv)",
        "Lithology": "Shale, siltstone, greywacke rhythmite & sandstone (0594), Palaeocene-Eocene",
        "LULC": "Others - Shifting Cultivation",
        "Triggering": "Rainfall",
        "Year": "2023",
        "Basin": "Minor rivers draining into Myanmar Basin",
        "Sub_Basin": "Imphal and others",
        "Source": "RESOURCESAT-2, 2A, 10m CARTODEM, NGLM 50k(2011-2012), Lithology-GSI 50k(2011), SISDP-P2-LULC 10k(2018-2023) & India-WRIS"
      }
    },
    {
      "type": "Feature",
      "id": "LS_NAGALAND_2023.499",
      "geometry": {
        "type": "MultiPolygon",
        "coordinates": [
          [
            [
              [
                94.87629742,
                26.16617639
              ],
              [
                94.87629742,
                26.16673956
              ],
              [
                94.87672563,
                26.16673956
              ],
              [
                94.87672563,
                26.16617639
              ],
              [
                94.87629742,
                26.16617639
              ]
            ]
          ]
        ]
      },
      "geometry_name": "the_geom",
      "properties": {
        "Slide_No": "NL/SHA/83J16/2023/22",
        "State": "NAGALAND",
        "District": "SHAMATOR",
        "Topo_No": "83J16",
        "Latitude": 26.1665,
        "Longitude": 94.8765,
        "Length_m": 68.709,
        "Width_m": 30.784,
        "Height_m": 18.0480957031,
        "Area_Sqm": 1272.81,
        "Activity": "Active",
        "Geomorpho": "Structural Origin - Highly Dissected Hills and Valleys (Shdhv)",
        "Lithology": "Flaggy sandstone with subordinate shale (Barail Group) 0541), Eocene-Oligocene",
        "LULC": "Evergreen Closed Forest",
        "Triggering": "Rainfall",
        "Year": "2023",
        "Basin": "Minor rivers draining into Myanmar Basin",
        "Sub_Basin": "Imphal and others",
        "Source": "RESOURCESAT-2, 2A, 10m CARTODEM, NGLM 50k(2011-2012), Lithology-GSI 50k(2011), SISDP-P2-LULC 10k(2018-2023) & India-WRIS"
      }
    },
    {
      "type": "Feature",
      "id": "LS_NAGALAND_2023.500",
      "geometry": {
        "type": "MultiPolygon",
        "coordinates": [
          [
            [
              [
                94.90582613,
                26.15210283
              ],
              [
                94.90582613,
                26.15232639
              ],
              [
                94.90604693,
                26.15232639
              ],
              [
                94.90604693,
                26.15210283
              ],
              [
                94.90582613,
                26.15210283
              ]
            ]
          ]
        ]
      },
      "geometry_name": "the_geom",
      "properties": {
        "Slide_No": "NL/NOK/83J16/2023/23",
        "State": "NAGALAND",
        "District": "NOKLAK",
        "Topo_No": "83J16",
        "Latitude": 26.1522,
        "Longitude": 94.9059,
        "Length_m": 23.364,
        "Width_m": 21.486,
        "Height_m": 15.9719238281,
        "Area_Sqm": 392.473,
        "Activity": "Active",
        "Geomorpho": "Structural Origin - Highly Dissected Hills and Valleys (Shdhv)",
        "Lithology": "Sandstone, shale, clay and carbonaceous shale (Barail Group) 0534), Eocene-Oligocene",
        "LULC": "Others - Shifting Cultivation",
        "Triggering": "Rainfall",
        "Year": "2023",
        "Basin": "Minor rivers draining into Myanmar Basin",
        "Sub_Basin": "Imphal and others",
        "Source": "RESOURCESAT-2, 2A, 10m CARTODEM, NGLM 50k(2011-2012), Lithology-GSI 50k(2011), SISDP-P2-LULC 10k(2018-2023) & India-WRIS"
      }
    },
    {
      "type": "Feature",
      "id": "LS_NAGALAND_2023.501",
      "geometry": {
        "type": "MultiPolygon",
        "coordinates": [
          [
            [
              [
                94.89392613,
                26.3459475
              ],
              [
                94.89392613,
                26.34681783
              ],
              [
                94.89524273,
                26.34681783
              ],
              [
                94.89524273,
                26.3459475
              ],
              [
                94.89392613,
                26.3459475
              ]
            ]
          ]
        ]
      },
      "geometry_name": "the_geom",
      "properties": {
        "Slide_No": "NL/TU/83J15/2023/33",
        "State": "NAGALAND",
        "District": "TUENSANG",
        "Topo_No": "83J15",
        "Latitude": 26.3464,
        "Longitude": 94.8945,
        "Length_m": 129.788,
        "Width_m": 89.403,
        "Height_m": 81.400390625,
        "Area_Sqm": 6892.41,
        "Activity": "Reactivated",
        "Geomorpho": "Structural Origin - Moderately Dissected Hills and Valleys (Smdhv)",
        "Lithology": "Shale, siltstone, greywacke rhythmite & sandstone (0594), Palaeocene-Eocene",
        "LULC": "Evergreen Open Forest",
        "Triggering": "Rainfall",
        "Year": "2023",
        "Basin": "Brahmaputra Basin",
        "Sub_Basin": "Brahmaputra Upper",
        "Source": "RESOURCESAT-2, 2A, 10m CARTODEM, NGLM 50k(2011-2012), Lithology-GSI 50k(2011), SISDP-P2-LULC 10k(2018-2023) & India-WRIS"
      }
    },
    {
      "type": "Feature",
      "id": "LS_NAGALAND_2023.503",
      "geometry": {
        "type": "MultiPolygon",
        "coordinates": [
          [
            [
              [
                94.68031551,
                26.50580183
              ],
              [
                94.68031551,
                26.50638316
              ],
              [
                94.68105974,
                26.50638316
              ],
              [
                94.68105974,
                26.50580183
              ],
              [
                94.68031551,
                26.50580183
              ]
            ]
          ]
        ]
      },
      "geometry_name": "the_geom",
      "properties": {
        "Slide_No": "NL/MK/83J10/2023/2",
        "State": "NAGALAND",
        "District": "MOKOKCHUNG",
        "Topo_No": "83J10",
        "Latitude": 26.506,
        "Longitude": 94.6806,
        "Length_m": 64.853,
        "Width_m": 61.05,
        "Height_m": 45.9287109375,
        "Area_Sqm": 2842.56,
        "Activity": "Active",
        "Geomorpho": "Structural Origin - Moderately Dissected Hills and Valleys (Smdhv)",
        "Lithology": "Flaggy sandstone with subordinate shale (Barail Group) 0541), Eocene-Oligocene",
        "LULC": "Evergreen Open Forest",
        "Triggering": "Rainfall",
        "Year": "2023",
        "Basin": "Brahmaputra Basin",
        "Sub_Basin": "Brahmaputra Upper",
        "Source": "RESOURCESAT-2, 2A, 10m CARTODEM, NGLM 50k(2011-2012), Lithology-GSI 50k(2011), SISDP-P2-LULC 10k(2018-2023) & India-WRIS"
      }
    },
    {
      "type": "Feature",
      "id": "LS_NAGALAND_2023.504",
      "geometry": {
        "type": "MultiPolygon",
        "coordinates": [
          [
            [
              [
                94.68630825,
                26.49257942
              ],
              [
                94.68630825,
                26.49280441
              ],
              [
                94.68644318,
                26.49280441
              ],
              [
                94.68644318,
                26.49257942
              ],
              [
                94.68630825,
                26.49257942
              ]
            ]
          ]
        ]
      },
      "geometry_name": "the_geom",
      "properties": {
        "Slide_No": "NL/MK/83J11/2023/11",
        "State": "NAGALAND",
        "District": "MOKOKCHUNG",
        "Topo_No": "83J11",
        "Latitude": 26.4927,
        "Longitude": 94.6864,
        "Length_m": 25.183,
        "Width_m": 13.196,
        "Height_m": 5.27410888672,
        "Area_Sqm": 248.161,
        "Activity": "Active",
        "Geomorpho": "Structural Origin - Moderately Dissected Hills and Valleys (Smdhv)",
        "Lithology": "Flaggy sandstone with subordinate shale (Barail Group) 0541), Eocene-Oligocene",
        "LULC": "Evergreen Open Forest",
        "Triggering": "Rainfall",
        "Year": "2023",
        "Basin": "Brahmaputra Basin",
        "Sub_Basin": "Brahmaputra Upper",
        "Source": "RESOURCESAT-2, 2A, 10m CARTODEM, NGLM 50k(2011-2012), Lithology-GSI 50k(2011), SISDP-P2-LULC 10k(2018-2023) & India-WRIS"
      }
    },
    {
      "type": "Feature",
      "id": "LS_NAGALAND_2023.505",
      "geometry": {
        "type": "MultiPolygon",
        "coordinates": [
          [
            [
              [
                94.76482146,
                26.51785686
              ],
              [
                94.76482146,
                26.518026
              ],
              [
                94.76500723,
                26.518026
              ],
              [
                94.76500723,
                26.51785686
              ],
              [
                94.76482146,
                26.51785686
              ]
            ]
          ]
        ]
      },
      "geometry_name": "the_geom",
      "properties": {
        "Slide_No": "NL/LL/83J14/2023/20",
        "State": "NAGALAND",
        "District": "LONGLENG",
        "Topo_No": "83J14",
        "Latitude": 26.5179,
        "Longitude": 94.7649,
        "Length_m": 20.898,
        "Width_m": 15.19,
        "Height_m": 5.122192,
        "Area_Sqm": 254.305,
        "Activity": "Active",
        "Geomorpho": "Structural Origin - Highly Dissected Hills and Valleys (Shdhv)",
        "Lithology": "Flaggy sandstone with subordinate shale (Barail Group) 0541), Eocene-Oligocene",
        "LULC": "Evergreen Open Forest",
        "Triggering": "Rainfall",
        "Year": "2023",
        "Basin": "Brahmaputra Basin",
        "Sub_Basin": "Brahmaputra Upper",
        "Source": "RESOURCESAT-2, 2A, 10m CARTODEM, NGLM 50k(2011-2012), Lithology-GSI 50k(2011), SISDP-P2-LULC 10k(2018-2023) & India-WRIS"
      }
    },
    {
      "type": "Feature",
      "id": "LS_NAGALAND_2023.507",
      "geometry": {
        "type": "MultiPolygon",
        "coordinates": [
          [
            [
              [
                94.9064639,
                26.36803475
              ],
              [
                94.9064639,
                26.36911977
              ],
              [
                94.90874249,
                26.36911977
              ],
              [
                94.90874249,
                26.36803475
              ],
              [
                94.9064639,
                26.36803475
              ]
            ]
          ]
        ]
      },
      "geometry_name": "the_geom",
      "properties": {
        "Slide_No": "NL/TU/83J15/2023/34",
        "State": "NAGALAND",
        "District": "TUENSANG",
        "Topo_No": "83J15",
        "Latitude": 26.3686,
        "Longitude": 94.9075,
        "Length_m": 228.592,
        "Width_m": 105.939,
        "Height_m": 133.671386719,
        "Area_Sqm": 9808.16,
        "Activity": "Reactivated",
        "Geomorpho": "Structural Origin - Moderately Dissected Hills and Valleys (Smdhv)",
        "Lithology": "Shale, siltstone, greywacke rhythmite & sandstone (0594), Palaeocene-Eocene",
        "LULC": "Evergreen Open Forest",
        "Triggering": "Rainfall",
        "Year": "2023",
        "Basin": "Brahmaputra Basin",
        "Sub_Basin": "Brahmaputra Upper",
        "Source": "RESOURCESAT-2, 2A, 10m CARTODEM, NGLM 50k(2011-2012), Lithology-GSI 50k(2011), SISDP-P2-LULC 10k(2018-2023) & India-WRIS"
      }
    },
    {
      "type": "Feature",
      "id": "LS_NAGALAND_2023.508",
      "geometry": {
        "type": "MultiPolygon",
        "coordinates": [
          [
            [
              [
                94.84906421,
                26.13565366
              ],
              [
                94.84906421,
                26.13585049
              ],
              [
                94.84935175,
                26.13585049
              ],
              [
                94.84935175,
                26.13565366
              ],
              [
                94.84906421,
                26.13565366
              ]
            ]
          ]
        ]
      },
      "geometry_name": "the_geom",
      "properties": {
        "Slide_No": "NL/SHA/83J16/2023/24",
        "State": "NAGALAND",
        "District": "SHAMATOR",
        "Topo_No": "83J16",
        "Latitude": 26.1358,
        "Longitude": 94.8492,
        "Length_m": 27.337,
        "Width_m": 18.274,
        "Height_m": 5.578369,
        "Area_Sqm": 392.016,
        "Activity": "Active",
        "Geomorpho": "Structural Origin - Highly Dissected Hills and Valleys (Shdhv)",
        "Lithology": "Flaggy sandstone with subordinate shale (Barail Group) 0541), Eocene-Oligocene",
        "LULC": "Built Up - Rural Village Settlement",
        "Triggering": "Rainfall",
        "Year": "2023",
        "Basin": "Minor rivers draining into Myanmar Basin",
        "Sub_Basin": "Imphal and others",
        "Source": "RESOURCESAT-2, 2A, 10m CARTODEM, NGLM 50k(2011-2012), Lithology-GSI 50k(2011), SISDP-P2-LULC 10k(2018-2023) & India-WRIS"
      }
    },
    {
      "type": "Feature",
      "id": "LS_NAGALAND_2023.510",
      "geometry": {
        "type": "MultiPolygon",
        "coordinates": [
          [
            [
              [
                94.89812081,
                26.21700405
              ],
              [
                94.89812081,
                26.21720412
              ],
              [
                94.89833982,
                26.21720412
              ],
              [
                94.89833982,
                26.21700405
              ],
              [
                94.89812081,
                26.21700405
              ]
            ]
          ]
        ]
      },
      "geometry_name": "the_geom",
      "properties": {
        "Slide_No": "NL/TU/83J16/2023/25",
        "State": "NAGALAND",
        "District": "TUENSANG",
        "Topo_No": "83J16",
        "Latitude": 26.2171,
        "Longitude": 94.8982,
        "Length_m": 26.88,
        "Width_m": 14.427,
        "Height_m": 8.654296875,
        "Area_Sqm": 261.937,
        "Activity": "Active",
        "Geomorpho": "Structural Origin - Highly Dissected Hills and Valleys - Ridge (Shdhv-r)",
        "Lithology": "Shale, siltstone, greywacke rhythmite & sandstone (0594), Palaeocene-Eocene",
        "LULC": "Semi- Evergreen Open Forest",
        "Triggering": "Rainfall",
        "Year": "2023",
        "Basin": "Minor rivers draining into Myanmar Basin",
        "Sub_Basin": "Imphal and others",
        "Source": "RESOURCESAT-2, 2A, 10m CARTODEM, NGLM 50k(2011-2012), Lithology-GSI 50k(2011), SISDP-P2-LULC 10k(2018-2023) & India-WRIS"
      }
    },
    {
      "type": "Feature",
      "id": "LS_NAGALAND_2023.511",
      "geometry": {
        "type": "MultiPolygon",
        "coordinates": [
          [
            [
              [
                94.93440399,
                26.23436654
              ],
              [
                94.93440399,
                26.23467535
              ],
              [
                94.9346324,
                26.23467535
              ],
              [
                94.9346324,
                26.23436654
              ],
              [
                94.93440399,
                26.23436654
              ]
            ]
          ]
        ]
      },
      "geometry_name": "the_geom",
      "properties": {
        "Slide_No": "NL/TU/83J16/2023/26",
        "State": "NAGALAND",
        "District": "TUENSANG",
        "Topo_No": "83J16",
        "Latitude": 26.2345,
        "Longitude": 94.9345,
        "Length_m": 37.657,
        "Width_m": 16.205,
        "Height_m": 5.089233,
        "Area_Sqm": 344.723,
        "Activity": "Active",
        "Geomorpho": "Structural Origin - Highly Dissected Hills and Valleys - Ridge (Shdhv-r)",
        "Lithology": "Shale, siltstone, greywacke rhythmite & sandstone (0594), Palaeocene-Eocene",
        "LULC": "Agriculture - Crop Land",
        "Triggering": "Rainfall",
        "Year": "2023",
        "Basin": "Minor rivers draining into Myanmar Basin",
        "Sub_Basin": "Imphal and others",
        "Source": "RESOURCESAT-2, 2A, 10m CARTODEM, NGLM 50k(2011-2012), Lithology-GSI 50k(2011), SISDP-P2-LULC 10k(2018-2023) & India-WRIS"
      }
    },
    {
      "type": "Feature",
      "id": "LS_NAGALAND_2023.512",
      "geometry": {
        "type": "MultiPolygon",
        "coordinates": [
          [
            [
              [
                94.87113592,
                26.3091493
              ],
              [
                94.87113592,
                26.30935621
              ],
              [
                94.87132463,
                26.30935621
              ],
              [
                94.87132463,
                26.3091493
              ],
              [
                94.87113592,
                26.3091493
              ]
            ]
          ]
        ]
      },
      "geometry_name": "the_geom",
      "properties": {
        "Slide_No": "NL/TU/83J15/2023/35",
        "State": "NAGALAND",
        "District": "TUENSANG",
        "Topo_No": "83J15",
        "Latitude": 26.3092,
        "Longitude": 94.8712,
        "Length_m": 22.934,
        "Width_m": 18.751,
        "Height_m": 3.60943603516,
        "Area_Sqm": 340.413,
        "Activity": "Active",
        "Geomorpho": "Structural Origin - Moderately Dissected Hills and Valleys (Smdhv)",
        "Lithology": "Shale, siltstone, greywacke rhythmite & sandstone (0594), Palaeocene-Eocene",
        "LULC": "Others - Shifting Cultivation",
        "Triggering": "Rainfall",
        "Year": "2023",
        "Basin": "Brahmaputra Basin",
        "Sub_Basin": "Brahmaputra Upper",
        "Source": "RESOURCESAT-2, 2A, 10m CARTODEM, NGLM 50k(2011-2012), Lithology-GSI 50k(2011), SISDP-P2-LULC 10k(2018-2023) & India-WRIS"
      }
    },
    {
      "type": "Feature",
      "id": "LS_NAGALAND_2023.513",
      "geometry": {
        "type": "MultiPolygon",
        "coordinates": [
          [
            [
              [
                94.93327993,
                26.53990774
              ],
              [
                94.93327993,
                26.54008868
              ],
              [
                94.93339572,
                26.54008868
              ],
              [
                94.93339572,
                26.53990774
              ],
              [
                94.93327993,
                26.53990774
              ]
            ]
          ]
        ]
      },
      "geometry_name": "the_geom",
      "properties": {
        "Slide_No": "NL/MN/83J14/2023/21",
        "State": "NAGALAND",
        "District": "MON",
        "Topo_No": "83J14",
        "Latitude": 26.54,
        "Longitude": 94.9333,
        "Length_m": 19.972,
        "Width_m": 11.554,
        "Height_m": 5.649841,
        "Area_Sqm": 178.258,
        "Activity": "Active",
        "Geomorpho": "Structural Origin - Moderately Dissected Hills and Valleys - Valley (Smdhv-v)",
        "Lithology": "Flaggy sandstone with subordinate shale (Barail Group) 0541), Eocene-Oligocene",
        "LULC": "Semi- Evergreen Open Forest",
        "Triggering": "Rainfall",
        "Year": "2023",
        "Basin": "Brahmaputra Basin",
        "Sub_Basin": "Brahmaputra Upper",
        "Source": "RESOURCESAT-2, 2A, 10m CARTODEM, NGLM 50k(2011-2012), Lithology-GSI 50k(2011), SISDP-P2-LULC 10k(2018-2023) & India-WRIS"
      }
    },
    {
      "type": "Feature",
      "id": "LS_NAGALAND_2023.514",
      "geometry": {
        "type": "MultiPolygon",
        "coordinates": [
          [
            [
              [
                94.79724287,
                26.54151033
              ],
              [
                94.79724287,
                26.5417544
              ],
              [
                94.79749077,
                26.5417544
              ],
              [
                94.79749077,
                26.54151033
              ],
              [
                94.79724287,
                26.54151033
              ]
            ]
          ]
        ]
      },
      "geometry_name": "the_geom",
      "properties": {
        "Slide_No": "NL/LL/83J14/2023/22",
        "State": "NAGALAND",
        "District": "LONGLENG",
        "Topo_No": "83J14",
        "Latitude": 26.5416,
        "Longitude": 94.7974,
        "Length_m": 26.447,
        "Width_m": 24.102,
        "Height_m": 4.952942,
        "Area_Sqm": 474.96,
        "Activity": "Active",
        "Geomorpho": "Structural Origin - Highly Dissected Hills and Valleys (Shdhv)",
        "Lithology": "Flaggy sandstone with subordinate shale (Barail Group) 0541), Eocene-Oligocene",
        "LULC": "Evergreen Open Forest",
        "Triggering": "Rainfall",
        "Year": "2023",
        "Basin": "Brahmaputra Basin",
        "Sub_Basin": "Brahmaputra Upper",
        "Source": "RESOURCESAT-2, 2A, 10m CARTODEM, NGLM 50k(2011-2012), Lithology-GSI 50k(2011), SISDP-P2-LULC 10k(2018-2023) & India-WRIS"
      }
    },
    {
      "type": "Feature",
      "id": "LS_NAGALAND_2023.515",
      "geometry": {
        "type": "MultiPolygon",
        "coordinates": [
          [
            [
              [
                94.98823246,
                26.39249651
              ],
              [
                94.98823246,
                26.3930884
              ],
              [
                94.98843829,
                26.3930884
              ],
              [
                94.98843829,
                26.39249651
              ],
              [
                94.98823246,
                26.39249651
              ]
            ]
          ]
        ]
      },
      "geometry_name": "the_geom",
      "properties": {
        "Slide_No": "NL/MN/83J15/2023/36",
        "State": "NAGALAND",
        "District": "MON",
        "Topo_No": "83J15",
        "Latitude": 26.3928,
        "Longitude": 94.9883,
        "Length_m": 65.581,
        "Width_m": 20.313,
        "Height_m": 52.7402954102,
        "Area_Sqm": 886.83,
        "Activity": "Active",
        "Geomorpho": "Structural Origin - Moderately Dissected Hills and Valleys - Valley (Smdhv-v)",
        "Lithology": "Shale, siltstone, greywacke rhythmite & sandstone (0594), Palaeocene-Eocene",
        "LULC": "Semi- Evergreen Open Forest",
        "Triggering": "Rainfall",
        "Year": "2023",
        "Basin": "Brahmaputra Basin",
        "Sub_Basin": "Brahmaputra Upper",
        "Source": "RESOURCESAT-2, 2A, 10m CARTODEM, NGLM 50k(2011-2012), Lithology-GSI 50k(2011), SISDP-P2-LULC 10k(2018-2023) & India-WRIS"
      }
    },
    {
      "type": "Feature",
      "id": "LS_NAGALAND_2023.519",
      "geometry": {
        "type": "MultiPolygon",
        "coordinates": [
          [
            [
              [
                94.86356818,
                26.61435198
              ],
              [
                94.86356818,
                26.61463645
              ],
              [
                94.86373123,
                26.61463645
              ],
              [
                94.86373123,
                26.61435198
              ],
              [
                94.86356818,
                26.61435198
              ]
            ]
          ]
        ]
      },
      "geometry_name": "the_geom",
      "properties": {
        "Slide_No": "NL/MN/83J14/2023/23",
        "State": "NAGALAND",
        "District": "MON",
        "Topo_No": "83J14",
        "Latitude": 26.6145,
        "Longitude": 94.8637,
        "Length_m": 31.98,
        "Width_m": 14.788,
        "Height_m": 10.2568817139,
        "Area_Sqm": 369.367,
        "Activity": "Active",
        "Geomorpho": "Structural Origin - Moderately Dissected Hills and Valleys - Valley (Smdhv-v)",
        "Lithology": "Shale, siltstone, greywacke rhythmite & sandstone (0594), Palaeocene-Eocene",
        "LULC": "Semi- Evergreen Open Forest",
        "Triggering": "Rainfall",
        "Year": "2023",
        "Basin": "Brahmaputra Basin",
        "Sub_Basin": "Brahmaputra Upper",
        "Source": "RESOURCESAT-2, 2A, 10m CARTODEM, NGLM 50k(2011-2012), Lithology-GSI 50k(2011), SISDP-P2-LULC 10k(2018-2023) & India-WRIS"
      }
    },
    {
      "type": "Feature",
      "id": "LS_NAGALAND_2023.521",
      "geometry": {
        "type": "MultiPolygon",
        "coordinates": [
          [
            [
              [
                94.92605847,
                26.64134956
              ],
              [
                94.92605847,
                26.64158566
              ],
              [
                94.92639762,
                26.64158566
              ],
              [
                94.92639762,
                26.64134956
              ],
              [
                94.92605847,
                26.64134956
              ]
            ]
          ]
        ]
      },
      "geometry_name": "the_geom",
      "properties": {
        "Slide_No": "NL/MN/83J14/2023/24",
        "State": "NAGALAND",
        "District": "MON",
        "Topo_No": "83J14",
        "Latitude": 26.6415,
        "Longitude": 94.9262,
        "Length_m": 39.592,
        "Width_m": 14.553,
        "Height_m": 19.097137,
        "Area_Sqm": 410.462,
        "Activity": "Active",
        "Geomorpho": "Structural Origin - Moderately Dissected Hills and Valleys - Valley (Smdhv-v)",
        "Lithology": "Shale, siltstone, greywacke rhythmite & sandstone (0594), Palaeocene-Eocene",
        "LULC": "Semi- Evergreen Closed Forest",
        "Triggering": "Rainfall",
        "Year": "2023",
        "Basin": "Brahmaputra Basin",
        "Sub_Basin": "Brahmaputra Upper",
        "Source": "RESOURCESAT-2, 2A, 10m CARTODEM, NGLM 50k(2011-2012), Lithology-GSI 50k(2011), SISDP-P2-LULC 10k(2018-2023) & India-WRIS"
      }
    },
    {
      "type": "Feature",
      "id": "LS_NAGALAND_2023.522",
      "geometry": {
        "type": "MultiPolygon",
        "coordinates": [
          [
            [
              [
                94.95983099,
                26.65053679
              ],
              [
                94.95983099,
                26.65074194
              ],
              [
                94.95997895,
                26.65074194
              ],
              [
                94.95997895,
                26.65053679
              ],
              [
                94.95983099,
                26.65053679
              ]
            ]
          ]
        ]
      },
      "geometry_name": "the_geom",
      "properties": {
        "Slide_No": "NL/MN/83J14/2023/25",
        "State": "NAGALAND",
        "District": "MON",
        "Topo_No": "83J14",
        "Latitude": 26.6506,
        "Longitude": 94.9599,
        "Length_m": 22.604,
        "Width_m": 14.695,
        "Height_m": 13.0015869141,
        "Area_Sqm": 262.336,
        "Activity": "Active",
        "Geomorpho": "Structural Origin - Highly Dissected Hills and Valleys (Shdhv)",
        "Lithology": "Shale, siltstone, greywacke rhythmite & sandstone (0594), Palaeocene-Eocene",
        "LULC": "Semi- Evergreen Open Forest",
        "Triggering": "Rainfall",
        "Year": "2023",
        "Basin": "Brahmaputra Basin",
        "Sub_Basin": "Brahmaputra Upper",
        "Source": "RESOURCESAT-2, 2A, 10m CARTODEM, NGLM 50k(2011-2012), Lithology-GSI 50k(2011), SISDP-P2-LULC 10k(2018-2023) & India-WRIS"
      }
    },
    {
      "type": "Feature",
      "id": "LS_NAGALAND_2023.523",
      "geometry": {
        "type": "MultiPolygon",
        "coordinates": [
          [
            [
              [
                94.63722796,
                26.33381004
              ],
              [
                94.63722796,
                26.33395745
              ],
              [
                94.63737742,
                26.33395745
              ],
              [
                94.63737742,
                26.33381004
              ],
              [
                94.63722796,
                26.33381004
              ]
            ]
          ]
        ]
      },
      "geometry_name": "the_geom",
      "properties": {
        "Slide_No": "NL/MK/83J11/2023/12",
        "State": "NAGALAND",
        "District": "MOKOKCHUNG",
        "Topo_No": "83J11",
        "Latitude": 26.3339,
        "Longitude": 94.6373,
        "Length_m": 16.213,
        "Width_m": 13,
        "Height_m": 3.070862,
        "Area_Sqm": 181.093,
        "Activity": "Active",
        "Geomorpho": "Structural Origin - Moderately Dissected Hills and Valleys - Valley (Smdhv-v)",
        "Lithology": "Shale, siltstone, greywacke rhythmite & sandstone (0594), Palaeocene-Eocene",
        "LULC": "Evergreen Open Forest",
        "Triggering": "Rainfall",
        "Year": "2023",
        "Basin": "Brahmaputra Basin",
        "Sub_Basin": "Brahmaputra Upper",
        "Source": "RESOURCESAT-2, 2A, 10m CARTODEM, NGLM 50k(2011-2012), Lithology-GSI 50k(2011), SISDP-P2-LULC 10k(2018-2023) & India-WRIS"
      }
    },
    {
      "type": "Feature",
      "id": "LS_NAGALAND_2023.524",
      "geometry": {
        "type": "MultiPolygon",
        "coordinates": [
          [
            [
              [
                94.65771867,
                26.3779616
              ],
              [
                94.65771867,
                26.37832327
              ],
              [
                94.65822832,
                26.37832327
              ],
              [
                94.65822832,
                26.3779616
              ],
              [
                94.65771867,
                26.3779616
              ]
            ]
          ]
        ]
      },
      "geometry_name": "the_geom",
      "properties": {
        "Slide_No": "NL/MK/83J11/2023/13",
        "State": "NAGALAND",
        "District": "MOKOKCHUNG",
        "Topo_No": "83J11",
        "Latitude": 26.3781,
        "Longitude": 94.658,
        "Length_m": 50.123,
        "Width_m": 32.466,
        "Height_m": 14.4203186035,
        "Area_Sqm": 811.812,
        "Activity": "Active",
        "Geomorpho": "Structural Origin - Moderately Dissected Hills and Valleys (Smdhv)",
        "Lithology": "Shale, siltstone, greywacke rhythmite & sandstone (0594), Palaeocene-Eocene",
        "LULC": "Evergreen Open Forest",
        "Triggering": "Rainfall",
        "Year": "2023",
        "Basin": "Brahmaputra Basin",
        "Sub_Basin": "Brahmaputra Upper",
        "Source": "RESOURCESAT-2, 2A, 10m CARTODEM, NGLM 50k(2011-2012), Lithology-GSI 50k(2011), SISDP-P2-LULC 10k(2018-2023) & India-WRIS"
      }
    },
    {
      "type": "Feature",
      "id": "LS_NAGALAND_2023.525",
      "geometry": {
        "type": "MultiPolygon",
        "coordinates": [
          [
            [
              [
                94.69360253,
                26.47493257
              ],
              [
                94.69360253,
                26.47578428
              ],
              [
                94.69419684,
                26.47578428
              ],
              [
                94.69419684,
                26.47493257
              ],
              [
                94.69360253,
                26.47493257
              ]
            ]
          ]
        ]
      },
      "geometry_name": "the_geom",
      "properties": {
        "Slide_No": "NL/LL/83J11/2023/14",
        "State": "NAGALAND",
        "District": "LONGLENG",
        "Topo_No": "83J11",
        "Latitude": 26.4753,
        "Longitude": 94.6939,
        "Length_m": 95.061,
        "Width_m": 55.077,
        "Height_m": 35.8546142578,
        "Area_Sqm": 2761.07,
        "Activity": "Active",
        "Geomorpho": "Structural Origin - Moderately Dissected Hills and Valleys (Smdhv)",
        "Lithology": "Flaggy sandstone with subordinate shale (Barail Group) 0541), Eocene-Oligocene",
        "LULC": "Evergreen Closed Forest",
        "Triggering": "Rainfall",
        "Year": "2023",
        "Basin": "Brahmaputra Basin",
        "Sub_Basin": "Brahmaputra Upper",
        "Source": "RESOURCESAT-2, 2A, 10m CARTODEM, NGLM 50k(2011-2012), Lithology-GSI 50k(2011), SISDP-P2-LULC 10k(2018-2023) & India-WRIS"
      }
    },
    {
      "type": "Feature",
      "id": "LS_NAGALAND_2023.526",
      "geometry": {
        "type": "MultiPolygon",
        "coordinates": [
          [
            [
              [
                94.68126945,
                26.47457904
              ],
              [
                94.68126945,
                26.47502471
              ],
              [
                94.68146584,
                26.47502471
              ],
              [
                94.68146584,
                26.47457904
              ],
              [
                94.68126945,
                26.47457904
              ]
            ]
          ]
        ]
      },
      "geometry_name": "the_geom",
      "properties": {
        "Slide_No": "NL/MK/83J11/2023/15",
        "State": "NAGALAND",
        "District": "MOKOKCHUNG",
        "Topo_No": "83J11",
        "Latitude": 26.4748,
        "Longitude": 94.6814,
        "Length_m": 49.114,
        "Width_m": 18.253,
        "Height_m": 26.9352416992,
        "Area_Sqm": 564.894,
        "Activity": "Active",
        "Geomorpho": "Structural Origin - Moderately Dissected Hills and Valleys (Smdhv)",
        "Lithology": "Flaggy sandstone with subordinate shale (Barail Group) 0541), Eocene-Oligocene",
        "LULC": "Evergreen Closed Forest",
        "Triggering": "Rainfall",
        "Year": "2023",
        "Basin": "Brahmaputra Basin",
        "Sub_Basin": "Brahmaputra Upper",
        "Source": "RESOURCESAT-2, 2A, 10m CARTODEM, NGLM 50k(2011-2012), Lithology-GSI 50k(2011), SISDP-P2-LULC 10k(2018-2023) & India-WRIS"
      }
    },
    {
      "type": "Feature",
      "id": "LS_NAGALAND_2023.527",
      "geometry": {
        "type": "MultiPolygon",
        "coordinates": [
          [
            [
              [
                94.67349695,
                26.47411208
              ],
              [
                94.67349695,
                26.47431826
              ],
              [
                94.67414407,
                26.47431826
              ],
              [
                94.67414407,
                26.47411208
              ],
              [
                94.67349695,
                26.47411208
              ]
            ]
          ]
        ]
      },
      "geometry_name": "the_geom",
      "properties": {
        "Slide_No": "NL/MK/83J11/2023/16",
        "State": "NAGALAND",
        "District": "MOKOKCHUNG",
        "Topo_No": "83J11",
        "Latitude": 26.4742,
        "Longitude": 94.6738,
        "Length_m": 65.355,
        "Width_m": 18.519,
        "Height_m": 72.2708129883,
        "Area_Sqm": 776.602,
        "Activity": "Active",
        "Geomorpho": "Structural Origin - Moderately Dissected Hills and Valleys (Smdhv)",
        "Lithology": "Flaggy sandstone with subordinate shale (Barail Group) 0541), Eocene-Oligocene",
        "LULC": "Evergreen Open Forest",
        "Triggering": "Rainfall",
        "Year": "2023",
        "Basin": "Brahmaputra Basin",
        "Sub_Basin": "Brahmaputra Upper",
        "Source": "RESOURCESAT-2, 2A, 10m CARTODEM, NGLM 50k(2011-2012), Lithology-GSI 50k(2011), SISDP-P2-LULC 10k(2018-2023) & India-WRIS"
      }
    },
    {
      "type": "Feature",
      "id": "LS_NAGALAND_2023.528",
      "geometry": {
        "type": "MultiPolygon",
        "coordinates": [
          [
            [
              [
                94.69558286,
                26.53887681
              ],
              [
                94.69558286,
                26.53900755
              ],
              [
                94.69575211,
                26.53900755
              ],
              [
                94.69575211,
                26.53887681
              ],
              [
                94.69558286,
                26.53887681
              ]
            ]
          ]
        ]
      },
      "geometry_name": "the_geom",
      "properties": {
        "Slide_No": "NL/MK/83J10/2023/3",
        "State": "NAGALAND",
        "District": "MOKOKCHUNG",
        "Topo_No": "83J10",
        "Latitude": 26.5389,
        "Longitude": 94.6957,
        "Length_m": 16.995,
        "Width_m": 14.246,
        "Height_m": 6.54174804688,
        "Area_Sqm": 193.074,
        "Activity": "Active",
        "Geomorpho": "Structural Origin - Moderately Dissected Hills and Valleys (Smdhv)",
        "Lithology": "Flaggy sandstone with subordinate shale (Barail Group) 0541), Eocene-Oligocene",
        "LULC": "Evergreen Open Forest",
        "Triggering": "Rainfall",
        "Year": "2023",
        "Basin": "Brahmaputra Basin",
        "Sub_Basin": "Brahmaputra Upper",
        "Source": "RESOURCESAT-2, 2A, 10m CARTODEM, NGLM 50k(2011-2012), Lithology-GSI 50k(2011), SISDP-P2-LULC 10k(2018-2023) & India-WRIS"
      }
    },
    {
      "type": "Feature",
      "id": "LS_NAGALAND_2023.529",
      "geometry": {
        "type": "MultiPolygon",
        "coordinates": [
          [
            [
              [
                94.6956964,
                26.53934725
              ],
              [
                94.6956964,
                26.53972873
              ],
              [
                94.69604931,
                26.53972873
              ],
              [
                94.69604931,
                26.53934725
              ],
              [
                94.6956964,
                26.53934725
              ]
            ]
          ]
        ]
      },
      "geometry_name": "the_geom",
      "properties": {
        "Slide_No": "NL/MK/83J10/2023/4",
        "State": "NAGALAND",
        "District": "MOKOKCHUNG",
        "Topo_No": "83J10",
        "Latitude": 26.5395,
        "Longitude": 94.6959,
        "Length_m": 52.154,
        "Width_m": 13.016,
        "Height_m": 50.3639221191,
        "Area_Sqm": 508.465,
        "Activity": "Active",
        "Geomorpho": "Structural Origin - Moderately Dissected Hills and Valleys (Smdhv)",
        "Lithology": "Flaggy sandstone with subordinate shale (Barail Group) 0541), Eocene-Oligocene",
        "LULC": "Evergreen Open Forest",
        "Triggering": "Rainfall",
        "Year": "2023",
        "Basin": "Brahmaputra Basin",
        "Sub_Basin": "Brahmaputra Upper",
        "Source": "RESOURCESAT-2, 2A, 10m CARTODEM, NGLM 50k(2011-2012), Lithology-GSI 50k(2011), SISDP-P2-LULC 10k(2018-2023) & India-WRIS"
      }
    },
    {
      "type": "Feature",
      "id": "LS_NAGALAND_2023.530",
      "geometry": {
        "type": "MultiPolygon",
        "coordinates": [
          [
            [
              [
                94.69867555,
                26.54671837
              ],
              [
                94.69867555,
                26.54686208
              ],
              [
                94.69883705,
                26.54686208
              ],
              [
                94.69883705,
                26.54671837
              ],
              [
                94.69867555,
                26.54671837
              ]
            ]
          ]
        ]
      },
      "geometry_name": "the_geom",
      "properties": {
        "Slide_No": "NL/MK/83J10/2023/5",
        "State": "NAGALAND",
        "District": "MOKOKCHUNG",
        "Topo_No": "83J10",
        "Latitude": 26.5468,
        "Longitude": 94.6988,
        "Length_m": 16.188,
        "Width_m": 15.293,
        "Height_m": 12.050476,
        "Area_Sqm": 198.795,
        "Activity": "Active",
        "Geomorpho": "Structural Origin - Moderately Dissected Hills and Valleys (Smdhv)",
        "Lithology": "Flaggy sandstone with subordinate shale (Barail Group) 0541), Eocene-Oligocene",
        "LULC": "Evergreen Open Forest",
        "Triggering": "Rainfall",
        "Year": "2023",
        "Basin": "Brahmaputra Basin",
        "Sub_Basin": "Brahmaputra Upper",
        "Source": "RESOURCESAT-2, 2A, 10m CARTODEM, NGLM 50k(2011-2012), Lithology-GSI 50k(2011), SISDP-P2-LULC 10k(2018-2023) & India-WRIS"
      }
    },
    {
      "type": "Feature",
      "id": "LS_NAGALAND_2023.531",
      "geometry": {
        "type": "MultiPolygon",
        "coordinates": [
          [
            [
              [
                94.70285321,
                26.559563
              ],
              [
                94.70285321,
                26.55969647
              ],
              [
                94.7030598,
                26.55969647
              ],
              [
                94.7030598,
                26.559563
              ],
              [
                94.70285321,
                26.559563
              ]
            ]
          ]
        ]
      },
      "geometry_name": "the_geom",
      "properties": {
        "Slide_No": "NL/MK/83J10/2023/6",
        "State": "NAGALAND",
        "District": "MOKOKCHUNG",
        "Topo_No": "83J10",
        "Latitude": 26.5596,
        "Longitude": 94.703,
        "Length_m": 21.533,
        "Width_m": 12.177,
        "Height_m": 8.4033203125,
        "Area_Sqm": 198.763,
        "Activity": "Active",
        "Geomorpho": "Structural Origin - Moderately Dissected Hills and Valleys (Smdhv)",
        "Lithology": "Flaggy sandstone with subordinate shale (Barail Group) 0541), Eocene-Oligocene",
        "LULC": "Evergreen Open Forest",
        "Triggering": "Rainfall",
        "Year": "2023",
        "Basin": "Brahmaputra Basin",
        "Sub_Basin": "Brahmaputra Upper",
        "Source": "RESOURCESAT-2, 2A, 10m CARTODEM, NGLM 50k(2011-2012), Lithology-GSI 50k(2011), SISDP-P2-LULC 10k(2018-2023) & India-WRIS"
      }
    },
    {
      "type": "Feature",
      "id": "LS_NAGALAND_2023.532",
      "geometry": {
        "type": "MultiPolygon",
        "coordinates": [
          [
            [
              [
                94.65030554,
                26.34725925
              ],
              [
                94.65030554,
                26.34744994
              ],
              [
                94.65048734,
                26.34744994
              ],
              [
                94.65048734,
                26.34725925
              ],
              [
                94.65030554,
                26.34725925
              ]
            ]
          ]
        ]
      },
      "geometry_name": "the_geom",
      "properties": {
        "Slide_No": "NL/MK/83J11/2023/17",
        "State": "NAGALAND",
        "District": "MOKOKCHUNG",
        "Topo_No": "83J11",
        "Latitude": 26.3474,
        "Longitude": 94.6504,
        "Length_m": 19.389,
        "Width_m": 17.079,
        "Height_m": 3.337066,
        "Area_Sqm": 288.047,
        "Activity": "Active",
        "Geomorpho": "Structural Origin - Moderately Dissected Hills and Valleys - Valley (Smdhv-v)",
        "Lithology": "Shale, siltstone, greywacke rhythmite & sandstone (0594), Palaeocene-Eocene",
        "LULC": "Evergreen Open Forest",
        "Triggering": "Rainfall",
        "Year": "2023",
        "Basin": "Brahmaputra Basin",
        "Sub_Basin": "Brahmaputra Upper",
        "Source": "RESOURCESAT-2, 2A, 10m CARTODEM, NGLM 50k(2011-2012), Lithology-GSI 50k(2011), SISDP-P2-LULC 10k(2018-2023) & India-WRIS"
      }
    },
    {
      "type": "Feature",
      "id": "LS_NAGALAND_2023.533",
      "geometry": {
        "type": "MultiPolygon",
        "coordinates": [
          [
            [
              [
                94.65101407,
                26.35234661
              ],
              [
                94.65101407,
                26.35252111
              ],
              [
                94.65132659,
                26.35252111
              ],
              [
                94.65132659,
                26.35234661
              ],
              [
                94.65101407,
                26.35234661
              ]
            ]
          ]
        ]
      },
      "geometry_name": "the_geom",
      "properties": {
        "Slide_No": "NL/MK/83J11/2023/18",
        "State": "NAGALAND",
        "District": "MOKOKCHUNG",
        "Topo_No": "83J11",
        "Latitude": 26.3524,
        "Longitude": 94.6511,
        "Length_m": 29.807,
        "Width_m": 18.927,
        "Height_m": 7.25659179688,
        "Area_Sqm": 294.046,
        "Activity": "Reactivated",
        "Geomorpho": "Structural Origin - Moderately Dissected Hills and Valleys - Valley (Smdhv-v)",
        "Lithology": "Shale, siltstone, greywacke rhythmite & sandstone (0594), Palaeocene-Eocene",
        "LULC": "Evergreen Open Forest",
        "Triggering": "Rainfall",
        "Year": "2023",
        "Basin": "Brahmaputra Basin",
        "Sub_Basin": "Brahmaputra Upper",
        "Source": "RESOURCESAT-2, 2A, 10m CARTODEM, NGLM 50k(2011-2012), Lithology-GSI 50k(2011), SISDP-P2-LULC 10k(2018-2023) & India-WRIS"
      }
    },
    {
      "type": "Feature",
      "id": "LS_NAGALAND_2023.534",
      "geometry": {
        "type": "MultiPolygon",
        "coordinates": [
          [
            [
              [
                94.65537881,
                26.35845413
              ],
              [
                94.65537881,
                26.3587496
              ],
              [
                94.65565465,
                26.3587496
              ],
              [
                94.65565465,
                26.35845413
              ],
              [
                94.65537881,
                26.35845413
              ]
            ]
          ]
        ]
      },
      "geometry_name": "the_geom",
      "properties": {
        "Slide_No": "NL/TU/83J11/2023/19",
        "State": "NAGALAND",
        "District": "TUENSANG",
        "Topo_No": "83J11",
        "Latitude": 26.3586,
        "Longitude": 94.6555,
        "Length_m": 37.508,
        "Width_m": 17.666,
        "Height_m": 8.65313720703,
        "Area_Sqm": 408.788,
        "Activity": "Active",
        "Geomorpho": "Structural Origin - Moderately Dissected Hills and Valleys - Valley (Smdhv-v)",
        "Lithology": "Shale, siltstone, greywacke rhythmite & sandstone (0594), Palaeocene-Eocene",
        "LULC": "Built Up - Transport Network",
        "Triggering": "Rainfall",
        "Year": "2023",
        "Basin": "Brahmaputra Basin",
        "Sub_Basin": "Brahmaputra Upper",
        "Source": "RESOURCESAT-2, 2A, 10m CARTODEM, NGLM 50k(2011-2012), Lithology-GSI 50k(2011), SISDP-P2-LULC 10k(2018-2023) & India-WRIS"
      }
    },
    {
      "type": "Feature",
      "id": "LS_NAGALAND_2023.535",
      "geometry": {
        "type": "MultiPolygon",
        "coordinates": [
          [
            [
              [
                94.65264755,
                26.36334251
              ],
              [
                94.65264755,
                26.36362743
              ],
              [
                94.65308979,
                26.36362743
              ],
              [
                94.65308979,
                26.36334251
              ],
              [
                94.65264755,
                26.36334251
              ]
            ]
          ]
        ]
      },
      "geometry_name": "the_geom",
      "properties": {
        "Slide_No": "NL/MK/83J11/2023/20",
        "State": "NAGALAND",
        "District": "MOKOKCHUNG",
        "Topo_No": "83J11",
        "Latitude": 26.3635,
        "Longitude": 94.6529,
        "Length_m": 38.535,
        "Width_m": 33.884,
        "Height_m": 18.713684082,
        "Area_Sqm": 939.46,
        "Activity": "Active",
        "Geomorpho": "Structural Origin - Moderately Dissected Hills and Valleys - Valley (Smdhv-v)",
        "Lithology": "Shale, siltstone, greywacke rhythmite & sandstone (0594), Palaeocene-Eocene",
        "LULC": "Evergreen Closed Forest",
        "Triggering": "Rainfall",
        "Year": "2023",
        "Basin": "Brahmaputra Basin",
        "Sub_Basin": "Brahmaputra Upper",
        "Source": "RESOURCESAT-2, 2A, 10m CARTODEM, NGLM 50k(2011-2012), Lithology-GSI 50k(2011), SISDP-P2-LULC 10k(2018-2023) & India-WRIS"
      }
    },
    {
      "type": "Feature",
      "id": "LS_NAGALAND_2023.536",
      "geometry": {
        "type": "MultiPolygon",
        "coordinates": [
          [
            [
              [
                94.68114975,
                26.34813046
              ],
              [
                94.68114975,
                26.34850225
              ],
              [
                94.68141136,
                26.34850225
              ],
              [
                94.68141136,
                26.34813046
              ],
              [
                94.68114975,
                26.34813046
              ]
            ]
          ]
        ]
      },
      "geometry_name": "the_geom",
      "properties": {
        "Slide_No": "NL/TU/83J11/2023/21",
        "State": "NAGALAND",
        "District": "TUENSANG",
        "Topo_No": "83J11",
        "Latitude": 26.3483,
        "Longitude": 94.6813,
        "Length_m": 40.936,
        "Width_m": 26.158,
        "Height_m": 18.5961608887,
        "Area_Sqm": 838.883,
        "Activity": "Active",
        "Geomorpho": "Structural Origin - Moderately Dissected Hills and Valleys - Valley (Smdhv-v)",
        "Lithology": "Shale, siltstone, greywacke rhythmite & sandstone (0594), Palaeocene-Eocene",
        "LULC": "Evergreen Open Forest",
        "Triggering": "Rainfall",
        "Year": "2023",
        "Basin": "Brahmaputra Basin",
        "Sub_Basin": "Brahmaputra Upper",
        "Source": "RESOURCESAT-2, 2A, 10m CARTODEM, NGLM 50k(2011-2012), Lithology-GSI 50k(2011), SISDP-P2-LULC 10k(2018-2023) & India-WRIS"
      }
    },
    {
      "type": "Feature",
      "id": "LS_NAGALAND_2023.537",
      "geometry": {
        "type": "MultiPolygon",
        "coordinates": [
          [
            [
              [
                94.45654305,
                26.43859406
              ],
              [
                94.45654305,
                26.43880505
              ],
              [
                94.45672265,
                26.43880505
              ],
              [
                94.45672265,
                26.43859406
              ],
              [
                94.45654305,
                26.43859406
              ]
            ]
          ]
        ]
      },
      "geometry_name": "the_geom",
      "properties": {
        "Slide_No": "NL/MK/83J7/2023/4",
        "State": "NAGALAND",
        "District": "MOKOKCHUNG",
        "Topo_No": "83J7",
        "Latitude": 26.4387,
        "Longitude": 94.4566,
        "Length_m": 25.725,
        "Width_m": 14.449,
        "Height_m": 12.015411,
        "Area_Sqm": 269.355,
        "Activity": "Active",
        "Geomorpho": "Structural Origin - Moderately Dissected Hills and Valleys (Smdhv)",
        "Lithology": "Sandstone with coal (Barail Group) 0525), Eocene-Oligocene",
        "LULC": "Evergreen Closed Forest",
        "Triggering": "Rainfall",
        "Year": "2023",
        "Basin": "Brahmaputra Basin",
        "Sub_Basin": "Brahmaputra Upper",
        "Source": "RESOURCESAT-2, 2A, 10m CARTODEM, NGLM 50k(2011-2012), Lithology-GSI 50k(2011), SISDP-P2-LULC 10k(2018-2023) & India-WRIS"
      }
    },
    {
      "type": "Feature",
      "id": "LS_NAGALAND_2023.538",
      "geometry": {
        "type": "MultiPolygon",
        "coordinates": [
          [
            [
              [
                94.49776561,
                26.38634108
              ],
              [
                94.49776561,
                26.38663628
              ],
              [
                94.49803187,
                26.38663628
              ],
              [
                94.49803187,
                26.38634108
              ],
              [
                94.49776561,
                26.38634108
              ]
            ]
          ]
        ]
      },
      "geometry_name": "the_geom",
      "properties": {
        "Slide_No": "NL/MK/83J11/2023/22",
        "State": "NAGALAND",
        "District": "MOKOKCHUNG",
        "Topo_No": "83J11",
        "Latitude": 26.3865,
        "Longitude": 94.4979,
        "Length_m": 26.768,
        "Width_m": 25.722,
        "Height_m": 19.5958557129,
        "Area_Sqm": 463.775,
        "Activity": "Active",
        "Geomorpho": "Structural Origin - Moderately Dissected Hills and Valleys - Valley (Smdhv-v)",
        "Lithology": "Flaggy sandstone with subordinate shale (Barail Group) 0541), Eocene-Oligocene",
        "LULC": "Evergreen Closed Forest",
        "Triggering": "Rainfall",
        "Year": "2023",
        "Basin": "Brahmaputra Basin",
        "Sub_Basin": "Brahmaputra Upper",
        "Source": "RESOURCESAT-2, 2A, 10m CARTODEM, NGLM 50k(2011-2012), Lithology-GSI 50k(2011), SISDP-P2-LULC 10k(2018-2023) & India-WRIS"
      }
    },
    {
      "type": "Feature",
      "id": "LS_NAGALAND_2023.539",
      "geometry": {
        "type": "MultiPolygon",
        "coordinates": [
          [
            [
              [
                94.49484969,
                26.4540367
              ],
              [
                94.49484969,
                26.45414811
              ],
              [
                94.4952195,
                26.45414811
              ],
              [
                94.4952195,
                26.4540367
              ],
              [
                94.49484969,
                26.4540367
              ]
            ]
          ]
        ]
      },
      "geometry_name": "the_geom",
      "properties": {
        "Slide_No": "NL/MK/83J11/2023/23",
        "State": "NAGALAND",
        "District": "MOKOKCHUNG",
        "Topo_No": "83J11",
        "Latitude": 26.4541,
        "Longitude": 94.495,
        "Length_m": 36.788,
        "Width_m": 12.363,
        "Height_m": 17.4909973145,
        "Area_Sqm": 308.457,
        "Activity": "Active",
        "Geomorpho": "Structural Origin - Moderately Dissected Hills and Valleys - Valley (Smdhv-v)",
        "Lithology": "Shale, siltstone, greywacke rhythmite & sandstone (0594), Palaeocene-Eocene",
        "LULC": "Evergreen Closed Forest",
        "Triggering": "Rainfall",
        "Year": "2023",
        "Basin": "Brahmaputra Basin",
        "Sub_Basin": "Brahmaputra Upper",
        "Source": "RESOURCESAT-2, 2A, 10m CARTODEM, NGLM 50k(2011-2012), Lithology-GSI 50k(2011), SISDP-P2-LULC 10k(2018-2023) & India-WRIS"
      }
    },
    {
      "type": "Feature",
      "id": "LS_NAGALAND_2023.540",
      "geometry": {
        "type": "MultiPolygon",
        "coordinates": [
          [
            [
              [
                94.60519959,
                26.63815198
              ],
              [
                94.60519959,
                26.63836131
              ],
              [
                94.60534239,
                26.63836131
              ],
              [
                94.60534239,
                26.63815198
              ],
              [
                94.60519959,
                26.63815198
              ]
            ]
          ]
        ]
      },
      "geometry_name": "the_geom",
      "properties": {
        "Slide_No": "NL/MK/83J10/2023/7",
        "State": "NAGALAND",
        "District": "MOKOKCHUNG",
        "Topo_No": "83J10",
        "Latitude": 26.6383,
        "Longitude": 94.6053,
        "Length_m": 23.225,
        "Width_m": 14.148,
        "Height_m": 10.5087585449,
        "Area_Sqm": 265.107,
        "Activity": "Active",
        "Geomorpho": "Structural Origin - Highly Dissected Hills and Valleys - Ridge (Shdhv-r)",
        "Lithology": "Ferruginous sandstone with siltstone and clay (Tipam Group) 0445), Miocene-Pliocene",
        "LULC": "Evergreen Closed Forest",
        "Triggering": "Rainfall",
        "Year": "2023",
        "Basin": "Brahmaputra Basin",
        "Sub_Basin": "Brahmaputra Upper",
        "Source": "RESOURCESAT-2, 2A, 10m CARTODEM, NGLM 50k(2011-2012), Lithology-GSI 50k(2011), SISDP-P2-LULC 10k(2018-2023) & India-WRIS"
      }
    },
    {
      "type": "Feature",
      "id": "LS_NAGALAND_2023.541",
      "geometry": {
        "type": "MultiPolygon",
        "coordinates": [
          [
            [
              [
                94.59730818,
                26.63373659
              ],
              [
                94.59730818,
                26.63389934
              ],
              [
                94.59751217,
                26.63389934
              ],
              [
                94.59751217,
                26.63373659
              ],
              [
                94.59730818,
                26.63373659
              ]
            ]
          ]
        ]
      },
      "geometry_name": "the_geom",
      "properties": {
        "Slide_No": "NL/MK/83J10/2023/8",
        "State": "NAGALAND",
        "District": "MOKOKCHUNG",
        "Topo_No": "83J10",
        "Latitude": 26.6338,
        "Longitude": 94.5974,
        "Length_m": 21.087,
        "Width_m": 16.849,
        "Height_m": 6.521454,
        "Area_Sqm": 284.994,
        "Activity": "Active",
        "Geomorpho": "Structural Origin - Highly Dissected Hills and Valleys - Ridge (Shdhv-r)",
        "Lithology": "Ferruginous sandstone with siltstone and clay (Tipam Group) 0445), Miocene-Pliocene",
        "LULC": "Others - Shifting Cultivation",
        "Triggering": "Rainfall",
        "Year": "2023",
        "Basin": "Brahmaputra Basin",
        "Sub_Basin": "Brahmaputra Upper",
        "Source": "RESOURCESAT-2, 2A, 10m CARTODEM, NGLM 50k(2011-2012), Lithology-GSI 50k(2011), SISDP-P2-LULC 10k(2018-2023) & India-WRIS"
      }
    },
    {
      "type": "Feature",
      "id": "LS_NAGALAND_2023.542",
      "geometry": {
        "type": "MultiPolygon",
        "coordinates": [
          [
            [
              [
                94.62294155,
                26.68412033
              ],
              [
                94.62294155,
                26.6844132
              ],
              [
                94.62317353,
                26.6844132
              ],
              [
                94.62317353,
                26.68412033
              ],
              [
                94.62294155,
                26.68412033
              ]
            ]
          ]
        ]
      },
      "geometry_name": "the_geom",
      "properties": {
        "Slide_No": "NL/MK/83J10/2023/9",
        "State": "NAGALAND",
        "District": "MOKOKCHUNG",
        "Topo_No": "83J10",
        "Latitude": 26.6843,
        "Longitude": 94.6231,
        "Length_m": 32.158,
        "Width_m": 22.347,
        "Height_m": 14.8854064941,
        "Area_Sqm": 563.137,
        "Activity": "Active",
        "Geomorpho": "Structural Origin - Highly Dissected Hills and Valleys - Ridge (Shdhv-r)",
        "Lithology": "Grit,conglomerate, sandstone, clay?coal (0392), Pliocene-Pleistocene",
        "LULC": "Evergreen Closed Forest",
        "Triggering": "Rainfall",
        "Year": "2023",
        "Basin": "Brahmaputra Basin",
        "Sub_Basin": "Brahmaputra Upper",
        "Source": "RESOURCESAT-2, 2A, 10m CARTODEM, NGLM 50k(2011-2012), Lithology-GSI 50k(2011), SISDP-P2-LULC 10k(2018-2023) & India-WRIS"
      }
    },
    {
      "type": "Feature",
      "id": "LS_NAGALAND_2023.543",
      "geometry": {
        "type": "MultiPolygon",
        "coordinates": [
          [
            [
              [
                94.67705757,
                26.60876359
              ],
              [
                94.67705757,
                26.60888936
              ],
              [
                94.67726085,
                26.60888936
              ],
              [
                94.67726085,
                26.60876359
              ],
              [
                94.67705757,
                26.60876359
              ]
            ]
          ]
        ]
      },
      "geometry_name": "the_geom",
      "properties": {
        "Slide_No": "NL/MK/83J10/2023/10",
        "State": "NAGALAND",
        "District": "MOKOKCHUNG",
        "Topo_No": "83J10",
        "Latitude": 26.6088,
        "Longitude": 94.6772,
        "Length_m": 18.882,
        "Width_m": 14.551,
        "Height_m": 8.08422851562,
        "Area_Sqm": 205.441,
        "Activity": "Active",
        "Geomorpho": "Structural Origin - Highly Dissected Hills and Valleys (Shdhv)",
        "Lithology": "Flaggy sandstone with subordinate shale (Barail Group) 0541), Eocene-Oligocene",
        "LULC": "Evergreen Open Forest",
        "Triggering": "Rainfall",
        "Year": "2023",
        "Basin": "Brahmaputra Basin",
        "Sub_Basin": "Brahmaputra Upper",
        "Source": "RESOURCESAT-2, 2A, 10m CARTODEM, NGLM 50k(2011-2012), Lithology-GSI 50k(2011), SISDP-P2-LULC 10k(2018-2023) & India-WRIS"
      }
    },
    {
      "type": "Feature",
      "id": "LS_NAGALAND_2023.544",
      "geometry": {
        "type": "MultiPolygon",
        "coordinates": [
          [
            [
              [
                94.73471484,
                26.59477164
              ],
              [
                94.73471484,
                26.59498787
              ],
              [
                94.7350291,
                26.59498787
              ],
              [
                94.7350291,
                26.59477164
              ],
              [
                94.73471484,
                26.59477164
              ]
            ]
          ]
        ]
      },
      "geometry_name": "the_geom",
      "properties": {
        "Slide_No": "NL/LL/83J10/2023/11",
        "State": "NAGALAND",
        "District": "LONGLENG",
        "Topo_No": "83J10",
        "Latitude": 26.5949,
        "Longitude": 94.7349,
        "Length_m": 30.388,
        "Width_m": 24.427,
        "Height_m": 33.0417785645,
        "Area_Sqm": 464.461,
        "Activity": "Reactivated",
        "Geomorpho": "Structural Origin - Highly Dissected Hills and Valleys (Shdhv)",
        "Lithology": "Flaggy sandstone with subordinate shale (Barail Group) 0541), Eocene-Oligocene",
        "LULC": "Evergreen Closed Forest",
        "Triggering": "Rainfall",
        "Year": "2023",
        "Basin": "Brahmaputra Basin",
        "Sub_Basin": "Brahmaputra Upper",
        "Source": "RESOURCESAT-2, 2A, 10m CARTODEM, NGLM 50k(2011-2012), Lithology-GSI 50k(2011), SISDP-P2-LULC 10k(2018-2023) & India-WRIS"
      }
    },
    {
      "type": "Feature",
      "id": "LS_NAGALAND_2023.545",
      "geometry": {
        "type": "MultiPolygon",
        "coordinates": [
          [
            [
              [
                94.73334734,
                26.61156317
              ],
              [
                94.73334734,
                26.61177879
              ],
              [
                94.73359821,
                26.61177879
              ],
              [
                94.73359821,
                26.61156317
              ],
              [
                94.73334734,
                26.61156317
              ]
            ]
          ]
        ]
      },
      "geometry_name": "the_geom",
      "properties": {
        "Slide_No": "NL/LL/83J10/2023/12",
        "State": "NAGALAND",
        "District": "LONGLENG",
        "Topo_No": "83J10",
        "Latitude": 26.6117,
        "Longitude": 94.7335,
        "Length_m": 30.359,
        "Width_m": 14.321,
        "Height_m": 18.9753417969,
        "Area_Sqm": 354.967,
        "Activity": "Active",
        "Geomorpho": "Structural Origin - Low Dissected Hills and Valleys (Sldhv)",
        "Lithology": "Flaggy sandstone with subordinate shale (Barail Group) 0541), Eocene-Oligocene",
        "LULC": "Evergreen Open Forest",
        "Triggering": "Rainfall",
        "Year": "2023",
        "Basin": "Brahmaputra Basin",
        "Sub_Basin": "Brahmaputra Upper",
        "Source": "RESOURCESAT-2, 2A, 10m CARTODEM, NGLM 50k(2011-2012), Lithology-GSI 50k(2011), SISDP-P2-LULC 10k(2018-2023) & India-WRIS"
      }
    },
    {
      "type": "Feature",
      "id": "LS_NAGALAND_2023.546",
      "geometry": {
        "type": "MultiPolygon",
        "coordinates": [
          [
            [
              [
                94.78002929,
                26.69937648
              ],
              [
                94.78002929,
                26.69964014
              ],
              [
                94.78039974,
                26.69964014
              ],
              [
                94.78039974,
                26.69937648
              ],
              [
                94.78002929,
                26.69937648
              ]
            ]
          ]
        ]
      },
      "geometry_name": "the_geom",
      "properties": {
        "Slide_No": "NL/LL/83J14/2023/26",
        "State": "NAGALAND",
        "District": "LONGLENG",
        "Topo_No": "83J14",
        "Latitude": 26.6995,
        "Longitude": 94.7802,
        "Length_m": 32.218,
        "Width_m": 31.3,
        "Height_m": 8.9655,
        "Area_Sqm": 771.627,
        "Activity": "Active",
        "Geomorpho": "Structural Origin - Moderately Dissected Hills and Valleys - Valley (Smdhv-v)",
        "Lithology": "Carbonaceous sandy shale, sandstone & coal seams (Barail Group) 0530), Eocene-Oligocene",
        "LULC": "Evergreen Open Forest",
        "Triggering": "Rainfall",
        "Year": "2023",
        "Basin": "Brahmaputra Basin",
        "Sub_Basin": "Brahmaputra Upper",
        "Source": "RESOURCESAT-2, 2A, 10m CARTODEM, NGLM 50k(2011-2012), Lithology-GSI 50k(2011), SISDP-P2-LULC 10k(2018-2023) & India-WRIS"
      }
    },
    {
      "type": "Feature",
      "id": "LS_NAGALAND_2023.547",
      "geometry": {
        "type": "MultiPolygon",
        "coordinates": [
          [
            [
              [
                94.78101698,
                26.69972142
              ],
              [
                94.78101698,
                26.69988241
              ],
              [
                94.78119278,
                26.69988241
              ],
              [
                94.78119278,
                26.69972142
              ],
              [
                94.78101698,
                26.69972142
              ]
            ]
          ]
        ]
      },
      "geometry_name": "the_geom",
      "properties": {
        "Slide_No": "NL/LL/83J14/2023/27",
        "State": "NAGALAND",
        "District": "LONGLENG",
        "Topo_No": "83J14",
        "Latitude": 26.6998,
        "Longitude": 94.7811,
        "Length_m": 18.208,
        "Width_m": 12.899,
        "Height_m": 5.097076,
        "Area_Sqm": 192.322,
        "Activity": "Active",
        "Geomorpho": "Structural Origin - Moderately Dissected Hills and Valleys - Valley (Smdhv-v)",
        "Lithology": "Carbonaceous sandy shale, sandstone & coal seams (Barail Group) 0530), Eocene-Oligocene",
        "LULC": "Evergreen Open Forest",
        "Triggering": "Rainfall",
        "Year": "2023",
        "Basin": "Brahmaputra Basin",
        "Sub_Basin": "Brahmaputra Upper",
        "Source": "RESOURCESAT-2, 2A, 10m CARTODEM, NGLM 50k(2011-2012), Lithology-GSI 50k(2011), SISDP-P2-LULC 10k(2018-2023) & India-WRIS"
      }
    },
    {
      "type": "Feature",
      "id": "LS_NAGALAND_2023.550",
      "geometry": {
        "type": "MultiPolygon",
        "coordinates": [
          [
            [
              [
                94.94885635,
                26.69739229
              ],
              [
                94.94885635,
                26.69813628
              ],
              [
                94.94926334,
                26.69813628
              ],
              [
                94.94926334,
                26.69739229
              ],
              [
                94.94885635,
                26.69739229
              ]
            ]
          ]
        ]
      },
      "geometry_name": "the_geom",
      "properties": {
        "Slide_No": "NL/MN/83J14/2023/28",
        "State": "NAGALAND",
        "District": "MON",
        "Topo_No": "83J14",
        "Latitude": 26.6977,
        "Longitude": 94.9491,
        "Length_m": 85.881,
        "Width_m": 26.128,
        "Height_m": 17.195526123,
        "Area_Sqm": 1336.09,
        "Activity": "Active",
        "Geomorpho": "Structural Origin - Low Dissected Hills and Valleys (Sldhv)",
        "Lithology": "Shale, siltstone, greywacke rhythmite & sandstone (0594), Palaeocene-Eocene",
        "LULC": "Others - Shifting Cultivation",
        "Triggering": "Rainfall",
        "Year": "2023",
        "Basin": "Brahmaputra Basin",
        "Sub_Basin": "Brahmaputra Upper",
        "Source": "RESOURCESAT-2, 2A, 10m CARTODEM, NGLM 50k(2011-2012), Lithology-GSI 50k(2011), SISDP-P2-LULC 10k(2018-2023) & India-WRIS"
      }
    },
    {
      "type": "Feature",
      "id": "LS_NAGALAND_2023.551",
      "geometry": {
        "type": "MultiPolygon",
        "coordinates": [
          [
            [
              [
                94.98313875,
                26.42790707
              ],
              [
                94.98313875,
                26.42814664
              ],
              [
                94.98340416,
                26.42814664
              ],
              [
                94.98340416,
                26.42790707
              ],
              [
                94.98313875,
                26.42790707
              ]
            ]
          ]
        ]
      },
      "geometry_name": "the_geom",
      "properties": {
        "Slide_No": "NL/MN/83J15/2023/37",
        "State": "NAGALAND",
        "District": "MON",
        "Topo_No": "83J15",
        "Latitude": 26.428,
        "Longitude": 94.9833,
        "Length_m": 26.913,
        "Width_m": 23.995,
        "Height_m": 14.042603,
        "Area_Sqm": 506.102,
        "Activity": "Active",
        "Geomorpho": "Structural Origin - Moderately Dissected Hills and Valleys - Valley (Smdhv-v)",
        "Lithology": "Shale, siltstone, greywacke rhythmite & sandstone (0594), Palaeocene-Eocene",
        "LULC": "Semi- Evergreen Open Forest",
        "Triggering": "Rainfall",
        "Year": "2023",
        "Basin": "Brahmaputra Basin",
        "Sub_Basin": "Brahmaputra Upper",
        "Source": "RESOURCESAT-2, 2A, 10m CARTODEM, NGLM 50k(2011-2012), Lithology-GSI 50k(2011), SISDP-P2-LULC 10k(2018-2023) & India-WRIS"
      }
    },
    {
      "type": "Feature",
      "id": "LS_NAGALAND_2023.554",
      "geometry": {
        "type": "MultiPolygon",
        "coordinates": [
          [
            [
              [
                94.77903251,
                26.19272186
              ],
              [
                94.77903251,
                26.19294312
              ],
              [
                94.77954858,
                26.19294312
              ],
              [
                94.77954858,
                26.19272186
              ],
              [
                94.77903251,
                26.19272186
              ]
            ]
          ]
        ]
      },
      "geometry_name": "the_geom",
      "properties": {
        "Slide_No": "NL/TU/83J16/2023/27",
        "State": "NAGALAND",
        "District": "TUENSANG",
        "Topo_No": "83J16",
        "Latitude": 26.1928,
        "Longitude": 94.7793,
        "Length_m": 51.605,
        "Width_m": 22.771,
        "Height_m": 35.2005615234,
        "Area_Sqm": 886.844,
        "Activity": "Active",
        "Geomorpho": "Structural Origin - Moderately Dissected Hills and Valleys - Valley (Smdhv-v)",
        "Lithology": "Shale, siltstone, greywacke rhythmite & sandstone (0594), Palaeocene-Eocene",
        "LULC": "Others - Shifting Cultivation",
        "Triggering": "Rainfall",
        "Year": "2023",
        "Basin": "Minor rivers draining into Myanmar Basin",
        "Sub_Basin": "Imphal and others",
        "Source": "RESOURCESAT-2, 2A, 10m CARTODEM, NGLM 50k(2011-2012), Lithology-GSI 50k(2011), SISDP-P2-LULC 10k(2018-2023) & India-WRIS"
      }
    },
    {
      "type": "Feature",
      "id": "LS_NAGALAND_2023.555",
      "geometry": {
        "type": "MultiPolygon",
        "coordinates": [
          [
            [
              [
                94.78012138,
                26.20080176
              ],
              [
                94.78012138,
                26.20116208
              ],
              [
                94.78045247,
                26.20116208
              ],
              [
                94.78045247,
                26.20080176
              ],
              [
                94.78012138,
                26.20080176
              ]
            ]
          ]
        ]
      },
      "geometry_name": "the_geom",
      "properties": {
        "Slide_No": "NL/TU/83J16/2023/28",
        "State": "NAGALAND",
        "District": "TUENSANG",
        "Topo_No": "83J16",
        "Latitude": 26.201,
        "Longitude": 94.7803,
        "Length_m": 40.694,
        "Width_m": 25.089,
        "Height_m": 10.4605712891,
        "Area_Sqm": 810.384,
        "Activity": "Active",
        "Geomorpho": "Structural Origin - Moderately Dissected Hills and Valleys - Valley (Smdhv-v)",
        "Lithology": "Shale, siltstone, greywacke rhythmite & sandstone (0594), Palaeocene-Eocene",
        "LULC": "Others - Shifting Cultivation",
        "Triggering": "Rainfall",
        "Year": "2023",
        "Basin": "Minor rivers draining into Myanmar Basin",
        "Sub_Basin": "Imphal and others",
        "Source": "RESOURCESAT-2, 2A, 10m CARTODEM, NGLM 50k(2011-2012), Lithology-GSI 50k(2011), SISDP-P2-LULC 10k(2018-2023) & India-WRIS"
      }
    },
    {
      "type": "Feature",
      "id": "LS_NAGALAND_2023.556",
      "geometry": {
        "type": "MultiPolygon",
        "coordinates": [
          [
            [
              [
                94.71083482,
                26.18633885
              ],
              [
                94.71083482,
                26.18654513
              ],
              [
                94.71094476,
                26.18654513
              ],
              [
                94.71094476,
                26.18633885
              ],
              [
                94.71083482,
                26.18633885
              ]
            ]
          ]
        ]
      },
      "geometry_name": "the_geom",
      "properties": {
        "Slide_No": "NL/TU/83J12/2023/19",
        "State": "NAGALAND",
        "District": "TUENSANG",
        "Topo_No": "83J12",
        "Latitude": 26.1864,
        "Longitude": 94.7109,
        "Length_m": 23.254,
        "Width_m": 10.318,
        "Height_m": 9.27856445312,
        "Area_Sqm": 183.794,
        "Activity": "Active",
        "Geomorpho": "Structural Origin - Highly Dissected Hills and Valleys (Shdhv)",
        "Lithology": "Carbonaceous sandy shale, sandstone & coal seams (Barail Group) 0530), Eocene-Oligocene",
        "LULC": "Evergreen Open Forest",
        "Triggering": "Rainfall",
        "Year": "2023",
        "Basin": "Minor rivers draining into Myanmar Basin",
        "Sub_Basin": "Imphal and others",
        "Source": "RESOURCESAT-2, 2A, 10m CARTODEM, NGLM 50k(2011-2012), Lithology-GSI 50k(2011), SISDP-P2-LULC 10k(2018-2023) & India-WRIS"
      }
    },
    {
      "type": "Feature",
      "id": "LS_NAGALAND_2023.557",
      "geometry": {
        "type": "MultiPolygon",
        "coordinates": [
          [
            [
              [
                94.9251427,
                26.26932429
              ],
              [
                94.9251427,
                26.26952781
              ],
              [
                94.92536408,
                26.26952781
              ],
              [
                94.92536408,
                26.26932429
              ],
              [
                94.9251427,
                26.26932429
              ]
            ]
          ]
        ]
      },
      "geometry_name": "the_geom",
      "properties": {
        "Slide_No": "NL/TU/83J15/2023/38",
        "State": "NAGALAND",
        "District": "TUENSANG",
        "Topo_No": "83J15",
        "Latitude": 26.2694,
        "Longitude": 94.9252,
        "Length_m": 21.625,
        "Width_m": 19.288,
        "Height_m": 9.834351,
        "Area_Sqm": 318.494,
        "Activity": "Reactivated",
        "Geomorpho": "Structural Origin - Highly Dissected Hills and Valleys (Shdhv)",
        "Lithology": "Carbonaceous sandy shale, sandstone & coal seams (Barail Group) 0530), Eocene-Oligocene",
        "LULC": "Evergreen Closed Forest",
        "Triggering": "Rainfall",
        "Year": "2023",
        "Basin": "Brahmaputra Basin",
        "Sub_Basin": "Brahmaputra Upper",
        "Source": "RESOURCESAT-2, 2A, 10m CARTODEM, NGLM 50k(2011-2012), Lithology-GSI 50k(2011), SISDP-P2-LULC 10k(2018-2023) & India-WRIS"
      }
    },
    {
      "type": "Feature",
      "id": "LS_NAGALAND_2023.558",
      "geometry": {
        "type": "MultiPolygon",
        "coordinates": [
          [
            [
              [
                94.78861142,
                26.28234529
              ],
              [
                94.78861142,
                26.28252425
              ],
              [
                94.7888566,
                26.28252425
              ],
              [
                94.7888566,
                26.28234529
              ],
              [
                94.78861142,
                26.28234529
              ]
            ]
          ]
        ]
      },
      "geometry_name": "the_geom",
      "properties": {
        "Slide_No": "NL/TU/83J15/2023/39",
        "State": "NAGALAND",
        "District": "TUENSANG",
        "Topo_No": "83J15",
        "Latitude": 26.2824,
        "Longitude": 94.7887,
        "Length_m": 25.875,
        "Width_m": 16.324,
        "Height_m": 4.883301,
        "Area_Sqm": 333.24,
        "Activity": "Active",
        "Geomorpho": "Structural Origin - Highly Dissected Hills and Valleys (Shdhv)",
        "Lithology": "Shale, siltstone, greywacke rhythmite & sandstone (0594), Palaeocene-Eocene",
        "LULC": "Semi- Evergreen Open Forest",
        "Triggering": "Rainfall",
        "Year": "2023",
        "Basin": "Brahmaputra Basin",
        "Sub_Basin": "Brahmaputra Upper",
        "Source": "RESOURCESAT-2, 2A, 10m CARTODEM, NGLM 50k(2011-2012), Lithology-GSI 50k(2011), SISDP-P2-LULC 10k(2018-2023) & India-WRIS"
      }
    },
    {
      "type": "Feature",
      "id": "LS_NAGALAND_2023.559",
      "geometry": {
        "type": "MultiPolygon",
        "coordinates": [
          [
            [
              [
                94.38055269,
                26.12927619
              ],
              [
                94.38055269,
                26.12959091
              ],
              [
                94.38087361,
                26.12959091
              ],
              [
                94.38087361,
                26.12927619
              ],
              [
                94.38055269,
                26.12927619
              ]
            ]
          ]
        ]
      },
      "geometry_name": "the_geom",
      "properties": {
        "Slide_No": "NL/ZU/83J8/2023/68",
        "State": "NAGALAND",
        "District": "ZUNHEBOTO",
        "Topo_No": "83J8",
        "Latitude": 26.1294,
        "Longitude": 94.3807,
        "Length_m": 40.32,
        "Width_m": 19.713,
        "Height_m": 8.72442626953,
        "Area_Sqm": 622.518,
        "Activity": "Active",
        "Geomorpho": "Structural Origin - Moderately Dissected Hills and Valleys (Smdhv)",
        "Lithology": "Shale, greywacke with rythmite, slate & phyllite (0598), Palaeocene-Eocene",
        "LULC": "Evergreen Open Forest",
        "Triggering": "Rainfall",
        "Year": "2023",
        "Basin": "Brahmaputra Basin",
        "Sub_Basin": "Brahmaputra Upper",
        "Source": "RESOURCESAT-2, 2A, 10m CARTODEM, NGLM 50k(2011-2012), Lithology-GSI 50k(2011), SISDP-P2-LULC 10k(2018-2023) & India-WRIS"
      }
    },
    {
      "type": "Feature",
      "id": "LS_NAGALAND_2023.560",
      "geometry": {
        "type": "MultiPolygon",
        "coordinates": [
          [
            [
              [
                94.45177661,
                26.35559865
              ],
              [
                94.45177661,
                26.35586073
              ],
              [
                94.45194103,
                26.35586073
              ],
              [
                94.45194103,
                26.35559865
              ],
              [
                94.45177661,
                26.35559865
              ]
            ]
          ]
        ]
      },
      "geometry_name": "the_geom",
      "properties": {
        "Slide_No": "NL/MK/83J7/2023/5",
        "State": "NAGALAND",
        "District": "MOKOKCHUNG",
        "Topo_No": "83J7",
        "Latitude": 26.3557,
        "Longitude": 94.4519,
        "Length_m": 29.193,
        "Width_m": 15.822,
        "Height_m": 9.26452636719,
        "Area_Sqm": 359.062,
        "Activity": "Active",
        "Geomorpho": "Structural Origin - Highly Dissected Hills and Valleys (Shdhv)",
        "Lithology": "Flaggy sandstone with subordinate shale (Barail Group) 0541), Eocene-Oligocene",
        "LULC": "Evergreen Open Forest",
        "Triggering": "Rainfall",
        "Year": "2023",
        "Basin": "Brahmaputra Basin",
        "Sub_Basin": "Brahmaputra Upper",
        "Source": "RESOURCESAT-2, 2A, 10m CARTODEM, NGLM 50k(2011-2012), Lithology-GSI 50k(2011), SISDP-P2-LULC 10k(2018-2023) & India-WRIS"
      }
    },
    {
      "type": "Feature",
      "id": "LS_NAGALAND_2023.561",
      "geometry": {
        "type": "MultiPolygon",
        "coordinates": [
          [
            [
              [
                94.51153134,
                26.26617459
              ],
              [
                94.51153134,
                26.2663246
              ],
              [
                94.51169581,
                26.2663246
              ],
              [
                94.51169581,
                26.26617459
              ],
              [
                94.51153134,
                26.26617459
              ]
            ]
          ]
        ]
      },
      "geometry_name": "the_geom",
      "properties": {
        "Slide_No": "NL/MK/83J11/2023/24",
        "State": "NAGALAND",
        "District": "MOKOKCHUNG",
        "Topo_No": "83J11",
        "Latitude": 26.2662,
        "Longitude": 94.5116,
        "Length_m": 17.455,
        "Width_m": 14.332,
        "Height_m": 3.86352539062,
        "Area_Sqm": 200.42,
        "Activity": "Active",
        "Geomorpho": "Structural Origin - Moderately Dissected Hills and Valleys (Smdhv)",
        "Lithology": "Shale, siltstone, greywacke rhythmite & sandstone (0594), Palaeocene-Eocene",
        "LULC": "Evergreen Closed Forest",
        "Triggering": "Rainfall",
        "Year": "2023",
        "Basin": "Brahmaputra Basin",
        "Sub_Basin": "Brahmaputra Upper",
        "Source": "RESOURCESAT-2, 2A, 10m CARTODEM, NGLM 50k(2011-2012), Lithology-GSI 50k(2011), SISDP-P2-LULC 10k(2018-2023) & India-WRIS"
      }
    },
    {
      "type": "Feature",
      "id": "LS_NAGALAND_2023.562",
      "geometry": {
        "type": "MultiPolygon",
        "coordinates": [
          [
            [
              [
                94.5553011,
                26.30235336
              ],
              [
                94.5553011,
                26.3025329
              ],
              [
                94.55547068,
                26.3025329
              ],
              [
                94.55547068,
                26.30235336
              ],
              [
                94.5553011,
                26.30235336
              ]
            ]
          ]
        ]
      },
      "geometry_name": "the_geom",
      "properties": {
        "Slide_No": "NL/MK/83J11/2023/25",
        "State": "NAGALAND",
        "District": "MOKOKCHUNG",
        "Topo_No": "83J11",
        "Latitude": 26.3024,
        "Longitude": 94.5554,
        "Length_m": 21.675,
        "Width_m": 14.887,
        "Height_m": 5.515014,
        "Area_Sqm": 242.022,
        "Activity": "Active",
        "Geomorpho": "Structural Origin - Moderately Dissected Hills and Valleys (Smdhv)",
        "Lithology": "Shale, siltstone, greywacke rhythmite & sandstone (0594), Palaeocene-Eocene",
        "LULC": "Evergreen Open Forest",
        "Triggering": "Rainfall",
        "Year": "2023",
        "Basin": "Brahmaputra Basin",
        "Sub_Basin": "Brahmaputra Upper",
        "Source": "RESOURCESAT-2, 2A, 10m CARTODEM, NGLM 50k(2011-2012), Lithology-GSI 50k(2011), SISDP-P2-LULC 10k(2018-2023) & India-WRIS"
      }
    },
    {
      "type": "Feature",
      "id": "LS_NAGALAND_2023.563",
      "geometry": {
        "type": "MultiPolygon",
        "coordinates": [
          [
            [
              [
                94.47348127,
                26.17840614
              ],
              [
                94.47348127,
                26.17861918
              ],
              [
                94.47358153,
                26.17861918
              ],
              [
                94.47358153,
                26.17840614
              ],
              [
                94.47348127,
                26.17840614
              ]
            ]
          ]
        ]
      },
      "geometry_name": "the_geom",
      "properties": {
        "Slide_No": "NL/ZU/83J8/2023/69",
        "State": "NAGALAND",
        "District": "ZUNHEBOTO",
        "Topo_No": "83J8",
        "Latitude": 26.1785,
        "Longitude": 94.4735,
        "Length_m": 23.574,
        "Width_m": 9.985,
        "Height_m": 7.32214355469,
        "Area_Sqm": 194.184,
        "Activity": "Active",
        "Geomorpho": "Structural Origin - Moderately Dissected Hills and Valleys (Smdhv)",
        "Lithology": "Shale, siltstone, greywacke rhythmite & sandstone (0594), Palaeocene-Eocene",
        "LULC": "Evergreen Open Forest",
        "Triggering": "Rainfall",
        "Year": "2023",
        "Basin": "Brahmaputra Basin",
        "Sub_Basin": "Brahmaputra Upper",
        "Source": "RESOURCESAT-2, 2A, 10m CARTODEM, NGLM 50k(2011-2012), Lithology-GSI 50k(2011), SISDP-P2-LULC 10k(2018-2023) & India-WRIS"
      }
    },
    {
      "type": "Feature",
      "id": "LS_NAGALAND_2023.564",
      "geometry": {
        "type": "MultiPolygon",
        "coordinates": [
          [
            [
              [
                94.61452306,
                26.15599145
              ],
              [
                94.61452306,
                26.15635804
              ],
              [
                94.61471059,
                26.15635804
              ],
              [
                94.61471059,
                26.15599145
              ],
              [
                94.61452306,
                26.15599145
              ]
            ]
          ]
        ]
      },
      "geometry_name": "the_geom",
      "properties": {
        "Slide_No": "NL/ZU/83J12/2023/20",
        "State": "NAGALAND",
        "District": "ZUNHEBOTO",
        "Topo_No": "83J12",
        "Latitude": 26.1562,
        "Longitude": 94.6146,
        "Length_m": 41.571,
        "Width_m": 15.648,
        "Height_m": 18.8491210938,
        "Area_Sqm": 312.684,
        "Activity": "Reactivated",
        "Geomorpho": "Structural Origin - Moderately Dissected Hills and Valleys (Smdhv)",
        "Lithology": "Flaggy sandstone with subordinate shale (Barail Group) 0541), Eocene-Oligocene",
        "LULC": "Evergreen Open Forest",
        "Triggering": "Rainfall",
        "Year": "2023",
        "Basin": "Minor rivers draining into Myanmar Basin",
        "Sub_Basin": "Imphal and others",
        "Source": "RESOURCESAT-2, 2A, 10m CARTODEM, NGLM 50k(2011-2012), Lithology-GSI 50k(2011), SISDP-P2-LULC 10k(2018-2023) & India-WRIS"
      }
    },
    {
      "type": "Feature",
      "id": "LS_NAGALAND_2023.565",
      "geometry": {
        "type": "MultiPolygon",
        "coordinates": [
          [
            [
              [
                94.89661956,
                26.36128385
              ],
              [
                94.89661956,
                26.36160913
              ],
              [
                94.89676315,
                26.36160913
              ],
              [
                94.89676315,
                26.36128385
              ],
              [
                94.89661956,
                26.36128385
              ]
            ]
          ]
        ]
      },
      "geometry_name": "the_geom",
      "properties": {
        "Slide_No": "NL/TU/83J15/2023/40",
        "State": "NAGALAND",
        "District": "TUENSANG",
        "Topo_No": "83J15",
        "Latitude": 26.3614,
        "Longitude": 94.8967,
        "Length_m": 36.311,
        "Width_m": 13.608,
        "Height_m": 7.37060546875,
        "Area_Sqm": 418.748,
        "Activity": "Active",
        "Geomorpho": "Structural Origin - Moderately Dissected Hills and Valleys (Smdhv)",
        "Lithology": "Shale, siltstone, greywacke rhythmite & sandstone (0594), Palaeocene-Eocene",
        "LULC": "Evergreen Open Forest",
        "Triggering": "Rainfall",
        "Year": "2023",
        "Basin": "Brahmaputra Basin",
        "Sub_Basin": "Brahmaputra Upper",
        "Source": "RESOURCESAT-2, 2A, 10m CARTODEM, NGLM 50k(2011-2012), Lithology-GSI 50k(2011), SISDP-P2-LULC 10k(2018-2023) & India-WRIS"
      }
    },
    {
      "type": "Feature",
      "id": "LS_NAGALAND_2023.566",
      "geometry": {
        "type": "MultiPolygon",
        "coordinates": [
          [
            [
              [
                94.89843321,
                26.35995847
              ],
              [
                94.89843321,
                26.36049249
              ],
              [
                94.8988912,
                26.36049249
              ],
              [
                94.8988912,
                26.35995847
              ],
              [
                94.89843321,
                26.35995847
              ]
            ]
          ]
        ]
      },
      "geometry_name": "the_geom",
      "properties": {
        "Slide_No": "NL/TU/83J15/2023/41",
        "State": "NAGALAND",
        "District": "TUENSANG",
        "Topo_No": "83J15",
        "Latitude": 26.3602,
        "Longitude": 94.8987,
        "Length_m": 55.197,
        "Width_m": 43.378,
        "Height_m": 21.9094848633,
        "Area_Sqm": 1776.85,
        "Activity": "Active",
        "Geomorpho": "Structural Origin - Moderately Dissected Hills and Valleys (Smdhv)",
        "Lithology": "Shale, siltstone, greywacke rhythmite & sandstone (0594), Palaeocene-Eocene",
        "LULC": "Evergreen Open Forest",
        "Triggering": "Rainfall",
        "Year": "2023",
        "Basin": "Brahmaputra Basin",
        "Sub_Basin": "Brahmaputra Upper",
        "Source": "RESOURCESAT-2, 2A, 10m CARTODEM, NGLM 50k(2011-2012), Lithology-GSI 50k(2011), SISDP-P2-LULC 10k(2018-2023) & India-WRIS"
      }
    },
    {
      "type": "Feature",
      "id": "LS_NAGALAND_2023.567",
      "geometry": {
        "type": "MultiPolygon",
        "coordinates": [
          [
            [
              [
                94.8956223,
                26.35065716
              ],
              [
                94.8956223,
                26.35116348
              ],
              [
                94.89654877,
                26.35116348
              ],
              [
                94.89654877,
                26.35065716
              ],
              [
                94.8956223,
                26.35065716
              ]
            ]
          ]
        ]
      },
      "geometry_name": "the_geom",
      "properties": {
        "Slide_No": "NL/TU/83J15/2023/42",
        "State": "NAGALAND",
        "District": "TUENSANG",
        "Topo_No": "83J15",
        "Latitude": 26.3509,
        "Longitude": 94.8961,
        "Length_m": 98.145,
        "Width_m": 31.583,
        "Height_m": 36.8642883301,
        "Area_Sqm": 2025.93,
        "Activity": "Active",
        "Geomorpho": "Structural Origin - Moderately Dissected Hills and Valleys (Smdhv)",
        "Lithology": "Shale, siltstone, greywacke rhythmite & sandstone (0594), Palaeocene-Eocene",
        "LULC": "Agriculture - Crop Land",
        "Triggering": "Rainfall",
        "Year": "2023",
        "Basin": "Brahmaputra Basin",
        "Sub_Basin": "Brahmaputra Upper",
        "Source": "RESOURCESAT-2, 2A, 10m CARTODEM, NGLM 50k(2011-2012), Lithology-GSI 50k(2011), SISDP-P2-LULC 10k(2018-2023) & India-WRIS"
      }
    },
    {
      "type": "Feature",
      "id": "LS_NAGALAND_2023.568",
      "geometry": {
        "type": "MultiPolygon",
        "coordinates": [
          [
            [
              [
                94.89676811,
                26.3512666
              ],
              [
                94.89676811,
                26.35148486
              ],
              [
                94.89702129,
                26.35148486
              ],
              [
                94.89702129,
                26.3512666
              ],
              [
                94.89676811,
                26.3512666
              ]
            ]
          ]
        ]
      },
      "geometry_name": "the_geom",
      "properties": {
        "Slide_No": "NL/TU/83J15/2023/43",
        "State": "NAGALAND",
        "District": "TUENSANG",
        "Topo_No": "83J15",
        "Latitude": 26.3514,
        "Longitude": 94.8969,
        "Length_m": 25.175,
        "Width_m": 22.674,
        "Height_m": 3.780273,
        "Area_Sqm": 442.573,
        "Activity": "Active",
        "Geomorpho": "Structural Origin - Moderately Dissected Hills and Valleys (Smdhv)",
        "Lithology": "Shale, siltstone, greywacke rhythmite & sandstone (0594), Palaeocene-Eocene",
        "LULC": "Evergreen Open Forest",
        "Triggering": "Rainfall",
        "Year": "2023",
        "Basin": "Brahmaputra Basin",
        "Sub_Basin": "Brahmaputra Upper",
        "Source": "RESOURCESAT-2, 2A, 10m CARTODEM, NGLM 50k(2011-2012), Lithology-GSI 50k(2011), SISDP-P2-LULC 10k(2018-2023) & India-WRIS"
      }
    },
    {
      "type": "Feature",
      "id": "LS_NAGALAND_2023.569",
      "geometry": {
        "type": "MultiPolygon",
        "coordinates": [
          [
            [
              [
                94.90930412,
                26.37161958
              ],
              [
                94.90930412,
                26.3724659
              ],
              [
                94.90985729,
                26.3724659
              ],
              [
                94.90985729,
                26.37161958
              ],
              [
                94.90930412,
                26.37161958
              ]
            ]
          ]
        ]
      },
      "geometry_name": "the_geom",
      "properties": {
        "Slide_No": "NL/TU/83J15/2023/44",
        "State": "NAGALAND",
        "District": "TUENSANG",
        "Topo_No": "83J15",
        "Latitude": 26.3721,
        "Longitude": 94.9096,
        "Length_m": 97.533,
        "Width_m": 50.466,
        "Height_m": 36.9301452637,
        "Area_Sqm": 2119.7,
        "Activity": "Active",
        "Geomorpho": "Structural Origin - Moderately Dissected Hills and Valleys - Valley (Smdhv-v)",
        "Lithology": "Shale, siltstone, greywacke rhythmite & sandstone (0594), Palaeocene-Eocene",
        "LULC": "Evergreen Open Forest",
        "Triggering": "Rainfall",
        "Year": "2023",
        "Basin": "Brahmaputra Basin",
        "Sub_Basin": "Brahmaputra Upper",
        "Source": "RESOURCESAT-2, 2A, 10m CARTODEM, NGLM 50k(2011-2012), Lithology-GSI 50k(2011), SISDP-P2-LULC 10k(2018-2023) & India-WRIS"
      }
    },
    {
      "type": "Feature",
      "id": "LS_NAGALAND_2023.570",
      "geometry": {
        "type": "MultiPolygon",
        "coordinates": [
          [
            [
              [
                94.90918352,
                26.37121507
              ],
              [
                94.90918352,
                26.37149797
              ],
              [
                94.9094294,
                26.37149797
              ],
              [
                94.9094294,
                26.37121507
              ],
              [
                94.90918352,
                26.37121507
              ]
            ]
          ]
        ]
      },
      "geometry_name": "the_geom",
      "properties": {
        "Slide_No": "NL/TU/83J15/2023/45",
        "State": "NAGALAND",
        "District": "TUENSANG",
        "Topo_No": "83J15",
        "Latitude": 26.3714,
        "Longitude": 94.9093,
        "Length_m": 29.527,
        "Width_m": 23.895,
        "Height_m": 17.2725524902,
        "Area_Sqm": 557.033,
        "Activity": "Active",
        "Geomorpho": "Structural Origin - Moderately Dissected Hills and Valleys - Valley (Smdhv-v)",
        "Lithology": "Shale, siltstone, greywacke rhythmite & sandstone (0594), Palaeocene-Eocene",
        "LULC": "Evergreen Open Forest",
        "Triggering": "Rainfall",
        "Year": "2023",
        "Basin": "Brahmaputra Basin",
        "Sub_Basin": "Brahmaputra Upper",
        "Source": "RESOURCESAT-2, 2A, 10m CARTODEM, NGLM 50k(2011-2012), Lithology-GSI 50k(2011), SISDP-P2-LULC 10k(2018-2023) & India-WRIS"
      }
    },
    {
      "type": "Feature",
      "id": "LS_NAGALAND_2023.571",
      "geometry": {
        "type": "MultiPolygon",
        "coordinates": [
          [
            [
              [
                94.85860279,
                26.34220377
              ],
              [
                94.85860279,
                26.34264111
              ],
              [
                94.85893186,
                26.34264111
              ],
              [
                94.85893186,
                26.34220377
              ],
              [
                94.85860279,
                26.34220377
              ]
            ]
          ]
        ]
      },
      "geometry_name": "the_geom",
      "properties": {
        "Slide_No": "NL/TU/83J15/2023/46",
        "State": "NAGALAND",
        "District": "TUENSANG",
        "Topo_No": "83J15",
        "Latitude": 26.3424,
        "Longitude": 94.8588,
        "Length_m": 47.626,
        "Width_m": 28.713,
        "Height_m": 26.1507568359,
        "Area_Sqm": 1046.6,
        "Activity": "Reactivated",
        "Geomorpho": "Structural Origin - Moderately Dissected Hills and Valleys (Smdhv)",
        "Lithology": "Shale, siltstone, greywacke rhythmite & sandstone (0594), Palaeocene-Eocene",
        "LULC": "Others - Shifting Cultivation",
        "Triggering": "Rainfall",
        "Year": "2023",
        "Basin": "Brahmaputra Basin",
        "Sub_Basin": "Brahmaputra Upper",
        "Source": "RESOURCESAT-2, 2A, 10m CARTODEM, NGLM 50k(2011-2012), Lithology-GSI 50k(2011), SISDP-P2-LULC 10k(2018-2023) & India-WRIS"
      }
    },
    {
      "type": "Feature",
      "id": "LS_NAGALAND_2023.572",
      "geometry": {
        "type": "MultiPolygon",
        "coordinates": [
          [
            [
              [
                94.85225288,
                26.30246626
              ],
              [
                94.85225288,
                26.30308989
              ],
              [
                94.85275917,
                26.30308989
              ],
              [
                94.85275917,
                26.30246626
              ],
              [
                94.85225288,
                26.30246626
              ]
            ]
          ]
        ]
      },
      "geometry_name": "the_geom",
      "properties": {
        "Slide_No": "NL/TU/83J15/2023/47",
        "State": "NAGALAND",
        "District": "TUENSANG",
        "Topo_No": "83J15",
        "Latitude": 26.3028,
        "Longitude": 94.8525,
        "Length_m": 70.838,
        "Width_m": 40.462,
        "Height_m": 44.7388305664,
        "Area_Sqm": 1801.59,
        "Activity": "Reactivated",
        "Geomorpho": "Structural Origin - Moderately Dissected Hills and Valleys (Smdhv)",
        "Lithology": "Shale, siltstone, greywacke rhythmite & sandstone (0594), Palaeocene-Eocene",
        "LULC": "Others - Shifting Cultivation",
        "Triggering": "Rainfall",
        "Year": "2023",
        "Basin": "Brahmaputra Basin",
        "Sub_Basin": "Brahmaputra Upper",
        "Source": "RESOURCESAT-2, 2A, 10m CARTODEM, NGLM 50k(2011-2012), Lithology-GSI 50k(2011), SISDP-P2-LULC 10k(2018-2023) & India-WRIS"
      }
    },
    {
      "type": "Feature",
      "id": "LS_NAGALAND_2023.573",
      "geometry": {
        "type": "MultiPolygon",
        "coordinates": [
          [
            [
              [
                94.84421399,
                26.30156873
              ],
              [
                94.84421399,
                26.30183635
              ],
              [
                94.84477272,
                26.30183635
              ],
              [
                94.84477272,
                26.30156873
              ],
              [
                94.84421399,
                26.30156873
              ]
            ]
          ]
        ]
      },
      "geometry_name": "the_geom",
      "properties": {
        "Slide_No": "NL/TU/83J15/2023/48",
        "State": "NAGALAND",
        "District": "TUENSANG",
        "Topo_No": "83J15",
        "Latitude": 26.3017,
        "Longitude": 94.8445,
        "Length_m": 56.215,
        "Width_m": 28.231,
        "Height_m": 9.25964355469,
        "Area_Sqm": 1031.02,
        "Activity": "Active",
        "Geomorpho": "Structural Origin - Moderately Dissected Hills and Valleys (Smdhv)",
        "Lithology": "Shale, siltstone, greywacke rhythmite & sandstone (0594), Palaeocene-Eocene",
        "LULC": "Others - Shifting Cultivation",
        "Triggering": "Rainfall",
        "Year": "2023",
        "Basin": "Brahmaputra Basin",
        "Sub_Basin": "Brahmaputra Upper",
        "Source": "RESOURCESAT-2, 2A, 10m CARTODEM, NGLM 50k(2011-2012), Lithology-GSI 50k(2011), SISDP-P2-LULC 10k(2018-2023) & India-WRIS"
      }
    },
    {
      "type": "Feature",
      "id": "LS_NAGALAND_2023.574",
      "geometry": {
        "type": "MultiPolygon",
        "coordinates": [
          [
            [
              [
                94.84552381,
                26.30279265
              ],
              [
                94.84552381,
                26.30299837
              ],
              [
                94.84569866,
                26.30299837
              ],
              [
                94.84569866,
                26.30279265
              ],
              [
                94.84552381,
                26.30279265
              ]
            ]
          ]
        ]
      },
      "geometry_name": "the_geom",
      "properties": {
        "Slide_No": "NL/TU/83J15/2023/49",
        "State": "NAGALAND",
        "District": "TUENSANG",
        "Topo_No": "83J15",
        "Latitude": 26.3029,
        "Longitude": 94.8456,
        "Length_m": 19.981,
        "Width_m": 16.981,
        "Height_m": 11.1826171875,
        "Area_Sqm": 242.334,
        "Activity": "Reactivated",
        "Geomorpho": "Structural Origin - Moderately Dissected Hills and Valleys (Smdhv)",
        "Lithology": "Shale, siltstone, greywacke rhythmite & sandstone (0594), Palaeocene-Eocene",
        "LULC": "Others - Shifting Cultivation",
        "Triggering": "Rainfall",
        "Year": "2023",
        "Basin": "Brahmaputra Basin",
        "Sub_Basin": "Brahmaputra Upper",
        "Source": "RESOURCESAT-2, 2A, 10m CARTODEM, NGLM 50k(2011-2012), Lithology-GSI 50k(2011), SISDP-P2-LULC 10k(2018-2023) & India-WRIS"
      }
    },
    {
      "type": "Feature",
      "id": "LS_NAGALAND_2023.575",
      "geometry": {
        "type": "MultiPolygon",
        "coordinates": [
          [
            [
              [
                94.84551116,
                26.29542487
              ],
              [
                94.84551116,
                26.29556468
              ],
              [
                94.84565542,
                26.29556468
              ],
              [
                94.84565542,
                26.29542487
              ],
              [
                94.84551116,
                26.29542487
              ]
            ]
          ]
        ]
      },
      "geometry_name": "the_geom",
      "properties": {
        "Slide_No": "NL/TU/83J15/2023/50",
        "State": "NAGALAND",
        "District": "TUENSANG",
        "Topo_No": "83J15",
        "Latitude": 26.2955,
        "Longitude": 94.8456,
        "Length_m": 15.515,
        "Width_m": 14.333,
        "Height_m": 4.294433,
        "Area_Sqm": 177.411,
        "Activity": "Active",
        "Geomorpho": "Structural Origin - Moderately Dissected Hills and Valleys - Valley (Smdhv-v)",
        "Lithology": "Shale, siltstone, greywacke rhythmite & sandstone (0594), Palaeocene-Eocene",
        "LULC": "Others - Shifting Cultivation",
        "Triggering": "Rainfall",
        "Year": "2023",
        "Basin": "Brahmaputra Basin",
        "Sub_Basin": "Brahmaputra Upper",
        "Source": "RESOURCESAT-2, 2A, 10m CARTODEM, NGLM 50k(2011-2012), Lithology-GSI 50k(2011), SISDP-P2-LULC 10k(2018-2023) & India-WRIS"
      }
    },
    {
      "type": "Feature",
      "id": "LS_NAGALAND_2023.576",
      "geometry": {
        "type": "MultiPolygon",
        "coordinates": [
          [
            [
              [
                94.84733927,
                26.29814217
              ],
              [
                94.84733927,
                26.2982978
              ],
              [
                94.84749129,
                26.2982978
              ],
              [
                94.84749129,
                26.29814217
              ],
              [
                94.84733927,
                26.29814217
              ]
            ]
          ]
        ]
      },
      "geometry_name": "the_geom",
      "properties": {
        "Slide_No": "NL/TU/83J15/2023/51",
        "State": "NAGALAND",
        "District": "TUENSANG",
        "Topo_No": "83J15",
        "Latitude": 26.2982,
        "Longitude": 94.8474,
        "Length_m": 17.343,
        "Width_m": 15.004,
        "Height_m": 4.36047363281,
        "Area_Sqm": 224.919,
        "Activity": "Active",
        "Geomorpho": "Structural Origin - Moderately Dissected Hills and Valleys - Valley (Smdhv-v)",
        "Lithology": "Shale, siltstone, greywacke rhythmite & sandstone (0594), Palaeocene-Eocene",
        "LULC": "Others - Shifting Cultivation",
        "Triggering": "Rainfall",
        "Year": "2023",
        "Basin": "Brahmaputra Basin",
        "Sub_Basin": "Brahmaputra Upper",
        "Source": "RESOURCESAT-2, 2A, 10m CARTODEM, NGLM 50k(2011-2012), Lithology-GSI 50k(2011), SISDP-P2-LULC 10k(2018-2023) & India-WRIS"
      }
    },
    {
      "type": "Feature",
      "id": "LS_NAGALAND_2023.577",
      "geometry": {
        "type": "MultiPolygon",
        "coordinates": [
          [
            [
              [
                94.88251709,
                26.33858283
              ],
              [
                94.88251709,
                26.33915339
              ],
              [
                94.88306135,
                26.33915339
              ],
              [
                94.88306135,
                26.33858283
              ],
              [
                94.88251709,
                26.33858283
              ]
            ]
          ]
        ]
      },
      "geometry_name": "the_geom",
      "properties": {
        "Slide_No": "NL/TU/83J15/2023/52",
        "State": "NAGALAND",
        "District": "TUENSANG",
        "Topo_No": "83J15",
        "Latitude": 26.3389,
        "Longitude": 94.8828,
        "Length_m": 65.389,
        "Width_m": 36.369,
        "Height_m": 28.2399291992,
        "Area_Sqm": 1471.02,
        "Activity": "Active",
        "Geomorpho": "Structural Origin - Moderately Dissected Hills and Valleys (Smdhv)",
        "Lithology": "Shale, siltstone, greywacke rhythmite & sandstone (0594), Palaeocene-Eocene",
        "LULC": "Evergreen Open Forest",
        "Triggering": "Rainfall",
        "Year": "2023",
        "Basin": "Brahmaputra Basin",
        "Sub_Basin": "Brahmaputra Upper",
        "Source": "RESOURCESAT-2, 2A, 10m CARTODEM, NGLM 50k(2011-2012), Lithology-GSI 50k(2011), SISDP-P2-LULC 10k(2018-2023) & India-WRIS"
      }
    },
    {
      "type": "Feature",
      "id": "LS_NAGALAND_2023.578",
      "geometry": {
        "type": "MultiPolygon",
        "coordinates": [
          [
            [
              [
                94.88186994,
                26.34022125
              ],
              [
                94.88186994,
                26.34047658
              ],
              [
                94.8822901,
                26.34047658
              ],
              [
                94.8822901,
                26.34022125
              ],
              [
                94.88186994,
                26.34022125
              ]
            ]
          ]
        ]
      },
      "geometry_name": "the_geom",
      "properties": {
        "Slide_No": "NL/TU/83J15/2023/53",
        "State": "NAGALAND",
        "District": "TUENSANG",
        "Topo_No": "83J15",
        "Latitude": 26.3403,
        "Longitude": 94.8821,
        "Length_m": 47.356,
        "Width_m": 17.881,
        "Height_m": 23.1710205078,
        "Area_Sqm": 596.988,
        "Activity": "Active",
        "Geomorpho": "Structural Origin - Moderately Dissected Hills and Valleys (Smdhv)",
        "Lithology": "Shale, siltstone, greywacke rhythmite & sandstone (0594), Palaeocene-Eocene",
        "LULC": "Evergreen Open Forest",
        "Triggering": "Rainfall",
        "Year": "2023",
        "Basin": "Brahmaputra Basin",
        "Sub_Basin": "Brahmaputra Upper",
        "Source": "RESOURCESAT-2, 2A, 10m CARTODEM, NGLM 50k(2011-2012), Lithology-GSI 50k(2011), SISDP-P2-LULC 10k(2018-2023) & India-WRIS"
      }
    },
    {
      "type": "Feature",
      "id": "LS_NAGALAND_2023.579",
      "geometry": {
        "type": "MultiPolygon",
        "coordinates": [
          [
            [
              [
                94.88865942,
                26.33821838
              ],
              [
                94.88865942,
                26.33838045
              ],
              [
                94.88880481,
                26.33838045
              ],
              [
                94.88880481,
                26.33821838
              ],
              [
                94.88865942,
                26.33821838
              ]
            ]
          ]
        ]
      },
      "geometry_name": "the_geom",
      "properties": {
        "Slide_No": "NL/TU/83J15/2023/54",
        "State": "NAGALAND",
        "District": "TUENSANG",
        "Topo_No": "83J15",
        "Latitude": 26.3383,
        "Longitude": 94.8887,
        "Length_m": 16.261,
        "Width_m": 15.257,
        "Height_m": 6.03961181641,
        "Area_Sqm": 198.234,
        "Activity": "Active",
        "Geomorpho": "Structural Origin - Moderately Dissected Hills and Valleys - Valley (Smdhv-v)",
        "Lithology": "Shale, siltstone, greywacke rhythmite & sandstone (0594), Palaeocene-Eocene",
        "LULC": "Evergreen Open Forest",
        "Triggering": "Rainfall",
        "Year": "2023",
        "Basin": "Brahmaputra Basin",
        "Sub_Basin": "Brahmaputra Upper",
        "Source": "RESOURCESAT-2, 2A, 10m CARTODEM, NGLM 50k(2011-2012), Lithology-GSI 50k(2011), SISDP-P2-LULC 10k(2018-2023) & India-WRIS"
      }
    },
    {
      "type": "Feature",
      "id": "LS_NAGALAND_2023.580",
      "geometry": {
        "type": "MultiPolygon",
        "coordinates": [
          [
            [
              [
                94.74728419,
                26.25442562
              ],
              [
                94.74728419,
                26.25461121
              ],
              [
                94.74745713,
                26.25461121
              ],
              [
                94.74745713,
                26.25442562
              ],
              [
                94.74728419,
                26.25442562
              ]
            ]
          ]
        ]
      },
      "geometry_name": "the_geom",
      "properties": {
        "Slide_No": "NL/TU/83J15/2023/55",
        "State": "NAGALAND",
        "District": "TUENSANG",
        "Topo_No": "83J15",
        "Latitude": 26.2545,
        "Longitude": 94.7474,
        "Length_m": 22.718,
        "Width_m": 14.968,
        "Height_m": 6.32507324219,
        "Area_Sqm": 258.338,
        "Activity": "Active",
        "Geomorpho": "Structural Origin - Highly Dissected Hills and Valleys (Shdhv)",
        "Lithology": "Shale, siltstone, greywacke rhythmite & sandstone (0594), Palaeocene-Eocene",
        "LULC": "Others - Shifting Cultivation",
        "Triggering": "Rainfall",
        "Year": "2023",
        "Basin": "Brahmaputra Basin",
        "Sub_Basin": "Brahmaputra Upper",
        "Source": "RESOURCESAT-2, 2A, 10m CARTODEM, NGLM 50k(2011-2012), Lithology-GSI 50k(2011), SISDP-P2-LULC 10k(2018-2023) & India-WRIS"
      }
    },
    {
      "type": "Feature",
      "id": "LS_NAGALAND_2023.581",
      "geometry": {
        "type": "MultiPolygon",
        "coordinates": [
          [
            [
              [
                94.78701889,
                26.30667019
              ],
              [
                94.78701889,
                26.30714695
              ],
              [
                94.78724707,
                26.30714695
              ],
              [
                94.78724707,
                26.30667019
              ],
              [
                94.78701889,
                26.30667019
              ]
            ]
          ]
        ]
      },
      "geometry_name": "the_geom",
      "properties": {
        "Slide_No": "NL/TU/83J15/2023/56",
        "State": "NAGALAND",
        "District": "TUENSANG",
        "Topo_No": "83J15",
        "Latitude": 26.3069,
        "Longitude": 94.7871,
        "Length_m": 53.195,
        "Width_m": 21.112,
        "Height_m": 20.6110839844,
        "Area_Sqm": 725.958,
        "Activity": "Active",
        "Geomorpho": "Structural Origin - Highly Dissected Hills and Valleys (Shdhv)",
        "Lithology": "Shale, siltstone, greywacke rhythmite & sandstone (0594), Palaeocene-Eocene",
        "LULC": "Evergreen Open Forest",
        "Triggering": "Rainfall",
        "Year": "2023",
        "Basin": "Brahmaputra Basin",
        "Sub_Basin": "Brahmaputra Upper",
        "Source": "RESOURCESAT-2, 2A, 10m CARTODEM, NGLM 50k(2011-2012), Lithology-GSI 50k(2011), SISDP-P2-LULC 10k(2018-2023) & India-WRIS"
      }
    },
    {
      "type": "Feature",
      "id": "LS_NAGALAND_2023.582",
      "geometry": {
        "type": "MultiPolygon",
        "coordinates": [
          [
            [
              [
                94.77000761,
                26.35267891
              ],
              [
                94.77000761,
                26.35374421
              ],
              [
                94.77176844,
                26.35374421
              ],
              [
                94.77176844,
                26.35267891
              ],
              [
                94.77000761,
                26.35267891
              ]
            ]
          ]
        ]
      },
      "geometry_name": "the_geom",
      "properties": {
        "Slide_No": "NL/TU/83J15/2023/57",
        "State": "NAGALAND",
        "District": "TUENSANG",
        "Topo_No": "83J15",
        "Latitude": 26.3533,
        "Longitude": 94.7709,
        "Length_m": 189.854,
        "Width_m": 72.171,
        "Height_m": 142.949584961,
        "Area_Sqm": 8976.77,
        "Activity": "Active",
        "Geomorpho": "Structural Origin - Highly Dissected Hills and Valleys (Shdhv)",
        "Lithology": "Shale, siltstone, greywacke rhythmite & sandstone (0594), Palaeocene-Eocene",
        "LULC": "Semi- Evergreen Open Forest",
        "Triggering": "Rainfall",
        "Year": "2023",
        "Basin": "Brahmaputra Basin",
        "Sub_Basin": "Brahmaputra Upper",
        "Source": "RESOURCESAT-2, 2A, 10m CARTODEM, NGLM 50k(2011-2012), Lithology-GSI 50k(2011), SISDP-P2-LULC 10k(2018-2023) & India-WRIS"
      }
    },
    {
      "type": "Feature",
      "id": "LS_NAGALAND_2023.583",
      "geometry": {
        "type": "MultiPolygon",
        "coordinates": [
          [
            [
              [
                94.74335208,
                26.48795304
              ],
              [
                94.74335208,
                26.48813325
              ],
              [
                94.7435365,
                26.48813325
              ],
              [
                94.7435365,
                26.48795304
              ],
              [
                94.74335208,
                26.48795304
              ]
            ]
          ]
        ]
      },
      "geometry_name": "the_geom",
      "properties": {
        "Slide_No": "NL/LL/83J15/2023/58",
        "State": "NAGALAND",
        "District": "LONGLENG",
        "Topo_No": "83J15",
        "Latitude": 26.488,
        "Longitude": 94.7434,
        "Length_m": 22.949,
        "Width_m": 14.525,
        "Height_m": 3.25588989258,
        "Area_Sqm": 257.201,
        "Activity": "Active",
        "Geomorpho": "Structural Origin - Highly Dissected Hills and Valleys (Shdhv)",
        "Lithology": "Shale, siltstone, greywacke rhythmite & sandstone (0594), Palaeocene-Eocene",
        "LULC": "Evergreen Closed Forest",
        "Triggering": "Rainfall",
        "Year": "2023",
        "Basin": "Brahmaputra Basin",
        "Sub_Basin": "Brahmaputra Upper",
        "Source": "RESOURCESAT-2, 2A, 10m CARTODEM, NGLM 50k(2011-2012), Lithology-GSI 50k(2011), SISDP-P2-LULC 10k(2018-2023) & India-WRIS"
      }
    },
    {
      "type": "Feature",
      "id": "LS_NAGALAND_2023.584",
      "geometry": {
        "type": "MultiPolygon",
        "coordinates": [
          [
            [
              [
                94.89970929,
                26.4853332
              ],
              [
                94.89970929,
                26.48567788
              ],
              [
                94.89989563,
                26.48567788
              ],
              [
                94.89989563,
                26.4853332
              ],
              [
                94.89970929,
                26.4853332
              ]
            ]
          ]
        ]
      },
      "geometry_name": "the_geom",
      "properties": {
        "Slide_No": "NL/MN/83J15/2023/59",
        "State": "NAGALAND",
        "District": "MON",
        "Topo_No": "83J15",
        "Latitude": 26.4855,
        "Longitude": 94.8998,
        "Length_m": 37.311,
        "Width_m": 17.648,
        "Height_m": 9.63732910156,
        "Area_Sqm": 467.342,
        "Activity": "Active",
        "Geomorpho": "Structural Origin - Moderately Dissected Hills and Valleys - Valley (Smdhv-v)",
        "Lithology": "Shale, siltstone, greywacke rhythmite & sandstone (0594), Palaeocene-Eocene",
        "LULC": "Evergreen Open Forest",
        "Triggering": "Rainfall",
        "Year": "2023",
        "Basin": "Brahmaputra Basin",
        "Sub_Basin": "Brahmaputra Upper",
        "Source": "RESOURCESAT-2, 2A, 10m CARTODEM, NGLM 50k(2011-2012), Lithology-GSI 50k(2011), SISDP-P2-LULC 10k(2018-2023) & India-WRIS"
      }
    },
    {
      "type": "Feature",
      "id": "LS_NAGALAND_2023.585",
      "geometry": {
        "type": "MultiPolygon",
        "coordinates": [
          [
            [
              [
                94.90517978,
                26.45612889
              ],
              [
                94.90517978,
                26.45699381
              ],
              [
                94.90558043,
                26.45699381
              ],
              [
                94.90558043,
                26.45612889
              ],
              [
                94.90517978,
                26.45612889
              ]
            ]
          ]
        ]
      },
      "geometry_name": "the_geom",
      "properties": {
        "Slide_No": "NL/MN/83J15/2023/60",
        "State": "NAGALAND",
        "District": "MON",
        "Topo_No": "83J15",
        "Latitude": 26.4566,
        "Longitude": 94.9054,
        "Length_m": 96.552,
        "Width_m": 38.356,
        "Height_m": 44.1407470703,
        "Area_Sqm": 2687.15,
        "Activity": "Active",
        "Geomorpho": "Structural Origin - Moderately Dissected Hills and Valleys (Smdhv)",
        "Lithology": "Shale, siltstone, greywacke rhythmite & sandstone (0594), Palaeocene-Eocene",
        "LULC": "Others - Shifting Cultivation",
        "Triggering": "Rainfall",
        "Year": "2023",
        "Basin": "Brahmaputra Basin",
        "Sub_Basin": "Brahmaputra Upper",
        "Source": "RESOURCESAT-2, 2A, 10m CARTODEM, NGLM 50k(2011-2012), Lithology-GSI 50k(2011), SISDP-P2-LULC 10k(2018-2023) & India-WRIS"
      }
    },
    {
      "type": "Feature",
      "id": "LS_NAGALAND_2023.586",
      "geometry": {
        "type": "MultiPolygon",
        "coordinates": [
          [
            [
              [
                94.93749044,
                26.39832911
              ],
              [
                94.93749044,
                26.39858392
              ],
              [
                94.93766864,
                26.39858392
              ],
              [
                94.93766864,
                26.39832911
              ],
              [
                94.93749044,
                26.39832911
              ]
            ]
          ]
        ]
      },
      "geometry_name": "the_geom",
      "properties": {
        "Slide_No": "NL/MN/83J15/2023/61",
        "State": "NAGALAND",
        "District": "MON",
        "Topo_No": "83J15",
        "Latitude": 26.3985,
        "Longitude": 94.9376,
        "Length_m": 28.851,
        "Width_m": 15.114,
        "Height_m": 16.1578979492,
        "Area_Sqm": 359.461,
        "Activity": "Active",
        "Geomorpho": "Structural Origin - Moderately Dissected Hills and Valleys - Valley (Smdhv-v)",
        "Lithology": "Shale, siltstone, greywacke rhythmite & sandstone (0594), Palaeocene-Eocene",
        "LULC": "Semi- Evergreen Open Forest",
        "Triggering": "Rainfall",
        "Year": "2023",
        "Basin": "Brahmaputra Basin",
        "Sub_Basin": "Brahmaputra Upper",
        "Source": "RESOURCESAT-2, 2A, 10m CARTODEM, NGLM 50k(2011-2012), Lithology-GSI 50k(2011), SISDP-P2-LULC 10k(2018-2023) & India-WRIS"
      }
    },
    {
      "type": "Feature",
      "id": "LS_NAGALAND_2023.587",
      "geometry": {
        "type": "MultiPolygon",
        "coordinates": [
          [
            [
              [
                94.81188568,
                26.24569791
              ],
              [
                94.81188568,
                26.24616511
              ],
              [
                94.81255446,
                26.24616511
              ],
              [
                94.81255446,
                26.24569791
              ],
              [
                94.81188568,
                26.24569791
              ]
            ]
          ]
        ]
      },
      "geometry_name": "the_geom",
      "properties": {
        "Slide_No": "NL/TU/83J16/2023/29",
        "State": "NAGALAND",
        "District": "TUENSANG",
        "Topo_No": "83J16",
        "Latitude": 26.2459,
        "Longitude": 94.8122,
        "Length_m": 67.479,
        "Width_m": 36.108,
        "Height_m": 46.6893310547,
        "Area_Sqm": 1876.76,
        "Activity": "Active",
        "Geomorpho": "Structural Origin - Moderately Dissected Hills and Valleys (Smdhv)",
        "Lithology": "Shale, siltstone, greywacke rhythmite & sandstone (0594), Palaeocene-Eocene",
        "LULC": "Semi- Evergreen Closed Forest",
        "Triggering": "Rainfall",
        "Year": "2023",
        "Basin": "Brahmaputra Basin",
        "Sub_Basin": "Brahmaputra Upper",
        "Source": "RESOURCESAT-2, 2A, 10m CARTODEM, NGLM 50k(2011-2012), Lithology-GSI 50k(2011), SISDP-P2-LULC 10k(2018-2023) & India-WRIS"
      }
    },
    {
      "type": "Feature",
      "id": "LS_NAGALAND_2023.588",
      "geometry": {
        "type": "MultiPolygon",
        "coordinates": [
          [
            [
              [
                94.76724766,
                26.23174928
              ],
              [
                94.76724766,
                26.23191878
              ],
              [
                94.76739988,
                26.23191878
              ],
              [
                94.76739988,
                26.23174928
              ],
              [
                94.76724766,
                26.23174928
              ]
            ]
          ]
        ]
      },
      "geometry_name": "the_geom",
      "properties": {
        "Slide_No": "NL/TU/83J16/2023/30",
        "State": "NAGALAND",
        "District": "TUENSANG",
        "Topo_No": "83J16",
        "Latitude": 26.2318,
        "Longitude": 94.7673,
        "Length_m": 18.866,
        "Width_m": 15.101,
        "Height_m": 9.35705566406,
        "Area_Sqm": 230.189,
        "Activity": "Active",
        "Geomorpho": "Structural Origin - Moderately Dissected Hills and Valleys (Smdhv)",
        "Lithology": "Shale, siltstone, greywacke rhythmite & sandstone (0594), Palaeocene-Eocene",
        "LULC": "Evergreen Open Forest",
        "Triggering": "Rainfall",
        "Year": "2023",
        "Basin": "Minor rivers draining into Myanmar Basin",
        "Sub_Basin": "Imphal and others",
        "Source": "RESOURCESAT-2, 2A, 10m CARTODEM, NGLM 50k(2011-2012), Lithology-GSI 50k(2011), SISDP-P2-LULC 10k(2018-2023) & India-WRIS"
      }
    },
    {
      "type": "Feature",
      "id": "LS_NAGALAND_2023.589",
      "geometry": {
        "type": "MultiPolygon",
        "coordinates": [
          [
            [
              [
                94.76344165,
                26.23206597
              ],
              [
                94.76344165,
                26.23241972
              ],
              [
                94.76364528,
                26.23241972
              ],
              [
                94.76364528,
                26.23206597
              ],
              [
                94.76344165,
                26.23206597
              ]
            ]
          ]
        ]
      },
      "geometry_name": "the_geom",
      "properties": {
        "Slide_No": "NL/TU/83J16/2023/31",
        "State": "NAGALAND",
        "District": "TUENSANG",
        "Topo_No": "83J16",
        "Latitude": 26.2322,
        "Longitude": 94.7635,
        "Length_m": 39.497,
        "Width_m": 19.064,
        "Height_m": 18.2670898438,
        "Area_Sqm": 609.328,
        "Activity": "Active",
        "Geomorpho": "Structural Origin - Moderately Dissected Hills and Valleys (Smdhv)",
        "Lithology": "Shale, siltstone, greywacke rhythmite & sandstone (0594), Palaeocene-Eocene",
        "LULC": "Semi- Evergreen Open Forest",
        "Triggering": "Rainfall",
        "Year": "2023",
        "Basin": "Minor rivers draining into Myanmar Basin",
        "Sub_Basin": "Imphal and others",
        "Source": "RESOURCESAT-2, 2A, 10m CARTODEM, NGLM 50k(2011-2012), Lithology-GSI 50k(2011), SISDP-P2-LULC 10k(2018-2023) & India-WRIS"
      }
    },
    {
      "type": "Feature",
      "id": "LS_NAGALAND_2023.590",
      "geometry": {
        "type": "MultiPolygon",
        "coordinates": [
          [
            [
              [
                94.75644366,
                26.51015905
              ],
              [
                94.75644366,
                26.5103807
              ],
              [
                94.75668846,
                26.5103807
              ],
              [
                94.75668846,
                26.51015905
              ],
              [
                94.75644366,
                26.51015905
              ]
            ]
          ]
        ]
      },
      "geometry_name": "the_geom",
      "properties": {
        "Slide_No": "NL/LL/83J14/2023/29",
        "State": "NAGALAND",
        "District": "LONGLENG",
        "Topo_No": "83J14",
        "Latitude": 26.5103,
        "Longitude": 94.7566,
        "Length_m": 26.177,
        "Width_m": 22.272,
        "Height_m": 4.32995605469,
        "Area_Sqm": 451.25,
        "Activity": "Active",
        "Geomorpho": "Structural Origin - Highly Dissected Hills and Valleys (Shdhv)",
        "Lithology": "Flaggy sandstone with subordinate shale (Barail Group) 0541), Eocene-Oligocene",
        "LULC": "Evergreen Open Forest",
        "Triggering": "Rainfall",
        "Year": "2023",
        "Basin": "Brahmaputra Basin",
        "Sub_Basin": "Brahmaputra Upper",
        "Source": "RESOURCESAT-2, 2A, 10m CARTODEM, NGLM 50k(2011-2012), Lithology-GSI 50k(2011), SISDP-P2-LULC 10k(2018-2023) & India-WRIS"
      }
    },
    {
      "type": "Feature",
      "id": "LS_NAGALAND_2023.591",
      "geometry": {
        "type": "MultiPolygon",
        "coordinates": [
          [
            [
              [
                94.75589508,
                26.51043399
              ],
              [
                94.75589508,
                26.51076161
              ],
              [
                94.75608622,
                26.51076161
              ],
              [
                94.75608622,
                26.51043399
              ],
              [
                94.75589508,
                26.51043399
              ]
            ]
          ]
        ]
      },
      "geometry_name": "the_geom",
      "properties": {
        "Slide_No": "NL/LL/83J14/2023/30",
        "State": "NAGALAND",
        "District": "LONGLENG",
        "Topo_No": "83J14",
        "Latitude": 26.5106,
        "Longitude": 94.756,
        "Length_m": 35.654,
        "Width_m": 17.914,
        "Height_m": 11.743774,
        "Area_Sqm": 343.145,
        "Activity": "Reactivated",
        "Geomorpho": "Structural Origin - Highly Dissected Hills and Valleys (Shdhv)",
        "Lithology": "Flaggy sandstone with subordinate shale (Barail Group) 0541), Eocene-Oligocene",
        "LULC": "Evergreen Open Forest",
        "Triggering": "Rainfall",
        "Year": "2023",
        "Basin": "Brahmaputra Basin",
        "Sub_Basin": "Brahmaputra Upper",
        "Source": "RESOURCESAT-2, 2A, 10m CARTODEM, NGLM 50k(2011-2012), Lithology-GSI 50k(2011), SISDP-P2-LULC 10k(2018-2023) & India-WRIS"
      }
    },
    {
      "type": "Feature",
      "id": "LS_NAGALAND_2023.592",
      "geometry": {
        "type": "MultiPolygon",
        "coordinates": [
          [
            [
              [
                94.7595323,
                26.5110687
              ],
              [
                94.7595323,
                26.51172914
              ],
              [
                94.75992519,
                26.51172914
              ],
              [
                94.75992519,
                26.5110687
              ],
              [
                94.7595323,
                26.5110687
              ]
            ]
          ]
        ]
      },
      "geometry_name": "the_geom",
      "properties": {
        "Slide_No": "NL/LL/83J14/2023/31",
        "State": "NAGALAND",
        "District": "LONGLENG",
        "Topo_No": "83J14",
        "Latitude": 26.5114,
        "Longitude": 94.7598,
        "Length_m": 78.233,
        "Width_m": 25.416,
        "Height_m": 22.0252685547,
        "Area_Sqm": 1116.57,
        "Activity": "Active",
        "Geomorpho": "Structural Origin - Highly Dissected Hills and Valleys (Shdhv)",
        "Lithology": "Flaggy sandstone with subordinate shale (Barail Group) 0541), Eocene-Oligocene",
        "LULC": "Evergreen Open Forest",
        "Triggering": "Rainfall",
        "Year": "2023",
        "Basin": "Brahmaputra Basin",
        "Sub_Basin": "Brahmaputra Upper",
        "Source": "RESOURCESAT-2, 2A, 10m CARTODEM, NGLM 50k(2011-2012), Lithology-GSI 50k(2011), SISDP-P2-LULC 10k(2018-2023) & India-WRIS"
      }
    },
    {
      "type": "Feature",
      "id": "LS_NAGALAND_2023.593",
      "geometry": {
        "type": "MultiPolygon",
        "coordinates": [
          [
            [
              [
                94.74387227,
                26.50838177
              ],
              [
                94.74387227,
                26.50856507
              ],
              [
                94.74406794,
                26.50856507
              ],
              [
                94.74406794,
                26.50838177
              ],
              [
                94.74387227,
                26.50838177
              ]
            ]
          ]
        ]
      },
      "geometry_name": "the_geom",
      "properties": {
        "Slide_No": "NL/LL/83J14/2023/32",
        "State": "NAGALAND",
        "District": "LONGLENG",
        "Topo_No": "83J14",
        "Latitude": 26.5085,
        "Longitude": 94.744,
        "Length_m": 19.809,
        "Width_m": 19.436,
        "Height_m": 9.31396484375,
        "Area_Sqm": 303.927,
        "Activity": "Active",
        "Geomorpho": "Structural Origin - Highly Dissected Hills and Valleys (Shdhv)",
        "Lithology": "Flaggy sandstone with subordinate shale (Barail Group) 0541), Eocene-Oligocene",
        "LULC": "Evergreen Open Forest",
        "Triggering": "Rainfall",
        "Year": "2023",
        "Basin": "Brahmaputra Basin",
        "Sub_Basin": "Brahmaputra Upper",
        "Source": "RESOURCESAT-2, 2A, 10m CARTODEM, NGLM 50k(2011-2012), Lithology-GSI 50k(2011), SISDP-P2-LULC 10k(2018-2023) & India-WRIS"
      }
    },
    {
      "type": "Feature",
      "id": "LS_NAGALAND_2023.594",
      "geometry": {
        "type": "MultiPolygon",
        "coordinates": [
          [
            [
              [
                94.78306134,
                26.51208504
              ],
              [
                94.78306134,
                26.51251716
              ],
              [
                94.78344638,
                26.51251716
              ],
              [
                94.78344638,
                26.51208504
              ],
              [
                94.78306134,
                26.51208504
              ]
            ]
          ]
        ]
      },
      "geometry_name": "the_geom",
      "properties": {
        "Slide_No": "NL/LL/83J14/2023/33",
        "State": "NAGALAND",
        "District": "LONGLENG",
        "Topo_No": "83J14",
        "Latitude": 26.5123,
        "Longitude": 94.7833,
        "Length_m": 55.901,
        "Width_m": 22.718,
        "Height_m": 16.6174316406,
        "Area_Sqm": 865.642,
        "Activity": "Reactivated",
        "Geomorpho": "Structural Origin - Highly Dissected Hills and Valleys (Shdhv)",
        "Lithology": "Flaggy sandstone with subordinate shale (Barail Group) 0541), Eocene-Oligocene",
        "LULC": "Evergreen Open Forest",
        "Triggering": "Rainfall",
        "Year": "2023",
        "Basin": "Brahmaputra Basin",
        "Sub_Basin": "Brahmaputra Upper",
        "Source": "RESOURCESAT-2, 2A, 10m CARTODEM, NGLM 50k(2011-2012), Lithology-GSI 50k(2011), SISDP-P2-LULC 10k(2018-2023) & India-WRIS"
      }
    },
    {
      "type": "Feature",
      "id": "LS_NAGALAND_2023.595",
      "geometry": {
        "type": "MultiPolygon",
        "coordinates": [
          [
            [
              [
                94.77416753,
                26.50550539
              ],
              [
                94.77416753,
                26.50589935
              ],
              [
                94.77450166,
                26.50589935
              ],
              [
                94.77450166,
                26.50550539
              ],
              [
                94.77416753,
                26.50550539
              ]
            ]
          ]
        ]
      },
      "geometry_name": "the_geom",
      "properties": {
        "Slide_No": "NL/LL/83J14/2023/34",
        "State": "NAGALAND",
        "District": "LONGLENG",
        "Topo_No": "83J14",
        "Latitude": 26.5057,
        "Longitude": 94.7743,
        "Length_m": 50.911,
        "Width_m": 18.381,
        "Height_m": 9.312683,
        "Area_Sqm": 607.849,
        "Activity": "Reactivated",
        "Geomorpho": "Structural Origin - Highly Dissected Hills and Valleys (Shdhv)",
        "Lithology": "Flaggy sandstone with subordinate shale (Barail Group) 0541), Eocene-Oligocene",
        "LULC": "Evergreen Open Forest",
        "Triggering": "Rainfall",
        "Year": "2023",
        "Basin": "Brahmaputra Basin",
        "Sub_Basin": "Brahmaputra Upper",
        "Source": "RESOURCESAT-2, 2A, 10m CARTODEM, NGLM 50k(2011-2012), Lithology-GSI 50k(2011), SISDP-P2-LULC 10k(2018-2023) & India-WRIS"
      }
    },
    {
      "type": "Feature",
      "id": "LS_NAGALAND_2023.596",
      "geometry": {
        "type": "MultiPolygon",
        "coordinates": [
          [
            [
              [
                94.838009,
                26.50864153
              ],
              [
                94.838009,
                26.50894255
              ],
              [
                94.83825752,
                26.50894255
              ],
              [
                94.83825752,
                26.50864153
              ],
              [
                94.838009,
                26.50864153
              ]
            ]
          ]
        ]
      },
      "geometry_name": "the_geom",
      "properties": {
        "Slide_No": "NL/LL/83J14/2023/35",
        "State": "NAGALAND",
        "District": "LONGLENG",
        "Topo_No": "83J14",
        "Latitude": 26.5088,
        "Longitude": 94.8381,
        "Length_m": 37.984,
        "Width_m": 14.044,
        "Height_m": 13.6510009766,
        "Area_Sqm": 387.843,
        "Activity": "Active",
        "Geomorpho": "Structural Origin - Low Dissected Hills and Valleys (Sldhv)",
        "Lithology": "Flaggy sandstone with subordinate shale (Barail Group) 0541), Eocene-Oligocene",
        "LULC": "Built Up - Rural Hamlet and Dispersed Household",
        "Triggering": "Rainfall",
        "Year": "2023",
        "Basin": "Brahmaputra Basin",
        "Sub_Basin": "Brahmaputra Upper",
        "Source": "RESOURCESAT-2, 2A, 10m CARTODEM, NGLM 50k(2011-2012), Lithology-GSI 50k(2011), SISDP-P2-LULC 10k(2018-2023) & India-WRIS"
      }
    },
    {
      "type": "Feature",
      "id": "LS_NAGALAND_2023.597",
      "geometry": {
        "type": "MultiPolygon",
        "coordinates": [
          [
            [
              [
                94.85408898,
                26.50915666
              ],
              [
                94.85408898,
                26.50936414
              ],
              [
                94.85423017,
                26.50936414
              ],
              [
                94.85423017,
                26.50915666
              ],
              [
                94.85408898,
                26.50915666
              ]
            ]
          ]
        ]
      },
      "geometry_name": "the_geom",
      "properties": {
        "Slide_No": "NL/LL/83J14/2023/36",
        "State": "NAGALAND",
        "District": "LONGLENG",
        "Topo_No": "83J14",
        "Latitude": 26.5093,
        "Longitude": 94.8542,
        "Length_m": 22.981,
        "Width_m": 14.025,
        "Height_m": 6.41613769531,
        "Area_Sqm": 256.578,
        "Activity": "Active",
        "Geomorpho": "Structural Origin - Low Dissected Hills and Valleys (Sldhv)",
        "Lithology": "Flaggy sandstone with subordinate shale (Barail Group) 0541), Eocene-Oligocene",
        "LULC": "Evergreen Open Forest",
        "Triggering": "Rainfall",
        "Year": "2023",
        "Basin": "Brahmaputra Basin",
        "Sub_Basin": "Brahmaputra Upper",
        "Source": "RESOURCESAT-2, 2A, 10m CARTODEM, NGLM 50k(2011-2012), Lithology-GSI 50k(2011), SISDP-P2-LULC 10k(2018-2023) & India-WRIS"
      }
    },
    {
      "type": "Feature",
      "id": "LS_NAGALAND_2023.598",
      "geometry": {
        "type": "MultiPolygon",
        "coordinates": [
          [
            [
              [
                94.85557552,
                26.50768723
              ],
              [
                94.85557552,
                26.50795181
              ],
              [
                94.85577783,
                26.50795181
              ],
              [
                94.85577783,
                26.50768723
              ],
              [
                94.85557552,
                26.50768723
              ]
            ]
          ]
        ]
      },
      "geometry_name": "the_geom",
      "properties": {
        "Slide_No": "NL/LL/83J14/2023/37",
        "State": "NAGALAND",
        "District": "LONGLENG",
        "Topo_No": "83J14",
        "Latitude": 26.5078,
        "Longitude": 94.8557,
        "Length_m": 27.379,
        "Width_m": 19.73,
        "Height_m": 10.3601989746,
        "Area_Sqm": 437.608,
        "Activity": "Active",
        "Geomorpho": "Structural Origin - Low Dissected Hills and Valleys (Sldhv)",
        "Lithology": "Flaggy sandstone with subordinate shale (Barail Group) 0541), Eocene-Oligocene",
        "LULC": "Evergreen Open Forest",
        "Triggering": "Rainfall",
        "Year": "2023",
        "Basin": "Brahmaputra Basin",
        "Sub_Basin": "Brahmaputra Upper",
        "Source": "RESOURCESAT-2, 2A, 10m CARTODEM, NGLM 50k(2011-2012), Lithology-GSI 50k(2011), SISDP-P2-LULC 10k(2018-2023) & India-WRIS"
      }
    },
    {
      "type": "Feature",
      "id": "LS_NAGALAND_2023.599",
      "geometry": {
        "type": "MultiPolygon",
        "coordinates": [
          [
            [
              [
                94.8586953,
                26.50589618
              ],
              [
                94.8586953,
                26.50602859
              ],
              [
                94.85882606,
                26.50602859
              ],
              [
                94.85882606,
                26.50589618
              ],
              [
                94.8586953,
                26.50589618
              ]
            ]
          ]
        ]
      },
      "geometry_name": "the_geom",
      "properties": {
        "Slide_No": "NL/LL/83J14/2023/38",
        "State": "NAGALAND",
        "District": "LONGLENG",
        "Topo_No": "83J14",
        "Latitude": 26.506,
        "Longitude": 94.8588,
        "Length_m": 16.301,
        "Width_m": 10.797,
        "Height_m": 3.648712,
        "Area_Sqm": 138.326,
        "Activity": "Active",
        "Geomorpho": "Structural Origin - Moderately Dissected Hills and Valleys - Valley (Smdhv-v)",
        "Lithology": "Flaggy sandstone with subordinate shale (Barail Group) 0541), Eocene-Oligocene",
        "LULC": "Evergreen Open Forest",
        "Triggering": "Rainfall",
        "Year": "2023",
        "Basin": "Brahmaputra Basin",
        "Sub_Basin": "Brahmaputra Upper",
        "Source": "RESOURCESAT-2, 2A, 10m CARTODEM, NGLM 50k(2011-2012), Lithology-GSI 50k(2011), SISDP-P2-LULC 10k(2018-2023) & India-WRIS"
      }
    },
    {
      "type": "Feature",
      "id": "LS_NAGALAND_2023.600",
      "geometry": {
        "type": "MultiPolygon",
        "coordinates": [
          [
            [
              [
                94.84995698,
                26.53691687
              ],
              [
                94.84995698,
                26.53708165
              ],
              [
                94.8501617,
                26.53708165
              ],
              [
                94.8501617,
                26.53691687
              ],
              [
                94.84995698,
                26.53691687
              ]
            ]
          ]
        ]
      },
      "geometry_name": "the_geom",
      "properties": {
        "Slide_No": "NL/LL/83J14/2023/39",
        "State": "NAGALAND",
        "District": "LONGLENG",
        "Topo_No": "83J14",
        "Latitude": 26.537,
        "Longitude": 94.8501,
        "Length_m": 20.423,
        "Width_m": 18.081,
        "Height_m": 9.874939,
        "Area_Sqm": 294.115,
        "Activity": "Active",
        "Geomorpho": "Structural Origin - Moderately Dissected Hills and Valleys - Valley (Smdhv-v)",
        "Lithology": "Flaggy sandstone with subordinate shale (Barail Group) 0541), Eocene-Oligocene",
        "LULC": "Evergreen Open Forest",
        "Triggering": "Rainfall",
        "Year": "2023",
        "Basin": "Brahmaputra Basin",
        "Sub_Basin": "Brahmaputra Upper",
        "Source": "RESOURCESAT-2, 2A, 10m CARTODEM, NGLM 50k(2011-2012), Lithology-GSI 50k(2011), SISDP-P2-LULC 10k(2018-2023) & India-WRIS"
      }
    },
    {
      "type": "Feature",
      "id": "LS_NAGALAND_2023.601",
      "geometry": {
        "type": "MultiPolygon",
        "coordinates": [
          [
            [
              [
                94.85777605,
                26.58380789
              ],
              [
                94.85777605,
                26.58420045
              ],
              [
                94.85825612,
                26.58420045
              ],
              [
                94.85825612,
                26.58380789
              ],
              [
                94.85777605,
                26.58380789
              ]
            ]
          ]
        ]
      },
      "geometry_name": "the_geom",
      "properties": {
        "Slide_No": "NL/LL/83J14/2023/40",
        "State": "NAGALAND",
        "District": "LONGLENG",
        "Topo_No": "83J14",
        "Latitude": 26.584,
        "Longitude": 94.858,
        "Length_m": 47.831,
        "Width_m": 43.322,
        "Height_m": 20.868225,
        "Area_Sqm": 1601.52,
        "Activity": "Active",
        "Geomorpho": "Structural Origin - Moderately Dissected Hills and Valleys (Smdhv)",
        "Lithology": "Flaggy sandstone with subordinate shale (Barail Group) 0541), Eocene-Oligocene",
        "LULC": "Others - Shifting Cultivation",
        "Triggering": "Rainfall",
        "Year": "2023",
        "Basin": "Brahmaputra Basin",
        "Sub_Basin": "Brahmaputra Upper",
        "Source": "RESOURCESAT-2, 2A, 10m CARTODEM, NGLM 50k(2011-2012), Lithology-GSI 50k(2011), SISDP-P2-LULC 10k(2018-2023) & India-WRIS"
      }
    },
    {
      "type": "Feature",
      "id": "LS_NAGALAND_2023.602",
      "geometry": {
        "type": "MultiPolygon",
        "coordinates": [
          [
            [
              [
                94.81640793,
                26.58579659
              ],
              [
                94.81640793,
                26.58626264
              ],
              [
                94.81664653,
                26.58626264
              ],
              [
                94.81664653,
                26.58579659
              ],
              [
                94.81640793,
                26.58579659
              ]
            ]
          ]
        ]
      },
      "geometry_name": "the_geom",
      "properties": {
        "Slide_No": "NL/LL/83J14/2023/41",
        "State": "NAGALAND",
        "District": "LONGLENG",
        "Topo_No": "83J14",
        "Latitude": 26.586,
        "Longitude": 94.8165,
        "Length_m": 52.064,
        "Width_m": 21.435,
        "Height_m": 13.5054931641,
        "Area_Sqm": 799.693,
        "Activity": "Active",
        "Geomorpho": "Structural Origin - Moderately Dissected Hills and Valleys - Valley (Smdhv-v)",
        "Lithology": "Flaggy sandstone with subordinate shale (Barail Group) 0541), Eocene-Oligocene",
        "LULC": "Others - Shifting Cultivation",
        "Triggering": "Rainfall",
        "Year": "2023",
        "Basin": "Brahmaputra Basin",
        "Sub_Basin": "Brahmaputra Upper",
        "Source": "RESOURCESAT-2, 2A, 10m CARTODEM, NGLM 50k(2011-2012), Lithology-GSI 50k(2011), SISDP-P2-LULC 10k(2018-2023) & India-WRIS"
      }
    },
    {
      "type": "Feature",
      "id": "LS_NAGALAND_2023.603",
      "geometry": {
        "type": "MultiPolygon",
        "coordinates": [
          [
            [
              [
                94.74345265,
                26.61000035
              ],
              [
                94.74345265,
                26.61045137
              ],
              [
                94.74389803,
                26.61045137
              ],
              [
                94.74389803,
                26.61000035
              ],
              [
                94.74345265,
                26.61000035
              ]
            ]
          ]
        ]
      },
      "geometry_name": "the_geom",
      "properties": {
        "Slide_No": "NL/LL/83J14/2023/42",
        "State": "NAGALAND",
        "District": "LONGLENG",
        "Topo_No": "83J14",
        "Latitude": 26.6102,
        "Longitude": 94.7437,
        "Length_m": 62.047,
        "Width_m": 18.057,
        "Height_m": 71.0707397461,
        "Area_Sqm": 771.985,
        "Activity": "Active",
        "Geomorpho": "Structural Origin - Low Dissected Hills and Valleys (Sldhv)",
        "Lithology": "Flaggy sandstone with subordinate shale (Barail Group) 0541), Eocene-Oligocene",
        "LULC": "Evergreen Open Forest",
        "Triggering": "Rainfall",
        "Year": "2023",
        "Basin": "Brahmaputra Basin",
        "Sub_Basin": "Brahmaputra Upper",
        "Source": "RESOURCESAT-2, 2A, 10m CARTODEM, NGLM 50k(2011-2012), Lithology-GSI 50k(2011), SISDP-P2-LULC 10k(2018-2023) & India-WRIS"
      }
    },
    {
      "type": "Feature",
      "id": "LS_NAGALAND_2023.604",
      "geometry": {
        "type": "MultiPolygon",
        "coordinates": [
          [
            [
              [
                94.47850619,
                26.59563668
              ],
              [
                94.47850619,
                26.59627818
              ],
              [
                94.47910525,
                26.59627818
              ],
              [
                94.47910525,
                26.59563668
              ],
              [
                94.47850619,
                26.59563668
              ]
            ]
          ]
        ]
      },
      "geometry_name": "the_geom",
      "properties": {
        "Slide_No": "NL/MK/83J6/2023/3",
        "State": "NAGALAND",
        "District": "MOKOKCHUNG",
        "Topo_No": "83J6",
        "Latitude": 26.596,
        "Longitude": 94.4788,
        "Length_m": 87.74,
        "Width_m": 26.574,
        "Height_m": 41.762451,
        "Area_Sqm": 1568.32,
        "Activity": "Active",
        "Geomorpho": "Structural Origin - Highly Dissected Hills and Valleys - Ridge (Shdhv-r)",
        "Lithology": "Ferruginous sandstone with siltstone and clay (Tipam Group) 0445), Miocene-Pliocene",
        "LULC": "Built Up - Transport Network",
        "Triggering": "Rainfall",
        "Year": "2023",
        "Basin": "Brahmaputra Basin",
        "Sub_Basin": "Brahmaputra Upper",
        "Source": "RESOURCESAT-2, 2A, 10m CARTODEM, NGLM 50k(2011-2012), Lithology-GSI 50k(2011), SISDP-P2-LULC 10k(2018-2023) & India-WRIS"
      }
    },
    {
      "type": "Feature",
      "id": "LS_NAGALAND_2023.605",
      "geometry": {
        "type": "MultiPolygon",
        "coordinates": [
          [
            [
              [
                94.48889853,
                26.42383706
              ],
              [
                94.48889853,
                26.42403807
              ],
              [
                94.48903549,
                26.42403807
              ],
              [
                94.48903549,
                26.42383706
              ],
              [
                94.48889853,
                26.42383706
              ]
            ]
          ]
        ]
      },
      "geometry_name": "the_geom",
      "properties": {
        "Slide_No": "NL/MK/83J7/2023/6",
        "State": "NAGALAND",
        "District": "MOKOKCHUNG",
        "Topo_No": "83J7",
        "Latitude": 26.4239,
        "Longitude": 94.489,
        "Length_m": 22.718,
        "Width_m": 12.447,
        "Height_m": 9.471863,
        "Area_Sqm": 226.889,
        "Activity": "Active",
        "Geomorpho": "Structural Origin - Highly Dissected Hills and Valleys (Shdhv)",
        "Lithology": "Flaggy sandstone with subordinate shale (Barail Group) 0541), Eocene-Oligocene",
        "LULC": "Evergreen Closed Forest",
        "Triggering": "Rainfall",
        "Year": "2023",
        "Basin": "Brahmaputra Basin",
        "Sub_Basin": "Brahmaputra Upper",
        "Source": "RESOURCESAT-2, 2A, 10m CARTODEM, NGLM 50k(2011-2012), Lithology-GSI 50k(2011), SISDP-P2-LULC 10k(2018-2023) & India-WRIS"
      }
    },
    {
      "type": "Feature",
      "id": "LS_NAGALAND_2023.606",
      "geometry": {
        "type": "MultiPolygon",
        "coordinates": [
          [
            [
              [
                94.65785367,
                26.50974671
              ],
              [
                94.65785367,
                26.51007487
              ],
              [
                94.65818677,
                26.51007487
              ],
              [
                94.65818677,
                26.50974671
              ],
              [
                94.65785367,
                26.50974671
              ]
            ]
          ]
        ]
      },
      "geometry_name": "the_geom",
      "properties": {
        "Slide_No": "NL/MK/83J10/2023/13",
        "State": "NAGALAND",
        "District": "MOKOKCHUNG",
        "Topo_No": "83J10",
        "Latitude": 26.5099,
        "Longitude": 94.658,
        "Length_m": 44.599,
        "Width_m": 21.377,
        "Height_m": 16.0248413086,
        "Area_Sqm": 687.883,
        "Activity": "Active",
        "Geomorpho": "Structural Origin - Highly Dissected Hills and Valleys (Shdhv)",
        "Lithology": "Flaggy sandstone with subordinate shale (Barail Group) 0541), Eocene-Oligocene",
        "LULC": "Evergreen Open Forest",
        "Triggering": "Rainfall",
        "Year": "2023",
        "Basin": "Brahmaputra Basin",
        "Sub_Basin": "Brahmaputra Upper",
        "Source": "RESOURCESAT-2, 2A, 10m CARTODEM, NGLM 50k(2011-2012), Lithology-GSI 50k(2011), SISDP-P2-LULC 10k(2018-2023) & India-WRIS"
      }
    },
    {
      "type": "Feature",
      "id": "LS_NAGALAND_2023.607",
      "geometry": {
        "type": "MultiPolygon",
        "coordinates": [
          [
            [
              [
                94.67758546,
                26.52506945
              ],
              [
                94.67758546,
                26.52523604
              ],
              [
                94.67777779,
                26.52523604
              ],
              [
                94.67777779,
                26.52506945
              ],
              [
                94.67758546,
                26.52506945
              ]
            ]
          ]
        ]
      },
      "geometry_name": "the_geom",
      "properties": {
        "Slide_No": "NL/MK/83J10/2023/14",
        "State": "NAGALAND",
        "District": "MOKOKCHUNG",
        "Topo_No": "83J10",
        "Latitude": 26.5252,
        "Longitude": 94.6777,
        "Length_m": 20.162,
        "Width_m": 16.683,
        "Height_m": 5.81341552734,
        "Area_Sqm": 264.698,
        "Activity": "Active",
        "Geomorpho": "Structural Origin - Moderately Dissected Hills and Valleys (Smdhv)",
        "Lithology": "Flaggy sandstone with subordinate shale (Barail Group) 0541), Eocene-Oligocene",
        "LULC": "Built Up - Peri Urban",
        "Triggering": "Rainfall",
        "Year": "2023",
        "Basin": "Brahmaputra Basin",
        "Sub_Basin": "Brahmaputra Upper",
        "Source": "RESOURCESAT-2, 2A, 10m CARTODEM, NGLM 50k(2011-2012), Lithology-GSI 50k(2011), SISDP-P2-LULC 10k(2018-2023) & India-WRIS"
      }
    },
    {
      "type": "Feature",
      "id": "LS_NAGALAND_2023.608",
      "geometry": {
        "type": "MultiPolygon",
        "coordinates": [
          [
            [
              [
                94.6747073,
                26.52495305
              ],
              [
                94.6747073,
                26.52556709
              ],
              [
                94.67532949,
                26.52556709
              ],
              [
                94.67532949,
                26.52495305
              ],
              [
                94.6747073,
                26.52495305
              ]
            ]
          ]
        ]
      },
      "geometry_name": "the_geom",
      "properties": {
        "Slide_No": "NL/MK/83J10/2023/15",
        "State": "NAGALAND",
        "District": "MOKOKCHUNG",
        "Topo_No": "83J10",
        "Latitude": 26.5253,
        "Longitude": 94.675,
        "Length_m": 73.932,
        "Width_m": 56.246,
        "Height_m": 45.4826049805,
        "Area_Sqm": 2799.33,
        "Activity": "Active",
        "Geomorpho": "Structural Origin - Moderately Dissected Hills and Valleys (Smdhv)",
        "Lithology": "Flaggy sandstone with subordinate shale (Barail Group) 0541), Eocene-Oligocene",
        "LULC": "Evergreen Open Forest",
        "Triggering": "Rainfall",
        "Year": "2023",
        "Basin": "Brahmaputra Basin",
        "Sub_Basin": "Brahmaputra Upper",
        "Source": "RESOURCESAT-2, 2A, 10m CARTODEM, NGLM 50k(2011-2012), Lithology-GSI 50k(2011), SISDP-P2-LULC 10k(2018-2023) & India-WRIS"
      }
    },
    {
      "type": "Feature",
      "id": "LS_NAGALAND_2023.609",
      "geometry": {
        "type": "MultiPolygon",
        "coordinates": [
          [
            [
              [
                94.68295627,
                26.52842634
              ],
              [
                94.68295627,
                26.52875817
              ],
              [
                94.68313565,
                26.52875817
              ],
              [
                94.68313565,
                26.52842634
              ],
              [
                94.68295627,
                26.52842634
              ]
            ]
          ]
        ]
      },
      "geometry_name": "the_geom",
      "properties": {
        "Slide_No": "NL/MK/83J10/2023/16",
        "State": "NAGALAND",
        "District": "MOKOKCHUNG",
        "Topo_No": "83J10",
        "Latitude": 26.5286,
        "Longitude": 94.6831,
        "Length_m": 37.556,
        "Width_m": 13.884,
        "Height_m": 15.4343566895,
        "Area_Sqm": 397.266,
        "Activity": "Active",
        "Geomorpho": "Structural Origin - Moderately Dissected Hills and Valleys (Smdhv)",
        "Lithology": "Flaggy sandstone with subordinate shale (Barail Group) 0541), Eocene-Oligocene",
        "LULC": "Evergreen Open Forest",
        "Triggering": "Rainfall",
        "Year": "2023",
        "Basin": "Brahmaputra Basin",
        "Sub_Basin": "Brahmaputra Upper",
        "Source": "RESOURCESAT-2, 2A, 10m CARTODEM, NGLM 50k(2011-2012), Lithology-GSI 50k(2011), SISDP-P2-LULC 10k(2018-2023) & India-WRIS"
      }
    },
    {
      "type": "Feature",
      "id": "LS_NAGALAND_2023.610",
      "geometry": {
        "type": "MultiPolygon",
        "coordinates": [
          [
            [
              [
                94.68754571,
                26.53512203
              ],
              [
                94.68754571,
                26.53534049
              ],
              [
                94.68771184,
                26.53534049
              ],
              [
                94.68771184,
                26.53512203
              ],
              [
                94.68754571,
                26.53512203
              ]
            ]
          ]
        ]
      },
      "geometry_name": "the_geom",
      "properties": {
        "Slide_No": "NL/MK/83J10/2023/17",
        "State": "NAGALAND",
        "District": "MOKOKCHUNG",
        "Topo_No": "83J10",
        "Latitude": 26.5352,
        "Longitude": 94.6876,
        "Length_m": 24.225,
        "Width_m": 16.527,
        "Height_m": 7.16796875,
        "Area_Sqm": 337.116,
        "Activity": "Active",
        "Geomorpho": "Structural Origin - Moderately Dissected Hills and Valleys (Smdhv)",
        "Lithology": "Flaggy sandstone with subordinate shale (Barail Group) 0541), Eocene-Oligocene",
        "LULC": "Evergreen Open Forest",
        "Triggering": "Rainfall",
        "Year": "2023",
        "Basin": "Brahmaputra Basin",
        "Sub_Basin": "Brahmaputra Upper",
        "Source": "RESOURCESAT-2, 2A, 10m CARTODEM, NGLM 50k(2011-2012), Lithology-GSI 50k(2011), SISDP-P2-LULC 10k(2018-2023) & India-WRIS"
      }
    },
    {
      "type": "Feature",
      "id": "LS_NAGALAND_2023.611",
      "geometry": {
        "type": "MultiPolygon",
        "coordinates": [
          [
            [
              [
                94.6996603,
                26.53841791
              ],
              [
                94.6996603,
                26.53865842
              ],
              [
                94.69988074,
                26.53865842
              ],
              [
                94.69988074,
                26.53841791
              ],
              [
                94.6996603,
                26.53841791
              ]
            ]
          ]
        ]
      },
      "geometry_name": "the_geom",
      "properties": {
        "Slide_No": "NL/MK/83J10/2023/18",
        "State": "NAGALAND",
        "District": "MOKOKCHUNG",
        "Topo_No": "83J10",
        "Latitude": 26.5385,
        "Longitude": 94.6998,
        "Length_m": 26.556,
        "Width_m": 21.253,
        "Height_m": 11.6748199463,
        "Area_Sqm": 455.989,
        "Activity": "Active",
        "Geomorpho": "Structural Origin - Moderately Dissected Hills and Valleys - Valley (Smdhv-v)",
        "Lithology": "Flaggy sandstone with subordinate shale (Barail Group) 0541), Eocene-Oligocene",
        "LULC": "Evergreen Open Forest",
        "Triggering": "Rainfall",
        "Year": "2023",
        "Basin": "Brahmaputra Basin",
        "Sub_Basin": "Brahmaputra Upper",
        "Source": "RESOURCESAT-2, 2A, 10m CARTODEM, NGLM 50k(2011-2012), Lithology-GSI 50k(2011), SISDP-P2-LULC 10k(2018-2023) & India-WRIS"
      }
    },
    {
      "type": "Feature",
      "id": "LS_NAGALAND_2023.612",
      "geometry": {
        "type": "MultiPolygon",
        "coordinates": [
          [
            [
              [
                94.6442972,
                26.60820407
              ],
              [
                94.6442972,
                26.60844188
              ],
              [
                94.64477056,
                26.60844188
              ],
              [
                94.64477056,
                26.60820407
              ],
              [
                94.6442972,
                26.60820407
              ]
            ]
          ]
        ]
      },
      "geometry_name": "the_geom",
      "properties": {
        "Slide_No": "NL/MK/83J10/2023/19",
        "State": "NAGALAND",
        "District": "MOKOKCHUNG",
        "Topo_No": "83J10",
        "Latitude": 26.6083,
        "Longitude": 94.6445,
        "Length_m": 47.103,
        "Width_m": 25.231,
        "Height_m": 23.9177856445,
        "Area_Sqm": 723.324,
        "Activity": "Active",
        "Geomorpho": "Structural Origin - Highly Dissected Hills and Valleys (Shdhv)",
        "Lithology": "Flaggy sandstone with subordinate shale (Barail Group) 0541), Eocene-Oligocene",
        "LULC": "Evergreen Open Forest",
        "Triggering": "Rainfall",
        "Year": "2023",
        "Basin": "Brahmaputra Basin",
        "Sub_Basin": "Brahmaputra Upper",
        "Source": "RESOURCESAT-2, 2A, 10m CARTODEM, NGLM 50k(2011-2012), Lithology-GSI 50k(2011), SISDP-P2-LULC 10k(2018-2023) & India-WRIS"
      }
    },
    {
      "type": "Feature",
      "id": "LS_NAGALAND_2023.613",
      "geometry": {
        "type": "MultiPolygon",
        "coordinates": [
          [
            [
              [
                94.60408414,
                26.4034388
              ],
              [
                94.60408414,
                26.40391982
              ],
              [
                94.60465269,
                26.40391982
              ],
              [
                94.60465269,
                26.4034388
              ],
              [
                94.60408414,
                26.4034388
              ]
            ]
          ]
        ]
      },
      "geometry_name": "the_geom",
      "properties": {
        "Slide_No": "NL/MK/83J11/2023/26",
        "State": "NAGALAND",
        "District": "MOKOKCHUNG",
        "Topo_No": "83J11",
        "Latitude": 26.4037,
        "Longitude": 94.6043,
        "Length_m": 59.692,
        "Width_m": 43.711,
        "Height_m": 38.048218,
        "Area_Sqm": 1891.65,
        "Activity": "Active",
        "Geomorpho": "Structural Origin - Low Dissected Hills and Valleys (Sldhv)",
        "Lithology": "Flaggy sandstone with subordinate shale (Barail Group) 0541), Eocene-Oligocene",
        "LULC": "Evergreen Open Forest",
        "Triggering": "Rainfall",
        "Year": "2023",
        "Basin": "Brahmaputra Basin",
        "Sub_Basin": "Brahmaputra Upper",
        "Source": "RESOURCESAT-2, 2A, 10m CARTODEM, NGLM 50k(2011-2012), Lithology-GSI 50k(2011), SISDP-P2-LULC 10k(2018-2023) & India-WRIS"
      }
    },
    {
      "type": "Feature",
      "id": "LS_NAGALAND_2023.614",
      "geometry": {
        "type": "MultiPolygon",
        "coordinates": [
          [
            [
              [
                94.59720065,
                26.37459887
              ],
              [
                94.59720065,
                26.37481544
              ],
              [
                94.59736922,
                26.37481544
              ],
              [
                94.59736922,
                26.37459887
              ],
              [
                94.59720065,
                26.37459887
              ]
            ]
          ]
        ]
      },
      "geometry_name": "the_geom",
      "properties": {
        "Slide_No": "NL/MK/83J11/2023/27",
        "State": "NAGALAND",
        "District": "MOKOKCHUNG",
        "Topo_No": "83J11",
        "Latitude": 26.3747,
        "Longitude": 94.5973,
        "Length_m": 24.522,
        "Width_m": 16.095,
        "Height_m": 24.4914550781,
        "Area_Sqm": 319.673,
        "Activity": "Active",
        "Geomorpho": "Structural Origin - Moderately Dissected Hills and Valleys (Smdhv)",
        "Lithology": "Flaggy sandstone with subordinate shale (Barail Group) 0541), Eocene-Oligocene",
        "LULC": "Evergreen Open Forest",
        "Triggering": "Rainfall",
        "Year": "2023",
        "Basin": "Brahmaputra Basin",
        "Sub_Basin": "Brahmaputra Upper",
        "Source": "RESOURCESAT-2, 2A, 10m CARTODEM, NGLM 50k(2011-2012), Lithology-GSI 50k(2011), SISDP-P2-LULC 10k(2018-2023) & India-WRIS"
      }
    },
    {
      "type": "Feature",
      "id": "LS_NAGALAND_2023.615",
      "geometry": {
        "type": "MultiPolygon",
        "coordinates": [
          [
            [
              [
                94.55786522,
                26.29414818
              ],
              [
                94.55786522,
                26.29432964
              ],
              [
                94.55801899,
                26.29432964
              ],
              [
                94.55801899,
                26.29414818
              ],
              [
                94.55786522,
                26.29414818
              ]
            ]
          ]
        ]
      },
      "geometry_name": "the_geom",
      "properties": {
        "Slide_No": "NL/MK/83J11/2023/28",
        "State": "NAGALAND",
        "District": "MOKOKCHUNG",
        "Topo_No": "83J11",
        "Latitude": 26.2942,
        "Longitude": 94.5579,
        "Length_m": 20.372,
        "Width_m": 14.761,
        "Height_m": 3.880493,
        "Area_Sqm": 239.511,
        "Activity": "Active",
        "Geomorpho": "Structural Origin - Moderately Dissected Hills and Valleys (Smdhv)",
        "Lithology": "Shale, siltstone, greywacke rhythmite & sandstone (0594), Palaeocene-Eocene",
        "LULC": "Evergreen Closed Forest",
        "Triggering": "Rainfall",
        "Year": "2023",
        "Basin": "Brahmaputra Basin",
        "Sub_Basin": "Brahmaputra Upper",
        "Source": "RESOURCESAT-2, 2A, 10m CARTODEM, NGLM 50k(2011-2012), Lithology-GSI 50k(2011), SISDP-P2-LULC 10k(2018-2023) & India-WRIS"
      }
    },
    {
      "type": "Feature",
      "id": "LS_NAGALAND_2023.616",
      "geometry": {
        "type": "MultiPolygon",
        "coordinates": [
          [
            [
              [
                94.71718091,
                26.4980102
              ],
              [
                94.71718091,
                26.49888631
              ],
              [
                94.7179229,
                26.49888631
              ],
              [
                94.7179229,
                26.4980102
              ],
              [
                94.71718091,
                26.4980102
              ]
            ]
          ]
        ]
      },
      "geometry_name": "the_geom",
      "properties": {
        "Slide_No": "NL/LL/83J11/2023/29",
        "State": "NAGALAND",
        "District": "LONGLENG",
        "Topo_No": "83J11",
        "Latitude": 26.4985,
        "Longitude": 94.7176,
        "Length_m": 87.209,
        "Width_m": 79.926,
        "Height_m": 36.9739990234,
        "Area_Sqm": 4004.07,
        "Activity": "Active",
        "Geomorpho": "Structural Origin - Highly Dissected Hills and Valleys (Shdhv)",
        "Lithology": "Flaggy sandstone with subordinate shale (Barail Group) 0541), Eocene-Oligocene",
        "LULC": "Evergreen Open Forest",
        "Triggering": "Rainfall",
        "Year": "2023",
        "Basin": "Brahmaputra Basin",
        "Sub_Basin": "Brahmaputra Upper",
        "Source": "RESOURCESAT-2, 2A, 10m CARTODEM, NGLM 50k(2011-2012), Lithology-GSI 50k(2011), SISDP-P2-LULC 10k(2018-2023) & India-WRIS"
      }
    },
    {
      "type": "Feature",
      "id": "LS_NAGALAND_2023.617",
      "geometry": {
        "type": "MultiPolygon",
        "coordinates": [
          [
            [
              [
                94.72246652,
                26.49954208
              ],
              [
                94.72246652,
                26.49986415
              ],
              [
                94.72263856,
                26.49986415
              ],
              [
                94.72263856,
                26.49954208
              ],
              [
                94.72246652,
                26.49954208
              ]
            ]
          ]
        ]
      },
      "geometry_name": "the_geom",
      "properties": {
        "Slide_No": "NL/LL/83J11/2023/30",
        "State": "NAGALAND",
        "District": "LONGLENG",
        "Topo_No": "83J11",
        "Latitude": 26.4997,
        "Longitude": 94.7225,
        "Length_m": 35.651,
        "Width_m": 17.09,
        "Height_m": 18.7325439453,
        "Area_Sqm": 455.629,
        "Activity": "Active",
        "Geomorpho": "Structural Origin - Highly Dissected Hills and Valleys (Shdhv)",
        "Lithology": "Flaggy sandstone with subordinate shale (Barail Group) 0541), Eocene-Oligocene",
        "LULC": "Evergreen Open Forest",
        "Triggering": "Rainfall",
        "Year": "2023",
        "Basin": "Brahmaputra Basin",
        "Sub_Basin": "Brahmaputra Upper",
        "Source": "RESOURCESAT-2, 2A, 10m CARTODEM, NGLM 50k(2011-2012), Lithology-GSI 50k(2011), SISDP-P2-LULC 10k(2018-2023) & India-WRIS"
      }
    },
    {
      "type": "Feature",
      "id": "LS_NAGALAND_2023.618",
      "geometry": {
        "type": "MultiPolygon",
        "coordinates": [
          [
            [
              [
                94.71865253,
                26.3551665
              ],
              [
                94.71865253,
                26.3554372
              ],
              [
                94.71889295,
                26.3554372
              ],
              [
                94.71889295,
                26.3551665
              ],
              [
                94.71865253,
                26.3551665
              ]
            ]
          ]
        ]
      },
      "geometry_name": "the_geom",
      "properties": {
        "Slide_No": "NL/TU/83J11/2023/31",
        "State": "NAGALAND",
        "District": "TUENSANG",
        "Topo_No": "83J11",
        "Latitude": 26.3553,
        "Longitude": 94.7188,
        "Length_m": 32.652,
        "Width_m": 16.437,
        "Height_m": 14.3505249023,
        "Area_Sqm": 440.978,
        "Activity": "Active",
        "Geomorpho": "Structural Origin - Highly Dissected Hills and Valleys (Shdhv)",
        "Lithology": "Shale, siltstone, greywacke rhythmite & sandstone (0594), Palaeocene-Eocene",
        "LULC": "Evergreen Open Forest",
        "Triggering": "Rainfall",
        "Year": "2023",
        "Basin": "Brahmaputra Basin",
        "Sub_Basin": "Brahmaputra Upper",
        "Source": "RESOURCESAT-2, 2A, 10m CARTODEM, NGLM 50k(2011-2012), Lithology-GSI 50k(2011), SISDP-P2-LULC 10k(2018-2023) & India-WRIS"
      }
    },
    {
      "type": "Feature",
      "id": "LS_NAGALAND_2023.619",
      "geometry": {
        "type": "MultiPolygon",
        "coordinates": [
          [
            [
              [
                94.72580543,
                26.30539355
              ],
              [
                94.72580543,
                26.30566514
              ],
              [
                94.72621001,
                26.30566514
              ],
              [
                94.72621001,
                26.30539355
              ],
              [
                94.72580543,
                26.30539355
              ]
            ]
          ]
        ]
      },
      "geometry_name": "the_geom",
      "properties": {
        "Slide_No": "NL/TU/83J11/2023/32",
        "State": "NAGALAND",
        "District": "TUENSANG",
        "Topo_No": "83J11",
        "Latitude": 26.3055,
        "Longitude": 94.726,
        "Length_m": 30.745,
        "Width_m": 14.908,
        "Height_m": 6.86364746094,
        "Area_Sqm": 657.514,
        "Activity": "Active",
        "Geomorpho": "Structural Origin - Highly Dissected Hills and Valleys (Shdhv)",
        "Lithology": "Shale, siltstone, greywacke rhythmite & sandstone (0594), Palaeocene-Eocene",
        "LULC": "Evergreen Open Forest",
        "Triggering": "Rainfall",
        "Year": "2023",
        "Basin": "Brahmaputra Basin",
        "Sub_Basin": "Brahmaputra Upper",
        "Source": "RESOURCESAT-2, 2A, 10m CARTODEM, NGLM 50k(2011-2012), Lithology-GSI 50k(2011), SISDP-P2-LULC 10k(2018-2023) & India-WRIS"
      }
    },
    {
      "type": "Feature",
      "id": "LS_NAGALAND_2023.620",
      "geometry": {
        "type": "MultiPolygon",
        "coordinates": [
          [
            [
              [
                94.69655313,
                26.37654775
              ],
              [
                94.69655313,
                26.37692955
              ],
              [
                94.69694012,
                26.37692955
              ],
              [
                94.69694012,
                26.37654775
              ],
              [
                94.69655313,
                26.37654775
              ]
            ]
          ]
        ]
      },
      "geometry_name": "the_geom",
      "properties": {
        "Slide_No": "NL/TU/83J11/2023/33",
        "State": "NAGALAND",
        "District": "TUENSANG",
        "Topo_No": "83J11",
        "Latitude": 26.3768,
        "Longitude": 94.6967,
        "Length_m": 38.732,
        "Width_m": 31.98,
        "Height_m": 18.4139404297,
        "Area_Sqm": 917.98,
        "Activity": "Active",
        "Geomorpho": "Structural Origin - Moderately Dissected Hills and Valleys (Smdhv)",
        "Lithology": "Flaggy sandstone with subordinate shale (Barail Group) 0541), Eocene-Oligocene",
        "LULC": "Evergreen Open Forest",
        "Triggering": "Rainfall",
        "Year": "2023",
        "Basin": "Brahmaputra Basin",
        "Sub_Basin": "Brahmaputra Upper",
        "Source": "RESOURCESAT-2, 2A, 10m CARTODEM, NGLM 50k(2011-2012), Lithology-GSI 50k(2011), SISDP-P2-LULC 10k(2018-2023) & India-WRIS"
      }
    },
    {
      "type": "Feature",
      "id": "LS_NAGALAND_2023.631",
      "geometry": {
        "type": "MultiPolygon",
        "coordinates": [
          [
            [
              [
                95.0057656,
                26.64466636
              ],
              [
                95.0057656,
                26.6449084
              ],
              [
                95.00598127,
                26.6449084
              ],
              [
                95.00598127,
                26.64466636
              ],
              [
                95.0057656,
                26.64466636
              ]
            ]
          ]
        ]
      },
      "geometry_name": "the_geom",
      "properties": {
        "Slide_No": "NL/MN/83N2/2023/14",
        "State": "NAGALAND",
        "District": "MON",
        "Topo_No": "83N2",
        "Latitude": 26.6448,
        "Longitude": 95.0059,
        "Length_m": 25.427,
        "Width_m": 22.515,
        "Height_m": 11.5042114258,
        "Area_Sqm": 439.168,
        "Activity": "Active",
        "Geomorpho": "Structural Origin - Highly Dissected Hills and Valleys (Shdhv)",
        "Lithology": "Flaggy sandstone with subordinate shale (Barail Group) 0541), Eocene-Oligocene",
        "LULC": "Others - Shifting Cultivation",
        "Triggering": "Rainfall",
        "Year": "2023",
        "Basin": "Brahmaputra Basin",
        "Sub_Basin": "Brahmaputra Upper",
        "Source": "RESOURCESAT-2, 2A, 10m CARTODEM, NGLM 50k(2011-2012), Lithology-GSI 50k(2011), SISDP-P2-LULC 10k(2018-2023) & India-WRIS"
      }
    },
    {
      "type": "Feature",
      "id": "LS_NAGALAND_2023.638",
      "geometry": {
        "type": "MultiPolygon",
        "coordinates": [
          [
            [
              [
                95.00408886,
                26.17709977
              ],
              [
                95.00408886,
                26.17728319
              ],
              [
                95.00429289,
                26.17728319
              ],
              [
                95.00429289,
                26.17709977
              ],
              [
                95.00408886,
                26.17709977
              ]
            ]
          ]
        ]
      },
      "geometry_name": "the_geom",
      "properties": {
        "Slide_No": "NL/NOK/83N4/2023/16",
        "State": "NAGALAND",
        "District": "NOKLAK",
        "Topo_No": "83N4",
        "Latitude": 26.1772,
        "Longitude": 95.0042,
        "Length_m": 25.538,
        "Width_m": 13.792,
        "Height_m": 6.17205810547,
        "Area_Sqm": 269.742,
        "Activity": "Active",
        "Geomorpho": "Structural Origin - Moderately Dissected Hills and Valleys - Valley (Smdhv-v)",
        "Lithology": "Shale, greywacke with rythmite, slate & phyllite (0598), Palaeocene-Eocene",
        "LULC": "Others - Shifting Cultivation",
        "Triggering": "Rainfall",
        "Year": "2023",
        "Basin": "Minor rivers draining into Myanmar Basin",
        "Sub_Basin": "Imphal and others",
        "Source": "RESOURCESAT-2, 2A, 10m CARTODEM, NGLM 50k(2011-2012), Lithology-GSI 50k(2011), SISDP-P2-LULC 10k(2018-2023) & India-WRIS"
      }
    },
    {
      "type": "Feature",
      "id": "LS_NAGALAND_2023.642",
      "geometry": {
        "type": "MultiPolygon",
        "coordinates": [
          [
            [
              [
                94.20213546,
                26.11133714
              ],
              [
                94.20213546,
                26.11158743
              ],
              [
                94.20234352,
                26.11158743
              ],
              [
                94.20234352,
                26.11133714
              ],
              [
                94.20213546,
                26.11133714
              ]
            ]
          ]
        ]
      },
      "geometry_name": "the_geom",
      "properties": {
        "Slide_No": "NL/WO/83J4/2023/21",
        "State": "NAGALAND",
        "District": "WOKHA",
        "Topo_No": "83J4",
        "Latitude": 26.1115,
        "Longitude": 94.2022,
        "Length_m": 29.077,
        "Width_m": 19.666,
        "Height_m": 5.46176147461,
        "Area_Sqm": 455.689,
        "Activity": "Active",
        "Geomorpho": "Structural Origin - Moderately Dissected Hills and Valleys (Smdhv)",
        "Lithology": "Shale, siltstone, greywacke rhythmite & sandstone (0594), Palaeocene-Eocene",
        "LULC": "Deciduous Open Forest",
        "Triggering": "Rainfall",
        "Year": "2023",
        "Basin": "Brahmaputra Basin",
        "Sub_Basin": "Brahmaputra Upper",
        "Source": "RESOURCESAT-2, 2A, 10m CARTODEM, NGLM 50k(2011-2012), Lithology-GSI 50k(2011), SISDP-P2-LULC 10k(2018-2023) & India-WRIS"
      }
    },
    {
      "type": "Feature",
      "id": "LS_NAGALAND_2023.643",
      "geometry": {
        "type": "MultiPolygon",
        "coordinates": [
          [
            [
              [
                94.30512226,
                26.08097174
              ],
              [
                94.30512226,
                26.08113502
              ],
              [
                94.3052725,
                26.08113502
              ],
              [
                94.3052725,
                26.08097174
              ],
              [
                94.30512226,
                26.08097174
              ]
            ]
          ]
        ]
      },
      "geometry_name": "the_geom",
      "properties": {
        "Slide_No": "NL/WO/83J8/2023/70",
        "State": "NAGALAND",
        "District": "WOKHA",
        "Topo_No": "83J8",
        "Latitude": 26.0811,
        "Longitude": 94.3052,
        "Length_m": 18.328,
        "Width_m": 14.797,
        "Height_m": 9.25402832031,
        "Area_Sqm": 211.218,
        "Activity": "Active",
        "Geomorpho": "Structural Origin - Low Dissected Hills and Valleys (Sldhv)",
        "Lithology": "Flaggy sandstone with subordinate shale (Barail Group) 0541), Eocene-Oligocene",
        "LULC": "Evergreen Open Forest",
        "Triggering": "Rainfall",
        "Year": "2023",
        "Basin": "Brahmaputra Basin",
        "Sub_Basin": "Brahmaputra Upper",
        "Source": "RESOURCESAT-2, 2A, 10m CARTODEM, NGLM 50k(2011-2012), Lithology-GSI 50k(2011), SISDP-P2-LULC 10k(2018-2023) & India-WRIS"
      }
    },
    {
      "type": "Feature",
      "id": "LS_NAGALAND_2023.644",
      "geometry": {
        "type": "MultiPolygon",
        "coordinates": [
          [
            [
              [
                94.19377554,
                26.07531566
              ],
              [
                94.19377554,
                26.07582029
              ],
              [
                94.1940613,
                26.07582029
              ],
              [
                94.1940613,
                26.07531566
              ],
              [
                94.19377554,
                26.07531566
              ]
            ]
          ]
        ]
      },
      "geometry_name": "the_geom",
      "properties": {
        "Slide_No": "NL/WO/83J4/2023/22",
        "State": "NAGALAND",
        "District": "WOKHA",
        "Topo_No": "83J4",
        "Latitude": 26.0756,
        "Longitude": 94.1939,
        "Length_m": 57.42,
        "Width_m": 19.987,
        "Height_m": 23.5563964844,
        "Area_Sqm": 787.437,
        "Activity": "Active",
        "Geomorpho": "Structural Origin - Moderately Dissected Hills and Valleys (Smdhv)",
        "Lithology": "Flaggy sandstone with subordinate shale (Barail Group) 0541), Eocene-Oligocene",
        "LULC": "Deciduous Open Forest",
        "Triggering": "Rainfall",
        "Year": "2023",
        "Basin": "Brahmaputra Basin",
        "Sub_Basin": "Brahmaputra Upper",
        "Source": "RESOURCESAT-2, 2A, 10m CARTODEM, NGLM 50k(2011-2012), Lithology-GSI 50k(2011), SISDP-P2-LULC 10k(2018-2023) & India-WRIS"
      }
    },
    {
      "type": "Feature",
      "id": "LS_NAGALAND_2023.645",
      "geometry": {
        "type": "MultiPolygon",
        "coordinates": [
          [
            [
              [
                94.32228389,
                26.05557327
              ],
              [
                94.32228389,
                26.05580228
              ],
              [
                94.32253422,
                26.05580228
              ],
              [
                94.32253422,
                26.05557327
              ],
              [
                94.32228389,
                26.05557327
              ]
            ]
          ]
        ]
      },
      "geometry_name": "the_geom",
      "properties": {
        "Slide_No": "NL/WO/83J8/2023/71",
        "State": "NAGALAND",
        "District": "WOKHA",
        "Topo_No": "83J8",
        "Latitude": 26.0557,
        "Longitude": 94.3224,
        "Length_m": 28.261,
        "Width_m": 16.907,
        "Height_m": 11.9577026367,
        "Area_Sqm": 387.277,
        "Activity": "Active",
        "Geomorpho": "Structural Origin - Moderately Dissected Hills and Valleys - Valley (Smdhv-v)",
        "Lithology": "Shale, siltstone, greywacke rhythmite & sandstone (0594), Palaeocene-Eocene",
        "LULC": "Evergreen Open Forest",
        "Triggering": "Rainfall",
        "Year": "2023",
        "Basin": "Brahmaputra Basin",
        "Sub_Basin": "Brahmaputra Upper",
        "Source": "RESOURCESAT-2, 2A, 10m CARTODEM, NGLM 50k(2011-2012), Lithology-GSI 50k(2011), SISDP-P2-LULC 10k(2018-2023) & India-WRIS"
      }
    },
    {
      "type": "Feature",
      "id": "LS_NAGALAND_2023.646",
      "geometry": {
        "type": "MultiPolygon",
        "coordinates": [
          [
            [
              [
                94.31733957,
                26.04726598
              ],
              [
                94.31733957,
                26.04752148
              ],
              [
                94.31765541,
                26.04752148
              ],
              [
                94.31765541,
                26.04726598
              ],
              [
                94.31733957,
                26.04726598
              ]
            ]
          ]
        ]
      },
      "geometry_name": "the_geom",
      "properties": {
        "Slide_No": "NL/WO/83J8/2023/72",
        "State": "NAGALAND",
        "District": "WOKHA",
        "Topo_No": "83J8",
        "Latitude": 26.0474,
        "Longitude": 94.3175,
        "Length_m": 37.593,
        "Width_m": 16.226,
        "Height_m": 12.392578125,
        "Area_Sqm": 448.377,
        "Activity": "Active",
        "Geomorpho": "Structural Origin - Moderately Dissected Hills and Valleys (Smdhv)",
        "Lithology": "Shale, siltstone, greywacke rhythmite & sandstone (0594), Palaeocene-Eocene",
        "LULC": "Evergreen Open Forest",
        "Triggering": "Rainfall",
        "Year": "2023",
        "Basin": "Brahmaputra Basin",
        "Sub_Basin": "Brahmaputra Upper",
        "Source": "RESOURCESAT-2, 2A, 10m CARTODEM, NGLM 50k(2011-2012), Lithology-GSI 50k(2011), SISDP-P2-LULC 10k(2018-2023) & India-WRIS"
      }
    },
    {
      "type": "Feature",
      "id": "LS_NAGALAND_2023.647",
      "geometry": {
        "type": "MultiPolygon",
        "coordinates": [
          [
            [
              [
                94.03920103,
                26.03784184
              ],
              [
                94.03920103,
                26.03820869
              ],
              [
                94.03937773,
                26.03820869
              ],
              [
                94.03937773,
                26.03784184
              ],
              [
                94.03920103,
                26.03784184
              ]
            ]
          ]
        ]
      },
      "geometry_name": "the_geom",
      "properties": {
        "Slide_No": "NL/WO/83J4/2023/23",
        "State": "NAGALAND",
        "District": "WOKHA",
        "Topo_No": "83J4",
        "Latitude": 26.038,
        "Longitude": 94.0393,
        "Length_m": 40.596,
        "Width_m": 16.662,
        "Height_m": 15.6355438232,
        "Area_Sqm": 497.496,
        "Activity": "Active",
        "Geomorpho": "Structural Origin - Highly Dissected Hills and Valleys (Shdhv)",
        "Lithology": "Sandstone with coal (Barail Group) 0525), Eocene-Oligocene",
        "LULC": "Deciduous Closed Forest",
        "Triggering": "Rainfall",
        "Year": "2023",
        "Basin": "Brahmaputra Basin",
        "Sub_Basin": "Brahmaputra Upper",
        "Source": "RESOURCESAT-2, 2A, 10m CARTODEM, NGLM 50k(2011-2012), Lithology-GSI 50k(2011), SISDP-P2-LULC 10k(2018-2023) & India-WRIS"
      }
    },
    {
      "type": "Feature",
      "id": "LS_NAGALAND_2023.648",
      "geometry": {
        "type": "MultiPolygon",
        "coordinates": [
          [
            [
              [
                94.05454126,
                26.03728063
              ],
              [
                94.05454126,
                26.03746975
              ],
              [
                94.05480203,
                26.03746975
              ],
              [
                94.05480203,
                26.03728063
              ],
              [
                94.05454126,
                26.03728063
              ]
            ]
          ]
        ]
      },
      "geometry_name": "the_geom",
      "properties": {
        "Slide_No": "NL/WO/83J4/2023/24",
        "State": "NAGALAND",
        "District": "WOKHA",
        "Topo_No": "83J4",
        "Latitude": 26.0374,
        "Longitude": 94.0547,
        "Length_m": 29.867,
        "Width_m": 14.69,
        "Height_m": 10.0897521973,
        "Area_Sqm": 345.007,
        "Activity": "Active",
        "Geomorpho": "Structural Origin - Moderately Dissected Hills and Valleys (Smdhv)",
        "Lithology": "Shale, siltstone, ferruginous sandstone & mudstone (Surma Group) 0485), Miocene",
        "LULC": "Deciduous Open Forest",
        "Triggering": "Rainfall",
        "Year": "2023",
        "Basin": "Brahmaputra Basin",
        "Sub_Basin": "Brahmaputra Upper",
        "Source": "RESOURCESAT-2, 2A, 10m CARTODEM, NGLM 50k(2011-2012), Lithology-GSI 50k(2011), SISDP-P2-LULC 10k(2018-2023) & India-WRIS"
      }
    },
    {
      "type": "Feature",
      "id": "LS_NAGALAND_2023.649",
      "geometry": {
        "type": "MultiPolygon",
        "coordinates": [
          [
            [
              [
                94.05478212,
                26.03449408
              ],
              [
                94.05478212,
                26.03469632
              ],
              [
                94.05510389,
                26.03469632
              ],
              [
                94.05510389,
                26.03449408
              ],
              [
                94.05478212,
                26.03449408
              ]
            ]
          ]
        ]
      },
      "geometry_name": "the_geom",
      "properties": {
        "Slide_No": "NL/WO/83J4/2023/25",
        "State": "NAGALAND",
        "District": "WOKHA",
        "Topo_No": "83J4",
        "Latitude": 26.0346,
        "Longitude": 94.055,
        "Length_m": 35.059,
        "Width_m": 16.278,
        "Height_m": 4.05029296875,
        "Area_Sqm": 461.147,
        "Activity": "Active",
        "Geomorpho": "Structural Origin - Moderately Dissected Hills and Valleys (Smdhv)",
        "Lithology": "Shale, siltstone, ferruginous sandstone & mudstone (Surma Group) 0485), Miocene",
        "LULC": "Deciduous Open Forest",
        "Triggering": "Rainfall",
        "Year": "2023",
        "Basin": "Brahmaputra Basin",
        "Sub_Basin": "Brahmaputra Upper",
        "Source": "RESOURCESAT-2, 2A, 10m CARTODEM, NGLM 50k(2011-2012), Lithology-GSI 50k(2011), SISDP-P2-LULC 10k(2018-2023) & India-WRIS"
      }
    },
    {
      "type": "Feature",
      "id": "LS_NAGALAND_2023.650",
      "geometry": {
        "type": "MultiPolygon",
        "coordinates": [
          [
            [
              [
                94.04486025,
                26.03358425
              ],
              [
                94.04486025,
                26.03382691
              ],
              [
                94.04525327,
                26.03382691
              ],
              [
                94.04525327,
                26.03358425
              ],
              [
                94.04486025,
                26.03358425
              ]
            ]
          ]
        ]
      },
      "geometry_name": "the_geom",
      "properties": {
        "Slide_No": "NL/WO/83J4/2023/26",
        "State": "NAGALAND",
        "District": "WOKHA",
        "Topo_No": "83J4",
        "Latitude": 26.0337,
        "Longitude": 94.0451,
        "Length_m": 41.75,
        "Width_m": 23.496,
        "Height_m": 15.0725097656,
        "Area_Sqm": 605.422,
        "Activity": "Active",
        "Geomorpho": "Structural Origin - Moderately Dissected Hills and Valleys (Smdhv)",
        "Lithology": "Sandstone with coal (Barail Group) 0525), Eocene-Oligocene",
        "LULC": "Deciduous Open Forest",
        "Triggering": "Rainfall",
        "Year": "2023",
        "Basin": "Brahmaputra Basin",
        "Sub_Basin": "Brahmaputra Upper",
        "Source": "RESOURCESAT-2, 2A, 10m CARTODEM, NGLM 50k(2011-2012), Lithology-GSI 50k(2011), SISDP-P2-LULC 10k(2018-2023) & India-WRIS"
      }
    },
    {
      "type": "Feature",
      "id": "LS_NAGALAND_2023.651",
      "geometry": {
        "type": "MultiPolygon",
        "coordinates": [
          [
            [
              [
                94.04514301,
                26.03246685
              ],
              [
                94.04514301,
                26.03344998
              ],
              [
                94.0456035,
                26.03344998
              ],
              [
                94.0456035,
                26.03246685
              ],
              [
                94.04514301,
                26.03246685
              ]
            ]
          ]
        ]
      },
      "geometry_name": "the_geom",
      "properties": {
        "Slide_No": "NL/WO/83J4/2023/27",
        "State": "NAGALAND",
        "District": "WOKHA",
        "Topo_No": "83J4",
        "Latitude": 26.0329,
        "Longitude": 94.0454,
        "Length_m": 109.766,
        "Width_m": 31.157,
        "Height_m": 8.45672607422,
        "Area_Sqm": 2117.8,
        "Activity": "Active",
        "Geomorpho": "Structural Origin - Moderately Dissected Hills and Valleys (Smdhv)",
        "Lithology": "Sandstone with coal (Barail Group) 0525), Eocene-Oligocene",
        "LULC": "Deciduous Open Forest",
        "Triggering": "Rainfall",
        "Year": "2023",
        "Basin": "Brahmaputra Basin",
        "Sub_Basin": "Brahmaputra Upper",
        "Source": "RESOURCESAT-2, 2A, 10m CARTODEM, NGLM 50k(2011-2012), Lithology-GSI 50k(2011), SISDP-P2-LULC 10k(2018-2023) & India-WRIS"
      }
    },
    {
      "type": "Feature",
      "id": "LS_NAGALAND_2023.652",
      "geometry": {
        "type": "MultiPolygon",
        "coordinates": [
          [
            [
              [
                94.32370142,
                26.01956239
              ],
              [
                94.32370142,
                26.01986472
              ],
              [
                94.32390461,
                26.01986472
              ],
              [
                94.32390461,
                26.01956239
              ],
              [
                94.32370142,
                26.01956239
              ]
            ]
          ]
        ]
      },
      "geometry_name": "the_geom",
      "properties": {
        "Slide_No": "NL/WO/83J8/2023/73",
        "State": "NAGALAND",
        "District": "WOKHA",
        "Topo_No": "83J8",
        "Latitude": 26.0197,
        "Longitude": 94.3238,
        "Length_m": 34.583,
        "Width_m": 18.84,
        "Height_m": 7.88873291016,
        "Area_Sqm": 459.894,
        "Activity": "Active",
        "Geomorpho": "Structural Origin - Moderately Dissected Hills and Valleys - Valley (Smdhv-v)",
        "Lithology": "Shale, greywacke with rythmite, slate & phyllite (0598), Palaeocene-Eocene",
        "LULC": "Evergreen Open Forest",
        "Triggering": "Rainfall",
        "Year": "2023",
        "Basin": "Brahmaputra Basin",
        "Sub_Basin": "Brahmaputra Upper",
        "Source": "RESOURCESAT-2, 2A, 10m CARTODEM, NGLM 50k(2011-2012), Lithology-GSI 50k(2011), SISDP-P2-LULC 10k(2018-2023) & India-WRIS"
      }
    },
    {
      "type": "Feature",
      "id": "LS_NAGALAND_2023.653",
      "geometry": {
        "type": "MultiPolygon",
        "coordinates": [
          [
            [
              [
                94.31883574,
                25.97684085
              ],
              [
                94.31883574,
                25.97707288
              ],
              [
                94.31902677,
                25.97707288
              ],
              [
                94.31902677,
                25.97684085
              ],
              [
                94.31883574,
                25.97684085
              ]
            ]
          ]
        ]
      },
      "geometry_name": "the_geom",
      "properties": {
        "Slide_No": "NL/ZU/83K5/2023/84",
        "State": "NAGALAND",
        "District": "ZUNHEBOTO",
        "Topo_No": "83K5",
        "Latitude": 25.9769,
        "Longitude": 94.3189,
        "Length_m": 27.038,
        "Width_m": 16.378,
        "Height_m": 11.1479492188,
        "Area_Sqm": 330.394,
        "Activity": "Active",
        "Geomorpho": "Structural Origin - Moderately Dissected Hills and Valleys (Smdhv)",
        "Lithology": "Shale, greywacke with rythmite, slate & phyllite (0598), Palaeocene-Eocene",
        "LULC": "Semi- Evergreen Open Forest",
        "Triggering": "Rainfall",
        "Year": "2023",
        "Basin": "Brahmaputra Basin",
        "Sub_Basin": "Brahmaputra Upper",
        "Source": "RESOURCESAT-2, 2A, 10m CARTODEM, NGLM 50k(2011-2012), Lithology-GSI 50k(2011), SISDP-P2-LULC 10k(2018-2023) & India-WRIS"
      }
    },
    {
      "type": "Feature",
      "id": "LS_NAGALAND_2023.654",
      "geometry": {
        "type": "MultiPolygon",
        "coordinates": [
          [
            [
              [
                94.31692821,
                25.97667446
              ],
              [
                94.31692821,
                25.97682263
              ],
              [
                94.31705634,
                25.97682263
              ],
              [
                94.31705634,
                25.97667446
              ],
              [
                94.31692821,
                25.97667446
              ]
            ]
          ]
        ]
      },
      "geometry_name": "the_geom",
      "properties": {
        "Slide_No": "NL/ZU/83K5/2023/85",
        "State": "NAGALAND",
        "District": "ZUNHEBOTO",
        "Topo_No": "83K5",
        "Latitude": 25.9767,
        "Longitude": 94.317,
        "Length_m": 16.383,
        "Width_m": 12.846,
        "Height_m": 8.23974609375,
        "Area_Sqm": 165.127,
        "Activity": "Active",
        "Geomorpho": "Structural Origin - Moderately Dissected Hills and Valleys (Smdhv)",
        "Lithology": "Shale, greywacke with rythmite, slate & phyllite (0598), Palaeocene-Eocene",
        "LULC": "Semi- Evergreen Open Forest",
        "Triggering": "Rainfall",
        "Year": "2023",
        "Basin": "Brahmaputra Basin",
        "Sub_Basin": "Brahmaputra Upper",
        "Source": "RESOURCESAT-2, 2A, 10m CARTODEM, NGLM 50k(2011-2012), Lithology-GSI 50k(2011), SISDP-P2-LULC 10k(2018-2023) & India-WRIS"
      }
    },
    {
      "type": "Feature",
      "id": "LS_NAGALAND_2023.655",
      "geometry": {
        "type": "MultiPolygon",
        "coordinates": [
          [
            [
              [
                94.23326105,
                25.96000669
              ],
              [
                94.23326105,
                25.96049648
              ],
              [
                94.23377157,
                25.96049648
              ],
              [
                94.23377157,
                25.96000669
              ],
              [
                94.23326105,
                25.96000669
              ]
            ]
          ]
        ]
      },
      "geometry_name": "the_geom",
      "properties": {
        "Slide_No": "NL/TSE/83K1/2023/54",
        "State": "NAGALAND",
        "District": "TSEMINYU",
        "Topo_No": "83K1",
        "Latitude": 25.9603,
        "Longitude": 94.2336,
        "Length_m": 64.036,
        "Width_m": 29.223,
        "Height_m": 26.4025268555,
        "Area_Sqm": 852.684,
        "Activity": "Reactivated",
        "Geomorpho": "Structural Origin - Highly Dissected Hills and Valleys (Shdhv)",
        "Lithology": "Shale, siltstone, greywacke rhythmite & sandstone (0594), Palaeocene-Eocene",
        "LULC": "Semi- Evergreen Open Forest",
        "Triggering": "Rainfall",
        "Year": "2023",
        "Basin": "Brahmaputra Basin",
        "Sub_Basin": "Brahmaputra Upper",
        "Source": "RESOURCESAT-2, 2A, 10m CARTODEM, NGLM 50k(2011-2012), Lithology-GSI 50k(2011), SISDP-P2-LULC 10k(2018-2023) & India-WRIS"
      }
    },
    {
      "type": "Feature",
      "id": "LS_NAGALAND_2023.656",
      "geometry": {
        "type": "MultiPolygon",
        "coordinates": [
          [
            [
              [
                94.32427193,
                25.96288655
              ],
              [
                94.32427193,
                25.96314543
              ],
              [
                94.32443836,
                25.96314543
              ],
              [
                94.32443836,
                25.96288655
              ],
              [
                94.32427193,
                25.96288655
              ]
            ]
          ]
        ]
      },
      "geometry_name": "the_geom",
      "properties": {
        "Slide_No": "NL/ZU/83K5/2023/86",
        "State": "NAGALAND",
        "District": "ZUNHEBOTO",
        "Topo_No": "83K5",
        "Latitude": 25.963,
        "Longitude": 94.3244,
        "Length_m": 28.78,
        "Width_m": 16.527,
        "Height_m": 19.3571166992,
        "Area_Sqm": 358.328,
        "Activity": "Active",
        "Geomorpho": "Structural Origin - Moderately Dissected Hills and Valleys - Valley (Smdhv-v)",
        "Lithology": "Shale, greywacke with rythmite, slate & phyllite (0598), Palaeocene-Eocene",
        "LULC": "Others - Shifting Cultivation",
        "Triggering": "Rainfall",
        "Year": "2023",
        "Basin": "Brahmaputra Basin",
        "Sub_Basin": "Brahmaputra Upper",
        "Source": "RESOURCESAT-2, 2A, 10m CARTODEM, NGLM 50k(2011-2012), Lithology-GSI 50k(2011), SISDP-P2-LULC 10k(2018-2023) & India-WRIS"
      }
    },
    {
      "type": "Feature",
      "id": "LS_NAGALAND_2023.657",
      "geometry": {
        "type": "MultiPolygon",
        "coordinates": [
          [
            [
              [
                94.32734721,
                25.95110431
              ],
              [
                94.32734721,
                25.95126823
              ],
              [
                94.32767559,
                25.95126823
              ],
              [
                94.32767559,
                25.95110431
              ],
              [
                94.32734721,
                25.95110431
              ]
            ]
          ]
        ]
      },
      "geometry_name": "the_geom",
      "properties": {
        "Slide_No": "NL/ZU/83K5/2023/87",
        "State": "NAGALAND",
        "District": "ZUNHEBOTO",
        "Topo_No": "83K5",
        "Latitude": 25.9512,
        "Longitude": 94.3275,
        "Length_m": 33.531,
        "Width_m": 17.344,
        "Height_m": 10.8714599609,
        "Area_Sqm": 430.377,
        "Activity": "Active",
        "Geomorpho": "Structural Origin - Moderately Dissected Hills and Valleys (Smdhv)",
        "Lithology": "Shale, greywacke with rythmite, slate & phyllite (0598), Palaeocene-Eocene",
        "LULC": "Semi- Evergreen Open Forest",
        "Triggering": "Rainfall",
        "Year": "2023",
        "Basin": "Brahmaputra Basin",
        "Sub_Basin": "Brahmaputra Upper",
        "Source": "RESOURCESAT-2, 2A, 10m CARTODEM, NGLM 50k(2011-2012), Lithology-GSI 50k(2011), SISDP-P2-LULC 10k(2018-2023) & India-WRIS"
      }
    },
    {
      "type": "Feature",
      "id": "LS_NAGALAND_2023.658",
      "geometry": {
        "type": "MultiPolygon",
        "coordinates": [
          [
            [
              [
                94.29646907,
                25.94437521
              ],
              [
                94.29646907,
                25.94509555
              ],
              [
                94.29705708,
                25.94509555
              ],
              [
                94.29705708,
                25.94437521
              ],
              [
                94.29646907,
                25.94437521
              ]
            ]
          ]
        ]
      },
      "geometry_name": "the_geom",
      "properties": {
        "Slide_No": "NL/ZU/83K5/2023/88",
        "State": "NAGALAND",
        "District": "ZUNHEBOTO",
        "Topo_No": "83K5",
        "Latitude": 25.9447,
        "Longitude": 94.2967,
        "Length_m": 94.265,
        "Width_m": 22.906,
        "Height_m": 69.2350463867,
        "Area_Sqm": 1288.39,
        "Activity": "Active",
        "Geomorpho": "Structural Origin - Moderately Dissected Hills and Valleys (Smdhv)",
        "Lithology": "Shale, greywacke with rythmite, slate & phyllite (0598), Palaeocene-Eocene",
        "LULC": "Semi- Evergreen Open Forest",
        "Triggering": "Rainfall",
        "Year": "2023",
        "Basin": "Brahmaputra Basin",
        "Sub_Basin": "Brahmaputra Upper",
        "Source": "RESOURCESAT-2, 2A, 10m CARTODEM, NGLM 50k(2011-2012), Lithology-GSI 50k(2011), SISDP-P2-LULC 10k(2018-2023) & India-WRIS"
      }
    },
    {
      "type": "Feature",
      "id": "LS_NAGALAND_2023.659",
      "geometry": {
        "type": "MultiPolygon",
        "coordinates": [
          [
            [
              [
                94.33584765,
                25.94432415
              ],
              [
                94.33584765,
                25.94472557
              ],
              [
                94.33630787,
                25.94472557
              ],
              [
                94.33630787,
                25.94432415
              ],
              [
                94.33584765,
                25.94432415
              ]
            ]
          ]
        ]
      },
      "geometry_name": "the_geom",
      "properties": {
        "Slide_No": "NL/ZU/83K5/2023/89",
        "State": "NAGALAND",
        "District": "ZUNHEBOTO",
        "Topo_No": "83K5",
        "Latitude": 25.9446,
        "Longitude": 94.3361,
        "Length_m": 44.923,
        "Width_m": 41.267,
        "Height_m": 39.8360290527,
        "Area_Sqm": 1130.63,
        "Activity": "Active",
        "Geomorpho": "Structural Origin - Moderately Dissected Hills and Valleys (Smdhv)",
        "Lithology": "Shale, greywacke with rythmite, slate & phyllite (0598), Palaeocene-Eocene",
        "LULC": "Semi- Evergreen Open Forest",
        "Triggering": "Rainfall",
        "Year": "2023",
        "Basin": "Brahmaputra Basin",
        "Sub_Basin": "Brahmaputra Upper",
        "Source": "RESOURCESAT-2, 2A, 10m CARTODEM, NGLM 50k(2011-2012), Lithology-GSI 50k(2011), SISDP-P2-LULC 10k(2018-2023) & India-WRIS"
      }
    },
    {
      "type": "Feature",
      "id": "LS_NAGALAND_2023.660",
      "geometry": {
        "type": "MultiPolygon",
        "coordinates": [
          [
            [
              [
                94.29937352,
                25.94108425
              ],
              [
                94.29937352,
                25.94130861
              ],
              [
                94.29955388,
                25.94130861
              ],
              [
                94.29955388,
                25.94108425
              ],
              [
                94.29937352,
                25.94108425
              ]
            ]
          ]
        ]
      },
      "geometry_name": "the_geom",
      "properties": {
        "Slide_No": "NL/ZU/83K5/2023/90",
        "State": "NAGALAND",
        "District": "ZUNHEBOTO",
        "Topo_No": "83K5",
        "Latitude": 25.9412,
        "Longitude": 94.2995,
        "Length_m": 26.124,
        "Width_m": 15.517,
        "Height_m": 6.38690185547,
        "Area_Sqm": 306.72,
        "Activity": "Active",
        "Geomorpho": "Structural Origin - Moderately Dissected Hills and Valleys - Valley (Smdhv-v)",
        "Lithology": "Shale, greywacke with rythmite, slate & phyllite (0598), Palaeocene-Eocene",
        "LULC": "Semi- Evergreen Open Forest",
        "Triggering": "Rainfall",
        "Year": "2023",
        "Basin": "Brahmaputra Basin",
        "Sub_Basin": "Brahmaputra Upper",
        "Source": "RESOURCESAT-2, 2A, 10m CARTODEM, NGLM 50k(2011-2012), Lithology-GSI 50k(2011), SISDP-P2-LULC 10k(2018-2023) & India-WRIS"
      }
    },
    {
      "type": "Feature",
      "id": "LS_NAGALAND_2023.672",
      "geometry": {
        "type": "MultiPolygon",
        "coordinates": [
          [
            [
              [
                94.2945927,
                25.93596681
              ],
              [
                94.2945927,
                25.93648112
              ],
              [
                94.29513956,
                25.93648112
              ],
              [
                94.29513956,
                25.93596681
              ],
              [
                94.2945927,
                25.93596681
              ]
            ]
          ]
        ]
      },
      "geometry_name": "the_geom",
      "properties": {
        "Slide_No": "NL/ZU/83K5/2023/99",
        "State": "NAGALAND",
        "District": "ZUNHEBOTO",
        "Topo_No": "83K5",
        "Latitude": 25.9362,
        "Longitude": 94.2948,
        "Length_m": 64.637,
        "Width_m": 32.841,
        "Height_m": 40.8297119141,
        "Area_Sqm": 1491.27,
        "Activity": "Reactivated",
        "Geomorpho": "Structural Origin - Highly Dissected Hills and Valleys (Shdhv)",
        "Lithology": "Shale, greywacke with rythmite, slate & phyllite (0598), Palaeocene-Eocene",
        "LULC": "Semi- Evergreen Open Forest",
        "Triggering": "Rainfall",
        "Year": "2023",
        "Basin": "Brahmaputra Basin",
        "Sub_Basin": "Brahmaputra Upper",
        "Source": "RESOURCESAT-2, 2A, 10m CARTODEM, NGLM 50k(2011-2012), Lithology-GSI 50k(2011), SISDP-P2-LULC 10k(2018-2023) & India-WRIS"
      }
    },
    {
      "type": "Feature",
      "id": "LS_NAGALAND_2023.673",
      "geometry": {
        "type": "MultiPolygon",
        "coordinates": [
          [
            [
              [
                94.29630322,
                25.94017521
              ],
              [
                94.29630322,
                25.94045552
              ],
              [
                94.29646765,
                25.94045552
              ],
              [
                94.29646765,
                25.94017521
              ],
              [
                94.29630322,
                25.94017521
              ]
            ]
          ]
        ]
      },
      "geometry_name": "the_geom",
      "properties": {
        "Slide_No": "NL/ZU/83K5/2023/100",
        "State": "NAGALAND",
        "District": "ZUNHEBOTO",
        "Topo_No": "83K5",
        "Latitude": 25.9403,
        "Longitude": 94.2964,
        "Length_m": 31.663,
        "Width_m": 14.017,
        "Height_m": 12.1599121094,
        "Area_Sqm": 327.209,
        "Activity": "Active",
        "Geomorpho": "Structural Origin - Highly Dissected Hills and Valleys (Shdhv)",
        "Lithology": "Shale, greywacke with rythmite, slate & phyllite (0598), Palaeocene-Eocene",
        "LULC": "Semi- Evergreen Open Forest",
        "Triggering": "Rainfall",
        "Year": "2023",
        "Basin": "Brahmaputra Basin",
        "Sub_Basin": "Brahmaputra Upper",
        "Source": "RESOURCESAT-2, 2A, 10m CARTODEM, NGLM 50k(2011-2012), Lithology-GSI 50k(2011), SISDP-P2-LULC 10k(2018-2023) & India-WRIS"
      }
    },
    {
      "type": "Feature",
      "id": "LS_NAGALAND_2023.674",
      "geometry": {
        "type": "MultiPolygon",
        "coordinates": [
          [
            [
              [
                94.29703264,
                25.94029865
              ],
              [
                94.29703264,
                25.9405401
              ],
              [
                94.29727554,
                25.9405401
              ],
              [
                94.29727554,
                25.94029865
              ],
              [
                94.29703264,
                25.94029865
              ]
            ]
          ]
        ]
      },
      "geometry_name": "the_geom",
      "properties": {
        "Slide_No": "NL/ZU/83K5/2023/101",
        "State": "NAGALAND",
        "District": "ZUNHEBOTO",
        "Topo_No": "83K5",
        "Latitude": 25.9404,
        "Longitude": 94.2972,
        "Length_m": 29.125,
        "Width_m": 19.097,
        "Height_m": 14.5758361816,
        "Area_Sqm": 432.717,
        "Activity": "Active",
        "Geomorpho": "Structural Origin - Highly Dissected Hills and Valleys (Shdhv)",
        "Lithology": "Shale, greywacke with rythmite, slate & phyllite (0598), Palaeocene-Eocene",
        "LULC": "Semi- Evergreen Open Forest",
        "Triggering": "Rainfall",
        "Year": "2023",
        "Basin": "Brahmaputra Basin",
        "Sub_Basin": "Brahmaputra Upper",
        "Source": "RESOURCESAT-2, 2A, 10m CARTODEM, NGLM 50k(2011-2012), Lithology-GSI 50k(2011), SISDP-P2-LULC 10k(2018-2023) & India-WRIS"
      }
    },
    {
      "type": "Feature",
      "id": "LS_NAGALAND_2023.675",
      "geometry": {
        "type": "MultiPolygon",
        "coordinates": [
          [
            [
              [
                94.31556249,
                26.04594978
              ],
              [
                94.31556249,
                26.04621603
              ],
              [
                94.31576127,
                26.04621603
              ],
              [
                94.31576127,
                26.04594978
              ],
              [
                94.31556249,
                26.04594978
              ]
            ]
          ]
        ]
      },
      "geometry_name": "the_geom",
      "properties": {
        "Slide_No": "NL/WO/83J8/2023/74",
        "State": "NAGALAND",
        "District": "WOKHA",
        "Topo_No": "83J8",
        "Latitude": 26.0461,
        "Longitude": 94.3157,
        "Length_m": 28.506,
        "Width_m": 19.911,
        "Height_m": 11.5452880859,
        "Area_Sqm": 440.776,
        "Activity": "Active",
        "Geomorpho": "Structural Origin - Moderately Dissected Hills and Valleys (Smdhv)",
        "Lithology": "Shale, siltstone, greywacke rhythmite & sandstone (0594), Palaeocene-Eocene",
        "LULC": "Evergreen Open Forest",
        "Triggering": "Rainfall",
        "Year": "2023",
        "Basin": "Brahmaputra Basin",
        "Sub_Basin": "Brahmaputra Upper",
        "Source": "RESOURCESAT-2, 2A, 10m CARTODEM, NGLM 50k(2011-2012), Lithology-GSI 50k(2011), SISDP-P2-LULC 10k(2018-2023) & India-WRIS"
      }
    },
    {
      "type": "Feature",
      "id": "LS_NAGALAND_2023.676",
      "geometry": {
        "type": "MultiPolygon",
        "coordinates": [
          [
            [
              [
                94.22387446,
                26.08374388
              ],
              [
                94.22387446,
                26.08416092
              ],
              [
                94.22427428,
                26.08416092
              ],
              [
                94.22427428,
                26.08374388
              ],
              [
                94.22387446,
                26.08374388
              ]
            ]
          ]
        ]
      },
      "geometry_name": "the_geom",
      "properties": {
        "Slide_No": "NL/WO/83J4/2023/28",
        "State": "NAGALAND",
        "District": "WOKHA",
        "Topo_No": "83J4",
        "Latitude": 26.0839,
        "Longitude": 94.2241,
        "Length_m": 50.6,
        "Width_m": 21.908,
        "Height_m": 13.2760620117,
        "Area_Sqm": 510.241,
        "Activity": "Reactivated",
        "Geomorpho": "Structural Origin - Moderately Dissected Hills and Valleys (Smdhv)",
        "Lithology": "Flaggy sandstone with subordinate shale (Barail Group) 0541), Eocene-Oligocene",
        "LULC": "Deciduous Open Forest",
        "Triggering": "Rainfall",
        "Year": "2023",
        "Basin": "Brahmaputra Basin",
        "Sub_Basin": "Brahmaputra Upper",
        "Source": "RESOURCESAT-2, 2A, 10m CARTODEM, NGLM 50k(2011-2012), Lithology-GSI 50k(2011), SISDP-P2-LULC 10k(2018-2023) & India-WRIS"
      }
    },
    {
      "type": "Feature",
      "id": "LS_NAGALAND_2023.677",
      "geometry": {
        "type": "MultiPolygon",
        "coordinates": [
          [
            [
              [
                94.32337607,
                26.04829908
              ],
              [
                94.32337607,
                26.04850118
              ],
              [
                94.32354826,
                26.04850118
              ],
              [
                94.32354826,
                26.04829908
              ],
              [
                94.32337607,
                26.04829908
              ]
            ]
          ]
        ]
      },
      "geometry_name": "the_geom",
      "properties": {
        "Slide_No": "NL/WO/83J8/2023/75",
        "State": "NAGALAND",
        "District": "WOKHA",
        "Topo_No": "83J8",
        "Latitude": 26.0484,
        "Longitude": 94.3235,
        "Length_m": 20.909,
        "Width_m": 16.859,
        "Height_m": 5.82666015625,
        "Area_Sqm": 282.432,
        "Activity": "Active",
        "Geomorpho": "Structural Origin - Moderately Dissected Hills and Valleys (Smdhv)",
        "Lithology": "Shale, siltstone, greywacke rhythmite & sandstone (0594), Palaeocene-Eocene",
        "LULC": "Evergreen Open Forest",
        "Triggering": "Rainfall",
        "Year": "2023",
        "Basin": "Brahmaputra Basin",
        "Sub_Basin": "Brahmaputra Upper",
        "Source": "RESOURCESAT-2, 2A, 10m CARTODEM, NGLM 50k(2011-2012), Lithology-GSI 50k(2011), SISDP-P2-LULC 10k(2018-2023) & India-WRIS"
      }
    },
    {
      "type": "Feature",
      "id": "LS_NAGALAND_2023.678",
      "geometry": {
        "type": "MultiPolygon",
        "coordinates": [
          [
            [
              [
                94.21860386,
                25.94266885
              ],
              [
                94.21860386,
                25.94286758
              ],
              [
                94.21890041,
                25.94286758
              ],
              [
                94.21890041,
                25.94266885
              ],
              [
                94.21860386,
                25.94266885
              ]
            ]
          ]
        ]
      },
      "geometry_name": "the_geom",
      "properties": {
        "Slide_No": "NL/TSE/83K1/2023/57",
        "State": "NAGALAND",
        "District": "TSEMINYU",
        "Topo_No": "83K1",
        "Latitude": 25.9428,
        "Longitude": 94.2188,
        "Length_m": 28.393,
        "Width_m": 19.938,
        "Height_m": 8.39599609375,
        "Area_Sqm": 448.538,
        "Activity": "Active",
        "Geomorpho": "Structural Origin - Highly Dissected Hills and Valleys (Shdhv)",
        "Lithology": "Shale, siltstone, greywacke rhythmite & sandstone (0594), Palaeocene-Eocene",
        "LULC": "Semi- Evergreen Open Forest",
        "Triggering": "Rainfall",
        "Year": "2023",
        "Basin": "Brahmaputra Basin",
        "Sub_Basin": "Brahmaputra Upper",
        "Source": "RESOURCESAT-2, 2A, 10m CARTODEM, NGLM 50k(2011-2012), Lithology-GSI 50k(2011), SISDP-P2-LULC 10k(2018-2023) & India-WRIS"
      }
    },
    {
      "type": "Feature",
      "id": "LS_NAGALAND_2023.679",
      "geometry": {
        "type": "MultiPolygon",
        "coordinates": [
          [
            [
              [
                94.33653766,
                25.94803075
              ],
              [
                94.33653766,
                25.94879573
              ],
              [
                94.33699965,
                25.94879573
              ],
              [
                94.33699965,
                25.94803075
              ],
              [
                94.33653766,
                25.94803075
              ]
            ]
          ]
        ]
      },
      "geometry_name": "the_geom",
      "properties": {
        "Slide_No": "NL/ZU/83K5/2023/102",
        "State": "NAGALAND",
        "District": "ZUNHEBOTO",
        "Topo_No": "83K5",
        "Latitude": 25.9484,
        "Longitude": 94.3368,
        "Length_m": 92.715,
        "Width_m": 26.047,
        "Height_m": 80.3095703125,
        "Area_Sqm": 1551.5,
        "Activity": "Active",
        "Geomorpho": "Structural Origin - Moderately Dissected Hills and Valleys - Valley (Smdhv-v)",
        "Lithology": "Shale, greywacke with rythmite, slate & phyllite (0598), Palaeocene-Eocene",
        "LULC": "Evergreen Open Forest",
        "Triggering": "Rainfall",
        "Year": "2023",
        "Basin": "Brahmaputra Basin",
        "Sub_Basin": "Brahmaputra Upper",
        "Source": "RESOURCESAT-2, 2A, 10m CARTODEM, NGLM 50k(2011-2012), Lithology-GSI 50k(2011), SISDP-P2-LULC 10k(2018-2023) & India-WRIS"
      }
    },
    {
      "type": "Feature",
      "id": "LS_NAGALAND_2023.680",
      "geometry": {
        "type": "MultiPolygon",
        "coordinates": [
          [
            [
              [
                94.33648374,
                25.9619228
              ],
              [
                94.33648374,
                25.96212016
              ],
              [
                94.33681385,
                25.96212016
              ],
              [
                94.33681385,
                25.9619228
              ],
              [
                94.33648374,
                25.9619228
              ]
            ]
          ]
        ]
      },
      "geometry_name": "the_geom",
      "properties": {
        "Slide_No": "NL/ZU/83K5/2023/103",
        "State": "NAGALAND",
        "District": "ZUNHEBOTO",
        "Topo_No": "83K5",
        "Latitude": 25.962,
        "Longitude": 94.3366,
        "Length_m": 28.709,
        "Width_m": 22.692,
        "Height_m": 22.5528869629,
        "Area_Sqm": 475.749,
        "Activity": "Active",
        "Geomorpho": "Structural Origin - Moderately Dissected Hills and Valleys (Smdhv)",
        "Lithology": "Shale, greywacke with rythmite, slate & phyllite (0598), Palaeocene-Eocene",
        "LULC": "Semi- Evergreen Open Forest",
        "Triggering": "Rainfall",
        "Year": "2023",
        "Basin": "Brahmaputra Basin",
        "Sub_Basin": "Brahmaputra Upper",
        "Source": "RESOURCESAT-2, 2A, 10m CARTODEM, NGLM 50k(2011-2012), Lithology-GSI 50k(2011), SISDP-P2-LULC 10k(2018-2023) & India-WRIS"
      }
    },
    {
      "type": "Feature",
      "id": "LS_NAGALAND_2023.681",
      "geometry": {
        "type": "MultiPolygon",
        "coordinates": [
          [
            [
              [
                94.32692419,
                25.94670512
              ],
              [
                94.32692419,
                25.94688405
              ],
              [
                94.32713371,
                25.94688405
              ],
              [
                94.32713371,
                25.94670512
              ],
              [
                94.32692419,
                25.94670512
              ]
            ]
          ]
        ]
      },
      "geometry_name": "the_geom",
      "properties": {
        "Slide_No": "NL/ZU/83K5/2023/104",
        "State": "NAGALAND",
        "District": "ZUNHEBOTO",
        "Topo_No": "83K5",
        "Latitude": 25.9468,
        "Longitude": 94.327,
        "Length_m": 21.341,
        "Width_m": 19.203,
        "Height_m": 13.2252197266,
        "Area_Sqm": 320.513,
        "Activity": "Active",
        "Geomorpho": "Structural Origin - Moderately Dissected Hills and Valleys (Smdhv)",
        "Lithology": "Shale, greywacke with rythmite, slate & phyllite (0598), Palaeocene-Eocene",
        "LULC": "Semi- Evergreen Open Forest",
        "Triggering": "Rainfall",
        "Year": "2023",
        "Basin": "Brahmaputra Basin",
        "Sub_Basin": "Brahmaputra Upper",
        "Source": "RESOURCESAT-2, 2A, 10m CARTODEM, NGLM 50k(2011-2012), Lithology-GSI 50k(2011), SISDP-P2-LULC 10k(2018-2023) & India-WRIS"
      }
    },
    {
      "type": "Feature",
      "id": "LS_NAGALAND_2023.682",
      "geometry": {
        "type": "MultiPolygon",
        "coordinates": [
          [
            [
              [
                94.33000887,
                25.94562949
              ],
              [
                94.33000887,
                25.94584269
              ],
              [
                94.33032114,
                25.94584269
              ],
              [
                94.33032114,
                25.94562949
              ],
              [
                94.33000887,
                25.94562949
              ]
            ]
          ]
        ]
      },
      "geometry_name": "the_geom",
      "properties": {
        "Slide_No": "NL/ZU/83K5/2023/105",
        "State": "NAGALAND",
        "District": "ZUNHEBOTO",
        "Topo_No": "83K5",
        "Latitude": 25.9457,
        "Longitude": 94.3302,
        "Length_m": 34.343,
        "Width_m": 17.906,
        "Height_m": 18.7842102051,
        "Area_Sqm": 475.828,
        "Activity": "Active",
        "Geomorpho": "Structural Origin - Moderately Dissected Hills and Valleys (Smdhv)",
        "Lithology": "Shale, greywacke with rythmite, slate & phyllite (0598), Palaeocene-Eocene",
        "LULC": "Semi- Evergreen Open Forest",
        "Triggering": "Rainfall",
        "Year": "2023",
        "Basin": "Brahmaputra Basin",
        "Sub_Basin": "Brahmaputra Upper",
        "Source": "RESOURCESAT-2, 2A, 10m CARTODEM, NGLM 50k(2011-2012), Lithology-GSI 50k(2011), SISDP-P2-LULC 10k(2018-2023) & India-WRIS"
      }
    },
    {
      "type": "Feature",
      "id": "LS_NAGALAND_2023.683",
      "geometry": {
        "type": "MultiPolygon",
        "coordinates": [
          [
            [
              [
                94.3309368,
                25.94471752
              ],
              [
                94.3309368,
                25.94502262
              ],
              [
                94.3313454,
                25.94502262
              ],
              [
                94.3313454,
                25.94471752
              ],
              [
                94.3309368,
                25.94471752
              ]
            ]
          ]
        ]
      },
      "geometry_name": "the_geom",
      "properties": {
        "Slide_No": "NL/ZU/83K5/2023/106",
        "State": "NAGALAND",
        "District": "ZUNHEBOTO",
        "Topo_No": "83K5",
        "Latitude": 25.9449,
        "Longitude": 94.3311,
        "Length_m": 43.722,
        "Width_m": 27.591,
        "Height_m": 19.0292053223,
        "Area_Sqm": 827.769,
        "Activity": "Active",
        "Geomorpho": "Structural Origin - Moderately Dissected Hills and Valleys - Valley (Smdhv-v)",
        "Lithology": "Shale, greywacke with rythmite, slate & phyllite (0598), Palaeocene-Eocene",
        "LULC": "Semi- Evergreen Open Forest",
        "Triggering": "Rainfall",
        "Year": "2023",
        "Basin": "Brahmaputra Basin",
        "Sub_Basin": "Brahmaputra Upper",
        "Source": "RESOURCESAT-2, 2A, 10m CARTODEM, NGLM 50k(2011-2012), Lithology-GSI 50k(2011), SISDP-P2-LULC 10k(2018-2023) & India-WRIS"
      }
    },
    {
      "type": "Feature",
      "id": "LS_NAGALAND_2023.684",
      "geometry": {
        "type": "MultiPolygon",
        "coordinates": [
          [
            [
              [
                94.32002713,
                25.93677194
              ],
              [
                94.32002713,
                25.9369505
              ],
              [
                94.32027858,
                25.9369505
              ],
              [
                94.32027858,
                25.93677194
              ],
              [
                94.32002713,
                25.93677194
              ]
            ]
          ]
        ]
      },
      "geometry_name": "the_geom",
      "properties": {
        "Slide_No": "NL/ZU/83K5/2023/107",
        "State": "NAGALAND",
        "District": "ZUNHEBOTO",
        "Topo_No": "83K5",
        "Latitude": 25.9369,
        "Longitude": 94.3202,
        "Length_m": 24.329,
        "Width_m": 17.271,
        "Height_m": 6.39672851562,
        "Area_Sqm": 346.832,
        "Activity": "Active",
        "Geomorpho": "Structural Origin - Moderately Dissected Hills and Valleys (Smdhv)",
        "Lithology": "Shale, greywacke with rythmite, slate & phyllite (0598), Palaeocene-Eocene",
        "LULC": "Semi- Evergreen Open Forest",
        "Triggering": "Rainfall",
        "Year": "2023",
        "Basin": "Brahmaputra Basin",
        "Sub_Basin": "Brahmaputra Upper",
        "Source": "RESOURCESAT-2, 2A, 10m CARTODEM, NGLM 50k(2011-2012), Lithology-GSI 50k(2011), SISDP-P2-LULC 10k(2018-2023) & India-WRIS"
      }
    },
    {
      "type": "Feature",
      "id": "LS_NAGALAND_2023.685",
      "geometry": {
        "type": "MultiPolygon",
        "coordinates": [
          [
            [
              [
                94.3266219,
                25.93898556
              ],
              [
                94.3266219,
                25.93914067
              ],
              [
                94.32676605,
                25.93914067
              ],
              [
                94.32676605,
                25.93898556
              ],
              [
                94.3266219,
                25.93898556
              ]
            ]
          ]
        ]
      },
      "geometry_name": "the_geom",
      "properties": {
        "Slide_No": "NL/ZU/83K5/2023/108",
        "State": "NAGALAND",
        "District": "ZUNHEBOTO",
        "Topo_No": "83K5",
        "Latitude": 25.9391,
        "Longitude": 94.3267,
        "Length_m": 19.703,
        "Width_m": 9.283,
        "Height_m": 12.492767,
        "Area_Sqm": 115.015,
        "Activity": "Reactivated",
        "Geomorpho": "Structural Origin - Moderately Dissected Hills and Valleys - Valley (Smdhv-v)",
        "Lithology": "Shale, greywacke with rythmite, slate & phyllite (0598), Palaeocene-Eocene",
        "LULC": "Semi- Evergreen Open Forest",
        "Triggering": "Rainfall",
        "Year": "2023",
        "Basin": "Brahmaputra Basin",
        "Sub_Basin": "Brahmaputra Upper",
        "Source": "RESOURCESAT-2, 2A, 10m CARTODEM, NGLM 50k(2011-2012), Lithology-GSI 50k(2011), SISDP-P2-LULC 10k(2018-2023) & India-WRIS"
      }
    },
    {
      "type": "Feature",
      "id": "LS_NAGALAND_2023.687",
      "geometry": {
        "type": "MultiPolygon",
        "coordinates": [
          [
            [
              [
                94.18584925,
                26.07321333
              ],
              [
                94.18584925,
                26.07358551
              ],
              [
                94.18619951,
                26.07358551
              ],
              [
                94.18619951,
                26.07321333
              ],
              [
                94.18584925,
                26.07321333
              ]
            ]
          ]
        ]
      },
      "geometry_name": "the_geom",
      "properties": {
        "Slide_No": "NL/WO/83J4/2023/29",
        "State": "NAGALAND",
        "District": "WOKHA",
        "Topo_No": "83J4",
        "Latitude": 26.0734,
        "Longitude": 94.1861,
        "Length_m": 41.434,
        "Width_m": 34.572,
        "Height_m": 18.099854,
        "Area_Sqm": 983.729,
        "Activity": "Reactivated",
        "Geomorpho": "Structural Origin - Moderately Dissected Hills and Valleys - Valley (Smdhv-v)",
        "Lithology": "Shale, siltstone, greywacke rhythmite & sandstone (0594), Palaeocene-Eocene",
        "LULC": "Deciduous Open Forest",
        "Triggering": "Rainfall",
        "Year": "2023",
        "Basin": "Brahmaputra Basin",
        "Sub_Basin": "Brahmaputra Upper",
        "Source": "RESOURCESAT-2, 2A, 10m CARTODEM, NGLM 50k(2011-2012), Lithology-GSI 50k(2011), SISDP-P2-LULC 10k(2018-2023) & India-WRIS"
      }
    },
    {
      "type": "Feature",
      "id": "LS_NAGALAND_2023.688",
      "geometry": {
        "type": "MultiPolygon",
        "coordinates": [
          [
            [
              [
                94.18943107,
                26.07300982
              ],
              [
                94.18943107,
                26.07332424
              ],
              [
                94.18963783,
                26.07332424
              ],
              [
                94.18963783,
                26.07300982
              ],
              [
                94.18943107,
                26.07300982
              ]
            ]
          ]
        ]
      },
      "geometry_name": "the_geom",
      "properties": {
        "Slide_No": "NL/WO/83J4/2023/30",
        "State": "NAGALAND",
        "District": "WOKHA",
        "Topo_No": "83J4",
        "Latitude": 26.0732,
        "Longitude": 94.1895,
        "Length_m": 35.261,
        "Width_m": 20.07,
        "Height_m": 15.752746582,
        "Area_Sqm": 493.982,
        "Activity": "Active",
        "Geomorpho": "Structural Origin - Moderately Dissected Hills and Valleys - Valley (Smdhv-v)",
        "Lithology": "Flaggy sandstone with subordinate shale (Barail Group) 0541), Eocene-Oligocene",
        "LULC": "Deciduous Open Forest",
        "Triggering": "Rainfall",
        "Year": "2023",
        "Basin": "Brahmaputra Basin",
        "Sub_Basin": "Brahmaputra Upper",
        "Source": "RESOURCESAT-2, 2A, 10m CARTODEM, NGLM 50k(2011-2012), Lithology-GSI 50k(2011), SISDP-P2-LULC 10k(2018-2023) & India-WRIS"
      }
    },
    {
      "type": "Feature",
      "id": "LS_NAGALAND_2023.689",
      "geometry": {
        "type": "MultiPolygon",
        "coordinates": [
          [
            [
              [
                94.03718635,
                26.05664938
              ],
              [
                94.03718635,
                26.05686739
              ],
              [
                94.03745495,
                26.05686739
              ],
              [
                94.03745495,
                26.05664938
              ],
              [
                94.03718635,
                26.05664938
              ]
            ]
          ]
        ]
      },
      "geometry_name": "the_geom",
      "properties": {
        "Slide_No": "NL/WO/83J4/2023/31",
        "State": "NAGALAND",
        "District": "WOKHA",
        "Topo_No": "83J4",
        "Latitude": 26.0568,
        "Longitude": 94.0373,
        "Length_m": 30.694,
        "Width_m": 13.976,
        "Height_m": 4.73696899414,
        "Area_Sqm": 341.8,
        "Activity": "Active",
        "Geomorpho": "Structural Origin - Highly Dissected Hills and Valleys (Shdhv)",
        "Lithology": "Ferruginous sandstone with siltstone and clay (Tipam Group) 0445), Miocene-Pliocene",
        "LULC": "Deciduous Closed Forest",
        "Triggering": "Rainfall",
        "Year": "2023",
        "Basin": "Brahmaputra Basin",
        "Sub_Basin": "Brahmaputra Upper",
        "Source": "RESOURCESAT-2, 2A, 10m CARTODEM, NGLM 50k(2011-2012), Lithology-GSI 50k(2011), SISDP-P2-LULC 10k(2018-2023) & India-WRIS"
      }
    },
    {
      "type": "Feature",
      "id": "LS_NAGALAND_2023.693",
      "geometry": {
        "type": "MultiPolygon",
        "coordinates": [
          [
            [
              [
                94.2485761,
                25.94134475
              ],
              [
                94.2485761,
                25.94169583
              ],
              [
                94.24881594,
                25.94169583
              ],
              [
                94.24881594,
                25.94134475
              ],
              [
                94.2485761,
                25.94134475
              ]
            ]
          ]
        ]
      },
      "geometry_name": "the_geom",
      "properties": {
        "Slide_No": "NL/TSE/83K5/2023/112",
        "State": "NAGALAND",
        "District": "TSEMINYU",
        "Topo_No": "83K5",
        "Latitude": 25.9415,
        "Longitude": 94.2487,
        "Length_m": 39.761,
        "Width_m": 20.686,
        "Height_m": 19.6655883789,
        "Area_Sqm": 564.297,
        "Activity": "Active",
        "Geomorpho": "Structural Origin - Highly Dissected Hills and Valleys (Shdhv)",
        "Lithology": "Shale, siltstone, greywacke rhythmite & sandstone (0594), Palaeocene-Eocene",
        "LULC": "Semi- Evergreen Open Forest",
        "Triggering": "Rainfall",
        "Year": "2023",
        "Basin": "Brahmaputra Basin",
        "Sub_Basin": "Brahmaputra Upper",
        "Source": "RESOURCESAT-2, 2A, 10m CARTODEM, NGLM 50k(2011-2012), Lithology-GSI 50k(2011), SISDP-P2-LULC 10k(2018-2023) & India-WRIS"
      }
    },
    {
      "type": "Feature",
      "id": "LS_NAGALAND_2023.694",
      "geometry": {
        "type": "MultiPolygon",
        "coordinates": [
          [
            [
              [
                94.24112047,
                25.94044425
              ],
              [
                94.24112047,
                25.94063871
              ],
              [
                94.24130573,
                25.94063871
              ],
              [
                94.24130573,
                25.94044425
              ],
              [
                94.24112047,
                25.94044425
              ]
            ]
          ]
        ]
      },
      "geometry_name": "the_geom",
      "properties": {
        "Slide_No": "NL/TSE/83K1/2023/58",
        "State": "NAGALAND",
        "District": "TSEMINYU",
        "Topo_No": "83K1",
        "Latitude": 25.9406,
        "Longitude": 94.2412,
        "Length_m": 21.847,
        "Width_m": 13.4,
        "Height_m": 4.867187,
        "Area_Sqm": 170.675,
        "Activity": "Reactivated",
        "Geomorpho": "Structural Origin - Moderately Dissected Hills and Valleys (Smdhv)",
        "Lithology": "Shale, siltstone, greywacke rhythmite & sandstone (0594), Palaeocene-Eocene",
        "LULC": "Semi- Evergreen Open Forest",
        "Triggering": "Rainfall",
        "Year": "2023",
        "Basin": "Brahmaputra Basin",
        "Sub_Basin": "Brahmaputra Upper",
        "Source": "RESOURCESAT-2, 2A, 10m CARTODEM, NGLM 50k(2011-2012), Lithology-GSI 50k(2011), SISDP-P2-LULC 10k(2018-2023) & India-WRIS"
      }
    },
    {
      "type": "Feature",
      "id": "LS_NAGALAND_2023.695",
      "geometry": {
        "type": "MultiPolygon",
        "coordinates": [
          [
            [
              [
                94.23928714,
                25.93527698
              ],
              [
                94.23928714,
                25.93540925
              ],
              [
                94.23941606,
                25.93540925
              ],
              [
                94.23941606,
                25.93527698
              ],
              [
                94.23928714,
                25.93527698
              ]
            ]
          ]
        ]
      },
      "geometry_name": "the_geom",
      "properties": {
        "Slide_No": "NL/TSE/83K1/2023/59",
        "State": "NAGALAND",
        "District": "TSEMINYU",
        "Topo_No": "83K1",
        "Latitude": 25.9353,
        "Longitude": 94.2393,
        "Length_m": 14.315,
        "Width_m": 10.978,
        "Height_m": 8.413208,
        "Area_Sqm": 129.618,
        "Activity": "Active",
        "Geomorpho": "Structural Origin - Moderately Dissected Hills and Valleys (Smdhv)",
        "Lithology": "Shale, siltstone, greywacke rhythmite & sandstone (0594), Palaeocene-Eocene",
        "LULC": "Semi- Evergreen Open Forest",
        "Triggering": "Rainfall",
        "Year": "2023",
        "Basin": "Brahmaputra Basin",
        "Sub_Basin": "Brahmaputra Upper",
        "Source": "RESOURCESAT-2, 2A, 10m CARTODEM, NGLM 50k(2011-2012), Lithology-GSI 50k(2011), SISDP-P2-LULC 10k(2018-2023) & India-WRIS"
      }
    },
    {
      "type": "Feature",
      "id": "LS_NAGALAND_2023.696",
      "geometry": {
        "type": "MultiPolygon",
        "coordinates": [
          [
            [
              [
                94.24795971,
                25.95441414
              ],
              [
                94.24795971,
                25.9546904
              ],
              [
                94.24815954,
                25.9546904
              ],
              [
                94.24815954,
                25.95441414
              ],
              [
                94.24795971,
                25.95441414
              ]
            ]
          ]
        ]
      },
      "geometry_name": "the_geom",
      "properties": {
        "Slide_No": "NL/TSE/83K5/2023/113",
        "State": "NAGALAND",
        "District": "TSEMINYU",
        "Topo_No": "83K5",
        "Latitude": 25.9546,
        "Longitude": 94.2481,
        "Length_m": 32.105,
        "Width_m": 15.979,
        "Height_m": 9.58721923828,
        "Area_Sqm": 398.756,
        "Activity": "Active",
        "Geomorpho": "Structural Origin - Highly Dissected Hills and Valleys (Shdhv)",
        "Lithology": "Shale, siltstone, greywacke rhythmite & sandstone (0594), Palaeocene-Eocene",
        "LULC": "Semi- Evergreen Open Forest",
        "Triggering": "Rainfall",
        "Year": "2023",
        "Basin": "Brahmaputra Basin",
        "Sub_Basin": "Brahmaputra Upper",
        "Source": "RESOURCESAT-2, 2A, 10m CARTODEM, NGLM 50k(2011-2012), Lithology-GSI 50k(2011), SISDP-P2-LULC 10k(2018-2023) & India-WRIS"
      }
    },
    {
      "type": "Feature",
      "id": "LS_NAGALAND_2023.697",
      "geometry": {
        "type": "MultiPolygon",
        "coordinates": [
          [
            [
              [
                94.25387935,
                25.95092342
              ],
              [
                94.25387935,
                25.95114126
              ],
              [
                94.25404578,
                25.95114126
              ],
              [
                94.25404578,
                25.95092342
              ],
              [
                94.25387935,
                25.95092342
              ]
            ]
          ]
        ]
      },
      "geometry_name": "the_geom",
      "properties": {
        "Slide_No": "NL/TSE/83K5/2023/114",
        "State": "NAGALAND",
        "District": "TSEMINYU",
        "Topo_No": "83K5",
        "Latitude": 25.951,
        "Longitude": 94.254,
        "Length_m": 24.064,
        "Width_m": 16.704,
        "Height_m": 11.7245483398,
        "Area_Sqm": 307.262,
        "Activity": "Active",
        "Geomorpho": "Structural Origin - Highly Dissected Hills and Valleys (Shdhv)",
        "Lithology": "Shale, siltstone, greywacke rhythmite & sandstone (0594), Palaeocene-Eocene",
        "LULC": "Semi- Evergreen Open Forest",
        "Triggering": "Rainfall",
        "Year": "2023",
        "Basin": "Brahmaputra Basin",
        "Sub_Basin": "Brahmaputra Upper",
        "Source": "RESOURCESAT-2, 2A, 10m CARTODEM, NGLM 50k(2011-2012), Lithology-GSI 50k(2011), SISDP-P2-LULC 10k(2018-2023) & India-WRIS"
      }
    },
    {
      "type": "Feature",
      "id": "LS_NAGALAND_2023.698",
      "geometry": {
        "type": "MultiPolygon",
        "coordinates": [
          [
            [
              [
                94.28876746,
                26.01152373
              ],
              [
                94.28876746,
                26.0118027
              ],
              [
                94.28901059,
                26.0118027
              ],
              [
                94.28901059,
                26.01152373
              ],
              [
                94.28876746,
                26.01152373
              ]
            ]
          ]
        ]
      },
      "geometry_name": "the_geom",
      "properties": {
        "Slide_No": "NL/TSE/83J8/2023/76",
        "State": "NAGALAND",
        "District": "TSEMINYU",
        "Topo_No": "83J8",
        "Latitude": 26.0117,
        "Longitude": 94.2889,
        "Length_m": 34.65,
        "Width_m": 18.496,
        "Height_m": 12.4962768555,
        "Area_Sqm": 395.688,
        "Activity": "Reactivated",
        "Geomorpho": "Structural Origin - Low Dissected Hills and Valleys (Sldhv)",
        "Lithology": "Shale, siltstone, greywacke rhythmite & sandstone (0594), Palaeocene-Eocene",
        "LULC": "Evergreen Open Forest",
        "Triggering": "Rainfall",
        "Year": "2023",
        "Basin": "Brahmaputra Basin",
        "Sub_Basin": "Brahmaputra Upper",
        "Source": "RESOURCESAT-2, 2A, 10m CARTODEM, NGLM 50k(2011-2012), Lithology-GSI 50k(2011), SISDP-P2-LULC 10k(2018-2023) & India-WRIS"
      }
    },
    {
      "type": "Feature",
      "id": "LS_NAGALAND_2023.700",
      "geometry": {
        "type": "MultiPolygon",
        "coordinates": [
          [
            [
              [
                94.29849413,
                25.94005977
              ],
              [
                94.29849413,
                25.94024614
              ],
              [
                94.29871503,
                25.94024614
              ],
              [
                94.29871503,
                25.94005977
              ],
              [
                94.29849413,
                25.94005977
              ]
            ]
          ]
        ]
      },
      "geometry_name": "the_geom",
      "properties": {
        "Slide_No": "NL/ZU/83K5/2023/116",
        "State": "NAGALAND",
        "District": "ZUNHEBOTO",
        "Topo_No": "83K5",
        "Latitude": 25.9402,
        "Longitude": 94.2986,
        "Length_m": 27.42,
        "Width_m": 13.508,
        "Height_m": 7.02398681641,
        "Area_Sqm": 277.473,
        "Activity": "Active",
        "Geomorpho": "Structural Origin - Moderately Dissected Hills and Valleys - Valley (Smdhv-v)",
        "Lithology": "Shale, greywacke with rythmite, slate & phyllite (0598), Palaeocene-Eocene",
        "LULC": "Semi- Evergreen Open Forest",
        "Triggering": "Rainfall",
        "Year": "2023",
        "Basin": "Brahmaputra Basin",
        "Sub_Basin": "Brahmaputra Upper",
        "Source": "RESOURCESAT-2, 2A, 10m CARTODEM, NGLM 50k(2011-2012), Lithology-GSI 50k(2011), SISDP-P2-LULC 10k(2018-2023) & India-WRIS"
      }
    },
    {
      "type": "Feature",
      "id": "LS_NAGALAND_2023.701",
      "geometry": {
        "type": "MultiPolygon",
        "coordinates": [
          [
            [
              [
                94.2923175,
                25.93513372
              ],
              [
                94.2923175,
                25.93529848
              ],
              [
                94.29246734,
                25.93529848
              ],
              [
                94.29246734,
                25.93513372
              ],
              [
                94.2923175,
                25.93513372
              ]
            ]
          ]
        ]
      },
      "geometry_name": "the_geom",
      "properties": {
        "Slide_No": "NL/ZU/83K5/2023/117",
        "State": "NAGALAND",
        "District": "ZUNHEBOTO",
        "Topo_No": "83K5",
        "Latitude": 25.9352,
        "Longitude": 94.2924,
        "Length_m": 18.216,
        "Width_m": 15.029,
        "Height_m": 7.94030761719,
        "Area_Sqm": 222.363,
        "Activity": "Active",
        "Geomorpho": "Structural Origin - Moderately Dissected Hills and Valleys - Valley (Smdhv-v)",
        "Lithology": "Shale, greywacke with rythmite, slate & phyllite (0598), Palaeocene-Eocene",
        "LULC": "Semi- Evergreen Open Forest",
        "Triggering": "Rainfall",
        "Year": "2023",
        "Basin": "Brahmaputra Basin",
        "Sub_Basin": "Brahmaputra Upper",
        "Source": "RESOURCESAT-2, 2A, 10m CARTODEM, NGLM 50k(2011-2012), Lithology-GSI 50k(2011), SISDP-P2-LULC 10k(2018-2023) & India-WRIS"
      }
    },
    {
      "type": "Feature",
      "id": "LS_NAGALAND_2023.702",
      "geometry": {
        "type": "MultiPolygon",
        "coordinates": [
          [
            [
              [
                94.29060877,
                25.93335565
              ],
              [
                94.29060877,
                25.93391205
              ],
              [
                94.29107914,
                25.93391205
              ],
              [
                94.29107914,
                25.93335565
              ],
              [
                94.29060877,
                25.93335565
              ]
            ]
          ]
        ]
      },
      "geometry_name": "the_geom",
      "properties": {
        "Slide_No": "NL/TSE/83K5/2023/118",
        "State": "NAGALAND",
        "District": "TSEMINYU",
        "Topo_No": "83K5",
        "Latitude": 25.9337,
        "Longitude": 94.2909,
        "Length_m": 65.075,
        "Width_m": 33.927,
        "Height_m": 47.8397521973,
        "Area_Sqm": 1121.69,
        "Activity": "Active",
        "Geomorpho": "Structural Origin - Moderately Dissected Hills and Valleys - Valley (Smdhv-v)",
        "Lithology": "Shale, greywacke with rythmite, slate & phyllite (0598), Palaeocene-Eocene",
        "LULC": "Semi- Evergreen Open Forest",
        "Triggering": "Rainfall",
        "Year": "2023",
        "Basin": "Brahmaputra Basin",
        "Sub_Basin": "Brahmaputra Upper",
        "Source": "RESOURCESAT-2, 2A, 10m CARTODEM, NGLM 50k(2011-2012), Lithology-GSI 50k(2011), SISDP-P2-LULC 10k(2018-2023) & India-WRIS"
      }
    },
    {
      "type": "Feature",
      "id": "LS_NAGALAND_2023.703",
      "geometry": {
        "type": "MultiPolygon",
        "coordinates": [
          [
            [
              [
                94.30269898,
                25.9398699
              ],
              [
                94.30269898,
                25.94007419
              ],
              [
                94.30283583,
                25.94007419
              ],
              [
                94.30283583,
                25.9398699
              ],
              [
                94.30269898,
                25.9398699
              ]
            ]
          ]
        ]
      },
      "geometry_name": "the_geom",
      "properties": {
        "Slide_No": "NL/ZU/83K5/2023/119",
        "State": "NAGALAND",
        "District": "ZUNHEBOTO",
        "Topo_No": "83K5",
        "Latitude": 25.94,
        "Longitude": 94.3028,
        "Length_m": 22.637,
        "Width_m": 13.696,
        "Height_m": 4.29299926758,
        "Area_Sqm": 249.506,
        "Activity": "Active",
        "Geomorpho": "Structural Origin - Moderately Dissected Hills and Valleys - Valley (Smdhv-v)",
        "Lithology": "Shale, greywacke with rythmite, slate & phyllite (0598), Palaeocene-Eocene",
        "LULC": "Semi- Evergreen Open Forest",
        "Triggering": "Rainfall",
        "Year": "2023",
        "Basin": "Brahmaputra Basin",
        "Sub_Basin": "Brahmaputra Upper",
        "Source": "RESOURCESAT-2, 2A, 10m CARTODEM, NGLM 50k(2011-2012), Lithology-GSI 50k(2011), SISDP-P2-LULC 10k(2018-2023) & India-WRIS"
      }
    },
    {
      "type": "Feature",
      "id": "LS_NAGALAND_2023.704",
      "geometry": {
        "type": "MultiPolygon",
        "coordinates": [
          [
            [
              [
                94.32009637,
                25.93430486
              ],
              [
                94.32009637,
                25.9345373
              ],
              [
                94.32022338,
                25.9345373
              ],
              [
                94.32022338,
                25.93430486
              ],
              [
                94.32009637,
                25.93430486
              ]
            ]
          ]
        ]
      },
      "geometry_name": "the_geom",
      "properties": {
        "Slide_No": "NL/ZU/83K5/2023/120",
        "State": "NAGALAND",
        "District": "ZUNHEBOTO",
        "Topo_No": "83K5",
        "Latitude": 25.9344,
        "Longitude": 94.3202,
        "Length_m": 25.489,
        "Width_m": 12.26,
        "Height_m": 11.5772399902,
        "Area_Sqm": 240.599,
        "Activity": "Active",
        "Geomorpho": "Structural Origin - Moderately Dissected Hills and Valleys (Smdhv)",
        "Lithology": "Shale, greywacke with rythmite, slate & phyllite (0598), Palaeocene-Eocene",
        "LULC": "Semi- Evergreen Open Forest",
        "Triggering": "Rainfall",
        "Year": "2023",
        "Basin": "Brahmaputra Basin",
        "Sub_Basin": "Brahmaputra Upper",
        "Source": "RESOURCESAT-2, 2A, 10m CARTODEM, NGLM 50k(2011-2012), Lithology-GSI 50k(2011), SISDP-P2-LULC 10k(2018-2023) & India-WRIS"
      }
    },
    {
      "type": "Feature",
      "id": "LS_NAGALAND_2023.705",
      "geometry": {
        "type": "MultiPolygon",
        "coordinates": [
          [
            [
              [
                94.3203454,
                25.93459006
              ],
              [
                94.3203454,
                25.93478781
              ],
              [
                94.32061721,
                25.93478781
              ],
              [
                94.32061721,
                25.93459006
              ],
              [
                94.3203454,
                25.93459006
              ]
            ]
          ]
        ]
      },
      "geometry_name": "the_geom",
      "properties": {
        "Slide_No": "NL/ZU/83K5/2023/121",
        "State": "NAGALAND",
        "District": "ZUNHEBOTO",
        "Topo_No": "83K5",
        "Latitude": 25.9347,
        "Longitude": 94.3205,
        "Length_m": 29.896,
        "Width_m": 17.808,
        "Height_m": 28.9054870605,
        "Area_Sqm": 395.822,
        "Activity": "Active",
        "Geomorpho": "Structural Origin - Moderately Dissected Hills and Valleys (Smdhv)",
        "Lithology": "Shale, greywacke with rythmite, slate & phyllite (0598), Palaeocene-Eocene",
        "LULC": "Semi- Evergreen Open Forest",
        "Triggering": "Rainfall",
        "Year": "2023",
        "Basin": "Brahmaputra Basin",
        "Sub_Basin": "Brahmaputra Upper",
        "Source": "RESOURCESAT-2, 2A, 10m CARTODEM, NGLM 50k(2011-2012), Lithology-GSI 50k(2011), SISDP-P2-LULC 10k(2018-2023) & India-WRIS"
      }
    },
    {
      "type": "Feature",
      "id": "LS_NAGALAND_2023.706",
      "geometry": {
        "type": "MultiPolygon",
        "coordinates": [
          [
            [
              [
                94.3027724,
                25.96007985
              ],
              [
                94.3027724,
                25.96044268
              ],
              [
                94.30293463,
                25.96044268
              ],
              [
                94.30293463,
                25.96007985
              ],
              [
                94.3027724,
                25.96007985
              ]
            ]
          ]
        ]
      },
      "geometry_name": "the_geom",
      "properties": {
        "Slide_No": "NL/ZU/83K5/2023/122",
        "State": "NAGALAND",
        "District": "ZUNHEBOTO",
        "Topo_No": "83K5",
        "Latitude": 25.9603,
        "Longitude": 94.3028,
        "Length_m": 40.224,
        "Width_m": 13.514,
        "Height_m": 19.4976196289,
        "Area_Sqm": 416.009,
        "Activity": "Active",
        "Geomorpho": "Structural Origin - Moderately Dissected Hills and Valleys - Valley (Smdhv-v)",
        "Lithology": "Shale, greywacke with rythmite, slate & phyllite (0598), Palaeocene-Eocene",
        "LULC": "Semi- Evergreen Open Forest",
        "Triggering": "Rainfall",
        "Year": "2023",
        "Basin": "Brahmaputra Basin",
        "Sub_Basin": "Brahmaputra Upper",
        "Source": "RESOURCESAT-2, 2A, 10m CARTODEM, NGLM 50k(2011-2012), Lithology-GSI 50k(2011), SISDP-P2-LULC 10k(2018-2023) & India-WRIS"
      }
    },
    {
      "type": "Feature",
      "id": "LS_NAGALAND_2023.707",
      "geometry": {
        "type": "MultiPolygon",
        "coordinates": [
          [
            [
              [
                94.31462202,
                25.95415641
              ],
              [
                94.31462202,
                25.95433021
              ],
              [
                94.31489339,
                25.95433021
              ],
              [
                94.31489339,
                25.95415641
              ],
              [
                94.31462202,
                25.95415641
              ]
            ]
          ]
        ]
      },
      "geometry_name": "the_geom",
      "properties": {
        "Slide_No": "NL/ZU/83K5/2023/123",
        "State": "NAGALAND",
        "District": "ZUNHEBOTO",
        "Topo_No": "83K5",
        "Latitude": 25.9542,
        "Longitude": 94.3148,
        "Length_m": 27.285,
        "Width_m": 18.323,
        "Height_m": 6.40167236328,
        "Area_Sqm": 385.552,
        "Activity": "Active",
        "Geomorpho": "Structural Origin - Moderately Dissected Hills and Valleys (Smdhv)",
        "Lithology": "Shale, greywacke with rythmite, slate & phyllite (0598), Palaeocene-Eocene",
        "LULC": "Semi- Evergreen Open Forest",
        "Triggering": "Rainfall",
        "Year": "2023",
        "Basin": "Brahmaputra Basin",
        "Sub_Basin": "Brahmaputra Upper",
        "Source": "RESOURCESAT-2, 2A, 10m CARTODEM, NGLM 50k(2011-2012), Lithology-GSI 50k(2011), SISDP-P2-LULC 10k(2018-2023) & India-WRIS"
      }
    },
    {
      "type": "Feature",
      "id": "LS_NAGALAND_2023.708",
      "geometry": {
        "type": "MultiPolygon",
        "coordinates": [
          [
            [
              [
                94.30664367,
                25.94925466
              ],
              [
                94.30664367,
                25.95011422
              ],
              [
                94.30727435,
                25.95011422
              ],
              [
                94.30727435,
                25.94925466
              ],
              [
                94.30664367,
                25.94925466
              ]
            ]
          ]
        ]
      },
      "geometry_name": "the_geom",
      "properties": {
        "Slide_No": "NL/ZU/83K5/2023/124",
        "State": "NAGALAND",
        "District": "ZUNHEBOTO",
        "Topo_No": "83K5",
        "Latitude": 25.9497,
        "Longitude": 94.307,
        "Length_m": 96.146,
        "Width_m": 46.421,
        "Height_m": 26.6978149414,
        "Area_Sqm": 2736.36,
        "Activity": "Active",
        "Geomorpho": "Structural Origin - Moderately Dissected Hills and Valleys (Smdhv)",
        "Lithology": "Shale, greywacke with rythmite, slate & phyllite (0598), Palaeocene-Eocene",
        "LULC": "Semi- Evergreen Open Forest",
        "Triggering": "Rainfall",
        "Year": "2023",
        "Basin": "Brahmaputra Basin",
        "Sub_Basin": "Brahmaputra Upper",
        "Source": "RESOURCESAT-2, 2A, 10m CARTODEM, NGLM 50k(2011-2012), Lithology-GSI 50k(2011), SISDP-P2-LULC 10k(2018-2023) & India-WRIS"
      }
    },
    {
      "type": "Feature",
      "id": "LS_NAGALAND_2023.710",
      "geometry": {
        "type": "MultiPolygon",
        "coordinates": [
          [
            [
              [
                94.29897961,
                25.94105723
              ],
              [
                94.29897961,
                25.94134808
              ],
              [
                94.29924703,
                25.94134808
              ],
              [
                94.29924703,
                25.94105723
              ],
              [
                94.29897961,
                25.94105723
              ]
            ]
          ]
        ]
      },
      "geometry_name": "the_geom",
      "properties": {
        "Slide_No": "NL/ZU/83K5/2023/126",
        "State": "NAGALAND",
        "District": "ZUNHEBOTO",
        "Topo_No": "83K5",
        "Latitude": 25.9412,
        "Longitude": 94.2991,
        "Length_m": 34.99,
        "Width_m": 19.353,
        "Height_m": 18.149597168,
        "Area_Sqm": 424.245,
        "Activity": "Active",
        "Geomorpho": "Structural Origin - Moderately Dissected Hills and Valleys - Valley (Smdhv-v)",
        "Lithology": "Shale, greywacke with rythmite, slate & phyllite (0598), Palaeocene-Eocene",
        "LULC": "Semi- Evergreen Open Forest",
        "Triggering": "Rainfall",
        "Year": "2023",
        "Basin": "Brahmaputra Basin",
        "Sub_Basin": "Brahmaputra Upper",
        "Source": "RESOURCESAT-2, 2A, 10m CARTODEM, NGLM 50k(2011-2012), Lithology-GSI 50k(2011), SISDP-P2-LULC 10k(2018-2023) & India-WRIS"
      }
    },
    {
      "type": "Feature",
      "id": "LS_NAGALAND_2023.711",
      "geometry": {
        "type": "MultiPolygon",
        "coordinates": [
          [
            [
              [
                94.19379975,
                26.07742185
              ],
              [
                94.19379975,
                26.07777171
              ],
              [
                94.19415166,
                26.07777171
              ],
              [
                94.19415166,
                26.07742185
              ],
              [
                94.19379975,
                26.07742185
              ]
            ]
          ]
        ]
      },
      "geometry_name": "the_geom",
      "properties": {
        "Slide_No": "NL/WO/83J4/2023/32",
        "State": "NAGALAND",
        "District": "WOKHA",
        "Topo_No": "83J4",
        "Latitude": 26.0776,
        "Longitude": 94.194,
        "Length_m": 49.082,
        "Width_m": 14.072,
        "Height_m": 12.7257080078,
        "Area_Sqm": 532.841,
        "Activity": "Active",
        "Geomorpho": "Structural Origin - Moderately Dissected Hills and Valleys (Smdhv)",
        "Lithology": "Flaggy sandstone with subordinate shale (Barail Group) 0541), Eocene-Oligocene",
        "LULC": "Deciduous Open Forest",
        "Triggering": "Rainfall",
        "Year": "2023",
        "Basin": "Brahmaputra Basin",
        "Sub_Basin": "Brahmaputra Upper",
        "Source": "RESOURCESAT-2, 2A, 10m CARTODEM, NGLM 50k(2011-2012), Lithology-GSI 50k(2011), SISDP-P2-LULC 10k(2018-2023) & India-WRIS"
      }
    },
    {
      "type": "Feature",
      "id": "LS_NAGALAND_2023.712",
      "geometry": {
        "type": "MultiPolygon",
        "coordinates": [
          [
            [
              [
                94.19351297,
                26.07645768
              ],
              [
                94.19351297,
                26.07672442
              ],
              [
                94.1937135,
                26.07672442
              ],
              [
                94.1937135,
                26.07645768
              ],
              [
                94.19351297,
                26.07645768
              ]
            ]
          ]
        ]
      },
      "geometry_name": "the_geom",
      "properties": {
        "Slide_No": "NL/WO/83J4/2023/33",
        "State": "NAGALAND",
        "District": "WOKHA",
        "Topo_No": "83J4",
        "Latitude": 26.0766,
        "Longitude": 94.1936,
        "Length_m": 30.02,
        "Width_m": 17.852,
        "Height_m": 15.8093261719,
        "Area_Sqm": 448.245,
        "Activity": "Active",
        "Geomorpho": "Structural Origin - Moderately Dissected Hills and Valleys (Smdhv)",
        "Lithology": "Flaggy sandstone with subordinate shale (Barail Group) 0541), Eocene-Oligocene",
        "LULC": "Deciduous Open Forest",
        "Triggering": "Rainfall",
        "Year": "2023",
        "Basin": "Brahmaputra Basin",
        "Sub_Basin": "Brahmaputra Upper",
        "Source": "RESOURCESAT-2, 2A, 10m CARTODEM, NGLM 50k(2011-2012), Lithology-GSI 50k(2011), SISDP-P2-LULC 10k(2018-2023) & India-WRIS"
      }
    },
    {
      "type": "Feature",
      "id": "LS_NAGALAND_2023.713",
      "geometry": {
        "type": "MultiPolygon",
        "coordinates": [
          [
            [
              [
                94.32085839,
                26.02257667
              ],
              [
                94.32085839,
                26.02276199
              ],
              [
                94.32106285,
                26.02276199
              ],
              [
                94.32106285,
                26.02257667
              ],
              [
                94.32085839,
                26.02257667
              ]
            ]
          ]
        ]
      },
      "geometry_name": "the_geom",
      "properties": {
        "Slide_No": "NL/WO/83J8/2023/77",
        "State": "NAGALAND",
        "District": "WOKHA",
        "Topo_No": "83J8",
        "Latitude": 26.0227,
        "Longitude": 94.321,
        "Length_m": 23.127,
        "Width_m": 17.454,
        "Height_m": 5.644959,
        "Area_Sqm": 314.572,
        "Activity": "Active",
        "Geomorpho": "Structural Origin - Moderately Dissected Hills and Valleys (Smdhv)",
        "Lithology": "Shale, greywacke with rythmite, slate & phyllite (0598), Palaeocene-Eocene",
        "LULC": "Evergreen Open Forest",
        "Triggering": "Rainfall",
        "Year": "2023",
        "Basin": "Brahmaputra Basin",
        "Sub_Basin": "Brahmaputra Upper",
        "Source": "RESOURCESAT-2, 2A, 10m CARTODEM, NGLM 50k(2011-2012), Lithology-GSI 50k(2011), SISDP-P2-LULC 10k(2018-2023) & India-WRIS"
      }
    },
    {
      "type": "Feature",
      "id": "LS_NAGALAND_2023.714",
      "geometry": {
        "type": "MultiPolygon",
        "coordinates": [
          [
            [
              [
                94.33479743,
                26.00247062
              ],
              [
                94.33479743,
                26.00261453
              ],
              [
                94.33495434,
                26.00261453
              ],
              [
                94.33495434,
                26.00247062
              ],
              [
                94.33479743,
                26.00247062
              ]
            ]
          ]
        ]
      },
      "geometry_name": "the_geom",
      "properties": {
        "Slide_No": "NL/WO/83J8/2023/78",
        "State": "NAGALAND",
        "District": "WOKHA",
        "Topo_No": "83J8",
        "Latitude": 26.0025,
        "Longitude": 94.3349,
        "Length_m": 18.381,
        "Width_m": 12.861,
        "Height_m": 6.76531982422,
        "Area_Sqm": 183.053,
        "Activity": "Active",
        "Geomorpho": "Structural Origin - Moderately Dissected Hills and Valleys (Smdhv)",
        "Lithology": "Shale, greywacke with rythmite, slate & phyllite (0598), Palaeocene-Eocene",
        "LULC": "Evergreen Open Forest",
        "Triggering": "Rainfall",
        "Year": "2023",
        "Basin": "Brahmaputra Basin",
        "Sub_Basin": "Brahmaputra Upper",
        "Source": "RESOURCESAT-2, 2A, 10m CARTODEM, NGLM 50k(2011-2012), Lithology-GSI 50k(2011), SISDP-P2-LULC 10k(2018-2023) & India-WRIS"
      }
    },
    {
      "type": "Feature",
      "id": "LS_NAGALAND_2023.720",
      "geometry": {
        "type": "MultiPolygon",
        "coordinates": [
          [
            [
              [
                94.48526524,
                26.11809906
              ],
              [
                94.48526524,
                26.11859235
              ],
              [
                94.48562707,
                26.11859235
              ],
              [
                94.48562707,
                26.11809906
              ],
              [
                94.48526524,
                26.11809906
              ]
            ]
          ]
        ]
      },
      "geometry_name": "the_geom",
      "properties": {
        "Slide_No": "NL/ZU/83J8/2023/79",
        "State": "NAGALAND",
        "District": "ZUNHEBOTO",
        "Topo_No": "83J8",
        "Latitude": 26.1184,
        "Longitude": 94.4854,
        "Length_m": 61.319,
        "Width_m": 15.226,
        "Height_m": 47.3608398438,
        "Area_Sqm": 553.69,
        "Activity": "Active",
        "Geomorpho": "Structural Origin - Highly Dissected Hills and Valleys (Shdhv)",
        "Lithology": "Shale, siltstone, greywacke rhythmite & sandstone (0594), Palaeocene-Eocene",
        "LULC": "Evergreen Open Forest",
        "Triggering": "Rainfall",
        "Year": "2023",
        "Basin": "Brahmaputra Basin",
        "Sub_Basin": "Brahmaputra Upper",
        "Source": "RESOURCESAT-2, 2A, 10m CARTODEM, NGLM 50k(2011-2012), Lithology-GSI 50k(2011), SISDP-P2-LULC 10k(2018-2023) & India-WRIS"
      }
    },
    {
      "type": "Feature",
      "id": "LS_NAGALAND_2023.721",
      "geometry": {
        "type": "MultiPolygon",
        "coordinates": [
          [
            [
              [
                94.46761605,
                26.11433363
              ],
              [
                94.46761605,
                26.11519338
              ],
              [
                94.46836616,
                26.11519338
              ],
              [
                94.46836616,
                26.11433363
              ],
              [
                94.46761605,
                26.11433363
              ]
            ]
          ]
        ]
      },
      "geometry_name": "the_geom",
      "properties": {
        "Slide_No": "NL/ZU/83J8/2023/80",
        "State": "NAGALAND",
        "District": "ZUNHEBOTO",
        "Topo_No": "83J8",
        "Latitude": 26.1147,
        "Longitude": 94.468,
        "Length_m": 114.602,
        "Width_m": 36.621,
        "Height_m": 98.125488,
        "Area_Sqm": 2649.46,
        "Activity": "Active",
        "Geomorpho": "Structural Origin - Highly Dissected Hills and Valleys (Shdhv)",
        "Lithology": "Shale, siltstone, greywacke rhythmite & sandstone (0594), Palaeocene-Eocene",
        "LULC": "Evergreen Open Forest",
        "Triggering": "Rainfall",
        "Year": "2023",
        "Basin": "Brahmaputra Basin",
        "Sub_Basin": "Brahmaputra Upper",
        "Source": "RESOURCESAT-2, 2A, 10m CARTODEM, NGLM 50k(2011-2012), Lithology-GSI 50k(2011), SISDP-P2-LULC 10k(2018-2023) & India-WRIS"
      }
    },
    {
      "type": "Feature",
      "id": "LS_NAGALAND_2023.722",
      "geometry": {
        "type": "MultiPolygon",
        "coordinates": [
          [
            [
              [
                94.36657345,
                26.09329352
              ],
              [
                94.36657345,
                26.09349985
              ],
              [
                94.36681221,
                26.09349985
              ],
              [
                94.36681221,
                26.09329352
              ],
              [
                94.36657345,
                26.09329352
              ]
            ]
          ]
        ]
      },
      "geometry_name": "the_geom",
      "properties": {
        "Slide_No": "NL/WO/83J8/2023/81",
        "State": "NAGALAND",
        "District": "WOKHA",
        "Topo_No": "83J8",
        "Latitude": 26.0934,
        "Longitude": 94.3667,
        "Length_m": 25.826,
        "Width_m": 16.935,
        "Height_m": 17.3502197266,
        "Area_Sqm": 347.973,
        "Activity": "Active",
        "Geomorpho": "Structural Origin - Moderately Dissected Hills and Valleys (Smdhv)",
        "Lithology": "Shale, greywacke with rythmite, slate & phyllite (0598), Palaeocene-Eocene",
        "LULC": "Evergreen Open Forest",
        "Triggering": "Rainfall",
        "Year": "2023",
        "Basin": "Brahmaputra Basin",
        "Sub_Basin": "Brahmaputra Upper",
        "Source": "RESOURCESAT-2, 2A, 10m CARTODEM, NGLM 50k(2011-2012), Lithology-GSI 50k(2011), SISDP-P2-LULC 10k(2018-2023) & India-WRIS"
      }
    },
    {
      "type": "Feature",
      "id": "LS_NAGALAND_2023.723",
      "geometry": {
        "type": "MultiPolygon",
        "coordinates": [
          [
            [
              [
                94.56597328,
                26.08396912
              ],
              [
                94.56597328,
                26.08415717
              ],
              [
                94.56615862,
                26.08415717
              ],
              [
                94.56615862,
                26.08396912
              ],
              [
                94.56597328,
                26.08396912
              ]
            ]
          ]
        ]
      },
      "geometry_name": "the_geom",
      "properties": {
        "Slide_No": "NL/ZU/83J12/2023/21",
        "State": "NAGALAND",
        "District": "ZUNHEBOTO",
        "Topo_No": "83J12",
        "Latitude": 26.0841,
        "Longitude": 94.5661,
        "Length_m": 20.618,
        "Width_m": 16.096,
        "Height_m": 7.98095703125,
        "Area_Sqm": 274.029,
        "Activity": "Active",
        "Geomorpho": "Structural Origin - Moderately Dissected Hills and Valleys (Smdhv)",
        "Lithology": "Flaggy sandstone with subordinate shale (Barail Group) 0541), Eocene-Oligocene",
        "LULC": "Evergreen Open Forest",
        "Triggering": "Rainfall",
        "Year": "2023",
        "Basin": "Minor rivers draining into Myanmar Basin",
        "Sub_Basin": "Imphal and others",
        "Source": "RESOURCESAT-2, 2A, 10m CARTODEM, NGLM 50k(2011-2012), Lithology-GSI 50k(2011), SISDP-P2-LULC 10k(2018-2023) & India-WRIS"
      }
    },
    {
      "type": "Feature",
      "id": "LS_NAGALAND_2023.724",
      "geometry": {
        "type": "MultiPolygon",
        "coordinates": [
          [
            [
              [
                94.44239447,
                26.08146971
              ],
              [
                94.44239447,
                26.08162422
              ],
              [
                94.44253383,
                26.08162422
              ],
              [
                94.44253383,
                26.08146971
              ],
              [
                94.44239447,
                26.08146971
              ]
            ]
          ]
        ]
      },
      "geometry_name": "the_geom",
      "properties": {
        "Slide_No": "NL/ZU/83J8/2023/82",
        "State": "NAGALAND",
        "District": "ZUNHEBOTO",
        "Topo_No": "83J8",
        "Latitude": 26.0815,
        "Longitude": 94.4425,
        "Length_m": 16.084,
        "Width_m": 14.266,
        "Height_m": 11.39386,
        "Area_Sqm": 183.044,
        "Activity": "Active",
        "Geomorpho": "Structural Origin - Moderately Dissected Hills and Valleys (Smdhv)",
        "Lithology": "Shale, siltstone, greywacke rhythmite & sandstone (0594), Palaeocene-Eocene",
        "LULC": "Evergreen Open Forest",
        "Triggering": "Rainfall",
        "Year": "2023",
        "Basin": "Brahmaputra Basin",
        "Sub_Basin": "Brahmaputra Upper",
        "Source": "RESOURCESAT-2, 2A, 10m CARTODEM, NGLM 50k(2011-2012), Lithology-GSI 50k(2011), SISDP-P2-LULC 10k(2018-2023) & India-WRIS"
      }
    },
    {
      "type": "Feature",
      "id": "LS_NAGALAND_2023.725",
      "geometry": {
        "type": "MultiPolygon",
        "coordinates": [
          [
            [
              [
                94.54580165,
                26.0324559
              ],
              [
                94.54580165,
                26.03296061
              ],
              [
                94.54608735,
                26.03296061
              ],
              [
                94.54608735,
                26.0324559
              ],
              [
                94.54580165,
                26.0324559
              ]
            ]
          ]
        ]
      },
      "geometry_name": "the_geom",
      "properties": {
        "Slide_No": "NL/ZU/83J12/2023/22",
        "State": "NAGALAND",
        "District": "ZUNHEBOTO",
        "Topo_No": "83J12",
        "Latitude": 26.0327,
        "Longitude": 94.5459,
        "Length_m": 54.657,
        "Width_m": 27.566,
        "Height_m": 36.2570800781,
        "Area_Sqm": 907.545,
        "Activity": "Active",
        "Geomorpho": "Structural Origin - Highly Dissected Hills and Valleys (Shdhv)",
        "Lithology": "Flaggy sandstone with subordinate shale (Barail Group) 0541), Eocene-Oligocene",
        "LULC": "Evergreen Open Forest",
        "Triggering": "Rainfall",
        "Year": "2023",
        "Basin": "Minor rivers draining into Myanmar Basin",
        "Sub_Basin": "Imphal and others",
        "Source": "RESOURCESAT-2, 2A, 10m CARTODEM, NGLM 50k(2011-2012), Lithology-GSI 50k(2011), SISDP-P2-LULC 10k(2018-2023) & India-WRIS"
      }
    },
    {
      "type": "Feature",
      "id": "LS_NAGALAND_2023.726",
      "geometry": {
        "type": "MultiPolygon",
        "coordinates": [
          [
            [
              [
                94.353092,
                26.02349781
              ],
              [
                94.353092,
                26.02367361
              ],
              [
                94.35326223,
                26.02367361
              ],
              [
                94.35326223,
                26.02349781
              ],
              [
                94.353092,
                26.02349781
              ]
            ]
          ]
        ]
      },
      "geometry_name": "the_geom",
      "properties": {
        "Slide_No": "NL/WO/83J8/2023/83",
        "State": "NAGALAND",
        "District": "WOKHA",
        "Topo_No": "83J8",
        "Latitude": 26.0236,
        "Longitude": 94.3532,
        "Length_m": 17.841,
        "Width_m": 17.627,
        "Height_m": 6.92687988281,
        "Area_Sqm": 247.656,
        "Activity": "Active",
        "Geomorpho": "Structural Origin - Moderately Dissected Hills and Valleys (Smdhv)",
        "Lithology": "Shale, greywacke with rythmite, slate & phyllite (0598), Palaeocene-Eocene",
        "LULC": "Evergreen Open Forest",
        "Triggering": "Rainfall",
        "Year": "2023",
        "Basin": "Brahmaputra Basin",
        "Sub_Basin": "Brahmaputra Upper",
        "Source": "RESOURCESAT-2, 2A, 10m CARTODEM, NGLM 50k(2011-2012), Lithology-GSI 50k(2011), SISDP-P2-LULC 10k(2018-2023) & India-WRIS"
      }
    },
    {
      "type": "Feature",
      "id": "LS_NAGALAND_2023.727",
      "geometry": {
        "type": "MultiPolygon",
        "coordinates": [
          [
            [
              [
                94.34795324,
                26.01534743
              ],
              [
                94.34795324,
                26.01566279
              ],
              [
                94.34813997,
                26.01566279
              ],
              [
                94.34813997,
                26.01534743
              ],
              [
                94.34795324,
                26.01534743
              ]
            ]
          ]
        ]
      },
      "geometry_name": "the_geom",
      "properties": {
        "Slide_No": "NL/WO/83J8/2023/84",
        "State": "NAGALAND",
        "District": "WOKHA",
        "Topo_No": "83J8",
        "Latitude": 26.0155,
        "Longitude": 94.348,
        "Length_m": 35.267,
        "Width_m": 18.233,
        "Height_m": 8.33483886719,
        "Area_Sqm": 493.698,
        "Activity": "Active",
        "Geomorpho": "Structural Origin - Moderately Dissected Hills and Valleys - Valley (Smdhv-v)",
        "Lithology": "Shale, greywacke with rythmite, slate & phyllite (0598), Palaeocene-Eocene",
        "LULC": "Evergreen Open Forest",
        "Triggering": "Rainfall",
        "Year": "2023",
        "Basin": "Brahmaputra Basin",
        "Sub_Basin": "Brahmaputra Upper",
        "Source": "RESOURCESAT-2, 2A, 10m CARTODEM, NGLM 50k(2011-2012), Lithology-GSI 50k(2011), SISDP-P2-LULC 10k(2018-2023) & India-WRIS"
      }
    },
    {
      "type": "Feature",
      "id": "LS_NAGALAND_2023.729",
      "geometry": {
        "type": "MultiPolygon",
        "coordinates": [
          [
            [
              [
                94.35848801,
                25.95883054
              ],
              [
                94.35848801,
                25.95901763
              ],
              [
                94.35868305,
                25.95901763
              ],
              [
                94.35868305,
                25.95883054
              ],
              [
                94.35848801,
                25.95883054
              ]
            ]
          ]
        ]
      },
      "geometry_name": "the_geom",
      "properties": {
        "Slide_No": "NL/ZU/83K5/2023/132",
        "State": "NAGALAND",
        "District": "ZUNHEBOTO",
        "Topo_No": "83K5",
        "Latitude": 25.9589,
        "Longitude": 94.3586,
        "Length_m": 21.188,
        "Width_m": 18.352,
        "Height_m": 5.94134521484,
        "Area_Sqm": 313.505,
        "Activity": "Active",
        "Geomorpho": "Structural Origin - Highly Dissected Hills and Valleys (Shdhv)",
        "Lithology": "Shale, siltstone, greywacke rhythmite & sandstone (0594), Palaeocene-Eocene",
        "LULC": "Evergreen Closed Forest",
        "Triggering": "Rainfall",
        "Year": "2023",
        "Basin": "Brahmaputra Basin",
        "Sub_Basin": "Brahmaputra Upper",
        "Source": "RESOURCESAT-2, 2A, 10m CARTODEM, NGLM 50k(2011-2012), Lithology-GSI 50k(2011), SISDP-P2-LULC 10k(2018-2023) & India-WRIS"
      }
    },
    {
      "type": "Feature",
      "id": "LS_NAGALAND_2023.730",
      "geometry": {
        "type": "MultiPolygon",
        "coordinates": [
          [
            [
              [
                94.62378936,
                26.11049629
              ],
              [
                94.62378936,
                26.11068026
              ],
              [
                94.62392594,
                26.11068026
              ],
              [
                94.62392594,
                26.11049629
              ],
              [
                94.62378936,
                26.11049629
              ]
            ]
          ]
        ]
      },
      "geometry_name": "the_geom",
      "properties": {
        "Slide_No": "NL/ZU/83J12/2023/23",
        "State": "NAGALAND",
        "District": "ZUNHEBOTO",
        "Topo_No": "83J12",
        "Latitude": 26.1106,
        "Longitude": 94.6239,
        "Length_m": 20.768,
        "Width_m": 13.13,
        "Height_m": 4.53125,
        "Area_Sqm": 216.624,
        "Activity": "Active",
        "Geomorpho": "Structural Origin - Moderately Dissected Hills and Valleys (Smdhv)",
        "Lithology": "Shale, siltstone, greywacke rhythmite & sandstone (0594), Palaeocene-Eocene",
        "LULC": "Evergreen Open Forest",
        "Triggering": "Rainfall",
        "Year": "2023",
        "Basin": "Minor rivers draining into Myanmar Basin",
        "Sub_Basin": "Imphal and others",
        "Source": "RESOURCESAT-2, 2A, 10m CARTODEM, NGLM 50k(2011-2012), Lithology-GSI 50k(2011), SISDP-P2-LULC 10k(2018-2023) & India-WRIS"
      }
    },
    {
      "type": "Feature",
      "id": "LS_NAGALAND_2023.731",
      "geometry": {
        "type": "MultiPolygon",
        "coordinates": [
          [
            [
              [
                94.97030235,
                26.10958705
              ],
              [
                94.97030235,
                26.10979856
              ],
              [
                94.97046113,
                26.10979856
              ],
              [
                94.97046113,
                26.10958705
              ],
              [
                94.97030235,
                26.10958705
              ]
            ]
          ]
        ]
      },
      "geometry_name": "the_geom",
      "properties": {
        "Slide_No": "NL/NOK/83J16/2023/32",
        "State": "NAGALAND",
        "District": "NOKLAK",
        "Topo_No": "83J16",
        "Latitude": 26.1097,
        "Longitude": 94.9704,
        "Length_m": 24.035,
        "Width_m": 13.869,
        "Height_m": 11.6315917969,
        "Area_Sqm": 272.335,
        "Activity": "Active",
        "Geomorpho": "Structural Origin - Moderately Dissected Hills and Valleys - Valley (Smdhv-v)",
        "Lithology": "Shale, greywacke with rythmite, slate & phyllite (0598), Palaeocene-Eocene",
        "LULC": "Evergreen Open Forest",
        "Triggering": "Rainfall",
        "Year": "2023",
        "Basin": "Minor rivers draining into Myanmar Basin",
        "Sub_Basin": "Imphal and others",
        "Source": "RESOURCESAT-2, 2A, 10m CARTODEM, NGLM 50k(2011-2012), Lithology-GSI 50k(2011), SISDP-P2-LULC 10k(2018-2023) & India-WRIS"
      }
    },
    {
      "type": "Feature",
      "id": "LS_NAGALAND_2023.733",
      "geometry": {
        "type": "MultiPolygon",
        "coordinates": [
          [
            [
              [
                94.55961774,
                26.07696712
              ],
              [
                94.55961774,
                26.07712246
              ],
              [
                94.55982732,
                26.07712246
              ],
              [
                94.55982732,
                26.07696712
              ],
              [
                94.55961774,
                26.07696712
              ]
            ]
          ]
        ]
      },
      "geometry_name": "the_geom",
      "properties": {
        "Slide_No": "NL/ZU/83J12/2023/24",
        "State": "NAGALAND",
        "District": "ZUNHEBOTO",
        "Topo_No": "83J12",
        "Latitude": 26.077,
        "Longitude": 94.5597,
        "Length_m": 21.615,
        "Width_m": 14.234,
        "Height_m": 6.81640625,
        "Area_Sqm": 235.593,
        "Activity": "Active",
        "Geomorpho": "Structural Origin - Moderately Dissected Hills and Valleys (Smdhv)",
        "Lithology": "Shale, siltstone, greywacke rhythmite & sandstone (0594), Palaeocene-Eocene",
        "LULC": "Evergreen Open Forest",
        "Triggering": "Rainfall",
        "Year": "2023",
        "Basin": "Minor rivers draining into Myanmar Basin",
        "Sub_Basin": "Imphal and others",
        "Source": "RESOURCESAT-2, 2A, 10m CARTODEM, NGLM 50k(2011-2012), Lithology-GSI 50k(2011), SISDP-P2-LULC 10k(2018-2023) & India-WRIS"
      }
    },
    {
      "type": "Feature",
      "id": "LS_NAGALAND_2023.736",
      "geometry": {
        "type": "MultiPolygon",
        "coordinates": [
          [
            [
              [
                94.33941504,
                25.9478945
              ],
              [
                94.33941504,
                25.94816698
              ],
              [
                94.33965389,
                25.94816698
              ],
              [
                94.33965389,
                25.9478945
              ],
              [
                94.33941504,
                25.9478945
              ]
            ]
          ]
        ]
      },
      "geometry_name": "the_geom",
      "properties": {
        "Slide_No": "NL/ZU/83K5/2023/135",
        "State": "NAGALAND",
        "District": "ZUNHEBOTO",
        "Topo_No": "83K5",
        "Latitude": 25.948,
        "Longitude": 94.3395,
        "Length_m": 31.258,
        "Width_m": 17.678,
        "Height_m": 19.8075256348,
        "Area_Sqm": 476.522,
        "Activity": "Active",
        "Geomorpho": "Structural Origin - Moderately Dissected Hills and Valleys - Valley (Smdhv-v)",
        "Lithology": "Shale, greywacke with rythmite, slate & phyllite (0598), Palaeocene-Eocene",
        "LULC": "Evergreen Open Forest",
        "Triggering": "Rainfall",
        "Year": "2023",
        "Basin": "Brahmaputra Basin",
        "Sub_Basin": "Brahmaputra Upper",
        "Source": "RESOURCESAT-2, 2A, 10m CARTODEM, NGLM 50k(2011-2012), Lithology-GSI 50k(2011), SISDP-P2-LULC 10k(2018-2023) & India-WRIS"
      }
    },
    {
      "type": "Feature",
      "id": "LS_NAGALAND_2023.737",
      "geometry": {
        "type": "MultiPolygon",
        "coordinates": [
          [
            [
              [
                94.34939153,
                26.00551977
              ],
              [
                94.34939153,
                26.00569842
              ],
              [
                94.34953649,
                26.00569842
              ],
              [
                94.34953649,
                26.00551977
              ],
              [
                94.34939153,
                26.00551977
              ]
            ]
          ]
        ]
      },
      "geometry_name": "the_geom",
      "properties": {
        "Slide_No": "NL/WO/83J8/2023/85",
        "State": "NAGALAND",
        "District": "WOKHA",
        "Topo_No": "83J8",
        "Latitude": 26.0056,
        "Longitude": 94.3495,
        "Length_m": 19.827,
        "Width_m": 14.434,
        "Height_m": 4.14236450195,
        "Area_Sqm": 223.426,
        "Activity": "Active",
        "Geomorpho": "Structural Origin - Moderately Dissected Hills and Valleys (Smdhv)",
        "Lithology": "Shale, greywacke with rythmite, slate & phyllite (0598), Palaeocene-Eocene",
        "LULC": "Evergreen Open Forest",
        "Triggering": "Rainfall",
        "Year": "2023",
        "Basin": "Brahmaputra Basin",
        "Sub_Basin": "Brahmaputra Upper",
        "Source": "RESOURCESAT-2, 2A, 10m CARTODEM, NGLM 50k(2011-2012), Lithology-GSI 50k(2011), SISDP-P2-LULC 10k(2018-2023) & India-WRIS"
      }
    },
    {
      "type": "Feature",
      "id": "LS_NAGALAND_2023.738",
      "geometry": {
        "type": "MultiPolygon",
        "coordinates": [
          [
            [
              [
                94.34465083,
                26.00402903
              ],
              [
                94.34465083,
                26.00429031
              ],
              [
                94.3448382,
                26.00429031
              ],
              [
                94.3448382,
                26.00402903
              ],
              [
                94.34465083,
                26.00402903
              ]
            ]
          ]
        ]
      },
      "geometry_name": "the_geom",
      "properties": {
        "Slide_No": "NL/WO/83J8/2023/86",
        "State": "NAGALAND",
        "District": "WOKHA",
        "Topo_No": "83J8",
        "Latitude": 26.0042,
        "Longitude": 94.3447,
        "Length_m": 36.293,
        "Width_m": 28.973,
        "Height_m": 16.9794616699,
        "Area_Sqm": 335.674,
        "Activity": "Active",
        "Geomorpho": "Structural Origin - Moderately Dissected Hills and Valleys - Valley (Smdhv-v)",
        "Lithology": "Shale, greywacke with rythmite, slate & phyllite (0598), Palaeocene-Eocene",
        "LULC": "Evergreen Open Forest",
        "Triggering": "Rainfall",
        "Year": "2023",
        "Basin": "Brahmaputra Basin",
        "Sub_Basin": "Brahmaputra Upper",
        "Source": "RESOURCESAT-2, 2A, 10m CARTODEM, NGLM 50k(2011-2012), Lithology-GSI 50k(2011), SISDP-P2-LULC 10k(2018-2023) & India-WRIS"
      }
    },
    {
      "type": "Feature",
      "id": "LS_NAGALAND_2023.739",
      "geometry": {
        "type": "MultiPolygon",
        "coordinates": [
          [
            [
              [
                94.34251337,
                26.00669361
              ],
              [
                94.34251337,
                26.00696211
              ],
              [
                94.34284819,
                26.00696211
              ],
              [
                94.34284819,
                26.00669361
              ],
              [
                94.34251337,
                26.00669361
              ]
            ]
          ]
        ]
      },
      "geometry_name": "the_geom",
      "properties": {
        "Slide_No": "NL/WO/83J8/2023/87",
        "State": "NAGALAND",
        "District": "WOKHA",
        "Topo_No": "83J8",
        "Latitude": 26.0068,
        "Longitude": 94.3427,
        "Length_m": 39.456,
        "Width_m": 17.915,
        "Height_m": 20.9819335938,
        "Area_Sqm": 443.248,
        "Activity": "Active",
        "Geomorpho": "Structural Origin - Moderately Dissected Hills and Valleys (Smdhv)",
        "Lithology": "Shale, greywacke with rythmite, slate & phyllite (0598), Palaeocene-Eocene",
        "LULC": "Evergreen Open Forest",
        "Triggering": "Rainfall",
        "Year": "2023",
        "Basin": "Brahmaputra Basin",
        "Sub_Basin": "Brahmaputra Upper",
        "Source": "RESOURCESAT-2, 2A, 10m CARTODEM, NGLM 50k(2011-2012), Lithology-GSI 50k(2011), SISDP-P2-LULC 10k(2018-2023) & India-WRIS"
      }
    },
    {
      "type": "Feature",
      "id": "LS_NAGALAND_2023.740",
      "geometry": {
        "type": "MultiPolygon",
        "coordinates": [
          [
            [
              [
                94.34517405,
                26.00711055
              ],
              [
                94.34517405,
                26.00723055
              ],
              [
                94.34527617,
                26.00723055
              ],
              [
                94.34527617,
                26.00711055
              ],
              [
                94.34517405,
                26.00711055
              ]
            ]
          ]
        ]
      },
      "geometry_name": "the_geom",
      "properties": {
        "Slide_No": "NL/WO/83J8/2023/88",
        "State": "NAGALAND",
        "District": "WOKHA",
        "Topo_No": "83J8",
        "Latitude": 26.0072,
        "Longitude": 94.3452,
        "Length_m": 13.285,
        "Width_m": 10.204,
        "Height_m": 8.273254,
        "Area_Sqm": 109.324,
        "Activity": "Active",
        "Geomorpho": "Structural Origin - Moderately Dissected Hills and Valleys (Smdhv)",
        "Lithology": "Shale, greywacke with rythmite, slate & phyllite (0598), Palaeocene-Eocene",
        "LULC": "Evergreen Open Forest",
        "Triggering": "Rainfall",
        "Year": "2023",
        "Basin": "Brahmaputra Basin",
        "Sub_Basin": "Brahmaputra Upper",
        "Source": "RESOURCESAT-2, 2A, 10m CARTODEM, NGLM 50k(2011-2012), Lithology-GSI 50k(2011), SISDP-P2-LULC 10k(2018-2023) & India-WRIS"
      }
    },
    {
      "type": "Feature",
      "id": "LS_NAGALAND_2023.741",
      "geometry": {
        "type": "MultiPolygon",
        "coordinates": [
          [
            [
              [
                94.344642,
                26.00370342
              ],
              [
                94.344642,
                26.0038455
              ],
              [
                94.34490866,
                26.0038455
              ],
              [
                94.34490866,
                26.00370342
              ],
              [
                94.344642,
                26.00370342
              ]
            ]
          ]
        ]
      },
      "geometry_name": "the_geom",
      "properties": {
        "Slide_No": "NL/WO/83J8/2023/89",
        "State": "NAGALAND",
        "District": "WOKHA",
        "Topo_No": "83J8",
        "Latitude": 26.0038,
        "Longitude": 94.3448,
        "Length_m": 26.846,
        "Width_m": 15.026,
        "Height_m": 3.683319,
        "Area_Sqm": 252.42,
        "Activity": "Reactivated",
        "Geomorpho": "Structural Origin - Moderately Dissected Hills and Valleys - Valley (Smdhv-v)",
        "Lithology": "Shale, greywacke with rythmite, slate & phyllite (0598), Palaeocene-Eocene",
        "LULC": "Evergreen Open Forest",
        "Triggering": "Rainfall",
        "Year": "2023",
        "Basin": "Brahmaputra Basin",
        "Sub_Basin": "Brahmaputra Upper",
        "Source": "RESOURCESAT-2, 2A, 10m CARTODEM, NGLM 50k(2011-2012), Lithology-GSI 50k(2011), SISDP-P2-LULC 10k(2018-2023) & India-WRIS"
      }
    },
    {
      "type": "Feature",
      "id": "LS_NAGALAND_2023.742",
      "geometry": {
        "type": "MultiPolygon",
        "coordinates": [
          [
            [
              [
                94.35629474,
                25.98661727
              ],
              [
                94.35629474,
                25.98690551
              ],
              [
                94.35661943,
                25.98690551
              ],
              [
                94.35661943,
                25.98661727
              ],
              [
                94.35629474,
                25.98661727
              ]
            ]
          ]
        ]
      },
      "geometry_name": "the_geom",
      "properties": {
        "Slide_No": "NL/ZU/83K5/2023/136",
        "State": "NAGALAND",
        "District": "ZUNHEBOTO",
        "Topo_No": "83K5",
        "Latitude": 25.9868,
        "Longitude": 94.3564,
        "Length_m": 40.904,
        "Width_m": 16.591,
        "Height_m": 24.7774047852,
        "Area_Sqm": 458.465,
        "Activity": "Active",
        "Geomorpho": "Structural Origin - Moderately Dissected Hills and Valleys (Smdhv)",
        "Lithology": "Shale, greywacke with rythmite, slate & phyllite (0598), Palaeocene-Eocene",
        "LULC": "Semi- Evergreen Open Forest",
        "Triggering": "Rainfall",
        "Year": "2023",
        "Basin": "Brahmaputra Basin",
        "Sub_Basin": "Brahmaputra Upper",
        "Source": "RESOURCESAT-2, 2A, 10m CARTODEM, NGLM 50k(2011-2012), Lithology-GSI 50k(2011), SISDP-P2-LULC 10k(2018-2023) & India-WRIS"
      }
    },
    {
      "type": "Feature",
      "id": "LS_NAGALAND_2023.743",
      "geometry": {
        "type": "MultiPolygon",
        "coordinates": [
          [
            [
              [
                94.34700372,
                25.97490011
              ],
              [
                94.34700372,
                25.97509701
              ],
              [
                94.34720819,
                25.97509701
              ],
              [
                94.34720819,
                25.97490011
              ],
              [
                94.34700372,
                25.97490011
              ]
            ]
          ]
        ]
      },
      "geometry_name": "the_geom",
      "properties": {
        "Slide_No": "NL/ZU/83K5/2023/137",
        "State": "NAGALAND",
        "District": "ZUNHEBOTO",
        "Topo_No": "83K5",
        "Latitude": 25.975,
        "Longitude": 94.3471,
        "Length_m": 21.023,
        "Width_m": 18.752,
        "Height_m": 5.221161,
        "Area_Sqm": 327.387,
        "Activity": "Active",
        "Geomorpho": "Structural Origin - Moderately Dissected Hills and Valleys (Smdhv)",
        "Lithology": "Shale, greywacke with rythmite, slate & phyllite (0598), Palaeocene-Eocene",
        "LULC": "Semi- Evergreen Open Forest",
        "Triggering": "Rainfall",
        "Year": "2023",
        "Basin": "Brahmaputra Basin",
        "Sub_Basin": "Brahmaputra Upper",
        "Source": "RESOURCESAT-2, 2A, 10m CARTODEM, NGLM 50k(2011-2012), Lithology-GSI 50k(2011), SISDP-P2-LULC 10k(2018-2023) & India-WRIS"
      }
    },
    {
      "type": "Feature",
      "id": "LS_NAGALAND_2023.744",
      "geometry": {
        "type": "MultiPolygon",
        "coordinates": [
          [
            [
              [
                94.33765898,
                25.96233897
              ],
              [
                94.33765898,
                25.96268931
              ],
              [
                94.33784638,
                25.96268931
              ],
              [
                94.33784638,
                25.96233897
              ],
              [
                94.33765898,
                25.96233897
              ]
            ]
          ]
        ]
      },
      "geometry_name": "the_geom",
      "properties": {
        "Slide_No": "NL/ZU/83K5/2023/138",
        "State": "NAGALAND",
        "District": "ZUNHEBOTO",
        "Topo_No": "83K5",
        "Latitude": 25.9625,
        "Longitude": 94.3378,
        "Length_m": 39.257,
        "Width_m": 16.405,
        "Height_m": 12.3193664551,
        "Area_Sqm": 510.908,
        "Activity": "Reactivated",
        "Geomorpho": "Structural Origin - Moderately Dissected Hills and Valleys - Valley (Smdhv-v)",
        "Lithology": "Shale, greywacke with rythmite, slate & phyllite (0598), Palaeocene-Eocene",
        "LULC": "Semi- Evergreen Open Forest",
        "Triggering": "Rainfall",
        "Year": "2023",
        "Basin": "Brahmaputra Basin",
        "Sub_Basin": "Brahmaputra Upper",
        "Source": "RESOURCESAT-2, 2A, 10m CARTODEM, NGLM 50k(2011-2012), Lithology-GSI 50k(2011), SISDP-P2-LULC 10k(2018-2023) & India-WRIS"
      }
    },
    {
      "type": "Feature",
      "id": "LS_NAGALAND_2023.745",
      "geometry": {
        "type": "MultiPolygon",
        "coordinates": [
          [
            [
              [
                94.33697011,
                25.9623649
              ],
              [
                94.33697011,
                25.96247031
              ],
              [
                94.33717813,
                25.96247031
              ],
              [
                94.33717813,
                25.9623649
              ],
              [
                94.33697011,
                25.9623649
              ]
            ]
          ]
        ]
      },
      "geometry_name": "the_geom",
      "properties": {
        "Slide_No": "NL/ZU/83K5/2023/139",
        "State": "NAGALAND",
        "District": "ZUNHEBOTO",
        "Topo_No": "83K5",
        "Latitude": 25.9624,
        "Longitude": 94.3371,
        "Length_m": 20.651,
        "Width_m": 11.394,
        "Height_m": 7.722107,
        "Area_Sqm": 192.517,
        "Activity": "Active",
        "Geomorpho": "Structural Origin - Moderately Dissected Hills and Valleys (Smdhv)",
        "Lithology": "Shale, greywacke with rythmite, slate & phyllite (0598), Palaeocene-Eocene",
        "LULC": "Semi- Evergreen Open Forest",
        "Triggering": "Rainfall",
        "Year": "2023",
        "Basin": "Brahmaputra Basin",
        "Sub_Basin": "Brahmaputra Upper",
        "Source": "RESOURCESAT-2, 2A, 10m CARTODEM, NGLM 50k(2011-2012), Lithology-GSI 50k(2011), SISDP-P2-LULC 10k(2018-2023) & India-WRIS"
      }
    },
    {
      "type": "Feature",
      "id": "LS_NAGALAND_2023.747",
      "geometry": {
        "type": "MultiPolygon",
        "coordinates": [
          [
            [
              [
                94.80695667,
                26.11995428
              ],
              [
                94.80695667,
                26.12004022
              ],
              [
                94.8071416,
                26.12004022
              ],
              [
                94.8071416,
                26.11995428
              ],
              [
                94.80695667,
                26.11995428
              ]
            ]
          ]
        ]
      },
      "geometry_name": "the_geom",
      "properties": {
        "Slide_No": "NL/SHA/83J16/2023/33",
        "State": "NAGALAND",
        "District": "SHAMATOR",
        "Topo_No": "83J16",
        "Latitude": 26.12,
        "Longitude": 94.8071,
        "Length_m": 17.753,
        "Width_m": 8.269,
        "Height_m": 4.388671,
        "Area_Sqm": 111.382,
        "Activity": "Active",
        "Geomorpho": "Structural Origin - Moderately Dissected Hills and Valleys - Valley (Smdhv-v)",
        "Lithology": "Shale, siltstone, greywacke rhythmite & sandstone (0594), Palaeocene-Eocene",
        "LULC": "Evergreen Open Forest",
        "Triggering": "Rainfall",
        "Year": "2023",
        "Basin": "Minor rivers draining into Myanmar Basin",
        "Sub_Basin": "Imphal and others",
        "Source": "RESOURCESAT-2, 2A, 10m CARTODEM, NGLM 50k(2011-2012), Lithology-GSI 50k(2011), SISDP-P2-LULC 10k(2018-2023) & India-WRIS"
      }
    },
    {
      "type": "Feature",
      "id": "LS_NAGALAND_2023.748",
      "geometry": {
        "type": "MultiPolygon",
        "coordinates": [
          [
            [
              [
                94.3669939,
                26.10795205
              ],
              [
                94.3669939,
                26.10814862
              ],
              [
                94.36713909,
                26.10814862
              ],
              [
                94.36713909,
                26.10795205
              ],
              [
                94.3669939,
                26.10795205
              ]
            ]
          ]
        ]
      },
      "geometry_name": "the_geom",
      "properties": {
        "Slide_No": "NL/WO/83J8/2023/90",
        "State": "NAGALAND",
        "District": "WOKHA",
        "Topo_No": "83J8",
        "Latitude": 26.108,
        "Longitude": 94.3671,
        "Length_m": 21.574,
        "Width_m": 14.243,
        "Height_m": 4.95581054688,
        "Area_Sqm": 246.167,
        "Activity": "Active",
        "Geomorpho": "Structural Origin - Moderately Dissected Hills and Valleys - Valley (Smdhv-v)",
        "Lithology": "Shale, greywacke with rythmite, slate & phyllite (0598), Palaeocene-Eocene",
        "LULC": "Deciduous Closed Forest",
        "Triggering": "Rainfall",
        "Year": "2023",
        "Basin": "Brahmaputra Basin",
        "Sub_Basin": "Brahmaputra Upper",
        "Source": "RESOURCESAT-2, 2A, 10m CARTODEM, NGLM 50k(2011-2012), Lithology-GSI 50k(2011), SISDP-P2-LULC 10k(2018-2023) & India-WRIS"
      }
    },
    {
      "type": "Feature",
      "id": "LS_NAGALAND_2023.749",
      "geometry": {
        "type": "MultiPolygon",
        "coordinates": [
          [
            [
              [
                94.38508475,
                26.11851575
              ],
              [
                94.38508475,
                26.11871421
              ],
              [
                94.38539625,
                26.11871421
              ],
              [
                94.38539625,
                26.11851575
              ],
              [
                94.38508475,
                26.11851575
              ]
            ]
          ]
        ]
      },
      "geometry_name": "the_geom",
      "properties": {
        "Slide_No": "NL/WO/83J8/2023/91",
        "State": "NAGALAND",
        "District": "WOKHA",
        "Topo_No": "83J8",
        "Latitude": 26.1186,
        "Longitude": 94.3852,
        "Length_m": 30.935,
        "Width_m": 20.653,
        "Height_m": 15.4221801758,
        "Area_Sqm": 470.185,
        "Activity": "Active",
        "Geomorpho": "Structural Origin - Moderately Dissected Hills and Valleys - Valley (Smdhv-v)",
        "Lithology": "Shale, greywacke with rythmite, slate & phyllite (0598), Palaeocene-Eocene",
        "LULC": "Deciduous Closed Forest",
        "Triggering": "Rainfall",
        "Year": "2023",
        "Basin": "Brahmaputra Basin",
        "Sub_Basin": "Brahmaputra Upper",
        "Source": "RESOURCESAT-2, 2A, 10m CARTODEM, NGLM 50k(2011-2012), Lithology-GSI 50k(2011), SISDP-P2-LULC 10k(2018-2023) & India-WRIS"
      }
    },
    {
      "type": "Feature",
      "id": "LS_NAGALAND_2023.750",
      "geometry": {
        "type": "MultiPolygon",
        "coordinates": [
          [
            [
              [
                94.38503145,
                26.11961178
              ],
              [
                94.38503145,
                26.1198457
              ],
              [
                94.3852319,
                26.1198457
              ],
              [
                94.3852319,
                26.11961178
              ],
              [
                94.38503145,
                26.11961178
              ]
            ]
          ]
        ]
      },
      "geometry_name": "the_geom",
      "properties": {
        "Slide_No": "NL/WO/83J8/2023/92",
        "State": "NAGALAND",
        "District": "WOKHA",
        "Topo_No": "83J8",
        "Latitude": 26.1197,
        "Longitude": 94.3851,
        "Length_m": 24.429,
        "Width_m": 19.408,
        "Height_m": 5.7612,
        "Area_Sqm": 374.527,
        "Activity": "Active",
        "Geomorpho": "Structural Origin - Moderately Dissected Hills and Valleys (Smdhv)",
        "Lithology": "Shale, greywacke with rythmite, slate & phyllite (0598), Palaeocene-Eocene",
        "LULC": "Deciduous Closed Forest",
        "Triggering": "Rainfall",
        "Year": "2023",
        "Basin": "Brahmaputra Basin",
        "Sub_Basin": "Brahmaputra Upper",
        "Source": "RESOURCESAT-2, 2A, 10m CARTODEM, NGLM 50k(2011-2012), Lithology-GSI 50k(2011), SISDP-P2-LULC 10k(2018-2023) & India-WRIS"
      }
    },
    {
      "type": "Feature",
      "id": "LS_NAGALAND_2023.751",
      "geometry": {
        "type": "MultiPolygon",
        "coordinates": [
          [
            [
              [
                94.41764331,
                26.11601633
              ],
              [
                94.41764331,
                26.1162038
              ],
              [
                94.4178934,
                26.1162038
              ],
              [
                94.4178934,
                26.11601633
              ],
              [
                94.41764331,
                26.11601633
              ]
            ]
          ]
        ]
      },
      "geometry_name": "the_geom",
      "properties": {
        "Slide_No": "NL/ZU/83J8/2023/93",
        "State": "NAGALAND",
        "District": "ZUNHEBOTO",
        "Topo_No": "83J8",
        "Latitude": 26.1161,
        "Longitude": 94.4178,
        "Length_m": 27.421,
        "Width_m": 17.828,
        "Height_m": 4.499756,
        "Area_Sqm": 351.499,
        "Activity": "Active",
        "Geomorpho": "Structural Origin - Moderately Dissected Hills and Valleys - Valley (Smdhv-v)",
        "Lithology": "Shale, siltstone, greywacke rhythmite & sandstone (0594), Palaeocene-Eocene",
        "LULC": "Evergreen Closed Forest",
        "Triggering": "Rainfall",
        "Year": "2023",
        "Basin": "Brahmaputra Basin",
        "Sub_Basin": "Brahmaputra Upper",
        "Source": "RESOURCESAT-2, 2A, 10m CARTODEM, NGLM 50k(2011-2012), Lithology-GSI 50k(2011), SISDP-P2-LULC 10k(2018-2023) & India-WRIS"
      }
    },
    {
      "type": "Feature",
      "id": "LS_NAGALAND_2023.752",
      "geometry": {
        "type": "MultiPolygon",
        "coordinates": [
          [
            [
              [
                94.41255288,
                26.12092391
              ],
              [
                94.41255288,
                26.12107875
              ],
              [
                94.41272279,
                26.12107875
              ],
              [
                94.41272279,
                26.12092391
              ],
              [
                94.41255288,
                26.12092391
              ]
            ]
          ]
        ]
      },
      "geometry_name": "the_geom",
      "properties": {
        "Slide_No": "NL/ZU/83J8/2023/94",
        "State": "NAGALAND",
        "District": "ZUNHEBOTO",
        "Topo_No": "83J8",
        "Latitude": 26.121,
        "Longitude": 94.4126,
        "Length_m": 17.674,
        "Width_m": 16.305,
        "Height_m": 3.25863647461,
        "Area_Sqm": 216.677,
        "Activity": "Active",
        "Geomorpho": "Structural Origin - Moderately Dissected Hills and Valleys - Valley (Smdhv-v)",
        "Lithology": "Shale, siltstone, greywacke rhythmite & sandstone (0594), Palaeocene-Eocene",
        "LULC": "Evergreen Closed Forest",
        "Triggering": "Rainfall",
        "Year": "2023",
        "Basin": "Brahmaputra Basin",
        "Sub_Basin": "Brahmaputra Upper",
        "Source": "RESOURCESAT-2, 2A, 10m CARTODEM, NGLM 50k(2011-2012), Lithology-GSI 50k(2011), SISDP-P2-LULC 10k(2018-2023) & India-WRIS"
      }
    },
    {
      "type": "Feature",
      "id": "LS_NAGALAND_2023.753",
      "geometry": {
        "type": "MultiPolygon",
        "coordinates": [
          [
            [
              [
                94.57267453,
                26.06813536
              ],
              [
                94.57267453,
                26.06846759
              ],
              [
                94.57289921,
                26.06846759
              ],
              [
                94.57289921,
                26.06813536
              ],
              [
                94.57267453,
                26.06813536
              ]
            ]
          ]
        ]
      },
      "geometry_name": "the_geom",
      "properties": {
        "Slide_No": "NL/ZU/83J12/2023/25",
        "State": "NAGALAND",
        "District": "ZUNHEBOTO",
        "Topo_No": "83J12",
        "Latitude": 26.0683,
        "Longitude": 94.5728,
        "Length_m": 38.966,
        "Width_m": 16.189,
        "Height_m": 10.26171875,
        "Area_Sqm": 484.638,
        "Activity": "Active",
        "Geomorpho": "Structural Origin - Moderately Dissected Hills and Valleys (Smdhv)",
        "Lithology": "Shale, siltstone, greywacke rhythmite & sandstone (0594), Palaeocene-Eocene",
        "LULC": "Evergreen Open Forest",
        "Triggering": "Rainfall",
        "Year": "2023",
        "Basin": "Minor rivers draining into Myanmar Basin",
        "Sub_Basin": "Imphal and others",
        "Source": "RESOURCESAT-2, 2A, 10m CARTODEM, NGLM 50k(2011-2012), Lithology-GSI 50k(2011), SISDP-P2-LULC 10k(2018-2023) & India-WRIS"
      }
    },
    {
      "type": "Feature",
      "id": "LS_NAGALAND_2023.754",
      "geometry": {
        "type": "MultiPolygon",
        "coordinates": [
          [
            [
              [
                94.35106078,
                26.02938971
              ],
              [
                94.35106078,
                26.02964637
              ],
              [
                94.35126657,
                26.02964637
              ],
              [
                94.35126657,
                26.02938971
              ],
              [
                94.35106078,
                26.02938971
              ]
            ]
          ]
        ]
      },
      "geometry_name": "the_geom",
      "properties": {
        "Slide_No": "NL/WO/83J8/2023/95",
        "State": "NAGALAND",
        "District": "WOKHA",
        "Topo_No": "83J8",
        "Latitude": 26.0295,
        "Longitude": 94.3512,
        "Length_m": 29.164,
        "Width_m": 19.245,
        "Height_m": 10.4191894531,
        "Area_Sqm": 432.596,
        "Activity": "Active",
        "Geomorpho": "Structural Origin - Moderately Dissected Hills and Valleys (Smdhv)",
        "Lithology": "Shale, greywacke with rythmite, slate & phyllite (0598), Palaeocene-Eocene",
        "LULC": "Evergreen Open Forest",
        "Triggering": "Rainfall",
        "Year": "2023",
        "Basin": "Brahmaputra Basin",
        "Sub_Basin": "Brahmaputra Upper",
        "Source": "RESOURCESAT-2, 2A, 10m CARTODEM, NGLM 50k(2011-2012), Lithology-GSI 50k(2011), SISDP-P2-LULC 10k(2018-2023) & India-WRIS"
      }
    },
    {
      "type": "Feature",
      "id": "LS_NAGALAND_2023.755",
      "geometry": {
        "type": "MultiPolygon",
        "coordinates": [
          [
            [
              [
                94.34931401,
                26.02980065
              ],
              [
                94.34931401,
                26.03002406
              ],
              [
                94.3494745,
                26.03002406
              ],
              [
                94.3494745,
                26.02980065
              ],
              [
                94.34931401,
                26.02980065
              ]
            ]
          ]
        ]
      },
      "geometry_name": "the_geom",
      "properties": {
        "Slide_No": "NL/WO/83J8/2023/96",
        "State": "NAGALAND",
        "District": "WOKHA",
        "Topo_No": "83J8",
        "Latitude": 26.0299,
        "Longitude": 94.3494,
        "Length_m": 25.517,
        "Width_m": 15.245,
        "Height_m": 10.6610107422,
        "Area_Sqm": 300.674,
        "Activity": "Active",
        "Geomorpho": "Structural Origin - Moderately Dissected Hills and Valleys (Smdhv)",
        "Lithology": "Shale, greywacke with rythmite, slate & phyllite (0598), Palaeocene-Eocene",
        "LULC": "Evergreen Open Forest",
        "Triggering": "Rainfall",
        "Year": "2023",
        "Basin": "Brahmaputra Basin",
        "Sub_Basin": "Brahmaputra Upper",
        "Source": "RESOURCESAT-2, 2A, 10m CARTODEM, NGLM 50k(2011-2012), Lithology-GSI 50k(2011), SISDP-P2-LULC 10k(2018-2023) & India-WRIS"
      }
    },
    {
      "type": "Feature",
      "id": "LS_NAGALAND_2023.756",
      "geometry": {
        "type": "MultiPolygon",
        "coordinates": [
          [
            [
              [
                94.33815642,
                26.02447165
              ],
              [
                94.33815642,
                26.02630048
              ],
              [
                94.33958645,
                26.02630048
              ],
              [
                94.33958645,
                26.02447165
              ],
              [
                94.33815642,
                26.02447165
              ]
            ]
          ]
        ]
      },
      "geometry_name": "the_geom",
      "properties": {
        "Slide_No": "NL/WO/83J8/2023/97",
        "State": "NAGALAND",
        "District": "WOKHA",
        "Topo_No": "83J8",
        "Latitude": 26.0252,
        "Longitude": 94.3389,
        "Length_m": 231.551,
        "Width_m": 61.512,
        "Height_m": 146.043945,
        "Area_Sqm": 8031.97,
        "Activity": "Active",
        "Geomorpho": "Structural Origin - Moderately Dissected Hills and Valleys (Smdhv)",
        "Lithology": "Shale, greywacke with rythmite, slate & phyllite (0598), Palaeocene-Eocene",
        "LULC": "Evergreen Open Forest",
        "Triggering": "Rainfall",
        "Year": "2023",
        "Basin": "Brahmaputra Basin",
        "Sub_Basin": "Brahmaputra Upper",
        "Source": "RESOURCESAT-2, 2A, 10m CARTODEM, NGLM 50k(2011-2012), Lithology-GSI 50k(2011), SISDP-P2-LULC 10k(2018-2023) & India-WRIS"
      }
    },
    {
      "type": "Feature",
      "id": "LS_NAGALAND_2023.757",
      "geometry": {
        "type": "MultiPolygon",
        "coordinates": [
          [
            [
              [
                94.3596987,
                26.02539059
              ],
              [
                94.3596987,
                26.02570112
              ],
              [
                94.35999165,
                26.02570112
              ],
              [
                94.35999165,
                26.02539059
              ],
              [
                94.3596987,
                26.02539059
              ]
            ]
          ]
        ]
      },
      "geometry_name": "the_geom",
      "properties": {
        "Slide_No": "NL/WO/83J8/2023/98",
        "State": "NAGALAND",
        "District": "WOKHA",
        "Topo_No": "83J8",
        "Latitude": 26.0255,
        "Longitude": 94.3598,
        "Length_m": 29.921,
        "Width_m": 29.744,
        "Height_m": 6.72555541992,
        "Area_Sqm": 626.663,
        "Activity": "Active",
        "Geomorpho": "Structural Origin - Moderately Dissected Hills and Valleys - Valley (Smdhv-v)",
        "Lithology": "Shale, greywacke with rythmite, slate & phyllite (0598), Palaeocene-Eocene",
        "LULC": "Evergreen Open Forest",
        "Triggering": "Rainfall",
        "Year": "2023",
        "Basin": "Brahmaputra Basin",
        "Sub_Basin": "Brahmaputra Upper",
        "Source": "RESOURCESAT-2, 2A, 10m CARTODEM, NGLM 50k(2011-2012), Lithology-GSI 50k(2011), SISDP-P2-LULC 10k(2018-2023) & India-WRIS"
      }
    },
    {
      "type": "Feature",
      "id": "LS_NAGALAND_2023.758",
      "geometry": {
        "type": "MultiPolygon",
        "coordinates": [
          [
            [
              [
                94.35665087,
                26.09268657
              ],
              [
                94.35665087,
                26.09290861
              ],
              [
                94.35680787,
                26.09290861
              ],
              [
                94.35680787,
                26.09268657
              ],
              [
                94.35665087,
                26.09268657
              ]
            ]
          ]
        ]
      },
      "geometry_name": "the_geom",
      "properties": {
        "Slide_No": "NL/WO/83J8/2023/99",
        "State": "NAGALAND",
        "District": "WOKHA",
        "Topo_No": "83J8",
        "Latitude": 26.0928,
        "Longitude": 94.3567,
        "Length_m": 25.521,
        "Width_m": 14.404,
        "Height_m": 12.7168579102,
        "Area_Sqm": 298.832,
        "Activity": "Active",
        "Geomorpho": "Structural Origin - Moderately Dissected Hills and Valleys (Smdhv)",
        "Lithology": "Shale, siltstone, greywacke rhythmite & sandstone (0594), Palaeocene-Eocene",
        "LULC": "Evergreen Open Forest",
        "Triggering": "Rainfall",
        "Year": "2023",
        "Basin": "Brahmaputra Basin",
        "Sub_Basin": "Brahmaputra Upper",
        "Source": "RESOURCESAT-2, 2A, 10m CARTODEM, NGLM 50k(2011-2012), Lithology-GSI 50k(2011), SISDP-P2-LULC 10k(2018-2023) & India-WRIS"
      }
    },
    {
      "type": "Feature",
      "id": "LS_NAGALAND_2023.759",
      "geometry": {
        "type": "MultiPolygon",
        "coordinates": [
          [
            [
              [
                94.35012486,
                26.00727988
              ],
              [
                94.35012486,
                26.00741162
              ],
              [
                94.35024968,
                26.00741162
              ],
              [
                94.35024968,
                26.00727988
              ],
              [
                94.35012486,
                26.00727988
              ]
            ]
          ]
        ]
      },
      "geometry_name": "the_geom",
      "properties": {
        "Slide_No": "NL/WO/83J8/2023/100",
        "State": "NAGALAND",
        "District": "WOKHA",
        "Topo_No": "83J8",
        "Latitude": 26.0073,
        "Longitude": 94.3502,
        "Length_m": 14.557,
        "Width_m": 12.517,
        "Height_m": 6.76806640625,
        "Area_Sqm": 143.187,
        "Activity": "Active",
        "Geomorpho": "Structural Origin - Moderately Dissected Hills and Valleys (Smdhv)",
        "Lithology": "Shale, greywacke with rythmite, slate & phyllite (0598), Palaeocene-Eocene",
        "LULC": "Evergreen Open Forest",
        "Triggering": "Rainfall",
        "Year": "2023",
        "Basin": "Brahmaputra Basin",
        "Sub_Basin": "Brahmaputra Upper",
        "Source": "RESOURCESAT-2, 2A, 10m CARTODEM, NGLM 50k(2011-2012), Lithology-GSI 50k(2011), SISDP-P2-LULC 10k(2018-2023) & India-WRIS"
      }
    },
    {
      "type": "Feature",
      "id": "LS_NAGALAND_2023.760",
      "geometry": {
        "type": "MultiPolygon",
        "coordinates": [
          [
            [
              [
                94.34296313,
                26.00230705
              ],
              [
                94.34296313,
                26.00257867
              ],
              [
                94.34329467,
                26.00257867
              ],
              [
                94.34329467,
                26.00230705
              ],
              [
                94.34296313,
                26.00230705
              ]
            ]
          ]
        ]
      },
      "geometry_name": "the_geom",
      "properties": {
        "Slide_No": "NL/WO/83J8/2023/101",
        "State": "NAGALAND",
        "District": "WOKHA",
        "Topo_No": "83J8",
        "Latitude": 26.0025,
        "Longitude": 94.3431,
        "Length_m": 37.554,
        "Width_m": 23.043,
        "Height_m": 7.810944,
        "Area_Sqm": 523.273,
        "Activity": "Active",
        "Geomorpho": "Structural Origin - Moderately Dissected Hills and Valleys - Valley (Smdhv-v)",
        "Lithology": "Shale, greywacke with rythmite, slate & phyllite (0598), Palaeocene-Eocene",
        "LULC": "Evergreen Open Forest",
        "Triggering": "Rainfall",
        "Year": "2023",
        "Basin": "Brahmaputra Basin",
        "Sub_Basin": "Brahmaputra Upper",
        "Source": "RESOURCESAT-2, 2A, 10m CARTODEM, NGLM 50k(2011-2012), Lithology-GSI 50k(2011), SISDP-P2-LULC 10k(2018-2023) & India-WRIS"
      }
    },
    {
      "type": "Feature",
      "id": "LS_NAGALAND_2023.761",
      "geometry": {
        "type": "MultiPolygon",
        "coordinates": [
          [
            [
              [
                94.34507156,
                26.00395571
              ],
              [
                94.34507156,
                26.00407256
              ],
              [
                94.34517118,
                26.00407256
              ],
              [
                94.34517118,
                26.00395571
              ],
              [
                94.34507156,
                26.00395571
              ]
            ]
          ]
        ]
      },
      "geometry_name": "the_geom",
      "properties": {
        "Slide_No": "NL/WO/83J8/2023/102",
        "State": "NAGALAND",
        "District": "WOKHA",
        "Topo_No": "83J8",
        "Latitude": 26.004,
        "Longitude": 94.3451,
        "Length_m": 12.98,
        "Width_m": 9.889,
        "Height_m": 3.223297,
        "Area_Sqm": 107.46,
        "Activity": "Active",
        "Geomorpho": "Structural Origin - Moderately Dissected Hills and Valleys - Valley (Smdhv-v)",
        "Lithology": "Shale, greywacke with rythmite, slate & phyllite (0598), Palaeocene-Eocene",
        "LULC": "Evergreen Open Forest",
        "Triggering": "Rainfall",
        "Year": "2023",
        "Basin": "Brahmaputra Basin",
        "Sub_Basin": "Brahmaputra Upper",
        "Source": "RESOURCESAT-2, 2A, 10m CARTODEM, NGLM 50k(2011-2012), Lithology-GSI 50k(2011), SISDP-P2-LULC 10k(2018-2023) & India-WRIS"
      }
    },
    {
      "type": "Feature",
      "id": "LS_NAGALAND_2023.762",
      "geometry": {
        "type": "MultiPolygon",
        "coordinates": [
          [
            [
              [
                94.34507678,
                26.00582672
              ],
              [
                94.34507678,
                26.00628332
              ],
              [
                94.34525113,
                26.00628332
              ],
              [
                94.34525113,
                26.00582672
              ],
              [
                94.34507678,
                26.00582672
              ]
            ]
          ]
        ]
      },
      "geometry_name": "the_geom",
      "properties": {
        "Slide_No": "NL/WO/83J8/2023/103",
        "State": "NAGALAND",
        "District": "WOKHA",
        "Topo_No": "83J8",
        "Latitude": 26.006,
        "Longitude": 94.3452,
        "Length_m": 50.29,
        "Width_m": 17.152,
        "Height_m": 27.7496643066,
        "Area_Sqm": 659.5,
        "Activity": "Active",
        "Geomorpho": "Structural Origin - Moderately Dissected Hills and Valleys (Smdhv)",
        "Lithology": "Shale, greywacke with rythmite, slate & phyllite (0598), Palaeocene-Eocene",
        "LULC": "Evergreen Open Forest",
        "Triggering": "Rainfall",
        "Year": "2023",
        "Basin": "Brahmaputra Basin",
        "Sub_Basin": "Brahmaputra Upper",
        "Source": "RESOURCESAT-2, 2A, 10m CARTODEM, NGLM 50k(2011-2012), Lithology-GSI 50k(2011), SISDP-P2-LULC 10k(2018-2023) & India-WRIS"
      }
    },
    {
      "type": "Feature",
      "id": "LS_NAGALAND_2023.763",
      "geometry": {
        "type": "MultiPolygon",
        "coordinates": [
          [
            [
              [
                94.3428365,
                26.08024301
              ],
              [
                94.3428365,
                26.08040348
              ],
              [
                94.34297585,
                26.08040348
              ],
              [
                94.34297585,
                26.08024301
              ],
              [
                94.3428365,
                26.08024301
              ]
            ]
          ]
        ]
      },
      "geometry_name": "the_geom",
      "properties": {
        "Slide_No": "NL/WO/83J8/2023/104",
        "State": "NAGALAND",
        "District": "WOKHA",
        "Topo_No": "83J8",
        "Latitude": 26.0803,
        "Longitude": 94.3429,
        "Length_m": 17.772,
        "Width_m": 13.864,
        "Height_m": 7.94055175781,
        "Area_Sqm": 195.932,
        "Activity": "Active",
        "Geomorpho": "Structural Origin - Moderately Dissected Hills and Valleys (Smdhv)",
        "Lithology": "Shale, siltstone, greywacke rhythmite & sandstone (0594), Palaeocene-Eocene",
        "LULC": "Evergreen Open Forest",
        "Triggering": "Rainfall",
        "Year": "2023",
        "Basin": "Brahmaputra Basin",
        "Sub_Basin": "Brahmaputra Upper",
        "Source": "RESOURCESAT-2, 2A, 10m CARTODEM, NGLM 50k(2011-2012), Lithology-GSI 50k(2011), SISDP-P2-LULC 10k(2018-2023) & India-WRIS"
      }
    },
    {
      "type": "Feature",
      "id": "LS_NAGALAND_2023.764",
      "geometry": {
        "type": "MultiPolygon",
        "coordinates": [
          [
            [
              [
                94.43487677,
                26.08370758
              ],
              [
                94.43487677,
                26.08384069
              ],
              [
                94.43500176,
                26.08384069
              ],
              [
                94.43500176,
                26.08370758
              ],
              [
                94.43487677,
                26.08370758
              ]
            ]
          ]
        ]
      },
      "geometry_name": "the_geom",
      "properties": {
        "Slide_No": "NL/ZU/83J8/2023/105",
        "State": "NAGALAND",
        "District": "ZUNHEBOTO",
        "Topo_No": "83J8",
        "Latitude": 26.0838,
        "Longitude": 94.4349,
        "Length_m": 14.512,
        "Width_m": 12.416,
        "Height_m": 5.373169,
        "Area_Sqm": 144.484,
        "Activity": "Active",
        "Geomorpho": "Structural Origin - Moderately Dissected Hills and Valleys (Smdhv)",
        "Lithology": "Shale, siltstone, greywacke rhythmite & sandstone (0594), Palaeocene-Eocene",
        "LULC": "Evergreen Open Forest",
        "Triggering": "Rainfall",
        "Year": "2023",
        "Basin": "Brahmaputra Basin",
        "Sub_Basin": "Brahmaputra Upper",
        "Source": "RESOURCESAT-2, 2A, 10m CARTODEM, NGLM 50k(2011-2012), Lithology-GSI 50k(2011), SISDP-P2-LULC 10k(2018-2023) & India-WRIS"
      }
    },
    {
      "type": "Feature",
      "id": "LS_NAGALAND_2023.767",
      "geometry": {
        "type": "MultiPolygon",
        "coordinates": [
          [
            [
              [
                94.6172311,
                26.09036956
              ],
              [
                94.6172311,
                26.0905339
              ],
              [
                94.61741034,
                26.0905339
              ],
              [
                94.61741034,
                26.09036956
              ],
              [
                94.6172311,
                26.09036956
              ]
            ]
          ]
        ]
      },
      "geometry_name": "the_geom",
      "properties": {
        "Slide_No": "NL/ZU/83J12/2023/26",
        "State": "NAGALAND",
        "District": "ZUNHEBOTO",
        "Topo_No": "83J12",
        "Latitude": 26.0905,
        "Longitude": 94.6173,
        "Length_m": 18.133,
        "Width_m": 17.878,
        "Height_m": 4.80700683594,
        "Area_Sqm": 250.724,
        "Activity": "Active",
        "Geomorpho": "Structural Origin - Moderately Dissected Hills and Valleys (Smdhv)",
        "Lithology": "Shale, siltstone, greywacke rhythmite & sandstone (0594), Palaeocene-Eocene",
        "LULC": "Evergreen Open Forest",
        "Triggering": "Rainfall",
        "Year": "2023",
        "Basin": "Minor rivers draining into Myanmar Basin",
        "Sub_Basin": "Imphal and others",
        "Source": "RESOURCESAT-2, 2A, 10m CARTODEM, NGLM 50k(2011-2012), Lithology-GSI 50k(2011), SISDP-P2-LULC 10k(2018-2023) & India-WRIS"
      }
    },
    {
      "type": "Feature",
      "id": "LS_NAGALAND_2023.768",
      "geometry": {
        "type": "MultiPolygon",
        "coordinates": [
          [
            [
              [
                94.61693285,
                26.09046291
              ],
              [
                94.61693285,
                26.090582
              ],
              [
                94.61705556,
                26.090582
              ],
              [
                94.61705556,
                26.09046291
              ],
              [
                94.61693285,
                26.09046291
              ]
            ]
          ]
        ]
      },
      "geometry_name": "the_geom",
      "properties": {
        "Slide_No": "NL/ZU/83J12/2023/27",
        "State": "NAGALAND",
        "District": "ZUNHEBOTO",
        "Topo_No": "83J12",
        "Latitude": 26.0905,
        "Longitude": 94.617,
        "Length_m": 13.194,
        "Width_m": 12.269,
        "Height_m": 4.76184082031,
        "Area_Sqm": 132.895,
        "Activity": "Active",
        "Geomorpho": "Structural Origin - Moderately Dissected Hills and Valleys (Smdhv)",
        "Lithology": "Shale, siltstone, greywacke rhythmite & sandstone (0594), Palaeocene-Eocene",
        "LULC": "Evergreen Open Forest",
        "Triggering": "Rainfall",
        "Year": "2023",
        "Basin": "Minor rivers draining into Myanmar Basin",
        "Sub_Basin": "Imphal and others",
        "Source": "RESOURCESAT-2, 2A, 10m CARTODEM, NGLM 50k(2011-2012), Lithology-GSI 50k(2011), SISDP-P2-LULC 10k(2018-2023) & India-WRIS"
      }
    },
    {
      "type": "Feature",
      "id": "LS_NAGALAND_2023.769",
      "geometry": {
        "type": "MultiPolygon",
        "coordinates": [
          [
            [
              [
                94.61473465,
                26.10338827
              ],
              [
                94.61473465,
                26.1037421
              ],
              [
                94.61489593,
                26.1037421
              ],
              [
                94.61489593,
                26.10338827
              ],
              [
                94.61473465,
                26.10338827
              ]
            ]
          ]
        ]
      },
      "geometry_name": "the_geom",
      "properties": {
        "Slide_No": "NL/ZU/83J12/2023/28",
        "State": "NAGALAND",
        "District": "ZUNHEBOTO",
        "Topo_No": "83J12",
        "Latitude": 26.1036,
        "Longitude": 94.6148,
        "Length_m": 39.091,
        "Width_m": 15.863,
        "Height_m": 18.8986816406,
        "Area_Sqm": 469.146,
        "Activity": "Active",
        "Geomorpho": "Structural Origin - Moderately Dissected Hills and Valleys (Smdhv)",
        "Lithology": "Shale, siltstone, greywacke rhythmite & sandstone (0594), Palaeocene-Eocene",
        "LULC": "Others - Shifting Cultivation",
        "Triggering": "Rainfall",
        "Year": "2023",
        "Basin": "Minor rivers draining into Myanmar Basin",
        "Sub_Basin": "Imphal and others",
        "Source": "RESOURCESAT-2, 2A, 10m CARTODEM, NGLM 50k(2011-2012), Lithology-GSI 50k(2011), SISDP-P2-LULC 10k(2018-2023) & India-WRIS"
      }
    },
    {
      "type": "Feature",
      "id": "LS_NAGALAND_2023.770",
      "geometry": {
        "type": "MultiPolygon",
        "coordinates": [
          [
            [
              [
                94.87431908,
                26.08040869
              ],
              [
                94.87431908,
                26.08060158
              ],
              [
                94.87449307,
                26.08060158
              ],
              [
                94.87449307,
                26.08040869
              ],
              [
                94.87431908,
                26.08040869
              ]
            ]
          ]
        ]
      },
      "geometry_name": "the_geom",
      "properties": {
        "Slide_No": "NL/SHA83J16/2023/34",
        "State": "NAGALAND",
        "District": "SHAMATOR",
        "Topo_No": "83J16",
        "Latitude": 26.0805,
        "Longitude": 94.8744,
        "Length_m": 19.941,
        "Width_m": 17.138,
        "Height_m": 10.513672,
        "Area_Sqm": 214.716,
        "Activity": "Reactivated",
        "Geomorpho": "Structural Origin - Highly Dissected Hills and Valleys (Shdhv)",
        "Lithology": "Sandstone, shale, clay and carbonaceous shale (Barail Group) 0534), Eocene-Oligocene",
        "LULC": "Evergreen Open Forest",
        "Triggering": "Rainfall",
        "Year": "2023",
        "Basin": "Minor rivers draining into Myanmar Basin",
        "Sub_Basin": "Imphal and others",
        "Source": "RESOURCESAT-2, 2A, 10m CARTODEM, NGLM 50k(2011-2012), Lithology-GSI 50k(2011), SISDP-P2-LULC 10k(2018-2023) & India-WRIS"
      }
    },
    {
      "type": "Feature",
      "id": "LS_NAGALAND_2023.771",
      "geometry": {
        "type": "MultiPolygon",
        "coordinates": [
          [
            [
              [
                94.87146855,
                26.0806564
              ],
              [
                94.87146855,
                26.08135707
              ],
              [
                94.87223887,
                26.08135707
              ],
              [
                94.87223887,
                26.0806564
              ],
              [
                94.87146855,
                26.0806564
              ]
            ]
          ]
        ]
      },
      "geometry_name": "the_geom",
      "properties": {
        "Slide_No": "NL/SHA/83J16/2023/35",
        "State": "NAGALAND",
        "District": "SHAMATOR",
        "Topo_No": "83J16",
        "Latitude": 26.0811,
        "Longitude": 94.8718,
        "Length_m": 99.301,
        "Width_m": 32.575,
        "Height_m": 22.694214,
        "Area_Sqm": 1563.62,
        "Activity": "Reactivated",
        "Geomorpho": "Structural Origin - Highly Dissected Hills and Valleys (Shdhv)",
        "Lithology": "Sandstone, shale, clay and carbonaceous shale (Barail Group) 0534), Eocene-Oligocene",
        "LULC": "Evergreen Open Forest",
        "Triggering": "Rainfall",
        "Year": "2023",
        "Basin": "Minor rivers draining into Myanmar Basin",
        "Sub_Basin": "Imphal and others",
        "Source": "RESOURCESAT-2, 2A, 10m CARTODEM, NGLM 50k(2011-2012), Lithology-GSI 50k(2011), SISDP-P2-LULC 10k(2018-2023) & India-WRIS"
      }
    },
    {
      "type": "Feature",
      "id": "LS_NAGALAND_2023.772",
      "geometry": {
        "type": "MultiPolygon",
        "coordinates": [
          [
            [
              [
                94.9363549,
                26.06032785
              ],
              [
                94.9363549,
                26.06053999
              ],
              [
                94.93647872,
                26.06053999
              ],
              [
                94.93647872,
                26.06032785
              ],
              [
                94.9363549,
                26.06032785
              ]
            ]
          ]
        ]
      },
      "geometry_name": "the_geom",
      "properties": {
        "Slide_No": "NL/NOK/83J16/2023/36",
        "State": "NAGALAND",
        "District": "NOKLAK",
        "Topo_No": "83J16",
        "Latitude": 26.0604,
        "Longitude": 94.9364,
        "Length_m": 23.902,
        "Width_m": 10.231,
        "Height_m": 4.657776,
        "Area_Sqm": 199.275,
        "Activity": "Active",
        "Geomorpho": "Structural Origin - Moderately Dissected Hills and Valleys - Valley (Smdhv-v)",
        "Lithology": "Shale, greywacke with rythmite, slate & phyllite (0598), Palaeocene-Eocene",
        "LULC": "Evergreen Open Forest",
        "Triggering": "Rainfall",
        "Year": "2023",
        "Basin": "Minor rivers draining into Myanmar Basin",
        "Sub_Basin": "Imphal and others",
        "Source": "RESOURCESAT-2, 2A, 10m CARTODEM, NGLM 50k(2011-2012), Lithology-GSI 50k(2011), SISDP-P2-LULC 10k(2018-2023) & India-WRIS"
      }
    },
    {
      "type": "Feature",
      "id": "LS_NAGALAND_2023.773",
      "geometry": {
        "type": "MultiPolygon",
        "coordinates": [
          [
            [
              [
                94.95286822,
                26.07650461
              ],
              [
                94.95286822,
                26.07703182
              ],
              [
                94.95314395,
                26.07703182
              ],
              [
                94.95314395,
                26.07650461
              ],
              [
                94.95286822,
                26.07650461
              ]
            ]
          ]
        ]
      },
      "geometry_name": "the_geom",
      "properties": {
        "Slide_No": "NL/NOK/83J16/2023/37",
        "State": "NAGALAND",
        "District": "NOKLAK",
        "Topo_No": "83J16",
        "Latitude": 26.0768,
        "Longitude": 94.953,
        "Length_m": 59.039,
        "Width_m": 21.029,
        "Height_m": 24.8147583008,
        "Area_Sqm": 863.226,
        "Activity": "Active",
        "Geomorpho": "Structural Origin - Moderately Dissected Hills and Valleys - Valley (Smdhv-v)",
        "Lithology": "Shale, greywacke with rythmite, slate & phyllite (0598), Palaeocene-Eocene",
        "LULC": "Evergreen Open Forest",
        "Triggering": "Rainfall",
        "Year": "2023",
        "Basin": "Minor rivers draining into Myanmar Basin",
        "Sub_Basin": "Imphal and others",
        "Source": "RESOURCESAT-2, 2A, 10m CARTODEM, NGLM 50k(2011-2012), Lithology-GSI 50k(2011), SISDP-P2-LULC 10k(2018-2023) & India-WRIS"
      }
    },
    {
      "type": "Feature",
      "id": "LS_NAGALAND_2023.774",
      "geometry": {
        "type": "MultiPolygon",
        "coordinates": [
          [
            [
              [
                94.93567248,
                26.0850125
              ],
              [
                94.93567248,
                26.08532115
              ],
              [
                94.93591053,
                26.08532115
              ],
              [
                94.93591053,
                26.0850125
              ],
              [
                94.93567248,
                26.0850125
              ]
            ]
          ]
        ]
      },
      "geometry_name": "the_geom",
      "properties": {
        "Slide_No": "NL/NOK/83J16/2023/38",
        "State": "NAGALAND",
        "District": "NOKLAK",
        "Topo_No": "83J16",
        "Latitude": 26.0852,
        "Longitude": 94.9358,
        "Length_m": 35.422,
        "Width_m": 19.314,
        "Height_m": 18.1709594727,
        "Area_Sqm": 562.837,
        "Activity": "Active",
        "Geomorpho": "Structural Origin - Moderately Dissected Hills and Valleys (Smdhv)",
        "Lithology": "Shale, greywacke with rythmite, slate & phyllite (0598), Palaeocene-Eocene",
        "LULC": "Evergreen Open Forest",
        "Triggering": "Rainfall",
        "Year": "2023",
        "Basin": "Minor rivers draining into Myanmar Basin",
        "Sub_Basin": "Imphal and others",
        "Source": "RESOURCESAT-2, 2A, 10m CARTODEM, NGLM 50k(2011-2012), Lithology-GSI 50k(2011), SISDP-P2-LULC 10k(2018-2023) & India-WRIS"
      }
    },
    {
      "type": "Feature",
      "id": "LS_NAGALAND_2023.777",
      "geometry": {
        "type": "MultiPolygon",
        "coordinates": [
          [
            [
              [
                94.31999642,
                26.23239962
              ],
              [
                94.31999642,
                26.23259563
              ],
              [
                94.32015711,
                26.23259563
              ],
              [
                94.32015711,
                26.23239962
              ],
              [
                94.31999642,
                26.23239962
              ]
            ]
          ]
        ]
      },
      "geometry_name": "the_geom",
      "properties": {
        "Slide_No": "NL/WO/83J8/2023/106",
        "State": "NAGALAND",
        "District": "WOKHA",
        "Topo_No": "83J8",
        "Latitude": 26.2325,
        "Longitude": 94.3201,
        "Length_m": 21.078,
        "Width_m": 16.332,
        "Height_m": 5.121735,
        "Area_Sqm": 269.442,
        "Activity": "Active",
        "Geomorpho": "Structural Origin - Low Dissected Hills and Valleys (Sldhv)",
        "Lithology": "Shale, siltstone, greywacke rhythmite & sandstone (0594), Palaeocene-Eocene",
        "LULC": "Evergreen Open Forest",
        "Triggering": "Rainfall",
        "Year": "2023",
        "Basin": "Brahmaputra Basin",
        "Sub_Basin": "Brahmaputra Upper",
        "Source": "RESOURCESAT-2, 2A, 10m CARTODEM, NGLM 50k(2011-2012), Lithology-GSI 50k(2011), SISDP-P2-LULC 10k(2018-2023) & India-WRIS"
      }
    },
    {
      "type": "Feature",
      "id": "LS_NAGALAND_2023.778",
      "geometry": {
        "type": "MultiPolygon",
        "coordinates": [
          [
            [
              [
                94.0771408,
                26.18365755
              ],
              [
                94.0771408,
                26.18396457
              ],
              [
                94.0773194,
                26.18396457
              ],
              [
                94.0773194,
                26.18365755
              ],
              [
                94.0771408,
                26.18365755
              ]
            ]
          ]
        ]
      },
      "geometry_name": "the_geom",
      "properties": {
        "Slide_No": "NL/WO/83J4/2023/34",
        "State": "NAGALAND",
        "District": "WOKHA",
        "Topo_No": "83J4",
        "Latitude": 26.1838,
        "Longitude": 94.0772,
        "Length_m": 34.077,
        "Width_m": 17.594,
        "Height_m": 4.837921,
        "Area_Sqm": 431.764,
        "Activity": "Active",
        "Geomorpho": "Structural Origin - Moderately Dissected Hills and Valleys (Smdhv)",
        "Lithology": "Ferruginous sandstone with siltstone and clay (Tipam Group) 0445), Miocene-Pliocene",
        "LULC": "Deciduous Closed Forest",
        "Triggering": "Rainfall",
        "Year": "2023",
        "Basin": "Brahmaputra Basin",
        "Sub_Basin": "Brahmaputra Upper",
        "Source": "RESOURCESAT-2, 2A, 10m CARTODEM, NGLM 50k(2011-2012), Lithology-GSI 50k(2011), SISDP-P2-LULC 10k(2018-2023) & India-WRIS"
      }
    },
    {
      "type": "Feature",
      "id": "LS_NAGALAND_2023.779",
      "geometry": {
        "type": "MultiPolygon",
        "coordinates": [
          [
            [
              [
                94.25952816,
                26.13853111
              ],
              [
                94.25952816,
                26.13899977
              ],
              [
                94.25989543,
                26.13899977
              ],
              [
                94.25989543,
                26.13853111
              ],
              [
                94.25952816,
                26.13853111
              ]
            ]
          ]
        ]
      },
      "geometry_name": "the_geom",
      "properties": {
        "Slide_No": "NL/WO/83J8/2023/107",
        "State": "NAGALAND",
        "District": "WOKHA",
        "Topo_No": "83J8",
        "Latitude": 26.1388,
        "Longitude": 94.2597,
        "Length_m": 49.504,
        "Width_m": 30.771,
        "Height_m": 43.1449584961,
        "Area_Sqm": 1097.13,
        "Activity": "Active",
        "Geomorpho": "Structural Origin - Moderately Dissected Hills and Valleys (Smdhv)",
        "Lithology": "Flaggy sandstone with subordinate shale (Barail Group) 0541), Eocene-Oligocene",
        "LULC": "Deciduous Open Forest",
        "Triggering": "Rainfall",
        "Year": "2023",
        "Basin": "Brahmaputra Basin",
        "Sub_Basin": "Brahmaputra Upper",
        "Source": "RESOURCESAT-2, 2A, 10m CARTODEM, NGLM 50k(2011-2012), Lithology-GSI 50k(2011), SISDP-P2-LULC 10k(2018-2023) & India-WRIS"
      }
    },
    {
      "type": "Feature",
      "id": "LS_NAGALAND_2023.780",
      "geometry": {
        "type": "MultiPolygon",
        "coordinates": [
          [
            [
              [
                94.33809895,
                26.17370267
              ],
              [
                94.33809895,
                26.17391495
              ],
              [
                94.33833755,
                26.17391495
              ],
              [
                94.33833755,
                26.17370267
              ],
              [
                94.33809895,
                26.17370267
              ]
            ]
          ]
        ]
      },
      "geometry_name": "the_geom",
      "properties": {
        "Slide_No": "NL/ZU/83J8/2023/108",
        "State": "NAGALAND",
        "District": "ZUNHEBOTO",
        "Topo_No": "83J8",
        "Latitude": 26.1738,
        "Longitude": 94.3382,
        "Length_m": 24.251,
        "Width_m": 21.606,
        "Height_m": 7.353668,
        "Area_Sqm": 425.412,
        "Activity": "Active",
        "Geomorpho": "Structural Origin - Moderately Dissected Hills and Valleys - Valley (Smdhv-v)",
        "Lithology": "Shale, siltstone, greywacke rhythmite & sandstone (0594), Palaeocene-Eocene",
        "LULC": "Deciduous Closed Forest",
        "Triggering": "Rainfall",
        "Year": "2023",
        "Basin": "Brahmaputra Basin",
        "Sub_Basin": "Brahmaputra Upper",
        "Source": "RESOURCESAT-2, 2A, 10m CARTODEM, NGLM 50k(2011-2012), Lithology-GSI 50k(2011), SISDP-P2-LULC 10k(2018-2023) & India-WRIS"
      }
    },
    {
      "type": "Feature",
      "id": "LS_NAGALAND_2023.781",
      "geometry": {
        "type": "MultiPolygon",
        "coordinates": [
          [
            [
              [
                94.33326811,
                26.12864891
              ],
              [
                94.33326811,
                26.12894714
              ],
              [
                94.33347069,
                26.12894714
              ],
              [
                94.33347069,
                26.12864891
              ],
              [
                94.33326811,
                26.12864891
              ]
            ]
          ]
        ]
      },
      "geometry_name": "the_geom",
      "properties": {
        "Slide_No": "NL/WO/83J8/2023/109",
        "State": "NAGALAND",
        "District": "WOKHA",
        "Topo_No": "83J8",
        "Latitude": 26.1288,
        "Longitude": 94.3334,
        "Length_m": 32.786,
        "Width_m": 19.836,
        "Height_m": 5.42743,
        "Area_Sqm": 475.906,
        "Activity": "Active",
        "Geomorpho": "Structural Origin - Moderately Dissected Hills and Valleys (Smdhv)",
        "Lithology": "Shale, siltstone, greywacke rhythmite & sandstone (0594), Palaeocene-Eocene",
        "LULC": "Deciduous Open Forest",
        "Triggering": "Rainfall",
        "Year": "2023",
        "Basin": "Brahmaputra Basin",
        "Sub_Basin": "Brahmaputra Upper",
        "Source": "RESOURCESAT-2, 2A, 10m CARTODEM, NGLM 50k(2011-2012), Lithology-GSI 50k(2011), SISDP-P2-LULC 10k(2018-2023) & India-WRIS"
      }
    },
    {
      "type": "Feature",
      "id": "LS_NAGALAND_2023.782",
      "geometry": {
        "type": "MultiPolygon",
        "coordinates": [
          [
            [
              [
                94.17452599,
                26.22557518
              ],
              [
                94.17452599,
                26.22580345
              ],
              [
                94.17472967,
                26.22580345
              ],
              [
                94.17472967,
                26.22557518
              ],
              [
                94.17452599,
                26.22557518
              ]
            ]
          ]
        ]
      },
      "geometry_name": "the_geom",
      "properties": {
        "Slide_No": "NL/WO/83J4/2023/35",
        "State": "NAGALAND",
        "District": "WOKHA",
        "Topo_No": "83J4",
        "Latitude": 26.2257,
        "Longitude": 94.1746,
        "Length_m": 26.506,
        "Width_m": 13.985,
        "Height_m": 3.53916931152,
        "Area_Sqm": 320.832,
        "Activity": "Active",
        "Geomorpho": "Structural Origin - Low Dissected Hills and Valleys (Sldhv)",
        "Lithology": "Mottled clay, mudstone & ferruginous sandstone (Tipam Group) 0439), Miocene-Pliocene",
        "LULC": "Deciduous Closed Forest",
        "Triggering": "Rainfall",
        "Year": "2023",
        "Basin": "Brahmaputra Basin",
        "Sub_Basin": "Brahmaputra Upper",
        "Source": "RESOURCESAT-2, 2A, 10m CARTODEM, NGLM 50k(2011-2012), Lithology-GSI 50k(2011), SISDP-P2-LULC 10k(2018-2023) & India-WRIS"
      }
    },
    {
      "type": "Feature",
      "id": "LS_NAGALAND_2023.783",
      "geometry": {
        "type": "MultiPolygon",
        "coordinates": [
          [
            [
              [
                94.17315618,
                26.22341472
              ],
              [
                94.17315618,
                26.22360324
              ],
              [
                94.17333486,
                26.22360324
              ],
              [
                94.17333486,
                26.22341472
              ],
              [
                94.17315618,
                26.22341472
              ]
            ]
          ]
        ]
      },
      "geometry_name": "the_geom",
      "properties": {
        "Slide_No": "NL/WO/83J4/2023/36",
        "State": "NAGALAND",
        "District": "WOKHA",
        "Topo_No": "83J4",
        "Latitude": 26.2235,
        "Longitude": 94.1732,
        "Length_m": 22.282,
        "Width_m": 11.772,
        "Height_m": 4.75747680664,
        "Area_Sqm": 169.617,
        "Activity": "Active",
        "Geomorpho": "Structural Origin - Low Dissected Hills and Valleys (Sldhv)",
        "Lithology": "Mottled clay, mudstone & ferruginous sandstone (Tipam Group) 0439), Miocene-Pliocene",
        "LULC": "Deciduous Closed Forest",
        "Triggering": "Rainfall",
        "Year": "2023",
        "Basin": "Brahmaputra Basin",
        "Sub_Basin": "Brahmaputra Upper",
        "Source": "RESOURCESAT-2, 2A, 10m CARTODEM, NGLM 50k(2011-2012), Lithology-GSI 50k(2011), SISDP-P2-LULC 10k(2018-2023) & India-WRIS"
      }
    },
    {
      "type": "Feature",
      "id": "LS_NAGALAND_2023.784",
      "geometry": {
        "type": "MultiPolygon",
        "coordinates": [
          [
            [
              [
                94.26111138,
                26.16570772
              ],
              [
                94.26111138,
                26.16608195
              ],
              [
                94.26133024,
                26.16608195
              ],
              [
                94.26133024,
                26.16570772
              ],
              [
                94.26111138,
                26.16570772
              ]
            ]
          ]
        ]
      },
      "geometry_name": "the_geom",
      "properties": {
        "Slide_No": "NL/WO/83J8/2023/110",
        "State": "NAGALAND",
        "District": "WOKHA",
        "Topo_No": "83J8",
        "Latitude": 26.1659,
        "Longitude": 94.2612,
        "Length_m": 43.615,
        "Width_m": 14.581,
        "Height_m": 24.9384765625,
        "Area_Sqm": 436.655,
        "Activity": "Reactivated",
        "Geomorpho": "Structural Origin - Moderately Dissected Hills and Valleys (Smdhv)",
        "Lithology": "Flaggy sandstone with subordinate shale (Barail Group) 0541), Eocene-Oligocene",
        "LULC": "Deciduous Open Forest",
        "Triggering": "Rainfall",
        "Year": "2023",
        "Basin": "Brahmaputra Basin",
        "Sub_Basin": "Brahmaputra Upper",
        "Source": "RESOURCESAT-2, 2A, 10m CARTODEM, NGLM 50k(2011-2012), Lithology-GSI 50k(2011), SISDP-P2-LULC 10k(2018-2023) & India-WRIS"
      }
    },
    {
      "type": "Feature",
      "id": "LS_NAGALAND_2023.785",
      "geometry": {
        "type": "MultiPolygon",
        "coordinates": [
          [
            [
              [
                94.36408618,
                26.26341224
              ],
              [
                94.36408618,
                26.26363324
              ],
              [
                94.36437177,
                26.26363324
              ],
              [
                94.36437177,
                26.26341224
              ],
              [
                94.36408618,
                26.26341224
              ]
            ]
          ]
        ]
      },
      "geometry_name": "the_geom",
      "properties": {
        "Slide_No": "NL/MK/83J7/2023/7",
        "State": "NAGALAND",
        "District": "MOKOKCHUNG",
        "Topo_No": "83J7",
        "Latitude": 26.2635,
        "Longitude": 94.3642,
        "Length_m": 28.74,
        "Width_m": 24.19,
        "Height_m": 8.46166992188,
        "Area_Sqm": 512.115,
        "Activity": "Active",
        "Geomorpho": "Structural Origin - Highly Dissected Hills and Valleys (Shdhv)",
        "Lithology": "Shale, siltstone, greywacke rhythmite & sandstone (0594), Palaeocene-Eocene",
        "LULC": "Evergreen Open Forest",
        "Triggering": "Rainfall",
        "Year": "2023",
        "Basin": "Brahmaputra Basin",
        "Sub_Basin": "Brahmaputra Upper",
        "Source": "RESOURCESAT-2, 2A, 10m CARTODEM, NGLM 50k(2011-2012), Lithology-GSI 50k(2011), SISDP-P2-LULC 10k(2018-2023) & India-WRIS"
      }
    },
    {
      "type": "Feature",
      "id": "LS_NAGALAND_2023.786",
      "geometry": {
        "type": "MultiPolygon",
        "coordinates": [
          [
            [
              [
                94.42965764,
                26.1631794
              ],
              [
                94.42965764,
                26.16348314
              ],
              [
                94.42989313,
                26.16348314
              ],
              [
                94.42989313,
                26.1631794
              ],
              [
                94.42965764,
                26.1631794
              ]
            ]
          ]
        ]
      },
      "geometry_name": "the_geom",
      "properties": {
        "Slide_No": "NL/ZU/83J8/2023/111",
        "State": "NAGALAND",
        "District": "ZUNHEBOTO",
        "Topo_No": "83J8",
        "Latitude": 26.1633,
        "Longitude": 94.4298,
        "Length_m": 29.894,
        "Width_m": 24.902,
        "Height_m": 15.5976257324,
        "Area_Sqm": 539.136,
        "Activity": "Active",
        "Geomorpho": "Structural Origin - Moderately Dissected Hills and Valleys (Smdhv)",
        "Lithology": "Shale, siltstone, greywacke rhythmite & sandstone (0594), Palaeocene-Eocene",
        "LULC": "Evergreen Open Forest",
        "Triggering": "Rainfall",
        "Year": "2023",
        "Basin": "Brahmaputra Basin",
        "Sub_Basin": "Brahmaputra Upper",
        "Source": "RESOURCESAT-2, 2A, 10m CARTODEM, NGLM 50k(2011-2012), Lithology-GSI 50k(2011), SISDP-P2-LULC 10k(2018-2023) & India-WRIS"
      }
    },
    {
      "type": "Feature",
      "id": "LS_NAGALAND_2023.787",
      "geometry": {
        "type": "MultiPolygon",
        "coordinates": [
          [
            [
              [
                94.37773629,
                26.13912671
              ],
              [
                94.37773629,
                26.13934978
              ],
              [
                94.37796111,
                26.13934978
              ],
              [
                94.37796111,
                26.13912671
              ],
              [
                94.37773629,
                26.13912671
              ]
            ]
          ]
        ]
      },
      "geometry_name": "the_geom",
      "properties": {
        "Slide_No": "NL/ZU/83J8/2023/112",
        "State": "NAGALAND",
        "District": "ZUNHEBOTO",
        "Topo_No": "83J8",
        "Latitude": 26.1392,
        "Longitude": 94.3779,
        "Length_m": 27.063,
        "Width_m": 18.681,
        "Height_m": 11.2354125977,
        "Area_Sqm": 402.317,
        "Activity": "Active",
        "Geomorpho": "Structural Origin - Moderately Dissected Hills and Valleys - Valley (Smdhv-v)",
        "Lithology": "Shale, siltstone, greywacke rhythmite & sandstone (0594), Palaeocene-Eocene",
        "LULC": "Deciduous Closed Forest",
        "Triggering": "Rainfall",
        "Year": "2023",
        "Basin": "Brahmaputra Basin",
        "Sub_Basin": "Brahmaputra Upper",
        "Source": "RESOURCESAT-2, 2A, 10m CARTODEM, NGLM 50k(2011-2012), Lithology-GSI 50k(2011), SISDP-P2-LULC 10k(2018-2023) & India-WRIS"
      }
    },
    {
      "type": "Feature",
      "id": "LS_NAGALAND_2023.788",
      "geometry": {
        "type": "MultiPolygon",
        "coordinates": [
          [
            [
              [
                94.37586683,
                26.13285536
              ],
              [
                94.37586683,
                26.13331935
              ],
              [
                94.37645076,
                26.13331935
              ],
              [
                94.37645076,
                26.13285536
              ],
              [
                94.37586683,
                26.13285536
              ]
            ]
          ]
        ]
      },
      "geometry_name": "the_geom",
      "properties": {
        "Slide_No": "NL/ZU/83J8/2023/113",
        "State": "NAGALAND",
        "District": "ZUNHEBOTO",
        "Topo_No": "83J8",
        "Latitude": 26.1331,
        "Longitude": 94.3761,
        "Length_m": 67.524,
        "Width_m": 35.456,
        "Height_m": 26.6937866211,
        "Area_Sqm": 1400.19,
        "Activity": "Active",
        "Geomorpho": "Structural Origin - Moderately Dissected Hills and Valleys (Smdhv)",
        "Lithology": "Shale, siltstone, greywacke rhythmite & sandstone (0594), Palaeocene-Eocene",
        "LULC": "Deciduous Closed Forest",
        "Triggering": "Rainfall",
        "Year": "2023",
        "Basin": "Brahmaputra Basin",
        "Sub_Basin": "Brahmaputra Upper",
        "Source": "RESOURCESAT-2, 2A, 10m CARTODEM, NGLM 50k(2011-2012), Lithology-GSI 50k(2011), SISDP-P2-LULC 10k(2018-2023) & India-WRIS"
      }
    },
    {
      "type": "Feature",
      "id": "LS_NAGALAND_2023.789",
      "geometry": {
        "type": "MultiPolygon",
        "coordinates": [
          [
            [
              [
                94.75006767,
                26.19030903
              ],
              [
                94.75006767,
                26.19056752
              ],
              [
                94.75023223,
                26.19056752
              ],
              [
                94.75023223,
                26.19030903
              ],
              [
                94.75006767,
                26.19030903
              ]
            ]
          ]
        ]
      },
      "geometry_name": "the_geom",
      "properties": {
        "Slide_No": "NL/SHA/83J16/2023/39",
        "State": "NAGALAND",
        "District": "SHAMATOR",
        "Topo_No": "83J16",
        "Latitude": 26.1904,
        "Longitude": 94.7501,
        "Length_m": 28.949,
        "Width_m": 14.689,
        "Height_m": 9.33117675781,
        "Area_Sqm": 333.215,
        "Activity": "Active",
        "Geomorpho": "Structural Origin - Highly Dissected Hills and Valleys (Shdhv)",
        "Lithology": "Flaggy sandstone with subordinate shale (Barail Group) 0541), Eocene-Oligocene",
        "LULC": "Evergreen Closed Forest",
        "Triggering": "Rainfall",
        "Year": "2023",
        "Basin": "Minor rivers draining into Myanmar Basin",
        "Sub_Basin": "Imphal and others",
        "Source": "RESOURCESAT-2, 2A, 10m CARTODEM, NGLM 50k(2011-2012), Lithology-GSI 50k(2011), SISDP-P2-LULC 10k(2018-2023) & India-WRIS"
      }
    },
    {
      "type": "Feature",
      "id": "LS_NAGALAND_2023.790",
      "geometry": {
        "type": "MultiPolygon",
        "coordinates": [
          [
            [
              [
                94.68695527,
                26.17572312
              ],
              [
                94.68695527,
                26.1759335
              ],
              [
                94.68719359,
                26.1759335
              ],
              [
                94.68719359,
                26.17572312
              ],
              [
                94.68695527,
                26.17572312
              ]
            ]
          ]
        ]
      },
      "geometry_name": "the_geom",
      "properties": {
        "Slide_No": "NL/ZU/83J12/2023/29",
        "State": "NAGALAND",
        "District": "ZUNHEBOTO",
        "Topo_No": "83J12",
        "Latitude": 26.1758,
        "Longitude": 94.6871,
        "Length_m": 28.869,
        "Width_m": 14.865,
        "Height_m": 30.8739013672,
        "Area_Sqm": 336.241,
        "Activity": "Active",
        "Geomorpho": "Structural Origin - Highly Dissected Hills and Valleys (Shdhv)",
        "Lithology": "Flaggy sandstone with subordinate shale (Barail Group) 0541), Eocene-Oligocene",
        "LULC": "Evergreen Open Forest",
        "Triggering": "Rainfall",
        "Year": "2023",
        "Basin": "Minor rivers draining into Myanmar Basin",
        "Sub_Basin": "Imphal and others",
        "Source": "RESOURCESAT-2, 2A, 10m CARTODEM, NGLM 50k(2011-2012), Lithology-GSI 50k(2011), SISDP-P2-LULC 10k(2018-2023) & India-WRIS"
      }
    },
    {
      "type": "Feature",
      "id": "LS_NAGALAND_2023.791",
      "geometry": {
        "type": "MultiPolygon",
        "coordinates": [
          [
            [
              [
                94.7361946,
                26.17193034
              ],
              [
                94.7361946,
                26.17285208
              ],
              [
                94.73655789,
                26.17285208
              ],
              [
                94.73655789,
                26.17193034
              ],
              [
                94.7361946,
                26.17193034
              ]
            ]
          ]
        ]
      },
      "geometry_name": "the_geom",
      "properties": {
        "Slide_No": "NL/SHA/83J12/2023/30",
        "State": "NAGALAND",
        "District": "SHAMATOR",
        "Topo_No": "83J12",
        "Latitude": 26.1724,
        "Longitude": 94.7364,
        "Length_m": 101.456,
        "Width_m": 30.484,
        "Height_m": 60.244629,
        "Area_Sqm": 1904.37,
        "Activity": "Active",
        "Geomorpho": "Structural Origin - Highly Dissected Hills and Valleys (Shdhv)",
        "Lithology": "Flaggy sandstone with subordinate shale (Barail Group) 0541), Eocene-Oligocene",
        "LULC": "Evergreen Closed Forest",
        "Triggering": "Rainfall",
        "Year": "2023",
        "Basin": "Minor rivers draining into Myanmar Basin",
        "Sub_Basin": "Imphal and others",
        "Source": "RESOURCESAT-2, 2A, 10m CARTODEM, NGLM 50k(2011-2012), Lithology-GSI 50k(2011), SISDP-P2-LULC 10k(2018-2023) & India-WRIS"
      }
    },
    {
      "type": "Feature",
      "id": "LS_NAGALAND_2023.793",
      "geometry": {
        "type": "MultiPolygon",
        "coordinates": [
          [
            [
              [
                94.93023646,
                26.15708108
              ],
              [
                94.93023646,
                26.15749302
              ],
              [
                94.93110438,
                26.15749302
              ],
              [
                94.93110438,
                26.15708108
              ],
              [
                94.93023646,
                26.15708108
              ]
            ]
          ]
        ]
      },
      "geometry_name": "the_geom",
      "properties": {
        "Slide_No": "NL/NOK/83J16/2023/40",
        "State": "NAGALAND",
        "District": "NOKLAK",
        "Topo_No": "83J16",
        "Latitude": 26.1573,
        "Longitude": 94.9306,
        "Length_m": 89.221,
        "Width_m": 23.501,
        "Height_m": 54.1949462891,
        "Area_Sqm": 1234.98,
        "Activity": "Active",
        "Geomorpho": "Structural Origin - Moderately Dissected Hills and Valleys (Smdhv)",
        "Lithology": "Sandstone, shale, clay and carbonaceous shale (Barail Group) 0534), Eocene-Oligocene",
        "LULC": "Evergreen Open Forest",
        "Triggering": "Rainfall",
        "Year": "2023",
        "Basin": "Minor rivers draining into Myanmar Basin",
        "Sub_Basin": "Imphal and others",
        "Source": "RESOURCESAT-2, 2A, 10m CARTODEM, NGLM 50k(2011-2012), Lithology-GSI 50k(2011), SISDP-P2-LULC 10k(2018-2023) & India-WRIS"
      }
    },
    {
      "type": "Feature",
      "id": "LS_NAGALAND_2023.794",
      "geometry": {
        "type": "MultiPolygon",
        "coordinates": [
          [
            [
              [
                94.71164372,
                26.15438129
              ],
              [
                94.71164372,
                26.15469448
              ],
              [
                94.71179528,
                26.15469448
              ],
              [
                94.71179528,
                26.15438129
              ],
              [
                94.71164372,
                26.15438129
              ]
            ]
          ]
        ]
      },
      "geometry_name": "the_geom",
      "properties": {
        "Slide_No": "NL/SHA/83J12/2023/31",
        "State": "NAGALAND",
        "District": "SHAMATOR",
        "Topo_No": "83J12",
        "Latitude": 26.1545,
        "Longitude": 94.7117,
        "Length_m": 34.375,
        "Width_m": 14.043,
        "Height_m": 8.00842285156,
        "Area_Sqm": 355.12,
        "Activity": "Active",
        "Geomorpho": "Structural Origin - Highly Dissected Hills and Valleys (Shdhv)",
        "Lithology": "Shale, siltstone, greywacke rhythmite & sandstone (0594), Palaeocene-Eocene",
        "LULC": "Evergreen Closed Forest",
        "Triggering": "Rainfall",
        "Year": "2023",
        "Basin": "Minor rivers draining into Myanmar Basin",
        "Sub_Basin": "Imphal and others",
        "Source": "RESOURCESAT-2, 2A, 10m CARTODEM, NGLM 50k(2011-2012), Lithology-GSI 50k(2011), SISDP-P2-LULC 10k(2018-2023) & India-WRIS"
      }
    },
    {
      "type": "Feature",
      "id": "LS_NAGALAND_2023.795",
      "geometry": {
        "type": "MultiPolygon",
        "coordinates": [
          [
            [
              [
                94.66958688,
                26.1342771
              ],
              [
                94.66958688,
                26.13451392
              ],
              [
                94.66971476,
                26.13451392
              ],
              [
                94.66971476,
                26.1342771
              ],
              [
                94.66958688,
                26.1342771
              ]
            ]
          ]
        ]
      },
      "geometry_name": "the_geom",
      "properties": {
        "Slide_No": "NL/ZU/83J12/2023/32",
        "State": "NAGALAND",
        "District": "ZUNHEBOTO",
        "Topo_No": "83J12",
        "Latitude": 26.1344,
        "Longitude": 94.6697,
        "Length_m": 26.206,
        "Width_m": 12.674,
        "Height_m": 6.97338867188,
        "Area_Sqm": 273.431,
        "Activity": "Active",
        "Geomorpho": "Structural Origin - Moderately Dissected Hills and Valleys - Valley (Smdhv-v)",
        "Lithology": "Flaggy sandstone with subordinate shale (Barail Group) 0541), Eocene-Oligocene",
        "LULC": "Evergreen Open Forest",
        "Triggering": "Rainfall",
        "Year": "2023",
        "Basin": "Minor rivers draining into Myanmar Basin",
        "Sub_Basin": "Imphal and others",
        "Source": "RESOURCESAT-2, 2A, 10m CARTODEM, NGLM 50k(2011-2012), Lithology-GSI 50k(2011), SISDP-P2-LULC 10k(2018-2023) & India-WRIS"
      }
    },
    {
      "type": "Feature",
      "id": "LS_NAGALAND_2023.796",
      "geometry": {
        "type": "MultiPolygon",
        "coordinates": [
          [
            [
              [
                94.88790512,
                26.126753
              ],
              [
                94.88790512,
                26.12720588
              ],
              [
                94.88816791,
                26.12720588
              ],
              [
                94.88816791,
                26.126753
              ],
              [
                94.88790512,
                26.126753
              ]
            ]
          ]
        ]
      },
      "geometry_name": "the_geom",
      "properties": {
        "Slide_No": "NL/NOK/83J16/2023/41",
        "State": "NAGALAND",
        "District": "NOKLAK",
        "Topo_No": "83J16",
        "Latitude": 26.127,
        "Longitude": 94.888,
        "Length_m": 52.814,
        "Width_m": 16.593,
        "Height_m": 25.333984375,
        "Area_Sqm": 699.463,
        "Activity": "Active",
        "Geomorpho": "Structural Origin - Moderately Dissected Hills and Valleys (Smdhv)",
        "Lithology": "Sandstone, shale, clay and carbonaceous shale (Barail Group) 0534), Eocene-Oligocene",
        "LULC": "Evergreen Closed Forest",
        "Triggering": "Rainfall",
        "Year": "2023",
        "Basin": "Minor rivers draining into Myanmar Basin",
        "Sub_Basin": "Imphal and others",
        "Source": "RESOURCESAT-2, 2A, 10m CARTODEM, NGLM 50k(2011-2012), Lithology-GSI 50k(2011), SISDP-P2-LULC 10k(2018-2023) & India-WRIS"
      }
    },
    {
      "type": "Feature",
      "id": "LS_NAGALAND_2023.797",
      "geometry": {
        "type": "MultiPolygon",
        "coordinates": [
          [
            [
              [
                94.98758985,
                26.14279258
              ],
              [
                94.98758985,
                26.14293808
              ],
              [
                94.98786559,
                26.14293808
              ],
              [
                94.98786559,
                26.14279258
              ],
              [
                94.98758985,
                26.14279258
              ]
            ]
          ]
        ]
      },
      "geometry_name": "the_geom",
      "properties": {
        "Slide_No": "NL/NOK/83J16/2023/42",
        "State": "NAGALAND",
        "District": "NOKLAK",
        "Topo_No": "83J16",
        "Latitude": 26.1429,
        "Longitude": 94.9877,
        "Length_m": 27.195,
        "Width_m": 16.087,
        "Height_m": 10.611817,
        "Area_Sqm": 313.288,
        "Activity": "Active",
        "Geomorpho": "Structural Origin - Moderately Dissected Hills and Valleys (Smdhv)",
        "Lithology": "Shale, greywacke with rythmite, slate & phyllite (0598), Palaeocene-Eocene",
        "LULC": "Evergreen Open Forest",
        "Triggering": "Rainfall",
        "Year": "2023",
        "Basin": "Minor rivers draining into Myanmar Basin",
        "Sub_Basin": "Imphal and others",
        "Source": "RESOURCESAT-2, 2A, 10m CARTODEM, NGLM 50k(2011-2012), Lithology-GSI 50k(2011), SISDP-P2-LULC 10k(2018-2023) & India-WRIS"
      }
    },
    {
      "type": "Feature",
      "id": "LS_NAGALAND_2023.798",
      "geometry": {
        "type": "MultiPolygon",
        "coordinates": [
          [
            [
              [
                94.97857086,
                26.14455146
              ],
              [
                94.97857086,
                26.14483111
              ],
              [
                94.97880669,
                26.14483111
              ],
              [
                94.97880669,
                26.14455146
              ],
              [
                94.97857086,
                26.14455146
              ]
            ]
          ]
        ]
      },
      "geometry_name": "the_geom",
      "properties": {
        "Slide_No": "NL/NOK/83J16/2023/43",
        "State": "NAGALAND",
        "District": "NOKLAK",
        "Topo_No": "83J16",
        "Latitude": 26.1447,
        "Longitude": 94.9787,
        "Length_m": 31.158,
        "Width_m": 19.146,
        "Height_m": 3.943848,
        "Area_Sqm": 495.993,
        "Activity": "Active",
        "Geomorpho": "Structural Origin - Moderately Dissected Hills and Valleys - Valley (Smdhv-v)",
        "Lithology": "Shale, greywacke with rythmite, slate & phyllite (0598), Palaeocene-Eocene",
        "LULC": "Evergreen Open Forest",
        "Triggering": "Rainfall",
        "Year": "2023",
        "Basin": "Minor rivers draining into Myanmar Basin",
        "Sub_Basin": "Imphal and others",
        "Source": "RESOURCESAT-2, 2A, 10m CARTODEM, NGLM 50k(2011-2012), Lithology-GSI 50k(2011), SISDP-P2-LULC 10k(2018-2023) & India-WRIS"
      }
    },
    {
      "type": "Feature",
      "id": "LS_NAGALAND_2023.800",
      "geometry": {
        "type": "MultiPolygon",
        "coordinates": [
          [
            [
              [
                94.37639386,
                26.39473683
              ],
              [
                94.37639386,
                26.39487018
              ],
              [
                94.37652668,
                26.39487018
              ],
              [
                94.37652668,
                26.39473683
              ],
              [
                94.37639386,
                26.39473683
              ]
            ]
          ]
        ]
      },
      "geometry_name": "the_geom",
      "properties": {
        "Slide_No": "NL/MK/83J7/2023/8",
        "State": "NAGALAND",
        "District": "MOKOKCHUNG",
        "Topo_No": "83J7",
        "Latitude": 26.3948,
        "Longitude": 94.3765,
        "Length_m": 14.432,
        "Width_m": 13.492,
        "Height_m": 11.56131,
        "Area_Sqm": 156.71,
        "Activity": "Active",
        "Geomorpho": "Structural Origin - Highly Dissected Hills and Valleys - Ridge (Shdhv-r)",
        "Lithology": "Sandstone, shale, siltstone and conglomerate (Surma Group) 0493), Miocene",
        "LULC": "Deciduous Open Forest",
        "Triggering": "Rainfall",
        "Year": "2023",
        "Basin": "Brahmaputra Basin",
        "Sub_Basin": "Brahmaputra Upper",
        "Source": "RESOURCESAT-2, 2A, 10m CARTODEM, NGLM 50k(2011-2012), Lithology-GSI 50k(2011), SISDP-P2-LULC 10k(2018-2023) & India-WRIS"
      }
    },
    {
      "type": "Feature",
      "id": "LS_NAGALAND_2023.801",
      "geometry": {
        "type": "MultiPolygon",
        "coordinates": [
          [
            [
              [
                94.73069828,
                26.16422976
              ],
              [
                94.73069828,
                26.16511257
              ],
              [
                94.73377337,
                26.16511257
              ],
              [
                94.73377337,
                26.16422976
              ],
              [
                94.73069828,
                26.16422976
              ]
            ]
          ]
        ]
      },
      "geometry_name": "the_geom",
      "properties": {
        "Slide_No": "NL/SHA/83J12/2023/33",
        "State": "NAGALAND",
        "District": "SHAMATOR",
        "Topo_No": "83J12",
        "Latitude": 26.1648,
        "Longitude": 94.7321,
        "Length_m": 318.981,
        "Width_m": 37.571,
        "Height_m": 203.35022,
        "Area_Sqm": 2602.78,
        "Activity": "Active",
        "Geomorpho": "Structural Origin - Highly Dissected Hills and Valleys (Shdhv)",
        "Lithology": "Flaggy sandstone with subordinate shale (Barail Group) 0541), Eocene-Oligocene",
        "LULC": "Evergreen Closed Forest",
        "Triggering": "Rainfall",
        "Year": "2023",
        "Basin": "Minor rivers draining into Myanmar Basin",
        "Sub_Basin": "Imphal and others",
        "Source": "RESOURCESAT-2, 2A, 10m CARTODEM, NGLM 50k(2011-2012), Lithology-GSI 50k(2011), SISDP-P2-LULC 10k(2018-2023) & India-WRIS"
      }
    },
    {
      "type": "Feature",
      "id": "LS_NAGALAND_2023.802",
      "geometry": {
        "type": "MultiPolygon",
        "coordinates": [
          [
            [
              [
                94.76497118,
                26.12503205
              ],
              [
                94.76497118,
                26.12517696
              ],
              [
                94.76509963,
                26.12517696
              ],
              [
                94.76509963,
                26.12503205
              ],
              [
                94.76497118,
                26.12503205
              ]
            ]
          ]
        ]
      },
      "geometry_name": "the_geom",
      "properties": {
        "Slide_No": "NL/SHA/83J16/2023/44",
        "State": "NAGALAND",
        "District": "SHAMATOR",
        "Topo_No": "83J16",
        "Latitude": 26.1251,
        "Longitude": 94.765,
        "Length_m": 17.244,
        "Width_m": 10.518,
        "Height_m": 3.848144,
        "Area_Sqm": 143.891,
        "Activity": "Active",
        "Geomorpho": "Structural Origin - Highly Dissected Hills and Valleys (Shdhv)",
        "Lithology": "Shale, siltstone, greywacke rhythmite & sandstone (0594), Palaeocene-Eocene",
        "LULC": "Evergreen Open Forest",
        "Triggering": "Rainfall",
        "Year": "2023",
        "Basin": "Minor rivers draining into Myanmar Basin",
        "Sub_Basin": "Imphal and others",
        "Source": "RESOURCESAT-2, 2A, 10m CARTODEM, NGLM 50k(2011-2012), Lithology-GSI 50k(2011), SISDP-P2-LULC 10k(2018-2023) & India-WRIS"
      }
    },
    {
      "type": "Feature",
      "id": "LS_NAGALAND_2023.803",
      "geometry": {
        "type": "MultiPolygon",
        "coordinates": [
          [
            [
              [
                94.76662158,
                26.12510712
              ],
              [
                94.76662158,
                26.12546789
              ],
              [
                94.76689704,
                26.12546789
              ],
              [
                94.76689704,
                26.12510712
              ],
              [
                94.76662158,
                26.12510712
              ]
            ]
          ]
        ]
      },
      "geometry_name": "the_geom",
      "properties": {
        "Slide_No": "NL/SHA/83J16/2023/45",
        "State": "NAGALAND",
        "District": "SHAMATOR",
        "Topo_No": "83J16",
        "Latitude": 26.1253,
        "Longitude": 94.7668,
        "Length_m": 45.116,
        "Width_m": 19.603,
        "Height_m": 16.5471191406,
        "Area_Sqm": 635.551,
        "Activity": "Active",
        "Geomorpho": "Structural Origin - Highly Dissected Hills and Valleys (Shdhv)",
        "Lithology": "Shale, siltstone, greywacke rhythmite & sandstone (0594), Palaeocene-Eocene",
        "LULC": "Evergreen Open Forest",
        "Triggering": "Rainfall",
        "Year": "2023",
        "Basin": "Minor rivers draining into Myanmar Basin",
        "Sub_Basin": "Imphal and others",
        "Source": "RESOURCESAT-2, 2A, 10m CARTODEM, NGLM 50k(2011-2012), Lithology-GSI 50k(2011), SISDP-P2-LULC 10k(2018-2023) & India-WRIS"
      }
    },
    {
      "type": "Feature",
      "id": "LS_NAGALAND_2023.804",
      "geometry": {
        "type": "MultiPolygon",
        "coordinates": [
          [
            [
              [
                94.3457426,
                26.14957438
              ],
              [
                94.3457426,
                26.14978691
              ],
              [
                94.346033,
                26.14978691
              ],
              [
                94.346033,
                26.14957438
              ],
              [
                94.3457426,
                26.14957438
              ]
            ]
          ]
        ]
      },
      "geometry_name": "the_geom",
      "properties": {
        "Slide_No": "NL/WO/83J8/2023/114",
        "State": "NAGALAND",
        "District": "WOKHA",
        "Topo_No": "83J8",
        "Latitude": 26.1497,
        "Longitude": 94.3459,
        "Length_m": 29.186,
        "Width_m": 21.536,
        "Height_m": 7.70660400391,
        "Area_Sqm": 503.402,
        "Activity": "Active",
        "Geomorpho": "Structural Origin - Moderately Dissected Hills and Valleys (Smdhv)",
        "Lithology": "Shale, siltstone, greywacke rhythmite & sandstone (0594), Palaeocene-Eocene",
        "LULC": "Deciduous Open Forest",
        "Triggering": "Rainfall",
        "Year": "2023",
        "Basin": "Brahmaputra Basin",
        "Sub_Basin": "Brahmaputra Upper",
        "Source": "RESOURCESAT-2, 2A, 10m CARTODEM, NGLM 50k(2011-2012), Lithology-GSI 50k(2011), SISDP-P2-LULC 10k(2018-2023) & India-WRIS"
      }
    },
    {
      "type": "Feature",
      "id": "LS_NAGALAND_2023.805",
      "geometry": {
        "type": "MultiPolygon",
        "coordinates": [
          [
            [
              [
                94.35534413,
                26.13485953
              ],
              [
                94.35534413,
                26.13504667
              ],
              [
                94.35596633,
                26.13504667
              ],
              [
                94.35596633,
                26.13485953
              ],
              [
                94.35534413,
                26.13485953
              ]
            ]
          ]
        ]
      },
      "geometry_name": "the_geom",
      "properties": {
        "Slide_No": "NL/WO/83J8/2023/115",
        "State": "NAGALAND",
        "District": "WOKHA",
        "Topo_No": "83J8",
        "Latitude": 26.135,
        "Longitude": 94.3556,
        "Length_m": 62.158,
        "Width_m": 20.319,
        "Height_m": 8.66455078125,
        "Area_Sqm": 921.802,
        "Activity": "Active",
        "Geomorpho": "Structural Origin - Moderately Dissected Hills and Valleys (Smdhv)",
        "Lithology": "Shale, siltstone, greywacke rhythmite & sandstone (0594), Palaeocene-Eocene",
        "LULC": "Deciduous Open Forest",
        "Triggering": "Rainfall",
        "Year": "2023",
        "Basin": "Brahmaputra Basin",
        "Sub_Basin": "Brahmaputra Upper",
        "Source": "RESOURCESAT-2, 2A, 10m CARTODEM, NGLM 50k(2011-2012), Lithology-GSI 50k(2011), SISDP-P2-LULC 10k(2018-2023) & India-WRIS"
      }
    },
    {
      "type": "Feature",
      "id": "LS_NAGALAND_2023.806",
      "geometry": {
        "type": "MultiPolygon",
        "coordinates": [
          [
            [
              [
                94.3429605,
                26.12773702
              ],
              [
                94.3429605,
                26.12799822
              ],
              [
                94.34325833,
                26.12799822
              ],
              [
                94.34325833,
                26.12773702
              ],
              [
                94.3429605,
                26.12773702
              ]
            ]
          ]
        ]
      },
      "geometry_name": "the_geom",
      "properties": {
        "Slide_No": "NL/WO/83J8/2023/116",
        "State": "NAGALAND",
        "District": "WOKHA",
        "Topo_No": "83J8",
        "Latitude": 26.1279,
        "Longitude": 94.3431,
        "Length_m": 29.78,
        "Width_m": 27.822,
        "Height_m": 6.41241455078,
        "Area_Sqm": 650.176,
        "Activity": "Active",
        "Geomorpho": "Structural Origin - Moderately Dissected Hills and Valleys (Smdhv)",
        "Lithology": "Shale, siltstone, greywacke rhythmite & sandstone (0594), Palaeocene-Eocene",
        "LULC": "Deciduous Open Forest",
        "Triggering": "Rainfall",
        "Year": "2023",
        "Basin": "Brahmaputra Basin",
        "Sub_Basin": "Brahmaputra Upper",
        "Source": "RESOURCESAT-2, 2A, 10m CARTODEM, NGLM 50k(2011-2012), Lithology-GSI 50k(2011), SISDP-P2-LULC 10k(2018-2023) & India-WRIS"
      }
    },
    {
      "type": "Feature",
      "id": "LS_NAGALAND_2023.807",
      "geometry": {
        "type": "MultiPolygon",
        "coordinates": [
          [
            [
              [
                94.38339553,
                26.1260638
              ],
              [
                94.38339553,
                26.12633771
              ],
              [
                94.38358966,
                26.12633771
              ],
              [
                94.38358966,
                26.1260638
              ],
              [
                94.38339553,
                26.1260638
              ]
            ]
          ]
        ]
      },
      "geometry_name": "the_geom",
      "properties": {
        "Slide_No": "NL/ZU/83J8/2023/117",
        "State": "NAGALAND",
        "District": "ZUNHEBOTO",
        "Topo_No": "83J8",
        "Latitude": 26.1262,
        "Longitude": 94.3835,
        "Length_m": 32.214,
        "Width_m": 14.193,
        "Height_m": 17.5248413086,
        "Area_Sqm": 358.906,
        "Activity": "Active",
        "Geomorpho": "Structural Origin - Moderately Dissected Hills and Valleys - Valley (Smdhv-v)",
        "Lithology": "Shale, siltstone, greywacke rhythmite & sandstone (0594), Palaeocene-Eocene",
        "LULC": "Deciduous Closed Forest",
        "Triggering": "Rainfall",
        "Year": "2023",
        "Basin": "Brahmaputra Basin",
        "Sub_Basin": "Brahmaputra Upper",
        "Source": "RESOURCESAT-2, 2A, 10m CARTODEM, NGLM 50k(2011-2012), Lithology-GSI 50k(2011), SISDP-P2-LULC 10k(2018-2023) & India-WRIS"
      }
    },
    {
      "type": "Feature",
      "id": "LS_NAGALAND_2023.808",
      "geometry": {
        "type": "MultiPolygon",
        "coordinates": [
          [
            [
              [
                94.37727436,
                26.12992579
              ],
              [
                94.37727436,
                26.1307629
              ],
              [
                94.37821008,
                26.1307629
              ],
              [
                94.37821008,
                26.12992579
              ],
              [
                94.37727436,
                26.12992579
              ]
            ]
          ]
        ]
      },
      "geometry_name": "the_geom",
      "properties": {
        "Slide_No": "NL/ZU/83J8/2023/118",
        "State": "NAGALAND",
        "District": "ZUNHEBOTO",
        "Topo_No": "83J8",
        "Latitude": 26.1304,
        "Longitude": 94.3777,
        "Length_m": 122.4,
        "Width_m": 61.649,
        "Height_m": 88.935546875,
        "Area_Sqm": 3920.54,
        "Activity": "Active",
        "Geomorpho": "Structural Origin - Moderately Dissected Hills and Valleys (Smdhv)",
        "Lithology": "Shale, siltstone, greywacke rhythmite & sandstone (0594), Palaeocene-Eocene",
        "LULC": "Deciduous Closed Forest",
        "Triggering": "Rainfall",
        "Year": "2023",
        "Basin": "Brahmaputra Basin",
        "Sub_Basin": "Brahmaputra Upper",
        "Source": "RESOURCESAT-2, 2A, 10m CARTODEM, NGLM 50k(2011-2012), Lithology-GSI 50k(2011), SISDP-P2-LULC 10k(2018-2023) & India-WRIS"
      }
    },
    {
      "type": "Feature",
      "id": "LS_NAGALAND_2023.809",
      "geometry": {
        "type": "MultiPolygon",
        "coordinates": [
          [
            [
              [
                94.42375596,
                26.16133088
              ],
              [
                94.42375596,
                26.1615006
              ],
              [
                94.42390635,
                26.1615006
              ],
              [
                94.42390635,
                26.16133088
              ],
              [
                94.42375596,
                26.16133088
              ]
            ]
          ]
        ]
      },
      "geometry_name": "the_geom",
      "properties": {
        "Slide_No": "NL/ZU/83J8/2023/119",
        "State": "NAGALAND",
        "District": "ZUNHEBOTO",
        "Topo_No": "83J8",
        "Latitude": 26.1614,
        "Longitude": 94.4238,
        "Length_m": 19.593,
        "Width_m": 13.418,
        "Height_m": 7.895629,
        "Area_Sqm": 215.361,
        "Activity": "Active",
        "Geomorpho": "Structural Origin - Moderately Dissected Hills and Valleys (Smdhv)",
        "Lithology": "Shale, siltstone, greywacke rhythmite & sandstone (0594), Palaeocene-Eocene",
        "LULC": "Evergreen Open Forest",
        "Triggering": "Rainfall",
        "Year": "2023",
        "Basin": "Brahmaputra Basin",
        "Sub_Basin": "Brahmaputra Upper",
        "Source": "RESOURCESAT-2, 2A, 10m CARTODEM, NGLM 50k(2011-2012), Lithology-GSI 50k(2011), SISDP-P2-LULC 10k(2018-2023) & India-WRIS"
      }
    },
    {
      "type": "Feature",
      "id": "LS_NAGALAND_2023.810",
      "geometry": {
        "type": "MultiPolygon",
        "coordinates": [
          [
            [
              [
                94.40204057,
                26.13645746
              ],
              [
                94.40204057,
                26.13674916
              ],
              [
                94.40219799,
                26.13674916
              ],
              [
                94.40219799,
                26.13645746
              ],
              [
                94.40204057,
                26.13645746
              ]
            ]
          ]
        ]
      },
      "geometry_name": "the_geom",
      "properties": {
        "Slide_No": "NL/ZU/83J8/2023/120",
        "State": "NAGALAND",
        "District": "ZUNHEBOTO",
        "Topo_No": "83J8",
        "Latitude": 26.1366,
        "Longitude": 94.4021,
        "Length_m": 32.335,
        "Width_m": 15.657,
        "Height_m": 6.31387329102,
        "Area_Sqm": 408.766,
        "Activity": "Active",
        "Geomorpho": "Structural Origin - Moderately Dissected Hills and Valleys (Smdhv)",
        "Lithology": "Shale, siltstone, greywacke rhythmite & sandstone (0594), Palaeocene-Eocene",
        "LULC": "Deciduous Closed Forest",
        "Triggering": "Rainfall",
        "Year": "2023",
        "Basin": "Brahmaputra Basin",
        "Sub_Basin": "Brahmaputra Upper",
        "Source": "RESOURCESAT-2, 2A, 10m CARTODEM, NGLM 50k(2011-2012), Lithology-GSI 50k(2011), SISDP-P2-LULC 10k(2018-2023) & India-WRIS"
      }
    },
    {
      "type": "Feature",
      "id": "LS_NAGALAND_2023.811",
      "geometry": {
        "type": "MultiPolygon",
        "coordinates": [
          [
            [
              [
                94.62999265,
                26.13590083
              ],
              [
                94.62999265,
                26.13607517
              ],
              [
                94.63023216,
                26.13607517
              ],
              [
                94.63023216,
                26.13590083
              ],
              [
                94.62999265,
                26.13590083
              ]
            ]
          ]
        ]
      },
      "geometry_name": "the_geom",
      "properties": {
        "Slide_No": "NL/ZU/83J12/2023/34",
        "State": "NAGALAND",
        "District": "ZUNHEBOTO",
        "Topo_No": "83J12",
        "Latitude": 26.136,
        "Longitude": 94.6301,
        "Length_m": 23.323,
        "Width_m": 18.749,
        "Height_m": 5.31579589844,
        "Area_Sqm": 296.214,
        "Activity": "Reactivated",
        "Geomorpho": "Structural Origin - Moderately Dissected Hills and Valleys (Smdhv)",
        "Lithology": "Shale, siltstone, greywacke rhythmite & sandstone (0594), Palaeocene-Eocene",
        "LULC": "Evergreen Open Forest",
        "Triggering": "Rainfall",
        "Year": "2023",
        "Basin": "Minor rivers draining into Myanmar Basin",
        "Sub_Basin": "Imphal and others",
        "Source": "RESOURCESAT-2, 2A, 10m CARTODEM, NGLM 50k(2011-2012), Lithology-GSI 50k(2011), SISDP-P2-LULC 10k(2018-2023) & India-WRIS"
      }
    },
    {
      "type": "Feature",
      "id": "LS_NAGALAND_2023.812",
      "geometry": {
        "type": "MultiPolygon",
        "coordinates": [
          [
            [
              [
                95.00158086,
                26.17042283
              ],
              [
                95.00158086,
                26.17069024
              ],
              [
                95.00198015,
                26.17069024
              ],
              [
                95.00198015,
                26.17042283
              ],
              [
                95.00158086,
                26.17042283
              ]
            ]
          ]
        ]
      },
      "geometry_name": "the_geom",
      "properties": {
        "Slide_No": "NL/NOK/83J16/2023/46",
        "State": "NAGALAND",
        "District": "NOKLAK",
        "Topo_No": "83J16",
        "Latitude": 26.1706,
        "Longitude": 95.0018,
        "Length_m": 41.813,
        "Width_m": 23.766,
        "Height_m": 10.8917236328,
        "Area_Sqm": 585.535,
        "Activity": "Active",
        "Geomorpho": "Structural Origin - Moderately Dissected Hills and Valleys - Valley (Smdhv-v)",
        "Lithology": "Shale, greywacke with rythmite, slate & phyllite (0598), Palaeocene-Eocene",
        "LULC": "Evergreen Open Forest",
        "Triggering": "Rainfall",
        "Year": "2023",
        "Basin": "Minor rivers draining into Myanmar Basin",
        "Sub_Basin": "Imphal and others",
        "Source": "RESOURCESAT-2, 2A, 10m CARTODEM, NGLM 50k(2011-2012), Lithology-GSI 50k(2011), SISDP-P2-LULC 10k(2018-2023) & India-WRIS"
      }
    },
    {
      "type": "Feature",
      "id": "LS_NAGALAND_2023.813",
      "geometry": {
        "type": "MultiPolygon",
        "coordinates": [
          [
            [
              [
                94.99970829,
                26.1505515
              ],
              [
                94.99970829,
                26.15077255
              ],
              [
                94.99992264,
                26.15077255
              ],
              [
                94.99992264,
                26.1505515
              ],
              [
                94.99970829,
                26.1505515
              ]
            ]
          ]
        ]
      },
      "geometry_name": "the_geom",
      "properties": {
        "Slide_No": "NL/NOK/83J16/2023/47",
        "State": "NAGALAND",
        "District": "NOKLAK",
        "Topo_No": "83J16",
        "Latitude": 26.1507,
        "Longitude": 94.9998,
        "Length_m": 24.413,
        "Width_m": 19.65,
        "Height_m": 19.615662,
        "Area_Sqm": 380.623,
        "Activity": "Active",
        "Geomorpho": "Structural Origin - Moderately Dissected Hills and Valleys - Valley (Smdhv-v)",
        "Lithology": "Shale, greywacke with rythmite, slate & phyllite (0598), Palaeocene-Eocene",
        "LULC": "Evergreen Open Forest",
        "Triggering": "Rainfall",
        "Year": "2023",
        "Basin": "Minor rivers draining into Myanmar Basin",
        "Sub_Basin": "Imphal and others",
        "Source": "RESOURCESAT-2, 2A, 10m CARTODEM, NGLM 50k(2011-2012), Lithology-GSI 50k(2011), SISDP-P2-LULC 10k(2018-2023) & India-WRIS"
      }
    },
    {
      "type": "Feature",
      "id": "LS_NAGALAND_2023.814",
      "geometry": {
        "type": "MultiPolygon",
        "coordinates": [
          [
            [
              [
                94.99603646,
                26.14799817
              ],
              [
                94.99603646,
                26.14824415
              ],
              [
                94.99620536,
                26.14824415
              ],
              [
                94.99620536,
                26.14799817
              ],
              [
                94.99603646,
                26.14799817
              ]
            ]
          ]
        ]
      },
      "geometry_name": "the_geom",
      "properties": {
        "Slide_No": "NL/NOK/83J16/2023/48",
        "State": "NAGALAND",
        "District": "NOKLAK",
        "Topo_No": "83J16",
        "Latitude": 26.1481,
        "Longitude": 94.9961,
        "Length_m": 27.966,
        "Width_m": 15.349,
        "Height_m": 9.88555908203,
        "Area_Sqm": 326.132,
        "Activity": "Active",
        "Geomorpho": "Structural Origin - Moderately Dissected Hills and Valleys (Smdhv)",
        "Lithology": "Shale, greywacke with rythmite, slate & phyllite (0598), Palaeocene-Eocene",
        "LULC": "Evergreen Open Forest",
        "Triggering": "Rainfall",
        "Year": "2023",
        "Basin": "Minor rivers draining into Myanmar Basin",
        "Sub_Basin": "Imphal and others",
        "Source": "RESOURCESAT-2, 2A, 10m CARTODEM, NGLM 50k(2011-2012), Lithology-GSI 50k(2011), SISDP-P2-LULC 10k(2018-2023) & India-WRIS"
      }
    },
    {
      "type": "Feature",
      "id": "LS_NAGALAND_2023.815",
      "geometry": {
        "type": "MultiPolygon",
        "coordinates": [
          [
            [
              [
                94.99601838,
                26.14995431
              ],
              [
                94.99601838,
                26.15012882
              ],
              [
                94.99615112,
                26.15012882
              ],
              [
                94.99615112,
                26.14995431
              ],
              [
                94.99601838,
                26.14995431
              ]
            ]
          ]
        ]
      },
      "geometry_name": "the_geom",
      "properties": {
        "Slide_No": "NL/NOK/83J16/2023/49",
        "State": "NAGALAND",
        "District": "NOKLAK",
        "Topo_No": "83J16",
        "Latitude": 26.15,
        "Longitude": 94.9961,
        "Length_m": 19.709,
        "Width_m": 12.765,
        "Height_m": 5.435059,
        "Area_Sqm": 195.178,
        "Activity": "Active",
        "Geomorpho": "Structural Origin - Moderately Dissected Hills and Valleys - Valley (Smdhv-v)",
        "Lithology": "Shale, greywacke with rythmite, slate & phyllite (0598), Palaeocene-Eocene",
        "LULC": "Evergreen Open Forest",
        "Triggering": "Rainfall",
        "Year": "2023",
        "Basin": "Minor rivers draining into Myanmar Basin",
        "Sub_Basin": "Imphal and others",
        "Source": "RESOURCESAT-2, 2A, 10m CARTODEM, NGLM 50k(2011-2012), Lithology-GSI 50k(2011), SISDP-P2-LULC 10k(2018-2023) & India-WRIS"
      }
    },
    {
      "type": "Feature",
      "id": "LS_NAGALAND_2023.816",
      "geometry": {
        "type": "MultiPolygon",
        "coordinates": [
          [
            [
              [
                94.98521742,
                26.14022698
              ],
              [
                94.98521742,
                26.14046766
              ],
              [
                94.98537185,
                26.14046766
              ],
              [
                94.98537185,
                26.14022698
              ],
              [
                94.98521742,
                26.14022698
              ]
            ]
          ]
        ]
      },
      "geometry_name": "the_geom",
      "properties": {
        "Slide_No": "NL/NOK/83J16/2023/50",
        "State": "NAGALAND",
        "District": "NOKLAK",
        "Topo_No": "83J16",
        "Latitude": 26.1403,
        "Longitude": 94.9853,
        "Length_m": 26.702,
        "Width_m": 15.415,
        "Height_m": 11.0136108398,
        "Area_Sqm": 337.187,
        "Activity": "Active",
        "Geomorpho": "Structural Origin - Moderately Dissected Hills and Valleys - Valley (Smdhv-v)",
        "Lithology": "Shale, greywacke with rythmite, slate & phyllite (0598), Palaeocene-Eocene",
        "LULC": "Evergreen Open Forest",
        "Triggering": "Rainfall",
        "Year": "2023",
        "Basin": "Minor rivers draining into Myanmar Basin",
        "Sub_Basin": "Imphal and others",
        "Source": "RESOURCESAT-2, 2A, 10m CARTODEM, NGLM 50k(2011-2012), Lithology-GSI 50k(2011), SISDP-P2-LULC 10k(2018-2023) & India-WRIS"
      }
    },
    {
      "type": "Feature",
      "id": "LS_NAGALAND_2023.817",
      "geometry": {
        "type": "MultiPolygon",
        "coordinates": [
          [
            [
              [
                94.98276281,
                26.13770602
              ],
              [
                94.98276281,
                26.13784991
              ],
              [
                94.98290511,
                26.13784991
              ],
              [
                94.98290511,
                26.13770602
              ],
              [
                94.98276281,
                26.13770602
              ]
            ]
          ]
        ]
      },
      "geometry_name": "the_geom",
      "properties": {
        "Slide_No": "NL/NOK/83J16/2023/51",
        "State": "NAGALAND",
        "District": "NOKLAK",
        "Topo_No": "83J16",
        "Latitude": 26.1378,
        "Longitude": 94.9828,
        "Length_m": 15.896,
        "Width_m": 14.27,
        "Height_m": 8.203186,
        "Area_Sqm": 181.813,
        "Activity": "Active",
        "Geomorpho": "Structural Origin - Moderately Dissected Hills and Valleys - Valley (Smdhv-v)",
        "Lithology": "Shale, greywacke with rythmite, slate & phyllite (0598), Palaeocene-Eocene",
        "LULC": "Evergreen Open Forest",
        "Triggering": "Rainfall",
        "Year": "2023",
        "Basin": "Minor rivers draining into Myanmar Basin",
        "Sub_Basin": "Imphal and others",
        "Source": "RESOURCESAT-2, 2A, 10m CARTODEM, NGLM 50k(2011-2012), Lithology-GSI 50k(2011), SISDP-P2-LULC 10k(2018-2023) & India-WRIS"
      }
    },
    {
      "type": "Feature",
      "id": "LS_NAGALAND_2023.818",
      "geometry": {
        "type": "MultiPolygon",
        "coordinates": [
          [
            [
              [
                94.988479,
                26.12008545
              ],
              [
                94.988479,
                26.12144262
              ],
              [
                94.98904656,
                26.12144262
              ],
              [
                94.98904656,
                26.12008545
              ],
              [
                94.988479,
                26.12008545
              ]
            ]
          ]
        ]
      },
      "geometry_name": "the_geom",
      "properties": {
        "Slide_No": "NL/NOK/83J16/2023/52",
        "State": "NAGALAND",
        "District": "NOKLAK",
        "Topo_No": "83J16",
        "Latitude": 26.1208,
        "Longitude": 94.9888,
        "Length_m": 150.453,
        "Width_m": 55.204,
        "Height_m": 51.8290405273,
        "Area_Sqm": 6455.79,
        "Activity": "Reactivated",
        "Geomorpho": "Structural Origin - Highly Dissected Hills and Valleys (Shdhv)",
        "Lithology": "Shale, greywacke with rythmite, slate & phyllite (0598), Palaeocene-Eocene",
        "LULC": "Evergreen Open Forest",
        "Triggering": "Rainfall",
        "Year": "2023",
        "Basin": "Minor rivers draining into Myanmar Basin",
        "Sub_Basin": "Imphal and others",
        "Source": "RESOURCESAT-2, 2A, 10m CARTODEM, NGLM 50k(2011-2012), Lithology-GSI 50k(2011), SISDP-P2-LULC 10k(2018-2023) & India-WRIS"
      }
    },
    {
      "type": "Feature",
      "id": "LS_NAGALAND_2023.820",
      "geometry": {
        "type": "MultiPolygon",
        "coordinates": [
          [
            [
              [
                94.46775043,
                25.94476603
              ],
              [
                94.46775043,
                25.94494775
              ],
              [
                94.46804488,
                25.94494775
              ],
              [
                94.46804488,
                25.94476603
              ],
              [
                94.46775043,
                25.94476603
              ]
            ]
          ]
        ]
      },
      "geometry_name": "the_geom",
      "properties": {
        "Slide_No": "NL/ZU/83K5/2023/143",
        "State": "NAGALAND",
        "District": "ZUNHEBOTO",
        "Topo_No": "83K5",
        "Latitude": 25.9449,
        "Longitude": 94.4679,
        "Length_m": 28.327,
        "Width_m": 17.544,
        "Height_m": 9.76501464844,
        "Area_Sqm": 399.149,
        "Activity": "Active",
        "Geomorpho": "Structural Origin - Highly Dissected Hills and Valleys (Shdhv)",
        "Lithology": "Shale, siltstone, greywacke rhythmite & sandstone (0594), Palaeocene-Eocene",
        "LULC": "Evergreen Open Forest",
        "Triggering": "Rainfall",
        "Year": "2023",
        "Basin": "Brahmaputra Basin",
        "Sub_Basin": "Brahmaputra Upper",
        "Source": "RESOURCESAT-2, 2A, 10m CARTODEM, NGLM 50k(2011-2012), Lithology-GSI 50k(2011), SISDP-P2-LULC 10k(2018-2023) & India-WRIS"
      }
    },
    {
      "type": "Feature",
      "id": "LS_NAGALAND_2023.830",
      "geometry": {
        "type": "MultiPolygon",
        "coordinates": [
          [
            [
              [
                94.9794077,
                26.69120656
              ],
              [
                94.9794077,
                26.69131101
              ],
              [
                94.97954924,
                26.69131101
              ],
              [
                94.97954924,
                26.69120656
              ],
              [
                94.9794077,
                26.69120656
              ]
            ]
          ]
        ]
      },
      "geometry_name": "the_geom",
      "properties": {
        "Slide_No": "NL/MN/83J14/2023/43",
        "State": "NAGALAND",
        "District": "MON",
        "Topo_No": "83J14",
        "Latitude": 26.6913,
        "Longitude": 94.9795,
        "Length_m": 12.827,
        "Width_m": 11.899,
        "Height_m": 4.678131,
        "Area_Sqm": 122.059,
        "Activity": "Reactivated",
        "Geomorpho": "Structural Origin - Moderately Dissected Hills and Valleys - Valley (Smdhv-v)",
        "Lithology": "Shale, siltstone, greywacke rhythmite & sandstone (0594), Palaeocene-Eocene",
        "LULC": "Others - Shifting Cultivation",
        "Triggering": "Rainfall",
        "Year": "2023",
        "Basin": "Brahmaputra Basin",
        "Sub_Basin": "Brahmaputra Upper",
        "Source": "RESOURCESAT-2, 2A, 10m CARTODEM, NGLM 50k(2011-2012), Lithology-GSI 50k(2011), SISDP-P2-LULC 10k(2018-2023) & India-WRIS"
      }
    },
    {
      "type": "Feature",
      "id": "LS_NAGALAND_2023.831",
      "geometry": {
        "type": "MultiPolygon",
        "coordinates": [
          [
            [
              [
                94.838771,
                26.61104977
              ],
              [
                94.838771,
                26.61135538
              ],
              [
                94.83900067,
                26.61135538
              ],
              [
                94.83900067,
                26.61104977
              ],
              [
                94.838771,
                26.61104977
              ]
            ]
          ]
        ]
      },
      "geometry_name": "the_geom",
      "properties": {
        "Slide_No": "NL/LL/83J14/2023/44",
        "State": "NAGALAND",
        "District": "LONGLENG",
        "Topo_No": "83J14",
        "Latitude": 26.6112,
        "Longitude": 94.8389,
        "Length_m": 36.52,
        "Width_m": 15.067,
        "Height_m": 9.69641113281,
        "Area_Sqm": 369.134,
        "Activity": "Active",
        "Geomorpho": "Structural Origin - Moderately Dissected Hills and Valleys (Smdhv)",
        "Lithology": "Flaggy sandstone with subordinate shale (Barail Group) 0541), Eocene-Oligocene",
        "LULC": "Evergreen Open Forest",
        "Triggering": "Rainfall",
        "Year": "2023",
        "Basin": "Brahmaputra Basin",
        "Sub_Basin": "Brahmaputra Upper",
        "Source": "RESOURCESAT-2, 2A, 10m CARTODEM, NGLM 50k(2011-2012), Lithology-GSI 50k(2011), SISDP-P2-LULC 10k(2018-2023) & India-WRIS"
      }
    },
    {
      "type": "Feature",
      "id": "LS_NAGALAND_2023.832",
      "geometry": {
        "type": "MultiPolygon",
        "coordinates": [
          [
            [
              [
                94.84062344,
                26.49606957
              ],
              [
                94.84062344,
                26.49638567
              ],
              [
                94.8408689,
                26.49638567
              ],
              [
                94.8408689,
                26.49606957
              ],
              [
                94.84062344,
                26.49606957
              ]
            ]
          ]
        ]
      },
      "geometry_name": "the_geom",
      "properties": {
        "Slide_No": "NL/LL/83J15/2023/62",
        "State": "NAGALAND",
        "District": "LONGLENG",
        "Topo_No": "83J15",
        "Latitude": 26.4962,
        "Longitude": 94.8407,
        "Length_m": 37.926,
        "Width_m": 15.087,
        "Height_m": 20.6641845703,
        "Area_Sqm": 437.793,
        "Activity": "Active",
        "Geomorpho": "Structural Origin - Highly Dissected Hills and Valleys (Shdhv)",
        "Lithology": "Flaggy sandstone with subordinate shale (Barail Group) 0541), Eocene-Oligocene",
        "LULC": "Evergreen Open Forest",
        "Triggering": "Rainfall",
        "Year": "2023",
        "Basin": "Brahmaputra Basin",
        "Sub_Basin": "Brahmaputra Upper",
        "Source": "RESOURCESAT-2, 2A, 10m CARTODEM, NGLM 50k(2011-2012), Lithology-GSI 50k(2011), SISDP-P2-LULC 10k(2018-2023) & India-WRIS"
      }
    },
    {
      "type": "Feature",
      "id": "LS_NAGALAND_2023.833",
      "geometry": {
        "type": "MultiPolygon",
        "coordinates": [
          [
            [
              [
                94.97490116,
                26.14858289
              ],
              [
                94.97490116,
                26.14890767
              ],
              [
                94.97509629,
                26.14890767
              ],
              [
                94.97509629,
                26.14858289
              ],
              [
                94.97490116,
                26.14858289
              ]
            ]
          ]
        ]
      },
      "geometry_name": "the_geom",
      "properties": {
        "Slide_No": "NL/NOK/83J16/2023/53",
        "State": "NAGALAND",
        "District": "NOKLAK",
        "Topo_No": "83J16",
        "Latitude": 26.1488,
        "Longitude": 94.975,
        "Length_m": 35.905,
        "Width_m": 19.383,
        "Height_m": 4.83294677734,
        "Area_Sqm": 531.018,
        "Activity": "Active",
        "Geomorpho": "Structural Origin - Moderately Dissected Hills and Valleys - Valley (Smdhv-v)",
        "Lithology": "Shale, greywacke with rythmite, slate & phyllite (0598), Palaeocene-Eocene",
        "LULC": "Evergreen Open Forest",
        "Triggering": "Rainfall",
        "Year": "2023",
        "Basin": "Minor rivers draining into Myanmar Basin",
        "Sub_Basin": "Imphal and others",
        "Source": "RESOURCESAT-2, 2A, 10m CARTODEM, NGLM 50k(2011-2012), Lithology-GSI 50k(2011), SISDP-P2-LULC 10k(2018-2023) & India-WRIS"
      }
    },
    {
      "type": "Feature",
      "id": "LS_NAGALAND_2023.834",
      "geometry": {
        "type": "MultiPolygon",
        "coordinates": [
          [
            [
              [
                94.97534047,
                26.14854141
              ],
              [
                94.97534047,
                26.14876298
              ],
              [
                94.97556023,
                26.14876298
              ],
              [
                94.97556023,
                26.14854141
              ],
              [
                94.97534047,
                26.14854141
              ]
            ]
          ]
        ]
      },
      "geometry_name": "the_geom",
      "properties": {
        "Slide_No": "NL/NOK/83J16/2023/54",
        "State": "NAGALAND",
        "District": "NOKLAK",
        "Topo_No": "83J16",
        "Latitude": 26.1487,
        "Longitude": 94.9755,
        "Length_m": 27.715,
        "Width_m": 18.787,
        "Height_m": 5.96826171875,
        "Area_Sqm": 387.543,
        "Activity": "Active",
        "Geomorpho": "Structural Origin - Moderately Dissected Hills and Valleys - Valley (Smdhv-v)",
        "Lithology": "Shale, greywacke with rythmite, slate & phyllite (0598), Palaeocene-Eocene",
        "LULC": "Evergreen Open Forest",
        "Triggering": "Rainfall",
        "Year": "2023",
        "Basin": "Minor rivers draining into Myanmar Basin",
        "Sub_Basin": "Imphal and others",
        "Source": "RESOURCESAT-2, 2A, 10m CARTODEM, NGLM 50k(2011-2012), Lithology-GSI 50k(2011), SISDP-P2-LULC 10k(2018-2023) & India-WRIS"
      }
    },
    {
      "type": "Feature",
      "id": "LS_NAGALAND_2023.835",
      "geometry": {
        "type": "MultiPolygon",
        "coordinates": [
          [
            [
              [
                94.97831152,
                26.14482739
              ],
              [
                94.97831152,
                26.14516809
              ],
              [
                94.97871167,
                26.14516809
              ],
              [
                94.97871167,
                26.14482739
              ],
              [
                94.97831152,
                26.14482739
              ]
            ]
          ]
        ]
      },
      "geometry_name": "the_geom",
      "properties": {
        "Slide_No": "NL/NOK/83J16/2023/55",
        "State": "NAGALAND",
        "District": "NOKLAK",
        "Topo_No": "83J16",
        "Latitude": 26.145,
        "Longitude": 94.9785,
        "Length_m": 48.154,
        "Width_m": 22.193,
        "Height_m": 9.629822,
        "Area_Sqm": 823.972,
        "Activity": "Active",
        "Geomorpho": "Structural Origin - Moderately Dissected Hills and Valleys - Valley (Smdhv-v)",
        "Lithology": "Shale, greywacke with rythmite, slate & phyllite (0598), Palaeocene-Eocene",
        "LULC": "Evergreen Open Forest",
        "Triggering": "Rainfall",
        "Year": "2023",
        "Basin": "Minor rivers draining into Myanmar Basin",
        "Sub_Basin": "Imphal and others",
        "Source": "RESOURCESAT-2, 2A, 10m CARTODEM, NGLM 50k(2011-2012), Lithology-GSI 50k(2011), SISDP-P2-LULC 10k(2018-2023) & India-WRIS"
      }
    },
    {
      "type": "Feature",
      "id": "LS_NAGALAND_2023.836",
      "geometry": {
        "type": "MultiPolygon",
        "coordinates": [
          [
            [
              [
                94.64369193,
                26.34451299
              ],
              [
                94.64369193,
                26.34477536
              ],
              [
                94.64400188,
                26.34477536
              ],
              [
                94.64400188,
                26.34451299
              ],
              [
                94.64369193,
                26.34451299
              ]
            ]
          ]
        ]
      },
      "geometry_name": "the_geom",
      "properties": {
        "Slide_No": "NL/MK/83J11/2023/34",
        "State": "NAGALAND",
        "District": "MOKOKCHUNG",
        "Topo_No": "83J11",
        "Latitude": 26.3447,
        "Longitude": 94.6438,
        "Length_m": 41.598,
        "Width_m": 13.692,
        "Height_m": 14.7060546875,
        "Area_Sqm": 283.209,
        "Activity": "Reactivated",
        "Geomorpho": "Structural Origin - Moderately Dissected Hills and Valleys (Smdhv)",
        "Lithology": "Shale, siltstone, greywacke rhythmite & sandstone (0594), Palaeocene-Eocene",
        "LULC": "Evergreen Open Forest",
        "Triggering": "Rainfall",
        "Year": "2023",
        "Basin": "Brahmaputra Basin",
        "Sub_Basin": "Brahmaputra Upper",
        "Source": "RESOURCESAT-2, 2A, 10m CARTODEM, NGLM 50k(2011-2012), Lithology-GSI 50k(2011), SISDP-P2-LULC 10k(2018-2023) & India-WRIS"
      }
    },
    {
      "type": "Feature",
      "id": "LS_NAGALAND_2023.837",
      "geometry": {
        "type": "MultiPolygon",
        "coordinates": [
          [
            [
              [
                94.66010176,
                26.31392824
              ],
              [
                94.66010176,
                26.31468934
              ],
              [
                94.66108445,
                26.31468934
              ],
              [
                94.66108445,
                26.31392824
              ],
              [
                94.66010176,
                26.31392824
              ]
            ]
          ]
        ]
      },
      "geometry_name": "the_geom",
      "properties": {
        "Slide_No": "NL/TU/83J11/2023/35",
        "State": "NAGALAND",
        "District": "TUENSANG",
        "Topo_No": "83J11",
        "Latitude": 26.3143,
        "Longitude": 94.6606,
        "Length_m": 106.38,
        "Width_m": 61.196,
        "Height_m": 66.108765,
        "Area_Sqm": 4093.04,
        "Activity": "Reactivated",
        "Geomorpho": "Structural Origin - Highly Dissected Hills and Valleys (Shdhv)",
        "Lithology": "Flaggy sandstone with subordinate shale (Barail Group) 0541), Eocene-Oligocene",
        "LULC": "Evergreen Closed Forest",
        "Triggering": "Rainfall",
        "Year": "2023",
        "Basin": "Brahmaputra Basin",
        "Sub_Basin": "Brahmaputra Upper",
        "Source": "RESOURCESAT-2, 2A, 10m CARTODEM, NGLM 50k(2011-2012), Lithology-GSI 50k(2011), SISDP-P2-LULC 10k(2018-2023) & India-WRIS"
      }
    },
    {
      "type": "Feature",
      "id": "LS_NAGALAND_2023.838",
      "geometry": {
        "type": "MultiPolygon",
        "coordinates": [
          [
            [
              [
                94.89592589,
                26.34475049
              ],
              [
                94.89592589,
                26.34544439
              ],
              [
                94.89694275,
                26.34544439
              ],
              [
                94.89694275,
                26.34475049
              ],
              [
                94.89592589,
                26.34475049
              ]
            ]
          ]
        ]
      },
      "geometry_name": "the_geom",
      "properties": {
        "Slide_No": "NL/TU/83J15/2023/63",
        "State": "NAGALAND",
        "District": "TUENSANG",
        "Topo_No": "83J15",
        "Latitude": 26.3451,
        "Longitude": 94.8963,
        "Length_m": 107.269,
        "Width_m": 70.559,
        "Height_m": 69.283539,
        "Area_Sqm": 4352.42,
        "Activity": "Reactivated",
        "Geomorpho": "Structural Origin - Moderately Dissected Hills and Valleys (Smdhv)",
        "Lithology": "Shale, siltstone, greywacke rhythmite & sandstone (0594), Palaeocene-Eocene",
        "LULC": "Evergreen Closed Forest",
        "Triggering": "Rainfall",
        "Year": "2023",
        "Basin": "Brahmaputra Basin",
        "Sub_Basin": "Brahmaputra Upper",
        "Source": "RESOURCESAT-2, 2A, 10m CARTODEM, NGLM 50k(2011-2012), Lithology-GSI 50k(2011), SISDP-P2-LULC 10k(2018-2023) & India-WRIS"
      }
    },
    {
      "type": "Feature",
      "id": "LS_NAGALAND_2023.839",
      "geometry": {
        "type": "MultiPolygon",
        "coordinates": [
          [
            [
              [
                94.48335705,
                26.07384546
              ],
              [
                94.48335705,
                26.07398765
              ],
              [
                94.48357714,
                26.07398765
              ],
              [
                94.48357714,
                26.07384546
              ],
              [
                94.48335705,
                26.07384546
              ]
            ]
          ]
        ]
      },
      "geometry_name": "the_geom",
      "properties": {
        "Slide_No": "NL/ZU/83J8/2023/121",
        "State": "NAGALAND",
        "District": "ZUNHEBOTO",
        "Topo_No": "83J8",
        "Latitude": 26.0739,
        "Longitude": 94.4835,
        "Length_m": 21.374,
        "Width_m": 15.429,
        "Height_m": 11.0889892578,
        "Area_Sqm": 228.544,
        "Activity": "Active",
        "Geomorpho": "Structural Origin - Highly Dissected Hills and Valleys (Shdhv)",
        "Lithology": "Shale, siltstone, greywacke rhythmite & sandstone (0594), Palaeocene-Eocene",
        "LULC": "Built Up - Rural Village Settlement",
        "Triggering": "Rainfall",
        "Year": "2023",
        "Basin": "Brahmaputra Basin",
        "Sub_Basin": "Brahmaputra Upper",
        "Source": "RESOURCESAT-2, 2A, 10m CARTODEM, NGLM 50k(2011-2012), Lithology-GSI 50k(2011), SISDP-P2-LULC 10k(2018-2023) & India-WRIS"
      }
    },
    {
      "type": "Feature",
      "id": "LS_NAGALAND_2023.843",
      "geometry": {
        "type": "MultiPolygon",
        "coordinates": [
          [
            [
              [
                94.21932289,
                25.96706998
              ],
              [
                94.21932289,
                25.96734724
              ],
              [
                94.2194651,
                25.96734724
              ],
              [
                94.2194651,
                25.96706998
              ],
              [
                94.21932289,
                25.96706998
              ]
            ]
          ]
        ]
      },
      "geometry_name": "the_geom",
      "properties": {
        "Slide_No": "NL/TSE/83K1/2023/63",
        "State": "NAGALAND",
        "District": "TSEMINYU",
        "Topo_No": "83K1",
        "Latitude": 25.9672,
        "Longitude": 94.2194,
        "Length_m": 31.982,
        "Width_m": 8.812,
        "Height_m": 11.18029,
        "Area_Sqm": 122.318,
        "Activity": "Reactivated",
        "Geomorpho": "Structural Origin - Highly Dissected Hills and Valleys (Shdhv)",
        "Lithology": "Shale, siltstone, greywacke rhythmite & sandstone (0594), Palaeocene-Eocene",
        "LULC": "Evergreen Open Forest",
        "Triggering": "Rainfall",
        "Year": "2023",
        "Basin": "Brahmaputra Basin",
        "Sub_Basin": "Brahmaputra Upper",
        "Source": "RESOURCESAT-2, 2A, 10m CARTODEM, NGLM 50k(2011-2012), Lithology-GSI 50k(2011), SISDP-P2-LULC 10k(2018-2023) & India-WRIS"
      }
    },
    {
      "type": "Feature",
      "id": "LS_NAGALAND_2023.847",
      "geometry": {
        "type": "MultiPolygon",
        "coordinates": [
          [
            [
              [
                94.35580776,
                26.14535388
              ],
              [
                94.35580776,
                26.14569406
              ],
              [
                94.35601855,
                26.14569406
              ],
              [
                94.35601855,
                26.14535388
              ],
              [
                94.35580776,
                26.14535388
              ]
            ]
          ]
        ]
      },
      "geometry_name": "the_geom",
      "properties": {
        "Slide_No": "NL/WO/83J8/2023/122",
        "State": "NAGALAND",
        "District": "WOKHA",
        "Topo_No": "83J8",
        "Latitude": 26.1456,
        "Longitude": 94.3559,
        "Length_m": 37.586,
        "Width_m": 21.124,
        "Height_m": 3.417725,
        "Area_Sqm": 537.216,
        "Activity": "Active",
        "Geomorpho": "Structural Origin - Moderately Dissected Hills and Valleys (Smdhv)",
        "Lithology": "Shale, siltstone, greywacke rhythmite & sandstone (0594), Palaeocene-Eocene",
        "LULC": "Deciduous Open Forest",
        "Triggering": "Rainfall",
        "Year": "2023",
        "Basin": "Brahmaputra Basin",
        "Sub_Basin": "Brahmaputra Upper",
        "Source": "RESOURCESAT-2, 2A, 10m CARTODEM, NGLM 50k(2011-2012), Lithology-GSI 50k(2011), SISDP-P2-LULC 10k(2018-2023) & India-WRIS"
      }
    },
    {
      "type": "Feature",
      "id": "LS_NAGALAND_2023.848",
      "geometry": {
        "type": "MultiPolygon",
        "coordinates": [
          [
            [
              [
                94.38505634,
                26.1254661
              ],
              [
                94.38505634,
                26.12626509
              ],
              [
                94.38555515,
                26.12626509
              ],
              [
                94.38555515,
                26.1254661
              ],
              [
                94.38505634,
                26.1254661
              ]
            ]
          ]
        ]
      },
      "geometry_name": "the_geom",
      "properties": {
        "Slide_No": "NL/ZU/83J8/2023/123",
        "State": "NAGALAND",
        "District": "ZUNHEBOTO",
        "Topo_No": "83J8",
        "Latitude": 26.1259,
        "Longitude": 94.3853,
        "Length_m": 89.65,
        "Width_m": 48.513,
        "Height_m": 41.95105,
        "Area_Sqm": 2839.16,
        "Activity": "Reactivated",
        "Geomorpho": "Structural Origin - Moderately Dissected Hills and Valleys - Valley (Smdhv-v)",
        "Lithology": "Shale, siltstone, greywacke rhythmite & sandstone (0594), Palaeocene-Eocene",
        "LULC": "Deciduous Closed Forest",
        "Triggering": "Rainfall",
        "Year": "2023",
        "Basin": "Brahmaputra Basin",
        "Sub_Basin": "Brahmaputra Upper",
        "Source": "RESOURCESAT-2, 2A, 10m CARTODEM, NGLM 50k(2011-2012), Lithology-GSI 50k(2011), SISDP-P2-LULC 10k(2018-2023) & India-WRIS"
      }
    },
    {
      "type": "Feature",
      "id": "LS_NAGALAND_2023.849",
      "geometry": {
        "type": "MultiPolygon",
        "coordinates": [
          [
            [
              [
                94.38445065,
                26.12582586
              ],
              [
                94.38445065,
                26.12650802
              ],
              [
                94.38494802,
                26.12650802
              ],
              [
                94.38494802,
                26.12582586
              ],
              [
                94.38445065,
                26.12582586
              ]
            ]
          ]
        ]
      },
      "geometry_name": "the_geom",
      "properties": {
        "Slide_No": "NL/ZU/83J8/2023/124",
        "State": "NAGALAND",
        "District": "ZUNHEBOTO",
        "Topo_No": "83J8",
        "Latitude": 26.1262,
        "Longitude": 94.3847,
        "Length_m": 75.606,
        "Width_m": 49.57,
        "Height_m": 49.250244,
        "Area_Sqm": 2459.77,
        "Activity": "Reactivated",
        "Geomorpho": "Structural Origin - Moderately Dissected Hills and Valleys - Valley (Smdhv-v)",
        "Lithology": "Shale, siltstone, greywacke rhythmite & sandstone (0594), Palaeocene-Eocene",
        "LULC": "Deciduous Closed Forest",
        "Triggering": "Rainfall",
        "Year": "2023",
        "Basin": "Brahmaputra Basin",
        "Sub_Basin": "Brahmaputra Upper",
        "Source": "RESOURCESAT-2, 2A, 10m CARTODEM, NGLM 50k(2011-2012), Lithology-GSI 50k(2011), SISDP-P2-LULC 10k(2018-2023) & India-WRIS"
      }
    },
    {
      "type": "Feature",
      "id": "LS_NAGALAND_2023.850",
      "geometry": {
        "type": "MultiPolygon",
        "coordinates": [
          [
            [
              [
                94.17741292,
                26.22999609
              ],
              [
                94.17741292,
                26.23042084
              ],
              [
                94.17771705,
                26.23042084
              ],
              [
                94.17771705,
                26.22999609
              ],
              [
                94.17741292,
                26.22999609
              ]
            ]
          ]
        ]
      },
      "geometry_name": "the_geom",
      "properties": {
        "Slide_No": "NL/WO/83J4/2023/37",
        "State": "NAGALAND",
        "District": "WOKHA",
        "Topo_No": "83J4",
        "Latitude": 26.2302,
        "Longitude": 94.1776,
        "Length_m": 50.852,
        "Width_m": 25.462,
        "Height_m": 9.0106048584,
        "Area_Sqm": 726.337,
        "Activity": "Active",
        "Geomorpho": "Structural Origin - Low Dissected Hills and Valleys (Sldhv)",
        "Lithology": "Mottled clay, mudstone & ferruginous sandstone (Tipam Group) 0439), Miocene-Pliocene",
        "LULC": "Deciduous Open Forest",
        "Triggering": "Rainfall",
        "Year": "2023",
        "Basin": "Brahmaputra Basin",
        "Sub_Basin": "Brahmaputra Upper",
        "Source": "RESOURCESAT-2, 2A, 10m CARTODEM, NGLM 50k(2011-2012), Lithology-GSI 50k(2011), SISDP-P2-LULC 10k(2018-2023) & India-WRIS"
      }
    },
    {
      "type": "Feature",
      "id": "LS_NAGALAND_2023.851",
      "geometry": {
        "type": "MultiPolygon",
        "coordinates": [
          [
            [
              [
                94.17680497,
                26.22961509
              ],
              [
                94.17680497,
                26.22982291
              ],
              [
                94.17713759,
                26.22982291
              ],
              [
                94.17713759,
                26.22961509
              ],
              [
                94.17680497,
                26.22961509
              ]
            ]
          ]
        ]
      },
      "geometry_name": "the_geom",
      "properties": {
        "Slide_No": "NL/WO/83J4/2023/38",
        "State": "NAGALAND",
        "District": "WOKHA",
        "Topo_No": "83J4",
        "Latitude": 26.2297,
        "Longitude": 94.177,
        "Length_m": 31.452,
        "Width_m": 19.277,
        "Height_m": 7.31913757324,
        "Area_Sqm": 436.292,
        "Activity": "Active",
        "Geomorpho": "Structural Origin - Low Dissected Hills and Valleys (Sldhv)",
        "Lithology": "Mottled clay, mudstone & ferruginous sandstone (Tipam Group) 0439), Miocene-Pliocene",
        "LULC": "Deciduous Open Forest",
        "Triggering": "Rainfall",
        "Year": "2023",
        "Basin": "Brahmaputra Basin",
        "Sub_Basin": "Brahmaputra Upper",
        "Source": "RESOURCESAT-2, 2A, 10m CARTODEM, NGLM 50k(2011-2012), Lithology-GSI 50k(2011), SISDP-P2-LULC 10k(2018-2023) & India-WRIS"
      }
    },
    {
      "type": "Feature",
      "id": "LS_NAGALAND_2023.854",
      "geometry": {
        "type": "MultiPolygon",
        "coordinates": [
          [
            [
              [
                94.29077485,
                25.9332726
              ],
              [
                94.29077485,
                25.93342255
              ],
              [
                94.29089084,
                25.93342255
              ],
              [
                94.29089084,
                25.9332726
              ],
              [
                94.29077485,
                25.9332726
              ]
            ]
          ]
        ]
      },
      "geometry_name": "the_geom",
      "properties": {
        "Slide_No": "NL/TSE/83K5/2023/149",
        "State": "NAGALAND",
        "District": "TSEMINYU",
        "Topo_No": "83K5",
        "Latitude": 25.9333,
        "Longitude": 94.2908,
        "Length_m": 16.641,
        "Width_m": 11.543,
        "Height_m": 12.9140625,
        "Area_Sqm": 157.916,
        "Activity": "Active",
        "Geomorpho": "Structural Origin - Moderately Dissected Hills and Valleys - Valley (Smdhv-v)",
        "Lithology": "Shale, greywacke with rythmite, slate & phyllite (0598), Palaeocene-Eocene",
        "LULC": "Semi- Evergreen Open Forest",
        "Triggering": "Rainfall",
        "Year": "2023",
        "Basin": "Brahmaputra Basin",
        "Sub_Basin": "Brahmaputra Upper",
        "Source": "RESOURCESAT-2, 2A, 10m CARTODEM, NGLM 50k(2011-2012), Lithology-GSI 50k(2011), SISDP-P2-LULC 10k(2018-2023) & India-WRIS"
      }
    },
    {
      "type": "Feature",
      "id": "LS_NAGALAND_2023.855",
      "geometry": {
        "type": "MultiPolygon",
        "coordinates": [
          [
            [
              [
                94.38254995,
                26.07296106
              ],
              [
                94.38254995,
                26.07333375
              ],
              [
                94.38277468,
                26.07333375
              ],
              [
                94.38277468,
                26.07296106
              ],
              [
                94.38254995,
                26.07296106
              ]
            ]
          ]
        ]
      },
      "geometry_name": "the_geom",
      "properties": {
        "Slide_No": "NL/WO/83J8/2023/125",
        "State": "NAGALAND",
        "District": "WOKHA",
        "Topo_No": "83J8",
        "Latitude": 26.0731,
        "Longitude": 94.3827,
        "Length_m": 41.234,
        "Width_m": 22.461,
        "Height_m": 36.5203857422,
        "Area_Sqm": 767.107,
        "Activity": "Active",
        "Geomorpho": "Structural Origin - Moderately Dissected Hills and Valleys - Valley (Smdhv-v)",
        "Lithology": "Shale, greywacke with rythmite, slate & phyllite (0598), Palaeocene-Eocene",
        "LULC": "Deciduous Closed Forest",
        "Triggering": "Rainfall",
        "Year": "2023",
        "Basin": "Brahmaputra Basin",
        "Sub_Basin": "Brahmaputra Upper",
        "Source": "RESOURCESAT-2, 2A, 10m CARTODEM, NGLM 50k(2011-2012), Lithology-GSI 50k(2011), SISDP-P2-LULC 10k(2018-2023) & India-WRIS"
      }
    },
    {
      "type": "Feature",
      "id": "LS_NAGALAND_2023.856",
      "geometry": {
        "type": "MultiPolygon",
        "coordinates": [
          [
            [
              [
                94.38285448,
                26.09180555
              ],
              [
                94.38285448,
                26.09198281
              ],
              [
                94.38312079,
                26.09198281
              ],
              [
                94.38312079,
                26.09180555
              ],
              [
                94.38285448,
                26.09180555
              ]
            ]
          ]
        ]
      },
      "geometry_name": "the_geom",
      "properties": {
        "Slide_No": "NL/WO/83J8/2023/126",
        "State": "NAGALAND",
        "District": "WOKHA",
        "Topo_No": "83J8",
        "Latitude": 26.0919,
        "Longitude": 94.383,
        "Length_m": 26.91,
        "Width_m": 19.001,
        "Height_m": 6.88375854492,
        "Area_Sqm": 404.715,
        "Activity": "Active",
        "Geomorpho": "Structural Origin - Moderately Dissected Hills and Valleys - Valley (Smdhv-v)",
        "Lithology": "Shale, greywacke with rythmite, slate & phyllite (0598), Palaeocene-Eocene",
        "LULC": "Deciduous Closed Forest",
        "Triggering": "Rainfall",
        "Year": "2023",
        "Basin": "Brahmaputra Basin",
        "Sub_Basin": "Brahmaputra Upper",
        "Source": "RESOURCESAT-2, 2A, 10m CARTODEM, NGLM 50k(2011-2012), Lithology-GSI 50k(2011), SISDP-P2-LULC 10k(2018-2023) & India-WRIS"
      }
    },
    {
      "type": "Feature",
      "id": "LS_NAGALAND_2023.857",
      "geometry": {
        "type": "MultiPolygon",
        "coordinates": [
          [
            [
              [
                94.35742504,
                26.01513898
              ],
              [
                94.35742504,
                26.01535697
              ],
              [
                94.35761395,
                26.01535697
              ],
              [
                94.35761395,
                26.01513898
              ],
              [
                94.35742504,
                26.01513898
              ]
            ]
          ]
        ]
      },
      "geometry_name": "the_geom",
      "properties": {
        "Slide_No": "NL/WO/83J8/2023/127",
        "State": "NAGALAND",
        "District": "WOKHA",
        "Topo_No": "83J8",
        "Latitude": 26.0153,
        "Longitude": 94.3575,
        "Length_m": 23.266,
        "Width_m": 17.538,
        "Height_m": 9.97610473633,
        "Area_Sqm": 276.745,
        "Activity": "Reactivated",
        "Geomorpho": "Structural Origin - Moderately Dissected Hills and Valleys - Valley (Smdhv-v)",
        "Lithology": "Shale, greywacke with rythmite, slate & phyllite (0598), Palaeocene-Eocene",
        "LULC": "Deciduous Closed Forest",
        "Triggering": "Rainfall",
        "Year": "2023",
        "Basin": "Brahmaputra Basin",
        "Sub_Basin": "Brahmaputra Upper",
        "Source": "RESOURCESAT-2, 2A, 10m CARTODEM, NGLM 50k(2011-2012), Lithology-GSI 50k(2011), SISDP-P2-LULC 10k(2018-2023) & India-WRIS"
      }
    },
    {
      "type": "Feature",
      "id": "LS_NAGALAND_2023.858",
      "geometry": {
        "type": "MultiPolygon",
        "coordinates": [
          [
            [
              [
                94.35782755,
                26.0154445
              ],
              [
                94.35782755,
                26.01588892
              ],
              [
                94.35814131,
                26.01588892
              ],
              [
                94.35814131,
                26.0154445
              ],
              [
                94.35782755,
                26.0154445
              ]
            ]
          ]
        ]
      },
      "geometry_name": "the_geom",
      "properties": {
        "Slide_No": "NL/WO/83J8/2023/128",
        "State": "NAGALAND",
        "District": "WOKHA",
        "Topo_No": "83J8",
        "Latitude": 26.0157,
        "Longitude": 94.358,
        "Length_m": 50.758,
        "Width_m": 25.055,
        "Height_m": 18.149078,
        "Area_Sqm": 709.058,
        "Activity": "Active",
        "Geomorpho": "Structural Origin - Moderately Dissected Hills and Valleys - Valley (Smdhv-v)",
        "Lithology": "Shale, greywacke with rythmite, slate & phyllite (0598), Palaeocene-Eocene",
        "LULC": "Deciduous Closed Forest",
        "Triggering": "Rainfall",
        "Year": "2023",
        "Basin": "Brahmaputra Basin",
        "Sub_Basin": "Brahmaputra Upper",
        "Source": "RESOURCESAT-2, 2A, 10m CARTODEM, NGLM 50k(2011-2012), Lithology-GSI 50k(2011), SISDP-P2-LULC 10k(2018-2023) & India-WRIS"
      }
    },
    {
      "type": "Feature",
      "id": "LS_NAGALAND_2023.859",
      "geometry": {
        "type": "MultiPolygon",
        "coordinates": [
          [
            [
              [
                94.47549097,
                26.07445141
              ],
              [
                94.47549097,
                26.07461815
              ],
              [
                94.47559801,
                26.07461815
              ],
              [
                94.47559801,
                26.07445141
              ],
              [
                94.47549097,
                26.07445141
              ]
            ]
          ]
        ]
      },
      "geometry_name": "the_geom",
      "properties": {
        "Slide_No": "NL/ZU/83J8/2023/129",
        "State": "NAGALAND",
        "District": "ZUNHEBOTO",
        "Topo_No": "83J8",
        "Latitude": 26.0745,
        "Longitude": 94.4755,
        "Length_m": 19.244,
        "Width_m": 9.517,
        "Height_m": 4.672669,
        "Area_Sqm": 130.97,
        "Activity": "Active",
        "Geomorpho": "Structural Origin - Highly Dissected Hills and Valleys (Shdhv)",
        "Lithology": "Shale, siltstone, greywacke rhythmite & sandstone (0594), Palaeocene-Eocene",
        "LULC": "Evergreen Open Forest",
        "Triggering": "Rainfall",
        "Year": "2023",
        "Basin": "Brahmaputra Basin",
        "Sub_Basin": "Brahmaputra Upper",
        "Source": "RESOURCESAT-2, 2A, 10m CARTODEM, NGLM 50k(2011-2012), Lithology-GSI 50k(2011), SISDP-P2-LULC 10k(2018-2023) & India-WRIS"
      }
    },
    {
      "type": "Feature",
      "id": "LS_NAGALAND_2023.860",
      "geometry": {
        "type": "MultiPolygon",
        "coordinates": [
          [
            [
              [
                94.47566606,
                26.07460491
              ],
              [
                94.47566606,
                26.07477607
              ],
              [
                94.47579995,
                26.07477607
              ],
              [
                94.47579995,
                26.07460491
              ],
              [
                94.47566606,
                26.07460491
              ]
            ]
          ]
        ]
      },
      "geometry_name": "the_geom",
      "properties": {
        "Slide_No": "NL/ZU/83J8/2023/130",
        "State": "NAGALAND",
        "District": "ZUNHEBOTO",
        "Topo_No": "83J8",
        "Latitude": 26.0747,
        "Longitude": 94.4757,
        "Length_m": 18.968,
        "Width_m": 13.314,
        "Height_m": 5.232178,
        "Area_Sqm": 198.338,
        "Activity": "Active",
        "Geomorpho": "Structural Origin - Highly Dissected Hills and Valleys (Shdhv)",
        "Lithology": "Shale, siltstone, greywacke rhythmite & sandstone (0594), Palaeocene-Eocene",
        "LULC": "Evergreen Open Forest",
        "Triggering": "Rainfall",
        "Year": "2023",
        "Basin": "Brahmaputra Basin",
        "Sub_Basin": "Brahmaputra Upper",
        "Source": "RESOURCESAT-2, 2A, 10m CARTODEM, NGLM 50k(2011-2012), Lithology-GSI 50k(2011), SISDP-P2-LULC 10k(2018-2023) & India-WRIS"
      }
    },
    {
      "type": "Feature",
      "id": "LS_NAGALAND_2023.863",
      "geometry": {
        "type": "MultiPolygon",
        "coordinates": [
          [
            [
              [
                94.7812423,
                26.50964306
              ],
              [
                94.7812423,
                26.5098279
              ],
              [
                94.7814005,
                26.5098279
              ],
              [
                94.7814005,
                26.50964306
              ],
              [
                94.7812423,
                26.50964306
              ]
            ]
          ]
        ]
      },
      "geometry_name": "the_geom",
      "properties": {
        "Slide_No": "NL/LL/83J14/2023/45",
        "State": "NAGALAND",
        "District": "LONGLENG",
        "Topo_No": "83J14",
        "Latitude": 26.5097,
        "Longitude": 94.7813,
        "Length_m": 20.275,
        "Width_m": 15.81,
        "Height_m": 3.17761230469,
        "Area_Sqm": 263.11,
        "Activity": "Active",
        "Geomorpho": "Structural Origin - Highly Dissected Hills and Valleys (Shdhv)",
        "Lithology": "Flaggy sandstone with subordinate shale (Barail Group) 0541), Eocene-Oligocene",
        "LULC": "Evergreen Open Forest",
        "Triggering": "Rainfall",
        "Year": "2023",
        "Basin": "Brahmaputra Basin",
        "Sub_Basin": "Brahmaputra Upper",
        "Source": "RESOURCESAT-2, 2A, 10m CARTODEM, NGLM 50k(2011-2012), Lithology-GSI 50k(2011), SISDP-P2-LULC 10k(2018-2023) & India-WRIS"
      }
    },
    {
      "type": "Feature",
      "id": "LS_NAGALAND_2023.864",
      "geometry": {
        "type": "MultiPolygon",
        "coordinates": [
          [
            [
              [
                94.78124084,
                26.50989717
              ],
              [
                94.78124084,
                26.51088491
              ],
              [
                94.78197532,
                26.51088491
              ],
              [
                94.78197532,
                26.50989717
              ],
              [
                94.78124084,
                26.50989717
              ]
            ]
          ]
        ]
      },
      "geometry_name": "the_geom",
      "properties": {
        "Slide_No": "NL/LL/83J14/2023/46",
        "State": "NAGALAND",
        "District": "LONGLENG",
        "Topo_No": "83J14",
        "Latitude": 26.5104,
        "Longitude": 94.7817,
        "Length_m": 126.618,
        "Width_m": 33.466,
        "Height_m": 54.6745605469,
        "Area_Sqm": 1914.36,
        "Activity": "Active",
        "Geomorpho": "Structural Origin - Highly Dissected Hills and Valleys (Shdhv)",
        "Lithology": "Flaggy sandstone with subordinate shale (Barail Group) 0541), Eocene-Oligocene",
        "LULC": "Evergreen Open Forest",
        "Triggering": "Rainfall",
        "Year": "2023",
        "Basin": "Brahmaputra Basin",
        "Sub_Basin": "Brahmaputra Upper",
        "Source": "RESOURCESAT-2, 2A, 10m CARTODEM, NGLM 50k(2011-2012), Lithology-GSI 50k(2011), SISDP-P2-LULC 10k(2018-2023) & India-WRIS"
      }
    },
    {
      "type": "Feature",
      "id": "LS_NAGALAND_2023.865",
      "geometry": {
        "type": "MultiPolygon",
        "coordinates": [
          [
            [
              [
                94.78229188,
                26.51077503
              ],
              [
                94.78229188,
                26.51113939
              ],
              [
                94.78253907,
                26.51113939
              ],
              [
                94.78253907,
                26.51077503
              ],
              [
                94.78229188,
                26.51077503
              ]
            ]
          ]
        ]
      },
      "geometry_name": "the_geom",
      "properties": {
        "Slide_No": "NL/LL/83J14/2023/47",
        "State": "NAGALAND",
        "District": "LONGLENG",
        "Topo_No": "83J14",
        "Latitude": 26.511,
        "Longitude": 94.7824,
        "Length_m": 40.545,
        "Width_m": 21.654,
        "Height_m": 7.91235351562,
        "Area_Sqm": 744.239,
        "Activity": "Active",
        "Geomorpho": "Structural Origin - Highly Dissected Hills and Valleys (Shdhv)",
        "Lithology": "Flaggy sandstone with subordinate shale (Barail Group) 0541), Eocene-Oligocene",
        "LULC": "Evergreen Open Forest",
        "Triggering": "Rainfall",
        "Year": "2023",
        "Basin": "Brahmaputra Basin",
        "Sub_Basin": "Brahmaputra Upper",
        "Source": "RESOURCESAT-2, 2A, 10m CARTODEM, NGLM 50k(2011-2012), Lithology-GSI 50k(2011), SISDP-P2-LULC 10k(2018-2023) & India-WRIS"
      }
    },
    {
      "type": "Feature",
      "id": "LS_NAGALAND_2023.866",
      "geometry": {
        "type": "MultiPolygon",
        "coordinates": [
          [
            [
              [
                94.78212822,
                26.51051588
              ],
              [
                94.78212822,
                26.51078486
              ],
              [
                94.7822943,
                26.51078486
              ],
              [
                94.7822943,
                26.51051588
              ],
              [
                94.78212822,
                26.51051588
              ]
            ]
          ]
        ]
      },
      "geometry_name": "the_geom",
      "properties": {
        "Slide_No": "NL/LL/83J14/2023/48",
        "State": "NAGALAND",
        "District": "LONGLENG",
        "Topo_No": "83J14",
        "Latitude": 26.5107,
        "Longitude": 94.7822,
        "Length_m": 30.328,
        "Width_m": 15.507,
        "Height_m": 17.8204956055,
        "Area_Sqm": 380.215,
        "Activity": "Active",
        "Geomorpho": "Structural Origin - Highly Dissected Hills and Valleys (Shdhv)",
        "Lithology": "Flaggy sandstone with subordinate shale (Barail Group) 0541), Eocene-Oligocene",
        "LULC": "Evergreen Open Forest",
        "Triggering": "Rainfall",
        "Year": "2023",
        "Basin": "Brahmaputra Basin",
        "Sub_Basin": "Brahmaputra Upper",
        "Source": "RESOURCESAT-2, 2A, 10m CARTODEM, NGLM 50k(2011-2012), Lithology-GSI 50k(2011), SISDP-P2-LULC 10k(2018-2023) & India-WRIS"
      }
    },
    {
      "type": "Feature",
      "id": "LS_NAGALAND_2023.867",
      "geometry": {
        "type": "MultiPolygon",
        "coordinates": [
          [
            [
              [
                94.2596693,
                26.31408154
              ],
              [
                94.2596693,
                26.31434059
              ],
              [
                94.25992177,
                26.31434059
              ],
              [
                94.25992177,
                26.31408154
              ],
              [
                94.2596693,
                26.31408154
              ]
            ]
          ]
        ]
      },
      "geometry_name": "the_geom",
      "properties": {
        "Slide_No": "NL/WO/83J7/2023/9",
        "State": "NAGALAND",
        "District": "WOKHA",
        "Topo_No": "83J7",
        "Latitude": 26.3142,
        "Longitude": 94.2598,
        "Length_m": 25.335,
        "Width_m": 24.86,
        "Height_m": 14.1471557617,
        "Area_Sqm": 502.432,
        "Activity": "Active",
        "Geomorpho": "Structural Origin - Highly Dissected Hills and Valleys - Ridge (Shdhv-r)",
        "Lithology": "Sandstone with coal (Barail Group) 0525), Eocene-Oligocene",
        "LULC": "Deciduous Open Forest",
        "Triggering": "Rainfall",
        "Year": "2023",
        "Basin": "Brahmaputra Basin",
        "Sub_Basin": "Brahmaputra Upper",
        "Source": "RESOURCESAT-2, 2A, 10m CARTODEM, NGLM 50k(2011-2012), Lithology-GSI 50k(2011), SISDP-P2-LULC 10k(2018-2023) & India-WRIS"
      }
    },
    {
      "type": "Feature",
      "id": "LS_NAGALAND_2023.870",
      "geometry": {
        "type": "MultiPolygon",
        "coordinates": [
          [
            [
              [
                94.38697031,
                26.05474229
              ],
              [
                94.38697031,
                26.05500383
              ],
              [
                94.38740126,
                26.05500383
              ],
              [
                94.38740126,
                26.05474229
              ],
              [
                94.38697031,
                26.05474229
              ]
            ]
          ]
        ]
      },
      "geometry_name": "the_geom",
      "properties": {
        "Slide_No": "NL/ZU/83J8/2023/131",
        "State": "NAGALAND",
        "District": "ZUNHEBOTO",
        "Topo_No": "83J8",
        "Latitude": 26.0549,
        "Longitude": 94.3872,
        "Length_m": 44.143,
        "Width_m": 27.141,
        "Height_m": 15.6428833008,
        "Area_Sqm": 860.361,
        "Activity": "Active",
        "Geomorpho": "Structural Origin - Moderately Dissected Hills and Valleys (Smdhv)",
        "Lithology": "Shale, siltstone, greywacke rhythmite & sandstone (0594), Palaeocene-Eocene",
        "LULC": "Evergreen Closed Forest",
        "Triggering": "Rainfall",
        "Year": "2023",
        "Basin": "Brahmaputra Basin",
        "Sub_Basin": "Brahmaputra Upper",
        "Source": "RESOURCESAT-2, 2A, 10m CARTODEM, NGLM 50k(2011-2012), Lithology-GSI 50k(2011), SISDP-P2-LULC 10k(2018-2023) & India-WRIS"
      }
    },
    {
      "type": "Feature",
      "id": "LS_NAGALAND_2023.871",
      "geometry": {
        "type": "MultiPolygon",
        "coordinates": [
          [
            [
              [
                94.89143394,
                26.42207953
              ],
              [
                94.89143394,
                26.4224754
              ],
              [
                94.89192747,
                26.4224754
              ],
              [
                94.89192747,
                26.42207953
              ],
              [
                94.89143394,
                26.42207953
              ]
            ]
          ]
        ]
      },
      "geometry_name": "the_geom",
      "properties": {
        "Slide_No": "NL/LL/83J15/2023/64",
        "State": "NAGALAND",
        "District": "LONGLENG",
        "Topo_No": "83J15",
        "Latitude": 26.4223,
        "Longitude": 94.8917,
        "Length_m": 46.486,
        "Width_m": 45.418,
        "Height_m": 38.530090332,
        "Area_Sqm": 1631.79,
        "Activity": "Active",
        "Geomorpho": "Structural Origin - Moderately Dissected Hills and Valleys (Smdhv)",
        "Lithology": "Shale, siltstone, greywacke rhythmite & sandstone (0594), Palaeocene-Eocene",
        "LULC": "Evergreen Open Forest",
        "Triggering": "Rainfall",
        "Year": "2023",
        "Basin": "Brahmaputra Basin",
        "Sub_Basin": "Brahmaputra Upper",
        "Source": "RESOURCESAT-2, 2A, 10m CARTODEM, NGLM 50k(2011-2012), Lithology-GSI 50k(2011), SISDP-P2-LULC 10k(2018-2023) & India-WRIS"
      }
    },
    {
      "type": "Feature",
      "id": "LS_NAGALAND_2023.872",
      "geometry": {
        "type": "MultiPolygon",
        "coordinates": [
          [
            [
              [
                94.35028412,
                25.94049586
              ],
              [
                94.35028412,
                25.94064474
              ],
              [
                94.35040411,
                25.94064474
              ],
              [
                94.35040411,
                25.94049586
              ],
              [
                94.35028412,
                25.94049586
              ]
            ]
          ]
        ]
      },
      "geometry_name": "the_geom",
      "properties": {
        "Slide_No": "NL/ZU/83K5/2023/152",
        "State": "NAGALAND",
        "District": "ZUNHEBOTO",
        "Topo_No": "83K5",
        "Latitude": 25.9406,
        "Longitude": 94.3503,
        "Length_m": 16.548,
        "Width_m": 11.757,
        "Height_m": 5.93334960938,
        "Area_Sqm": 158.374,
        "Activity": "Active",
        "Geomorpho": "Structural Origin - Moderately Dissected Hills and Valleys - Valley (Smdhv-v)",
        "Lithology": "Shale, greywacke with rythmite, slate & phyllite (0598), Palaeocene-Eocene",
        "LULC": "Evergreen Open Forest",
        "Triggering": "Rainfall",
        "Year": "2023",
        "Basin": "Brahmaputra Basin",
        "Sub_Basin": "Brahmaputra Upper",
        "Source": "RESOURCESAT-2, 2A, 10m CARTODEM, NGLM 50k(2011-2012), Lithology-GSI 50k(2011), SISDP-P2-LULC 10k(2018-2023) & India-WRIS"
      }
    },
    {
      "type": "Feature",
      "id": "LS_NAGALAND_2023.880",
      "geometry": {
        "type": "MultiPolygon",
        "coordinates": [
          [
            [
              [
                94.95827777,
                26.21834553
              ],
              [
                94.95827777,
                26.21862738
              ],
              [
                94.95868684,
                26.21862738
              ],
              [
                94.95868684,
                26.21834553
              ],
              [
                94.95827777,
                26.21834553
              ]
            ]
          ]
        ]
      },
      "geometry_name": "the_geom",
      "properties": {
        "Slide_No": "NL/NOK/83J16/2023/56",
        "State": "NAGALAND",
        "District": "NOKLAK",
        "Topo_No": "83J16",
        "Latitude": 26.2185,
        "Longitude": 94.9584,
        "Length_m": 38.363,
        "Width_m": 30.387,
        "Height_m": 32.7214355469,
        "Area_Sqm": 717.68,
        "Activity": "Active",
        "Geomorpho": "Structural Origin - Moderately Dissected Hills and Valleys (Smdhv)",
        "Lithology": "Flaggy sandstone with subordinate shale (Barail Group) 0541), Eocene-Oligocene",
        "LULC": "Wasteland - Sparse Scrub Land",
        "Triggering": "Rainfall",
        "Year": "2023",
        "Basin": "Minor rivers draining into Myanmar Basin",
        "Sub_Basin": "Imphal and others",
        "Source": "RESOURCESAT-2, 2A, 10m CARTODEM, NGLM 50k(2011-2012), Lithology-GSI 50k(2011), SISDP-P2-LULC 10k(2018-2023) & India-WRIS"
      }
    },
    {
      "type": "Feature",
      "id": "LS_NAGALAND_2023.892",
      "geometry": {
        "type": "MultiPolygon",
        "coordinates": [
          [
            [
              [
                94.43750963,
                26.08950469
              ],
              [
                94.43750963,
                26.08995262
              ],
              [
                94.43771889,
                26.08995262
              ],
              [
                94.43771889,
                26.08950469
              ],
              [
                94.43750963,
                26.08950469
              ]
            ]
          ]
        ]
      },
      "geometry_name": "the_geom",
      "properties": {
        "Slide_No": "NL/ZU/83J8/2023/132",
        "State": "NAGALAND",
        "District": "ZUNHEBOTO",
        "Topo_No": "83J8",
        "Latitude": 26.0898,
        "Longitude": 94.4376,
        "Length_m": 50.735,
        "Width_m": 15.049,
        "Height_m": 22.0848999023,
        "Area_Sqm": 494.986,
        "Activity": "Active",
        "Geomorpho": "Structural Origin - Moderately Dissected Hills and Valleys (Smdhv)",
        "Lithology": "Shale, siltstone, greywacke rhythmite & sandstone (0594), Palaeocene-Eocene",
        "LULC": "Evergreen Open Forest",
        "Triggering": "Rainfall",
        "Year": "2023",
        "Basin": "Brahmaputra Basin",
        "Sub_Basin": "Brahmaputra Upper",
        "Source": "RESOURCESAT-2, 2A, 10m CARTODEM, NGLM 50k(2011-2012), Lithology-GSI 50k(2011), SISDP-P2-LULC 10k(2018-2023) & India-WRIS"
      }
    },
    {
      "type": "Feature",
      "id": "LS_NAGALAND_2023.893",
      "geometry": {
        "type": "MultiPolygon",
        "coordinates": [
          [
            [
              [
                94.31862783,
                25.96743595
              ],
              [
                94.31862783,
                25.96767052
              ],
              [
                94.31877527,
                25.96767052
              ],
              [
                94.31877527,
                25.96743595
              ],
              [
                94.31862783,
                25.96743595
              ]
            ]
          ]
        ]
      },
      "geometry_name": "the_geom",
      "properties": {
        "Slide_No": "NL/ZU/83K5/2023/159",
        "State": "NAGALAND",
        "District": "ZUNHEBOTO",
        "Topo_No": "83K5",
        "Latitude": 25.9676,
        "Longitude": 94.3187,
        "Length_m": 26.085,
        "Width_m": 14.156,
        "Height_m": 15.1311645508,
        "Area_Sqm": 283.406,
        "Activity": "Active",
        "Geomorpho": "Structural Origin - Moderately Dissected Hills and Valleys (Smdhv)",
        "Lithology": "Shale, greywacke with rythmite, slate & phyllite (0598), Palaeocene-Eocene",
        "LULC": "Others - Shifting Cultivation",
        "Triggering": "Rainfall",
        "Year": "2023",
        "Basin": "Brahmaputra Basin",
        "Sub_Basin": "Brahmaputra Upper",
        "Source": "RESOURCESAT-2, 2A, 10m CARTODEM, NGLM 50k(2011-2012), Lithology-GSI 50k(2011), SISDP-P2-LULC 10k(2018-2023) & India-WRIS"
      }
    },
    {
      "type": "Feature",
      "id": "LS_NAGALAND_2023.894",
      "geometry": {
        "type": "MultiPolygon",
        "coordinates": [
          [
            [
              [
                94.31398079,
                25.96755019
              ],
              [
                94.31398079,
                25.96778852
              ],
              [
                94.31417583,
                25.96778852
              ],
              [
                94.31417583,
                25.96755019
              ],
              [
                94.31398079,
                25.96755019
              ]
            ]
          ]
        ]
      },
      "geometry_name": "the_geom",
      "properties": {
        "Slide_No": "NL/ZU/83K5/2023/160",
        "State": "NAGALAND",
        "District": "ZUNHEBOTO",
        "Topo_No": "83K5",
        "Latitude": 25.9677,
        "Longitude": 94.3141,
        "Length_m": 29.065,
        "Width_m": 12.492,
        "Height_m": 13.537964,
        "Area_Sqm": 299.074,
        "Activity": "Active",
        "Geomorpho": "Structural Origin - Moderately Dissected Hills and Valleys - Valley (Smdhv-v)",
        "Lithology": "Shale, greywacke with rythmite, slate & phyllite (0598), Palaeocene-Eocene",
        "LULC": "Semi- Evergreen Open Forest",
        "Triggering": "Rainfall",
        "Year": "2023",
        "Basin": "Brahmaputra Basin",
        "Sub_Basin": "Brahmaputra Upper",
        "Source": "RESOURCESAT-2, 2A, 10m CARTODEM, NGLM 50k(2011-2012), Lithology-GSI 50k(2011), SISDP-P2-LULC 10k(2018-2023) & India-WRIS"
      }
    },
    {
      "type": "Feature",
      "id": "LS_NAGALAND_2023.895",
      "geometry": {
        "type": "MultiPolygon",
        "coordinates": [
          [
            [
              [
                94.32643405,
                25.97017288
              ],
              [
                94.32643405,
                25.9703477
              ],
              [
                94.32657501,
                25.9703477
              ],
              [
                94.32657501,
                25.97017288
              ],
              [
                94.32643405,
                25.97017288
              ]
            ]
          ]
        ]
      },
      "geometry_name": "the_geom",
      "properties": {
        "Slide_No": "NL/ZU/83K5/2023/161",
        "State": "NAGALAND",
        "District": "ZUNHEBOTO",
        "Topo_No": "83K5",
        "Latitude": 25.9703,
        "Longitude": 94.3265,
        "Length_m": 19.139,
        "Width_m": 14.194,
        "Height_m": 14.9974365234,
        "Area_Sqm": 209.836,
        "Activity": "Active",
        "Geomorpho": "Structural Origin - Moderately Dissected Hills and Valleys - Valley (Smdhv-v)",
        "Lithology": "Shale, greywacke with rythmite, slate & phyllite (0598), Palaeocene-Eocene",
        "LULC": "Semi- Evergreen Open Forest",
        "Triggering": "Rainfall",
        "Year": "2023",
        "Basin": "Brahmaputra Basin",
        "Sub_Basin": "Brahmaputra Upper",
        "Source": "RESOURCESAT-2, 2A, 10m CARTODEM, NGLM 50k(2011-2012), Lithology-GSI 50k(2011), SISDP-P2-LULC 10k(2018-2023) & India-WRIS"
      }
    },
    {
      "type": "Feature",
      "id": "LS_NAGALAND_2023.896",
      "geometry": {
        "type": "MultiPolygon",
        "coordinates": [
          [
            [
              [
                94.32469623,
                25.97134168
              ],
              [
                94.32469623,
                25.97150426
              ],
              [
                94.32483381,
                25.97150426
              ],
              [
                94.32483381,
                25.97134168
              ],
              [
                94.32469623,
                25.97134168
              ]
            ]
          ]
        ]
      },
      "geometry_name": "the_geom",
      "properties": {
        "Slide_No": "NL/ZU/83K5/2023/162",
        "State": "NAGALAND",
        "District": "ZUNHEBOTO",
        "Topo_No": "83K5",
        "Latitude": 25.9714,
        "Longitude": 94.3248,
        "Length_m": 17.526,
        "Width_m": 13.829,
        "Height_m": 13.2429199219,
        "Area_Sqm": 198.034,
        "Activity": "Active",
        "Geomorpho": "Structural Origin - Moderately Dissected Hills and Valleys - Valley (Smdhv-v)",
        "Lithology": "Shale, greywacke with rythmite, slate & phyllite (0598), Palaeocene-Eocene",
        "LULC": "Semi- Evergreen Open Forest",
        "Triggering": "Rainfall",
        "Year": "2023",
        "Basin": "Brahmaputra Basin",
        "Sub_Basin": "Brahmaputra Upper",
        "Source": "RESOURCESAT-2, 2A, 10m CARTODEM, NGLM 50k(2011-2012), Lithology-GSI 50k(2011), SISDP-P2-LULC 10k(2018-2023) & India-WRIS"
      }
    },
    {
      "type": "Feature",
      "id": "LS_NAGALAND_2023.897",
      "geometry": {
        "type": "MultiPolygon",
        "coordinates": [
          [
            [
              [
                94.28638676,
                25.96993901
              ],
              [
                94.28638676,
                25.97008047
              ],
              [
                94.28651779,
                25.97008047
              ],
              [
                94.28651779,
                25.96993901
              ],
              [
                94.28638676,
                25.96993901
              ]
            ]
          ]
        ]
      },
      "geometry_name": "the_geom",
      "properties": {
        "Slide_No": "NL/TSE/83K5/2023/163",
        "State": "NAGALAND",
        "District": "TSEMINYU",
        "Topo_No": "83K5",
        "Latitude": 25.97,
        "Longitude": 94.2865,
        "Length_m": 14.616,
        "Width_m": 13.674,
        "Height_m": 3.639343,
        "Area_Sqm": 161.803,
        "Activity": "Active",
        "Geomorpho": "Structural Origin - Highly Dissected Hills and Valleys (Shdhv)",
        "Lithology": "Shale, siltstone, greywacke rhythmite & sandstone (0594), Palaeocene-Eocene",
        "LULC": "Semi- Evergreen Open Forest",
        "Triggering": "Rainfall",
        "Year": "2023",
        "Basin": "Brahmaputra Basin",
        "Sub_Basin": "Brahmaputra Upper",
        "Source": "RESOURCESAT-2, 2A, 10m CARTODEM, NGLM 50k(2011-2012), Lithology-GSI 50k(2011), SISDP-P2-LULC 10k(2018-2023) & India-WRIS"
      }
    },
    {
      "type": "Feature",
      "id": "LS_NAGALAND_2023.901",
      "geometry": {
        "type": "MultiPolygon",
        "coordinates": [
          [
            [
              [
                94.45024635,
                25.98233249
              ],
              [
                94.45024635,
                25.9835035
              ],
              [
                94.45128373,
                25.9835035
              ],
              [
                94.45128373,
                25.98233249
              ],
              [
                94.45024635,
                25.98233249
              ]
            ]
          ]
        ]
      },
      "geometry_name": "the_geom",
      "properties": {
        "Slide_No": "NL/ZU/83K5/2023/166",
        "State": "NAGALAND",
        "District": "ZUNHEBOTO",
        "Topo_No": "83K5",
        "Latitude": 25.9829,
        "Longitude": 94.4507,
        "Length_m": 161.358,
        "Width_m": 40.809,
        "Height_m": 128.097229,
        "Area_Sqm": 3882.98,
        "Activity": "Reactivated",
        "Geomorpho": "Structural Origin - Highly Dissected Hills and Valleys (Shdhv)",
        "Lithology": "Shale, siltstone, greywacke rhythmite & sandstone (0594), Palaeocene-Eocene",
        "LULC": "Evergreen Open Forest",
        "Triggering": "Rainfall",
        "Year": "2023",
        "Basin": "Brahmaputra Basin",
        "Sub_Basin": "Brahmaputra Upper",
        "Source": "RESOURCESAT-2, 2A, 10m CARTODEM, NGLM 50k(2011-2012), Lithology-GSI 50k(2011), SISDP-P2-LULC 10k(2018-2023) & India-WRIS"
      }
    },
    {
      "type": "Feature",
      "id": "LS_NAGALAND_2023.903",
      "geometry": {
        "type": "MultiPolygon",
        "coordinates": [
          [
            [
              [
                94.43893136,
                26.05570012
              ],
              [
                94.43893136,
                26.05581241
              ],
              [
                94.43907249,
                26.05581241
              ],
              [
                94.43907249,
                26.05570012
              ],
              [
                94.43893136,
                26.05570012
              ]
            ]
          ]
        ]
      },
      "geometry_name": "the_geom",
      "properties": {
        "Slide_No": "NL/ZU/83J8/2023/133",
        "State": "NAGALAND",
        "District": "ZUNHEBOTO",
        "Topo_No": "83J8",
        "Latitude": 26.0558,
        "Longitude": 94.439,
        "Length_m": 14.295,
        "Width_m": 12.234,
        "Height_m": 4.027039,
        "Area_Sqm": 139.997,
        "Activity": "Active",
        "Geomorpho": "Structural Origin - Moderately Dissected Hills and Valleys - Valley (Smdhv-v)",
        "Lithology": "Shale, siltstone, greywacke rhythmite & sandstone (0594), Palaeocene-Eocene",
        "LULC": "Evergreen Open Forest",
        "Triggering": "Rainfall",
        "Year": "2023",
        "Basin": "Brahmaputra Basin",
        "Sub_Basin": "Brahmaputra Upper",
        "Source": "RESOURCESAT-2, 2A, 10m CARTODEM, NGLM 50k(2011-2012), Lithology-GSI 50k(2011), SISDP-P2-LULC 10k(2018-2023) & India-WRIS"
      }
    },
    {
      "type": "Feature",
      "id": "LS_NAGALAND_2023.904",
      "geometry": {
        "type": "MultiPolygon",
        "coordinates": [
          [
            [
              [
                94.44129232,
                26.05822626
              ],
              [
                94.44129232,
                26.05856139
              ],
              [
                94.44152856,
                26.05856139
              ],
              [
                94.44152856,
                26.05822626
              ],
              [
                94.44129232,
                26.05822626
              ]
            ]
          ]
        ]
      },
      "geometry_name": "the_geom",
      "properties": {
        "Slide_No": "NL/ZU/83J8/2023/134",
        "State": "NAGALAND",
        "District": "ZUNHEBOTO",
        "Topo_No": "83J8",
        "Latitude": 26.0584,
        "Longitude": 94.4414,
        "Length_m": 39.727,
        "Width_m": 19.741,
        "Height_m": 9.29791259766,
        "Area_Sqm": 535.393,
        "Activity": "Active",
        "Geomorpho": "Structural Origin - Moderately Dissected Hills and Valleys - Valley (Smdhv-v)",
        "Lithology": "Shale, siltstone, greywacke rhythmite & sandstone (0594), Palaeocene-Eocene",
        "LULC": "Evergreen Closed Forest",
        "Triggering": "Rainfall",
        "Year": "2023",
        "Basin": "Brahmaputra Basin",
        "Sub_Basin": "Brahmaputra Upper",
        "Source": "RESOURCESAT-2, 2A, 10m CARTODEM, NGLM 50k(2011-2012), Lithology-GSI 50k(2011), SISDP-P2-LULC 10k(2018-2023) & India-WRIS"
      }
    },
    {
      "type": "Feature",
      "id": "LS_NAGALAND_2023.905",
      "geometry": {
        "type": "MultiPolygon",
        "coordinates": [
          [
            [
              [
                94.44227132,
                26.06123988
              ],
              [
                94.44227132,
                26.06135695
              ],
              [
                94.44240179,
                26.06135695
              ],
              [
                94.44240179,
                26.06123988
              ],
              [
                94.44227132,
                26.06123988
              ]
            ]
          ]
        ]
      },
      "geometry_name": "the_geom",
      "properties": {
        "Slide_No": "NL/ZU/83J8/2023/135",
        "State": "NAGALAND",
        "District": "ZUNHEBOTO",
        "Topo_No": "83J8",
        "Latitude": 26.0613,
        "Longitude": 94.4423,
        "Length_m": 13.835,
        "Width_m": 11.918,
        "Height_m": 6.42053222656,
        "Area_Sqm": 132.118,
        "Activity": "Active",
        "Geomorpho": "Structural Origin - Moderately Dissected Hills and Valleys (Smdhv)",
        "Lithology": "Shale, siltstone, greywacke rhythmite & sandstone (0594), Palaeocene-Eocene",
        "LULC": "Agriculture - Crop Land",
        "Triggering": "Rainfall",
        "Year": "2023",
        "Basin": "Brahmaputra Basin",
        "Sub_Basin": "Brahmaputra Upper",
        "Source": "RESOURCESAT-2, 2A, 10m CARTODEM, NGLM 50k(2011-2012), Lithology-GSI 50k(2011), SISDP-P2-LULC 10k(2018-2023) & India-WRIS"
      }
    },
    {
      "type": "Feature",
      "id": "LS_NAGALAND_2023.906",
      "geometry": {
        "type": "MultiPolygon",
        "coordinates": [
          [
            [
              [
                94.43627329,
                26.05455449
              ],
              [
                94.43627329,
                26.05467844
              ],
              [
                94.436405,
                26.05467844
              ],
              [
                94.436405,
                26.05455449
              ],
              [
                94.43627329,
                26.05455449
              ]
            ]
          ]
        ]
      },
      "geometry_name": "the_geom",
      "properties": {
        "Slide_No": "NL/ZU/83J8/2023/136",
        "State": "NAGALAND",
        "District": "ZUNHEBOTO",
        "Topo_No": "83J8",
        "Latitude": 26.0546,
        "Longitude": 94.4363,
        "Length_m": 14.327,
        "Width_m": 12.518,
        "Height_m": 4.32623291016,
        "Area_Sqm": 141.122,
        "Activity": "Active",
        "Geomorpho": "Structural Origin - Moderately Dissected Hills and Valleys (Smdhv)",
        "Lithology": "Shale, siltstone, greywacke rhythmite & sandstone (0594), Palaeocene-Eocene",
        "LULC": "Evergreen Open Forest",
        "Triggering": "Rainfall",
        "Year": "2023",
        "Basin": "Brahmaputra Basin",
        "Sub_Basin": "Brahmaputra Upper",
        "Source": "RESOURCESAT-2, 2A, 10m CARTODEM, NGLM 50k(2011-2012), Lithology-GSI 50k(2011), SISDP-P2-LULC 10k(2018-2023) & India-WRIS"
      }
    },
    {
      "type": "Feature",
      "id": "LS_NAGALAND_2023.907",
      "geometry": {
        "type": "MultiPolygon",
        "coordinates": [
          [
            [
              [
                94.52338504,
                26.09310837
              ],
              [
                94.52338504,
                26.09329055
              ],
              [
                94.52358658,
                26.09329055
              ],
              [
                94.52358658,
                26.09310837
              ],
              [
                94.52338504,
                26.09310837
              ]
            ]
          ]
        ]
      },
      "geometry_name": "the_geom",
      "properties": {
        "Slide_No": "NL/ZU/83J12/2023/35",
        "State": "NAGALAND",
        "District": "ZUNHEBOTO",
        "Topo_No": "83J12",
        "Latitude": 26.0932,
        "Longitude": 94.5235,
        "Length_m": 20.567,
        "Width_m": 19.747,
        "Height_m": 3.494263,
        "Area_Sqm": 324.397,
        "Activity": "Active",
        "Geomorpho": "Structural Origin - Moderately Dissected Hills and Valleys - Valley (Smdhv-v)",
        "Lithology": "Shale, siltstone, greywacke rhythmite & sandstone (0594), Palaeocene-Eocene",
        "LULC": "Evergreen Open Forest",
        "Triggering": "Rainfall",
        "Year": "2023",
        "Basin": "Brahmaputra Basin",
        "Sub_Basin": "Brahmaputra Upper",
        "Source": "RESOURCESAT-2, 2A, 10m CARTODEM, NGLM 50k(2011-2012), Lithology-GSI 50k(2011), SISDP-P2-LULC 10k(2018-2023) & India-WRIS"
      }
    },
    {
      "type": "Feature",
      "id": "LS_NAGALAND_2023.908",
      "geometry": {
        "type": "MultiPolygon",
        "coordinates": [
          [
            [
              [
                94.47553029,
                26.03524665
              ],
              [
                94.47553029,
                26.03541341
              ],
              [
                94.47572557,
                26.03541341
              ],
              [
                94.47572557,
                26.03524665
              ],
              [
                94.47553029,
                26.03524665
              ]
            ]
          ]
        ]
      },
      "geometry_name": "the_geom",
      "properties": {
        "Slide_No": "NL/ZU/83J8/2023/137",
        "State": "NAGALAND",
        "District": "ZUNHEBOTO",
        "Topo_No": "83J8",
        "Latitude": 26.0353,
        "Longitude": 94.4756,
        "Length_m": 20.3,
        "Width_m": 16.428,
        "Height_m": 11.374511,
        "Area_Sqm": 264.205,
        "Activity": "Active",
        "Geomorpho": "Structural Origin - Moderately Dissected Hills and Valleys - Valley (Smdhv-v)",
        "Lithology": "Shale, siltstone, greywacke rhythmite & sandstone (0594), Palaeocene-Eocene",
        "LULC": "Others - Shifting Cultivation",
        "Triggering": "Rainfall",
        "Year": "2023",
        "Basin": "Brahmaputra Basin",
        "Sub_Basin": "Brahmaputra Upper",
        "Source": "RESOURCESAT-2, 2A, 10m CARTODEM, NGLM 50k(2011-2012), Lithology-GSI 50k(2011), SISDP-P2-LULC 10k(2018-2023) & India-WRIS"
      }
    },
    {
      "type": "Feature",
      "id": "LS_NAGALAND_2023.909",
      "geometry": {
        "type": "MultiPolygon",
        "coordinates": [
          [
            [
              [
                94.38077847,
                26.00475116
              ],
              [
                94.38077847,
                26.00499487
              ],
              [
                94.38103517,
                26.00499487
              ],
              [
                94.38103517,
                26.00475116
              ],
              [
                94.38077847,
                26.00475116
              ]
            ]
          ]
        ]
      },
      "geometry_name": "the_geom",
      "properties": {
        "Slide_No": "NL/ZU/83J8/2023/138",
        "State": "NAGALAND",
        "District": "ZUNHEBOTO",
        "Topo_No": "83J8",
        "Latitude": 26.0049,
        "Longitude": 94.3809,
        "Length_m": 27.142,
        "Width_m": 24.712,
        "Height_m": 9.69061279297,
        "Area_Sqm": 524.949,
        "Activity": "Active",
        "Geomorpho": "Structural Origin - Highly Dissected Hills and Valleys (Shdhv)",
        "Lithology": "Shale, siltstone, greywacke rhythmite & sandstone (0594), Palaeocene-Eocene",
        "LULC": "Evergreen Open Forest",
        "Triggering": "Rainfall",
        "Year": "2023",
        "Basin": "Brahmaputra Basin",
        "Sub_Basin": "Brahmaputra Upper",
        "Source": "RESOURCESAT-2, 2A, 10m CARTODEM, NGLM 50k(2011-2012), Lithology-GSI 50k(2011), SISDP-P2-LULC 10k(2018-2023) & India-WRIS"
      }
    },
    {
      "type": "Feature",
      "id": "LS_NAGALAND_2023.910",
      "geometry": {
        "type": "MultiPolygon",
        "coordinates": [
          [
            [
              [
                94.35076405,
                25.96318718
              ],
              [
                94.35076405,
                25.96336568
              ],
              [
                94.35097974,
                25.96336568
              ],
              [
                94.35097974,
                25.96318718
              ],
              [
                94.35076405,
                25.96318718
              ]
            ]
          ]
        ]
      },
      "geometry_name": "the_geom",
      "properties": {
        "Slide_No": "NL/ZU/83K5/2023/167",
        "State": "NAGALAND",
        "District": "ZUNHEBOTO",
        "Topo_No": "83K5",
        "Latitude": 25.9633,
        "Longitude": 94.3509,
        "Length_m": 23.092,
        "Width_m": 15.939,
        "Height_m": 3.458343,
        "Area_Sqm": 302.011,
        "Activity": "Active",
        "Geomorpho": "Structural Origin - Highly Dissected Hills and Valleys (Shdhv)",
        "Lithology": "Shale, greywacke with rythmite, slate & phyllite (0598), Palaeocene-Eocene",
        "LULC": "Evergreen Closed Forest",
        "Triggering": "Rainfall",
        "Year": "2023",
        "Basin": "Brahmaputra Basin",
        "Sub_Basin": "Brahmaputra Upper",
        "Source": "RESOURCESAT-2, 2A, 10m CARTODEM, NGLM 50k(2011-2012), Lithology-GSI 50k(2011), SISDP-P2-LULC 10k(2018-2023) & India-WRIS"
      }
    },
    {
      "type": "Feature",
      "id": "LS_NAGALAND_2023.911",
      "geometry": {
        "type": "MultiPolygon",
        "coordinates": [
          [
            [
              [
                94.34675228,
                25.964514
              ],
              [
                94.34675228,
                25.96478723
              ],
              [
                94.34697459,
                25.96478723
              ],
              [
                94.34697459,
                25.964514
              ],
              [
                94.34675228,
                25.964514
              ]
            ]
          ]
        ]
      },
      "geometry_name": "the_geom",
      "properties": {
        "Slide_No": "NL/ZU/83K5/2023/168",
        "State": "NAGALAND",
        "District": "ZUNHEBOTO",
        "Topo_No": "83K5",
        "Latitude": 25.9647,
        "Longitude": 94.3469,
        "Length_m": 28.831,
        "Width_m": 22.765,
        "Height_m": 24.534546,
        "Area_Sqm": 522.671,
        "Activity": "Active",
        "Geomorpho": "Structural Origin - Highly Dissected Hills and Valleys (Shdhv)",
        "Lithology": "Shale, greywacke with rythmite, slate & phyllite (0598), Palaeocene-Eocene",
        "LULC": "Evergreen Closed Forest",
        "Triggering": "Rainfall",
        "Year": "2023",
        "Basin": "Brahmaputra Basin",
        "Sub_Basin": "Brahmaputra Upper",
        "Source": "RESOURCESAT-2, 2A, 10m CARTODEM, NGLM 50k(2011-2012), Lithology-GSI 50k(2011), SISDP-P2-LULC 10k(2018-2023) & India-WRIS"
      }
    },
    {
      "type": "Feature",
      "id": "LS_NAGALAND_2023.912",
      "geometry": {
        "type": "MultiPolygon",
        "coordinates": [
          [
            [
              [
                94.34926235,
                25.9632528
              ],
              [
                94.34926235,
                25.96340996
              ],
              [
                94.34938835,
                25.96340996
              ],
              [
                94.34938835,
                25.9632528
              ],
              [
                94.34926235,
                25.9632528
              ]
            ]
          ]
        ]
      },
      "geometry_name": "the_geom",
      "properties": {
        "Slide_No": "NL/ZU/83K5/2023/169",
        "State": "NAGALAND",
        "District": "ZUNHEBOTO",
        "Topo_No": "83K5",
        "Latitude": 25.9633,
        "Longitude": 94.3493,
        "Length_m": 17.566,
        "Width_m": 12.414,
        "Height_m": 7.17181396484,
        "Area_Sqm": 175.403,
        "Activity": "Active",
        "Geomorpho": "Structural Origin - Highly Dissected Hills and Valleys (Shdhv)",
        "Lithology": "Shale, greywacke with rythmite, slate & phyllite (0598), Palaeocene-Eocene",
        "LULC": "Evergreen Open Forest",
        "Triggering": "Rainfall",
        "Year": "2023",
        "Basin": "Brahmaputra Basin",
        "Sub_Basin": "Brahmaputra Upper",
        "Source": "RESOURCESAT-2, 2A, 10m CARTODEM, NGLM 50k(2011-2012), Lithology-GSI 50k(2011), SISDP-P2-LULC 10k(2018-2023) & India-WRIS"
      }
    },
    {
      "type": "Feature",
      "id": "LS_NAGALAND_2023.913",
      "geometry": {
        "type": "MultiPolygon",
        "coordinates": [
          [
            [
              [
                94.34991842,
                25.96316334
              ],
              [
                94.34991842,
                25.96327592
              ],
              [
                94.35007591,
                25.96327592
              ],
              [
                94.35007591,
                25.96316334
              ],
              [
                94.34991842,
                25.96316334
              ]
            ]
          ]
        ]
      },
      "geometry_name": "the_geom",
      "properties": {
        "Slide_No": "NL/ZU/83K5/2023/170",
        "State": "NAGALAND",
        "District": "ZUNHEBOTO",
        "Topo_No": "83K5",
        "Latitude": 25.9632,
        "Longitude": 94.35,
        "Length_m": 15.911,
        "Width_m": 12.352,
        "Height_m": 4.93252563477,
        "Area_Sqm": 147.305,
        "Activity": "Active",
        "Geomorpho": "Structural Origin - Highly Dissected Hills and Valleys (Shdhv)",
        "Lithology": "Shale, greywacke with rythmite, slate & phyllite (0598), Palaeocene-Eocene",
        "LULC": "Evergreen Closed Forest",
        "Triggering": "Rainfall",
        "Year": "2023",
        "Basin": "Brahmaputra Basin",
        "Sub_Basin": "Brahmaputra Upper",
        "Source": "RESOURCESAT-2, 2A, 10m CARTODEM, NGLM 50k(2011-2012), Lithology-GSI 50k(2011), SISDP-P2-LULC 10k(2018-2023) & India-WRIS"
      }
    },
    {
      "type": "Feature",
      "id": "LS_NAGALAND_2023.925",
      "geometry": {
        "type": "MultiPolygon",
        "coordinates": [
          [
            [
              [
                94.76003096,
                26.51477164
              ],
              [
                94.76003096,
                26.51506966
              ],
              [
                94.7602347,
                26.51506966
              ],
              [
                94.7602347,
                26.51477164
              ],
              [
                94.76003096,
                26.51477164
              ]
            ]
          ]
        ]
      },
      "geometry_name": "the_geom",
      "properties": {
        "Slide_No": "NL/LL/83J14/2023/49",
        "State": "NAGALAND",
        "District": "LONGLENG",
        "Topo_No": "83J14",
        "Latitude": 26.5149,
        "Longitude": 94.7601,
        "Length_m": 33.623,
        "Width_m": 18.945,
        "Height_m": 14.972778,
        "Area_Sqm": 480.452,
        "Activity": "Active",
        "Geomorpho": "Structural Origin - Highly Dissected Hills and Valleys (Shdhv)",
        "Lithology": "Flaggy sandstone with subordinate shale (Barail Group) 0541), Eocene-Oligocene",
        "LULC": "Evergreen Open Forest",
        "Triggering": "Rainfall",
        "Year": "2023",
        "Basin": "Brahmaputra Basin",
        "Sub_Basin": "Brahmaputra Upper",
        "Source": "RESOURCESAT-2, 2A, 10m CARTODEM, NGLM 50k(2011-2012), Lithology-GSI 50k(2011), SISDP-P2-LULC 10k(2018-2023) & India-WRIS"
      }
    },
    {
      "type": "Feature",
      "id": "LS_NAGALAND_2023.926",
      "geometry": {
        "type": "MultiPolygon",
        "coordinates": [
          [
            [
              [
                94.75963246,
                26.51417235
              ],
              [
                94.75963246,
                26.51452963
              ],
              [
                94.7601687,
                26.51452963
              ],
              [
                94.7601687,
                26.51417235
              ],
              [
                94.75963246,
                26.51417235
              ]
            ]
          ]
        ]
      },
      "geometry_name": "the_geom",
      "properties": {
        "Slide_No": "NL/LL/83J14/2023/50",
        "State": "NAGALAND",
        "District": "LONGLENG",
        "Topo_No": "83J14",
        "Latitude": 26.5144,
        "Longitude": 94.7599,
        "Length_m": 61.719,
        "Width_m": 15.297,
        "Height_m": 37.096252,
        "Area_Sqm": 694.378,
        "Activity": "Active",
        "Geomorpho": "Structural Origin - Highly Dissected Hills and Valleys (Shdhv)",
        "Lithology": "Flaggy sandstone with subordinate shale (Barail Group) 0541), Eocene-Oligocene",
        "LULC": "Evergreen Open Forest",
        "Triggering": "Rainfall",
        "Year": "2023",
        "Basin": "Brahmaputra Basin",
        "Sub_Basin": "Brahmaputra Upper",
        "Source": "RESOURCESAT-2, 2A, 10m CARTODEM, NGLM 50k(2011-2012), Lithology-GSI 50k(2011), SISDP-P2-LULC 10k(2018-2023) & India-WRIS"
      }
    },
    {
      "type": "Feature",
      "id": "LS_NAGALAND_2023.927",
      "geometry": {
        "type": "MultiPolygon",
        "coordinates": [
          [
            [
              [
                94.77385553,
                26.50555218
              ],
              [
                94.77385553,
                26.50584048
              ],
              [
                94.77421636,
                26.50584048
              ],
              [
                94.77421636,
                26.50555218
              ],
              [
                94.77385553,
                26.50555218
              ]
            ]
          ]
        ]
      },
      "geometry_name": "the_geom",
      "properties": {
        "Slide_No": "NL/LL/83J14/2023/51",
        "State": "NAGALAND",
        "District": "LONGLENG",
        "Topo_No": "83J14",
        "Latitude": 26.5057,
        "Longitude": 94.774,
        "Length_m": 43.414,
        "Width_m": 16.51,
        "Height_m": 5.769348,
        "Area_Sqm": 534.3,
        "Activity": "A",
        "Geomorpho": "Structural Origin - Highly Dissected Hills and Valleys (Shdhv)",
        "Lithology": "Flaggy sandstone with subordinate shale (Barail Group) 0541), Eocene-Oligocene",
        "LULC": "Evergreen Open Forest",
        "Triggering": "Rainfall",
        "Year": "2023",
        "Basin": "Brahmaputra Basin",
        "Sub_Basin": "Brahmaputra Upper",
        "Source": "RESOURCESAT-2, 2A, 10m CARTODEM, NGLM 50k(2011-2012), Lithology-GSI 50k(2011), SISDP-P2-LULC 10k(2018-2023) & India-WRIS"
      }
    },
    {
      "type": "Feature",
      "id": "LS_NAGALAND_2023.928",
      "geometry": {
        "type": "MultiPolygon",
        "coordinates": [
          [
            [
              [
                94.88759752,
                26.33815347
              ],
              [
                94.88759752,
                26.33843166
              ],
              [
                94.88778953,
                26.33843166
              ],
              [
                94.88778953,
                26.33815347
              ],
              [
                94.88759752,
                26.33815347
              ]
            ]
          ]
        ]
      },
      "geometry_name": "the_geom",
      "properties": {
        "Slide_No": "NL/TU/83J15/2023/65",
        "State": "NAGALAND",
        "District": "TUENSANG",
        "Topo_No": "83J15",
        "Latitude": 26.3383,
        "Longitude": 94.8877,
        "Length_m": 31.811,
        "Width_m": 16.709,
        "Height_m": 11.454224,
        "Area_Sqm": 438.809,
        "Activity": "A",
        "Geomorpho": "Structural Origin - Moderately Dissected Hills and Valleys (Smdhv)",
        "Lithology": "Shale, siltstone, greywacke rhythmite & sandstone (0594), Palaeocene-Eocene",
        "LULC": "Evergreen Open Forest",
        "Triggering": "Rainfall",
        "Year": "2023",
        "Basin": "Brahmaputra Basin",
        "Sub_Basin": "Brahmaputra Upper",
        "Source": "RESOURCESAT-2, 2A, 10m CARTODEM, NGLM 50k(2011-2012), Lithology-GSI 50k(2011), SISDP-P2-LULC 10k(2018-2023) & India-WRIS"
      }
    },
    {
      "type": "Feature",
      "id": "LS_NAGALAND_2023.929",
      "geometry": {
        "type": "MultiPolygon",
        "coordinates": [
          [
            [
              [
                94.45213462,
                26.35607243
              ],
              [
                94.45213462,
                26.35633421
              ],
              [
                94.45239996,
                26.35633421
              ],
              [
                94.45239996,
                26.35607243
              ],
              [
                94.45213462,
                26.35607243
              ]
            ]
          ]
        ]
      },
      "geometry_name": "the_geom",
      "properties": {
        "Slide_No": "NL/MK/83J7/2023/10",
        "State": "NAGALAND",
        "District": "MOKOKCHUNG",
        "Topo_No": "83J7",
        "Latitude": 26.3562,
        "Longitude": 94.4523,
        "Length_m": 34.556,
        "Width_m": 15.939,
        "Height_m": 23.169128,
        "Area_Sqm": 419.307,
        "Activity": "Reactivated",
        "Geomorpho": "Structural Origin - Highly Dissected Hills and Valleys (Shdhv)",
        "Lithology": "Flaggy sandstone with subordinate shale (Barail Group) 0541), Eocene-Oligocene",
        "LULC": "Evergreen Open Forest",
        "Triggering": "Rainfall",
        "Year": "2023",
        "Basin": "Brahmaputra Basin",
        "Sub_Basin": "Brahmaputra Upper",
        "Source": "RESOURCESAT-2, 2A, 10m CARTODEM, NGLM 50k(2011-2012), Lithology-GSI 50k(2011), SISDP-P2-LULC 10k(2018-2023) & India-WRIS"
      }
    },
    {
      "type": "Feature",
      "id": "LS_NAGALAND_2023.930",
      "geometry": {
        "type": "MultiPolygon",
        "coordinates": [
          [
            [
              [
                94.49023021,
                26.42370771
              ],
              [
                94.49023021,
                26.42385491
              ],
              [
                94.4904101,
                26.42385491
              ],
              [
                94.4904101,
                26.42370771
              ],
              [
                94.49023021,
                26.42370771
              ]
            ]
          ]
        ]
      },
      "geometry_name": "the_geom",
      "properties": {
        "Slide_No": "NL/MK/83J7/2023/11",
        "State": "NAGALAND",
        "District": "MOKOKCHUNG",
        "Topo_No": "83J7",
        "Latitude": 26.4238,
        "Longitude": 94.4903,
        "Length_m": 20.698,
        "Width_m": 13.41,
        "Height_m": 7.258179,
        "Area_Sqm": 213.788,
        "Activity": "Active",
        "Geomorpho": "Structural Origin - Highly Dissected Hills and Valleys (Shdhv)",
        "Lithology": "Flaggy sandstone with subordinate shale (Barail Group) 0541), Eocene-Oligocene",
        "LULC": "Evergreen Closed Forest",
        "Triggering": "Rainfall",
        "Year": "2023",
        "Basin": "Brahmaputra Basin",
        "Sub_Basin": "Brahmaputra Upper",
        "Source": "RESOURCESAT-2, 2A, 10m CARTODEM, NGLM 50k(2011-2012), Lithology-GSI 50k(2011), SISDP-P2-LULC 10k(2018-2023) & India-WRIS"
      }
    },
    {
      "type": "Feature",
      "id": "LS_NAGALAND_2023.931",
      "geometry": {
        "type": "MultiPolygon",
        "coordinates": [
          [
            [
              [
                94.48981455,
                26.42376085
              ],
              [
                94.48981455,
                26.42415522
              ],
              [
                94.49003836,
                26.42415522
              ],
              [
                94.49003836,
                26.42376085
              ],
              [
                94.48981455,
                26.42376085
              ]
            ]
          ]
        ]
      },
      "geometry_name": "the_geom",
      "properties": {
        "Slide_No": "NL/MK/83J7/2023/12",
        "State": "NAGALAND",
        "District": "MOKOKCHUNG",
        "Topo_No": "83J7",
        "Latitude": 26.424,
        "Longitude": 94.4899,
        "Length_m": 43.384,
        "Width_m": 21.73,
        "Height_m": 22.024506,
        "Area_Sqm": 676.209,
        "Activity": "Active",
        "Geomorpho": "Structural Origin - Highly Dissected Hills and Valleys (Shdhv)",
        "Lithology": "Flaggy sandstone with subordinate shale (Barail Group) 0541), Eocene-Oligocene",
        "LULC": "Evergreen Closed Forest",
        "Triggering": "Rainfall",
        "Year": "2023",
        "Basin": "Brahmaputra Basin",
        "Sub_Basin": "Brahmaputra Upper",
        "Source": "RESOURCESAT-2, 2A, 10m CARTODEM, NGLM 50k(2011-2012), Lithology-GSI 50k(2011), SISDP-P2-LULC 10k(2018-2023) & India-WRIS"
      }
    },
    {
      "type": "Feature",
      "id": "LS_NAGALAND_2023.936",
      "geometry": {
        "type": "MultiPolygon",
        "coordinates": [
          [
            [
              [
                94.87800639,
                26.04695599
              ],
              [
                94.87800639,
                26.04727918
              ],
              [
                94.87831227,
                26.04727918
              ],
              [
                94.87831227,
                26.04695599
              ],
              [
                94.87800639,
                26.04695599
              ]
            ]
          ]
        ]
      },
      "geometry_name": "the_geom",
      "properties": {
        "Slide_No": "NL/SHA/83J16/2023/57",
        "State": "NAGALAND",
        "District": "SHAMATOR",
        "Topo_No": "83J16",
        "Latitude": 26.0471,
        "Longitude": 94.8782,
        "Length_m": 35.406,
        "Width_m": 26.257,
        "Height_m": 12.706421,
        "Area_Sqm": 606.557,
        "Activity": "Active",
        "Geomorpho": "Structural Origin - Moderately Dissected Hills and Valleys (Smdhv)",
        "Lithology": "Flaggy sandstone and interbedded shale & sandstone (Barail Group) 0547), Eocene-Oligocene",
        "LULC": "Evergreen Open Forest",
        "Triggering": "Rainfall",
        "Year": "2023",
        "Basin": "Minor rivers draining into Myanmar Basin",
        "Sub_Basin": "Imphal and others",
        "Source": "RESOURCESAT-2, 2A, 10m CARTODEM, NGLM 50k(2011-2012), Lithology-GSI 50k(2011), SISDP-P2-LULC 10k(2018-2023) & India-WRIS"
      }
    },
    {
      "type": "Feature",
      "id": "LS_NAGALAND_2023.937",
      "geometry": {
        "type": "MultiPolygon",
        "coordinates": [
          [
            [
              [
                94.87831519,
                26.04628174
              ],
              [
                94.87831519,
                26.04645776
              ],
              [
                94.87869205,
                26.04645776
              ],
              [
                94.87869205,
                26.04628174
              ],
              [
                94.87831519,
                26.04628174
              ]
            ]
          ]
        ]
      },
      "geometry_name": "the_geom",
      "properties": {
        "Slide_No": "NL/SHA/83J16/2023/58",
        "State": "NAGALAND",
        "District": "SHAMATOR",
        "Topo_No": "83J16",
        "Latitude": 26.0464,
        "Longitude": 94.8785,
        "Length_m": 37.651,
        "Width_m": 19.474,
        "Height_m": 6.0271,
        "Area_Sqm": 572.925,
        "Activity": "Reactivated",
        "Geomorpho": "Structural Origin - Moderately Dissected Hills and Valleys (Smdhv)",
        "Lithology": "Flaggy sandstone and interbedded shale & sandstone (Barail Group) 0547), Eocene-Oligocene",
        "LULC": "Evergreen Open Forest",
        "Triggering": "Rainfall",
        "Year": "2023",
        "Basin": "Minor rivers draining into Myanmar Basin",
        "Sub_Basin": "Imphal and others",
        "Source": "RESOURCESAT-2, 2A, 10m CARTODEM, NGLM 50k(2011-2012), Lithology-GSI 50k(2011), SISDP-P2-LULC 10k(2018-2023) & India-WRIS"
      }
    },
    {
      "type": "Feature",
      "id": "LS_NAGALAND_2023.938",
      "geometry": {
        "type": "MultiPolygon",
        "coordinates": [
          [
            [
              [
                94.87429009,
                26.05630387
              ],
              [
                94.87429009,
                26.05712238
              ],
              [
                94.87471257,
                26.05712238
              ],
              [
                94.87471257,
                26.05630387
              ],
              [
                94.87429009,
                26.05630387
              ]
            ]
          ]
        ]
      },
      "geometry_name": "the_geom",
      "properties": {
        "Slide_No": "NL/SHA/83J16/2023/59",
        "State": "NAGALAND",
        "District": "SHAMATOR",
        "Topo_No": "83J16",
        "Latitude": 26.0567,
        "Longitude": 94.8745,
        "Length_m": 94.076,
        "Width_m": 28.026,
        "Height_m": 77.256104,
        "Area_Sqm": 1815.66,
        "Activity": "Reactivated",
        "Geomorpho": "Structural Origin - Moderately Dissected Hills and Valleys (Smdhv)",
        "Lithology": "Flaggy sandstone and interbedded shale & sandstone (Barail Group) 0547), Eocene-Oligocene",
        "LULC": "Wasteland - Gullied Land",
        "Triggering": "Rainfall",
        "Year": "2023",
        "Basin": "Minor rivers draining into Myanmar Basin",
        "Sub_Basin": "Imphal and others",
        "Source": "RESOURCESAT-2, 2A, 10m CARTODEM, NGLM 50k(2011-2012), Lithology-GSI 50k(2011), SISDP-P2-LULC 10k(2018-2023) & India-WRIS"
      }
    },
    {
      "type": "Feature",
      "id": "LS_NAGALAND_2023.939",
      "geometry": {
        "type": "MultiPolygon",
        "coordinates": [
          [
            [
              [
                94.87729219,
                26.0330153
              ],
              [
                94.87729219,
                26.03317678
              ],
              [
                94.87747097,
                26.03317678
              ],
              [
                94.87747097,
                26.0330153
              ],
              [
                94.87729219,
                26.0330153
              ]
            ]
          ]
        ]
      },
      "geometry_name": "the_geom",
      "properties": {
        "Slide_No": "NL/SHA/83J16/2023/60",
        "State": "NAGALAND",
        "District": "SHAMATOR",
        "Topo_No": "83J16",
        "Latitude": 26.0331,
        "Longitude": 94.8774,
        "Length_m": 20.124,
        "Width_m": 14.396,
        "Height_m": 10.050171,
        "Area_Sqm": 231.843,
        "Activity": "Active",
        "Geomorpho": "Structural Origin - Moderately Dissected Hills and Valleys (Smdhv)",
        "Lithology": "Shale, greywacke with rythmite, slate & phyllite (0598), Palaeocene-Eocene",
        "LULC": "Others - Shifting Cultivation",
        "Triggering": "Rainfall",
        "Year": "2023",
        "Basin": "Minor rivers draining into Myanmar Basin",
        "Sub_Basin": "Imphal and others",
        "Source": "RESOURCESAT-2, 2A, 10m CARTODEM, NGLM 50k(2011-2012), Lithology-GSI 50k(2011), SISDP-P2-LULC 10k(2018-2023) & India-WRIS"
      }
    },
    {
      "type": "Feature",
      "id": "LS_NAGALAND_2023.940",
      "geometry": {
        "type": "MultiPolygon",
        "coordinates": [
          [
            [
              [
                94.87766974,
                26.03345755
              ],
              [
                94.87766974,
                26.03364136
              ],
              [
                94.87791328,
                26.03364136
              ],
              [
                94.87791328,
                26.03345755
              ],
              [
                94.87766974,
                26.03345755
              ]
            ]
          ]
        ]
      },
      "geometry_name": "the_geom",
      "properties": {
        "Slide_No": "NL/SHA/83J16/2023/61",
        "State": "NAGALAND",
        "District": "SHAMATOR",
        "Topo_No": "83J16",
        "Latitude": 26.0336,
        "Longitude": 94.8778,
        "Length_m": 25.646,
        "Width_m": 15.106,
        "Height_m": 15.162476,
        "Area_Sqm": 329.49,
        "Activity": "Reactivated",
        "Geomorpho": "Structural Origin - Moderately Dissected Hills and Valleys (Smdhv)",
        "Lithology": "Shale, greywacke with rythmite, slate & phyllite (0598), Palaeocene-Eocene",
        "LULC": "Others - Shifting Cultivation",
        "Triggering": "Rainfall",
        "Year": "2023",
        "Basin": "Minor rivers draining into Myanmar Basin",
        "Sub_Basin": "Imphal and others",
        "Source": "RESOURCESAT-2, 2A, 10m CARTODEM, NGLM 50k(2011-2012), Lithology-GSI 50k(2011), SISDP-P2-LULC 10k(2018-2023) & India-WRIS"
      }
    },
    {
      "type": "Feature",
      "id": "LS_NAGALAND_2023.941",
      "geometry": {
        "type": "MultiPolygon",
        "coordinates": [
          [
            [
              [
                94.88133158,
                26.03447861
              ],
              [
                94.88133158,
                26.03480341
              ],
              [
                94.8815333,
                26.03480341
              ],
              [
                94.8815333,
                26.03447861
              ],
              [
                94.88133158,
                26.03447861
              ]
            ]
          ]
        ]
      },
      "geometry_name": "the_geom",
      "properties": {
        "Slide_No": "NL/SHA/83J16/2023/62",
        "State": "NAGALAND",
        "District": "SHAMATOR",
        "Topo_No": "83J16",
        "Latitude": 26.0347,
        "Longitude": 94.8814,
        "Length_m": 36.34,
        "Width_m": 19.353,
        "Height_m": 23.456482,
        "Area_Sqm": 523.107,
        "Activity": "Active",
        "Geomorpho": "Structural Origin - Moderately Dissected Hills and Valleys (Smdhv)",
        "Lithology": "Shale, greywacke with rythmite, slate & phyllite (0598), Palaeocene-Eocene",
        "LULC": "Others - Shifting Cultivation",
        "Triggering": "Rainfall",
        "Year": "2023",
        "Basin": "Minor rivers draining into Myanmar Basin",
        "Sub_Basin": "Imphal and others",
        "Source": "RESOURCESAT-2, 2A, 10m CARTODEM, NGLM 50k(2011-2012), Lithology-GSI 50k(2011), SISDP-P2-LULC 10k(2018-2023) & India-WRIS"
      }
    },
    {
      "type": "Feature",
      "id": "LS_NAGALAND_2023.942",
      "geometry": {
        "type": "MultiPolygon",
        "coordinates": [
          [
            [
              [
                94.98886035,
                26.00239493
              ],
              [
                94.98886035,
                26.00257514
              ],
              [
                94.98902137,
                26.00257514
              ],
              [
                94.98902137,
                26.00239493
              ],
              [
                94.98886035,
                26.00239493
              ]
            ]
          ]
        ]
      },
      "geometry_name": "the_geom",
      "properties": {
        "Slide_No": "NL/NOK/83J16/2023/63",
        "State": "NAGALAND",
        "District": "NOKLAK",
        "Topo_No": "83J16",
        "Latitude": 26.0025,
        "Longitude": 94.9889,
        "Length_m": 19.944,
        "Width_m": 14.923,
        "Height_m": 10.585755,
        "Area_Sqm": 246.806,
        "Activity": "Active",
        "Geomorpho": "Structural Origin - Moderately Dissected Hills and Valleys - Valley (Smdhv-v)",
        "Lithology": "Shale, greywacke with rythmite, slate & phyllite (0598), Palaeocene-Eocene",
        "LULC": "Evergreen Open Forest",
        "Triggering": "Rainfall",
        "Year": "2023",
        "Basin": "Minor rivers draining into Myanmar Basin",
        "Sub_Basin": "Imphal and others",
        "Source": "RESOURCESAT-2, 2A, 10m CARTODEM, NGLM 50k(2011-2012), Lithology-GSI 50k(2011), SISDP-P2-LULC 10k(2018-2023) & India-WRIS"
      }
    },
    {
      "type": "Feature",
      "id": "LS_NAGALAND_2023.943",
      "geometry": {
        "type": "MultiPolygon",
        "coordinates": [
          [
            [
              [
                94.93545613,
                26.06073436
              ],
              [
                94.93545613,
                26.06110487
              ],
              [
                94.93602356,
                26.06110487
              ],
              [
                94.93602356,
                26.06073436
              ],
              [
                94.93545613,
                26.06073436
              ]
            ]
          ]
        ]
      },
      "geometry_name": "the_geom",
      "properties": {
        "Slide_No": "NL/NOK/83J16/2023/64",
        "State": "NAGALAND",
        "District": "NOKLAK",
        "Topo_No": "83J16",
        "Latitude": 26.0609,
        "Longitude": 94.9357,
        "Length_m": 57.547,
        "Width_m": 33.154,
        "Height_m": 25.609253,
        "Area_Sqm": 1207.05,
        "Activity": "Active",
        "Geomorpho": "Structural Origin - Moderately Dissected Hills and Valleys - Valley (Smdhv-v)",
        "Lithology": "Shale, greywacke with rythmite, slate & phyllite (0598), Palaeocene-Eocene",
        "LULC": "Evergreen Open Forest",
        "Triggering": "Rainfall",
        "Year": "2023",
        "Basin": "Minor rivers draining into Myanmar Basin",
        "Sub_Basin": "Imphal and others",
        "Source": "RESOURCESAT-2, 2A, 10m CARTODEM, NGLM 50k(2011-2012), Lithology-GSI 50k(2011), SISDP-P2-LULC 10k(2018-2023) & India-WRIS"
      }
    },
    {
      "type": "Feature",
      "id": "LS_NAGALAND_2023.944",
      "geometry": {
        "type": "MultiPolygon",
        "coordinates": [
          [
            [
              [
                94.93817159,
                26.06119919
              ],
              [
                94.93817159,
                26.06261441
              ],
              [
                94.93912211,
                26.06261441
              ],
              [
                94.93912211,
                26.06119919
              ],
              [
                94.93817159,
                26.06119919
              ]
            ]
          ]
        ]
      },
      "geometry_name": "the_geom",
      "properties": {
        "Slide_No": "NL/NOK/83J16/2023/65",
        "State": "NAGALAND",
        "District": "NOKLAK",
        "Topo_No": "83J16",
        "Latitude": 26.0619,
        "Longitude": 94.9386,
        "Length_m": 156.806,
        "Width_m": 95.096,
        "Height_m": 75.286865,
        "Area_Sqm": 9388.68,
        "Activity": "Reactivated",
        "Geomorpho": "Structural Origin - Moderately Dissected Hills and Valleys - Valley (Smdhv-v)",
        "Lithology": "Shale, greywacke with rythmite, slate & phyllite (0598), Palaeocene-Eocene",
        "LULC": "Evergreen Open Forest",
        "Triggering": "Rainfall",
        "Year": "2023",
        "Basin": "Minor rivers draining into Myanmar Basin",
        "Sub_Basin": "Imphal and others",
        "Source": "RESOURCESAT-2, 2A, 10m CARTODEM, NGLM 50k(2011-2012), Lithology-GSI 50k(2011), SISDP-P2-LULC 10k(2018-2023) & India-WRIS"
      }
    },
    {
      "type": "Feature",
      "id": "LS_NAGALAND_2023.945",
      "geometry": {
        "type": "MultiPolygon",
        "coordinates": [
          [
            [
              [
                94.89724446,
                26.12029301
              ],
              [
                94.89724446,
                26.12056141
              ],
              [
                94.89762226,
                26.12056141
              ],
              [
                94.89762226,
                26.12029301
              ],
              [
                94.89724446,
                26.12029301
              ]
            ]
          ]
        ]
      },
      "geometry_name": "the_geom",
      "properties": {
        "Slide_No": "NL/NOK/83J16/2023/66",
        "State": "NAGALAND",
        "District": "NOKLAK",
        "Topo_No": "83J16",
        "Latitude": 26.1204,
        "Longitude": 94.8974,
        "Length_m": 41.173,
        "Width_m": 22.781,
        "Height_m": 18.980103,
        "Area_Sqm": 745.926,
        "Activity": "Active",
        "Geomorpho": "Structural Origin - Moderately Dissected Hills and Valleys (Smdhv)",
        "Lithology": "Sandstone, shale, clay and carbonaceous shale (Barail Group) 0534), Eocene-Oligocene",
        "LULC": "Evergreen Open Forest",
        "Triggering": "Rainfall",
        "Year": "2023",
        "Basin": "Minor rivers draining into Myanmar Basin",
        "Sub_Basin": "Imphal and others",
        "Source": "RESOURCESAT-2, 2A, 10m CARTODEM, NGLM 50k(2011-2012), Lithology-GSI 50k(2011), SISDP-P2-LULC 10k(2018-2023) & India-WRIS"
      }
    },
    {
      "type": "Feature",
      "id": "LS_NAGALAND_2023.947",
      "geometry": {
        "type": "MultiPolygon",
        "coordinates": [
          [
            [
              [
                94.92998768,
                25.97254866
              ],
              [
                94.92998768,
                25.97304014
              ],
              [
                94.93041743,
                25.97304014
              ],
              [
                94.93041743,
                25.97254866
              ],
              [
                94.92998768,
                25.97254866
              ]
            ]
          ]
        ]
      },
      "geometry_name": "the_geom",
      "properties": {
        "Slide_No": "NL/NOK/83K13/3023/22",
        "State": "NAGALAND",
        "District": "NOKLAK",
        "Topo_No": "83K13",
        "Latitude": 25.9728,
        "Longitude": 94.9302,
        "Length_m": 61.693,
        "Width_m": 32.696,
        "Height_m": 38.858032,
        "Area_Sqm": 1370.87,
        "Activity": "Active",
        "Geomorpho": "Structural Origin - Moderately Dissected Hills and Valleys (Smdhv)",
        "Lithology": "Shale, greywacke with rythmite, slate & phyllite (0598), Palaeocene-Eocene",
        "LULC": "Evergreen Open Forest",
        "Triggering": "Rainfall",
        "Year": "2023",
        "Basin": "Minor rivers draining into Myanmar Basin",
        "Sub_Basin": "Imphal and others",
        "Source": "RESOURCESAT-2, 2A, 10m CARTODEM, NGLM 50k(2011-2012), Lithology-GSI 50k(2011), SISDP-P2-LULC 10k(2018-2023) & India-WRIS"
      }
    },
    {
      "type": "Feature",
      "id": "LS_NAGALAND_2023.948",
      "geometry": {
        "type": "MultiPolygon",
        "coordinates": [
          [
            [
              [
                94.04123924,
                25.99985871
              ],
              [
                94.04123924,
                26.00009168
              ],
              [
                94.04157904,
                26.00009168
              ],
              [
                94.04157904,
                25.99985871
              ],
              [
                94.04123924,
                25.99985871
              ]
            ]
          ]
        ]
      },
      "geometry_name": "the_geom",
      "properties": {
        "Slide_No": "NL/WO/83K1/2023/70",
        "State": "NAGALAND",
        "District": "WOKHA",
        "Topo_No": "83K1",
        "Latitude": 26,
        "Longitude": 94.0414,
        "Length_m": 36.724,
        "Width_m": 17.208,
        "Height_m": 18.714935,
        "Area_Sqm": 521.329,
        "Activity": "Active",
        "Geomorpho": "Structural Origin - Highly Dissected Hills and Valleys (Shdhv)",
        "Lithology": "Ferruginous sandstone with siltstone and clay (Tipam Group) 0445), Miocene-Pliocene",
        "LULC": "Deciduous Open Forest",
        "Triggering": "Rainfall",
        "Year": "2023",
        "Basin": "Brahmaputra Basin",
        "Sub_Basin": "Brahmaputra Upper",
        "Source": "RESOURCESAT-2, 2A, 10m CARTODEM, NGLM 50k(2011-2012), Lithology-GSI 50k(2011), SISDP-P2-LULC 10k(2018-2023) & India-WRIS"
      }
    },
    {
      "type": "Feature",
      "id": "LS_NAGALAND_2023.950",
      "geometry": {
        "type": "MultiPolygon",
        "coordinates": [
          [
            [
              [
                94.35670312,
                25.98697787
              ],
              [
                94.35670312,
                25.98712965
              ],
              [
                94.35687038,
                25.98712965
              ],
              [
                94.35687038,
                25.98697787
              ],
              [
                94.35670312,
                25.98697787
              ]
            ]
          ]
        ]
      },
      "geometry_name": "the_geom",
      "properties": {
        "Slide_No": "NL/ZU/83K5/2023/183",
        "State": "NAGALAND",
        "District": "ZUNHEBOTO",
        "Topo_No": "83K5",
        "Latitude": 25.9871,
        "Longitude": 94.3568,
        "Length_m": 16.781,
        "Width_m": 16.754,
        "Height_m": 13.443909,
        "Area_Sqm": 222.567,
        "Activity": "Active",
        "Geomorpho": "Structural Origin - Moderately Dissected Hills and Valleys - Valley (Smdhv-v)",
        "Lithology": "Shale, greywacke with rythmite, slate & phyllite (0598), Palaeocene-Eocene",
        "LULC": "Semi- Evergreen Open Forest",
        "Triggering": "Rainfall",
        "Year": "2023",
        "Basin": "Brahmaputra Basin",
        "Sub_Basin": "Brahmaputra Upper",
        "Source": "RESOURCESAT-2, 2A, 10m CARTODEM, NGLM 50k(2011-2012), Lithology-GSI 50k(2011), SISDP-P2-LULC 10k(2018-2023) & India-WRIS"
      }
    },
    {
      "type": "Feature",
      "id": "LS_NAGALAND_2023.951",
      "geometry": {
        "type": "MultiPolygon",
        "coordinates": [
          [
            [
              [
                94.3559193,
                25.98607
              ],
              [
                94.3559193,
                25.98629003
              ],
              [
                94.35617655,
                25.98629003
              ],
              [
                94.35617655,
                25.98607
              ],
              [
                94.3559193,
                25.98607
              ]
            ]
          ]
        ]
      },
      "geometry_name": "the_geom",
      "properties": {
        "Slide_No": "NL/ZU/83K5/2023/184",
        "State": "NAGALAND",
        "District": "ZUNHEBOTO",
        "Topo_No": "83K5",
        "Latitude": 25.9862,
        "Longitude": 94.356,
        "Length_m": 30.331,
        "Width_m": 14.495,
        "Height_m": 19.08847,
        "Area_Sqm": 333.521,
        "Activity": "Active",
        "Geomorpho": "Structural Origin - Moderately Dissected Hills and Valleys - Valley (Smdhv-v)",
        "Lithology": "Shale, greywacke with rythmite, slate & phyllite (0598), Palaeocene-Eocene",
        "LULC": "Semi- Evergreen Open Forest",
        "Triggering": "Rainfall",
        "Year": "2023",
        "Basin": "Brahmaputra Basin",
        "Sub_Basin": "Brahmaputra Upper",
        "Source": "RESOURCESAT-2, 2A, 10m CARTODEM, NGLM 50k(2011-2012), Lithology-GSI 50k(2011), SISDP-P2-LULC 10k(2018-2023) & India-WRIS"
      }
    },
    {
      "type": "Feature",
      "id": "LS_NAGALAND_2023.952",
      "geometry": {
        "type": "MultiPolygon",
        "coordinates": [
          [
            [
              [
                94.382023,
                26.07272691
              ],
              [
                94.382023,
                26.07306044
              ],
              [
                94.38235889,
                26.07306044
              ],
              [
                94.38235889,
                26.07272691
              ],
              [
                94.382023,
                26.07272691
              ]
            ]
          ]
        ]
      },
      "geometry_name": "the_geom",
      "properties": {
        "Slide_No": "NL/WO/83J8/2023/139",
        "State": "NAGALAND",
        "District": "WOKHA",
        "Topo_No": "83J8",
        "Latitude": 26.0729,
        "Longitude": 94.3822,
        "Length_m": 43.787,
        "Width_m": 20.743,
        "Height_m": 32.164185,
        "Area_Sqm": 730.953,
        "Activity": "Active",
        "Geomorpho": "Structural Origin - Moderately Dissected Hills and Valleys - Valley (Smdhv-v)",
        "Lithology": "Shale, greywacke with rythmite, slate & phyllite (0598), Palaeocene-Eocene",
        "LULC": "Deciduous Closed Forest",
        "Triggering": "Rainfall",
        "Year": "2023",
        "Basin": "Brahmaputra Basin",
        "Sub_Basin": "Brahmaputra Upper",
        "Source": "RESOURCESAT-2, 2A, 10m CARTODEM, NGLM 50k(2011-2012), Lithology-GSI 50k(2011), SISDP-P2-LULC 10k(2018-2023) & India-WRIS"
      }
    },
    {
      "type": "Feature",
      "id": "LS_NAGALAND_2023.953",
      "geometry": {
        "type": "MultiPolygon",
        "coordinates": [
          [
            [
              [
                94.45387681,
                26.05402947
              ],
              [
                94.45387681,
                26.05421745
              ],
              [
                94.45405131,
                26.05421745
              ],
              [
                94.45405131,
                26.05402947
              ],
              [
                94.45387681,
                26.05402947
              ]
            ]
          ]
        ]
      },
      "geometry_name": "the_geom",
      "properties": {
        "Slide_No": "NL/WO/83J8/2023/140",
        "State": "NAGALAND",
        "District": "WOKHA",
        "Topo_No": "83J8",
        "Latitude": 26.0541,
        "Longitude": 94.454,
        "Length_m": 22.75,
        "Width_m": 15.101,
        "Height_m": 7.420715,
        "Area_Sqm": 265.651,
        "Activity": "Active",
        "Geomorpho": "Structural Origin - Highly Dissected Hills and Valleys (Shdhv)",
        "Lithology": "Shale, siltstone, greywacke rhythmite & sandstone (0594), Palaeocene-Eocene",
        "LULC": "Agriculture - Crop Land",
        "Triggering": "Rainfall",
        "Year": "2023",
        "Basin": "Brahmaputra Basin",
        "Sub_Basin": "Brahmaputra Upper",
        "Source": "RESOURCESAT-2, 2A, 10m CARTODEM, NGLM 50k(2011-2012), Lithology-GSI 50k(2011), SISDP-P2-LULC 10k(2018-2023) & India-WRIS"
      }
    },
    {
      "type": "Feature",
      "id": "LS_NAGALAND_2023.954",
      "geometry": {
        "type": "MultiPolygon",
        "coordinates": [
          [
            [
              [
                94.43698244,
                26.05477501
              ],
              [
                94.43698244,
                26.05491992
              ],
              [
                94.43709317,
                26.05491992
              ],
              [
                94.43709317,
                26.05477501
              ],
              [
                94.43698244,
                26.05477501
              ]
            ]
          ]
        ]
      },
      "geometry_name": "the_geom",
      "properties": {
        "Slide_No": "NL/WO/83J8/2023/141",
        "State": "NAGALAND",
        "District": "WOKHA",
        "Topo_No": "83J8",
        "Latitude": 26.0548,
        "Longitude": 94.437,
        "Length_m": 16.062,
        "Width_m": 10.907,
        "Height_m": 4.87616,
        "Area_Sqm": 145.92,
        "Activity": "Active",
        "Geomorpho": "Structural Origin - Moderately Dissected Hills and Valleys (Smdhv)",
        "Lithology": "Shale, siltstone, greywacke rhythmite & sandstone (0594), Palaeocene-Eocene",
        "LULC": "Evergreen Open Forest",
        "Triggering": "Rainfall",
        "Year": "2023",
        "Basin": "Brahmaputra Basin",
        "Sub_Basin": "Brahmaputra Upper",
        "Source": "RESOURCESAT-2, 2A, 10m CARTODEM, NGLM 50k(2011-2012), Lithology-GSI 50k(2011), SISDP-P2-LULC 10k(2018-2023) & India-WRIS"
      }
    },
    {
      "type": "Feature",
      "id": "LS_NAGALAND_2023.955",
      "geometry": {
        "type": "MultiPolygon",
        "coordinates": [
          [
            [
              [
                94.38322569,
                26.0729875
              ],
              [
                94.38322569,
                26.07323076
              ],
              [
                94.38342133,
                26.07323076
              ],
              [
                94.38342133,
                26.0729875
              ],
              [
                94.38322569,
                26.0729875
              ]
            ]
          ]
        ]
      },
      "geometry_name": "the_geom",
      "properties": {
        "Slide_No": "NL/WO/83J8/2023/142",
        "State": "NAGALAND",
        "District": "WOKHA",
        "Topo_No": "83J8",
        "Latitude": 26.0731,
        "Longitude": 94.3833,
        "Length_m": 27.845,
        "Width_m": 17.378,
        "Height_m": 15.63385,
        "Area_Sqm": 408.122,
        "Activity": "Active",
        "Geomorpho": "Structural Origin - Moderately Dissected Hills and Valleys - Valley (Smdhv-v)",
        "Lithology": "Shale, greywacke with rythmite, slate & phyllite (0598), Palaeocene-Eocene",
        "LULC": "Deciduous Closed Forest",
        "Triggering": "Rainfall",
        "Year": "2023",
        "Basin": "Brahmaputra Basin",
        "Sub_Basin": "Brahmaputra Upper",
        "Source": "RESOURCESAT-2, 2A, 10m CARTODEM, NGLM 50k(2011-2012), Lithology-GSI 50k(2011), SISDP-P2-LULC 10k(2018-2023) & India-WRIS"
      }
    },
    {
      "type": "Feature",
      "id": "LS_NAGALAND_2023.956",
      "geometry": {
        "type": "MultiPolygon",
        "coordinates": [
          [
            [
              [
                94.69044441,
                26.4993869
              ],
              [
                94.69044441,
                26.49952807
              ],
              [
                94.69083611,
                26.49952807
              ],
              [
                94.69083611,
                26.4993869
              ],
              [
                94.69044441,
                26.4993869
              ]
            ]
          ]
        ]
      },
      "geometry_name": "the_geom",
      "properties": {
        "Slide_No": "NL/MK/83J11/2023/36",
        "State": "NAGALAND",
        "District": "MOKOKCHUNG",
        "Topo_No": "83J11",
        "Latitude": 26.4995,
        "Longitude": 94.6906,
        "Length_m": 38.975,
        "Width_m": 14.802,
        "Height_m": 38.700989,
        "Area_Sqm": 511.628,
        "Activity": "Active",
        "Geomorpho": "Structural Origin - Moderately Dissected Hills and Valleys (Smdhv)",
        "Lithology": "Flaggy sandstone with subordinate shale (Barail Group) 0541), Eocene-Oligocene",
        "LULC": "Evergreen Closed Forest",
        "Triggering": "Rainfall",
        "Year": "2023",
        "Basin": "Brahmaputra Basin",
        "Sub_Basin": "Brahmaputra Upper",
        "Source": "RESOURCESAT-2, 2A, 10m CARTODEM, NGLM 50k(2011-2012), Lithology-GSI 50k(2011), SISDP-P2-LULC 10k(2018-2023) & India-WRIS"
      }
    },
    {
      "type": "Feature",
      "id": "LS_NAGALAND_2023.957",
      "geometry": {
        "type": "MultiPolygon",
        "coordinates": [
          [
            [
              [
                94.68208011,
                26.47554771
              ],
              [
                94.68208011,
                26.47576037
              ],
              [
                94.68224546,
                26.47576037
              ],
              [
                94.68224546,
                26.47554771
              ],
              [
                94.68208011,
                26.47554771
              ]
            ]
          ]
        ]
      },
      "geometry_name": "the_geom",
      "properties": {
        "Slide_No": "NL/MK/83J11/2023/37",
        "State": "NAGALAND",
        "District": "MOKOKCHUNG",
        "Topo_No": "83J11",
        "Latitude": 26.4757,
        "Longitude": 94.6822,
        "Length_m": 24.911,
        "Width_m": 14.424,
        "Height_m": 3.666016,
        "Area_Sqm": 283.081,
        "Activity": "Active",
        "Geomorpho": "Structural Origin - Moderately Dissected Hills and Valleys (Smdhv)",
        "Lithology": "Flaggy sandstone with subordinate shale (Barail Group) 0541), Eocene-Oligocene",
        "LULC": "Evergreen Closed Forest",
        "Triggering": "Rainfall",
        "Year": "2023",
        "Basin": "Brahmaputra Basin",
        "Sub_Basin": "Brahmaputra Upper",
        "Source": "RESOURCESAT-2, 2A, 10m CARTODEM, NGLM 50k(2011-2012), Lithology-GSI 50k(2011), SISDP-P2-LULC 10k(2018-2023) & India-WRIS"
      }
    },
    {
      "type": "Feature",
      "id": "LS_NAGALAND_2023.959",
      "geometry": {
        "type": "MultiPolygon",
        "coordinates": [
          [
            [
              [
                94.0420144,
                26.01022456
              ],
              [
                94.0420144,
                26.01061966
              ],
              [
                94.04218431,
                26.01061966
              ],
              [
                94.04218431,
                26.01022456
              ],
              [
                94.0420144,
                26.01022456
              ]
            ]
          ]
        ]
      },
      "geometry_name": "the_geom",
      "properties": {
        "Slide_No": "NL/WO/83J4/2023/39",
        "State": "NAGALAND",
        "District": "WOKHA",
        "Topo_No": "83J4",
        "Latitude": 26.0104,
        "Longitude": 94.0421,
        "Length_m": 43.866,
        "Width_m": 15.842,
        "Height_m": 31.165405,
        "Area_Sqm": 591.408,
        "Activity": "Active",
        "Geomorpho": "Structural Origin - Moderately Dissected Hills and Valleys (Smdhv)",
        "Lithology": "Ferruginous sandstone with siltstone and clay (Tipam Group) 0445), Miocene-Pliocene",
        "LULC": "Deciduous Open Forest",
        "Triggering": "Rainfall",
        "Year": "2023",
        "Basin": "Brahmaputra Basin",
        "Sub_Basin": "Brahmaputra Upper",
        "Source": "RESOURCESAT-2, 2A, 10m CARTODEM, NGLM 50k(2011-2012), Lithology-GSI 50k(2011), SISDP-P2-LULC 10k(2018-2023) & India-WRIS"
      }
    },
    {
      "type": "Feature",
      "id": "LS_NAGALAND_2023.960",
      "geometry": {
        "type": "MultiPolygon",
        "coordinates": [
          [
            [
              [
                94.19973059,
                26.12834983
              ],
              [
                94.19973059,
                26.12871949
              ],
              [
                94.20015113,
                26.12871949
              ],
              [
                94.20015113,
                26.12834983
              ],
              [
                94.19973059,
                26.12834983
              ]
            ]
          ]
        ]
      },
      "geometry_name": "the_geom",
      "properties": {
        "Slide_No": "NL/WO/83J4/2023/40",
        "State": "NAGALAND",
        "District": "WOKHA",
        "Topo_No": "83J4",
        "Latitude": 26.1285,
        "Longitude": 94.1999,
        "Length_m": 52.095,
        "Width_m": 20.587,
        "Height_m": 22.937775,
        "Area_Sqm": 890.134,
        "Activity": "Active",
        "Geomorpho": "Structural Origin - Highly Dissected Hills and Valleys (Shdhv)",
        "Lithology": "Carbonaceous sandy shale, sandstone & coal seams (Barail Group) 0530), Eocene-Oligocene",
        "LULC": "Agriculture - Plantation",
        "Triggering": "Rainfall",
        "Year": "2023",
        "Basin": "Brahmaputra Basin",
        "Sub_Basin": "Brahmaputra Upper",
        "Source": "RESOURCESAT-2, 2A, 10m CARTODEM, NGLM 50k(2011-2012), Lithology-GSI 50k(2011), SISDP-P2-LULC 10k(2018-2023) & India-WRIS"
      }
    },
    {
      "type": "Feature",
      "id": "LS_NAGALAND_2023.961",
      "geometry": {
        "type": "MultiPolygon",
        "coordinates": [
          [
            [
              [
                94.05354731,
                26.03819606
              ],
              [
                94.05354731,
                26.03844845
              ],
              [
                94.05386711,
                26.03844845
              ],
              [
                94.05386711,
                26.03819606
              ],
              [
                94.05354731,
                26.03819606
              ]
            ]
          ]
        ]
      },
      "geometry_name": "the_geom",
      "properties": {
        "Slide_No": "NL/WO/83J4/2023/41",
        "State": "NAGALAND",
        "District": "WOKHA",
        "Topo_No": "83J4",
        "Latitude": 26.0383,
        "Longitude": 94.0537,
        "Length_m": 36.268,
        "Width_m": 20.157,
        "Height_m": 15.595917,
        "Area_Sqm": 562.955,
        "Activity": "Active",
        "Geomorpho": "Structural Origin - Moderately Dissected Hills and Valleys (Smdhv)",
        "Lithology": "Shale, siltstone, ferruginous sandstone & mudstone (Surma Group) 0485), Miocene",
        "LULC": "Deciduous Open Forest",
        "Triggering": "Rainfall",
        "Year": "2023",
        "Basin": "Brahmaputra Basin",
        "Sub_Basin": "Brahmaputra Upper",
        "Source": "RESOURCESAT-2, 2A, 10m CARTODEM, NGLM 50k(2011-2012), Lithology-GSI 50k(2011), SISDP-P2-LULC 10k(2018-2023) & India-WRIS"
      }
    },
    {
      "type": "Feature",
      "id": "LS_NAGALAND_2023.962",
      "geometry": {
        "type": "MultiPolygon",
        "coordinates": [
          [
            [
              [
                94.05448603,
                26.03909958
              ],
              [
                94.05448603,
                26.03927158
              ],
              [
                94.05460243,
                26.03927158
              ],
              [
                94.05460243,
                26.03909958
              ],
              [
                94.05448603,
                26.03909958
              ]
            ]
          ]
        ]
      },
      "geometry_name": "the_geom",
      "properties": {
        "Slide_No": "NL/WO/83J4/2023/42",
        "State": "NAGALAND",
        "District": "WOKHA",
        "Topo_No": "83J4",
        "Latitude": 26.0392,
        "Longitude": 94.0545,
        "Length_m": 19.038,
        "Width_m": 19.038,
        "Height_m": 4.911438,
        "Area_Sqm": 184.236,
        "Activity": "Active",
        "Geomorpho": "Structural Origin - Moderately Dissected Hills and Valleys (Smdhv)",
        "Lithology": "Shale, siltstone, ferruginous sandstone & mudstone (Surma Group) 0485), Miocene",
        "LULC": "Deciduous Open Forest",
        "Triggering": "Rainfall",
        "Year": "2023",
        "Basin": "Brahmaputra Basin",
        "Sub_Basin": "Brahmaputra Upper",
        "Source": "RESOURCESAT-2, 2A, 10m CARTODEM, NGLM 50k(2011-2012), Lithology-GSI 50k(2011), SISDP-P2-LULC 10k(2018-2023) & India-WRIS"
      }
    },
    {
      "type": "Feature",
      "id": "LS_NAGALAND_2023.963",
      "geometry": {
        "type": "MultiPolygon",
        "coordinates": [
          [
            [
              [
                94.05440132,
                26.04140532
              ],
              [
                94.05440132,
                26.04158926
              ],
              [
                94.05475051,
                26.04158926
              ],
              [
                94.05475051,
                26.04140532
              ],
              [
                94.05440132,
                26.04140532
              ]
            ]
          ]
        ]
      },
      "geometry_name": "the_geom",
      "properties": {
        "Slide_No": "NL/WO/83J4/2023/43",
        "State": "NAGALAND",
        "District": "WOKHA",
        "Topo_No": "83J4",
        "Latitude": 26.0415,
        "Longitude": 94.0546,
        "Length_m": 34.952,
        "Width_m": 19.408,
        "Height_m": 14.638733,
        "Area_Sqm": 569.566,
        "Activity": "Active",
        "Geomorpho": "Structural Origin - Moderately Dissected Hills and Valleys (Smdhv)",
        "Lithology": "Shale, siltstone, ferruginous sandstone & mudstone (Surma Group) 0485), Miocene",
        "LULC": "Deciduous Open Forest",
        "Triggering": "Rainfall",
        "Year": "2023",
        "Basin": "Brahmaputra Basin",
        "Sub_Basin": "Brahmaputra Upper",
        "Source": "RESOURCESAT-2, 2A, 10m CARTODEM, NGLM 50k(2011-2012), Lithology-GSI 50k(2011), SISDP-P2-LULC 10k(2018-2023) & India-WRIS"
      }
    }
  ],
  "totalFeatures": "unknown",
  "numberReturned": 592,
  "timeStamp": "2026-09-09T15:39:13.006Z",
  "crs": {
    "type": "name",
    "properties": {
      "name": "urn:ogc:def:crs:EPSG::4326"
    }
  }
}