{
  "type": "FeatureCollection",
  "features": [
    {
      "type": "Feature",
      "id": "LS_SIKKIM_2023.1",
      "geometry": {
        "type": "MultiPolygon",
        "coordinates": [
          [
            [
              [
                88.12834413,
                27.12663309
              ],
              [
                88.12834413,
                27.12852009
              ],
              [
                88.12964201,
                27.12852009
              ],
              [
                88.12964201,
                27.12663309
              ],
              [
                88.12834413,
                27.12663309
              ]
            ]
          ]
        ]
      },
      "geometry_name": "the_geom",
      "properties": {
        "Slide_No": "SK /SRG /78A4 /2023 /2",
        "State": "SIKKIM",
        "District": "SORENG",
        "Toposheet": "78A4",
        "Latitude": 27.1275,
        "Longitude": 88.1289,
        "Length": 240.283,
        "Width": 61.349,
        "Height": 16.6579589844,
        "Area": 7162.62169869,
        "Activity": "Active",
        "Geomorphol": "Moderately Dissected Structural Hills and Valleys",
        "Lithology": "BANDED MIGMATITE, GARNET BT GNEISS,MICA SCHIST",
        "LULC": "Semi- Evergreen Open Forest",
        "Triggering": "Rainfall",
        "Year": "2023",
        "Basin": "Brahmaputra Basin",
        "Sub_Basin": "Brahmaputra Lower",
        "Source": "RESOURCESAT-2 LISS IV, 10m CARTODEM, Geomorphology 50K, LULC 10k(2018-2023), India-WRIS"
      }
    },
    {
      "type": "Feature",
      "id": "LS_SIKKIM_2023.2",
      "geometry": {
        "type": "MultiPolygon",
        "coordinates": [
          [
            [
              [
                88.12289626,
                27.1240232
              ],
              [
                88.12289626,
                27.12455609
              ],
              [
                88.12345033,
                27.12455609
              ],
              [
                88.12345033,
                27.1240232
              ],
              [
                88.12289626,
                27.1240232
              ]
            ]
          ]
        ]
      },
      "geometry_name": "the_geom",
      "properties": {
        "Slide_No": "SK /SRG /78A4 /2023 /3",
        "State": "SIKKIM",
        "District": "SORENG",
        "Toposheet": "78A4",
        "Latitude": 27.1243,
        "Longitude": 88.1232,
        "Length": 67.864,
        "Width": 36.495,
        "Height": 143.75012207,
        "Area": 1855.72569511,
        "Activity": "Active",
        "Geomorphol": "Moderately Dissected Structural Hills and Valleys",
        "Lithology": "BANDED MIGMATITE, GARNET BT GNEISS,MICA SCHIST",
        "LULC": "Wasteland - Dense Scrub Land",
        "Triggering": "Rainfall",
        "Year": "2023",
        "Basin": "Brahmaputra Basin",
        "Sub_Basin": "Brahmaputra Lower",
        "Source": "RESOURCESAT-2 LISS IV, 10m CARTODEM, Geomorphology 50K, LULC 10k(2018-2023), India-WRIS"
      }
    },
    {
      "type": "Feature",
      "id": "LS_SIKKIM_2023.3",
      "geometry": {
        "type": "MultiPolygon",
        "coordinates": [
          [
            [
              [
                88.13014445,
                27.12575855
              ],
              [
                88.13014445,
                27.12615114
              ],
              [
                88.13066398,
                27.12615114
              ],
              [
                88.13066398,
                27.12575855
              ],
              [
                88.13014445,
                27.12575855
              ]
            ]
          ]
        ]
      },
      "geometry_name": "the_geom",
      "properties": {
        "Slide_No": "SK /SRG /78A4 /2023 /4",
        "State": "SIKKIM",
        "District": "SORENG",
        "Toposheet": "78A4",
        "Latitude": 27.126,
        "Longitude": 88.1304,
        "Length": 57.689,
        "Width": 36.495,
        "Height": 21.8739013672,
        "Area": 1265.88307816,
        "Activity": "Active",
        "Geomorphol": "Moderately Dissected Structural Hills and Valleys",
        "Lithology": "BANDED MIGMATITE, GARNET BT GNEISS,MICA SCHIST",
        "LULC": "Wasteland - Dense Scrub Land",
        "Triggering": "Rainfall",
        "Year": "2023",
        "Basin": "Brahmaputra Basin",
        "Sub_Basin": "Brahmaputra Lower",
        "Source": "RESOURCESAT-2 LISS IV, 10m CARTODEM, Geomorphology 50K, LULC 10k(2018-2023), India-WRIS"
      }
    },
    {
      "type": "Feature",
      "id": "LS_SIKKIM_2023.4",
      "geometry": {
        "type": "MultiPolygon",
        "coordinates": [
          [
            [
              [
                88.13008569,
                27.12618817
              ],
              [
                88.13008569,
                27.12651168
              ],
              [
                88.13031669,
                27.12651168
              ],
              [
                88.13031669,
                27.12618817
              ],
              [
                88.13008569,
                27.12618817
              ]
            ]
          ]
        ]
      },
      "geometry_name": "the_geom",
      "properties": {
        "Slide_No": "SK /SRG /78A4 /2023 /5",
        "State": "SIKKIM",
        "District": "SORENG",
        "Toposheet": "78A4",
        "Latitude": 27.1263,
        "Longitude": 88.1302,
        "Length": 35.762,
        "Width": 22.853,
        "Height": 20,
        "Area": 613.637691026,
        "Activity": "Active",
        "Geomorphol": "Moderately Dissected Structural Hills and Valleys",
        "Lithology": "BANDED MIGMATITE, GARNET BT GNEISS,MICA SCHIST",
        "LULC": "Wasteland - Dense Scrub Land",
        "Triggering": "Rainfall",
        "Year": "2023",
        "Basin": "Brahmaputra Basin",
        "Sub_Basin": "Brahmaputra Lower",
        "Source": "RESOURCESAT-2 LISS IV, 10m CARTODEM, Geomorphology 50K, LULC 10k(2018-2023), India-WRIS"
      }
    },
    {
      "type": "Feature",
      "id": "LS_SIKKIM_2023.5",
      "geometry": {
        "type": "MultiPolygon",
        "coordinates": [
          [
            [
              [
                88.13368417,
                27.12178551
              ],
              [
                88.13368417,
                27.12234821
              ],
              [
                88.13496714,
                27.12234821
              ],
              [
                88.13496714,
                27.12178551
              ],
              [
                88.13368417,
                27.12178551
              ]
            ]
          ]
        ]
      },
      "geometry_name": "the_geom",
      "properties": {
        "Slide_No": "SK /SRG /78A4 /2023 /6",
        "State": "SIKKIM",
        "District": "SORENG",
        "Toposheet": "78A4",
        "Latitude": 27.1221,
        "Longitude": 88.1343,
        "Length": 130.061,
        "Width": 57.478,
        "Height": 35,
        "Area": 4423.95569398,
        "Activity": "Active",
        "Geomorphol": "Moderately Dissected Structural Hills and Valleys",
        "Lithology": "BANDED MIGMATITE, GARNET BT GNEISS,MICA SCHIST",
        "LULC": "Wasteland - Dense Scrub Land",
        "Triggering": "Rainfall",
        "Year": "2023",
        "Basin": "Brahmaputra Basin",
        "Sub_Basin": "Brahmaputra Lower",
        "Source": "RESOURCESAT-2 LISS IV, 10m CARTODEM, Geomorphology 50K, LULC 10k(2018-2023), India-WRIS"
      }
    },
    {
      "type": "Feature",
      "id": "LS_SIKKIM_2023.6",
      "geometry": {
        "type": "MultiPolygon",
        "coordinates": [
          [
            [
              [
                88.16640065,
                27.12765749
              ],
              [
                88.16640065,
                27.12805469
              ],
              [
                88.16672016,
                27.12805469
              ],
              [
                88.16672016,
                27.12765749
              ],
              [
                88.16640065,
                27.12765749
              ]
            ]
          ]
        ]
      },
      "geometry_name": "the_geom",
      "properties": {
        "Slide_No": "SK /SRG /78A4 /2023 /7",
        "State": "SIKKIM",
        "District": "SORENG",
        "Toposheet": "78A4",
        "Latitude": 27.1279,
        "Longitude": 88.1666,
        "Length": 43.429,
        "Width": 22.145,
        "Height": 27.9973144531,
        "Area": 766.690739481,
        "Activity": "Active",
        "Geomorphol": "Moderately Dissected Structural Hills and Valleys",
        "Lithology": "BANDED MIGMATITE, GARNET BT GNEISS,MICA SCHIST",
        "LULC": "Semi- Evergreen Open Forest",
        "Triggering": "Rainfall",
        "Year": "2023",
        "Basin": "Brahmaputra Basin",
        "Sub_Basin": "Brahmaputra Lower",
        "Source": "RESOURCESAT-2 LISS IV, 10m CARTODEM, Geomorphology 50K, LULC 10k(2018-2023), India-WRIS"
      }
    },
    {
      "type": "Feature",
      "id": "LS_SIKKIM_2023.7",
      "geometry": {
        "type": "MultiPolygon",
        "coordinates": [
          [
            [
              [
                88.16870457,
                27.12760829
              ],
              [
                88.16870457,
                27.12788132
              ],
              [
                88.16914862,
                27.12788132
              ],
              [
                88.16914862,
                27.12760829
              ],
              [
                88.16870457,
                27.12760829
              ]
            ]
          ]
        ]
      },
      "geometry_name": "the_geom",
      "properties": {
        "Slide_No": "SK /SRG /78A4 /2023 /8",
        "State": "SIKKIM",
        "District": "SORENG",
        "Toposheet": "78A4",
        "Latitude": 27.1277,
        "Longitude": 88.1689,
        "Length": 44.163,
        "Width": 27.888,
        "Height": 36,
        "Area": 973.572739807,
        "Activity": "Active",
        "Geomorphol": "Moderately Dissected Structural Hills and Valleys",
        "Lithology": "BANDED MIGMATITE, GARNET BT GNEISS,MICA SCHIST",
        "LULC": "Semi- Evergreen Open Forest",
        "Triggering": "Rainfall",
        "Year": "2023",
        "Basin": "Brahmaputra Basin",
        "Sub_Basin": "Brahmaputra Lower",
        "Source": "RESOURCESAT-2 LISS IV, 10m CARTODEM, Geomorphology 50K, LULC 10k(2018-2023), India-WRIS"
      }
    },
    {
      "type": "Feature",
      "id": "LS_SIKKIM_2023.8",
      "geometry": {
        "type": "MultiPolygon",
        "coordinates": [
          [
            [
              [
                88.09457285,
                27.13589025
              ],
              [
                88.09457285,
                27.13813186
              ],
              [
                88.09804817,
                27.13813186
              ],
              [
                88.09804817,
                27.13589025
              ],
              [
                88.09457285,
                27.13589025
              ]
            ]
          ]
        ]
      },
      "geometry_name": "the_geom",
      "properties": {
        "Slide_No": "SK /SRG /78A4 /2023 /9",
        "State": "SIKKIM",
        "District": "SORENG",
        "Toposheet": "78A4",
        "Latitude": 27.1373,
        "Longitude": 88.0969,
        "Length": 231.487,
        "Width": 216,
        "Height": 23.6802368164,
        "Area": 19286.6173408,
        "Activity": "Active",
        "Geomorphol": "Moderately Dissected Structural Hills and Valleys",
        "Lithology": "BANDED MIGMATITE, GARNET BT GNEISS,MICA SCHIST",
        "LULC": "Wasteland - Dense Scrub Land",
        "Triggering": "Rainfall",
        "Year": "2023",
        "Basin": "Brahmaputra Basin",
        "Sub_Basin": "Brahmaputra Lower",
        "Source": "RESOURCESAT-2 LISS IV, 10m CARTODEM, Geomorphology 50K, LULC 10k(2018-2023), India-WRIS"
      }
    },
    {
      "type": "Feature",
      "id": "LS_SIKKIM_2023.9",
      "geometry": {
        "type": "MultiPolygon",
        "coordinates": [
          [
            [
              [
                88.09684719,
                27.13503762
              ],
              [
                88.09684719,
                27.1354954
              ],
              [
                88.09734943,
                27.1354954
              ],
              [
                88.09734943,
                27.13503762
              ],
              [
                88.09684719,
                27.13503762
              ]
            ]
          ]
        ]
      },
      "geometry_name": "the_geom",
      "properties": {
        "Slide_No": "SK /SRG /78A4 /2023 /10",
        "State": "SIKKIM",
        "District": "SORENG",
        "Toposheet": "78A4",
        "Latitude": 27.1353,
        "Longitude": 88.0971,
        "Length": 50.305,
        "Width": 44.659,
        "Height": 133.674316406,
        "Area": 1315.76926367,
        "Activity": "Active",
        "Geomorphol": "Moderately Dissected Structural Hills and Valleys",
        "Lithology": "BANDED MIGMATITE, GARNET BT GNEISS,MICA SCHIST",
        "LULC": "Wasteland - Dense Scrub Land",
        "Triggering": "Rainfall",
        "Year": "2023",
        "Basin": "Brahmaputra Basin",
        "Sub_Basin": "Brahmaputra Lower",
        "Source": "RESOURCESAT-2 LISS IV, 10m CARTODEM, Geomorphology 50K, LULC 10k(2018-2023), India-WRIS"
      }
    },
    {
      "type": "Feature",
      "id": "LS_SIKKIM_2023.10",
      "geometry": {
        "type": "MultiPolygon",
        "coordinates": [
          [
            [
              [
                88.16626692,
                27.12304767
              ],
              [
                88.16626692,
                27.12414936
              ],
              [
                88.16803129,
                27.12414936
              ],
              [
                88.16803129,
                27.12304767
              ],
              [
                88.16626692,
                27.12304767
              ]
            ]
          ]
        ]
      },
      "geometry_name": "the_geom",
      "properties": {
        "Slide_No": "SK /SRG /78A4 /2023 /11",
        "State": "SIKKIM",
        "District": "SORENG",
        "Toposheet": "78A4",
        "Latitude": 27.1237,
        "Longitude": 88.1669,
        "Length": 159.433,
        "Width": 123.524,
        "Height": 46,
        "Area": 9300.30375949,
        "Activity": "Active",
        "Geomorphol": "Moderately Dissected Structural Hills and Valleys",
        "Lithology": "BANDED MIGMATITE, GARNET BT GNEISS,MICA SCHIST",
        "LULC": "Wasteland - Dense Scrub Land",
        "Triggering": "Rainfall",
        "Year": "2023",
        "Basin": "Brahmaputra Basin",
        "Sub_Basin": "Brahmaputra Lower",
        "Source": "RESOURCESAT-2 LISS IV, 10m CARTODEM, Geomorphology 50K, LULC 10k(2018-2023), India-WRIS"
      }
    },
    {
      "type": "Feature",
      "id": "LS_SIKKIM_2023.11",
      "geometry": {
        "type": "MultiPolygon",
        "coordinates": [
          [
            [
              [
                88.16861376,
                27.12420483
              ],
              [
                88.16861376,
                27.12449289
              ],
              [
                88.16876795,
                27.12449289
              ],
              [
                88.16876795,
                27.12420483
              ],
              [
                88.16861376,
                27.12420483
              ]
            ]
          ]
        ]
      },
      "geometry_name": "the_geom",
      "properties": {
        "Slide_No": "SK /SRG /78A4 /2023 /12",
        "State": "SIKKIM",
        "District": "SORENG",
        "Toposheet": "78A4",
        "Latitude": 27.1243,
        "Longitude": 88.1687,
        "Length": 30.725,
        "Width": 15.2,
        "Height": 45.2944335938,
        "Area": 303.288675358,
        "Activity": "Active",
        "Geomorphol": "Moderately Dissected Structural Hills and Valleys",
        "Lithology": "BANDED MIGMATITE, GARNET BT GNEISS,MICA SCHIST",
        "LULC": "Agriculture - Single crop Land",
        "Triggering": "Rainfall",
        "Year": "2023",
        "Basin": "Brahmaputra Basin",
        "Sub_Basin": "Brahmaputra Lower",
        "Source": "RESOURCESAT-2 LISS IV, 10m CARTODEM, Geomorphology 50K, LULC 10k(2018-2023), India-WRIS"
      }
    },
    {
      "type": "Feature",
      "id": "LS_SIKKIM_2023.12",
      "geometry": {
        "type": "MultiPolygon",
        "coordinates": [
          [
            [
              [
                88.17247495,
                27.15956797
              ],
              [
                88.17247495,
                27.15999627
              ],
              [
                88.17279041,
                27.15999627
              ],
              [
                88.17279041,
                27.15956797
              ],
              [
                88.17247495,
                27.15956797
              ]
            ]
          ]
        ]
      },
      "geometry_name": "the_geom",
      "properties": {
        "Slide_No": "SK /SRG /78A4 /2023 /13",
        "State": "SIKKIM",
        "District": "SORENG",
        "Toposheet": "78A4",
        "Latitude": 27.1598,
        "Longitude": 88.1726,
        "Length": 48.405,
        "Width": 29.035,
        "Height": 12,
        "Area": 954.749858199,
        "Activity": "Active",
        "Geomorphol": "Moderately Dissected Structural Hills and Valleys",
        "Lithology": "BANDED MIGMATITE, GARNET BT GNEISS,MICA SCHIST",
        "LULC": "Wasteland - Dense Scrub Land",
        "Triggering": "Rainfall",
        "Year": "2023",
        "Basin": "Brahmaputra Basin",
        "Sub_Basin": "Brahmaputra Lower",
        "Source": "RESOURCESAT-2 LISS IV, 10m CARTODEM, Geomorphology 50K, LULC 10k(2018-2023), India-WRIS"
      }
    },
    {
      "type": "Feature",
      "id": "LS_SIKKIM_2023.13",
      "geometry": {
        "type": "MultiPolygon",
        "coordinates": [
          [
            [
              [
                88.19214687,
                27.15706583
              ],
              [
                88.19214687,
                27.15731912
              ],
              [
                88.19276054,
                27.15731912
              ],
              [
                88.19276054,
                27.15706583
              ],
              [
                88.19214687,
                27.15706583
              ]
            ]
          ]
        ]
      },
      "geometry_name": "the_geom",
      "properties": {
        "Slide_No": "SK /SRG /78A4 /2023 /14",
        "State": "SIKKIM",
        "District": "SORENG",
        "Toposheet": "78A4",
        "Latitude": 27.1572,
        "Longitude": 88.1924,
        "Length": 59.678,
        "Width": 28.186,
        "Height": 22,
        "Area": 1211.07777488,
        "Activity": "Active",
        "Geomorphol": "Moderately Dissected Structural Hills and Valleys",
        "Lithology": "CHLORITE SERICITE SCHIST AND QUARTZITE",
        "LULC": "Evergreen Closed Forest",
        "Triggering": "Rainfall",
        "Year": "2023",
        "Basin": "Brahmaputra Basin",
        "Sub_Basin": "Brahmaputra Lower",
        "Source": "RESOURCESAT-2 LISS IV, 10m CARTODEM, Geomorphology 50K, LULC 10k(2018-2023), India-WRIS"
      }
    },
    {
      "type": "Feature",
      "id": "LS_SIKKIM_2023.14",
      "geometry": {
        "type": "MultiPolygon",
        "coordinates": [
          [
            [
              [
                88.20131717,
                27.15765712
              ],
              [
                88.20131717,
                27.15816384
              ],
              [
                88.20167347,
                27.15816384
              ],
              [
                88.20167347,
                27.15765712
              ],
              [
                88.20131717,
                27.15765712
              ]
            ]
          ]
        ]
      },
      "geometry_name": "the_geom",
      "properties": {
        "Slide_No": "SK /SRG /78A4 /2023 /15",
        "State": "SIKKIM",
        "District": "SORENG",
        "Toposheet": "78A4",
        "Latitude": 27.1579,
        "Longitude": 88.2015,
        "Length": 56.086,
        "Width": 35.294,
        "Height": 8.52465820313,
        "Area": 1422.56437347,
        "Activity": "Reactivated",
        "Geomorphol": "Moderately Dissected Structural Hills and Valleys",
        "Lithology": "META GREYWACKE",
        "LULC": "Wasteland - Dense Scrub Land",
        "Triggering": "Rainfall",
        "Year": "2023",
        "Basin": "Brahmaputra Basin",
        "Sub_Basin": "Brahmaputra Lower",
        "Source": "RESOURCESAT-2 LISS IV, 10m CARTODEM, Geomorphology 50K, LULC 10k(2018-2023), India-WRIS"
      }
    },
    {
      "type": "Feature",
      "id": "LS_SIKKIM_2023.15",
      "geometry": {
        "type": "MultiPolygon",
        "coordinates": [
          [
            [
              [
                88.20704305,
                27.15543624
              ],
              [
                88.20704305,
                27.15668856
              ],
              [
                88.20816458,
                27.15668856
              ],
              [
                88.20816458,
                27.15543624
              ],
              [
                88.20704305,
                27.15543624
              ]
            ]
          ]
        ]
      },
      "geometry_name": "the_geom",
      "properties": {
        "Slide_No": "SK /SRG /78A4 /2023 /16",
        "State": "SIKKIM",
        "District": "SORENG",
        "Toposheet": "78A4",
        "Latitude": 27.156,
        "Longitude": 88.2076,
        "Length": 136.123,
        "Width": 107.813,
        "Height": 19.2105712891,
        "Area": 8730.63131838,
        "Activity": "Reactivated",
        "Geomorphol": "Moderately Dissected Structural Hills and Valleys",
        "Lithology": "CHLORITE SERICITE SCHIST AND QUARTZITE",
        "LULC": "Agriculture - Single crop Land",
        "Triggering": "Rainfall",
        "Year": "2023",
        "Basin": "Brahmaputra Basin",
        "Sub_Basin": "Brahmaputra Lower",
        "Source": "RESOURCESAT-2 LISS IV, 10m CARTODEM, Geomorphology 50K, LULC 10k(2018-2023), India-WRIS"
      }
    },
    {
      "type": "Feature",
      "id": "LS_SIKKIM_2023.16",
      "geometry": {
        "type": "MultiPolygon",
        "coordinates": [
          [
            [
              [
                88.22037647,
                27.2283972
              ],
              [
                88.22037647,
                27.22877791
              ],
              [
                88.22065281,
                27.22877791
              ],
              [
                88.22065281,
                27.2283972
              ],
              [
                88.22037647,
                27.2283972
              ]
            ]
          ]
        ]
      },
      "geometry_name": "the_geom",
      "properties": {
        "Slide_No": "SK /SRG /78A4 /2023 /17",
        "State": "SIKKIM",
        "District": "SORENG",
        "Toposheet": "78A4",
        "Latitude": 27.2286,
        "Longitude": 88.2205,
        "Length": 41.491,
        "Width": 26.74,
        "Height": 73.8477783203,
        "Area": 789.405315325,
        "Activity": "Active",
        "Geomorphol": "Moderately Dissected Structural Hills and Valleys",
        "Lithology": "BANDED MIGMATITE, GARNET BT GNEISS,MICA SCHIST",
        "LULC": "Evergreen Closed Forest",
        "Triggering": "Rainfall",
        "Year": "2023",
        "Basin": "Brahmaputra Basin",
        "Sub_Basin": "Brahmaputra Lower",
        "Source": "RESOURCESAT-2 LISS IV, 10m CARTODEM, Geomorphology 50K, LULC 10k(2018-2023), India-WRIS"
      }
    },
    {
      "type": "Feature",
      "id": "LS_SIKKIM_2023.17",
      "geometry": {
        "type": "MultiPolygon",
        "coordinates": [
          [
            [
              [
                88.2250033,
                27.22488218
              ],
              [
                88.2250033,
                27.22516846
              ],
              [
                88.22530978,
                27.22516846
              ],
              [
                88.22530978,
                27.22488218
              ],
              [
                88.2250033,
                27.22488218
              ]
            ]
          ]
        ]
      },
      "geometry_name": "the_geom",
      "properties": {
        "Slide_No": "SK /SRG /78A4 /2023 /18",
        "State": "SIKKIM",
        "District": "SORENG",
        "Toposheet": "78A4",
        "Latitude": 27.225,
        "Longitude": 88.2252,
        "Length": 32.506,
        "Width": 27.889,
        "Height": 10,
        "Area": 692.117408975,
        "Activity": "Active",
        "Geomorphol": "Moderately Dissected Structural Hills and Valleys",
        "Lithology": "CHLORITE SERICITE SCHIST AND QUARTZITE",
        "LULC": "Evergreen Closed Forest",
        "Triggering": "Rainfall",
        "Year": "2023",
        "Basin": "Brahmaputra Basin",
        "Sub_Basin": "Brahmaputra Lower",
        "Source": "RESOURCESAT-2 LISS IV, 10m CARTODEM, Geomorphology 50K, LULC 10k(2018-2023), India-WRIS"
      }
    },
    {
      "type": "Feature",
      "id": "LS_SIKKIM_2023.18",
      "geometry": {
        "type": "MultiPolygon",
        "coordinates": [
          [
            [
              [
                88.15705402,
                27.19363122
              ],
              [
                88.15705402,
                27.19401772
              ],
              [
                88.15746755,
                27.19401772
              ],
              [
                88.15746755,
                27.19363122
              ],
              [
                88.15705402,
                27.19363122
              ]
            ]
          ]
        ]
      },
      "geometry_name": "the_geom",
      "properties": {
        "Slide_No": "SK /SRG /78A4 /2023 /19",
        "State": "SIKKIM",
        "District": "SORENG",
        "Toposheet": "78A4",
        "Latitude": 27.1938,
        "Longitude": 88.1573,
        "Length": 42.852,
        "Width": 40.166,
        "Height": 28,
        "Area": 1267.64395094,
        "Activity": "Active",
        "Geomorphol": "Moderately Dissected Structural Hills and Valleys",
        "Lithology": "BANDED MIGMATITE, GARNET BT GNEISS,MICA SCHIST",
        "LULC": "Evergreen Closed Forest",
        "Triggering": "Rainfall",
        "Year": "2023",
        "Basin": "Brahmaputra Basin",
        "Sub_Basin": "Brahmaputra Lower",
        "Source": "RESOURCESAT-2 LISS IV, 10m CARTODEM, Geomorphology 50K, LULC 10k(2018-2023), India-WRIS"
      }
    },
    {
      "type": "Feature",
      "id": "LS_SIKKIM_2023.19",
      "geometry": {
        "type": "MultiPolygon",
        "coordinates": [
          [
            [
              [
                88.15129598,
                27.20399771
              ],
              [
                88.15129598,
                27.20534408
              ],
              [
                88.15169729,
                27.20534408
              ],
              [
                88.15169729,
                27.20399771
              ],
              [
                88.15129598,
                27.20399771
              ]
            ]
          ]
        ]
      },
      "geometry_name": "the_geom",
      "properties": {
        "Slide_No": "SK /SRG /78A4 /2023 /20",
        "State": "SIKKIM",
        "District": "SORENG",
        "Toposheet": "78A4",
        "Latitude": 27.2047,
        "Longitude": 88.1515,
        "Length": 149.404,
        "Width": 37.076,
        "Height": 12.0041503906,
        "Area": 3002.91748623,
        "Activity": "Active",
        "Geomorphol": "Moderately Dissected Structural Hills and Valleys",
        "Lithology": "BANDED MIGMATITE, GARNET BT GNEISS,MICA SCHIST",
        "LULC": "Evergreen Closed Forest",
        "Triggering": "Rainfall",
        "Year": "2023",
        "Basin": "Brahmaputra Basin",
        "Sub_Basin": "Brahmaputra Lower",
        "Source": "RESOURCESAT-2 LISS IV, 10m CARTODEM, Geomorphology 50K, LULC 10k(2018-2023), India-WRIS"
      }
    },
    {
      "type": "Feature",
      "id": "LS_SIKKIM_2023.20",
      "geometry": {
        "type": "MultiPolygon",
        "coordinates": [
          [
            [
              [
                88.151387,
                27.201809
              ],
              [
                88.151387,
                27.20248841
              ],
              [
                88.15167371,
                27.20248841
              ],
              [
                88.15167371,
                27.201809
              ],
              [
                88.151387,
                27.201809
              ]
            ]
          ]
        ]
      },
      "geometry_name": "the_geom",
      "properties": {
        "Slide_No": "SK /SRG /78A4 /2023 /21",
        "State": "SIKKIM",
        "District": "SORENG",
        "Toposheet": "78A4",
        "Latitude": 27.2021,
        "Longitude": 88.1515,
        "Length": 76.371,
        "Width": 24.123,
        "Height": 79.4453125,
        "Area": 1347.44701388,
        "Activity": "Active",
        "Geomorphol": "Moderately Dissected Structural Hills and Valleys",
        "Lithology": "BANDED MIGMATITE, GARNET BT GNEISS,MICA SCHIST",
        "LULC": "Evergreen Closed Forest",
        "Triggering": "Rainfall",
        "Year": "2023",
        "Basin": "Brahmaputra Basin",
        "Sub_Basin": "Brahmaputra Lower",
        "Source": "RESOURCESAT-2 LISS IV, 10m CARTODEM, Geomorphology 50K, LULC 10k(2018-2023), India-WRIS"
      }
    },
    {
      "type": "Feature",
      "id": "LS_SIKKIM_2023.21",
      "geometry": {
        "type": "MultiPolygon",
        "coordinates": [
          [
            [
              [
                88.1352605,
                27.19718874
              ],
              [
                88.1352605,
                27.19770863
              ],
              [
                88.13557944,
                27.19770863
              ],
              [
                88.13557944,
                27.19718874
              ],
              [
                88.1352605,
                27.19718874
              ]
            ]
          ]
        ]
      },
      "geometry_name": "the_geom",
      "properties": {
        "Slide_No": "SK /SRG /78A4 /2023 /22",
        "State": "SIKKIM",
        "District": "SORENG",
        "Toposheet": "78A4",
        "Latitude": 27.1974,
        "Longitude": 88.1354,
        "Length": 56.442,
        "Width": 25.098,
        "Height": 22.6223144531,
        "Area": 1154.41912753,
        "Activity": "Active",
        "Geomorphol": "Moderately Dissected Structural Hills and Valleys",
        "Lithology": "BANDED MIGMATITE, GARNET BT GNEISS,MICA SCHIST",
        "LULC": "Evergreen Closed Forest",
        "Triggering": "Rainfall",
        "Year": "2023",
        "Basin": "Brahmaputra Basin",
        "Sub_Basin": "Brahmaputra Lower",
        "Source": "RESOURCESAT-2 LISS IV, 10m CARTODEM, Geomorphology 50K, LULC 10k(2018-2023), India-WRIS"
      }
    },
    {
      "type": "Feature",
      "id": "LS_SIKKIM_2023.22",
      "geometry": {
        "type": "MultiPolygon",
        "coordinates": [
          [
            [
              [
                88.13459848,
                27.19499576
              ],
              [
                88.13459848,
                27.19534049
              ],
              [
                88.13504641,
                27.19534049
              ],
              [
                88.13504641,
                27.19499576
              ],
              [
                88.13459848,
                27.19499576
              ]
            ]
          ]
        ]
      },
      "geometry_name": "the_geom",
      "properties": {
        "Slide_No": "SK /SRG /78A4 /2023 /23",
        "State": "SIKKIM",
        "District": "SORENG",
        "Toposheet": "78A4",
        "Latitude": 27.1952,
        "Longitude": 88.1348,
        "Length": 41.671,
        "Width": 39.941,
        "Height": 21.9819335938,
        "Area": 1260.36323949,
        "Activity": "Active",
        "Geomorphol": "Moderately Dissected Structural Hills and Valleys",
        "Lithology": "BANDED MIGMATITE, GARNET BT GNEISS,MICA SCHIST",
        "LULC": "Evergreen Closed Forest",
        "Triggering": "Rainfall",
        "Year": "2023",
        "Basin": "Brahmaputra Basin",
        "Sub_Basin": "Brahmaputra Lower",
        "Source": "RESOURCESAT-2 LISS IV, 10m CARTODEM, Geomorphology 50K, LULC 10k(2018-2023), India-WRIS"
      }
    },
    {
      "type": "Feature",
      "id": "LS_SIKKIM_2023.23",
      "geometry": {
        "type": "MultiPolygon",
        "coordinates": [
          [
            [
              [
                88.16225457,
                27.17132508
              ],
              [
                88.16225457,
                27.17172817
              ],
              [
                88.16305476,
                27.17172817
              ],
              [
                88.16305476,
                27.17132508
              ],
              [
                88.16225457,
                27.17132508
              ]
            ]
          ]
        ]
      },
      "geometry_name": "the_geom",
      "properties": {
        "Slide_No": "SK /SRG /78A4 /2023 /24",
        "State": "SIKKIM",
        "District": "SORENG",
        "Toposheet": "78A4",
        "Latitude": 27.1715,
        "Longitude": 88.1627,
        "Length": 79.93,
        "Width": 43.685,
        "Height": 6,
        "Area": 2211.58662047,
        "Activity": "Active",
        "Geomorphol": "Moderately Dissected Structural Hills and Valleys",
        "Lithology": "QUARTZITE,MICA SCHIST, GNEISS,CALCGRANULITE",
        "LULC": "Evergreen Closed Forest",
        "Triggering": "Rainfall",
        "Year": "2023",
        "Basin": "Brahmaputra Basin",
        "Sub_Basin": "Brahmaputra Lower",
        "Source": "RESOURCESAT-2 LISS IV, 10m CARTODEM, Geomorphology 50K, LULC 10k(2018-2023), India-WRIS"
      }
    },
    {
      "type": "Feature",
      "id": "LS_SIKKIM_2023.24",
      "geometry": {
        "type": "MultiPolygon",
        "coordinates": [
          [
            [
              [
                88.14998613,
                27.15745932
              ],
              [
                88.14998613,
                27.15776616
              ],
              [
                88.15026273,
                27.15776616
              ],
              [
                88.15026273,
                27.15745932
              ],
              [
                88.14998613,
                27.15745932
              ]
            ]
          ]
        ]
      },
      "geometry_name": "the_geom",
      "properties": {
        "Slide_No": "SK /SRG /78A4 /2023 /25",
        "State": "SIKKIM",
        "District": "SORENG",
        "Toposheet": "78A4",
        "Latitude": 27.1576,
        "Longitude": 88.1501,
        "Length": 36.755,
        "Width": 21.312,
        "Height": 12.4285888672,
        "Area": 591.958534954,
        "Activity": "Active",
        "Geomorphol": "Moderately Dissected Structural Hills and Valleys",
        "Lithology": "BANDED MIGMATITE, GARNET BT GNEISS,MICA SCHIST",
        "LULC": "Evergreen Closed Forest",
        "Triggering": "Rainfall",
        "Year": "2023",
        "Basin": "Brahmaputra Basin",
        "Sub_Basin": "Brahmaputra Lower",
        "Source": "RESOURCESAT-2 LISS IV, 10m CARTODEM, Geomorphology 50K, LULC 10k(2018-2023), India-WRIS"
      }
    },
    {
      "type": "Feature",
      "id": "LS_SIKKIM_2023.25",
      "geometry": {
        "type": "MultiPolygon",
        "coordinates": [
          [
            [
              [
                88.17985716,
                27.13331474
              ],
              [
                88.17985716,
                27.13409204
              ],
              [
                88.18070834,
                27.13409204
              ],
              [
                88.18070834,
                27.13331474
              ],
              [
                88.17985716,
                27.13331474
              ]
            ]
          ]
        ]
      },
      "geometry_name": "the_geom",
      "properties": {
        "Slide_No": "SK /SRG /78A4 /2023 /26",
        "State": "SIKKIM",
        "District": "SORENG",
        "Toposheet": "78A4",
        "Latitude": 27.1337,
        "Longitude": 88.1803,
        "Length": 101.913,
        "Width": 39.374,
        "Height": 52,
        "Area": 2802.95884484,
        "Activity": "Active",
        "Geomorphol": "Moderately Dissected Structural Hills and Valleys",
        "Lithology": "QUARTZITE,MICA SCHIST, GNEISS,CALCGRANULITE",
        "LULC": "Agriculture - Single crop Land",
        "Triggering": "Rainfall",
        "Year": "2023",
        "Basin": "Brahmaputra Basin",
        "Sub_Basin": "Brahmaputra Lower",
        "Source": "RESOURCESAT-2 LISS IV, 10m CARTODEM, Geomorphology 50K, LULC 10k(2018-2023), India-WRIS"
      }
    },
    {
      "type": "Feature",
      "id": "LS_SIKKIM_2023.26",
      "geometry": {
        "type": "MultiPolygon",
        "coordinates": [
          [
            [
              [
                88.17592864,
                27.13224032
              ],
              [
                88.17592864,
                27.13260794
              ],
              [
                88.17617492,
                27.13260794
              ],
              [
                88.17617492,
                27.13224032
              ],
              [
                88.17592864,
                27.13224032
              ]
            ]
          ]
        ]
      },
      "geometry_name": "the_geom",
      "properties": {
        "Slide_No": "SK /SRG /78A4 /2023 /27",
        "State": "SIKKIM",
        "District": "SORENG",
        "Toposheet": "78A4",
        "Latitude": 27.1324,
        "Longitude": 88.176,
        "Length": 43.167,
        "Width": 18.95,
        "Height": 19.5392456055,
        "Area": 654.967921217,
        "Activity": "Active",
        "Geomorphol": "Moderately Dissected Structural Hills and Valleys",
        "Lithology": "BANDED MIGMATITE, GARNET BT GNEISS,MICA SCHIST",
        "LULC": "Wasteland - Dense Scrub Land",
        "Triggering": "Rainfall",
        "Year": "2023",
        "Basin": "Brahmaputra Basin",
        "Sub_Basin": "Brahmaputra Lower",
        "Source": "RESOURCESAT-2 LISS IV, 10m CARTODEM, Geomorphology 50K, LULC 10k(2018-2023), India-WRIS"
      }
    },
    {
      "type": "Feature",
      "id": "LS_SIKKIM_2023.27",
      "geometry": {
        "type": "MultiPolygon",
        "coordinates": [
          [
            [
              [
                88.17617135,
                27.1320797
              ],
              [
                88.17617135,
                27.13241164
              ],
              [
                88.17632839,
                27.13241164
              ],
              [
                88.17632839,
                27.1320797
              ],
              [
                88.17617135,
                27.1320797
              ]
            ]
          ]
        ]
      },
      "geometry_name": "the_geom",
      "properties": {
        "Slide_No": "SK /SRG /78A4 /2023 /28",
        "State": "SIKKIM",
        "District": "SORENG",
        "Toposheet": "78A4",
        "Latitude": 27.1322,
        "Longitude": 88.1763,
        "Length": 37.374,
        "Width": 14.491,
        "Height": 32,
        "Area": 406.551749551,
        "Activity": "Active",
        "Geomorphol": "Moderately Dissected Structural Hills and Valleys",
        "Lithology": "BANDED MIGMATITE, GARNET BT GNEISS,MICA SCHIST",
        "LULC": "Wasteland - Dense Scrub Land",
        "Triggering": "Rainfall",
        "Year": "2023",
        "Basin": "Brahmaputra Basin",
        "Sub_Basin": "Brahmaputra Lower",
        "Source": "RESOURCESAT-2 LISS IV, 10m CARTODEM, Geomorphology 50K, LULC 10k(2018-2023), India-WRIS"
      }
    },
    {
      "type": "Feature",
      "id": "LS_SIKKIM_2023.28",
      "geometry": {
        "type": "MultiPolygon",
        "coordinates": [
          [
            [
              [
                88.17929748,
                27.13266405
              ],
              [
                88.17929748,
                27.13337714
              ],
              [
                88.18012943,
                27.13337714
              ],
              [
                88.18012943,
                27.13266405
              ],
              [
                88.17929748,
                27.13266405
              ]
            ]
          ]
        ]
      },
      "geometry_name": "the_geom",
      "properties": {
        "Slide_No": "SK /SRG /78A4 /2023 /29",
        "State": "SIKKIM",
        "District": "SORENG",
        "Toposheet": "78A4",
        "Latitude": 27.133,
        "Longitude": 88.1797,
        "Length": 82.068,
        "Width": 49.148,
        "Height": 44,
        "Area": 3280.70487358,
        "Activity": "Active",
        "Geomorphol": "Moderately Dissected Structural Hills and Valleys",
        "Lithology": "QUARTZITE,MICA SCHIST, GNEISS,CALCGRANULITE",
        "LULC": "Agriculture - Single crop Land",
        "Triggering": "Rainfall",
        "Year": "2023",
        "Basin": "Brahmaputra Basin",
        "Sub_Basin": "Brahmaputra Lower",
        "Source": "RESOURCESAT-2 LISS IV, 10m CARTODEM, Geomorphology 50K, LULC 10k(2018-2023), India-WRIS"
      }
    },
    {
      "type": "Feature",
      "id": "LS_SIKKIM_2023.29",
      "geometry": {
        "type": "MultiPolygon",
        "coordinates": [
          [
            [
              [
                88.29975317,
                27.17293882
              ],
              [
                88.29975317,
                27.17321983
              ],
              [
                88.29998591,
                27.17321983
              ],
              [
                88.29998591,
                27.17293882
              ],
              [
                88.29975317,
                27.17293882
              ]
            ]
          ]
        ]
      },
      "geometry_name": "the_geom",
      "properties": {
        "Slide_No": "SK /SRG /78A8 /2023 /1",
        "State": "SIKKIM",
        "District": "SORENG",
        "Toposheet": "78A8",
        "Latitude": 27.1731,
        "Longitude": 88.2999,
        "Length": 31.268,
        "Width": 21.227,
        "Height": 29.3505859375,
        "Area": 472.366040181,
        "Activity": "Active",
        "Geomorphol": "Moderately Dissected Structural Hills and Valleys",
        "Lithology": "SANDSTONE,SHALE WITH MINOR COAL",
        "LULC": "Semi- Evergreen Open Forest",
        "Triggering": "Rainfall",
        "Year": "2023",
        "Basin": "Brahmaputra Basin",
        "Sub_Basin": "Brahmaputra Lower",
        "Source": "RESOURCESAT-2 LISS IV, 10m CARTODEM, Geomorphology 50K, LULC 10k(2018-2023), India-WRIS"
      }
    },
    {
      "type": "Feature",
      "id": "LS_SIKKIM_2023.30",
      "geometry": {
        "type": "MultiPolygon",
        "coordinates": [
          [
            [
              [
                88.26083966,
                27.15318384
              ],
              [
                88.26083966,
                27.15418943
              ],
              [
                88.26292814,
                27.15418943
              ],
              [
                88.26292814,
                27.15318384
              ],
              [
                88.26083966,
                27.15318384
              ]
            ]
          ]
        ]
      },
      "geometry_name": "the_geom",
      "properties": {
        "Slide_No": "SK /SRG /78A8 /2023 /2",
        "State": "SIKKIM",
        "District": "SORENG",
        "Toposheet": "78A8",
        "Latitude": 27.1538,
        "Longitude": 88.2618,
        "Length": 230.509,
        "Width": 43.407,
        "Height": 232,
        "Area": 4289.83322513,
        "Activity": "Active",
        "Geomorphol": "Moderately Dissected Structural Hills and Valleys",
        "Lithology": "META GREYWACKE",
        "LULC": "Wasteland - Dense Scrub Land",
        "Triggering": "Rainfall",
        "Year": "2023",
        "Basin": "Brahmaputra Basin",
        "Sub_Basin": "Brahmaputra Lower",
        "Source": "RESOURCESAT-2 LISS IV, 10m CARTODEM, Geomorphology 50K, LULC 10k(2018-2023), India-WRIS"
      }
    },
    {
      "type": "Feature",
      "id": "LS_SIKKIM_2023.31",
      "geometry": {
        "type": "MultiPolygon",
        "coordinates": [
          [
            [
              [
                88.26096047,
                27.1275735
              ],
              [
                88.26096047,
                27.12800511
              ],
              [
                88.26140421,
                27.12800511
              ],
              [
                88.26140421,
                27.1275735
              ],
              [
                88.26096047,
                27.1275735
              ]
            ]
          ]
        ]
      },
      "geometry_name": "the_geom",
      "properties": {
        "Slide_No": "SK /SRG /78A8 /2023 /3",
        "State": "SIKKIM",
        "District": "SORENG",
        "Toposheet": "78A8",
        "Latitude": 27.1278,
        "Longitude": 88.2612,
        "Length": 43.861,
        "Width": 43.725,
        "Height": 183.904541016,
        "Area": 1321.44568984,
        "Activity": "Active",
        "Geomorphol": "Moderately Dissected Structural Hills and Valleys",
        "Lithology": "CHLORITE SERICITE SCHIST AND QUARTZITE",
        "LULC": "Wasteland - Sparse Scrub Land",
        "Triggering": "Rainfall",
        "Year": "2023",
        "Basin": "Brahmaputra Basin",
        "Sub_Basin": "Brahmaputra Lower",
        "Source": "RESOURCESAT-2 LISS IV, 10m CARTODEM, Geomorphology 50K, LULC 10k(2018-2023), India-WRIS"
      }
    },
    {
      "type": "Feature",
      "id": "LS_SIKKIM_2023.32",
      "geometry": {
        "type": "MultiPolygon",
        "coordinates": [
          [
            [
              [
                88.25750972,
                27.12574994
              ],
              [
                88.25750972,
                27.12601207
              ],
              [
                88.25769286,
                27.12601207
              ],
              [
                88.25769286,
                27.12574994
              ],
              [
                88.25750972,
                27.12574994
              ]
            ]
          ]
        ]
      },
      "geometry_name": "the_geom",
      "properties": {
        "Slide_No": "SK /SRG /78A8 /2023 /4",
        "State": "SIKKIM",
        "District": "SORENG",
        "Toposheet": "78A8",
        "Latitude": 27.1259,
        "Longitude": 88.2576,
        "Length": 27.454,
        "Width": 18.277,
        "Height": 15,
        "Area": 395.051995328,
        "Activity": "Active",
        "Geomorphol": "Moderately Dissected Structural Hills and Valleys",
        "Lithology": "CHLORITE SERICITE SCHIST AND QUARTZITE",
        "LULC": "Wasteland - Dense Scrub Land",
        "Triggering": "Rainfall",
        "Year": "2023",
        "Basin": "Brahmaputra Basin",
        "Sub_Basin": "Brahmaputra Lower",
        "Source": "RESOURCESAT-2 LISS IV, 10m CARTODEM, Geomorphology 50K, LULC 10k(2018-2023), India-WRIS"
      }
    },
    {
      "type": "Feature",
      "id": "LS_SIKKIM_2023.33",
      "geometry": {
        "type": "MultiPolygon",
        "coordinates": [
          [
            [
              [
                88.31875841,
                27.18473242
              ],
              [
                88.31875841,
                27.18601775
              ],
              [
                88.32006945,
                27.18601775
              ],
              [
                88.32006945,
                27.18473242
              ],
              [
                88.31875841,
                27.18473242
              ]
            ]
          ]
        ]
      },
      "geometry_name": "the_geom",
      "properties": {
        "Slide_No": "SK /SRG /78A8 /2023 /5",
        "State": "SIKKIM",
        "District": "SORENG",
        "Toposheet": "78A8",
        "Latitude": 27.1854,
        "Longitude": 88.3195,
        "Length": 140.061,
        "Width": 120.317,
        "Height": 72,
        "Area": 12947.191713,
        "Activity": "Reactivated",
        "Geomorphol": "Moderately Dissected Structural Hills and Valleys",
        "Lithology": "SANDSTONE,SHALE WITH MINOR COAL",
        "LULC": "Wasteland - Gullied Land",
        "Triggering": "Rainfall",
        "Year": "2023",
        "Basin": "Brahmaputra Basin",
        "Sub_Basin": "Brahmaputra Lower",
        "Source": "RESOURCESAT-2 LISS IV, 10m CARTODEM, Geomorphology 50K, LULC 10k(2018-2023), India-WRIS"
      }
    },
    {
      "type": "Feature",
      "id": "LS_SIKKIM_2023.34",
      "geometry": {
        "type": "MultiPolygon",
        "coordinates": [
          [
            [
              [
                88.27776096,
                27.24392788
              ],
              [
                88.27776096,
                27.24486759
              ],
              [
                88.28035654,
                27.24486759
              ],
              [
                88.28035654,
                27.24392788
              ],
              [
                88.27776096,
                27.24392788
              ]
            ]
          ]
        ]
      },
      "geometry_name": "the_geom",
      "properties": {
        "Slide_No": "SK /SRG /78A8 /2023 /6",
        "State": "SIKKIM",
        "District": "SORENG",
        "Toposheet": "78A8",
        "Latitude": 27.2445,
        "Longitude": 88.2789,
        "Length": 268.548,
        "Width": 66.611,
        "Height": 56.0038146973,
        "Area": 9268.25902429,
        "Activity": "Active",
        "Geomorphol": "Moderately Dissected Structural Hills and Valleys",
        "Lithology": "CHLORITE SERICITE SCHIST AND QUARTZITE",
        "LULC": "Agriculture - Single crop Land",
        "Triggering": "Rainfall",
        "Year": "2023",
        "Basin": "Brahmaputra Basin",
        "Sub_Basin": "Brahmaputra Lower",
        "Source": "RESOURCESAT-2 LISS IV, 10m CARTODEM, Geomorphology 50K, LULC 10k(2018-2023), India-WRIS"
      }
    },
    {
      "type": "Feature",
      "id": "LS_SIKKIM_2023.35",
      "geometry": {
        "type": "MultiPolygon",
        "coordinates": [
          [
            [
              [
                88.04406872,
                27.24779082
              ],
              [
                88.04406872,
                27.24850404
              ],
              [
                88.04459235,
                27.24850404
              ],
              [
                88.04459235,
                27.24779082
              ],
              [
                88.04406872,
                27.24779082
              ]
            ]
          ]
        ]
      },
      "geometry_name": "the_geom",
      "properties": {
        "Slide_No": "SK /SRG /78A4 /2023 /30",
        "State": "SIKKIM",
        "District": "SORENG",
        "Toposheet": "78A4",
        "Latitude": 27.2481,
        "Longitude": 88.0443,
        "Length": 88.275,
        "Width": 35.046,
        "Height": 132.184692383,
        "Area": 2155.04914671,
        "Activity": "Active",
        "Geomorphol": "Highly Dissected Structural Hills and Valleys",
        "Lithology": "BANDED MIGMATITE, GARNET BT GNEISS,MICA SCHIST",
        "LULC": "Evergreen Closed Forest",
        "Triggering": "Rainfall",
        "Year": "2023",
        "Basin": "Brahmaputra Basin",
        "Sub_Basin": "Brahmaputra Lower",
        "Source": "RESOURCESAT-2 LISS IV, 10m CARTODEM, Geomorphology 50K, LULC 10k(2018-2023), India-WRIS"
      }
    },
    {
      "type": "Feature",
      "id": "LS_SIKKIM_2023.36",
      "geometry": {
        "type": "MultiPolygon",
        "coordinates": [
          [
            [
              [
                88.12972539,
                27.1263995
              ],
              [
                88.12972539,
                27.1268836
              ],
              [
                88.12997404,
                27.1268836
              ],
              [
                88.12997404,
                27.1263995
              ],
              [
                88.12972539,
                27.1263995
              ]
            ]
          ]
        ]
      },
      "geometry_name": "the_geom",
      "properties": {
        "Slide_No": "SK /SRG /78A4 /2023 /31",
        "State": "SIKKIM",
        "District": "SORENG",
        "Toposheet": "78A4",
        "Latitude": 27.1266,
        "Longitude": 88.1298,
        "Length": 57.446,
        "Width": 21.186,
        "Height": 37,
        "Area": 753.270459682,
        "Activity": "Active",
        "Geomorphol": "Moderately Dissected Structural Hills and Valleys",
        "Lithology": "BANDED MIGMATITE, GARNET BT GNEISS,MICA SCHIST",
        "LULC": "Wasteland - Dense Scrub Land",
        "Triggering": "Rainfall",
        "Year": "2023",
        "Basin": "Brahmaputra Basin",
        "Sub_Basin": "Brahmaputra Lower",
        "Source": "RESOURCESAT-2 LISS IV, 10m CARTODEM, Geomorphology 50K, LULC 10k(2018-2023), India-WRIS"
      }
    },
    {
      "type": "Feature",
      "id": "LS_SIKKIM_2023.37",
      "geometry": {
        "type": "MultiPolygon",
        "coordinates": [
          [
            [
              [
                88.15929652,
                27.1626041
              ],
              [
                88.15929652,
                27.16321895
              ],
              [
                88.15958825,
                27.16321895
              ],
              [
                88.15958825,
                27.1626041
              ],
              [
                88.15929652,
                27.1626041
              ]
            ]
          ]
        ]
      },
      "geometry_name": "the_geom",
      "properties": {
        "Slide_No": "SK /SRG /78A4 /2023 /32",
        "State": "SIKKIM",
        "District": "SORENG",
        "Toposheet": "78A4",
        "Latitude": 27.1629,
        "Longitude": 88.1595,
        "Length": 68.125,
        "Width": 28.612,
        "Height": 0.955261230469,
        "Area": 1421.34506087,
        "Activity": "Active",
        "Geomorphol": "Moderately Dissected Structural Hills and Valleys",
        "Lithology": "QUARTZITE,MICA SCHIST, GNEISS,CALCGRANULITE",
        "LULC": "Evergreen Closed Forest",
        "Triggering": "Rainfall",
        "Year": "2023",
        "Basin": "Brahmaputra Basin",
        "Sub_Basin": "Brahmaputra Lower",
        "Source": "RESOURCESAT-2 LISS IV, 10m CARTODEM, Geomorphology 50K, LULC 10k(2018-2023), India-WRIS"
      }
    },
    {
      "type": "Feature",
      "id": "LS_SIKKIM_2023.38",
      "geometry": {
        "type": "MultiPolygon",
        "coordinates": [
          [
            [
              [
                88.16955274,
                27.16457822
              ],
              [
                88.16955274,
                27.16501221
              ],
              [
                88.16985731,
                27.16501221
              ],
              [
                88.16985731,
                27.16457822
              ],
              [
                88.16955274,
                27.16457822
              ]
            ]
          ]
        ]
      },
      "geometry_name": "the_geom",
      "properties": {
        "Slide_No": "SK /SRG /78A4 /2023 /33",
        "State": "SIKKIM",
        "District": "SORENG",
        "Toposheet": "78A4",
        "Latitude": 27.1648,
        "Longitude": 88.1697,
        "Length": 48.922,
        "Width": 27.853,
        "Height": 21.3985595703,
        "Area": 779.634320561,
        "Activity": "Active",
        "Geomorphol": "Moderately Dissected Structural Hills and Valleys",
        "Lithology": "BANDED MIGMATITE, GARNET BT GNEISS,MICA SCHIST",
        "LULC": "Evergreen Closed Forest",
        "Triggering": "Rainfall",
        "Year": "2023",
        "Basin": "Brahmaputra Basin",
        "Sub_Basin": "Brahmaputra Lower",
        "Source": "RESOURCESAT-2 LISS IV, 10m CARTODEM, Geomorphology 50K, LULC 10k(2018-2023), India-WRIS"
      }
    },
    {
      "type": "Feature",
      "id": "LS_SIKKIM_2023.39",
      "geometry": {
        "type": "MultiPolygon",
        "coordinates": [
          [
            [
              [
                88.20526094,
                27.13402974
              ],
              [
                88.20526094,
                27.13427423
              ],
              [
                88.20541884,
                27.13427423
              ],
              [
                88.20541884,
                27.13402974
              ],
              [
                88.20526094,
                27.13402974
              ]
            ]
          ]
        ]
      },
      "geometry_name": "the_geom",
      "properties": {
        "Slide_No": "SK /SRG /78A4 /2023 /34",
        "State": "SIKKIM",
        "District": "SORENG",
        "Toposheet": "78A4",
        "Latitude": 27.1341,
        "Longitude": 88.2053,
        "Length": 27.012,
        "Width": 15.663,
        "Height": 14,
        "Area": 359.572398573,
        "Activity": "Active",
        "Geomorphol": "Moderately Dissected Structural Hills and Valleys",
        "Lithology": "CHLORITE SERICITE SCHIST AND QUARTZITE",
        "LULC": "Semi- Evergreen Open Forest",
        "Triggering": "Rainfall",
        "Year": "2023",
        "Basin": "Brahmaputra Basin",
        "Sub_Basin": "Brahmaputra Lower",
        "Source": "RESOURCESAT-2 LISS IV, 10m CARTODEM, Geomorphology 50K, LULC 10k(2018-2023), India-WRIS"
      }
    },
    {
      "type": "Feature",
      "id": "LS_SIKKIM_2023.40",
      "geometry": {
        "type": "MultiPolygon",
        "coordinates": [
          [
            [
              [
                88.19405569,
                27.13524224
              ],
              [
                88.19405569,
                27.13563248
              ],
              [
                88.19428412,
                27.13563248
              ],
              [
                88.19428412,
                27.13524224
              ],
              [
                88.19405569,
                27.13524224
              ]
            ]
          ]
        ]
      },
      "geometry_name": "the_geom",
      "properties": {
        "Slide_No": "SK /SRG /78A4 /2023 /35",
        "State": "SIKKIM",
        "District": "SORENG",
        "Toposheet": "78A4",
        "Latitude": 27.1355,
        "Longitude": 88.1942,
        "Length": 41.124,
        "Width": 19.485,
        "Height": 32.9430541992,
        "Area": 658.085800652,
        "Activity": "Active",
        "Geomorphol": "Moderately Dissected Structural Hills and Valleys",
        "Lithology": "CHLORITE SERICITE SCHIST AND QUARTZITE",
        "LULC": "Agriculture - Single crop Land",
        "Triggering": "Rainfall",
        "Year": "2023",
        "Basin": "Brahmaputra Basin",
        "Sub_Basin": "Brahmaputra Lower",
        "Source": "RESOURCESAT-2 LISS IV, 10m CARTODEM, Geomorphology 50K, LULC 10k(2018-2023), India-WRIS"
      }
    },
    {
      "type": "Feature",
      "id": "LS_SIKKIM_2023.41",
      "geometry": {
        "type": "MultiPolygon",
        "coordinates": [
          [
            [
              [
                88.26611121,
                27.13007432
              ],
              [
                88.26611121,
                27.13029896
              ],
              [
                88.26629708,
                27.13029896
              ],
              [
                88.26629708,
                27.13007432
              ],
              [
                88.26611121,
                27.13007432
              ]
            ]
          ]
        ]
      },
      "geometry_name": "the_geom",
      "properties": {
        "Slide_No": "SK /SRG /78A8 /2023 /7",
        "State": "SIKKIM",
        "District": "SORENG",
        "Toposheet": "78A8",
        "Latitude": 27.1302,
        "Longitude": 88.2662,
        "Length": 25.072,
        "Width": 15.682,
        "Height": 15.0621337891,
        "Area": 304.520522016,
        "Activity": "Active",
        "Geomorphol": "Moderately Dissected Structural Hills and Valleys",
        "Lithology": "CHLORITE SERICITE SCHIST AND QUARTZITE",
        "LULC": "Wasteland - Dense Scrub Land",
        "Triggering": "Rainfall",
        "Year": "2023",
        "Basin": "Brahmaputra Basin",
        "Sub_Basin": "Brahmaputra Lower",
        "Source": "RESOURCESAT-2 LISS IV, 10m CARTODEM, Geomorphology 50K, LULC 10k(2018-2023), India-WRIS"
      }
    },
    {
      "type": "Feature",
      "id": "LS_SIKKIM_2023.42",
      "geometry": {
        "type": "MultiPolygon",
        "coordinates": [
          [
            [
              [
                88.17889298,
                27.13874838
              ],
              [
                88.17889298,
                27.13911958
              ],
              [
                88.17933556,
                27.13911958
              ],
              [
                88.17933556,
                27.13874838
              ],
              [
                88.17889298,
                27.13874838
              ]
            ]
          ]
        ]
      },
      "geometry_name": "the_geom",
      "properties": {
        "Slide_No": "SK /SRG /78A4 /2023 /36",
        "State": "SIKKIM",
        "District": "SORENG",
        "Toposheet": "78A4",
        "Latitude": 27.1389,
        "Longitude": 88.1791,
        "Length": 39.934,
        "Width": 38.652,
        "Height": 12,
        "Area": 1302.16767247,
        "Activity": "Active",
        "Geomorphol": "Moderately Dissected Structural Hills and Valleys",
        "Lithology": "BANDED MIGMATITE, GARNET BT GNEISS,MICA SCHIST",
        "LULC": "Agriculture - Single crop Land",
        "Triggering": "Rainfall",
        "Year": "2023",
        "Basin": "Brahmaputra Basin",
        "Sub_Basin": "Brahmaputra Lower",
        "Source": "RESOURCESAT-2 LISS IV, 10m CARTODEM, Geomorphology 50K, LULC 10k(2018-2023), India-WRIS"
      }
    },
    {
      "type": "Feature",
      "id": "LS_SIKKIM_2023.43",
      "geometry": {
        "type": "MultiPolygon",
        "coordinates": [
          [
            [
              [
                88.13054328,
                27.12249811
              ],
              [
                88.13054328,
                27.12330475
              ],
              [
                88.13187816,
                27.12330475
              ],
              [
                88.13187816,
                27.12249811
              ],
              [
                88.13054328,
                27.12249811
              ]
            ]
          ]
        ]
      },
      "geometry_name": "the_geom",
      "properties": {
        "Slide_No": "SK /SRG /78A4 /2023 /37",
        "State": "SIKKIM",
        "District": "SORENG",
        "Toposheet": "78A4",
        "Latitude": 27.1229,
        "Longitude": 88.1312,
        "Length": 135.898,
        "Width": 76.548,
        "Height": 242.057800293,
        "Area": 7082.88174632,
        "Activity": "Active",
        "Geomorphol": "Moderately Dissected Structural Hills and Valleys",
        "Lithology": "BANDED MIGMATITE, GARNET BT GNEISS,MICA SCHIST",
        "LULC": "Agriculture - Single crop Land",
        "Triggering": "Rainfall",
        "Year": "2023",
        "Basin": "Brahmaputra Basin",
        "Sub_Basin": "Brahmaputra Lower",
        "Source": "RESOURCESAT-2 LISS IV, 10m CARTODEM, Geomorphology 50K, LULC 10k(2018-2023), India-WRIS"
      }
    },
    {
      "type": "Feature",
      "id": "LS_SIKKIM_2023.44",
      "geometry": {
        "type": "MultiPolygon",
        "coordinates": [
          [
            [
              [
                88.23709654,
                27.22105797
              ],
              [
                88.23709654,
                27.22137197
              ],
              [
                88.23748201,
                27.22137197
              ],
              [
                88.23748201,
                27.22105797
              ],
              [
                88.23709654,
                27.22105797
              ]
            ]
          ]
        ]
      },
      "geometry_name": "the_geom",
      "properties": {
        "Slide_No": "SK /SRG /78A4 /2023 /38",
        "State": "SIKKIM",
        "District": "SORENG",
        "Toposheet": "78A4",
        "Latitude": 27.2212,
        "Longitude": 88.2373,
        "Length": 40.685,
        "Width": 29.607,
        "Height": 60.4421386719,
        "Area": 938.706839163,
        "Activity": "Active",
        "Geomorphol": "Moderately Dissected Structural Hills and Valleys",
        "Lithology": "CHLORITE SERICITE SCHIST AND QUARTZITE",
        "LULC": "Evergreen Closed Forest",
        "Triggering": "Rainfall",
        "Year": "2023",
        "Basin": "Brahmaputra Basin",
        "Sub_Basin": "Brahmaputra Lower",
        "Source": "RESOURCESAT-2 LISS IV, 10m CARTODEM, Geomorphology 50K, LULC 10k(2018-2023), India-WRIS"
      }
    },
    {
      "type": "Feature",
      "id": "LS_SIKKIM_2023.45",
      "geometry": {
        "type": "MultiPolygon",
        "coordinates": [
          [
            [
              [
                88.16477022,
                27.11756957
              ],
              [
                88.16477022,
                27.11844521
              ],
              [
                88.16561731,
                27.11844521
              ],
              [
                88.16561731,
                27.11756957
              ],
              [
                88.16477022,
                27.11756957
              ]
            ]
          ]
        ]
      },
      "geometry_name": "the_geom",
      "properties": {
        "Slide_No": "SK /SRG /78A4 /2023 /39",
        "State": "SIKKIM",
        "District": "SORENG",
        "Toposheet": "78A4",
        "Latitude": 27.118,
        "Longitude": 88.1652,
        "Length": 103.059,
        "Width": 76.455,
        "Height": 12.2758789063,
        "Area": 5447.21836597,
        "Activity": "Active",
        "Geomorphol": "Moderately Dissected Structural Hills and Valleys",
        "Lithology": "BANDED MIGMATITE, GARNET BT GNEISS,MICA SCHIST",
        "LULC": "Wasteland - Dense Scrub Land",
        "Triggering": "Rainfall",
        "Year": "2023",
        "Basin": "Brahmaputra Basin",
        "Sub_Basin": "Brahmaputra Lower",
        "Source": "RESOURCESAT-2 LISS IV, 10m CARTODEM, Geomorphology 50K, LULC 10k(2018-2023), India-WRIS"
      }
    },
    {
      "type": "Feature",
      "id": "LS_SIKKIM_2023.46",
      "geometry": {
        "type": "MultiPolygon",
        "coordinates": [
          [
            [
              [
                88.14137356,
                27.11577322
              ],
              [
                88.14137356,
                27.11643947
              ],
              [
                88.14280123,
                27.11643947
              ],
              [
                88.14280123,
                27.11577322
              ],
              [
                88.14137356,
                27.11577322
              ]
            ]
          ]
        ]
      },
      "geometry_name": "the_geom",
      "properties": {
        "Slide_No": "SK /SRG /78A4 /2023 /40",
        "State": "SIKKIM",
        "District": "SORENG",
        "Toposheet": "78A4",
        "Latitude": 27.1162,
        "Longitude": 88.142,
        "Length": 148.59,
        "Width": 49.04,
        "Height": 254.52746582,
        "Area": 4600.90495533,
        "Activity": "Active",
        "Geomorphol": "Moderately Dissected Structural Hills and Valleys",
        "Lithology": "BANDED MIGMATITE, GARNET BT GNEISS,MICA SCHIST",
        "LULC": "Agriculture - Single crop Land",
        "Triggering": "Rainfall",
        "Year": "2023",
        "Basin": "Brahmaputra Basin",
        "Sub_Basin": "Brahmaputra Lower",
        "Source": "RESOURCESAT-2 LISS IV, 10m CARTODEM, Geomorphology 50K, LULC 10k(2018-2023), India-WRIS"
      }
    },
    {
      "type": "Feature",
      "id": "LS_SIKKIM_2023.47",
      "geometry": {
        "type": "MultiPolygon",
        "coordinates": [
          [
            [
              [
                88.17570681,
                27.14947651
              ],
              [
                88.17570681,
                27.14984771
              ],
              [
                88.17597177,
                27.14984771
              ],
              [
                88.17597177,
                27.14947651
              ],
              [
                88.17570681,
                27.14947651
              ]
            ]
          ]
        ]
      },
      "geometry_name": "the_geom",
      "properties": {
        "Slide_No": "SK /SRG /78A4 /2023 /41",
        "State": "SIKKIM",
        "District": "SORENG",
        "Toposheet": "78A4",
        "Latitude": 27.1497,
        "Longitude": 88.1759,
        "Length": 38.956,
        "Width": 22.466,
        "Height": 146.344482422,
        "Area": 572.489263013,
        "Activity": "Active",
        "Geomorphol": "Moderately Dissected Structural Hills and Valleys",
        "Lithology": "BANDED MIGMATITE, GARNET BT GNEISS,MICA SCHIST",
        "LULC": "Wasteland - Dense Scrub Land",
        "Triggering": "Rainfall",
        "Year": "2023",
        "Basin": "Brahmaputra Basin",
        "Sub_Basin": "Brahmaputra Lower",
        "Source": "RESOURCESAT-2 LISS IV, 10m CARTODEM, Geomorphology 50K, LULC 10k(2018-2023), India-WRIS"
      }
    },
    {
      "type": "Feature",
      "id": "LS_SIKKIM_2023.48",
      "geometry": {
        "type": "MultiPolygon",
        "coordinates": [
          [
            [
              [
                88.31709229,
                27.18509779
              ],
              [
                88.31709229,
                27.18535221
              ],
              [
                88.31740169,
                27.18535221
              ],
              [
                88.31740169,
                27.18509779
              ],
              [
                88.31709229,
                27.18509779
              ]
            ]
          ]
        ]
      },
      "geometry_name": "the_geom",
      "properties": {
        "Slide_No": "SK /SRG /78A8 /2023 /8",
        "State": "SIKKIM",
        "District": "SORENG",
        "Toposheet": "78A8",
        "Latitude": 27.1852,
        "Longitude": 88.3172,
        "Length": 34.114,
        "Width": 19.058,
        "Height": 25,
        "Area": 542.157554437,
        "Activity": "Active",
        "Geomorphol": "Moderately Dissected Structural Hills and Valleys",
        "Lithology": "SANDSTONE,SHALE WITH MINOR COAL",
        "LULC": "Semi- Evergreen Open Forest",
        "Triggering": "Rainfall",
        "Year": "2023",
        "Basin": "Brahmaputra Basin",
        "Sub_Basin": "Brahmaputra Lower",
        "Source": "RESOURCESAT-2 LISS IV, 10m CARTODEM, Geomorphology 50K, LULC 10k(2018-2023), India-WRIS"
      }
    },
    {
      "type": "Feature",
      "id": "LS_SIKKIM_2023.49",
      "geometry": {
        "type": "MultiPolygon",
        "coordinates": [
          [
            [
              [
                88.31507687,
                27.18422379
              ],
              [
                88.31507687,
                27.18449709
              ],
              [
                88.31530026,
                27.18449709
              ],
              [
                88.31530026,
                27.18422379
              ],
              [
                88.31507687,
                27.18422379
              ]
            ]
          ]
        ]
      },
      "geometry_name": "the_geom",
      "properties": {
        "Slide_No": "SK /SRG /78A8 /2023 /9",
        "State": "SIKKIM",
        "District": "SORENG",
        "Toposheet": "78A8",
        "Latitude": 27.1844,
        "Longitude": 88.3152,
        "Length": 33.164,
        "Width": 16.192,
        "Height": 153.917297363,
        "Area": 411.732174259,
        "Activity": "Active",
        "Geomorphol": "Moderately Dissected Structural Hills and Valleys",
        "Lithology": "SANDSTONE,SHALE WITH MINOR COAL",
        "LULC": "Wasteland - Dense Scrub Land",
        "Triggering": "Rainfall",
        "Year": "2023",
        "Basin": "Brahmaputra Basin",
        "Sub_Basin": "Brahmaputra Lower",
        "Source": "RESOURCESAT-2 LISS IV, 10m CARTODEM, Geomorphology 50K, LULC 10k(2018-2023), India-WRIS"
      }
    },
    {
      "type": "Feature",
      "id": "LS_SIKKIM_2023.50",
      "geometry": {
        "type": "MultiPolygon",
        "coordinates": [
          [
            [
              [
                88.17902348,
                27.13855034
              ],
              [
                88.17902348,
                27.14325056
              ],
              [
                88.18043505,
                27.14325056
              ],
              [
                88.18043505,
                27.13855034
              ],
              [
                88.17902348,
                27.13855034
              ]
            ]
          ]
        ]
      },
      "geometry_name": "the_geom",
      "properties": {
        "Slide_No": "SK /SRG /78A4 /2023 /42",
        "State": "SIKKIM",
        "District": "SORENG",
        "Toposheet": "78A4",
        "Latitude": 27.1412,
        "Longitude": 88.1797,
        "Length": 520.155,
        "Width": 126.525,
        "Height": 62.8342285156,
        "Area": 24552.4469852,
        "Activity": "Active",
        "Geomorphol": "Moderately Dissected Structural Hills and Valleys",
        "Lithology": "BANDED MIGMATITE, GARNET BT GNEISS,MICA SCHIST",
        "LULC": "Agriculture - Single crop Land",
        "Triggering": "Rainfall",
        "Year": "2023",
        "Basin": "Brahmaputra Basin",
        "Sub_Basin": "Brahmaputra Lower",
        "Source": "RESOURCESAT-2 LISS IV, 10m CARTODEM, Geomorphology 50K, LULC 10k(2018-2023), India-WRIS"
      }
    },
    {
      "type": "Feature",
      "id": "LS_SIKKIM_2023.51",
      "geometry": {
        "type": "MultiPolygon",
        "coordinates": [
          [
            [
              [
                88.34499928,
                27.3946313
              ],
              [
                88.34499928,
                27.39556704
              ],
              [
                88.34639474,
                27.39556704
              ],
              [
                88.34639474,
                27.3946313
              ],
              [
                88.34499928,
                27.3946313
              ]
            ]
          ]
        ]
      },
      "geometry_name": "the_geom",
      "properties": {
        "Slide_No": "SK /GYL /78A7 /2023 /1",
        "State": "SIKKIM",
        "District": "GYALSHING",
        "Toposheet": "78A7",
        "Latitude": 27.3951,
        "Longitude": 88.3456,
        "Length": 151.403,
        "Width": 76.472,
        "Height": 65.5678100586,
        "Area": 7929.74531327,
        "Activity": "Reactivated",
        "Geomorphol": "Moderately Dissected Structural Hills and Valleys",
        "Lithology": "CHLORITE SERICITE SCHIST AND QUARTZITE",
        "LULC": "Semi- Evergreen Open Forest",
        "Triggering": "Rainfall",
        "Year": "2023",
        "Basin": "Brahmaputra Basin",
        "Sub_Basin": "Brahmaputra Lower",
        "Source": "RESOURCESAT-2 LISS IV, 10m CARTODEM, Geomorphology 50K, LULC 10k(2018-2023), India-WRIS"
      }
    },
    {
      "type": "Feature",
      "id": "LS_SIKKIM_2023.52",
      "geometry": {
        "type": "MultiPolygon",
        "coordinates": [
          [
            [
              [
                88.26731796,
                27.43370852
              ],
              [
                88.26731796,
                27.43410932
              ],
              [
                88.2683641,
                27.43410932
              ],
              [
                88.2683641,
                27.43370852
              ],
              [
                88.26731796,
                27.43370852
              ]
            ]
          ]
        ]
      },
      "geometry_name": "the_geom",
      "properties": {
        "Slide_No": "SK /GYL /78A7 /2023 /2",
        "State": "SIKKIM",
        "District": "GYALSHING",
        "Toposheet": "78A7",
        "Latitude": 27.4339,
        "Longitude": 88.2675,
        "Length": 40.757,
        "Width": 27.021,
        "Height": 29.9545898438,
        "Area": 872.577047469,
        "Activity": "Active",
        "Geomorphol": "Moderately Dissected Structural Hills and Valleys",
        "Lithology": "BANDED MIGMATITE, GARNET BT GNEISS,MICA SCHIST",
        "LULC": "Evergreen Closed Forest",
        "Triggering": "Rainfall",
        "Year": "2023",
        "Basin": "Brahmaputra Basin",
        "Sub_Basin": "Brahmaputra Lower",
        "Source": "RESOURCESAT-2 LISS IV, 10m CARTODEM, Geomorphology 50K, LULC 10k(2018-2023), India-WRIS"
      }
    },
    {
      "type": "Feature",
      "id": "LS_SIKKIM_2023.53",
      "geometry": {
        "type": "MultiPolygon",
        "coordinates": [
          [
            [
              [
                88.32632488,
                27.38485536
              ],
              [
                88.32632488,
                27.38666782
              ],
              [
                88.32724995,
                27.38666782
              ],
              [
                88.32724995,
                27.38485536
              ],
              [
                88.32632488,
                27.38485536
              ]
            ]
          ]
        ]
      },
      "geometry_name": "the_geom",
      "properties": {
        "Slide_No": "SK /GYL /78A7 /2023 /3",
        "State": "SIKKIM",
        "District": "GYALSHING",
        "Toposheet": "78A7",
        "Latitude": 27.3857,
        "Longitude": 88.3267,
        "Length": 211.637,
        "Width": 74.034,
        "Height": 12.7595214844,
        "Area": 10617.1490224,
        "Activity": "Active",
        "Geomorphol": "Moderately Dissected Structural Hills and Valleys",
        "Lithology": "CHLORITE SERICITE SCHIST AND QUARTZITE",
        "LULC": "Wasteland - Sparse Scrub Land",
        "Triggering": "Rainfall",
        "Year": "2023",
        "Basin": "Brahmaputra Basin",
        "Sub_Basin": "Brahmaputra Lower",
        "Source": "RESOURCESAT-2 LISS IV, 10m CARTODEM, Geomorphology 50K, LULC 10k(2018-2023), India-WRIS"
      }
    },
    {
      "type": "Feature",
      "id": "LS_SIKKIM_2023.54",
      "geometry": {
        "type": "MultiPolygon",
        "coordinates": [
          [
            [
              [
                88.3145432,
                27.38659359
              ],
              [
                88.3145432,
                27.3876088
              ],
              [
                88.31678478,
                27.3876088
              ],
              [
                88.31678478,
                27.38659359
              ],
              [
                88.3145432,
                27.38659359
              ]
            ]
          ]
        ]
      },
      "geometry_name": "the_geom",
      "properties": {
        "Slide_No": "SK /GYL /78A7 /2023 /4",
        "State": "SIKKIM",
        "District": "GYALSHING",
        "Toposheet": "78A7",
        "Latitude": 27.3871,
        "Longitude": 88.3157,
        "Length": 224.801,
        "Width": 78.552,
        "Height": 155,
        "Area": 12045.6426438,
        "Activity": "Reactivated",
        "Geomorphol": "Moderately Dissected Structural Hills and Valleys",
        "Lithology": "CHLORITE SERICITE SCHIST AND QUARTZITE",
        "LULC": "Semi- Evergreen Open Forest",
        "Triggering": "Rainfall",
        "Year": "2023",
        "Basin": "Brahmaputra Basin",
        "Sub_Basin": "Brahmaputra Lower",
        "Source": "RESOURCESAT-2 LISS IV, 10m CARTODEM, Geomorphology 50K, LULC 10k(2018-2023), India-WRIS"
      }
    },
    {
      "type": "Feature",
      "id": "LS_SIKKIM_2023.55",
      "geometry": {
        "type": "MultiPolygon",
        "coordinates": [
          [
            [
              [
                88.23630994,
                27.24421367
              ],
              [
                88.23630994,
                27.24471229
              ],
              [
                88.23676772,
                27.24471229
              ],
              [
                88.23676772,
                27.24421367
              ],
              [
                88.23630994,
                27.24421367
              ]
            ]
          ]
        ]
      },
      "geometry_name": "the_geom",
      "properties": {
        "Slide_No": "SK /GYL /78A4 /2023 /43",
        "State": "SIKKIM",
        "District": "GYALSHING",
        "Toposheet": "78A4",
        "Latitude": 27.2445,
        "Longitude": 88.2365,
        "Length": 63.39,
        "Width": 33.814,
        "Height": 11.6192626953,
        "Area": 1633.62579992,
        "Activity": "Active",
        "Geomorphol": "Moderately Dissected Structural Hills and Valleys",
        "Lithology": "CHLORITE SERICITE SCHIST AND QUARTZITE",
        "LULC": "Evergreen Closed Forest",
        "Triggering": "Rainfall",
        "Year": "2023",
        "Basin": "Brahmaputra Basin",
        "Sub_Basin": "Brahmaputra Lower",
        "Source": "RESOURCESAT-2 LISS IV, 10m CARTODEM, Geomorphology 50K, LULC 10k(2018-2023), India-WRIS"
      }
    },
    {
      "type": "Feature",
      "id": "LS_SIKKIM_2023.56",
      "geometry": {
        "type": "MultiPolygon",
        "coordinates": [
          [
            [
              [
                88.21501902,
                27.27067449
              ],
              [
                88.21501902,
                27.271886
              ],
              [
                88.21726524,
                27.271886
              ],
              [
                88.21726524,
                27.27067449
              ],
              [
                88.21501902,
                27.27067449
              ]
            ]
          ]
        ]
      },
      "geometry_name": "the_geom",
      "properties": {
        "Slide_No": "SK /GYL /78A3 /2023 /1",
        "State": "SIKKIM",
        "District": "GYALSHING",
        "Toposheet": "78A3",
        "Latitude": 27.2713,
        "Longitude": 88.2162,
        "Length": 237.538,
        "Width": 103.532,
        "Height": 15.3308105469,
        "Area": 17927.9686834,
        "Activity": "Active",
        "Geomorphol": "Moderately Dissected Structural Hills and Valleys",
        "Lithology": "MYLONITIC GRANITE GNEISS",
        "LULC": "Agriculture - Fallow Land",
        "Triggering": "Rainfall",
        "Year": "2023",
        "Basin": "Brahmaputra Basin",
        "Sub_Basin": "Brahmaputra Lower",
        "Source": "RESOURCESAT-2 LISS IV, 10m CARTODEM, Geomorphology 50K, LULC 10k(2018-2023), India-WRIS"
      }
    },
    {
      "type": "Feature",
      "id": "LS_SIKKIM_2023.57",
      "geometry": {
        "type": "MultiPolygon",
        "coordinates": [
          [
            [
              [
                88.23678001,
                27.26685246
              ],
              [
                88.23678001,
                27.26785426
              ],
              [
                88.23787923,
                27.26785426
              ],
              [
                88.23787923,
                27.26685246
              ],
              [
                88.23678001,
                27.26685246
              ]
            ]
          ]
        ]
      },
      "geometry_name": "the_geom",
      "properties": {
        "Slide_No": "SK /GYL /78A3 /2023 /2",
        "State": "SIKKIM",
        "District": "GYALSHING",
        "Toposheet": "78A3",
        "Latitude": 27.2674,
        "Longitude": 88.2373,
        "Length": 107.829,
        "Width": 103.408,
        "Height": 48,
        "Area": 7659.71386885,
        "Activity": "Active",
        "Geomorphol": "Moderately Dissected Structural Hills and Valleys",
        "Lithology": "CHLORITE SERICITE SCHIST AND QUARTZITE",
        "LULC": "Agriculture - Single crop Land",
        "Triggering": "Road Cutting",
        "Year": "2023",
        "Basin": "Brahmaputra Basin",
        "Sub_Basin": "Brahmaputra Lower",
        "Source": "RESOURCESAT-2 LISS IV, 10m CARTODEM, Geomorphology 50K, LULC 10k(2018-2023), India-WRIS"
      }
    },
    {
      "type": "Feature",
      "id": "LS_SIKKIM_2023.58",
      "geometry": {
        "type": "MultiPolygon",
        "coordinates": [
          [
            [
              [
                88.23890692,
                27.26577147
              ],
              [
                88.23890692,
                27.26725825
              ],
              [
                88.24004308,
                27.26725825
              ],
              [
                88.24004308,
                27.26577147
              ],
              [
                88.23890692,
                27.26577147
              ]
            ]
          ]
        ]
      },
      "geometry_name": "the_geom",
      "properties": {
        "Slide_No": "SK /GYL /78A3 /2023 /3",
        "State": "SIKKIM",
        "District": "GYALSHING",
        "Toposheet": "78A3",
        "Latitude": 27.2664,
        "Longitude": 88.2395,
        "Length": 141.959,
        "Width": 103.043,
        "Height": 86,
        "Area": 9044.64333392,
        "Activity": "Active",
        "Geomorphol": "Moderately Dissected Structural Hills and Valleys",
        "Lithology": "CHLORITE SERICITE SCHIST AND QUARTZITE",
        "LULC": "Evergreen Closed Forest",
        "Triggering": "Road Cutting",
        "Year": "2023",
        "Basin": "Brahmaputra Basin",
        "Sub_Basin": "Brahmaputra Lower",
        "Source": "RESOURCESAT-2 LISS IV, 10m CARTODEM, Geomorphology 50K, LULC 10k(2018-2023), India-WRIS"
      }
    },
    {
      "type": "Feature",
      "id": "LS_SIKKIM_2023.59",
      "geometry": {
        "type": "MultiPolygon",
        "coordinates": [
          [
            [
              [
                88.23298541,
                27.31160757
              ],
              [
                88.23298541,
                27.3125515
              ],
              [
                88.23402452,
                27.3125515
              ],
              [
                88.23402452,
                27.31160757
              ],
              [
                88.23298541,
                27.31160757
              ]
            ]
          ]
        ]
      },
      "geometry_name": "the_geom",
      "properties": {
        "Slide_No": "SK /GYL /78A3 /2023 /4",
        "State": "SIKKIM",
        "District": "GYALSHING",
        "Toposheet": "78A3",
        "Latitude": 27.312,
        "Longitude": 88.2335,
        "Length": 97.752,
        "Width": 97.094,
        "Height": 31,
        "Area": 6785.36422558,
        "Activity": "Active",
        "Geomorphol": "Moderately Dissected Structural Hills and Valleys",
        "Lithology": "MYLONITIC GRANITE GNEISS",
        "LULC": "Agriculture - Single crop Land",
        "Triggering": "Rainfall",
        "Year": "2023",
        "Basin": "Brahmaputra Basin",
        "Sub_Basin": "Brahmaputra Lower",
        "Source": "RESOURCESAT-2 LISS IV, 10m CARTODEM, Geomorphology 50K, LULC 10k(2018-2023), India-WRIS"
      }
    },
    {
      "type": "Feature",
      "id": "LS_SIKKIM_2023.60",
      "geometry": {
        "type": "MultiPolygon",
        "coordinates": [
          [
            [
              [
                88.19581955,
                27.30443937
              ],
              [
                88.19581955,
                27.30555144
              ],
              [
                88.19631542,
                27.30555144
              ],
              [
                88.19631542,
                27.30443937
              ],
              [
                88.19581955,
                27.30443937
              ]
            ]
          ]
        ]
      },
      "geometry_name": "the_geom",
      "properties": {
        "Slide_No": "SK /GYL /78A3 /2023 /5",
        "State": "SIKKIM",
        "District": "GYALSHING",
        "Toposheet": "78A3",
        "Latitude": 27.3051,
        "Longitude": 88.1961,
        "Length": 124.986,
        "Width": 45.581,
        "Height": 13.0809326172,
        "Area": 4428.85247344,
        "Activity": "Active",
        "Geomorphol": "Moderately Dissected Structural Hills and Valleys",
        "Lithology": "BANDED MIGMATITE, GARNET BT GNEISS,MICA SCHIST",
        "LULC": "Evergreen Closed Forest",
        "Triggering": "Rainfall",
        "Year": "2023",
        "Basin": "Brahmaputra Basin",
        "Sub_Basin": "Brahmaputra Lower",
        "Source": "RESOURCESAT-2 LISS IV, 10m CARTODEM, Geomorphology 50K, LULC 10k(2018-2023), India-WRIS"
      }
    },
    {
      "type": "Feature",
      "id": "LS_SIKKIM_2023.61",
      "geometry": {
        "type": "MultiPolygon",
        "coordinates": [
          [
            [
              [
                88.26601962,
                27.25011413
              ],
              [
                88.26601962,
                27.25057813
              ],
              [
                88.26659367,
                27.25057813
              ],
              [
                88.26659367,
                27.25011413
              ],
              [
                88.26601962,
                27.25011413
              ]
            ]
          ]
        ]
      },
      "geometry_name": "the_geom",
      "properties": {
        "Slide_No": "SK /GYL /78A7 /2023 /5",
        "State": "SIKKIM",
        "District": "GYALSHING",
        "Toposheet": "78A7",
        "Latitude": 27.2503,
        "Longitude": 88.2663,
        "Length": 66.314,
        "Width": 36.417,
        "Height": 20,
        "Area": 1661.20367958,
        "Activity": "Active",
        "Geomorphol": "Moderately Dissected Structural Hills and Valleys",
        "Lithology": "CHLORITE SERICITE SCHIST AND QUARTZITE",
        "LULC": "Evergreen Closed Forest",
        "Triggering": "Rainfall",
        "Year": "2023",
        "Basin": "Brahmaputra Basin",
        "Sub_Basin": "Brahmaputra Lower",
        "Source": "RESOURCESAT-2 LISS IV, 10m CARTODEM, Geomorphology 50K, LULC 10k(2018-2023), India-WRIS"
      }
    },
    {
      "type": "Feature",
      "id": "LS_SIKKIM_2023.62",
      "geometry": {
        "type": "MultiPolygon",
        "coordinates": [
          [
            [
              [
                88.26206964,
                27.25493698
              ],
              [
                88.26206964,
                27.25543223
              ],
              [
                88.26248349,
                27.25543223
              ],
              [
                88.26248349,
                27.25493698
              ],
              [
                88.26206964,
                27.25493698
              ]
            ]
          ]
        ]
      },
      "geometry_name": "the_geom",
      "properties": {
        "Slide_No": "SK /GYL /78A7 /2023 /6",
        "State": "SIKKIM",
        "District": "GYALSHING",
        "Toposheet": "78A7",
        "Latitude": 27.2552,
        "Longitude": 88.2623,
        "Length": 55.023,
        "Width": 36.956,
        "Height": 214.067993164,
        "Area": 1421.86989734,
        "Activity": "Active",
        "Geomorphol": "Moderately Dissected Structural Hills and Valleys",
        "Lithology": "CHLORITE SERICITE SCHIST AND QUARTZITE",
        "LULC": "Evergreen Closed Forest",
        "Triggering": "Rainfall",
        "Year": "2023",
        "Basin": "Brahmaputra Basin",
        "Sub_Basin": "Brahmaputra Lower",
        "Source": "RESOURCESAT-2 LISS IV, 10m CARTODEM, Geomorphology 50K, LULC 10k(2018-2023), India-WRIS"
      }
    },
    {
      "type": "Feature",
      "id": "LS_SIKKIM_2023.63",
      "geometry": {
        "type": "MultiPolygon",
        "coordinates": [
          [
            [
              [
                88.26102558,
                27.25523066
              ],
              [
                88.26102558,
                27.2563585
              ],
              [
                88.26164213,
                27.2563585
              ],
              [
                88.26164213,
                27.25523066
              ],
              [
                88.26102558,
                27.25523066
              ]
            ]
          ]
        ]
      },
      "geometry_name": "the_geom",
      "properties": {
        "Slide_No": "SK /GYL /78A7 /2023 /7",
        "State": "SIKKIM",
        "District": "GYALSHING",
        "Toposheet": "78A7",
        "Latitude": 27.2557,
        "Longitude": 88.2613,
        "Length": 122.991,
        "Width": 53.199,
        "Height": 24.104675293,
        "Area": 4000.13772631,
        "Activity": "Reactivated",
        "Geomorphol": "Moderately Dissected Structural Hills and Valleys",
        "Lithology": "CHLORITE SERICITE SCHIST AND QUARTZITE",
        "LULC": "Evergreen Closed Forest",
        "Triggering": "Rainfall",
        "Year": "2023",
        "Basin": "Brahmaputra Basin",
        "Sub_Basin": "Brahmaputra Lower",
        "Source": "RESOURCESAT-2 LISS IV, 10m CARTODEM, Geomorphology 50K, LULC 10k(2018-2023), India-WRIS"
      }
    },
    {
      "type": "Feature",
      "id": "LS_SIKKIM_2023.64",
      "geometry": {
        "type": "MultiPolygon",
        "coordinates": [
          [
            [
              [
                88.25400756,
                27.26975177
              ],
              [
                88.25400756,
                27.27054857
              ],
              [
                88.25456635,
                27.27054857
              ],
              [
                88.25456635,
                27.26975177
              ],
              [
                88.25400756,
                27.26975177
              ]
            ]
          ]
        ]
      },
      "geometry_name": "the_geom",
      "properties": {
        "Slide_No": "SK /GYL /78A7 /2023 /8",
        "State": "SIKKIM",
        "District": "GYALSHING",
        "Toposheet": "78A7",
        "Latitude": 27.2702,
        "Longitude": 88.2542,
        "Length": 91.517,
        "Width": 48.702,
        "Height": 378.492980957,
        "Area": 2254.71696381,
        "Activity": "Active",
        "Geomorphol": "Moderately Dissected Structural Hills and Valleys",
        "Lithology": "CHLORITE SERICITE SCHIST AND QUARTZITE",
        "LULC": "Semi- Evergreen Open Forest",
        "Triggering": "Rainfall",
        "Year": "2023",
        "Basin": "Brahmaputra Basin",
        "Sub_Basin": "Brahmaputra Lower",
        "Source": "RESOURCESAT-2 LISS IV, 10m CARTODEM, Geomorphology 50K, LULC 10k(2018-2023), India-WRIS"
      }
    },
    {
      "type": "Feature",
      "id": "LS_SIKKIM_2023.65",
      "geometry": {
        "type": "MultiPolygon",
        "coordinates": [
          [
            [
              [
                88.26587723,
                27.27302251
              ],
              [
                88.26587723,
                27.27329505
              ],
              [
                88.26623876,
                27.27329505
              ],
              [
                88.26623876,
                27.27302251
              ],
              [
                88.26587723,
                27.27302251
              ]
            ]
          ]
        ]
      },
      "geometry_name": "the_geom",
      "properties": {
        "Slide_No": "SK /GYL /78A7 /2023 /9",
        "State": "SIKKIM",
        "District": "GYALSHING",
        "Toposheet": "78A7",
        "Latitude": 27.2731,
        "Longitude": 88.266,
        "Length": 35.719,
        "Width": 30.163,
        "Height": 83.0996704102,
        "Area": 839.214136205,
        "Activity": "Active",
        "Geomorphol": "Moderately Dissected Structural Hills and Valleys",
        "Lithology": "CHLORITE SERICITE SCHIST AND QUARTZITE",
        "LULC": "Semi- Evergreen Open Forest",
        "Triggering": "Rainfall",
        "Year": "2023",
        "Basin": "Brahmaputra Basin",
        "Sub_Basin": "Brahmaputra Lower",
        "Source": "RESOURCESAT-2 LISS IV, 10m CARTODEM, Geomorphology 50K, LULC 10k(2018-2023), India-WRIS"
      }
    },
    {
      "type": "Feature",
      "id": "LS_SIKKIM_2023.66",
      "geometry": {
        "type": "MultiPolygon",
        "coordinates": [
          [
            [
              [
                88.25039819,
                27.28105325
              ],
              [
                88.25039819,
                27.28136972
              ],
              [
                88.2508717,
                27.28136972
              ],
              [
                88.2508717,
                27.28105325
              ],
              [
                88.25039819,
                27.28105325
              ]
            ]
          ]
        ]
      },
      "geometry_name": "the_geom",
      "properties": {
        "Slide_No": "SK /GYL /78A7 /2023 /10",
        "State": "SIKKIM",
        "District": "GYALSHING",
        "Toposheet": "78A7",
        "Latitude": 27.2812,
        "Longitude": 88.2506,
        "Length": 39.648,
        "Width": 37.96,
        "Height": 80.8909912109,
        "Area": 1105.98537833,
        "Activity": "Active",
        "Geomorphol": "Moderately Dissected Structural Hills and Valleys",
        "Lithology": "CHLORITE SERICITE SCHIST AND QUARTZITE",
        "LULC": "Semi- Evergreen Open Forest",
        "Triggering": "Rainfall",
        "Year": "2023",
        "Basin": "Brahmaputra Basin",
        "Sub_Basin": "Brahmaputra Lower",
        "Source": "RESOURCESAT-2 LISS IV, 10m CARTODEM, Geomorphology 50K, LULC 10k(2018-2023), India-WRIS"
      }
    },
    {
      "type": "Feature",
      "id": "LS_SIKKIM_2023.67",
      "geometry": {
        "type": "MultiPolygon",
        "coordinates": [
          [
            [
              [
                88.26151994,
                27.29143908
              ],
              [
                88.26151994,
                27.29216361
              ],
              [
                88.26227433,
                27.29216361
              ],
              [
                88.26227433,
                27.29143908
              ],
              [
                88.26151994,
                27.29143908
              ]
            ]
          ]
        ]
      },
      "geometry_name": "the_geom",
      "properties": {
        "Slide_No": "SK /GYL /78A7 /2023 /11",
        "State": "SIKKIM",
        "District": "GYALSHING",
        "Toposheet": "78A7",
        "Latitude": 27.2918,
        "Longitude": 88.2619,
        "Length": 98.079,
        "Width": 38.972,
        "Height": 9.99182128906,
        "Area": 2661.95809629,
        "Activity": "Active",
        "Geomorphol": "Moderately Dissected Structural Hills and Valleys",
        "Lithology": "CHLORITE SERICITE SCHIST AND QUARTZITE",
        "LULC": "Wasteland - Dense Scrub Land",
        "Triggering": "Rainfall",
        "Year": "2023",
        "Basin": "Brahmaputra Basin",
        "Sub_Basin": "Brahmaputra Lower",
        "Source": "RESOURCESAT-2 LISS IV, 10m CARTODEM, Geomorphology 50K, LULC 10k(2018-2023), India-WRIS"
      }
    },
    {
      "type": "Feature",
      "id": "LS_SIKKIM_2023.68",
      "geometry": {
        "type": "MultiPolygon",
        "coordinates": [
          [
            [
              [
                88.28035117,
                27.28721424
              ],
              [
                88.28035117,
                27.28767524
              ],
              [
                88.28069108,
                27.28767524
              ],
              [
                88.28069108,
                27.28721424
              ],
              [
                88.28035117,
                27.28721424
              ]
            ]
          ]
        ]
      },
      "geometry_name": "the_geom",
      "properties": {
        "Slide_No": "SK /GYL /78A7 /2023 /12",
        "State": "SIKKIM",
        "District": "GYALSHING",
        "Toposheet": "78A7",
        "Latitude": 27.2874,
        "Longitude": 88.2805,
        "Length": 53.465,
        "Width": 26.53,
        "Height": 31,
        "Area": 1044.26978234,
        "Activity": "Active",
        "Geomorphol": "Moderately Dissected Structural Hills and Valleys",
        "Lithology": "CHLORITE SERICITE SCHIST AND QUARTZITE",
        "LULC": "Semi- Evergreen Open Forest",
        "Triggering": "Rainfall",
        "Year": "2023",
        "Basin": "Brahmaputra Basin",
        "Sub_Basin": "Brahmaputra Lower",
        "Source": "RESOURCESAT-2 LISS IV, 10m CARTODEM, Geomorphology 50K, LULC 10k(2018-2023), India-WRIS"
      }
    },
    {
      "type": "Feature",
      "id": "LS_SIKKIM_2023.69",
      "geometry": {
        "type": "MultiPolygon",
        "coordinates": [
          [
            [
              [
                88.27545688,
                27.28777325
              ],
              [
                88.27545688,
                27.29056494
              ],
              [
                88.27642109,
                27.29056494
              ],
              [
                88.27642109,
                27.28777325
              ],
              [
                88.27545688,
                27.28777325
              ]
            ]
          ]
        ]
      },
      "geometry_name": "the_geom",
      "properties": {
        "Slide_No": "SK /GYL /78A7 /2023 /13",
        "State": "SIKKIM",
        "District": "GYALSHING",
        "Toposheet": "78A7",
        "Latitude": 27.2894,
        "Longitude": 88.2758,
        "Length": 314.807,
        "Width": 52.59,
        "Height": 240,
        "Area": 5637.96360439,
        "Activity": "Active",
        "Geomorphol": "Moderately Dissected Structural Hills and Valleys",
        "Lithology": "CHLORITE SERICITE SCHIST AND QUARTZITE",
        "LULC": "Wasteland - Dense Scrub Land",
        "Triggering": "Rainfall",
        "Year": "2023",
        "Basin": "Brahmaputra Basin",
        "Sub_Basin": "Brahmaputra Lower",
        "Source": "RESOURCESAT-2 LISS IV, 10m CARTODEM, Geomorphology 50K, LULC 10k(2018-2023), India-WRIS"
      }
    },
    {
      "type": "Feature",
      "id": "LS_SIKKIM_2023.70",
      "geometry": {
        "type": "MultiPolygon",
        "coordinates": [
          [
            [
              [
                88.28783982,
                27.29266234
              ],
              [
                88.28783982,
                27.29332048
              ],
              [
                88.28813325,
                27.29332048
              ],
              [
                88.28813325,
                27.29266234
              ],
              [
                88.28783982,
                27.29266234
              ]
            ]
          ]
        ]
      },
      "geometry_name": "the_geom",
      "properties": {
        "Slide_No": "SK /GYL /78A7 /2023 /14",
        "State": "SIKKIM",
        "District": "GYALSHING",
        "Toposheet": "78A7",
        "Latitude": 27.293,
        "Longitude": 88.288,
        "Length": 73.025,
        "Width": 28.575,
        "Height": 18.2095947266,
        "Area": 1536.18512658,
        "Activity": "Reactivated",
        "Geomorphol": "Moderately Dissected Structural Hills and Valleys",
        "Lithology": "CHLORITE SERICITE SCHIST AND QUARTZITE",
        "LULC": "Wasteland - Dense Scrub Land",
        "Triggering": "Rainfall",
        "Year": "2023",
        "Basin": "Brahmaputra Basin",
        "Sub_Basin": "Brahmaputra Lower",
        "Source": "RESOURCESAT-2 LISS IV, 10m CARTODEM, Geomorphology 50K, LULC 10k(2018-2023), India-WRIS"
      }
    },
    {
      "type": "Feature",
      "id": "LS_SIKKIM_2023.71",
      "geometry": {
        "type": "MultiPolygon",
        "coordinates": [
          [
            [
              [
                88.28527983,
                27.29190564
              ],
              [
                88.28527983,
                27.29427215
              ],
              [
                88.287482,
                27.29427215
              ],
              [
                88.287482,
                27.29190564
              ],
              [
                88.28527983,
                27.29190564
              ]
            ]
          ]
        ]
      },
      "geometry_name": "the_geom",
      "properties": {
        "Slide_No": "SK /GYL /78A7 /2023 /15",
        "State": "SIKKIM",
        "District": "GYALSHING",
        "Toposheet": "78A7",
        "Latitude": 27.2929,
        "Longitude": 88.2862,
        "Length": 271.809,
        "Width": 180.662,
        "Height": 411,
        "Area": 27423.7250636,
        "Activity": "Active",
        "Geomorphol": "Moderately Dissected Structural Hills and Valleys",
        "Lithology": "CHLORITE SERICITE SCHIST AND QUARTZITE",
        "LULC": "Wasteland - Dense Scrub Land",
        "Triggering": "Rainfall",
        "Year": "2023",
        "Basin": "Brahmaputra Basin",
        "Sub_Basin": "Brahmaputra Lower",
        "Source": "RESOURCESAT-2 LISS IV, 10m CARTODEM, Geomorphology 50K, LULC 10k(2018-2023), India-WRIS"
      }
    },
    {
      "type": "Feature",
      "id": "LS_SIKKIM_2023.72",
      "geometry": {
        "type": "MultiPolygon",
        "coordinates": [
          [
            [
              [
                88.25539199,
                27.27474222
              ],
              [
                88.25539199,
                27.27569224
              ],
              [
                88.25605047,
                27.27569224
              ],
              [
                88.25605047,
                27.27474222
              ],
              [
                88.25539199,
                27.27474222
              ]
            ]
          ]
        ]
      },
      "geometry_name": "the_geom",
      "properties": {
        "Slide_No": "SK /GYL /78A7 /2023 /16",
        "State": "SIKKIM",
        "District": "GYALSHING",
        "Toposheet": "78A7",
        "Latitude": 27.2753,
        "Longitude": 88.2558,
        "Length": 113.369,
        "Width": 35.403,
        "Height": 105,
        "Area": 2460.93533929,
        "Activity": "Reactivated",
        "Geomorphol": "Moderately Dissected Structural Hills and Valleys",
        "Lithology": "CHLORITE SERICITE SCHIST AND QUARTZITE",
        "LULC": "Wasteland - Sparse Scrub Land",
        "Triggering": "Rainfall",
        "Year": "2023",
        "Basin": "Brahmaputra Basin",
        "Sub_Basin": "Brahmaputra Lower",
        "Source": "RESOURCESAT-2 LISS IV, 10m CARTODEM, Geomorphology 50K, LULC 10k(2018-2023), India-WRIS"
      }
    },
    {
      "type": "Feature",
      "id": "LS_SIKKIM_2023.73",
      "geometry": {
        "type": "MultiPolygon",
        "coordinates": [
          [
            [
              [
                88.26151118,
                27.29333855
              ],
              [
                88.26151118,
                27.29490912
              ],
              [
                88.26252692,
                27.29490912
              ],
              [
                88.26252692,
                27.29333855
              ],
              [
                88.26151118,
                27.29333855
              ]
            ]
          ]
        ]
      },
      "geometry_name": "the_geom",
      "properties": {
        "Slide_No": "SK /GYL /78A7 /2023 /17",
        "State": "SIKKIM",
        "District": "GYALSHING",
        "Toposheet": "78A7",
        "Latitude": 27.2941,
        "Longitude": 88.262,
        "Length": 199.114,
        "Width": 34.806,
        "Height": 84.9678955078,
        "Area": 3883.41026313,
        "Activity": "Reactivated",
        "Geomorphol": "Moderately Dissected Structural Hills and Valleys",
        "Lithology": "CHLORITE SERICITE SCHIST AND QUARTZITE",
        "LULC": "Evergreen Closed Forest",
        "Triggering": "Rainfall",
        "Year": "2023",
        "Basin": "Brahmaputra Basin",
        "Sub_Basin": "Brahmaputra Lower",
        "Source": "RESOURCESAT-2 LISS IV, 10m CARTODEM, Geomorphology 50K, LULC 10k(2018-2023), India-WRIS"
      }
    },
    {
      "type": "Feature",
      "id": "LS_SIKKIM_2023.74",
      "geometry": {
        "type": "MultiPolygon",
        "coordinates": [
          [
            [
              [
                88.26283073,
                27.25396616
              ],
              [
                88.26283073,
                27.25428538
              ],
              [
                88.26330202,
                27.25428538
              ],
              [
                88.26330202,
                27.25396616
              ],
              [
                88.26283073,
                27.25396616
              ]
            ]
          ]
        ]
      },
      "geometry_name": "the_geom",
      "properties": {
        "Slide_No": "SK /GYL /78A7 /2023 /18",
        "State": "SIKKIM",
        "District": "GYALSHING",
        "Toposheet": "78A7",
        "Latitude": 27.2541,
        "Longitude": 88.2631,
        "Length": 44.655,
        "Width": 35.81,
        "Height": 77.5067138672,
        "Area": 1220.64150173,
        "Activity": "Active",
        "Geomorphol": "Moderately Dissected Structural Hills and Valleys",
        "Lithology": "CHLORITE SERICITE SCHIST AND QUARTZITE",
        "LULC": "Evergreen Closed Forest",
        "Triggering": "Rainfall",
        "Year": "2023",
        "Basin": "Brahmaputra Basin",
        "Sub_Basin": "Brahmaputra Lower",
        "Source": "RESOURCESAT-2 LISS IV, 10m CARTODEM, Geomorphology 50K, LULC 10k(2018-2023), India-WRIS"
      }
    },
    {
      "type": "Feature",
      "id": "LS_SIKKIM_2023.75",
      "geometry": {
        "type": "MultiPolygon",
        "coordinates": [
          [
            [
              [
                88.27362422,
                27.29044233
              ],
              [
                88.27362422,
                27.29078011
              ],
              [
                88.27385901,
                27.29078011
              ],
              [
                88.27385901,
                27.29044233
              ],
              [
                88.27362422,
                27.29044233
              ]
            ]
          ]
        ]
      },
      "geometry_name": "the_geom",
      "properties": {
        "Slide_No": "SK /GYL /78A7 /2023 /19",
        "State": "SIKKIM",
        "District": "GYALSHING",
        "Toposheet": "78A7",
        "Latitude": 27.2906,
        "Longitude": 88.2737,
        "Length": 39.197,
        "Width": 16.549,
        "Height": 25,
        "Area": 506.466839639,
        "Activity": "Active",
        "Geomorphol": "Moderately Dissected Structural Hills and Valleys",
        "Lithology": "CHLORITE SERICITE SCHIST AND QUARTZITE",
        "LULC": "Wasteland - Dense Scrub Land",
        "Triggering": "Rainfall",
        "Year": "2023",
        "Basin": "Brahmaputra Basin",
        "Sub_Basin": "Brahmaputra Lower",
        "Source": "RESOURCESAT-2 LISS IV, 10m CARTODEM, Geomorphology 50K, LULC 10k(2018-2023), India-WRIS"
      }
    },
    {
      "type": "Feature",
      "id": "LS_SIKKIM_2023.76",
      "geometry": {
        "type": "MultiPolygon",
        "coordinates": [
          [
            [
              [
                88.27216755,
                27.29071825
              ],
              [
                88.27216755,
                27.29109223
              ],
              [
                88.27240519,
                27.29109223
              ],
              [
                88.27240519,
                27.29071825
              ],
              [
                88.27216755,
                27.29071825
              ]
            ]
          ]
        ]
      },
      "geometry_name": "the_geom",
      "properties": {
        "Slide_No": "SK /GYL /78A7 /2023 /20",
        "State": "SIKKIM",
        "District": "GYALSHING",
        "Toposheet": "78A7",
        "Latitude": 27.2909,
        "Longitude": 88.2723,
        "Length": 42.893,
        "Width": 20.158,
        "Height": 2.37768554688,
        "Area": 564.972380136,
        "Activity": "Active",
        "Geomorphol": "Moderately Dissected Structural Hills and Valleys",
        "Lithology": "CHLORITE SERICITE SCHIST AND QUARTZITE",
        "LULC": "Wasteland - Dense Scrub Land",
        "Triggering": "Rainfall",
        "Year": "2023",
        "Basin": "Brahmaputra Basin",
        "Sub_Basin": "Brahmaputra Lower",
        "Source": "RESOURCESAT-2 LISS IV, 10m CARTODEM, Geomorphology 50K, LULC 10k(2018-2023), India-WRIS"
      }
    },
    {
      "type": "Feature",
      "id": "LS_SIKKIM_2023.77",
      "geometry": {
        "type": "MultiPolygon",
        "coordinates": [
          [
            [
              [
                88.27985746,
                27.39992338
              ],
              [
                88.27985746,
                27.40055869
              ],
              [
                88.28046422,
                27.40055869
              ],
              [
                88.28046422,
                27.39992338
              ],
              [
                88.27985746,
                27.39992338
              ]
            ]
          ]
        ]
      },
      "geometry_name": "the_geom",
      "properties": {
        "Slide_No": "SK /GYL /78A7 /2023 /21",
        "State": "SIKKIM",
        "District": "GYALSHING",
        "Toposheet": "78A7",
        "Latitude": 27.4002,
        "Longitude": 88.2801,
        "Length": 69.446,
        "Width": 51.879,
        "Height": 5.03051757813,
        "Area": 2283.10886937,
        "Activity": "Active",
        "Geomorphol": "Highly Dissected Structural Hills and Valleys",
        "Lithology": "BANDED MIGMATITE, GARNET BT GNEISS,MICA SCHIST",
        "LULC": "Evergreen Closed Forest",
        "Triggering": "Rainfall",
        "Year": "2023",
        "Basin": "Brahmaputra Basin",
        "Sub_Basin": "Brahmaputra Lower",
        "Source": "RESOURCESAT-2 LISS IV, 10m CARTODEM, Geomorphology 50K, LULC 10k(2018-2023), India-WRIS"
      }
    },
    {
      "type": "Feature",
      "id": "LS_SIKKIM_2023.78",
      "geometry": {
        "type": "MultiPolygon",
        "coordinates": [
          [
            [
              [
                88.11861108,
                27.3574683
              ],
              [
                88.11861108,
                27.35767428
              ],
              [
                88.11898558,
                27.35767428
              ],
              [
                88.11898558,
                27.3574683
              ],
              [
                88.11861108,
                27.3574683
              ]
            ]
          ]
        ]
      },
      "geometry_name": "the_geom",
      "properties": {
        "Slide_No": "SK /GYL /78A3 /2023 /6",
        "State": "SIKKIM",
        "District": "GYALSHING",
        "Toposheet": "78A3",
        "Latitude": 27.3576,
        "Longitude": 88.1188,
        "Length": 36.891,
        "Width": 22.707,
        "Height": 139.109130859,
        "Area": 657.113018817,
        "Activity": "Active",
        "Geomorphol": "Moderately Dissected Structural Hills and Valleys",
        "Lithology": "BANDED MIGMATITE, GARNET BT GNEISS,MICA SCHIST",
        "LULC": "Evergreen Closed Forest",
        "Triggering": "Rainfall",
        "Year": "2023",
        "Basin": "Brahmaputra Basin",
        "Sub_Basin": "Brahmaputra Lower",
        "Source": "RESOURCESAT-2 LISS IV, 10m CARTODEM, Geomorphology 50K, LULC 10k(2018-2023), India-WRIS"
      }
    },
    {
      "type": "Feature",
      "id": "LS_SIKKIM_2023.79",
      "geometry": {
        "type": "MultiPolygon",
        "coordinates": [
          [
            [
              [
                88.1305054,
                27.34795108
              ],
              [
                88.1305054,
                27.34828349
              ],
              [
                88.13084239,
                27.34828349
              ],
              [
                88.13084239,
                27.34795108
              ],
              [
                88.1305054,
                27.34795108
              ]
            ]
          ]
        ]
      },
      "geometry_name": "the_geom",
      "properties": {
        "Slide_No": "SK /GYL /78A3 /2023 /7",
        "State": "SIKKIM",
        "District": "GYALSHING",
        "Toposheet": "78A3",
        "Latitude": 27.3481,
        "Longitude": 88.1307,
        "Length": 34.907,
        "Width": 33.145,
        "Height": 39.1520996094,
        "Area": 909.38681937,
        "Activity": "Active",
        "Geomorphol": "Moderately Dissected Structural Hills and Valleys",
        "Lithology": "BANDED MIGMATITE, GARNET BT GNEISS,MICA SCHIST",
        "LULC": "Evergreen Closed Forest",
        "Triggering": "Rainfall",
        "Year": "2023",
        "Basin": "Brahmaputra Basin",
        "Sub_Basin": "Brahmaputra Lower",
        "Source": "RESOURCESAT-2 LISS IV, 10m CARTODEM, Geomorphology 50K, LULC 10k(2018-2023), India-WRIS"
      }
    },
    {
      "type": "Feature",
      "id": "LS_SIKKIM_2023.80",
      "geometry": {
        "type": "MultiPolygon",
        "coordinates": [
          [
            [
              [
                88.21979599,
                27.33390934
              ],
              [
                88.21979599,
                27.33564858
              ],
              [
                88.22081968,
                27.33564858
              ],
              [
                88.22081968,
                27.33390934
              ],
              [
                88.21979599,
                27.33390934
              ]
            ]
          ]
        ]
      },
      "geometry_name": "the_geom",
      "properties": {
        "Slide_No": "SK /GYL /78A3 /2023 /8",
        "State": "SIKKIM",
        "District": "GYALSHING",
        "Toposheet": "78A3",
        "Latitude": 27.3348,
        "Longitude": 88.2203,
        "Length": 182.597,
        "Width": 88.832,
        "Height": 36.6770019531,
        "Area": 10177.8305258,
        "Activity": "Reactivation",
        "Geomorphol": "Moderately Dissected Structural Hills and Valleys",
        "Lithology": "QUARTZITE,MICA SCHIST, GNEISS,CALCGRANULITE",
        "LULC": "Evergreen Closed Forest",
        "Triggering": "Rainfall",
        "Year": "2023",
        "Basin": "Brahmaputra Basin",
        "Sub_Basin": "Brahmaputra Lower",
        "Source": "RESOURCESAT-2 LISS IV, 10m CARTODEM, Geomorphology 50K, LULC 10k(2018-2023), India-WRIS"
      }
    },
    {
      "type": "Feature",
      "id": "LS_SIKKIM_2023.81",
      "geometry": {
        "type": "MultiPolygon",
        "coordinates": [
          [
            [
              [
                88.12420538,
                27.27601234
              ],
              [
                88.12420538,
                27.27667685
              ],
              [
                88.12541815,
                27.27667685
              ],
              [
                88.12541815,
                27.27601234
              ],
              [
                88.12420538,
                27.27601234
              ]
            ]
          ]
        ]
      },
      "geometry_name": "the_geom",
      "properties": {
        "Slide_No": "SK /GYL /78A3 /2023 /9",
        "State": "SIKKIM",
        "District": "GYALSHING",
        "Toposheet": "78A3",
        "Latitude": 27.2764,
        "Longitude": 88.1248,
        "Length": 128.229,
        "Width": 45.475,
        "Height": 19.9663085938,
        "Area": 4352.53546538,
        "Activity": "Active",
        "Geomorphol": "Highly Dissected Structural Hills and Valleys",
        "Lithology": "BANDED MIGMATITE, GARNET BT GNEISS,MICA SCHIST",
        "LULC": "Semi- Evergreen Open Forest",
        "Triggering": "Rainfall",
        "Year": "2023",
        "Basin": "Brahmaputra Basin",
        "Sub_Basin": "Brahmaputra Lower",
        "Source": "RESOURCESAT-2 LISS IV, 10m CARTODEM, Geomorphology 50K, LULC 10k(2018-2023), India-WRIS"
      }
    },
    {
      "type": "Feature",
      "id": "LS_SIKKIM_2023.82",
      "geometry": {
        "type": "MultiPolygon",
        "coordinates": [
          [
            [
              [
                88.12976987,
                27.2755696
              ],
              [
                88.12976987,
                27.27587845
              ],
              [
                88.13023991,
                27.27587845
              ],
              [
                88.13023991,
                27.2755696
              ],
              [
                88.12976987,
                27.2755696
              ]
            ]
          ]
        ]
      },
      "geometry_name": "the_geom",
      "properties": {
        "Slide_No": "SK /GYL /78A3 /2023 /10",
        "State": "SIKKIM",
        "District": "GYALSHING",
        "Toposheet": "78A3",
        "Latitude": 27.2757,
        "Longitude": 88.13,
        "Length": 51.148,
        "Width": 28.273,
        "Height": 25.1044921875,
        "Area": 1094.69464601,
        "Activity": "Active",
        "Geomorphol": "Highly Dissected Structural Hills and Valleys",
        "Lithology": "BANDED MIGMATITE, GARNET BT GNEISS,MICA SCHIST",
        "LULC": "Semi- Evergreen Open Forest",
        "Triggering": "Rainfall",
        "Year": "2023",
        "Basin": "Brahmaputra Basin",
        "Sub_Basin": "Brahmaputra Lower",
        "Source": "RESOURCESAT-2 LISS IV, 10m CARTODEM, Geomorphology 50K, LULC 10k(2018-2023), India-WRIS"
      }
    },
    {
      "type": "Feature",
      "id": "LS_SIKKIM_2023.83",
      "geometry": {
        "type": "MultiPolygon",
        "coordinates": [
          [
            [
              [
                88.0987392,
                27.36223432
              ],
              [
                88.0987392,
                27.36267946
              ],
              [
                88.09925915,
                27.36267946
              ],
              [
                88.09925915,
                27.36223432
              ],
              [
                88.0987392,
                27.36223432
              ]
            ]
          ]
        ]
      },
      "geometry_name": "the_geom",
      "properties": {
        "Slide_No": "SK /GYL /78A3 /2023 /11",
        "State": "SIKKIM",
        "District": "GYALSHING",
        "Toposheet": "78A3",
        "Latitude": 27.3624,
        "Longitude": 88.099,
        "Length": 65.494,
        "Width": 28.986,
        "Height": 43.6374511719,
        "Area": 1426.784354,
        "Activity": "Active",
        "Geomorphol": "Highly Dissected Structural Hills and Valleys",
        "Lithology": "BANDED MIGMATITE, GARNET BT GNEISS,MICA SCHIST",
        "LULC": "Evergreen Closed Forest",
        "Triggering": "Rainfall",
        "Year": "2023",
        "Basin": "Brahmaputra Basin",
        "Sub_Basin": "Brahmaputra Lower",
        "Source": "RESOURCESAT-2 LISS IV, 10m CARTODEM, Geomorphology 50K, LULC 10k(2018-2023), India-WRIS"
      }
    },
    {
      "type": "Feature",
      "id": "LS_SIKKIM_2023.84",
      "geometry": {
        "type": "MultiPolygon",
        "coordinates": [
          [
            [
              [
                88.1078724,
                27.36140147
              ],
              [
                88.1078724,
                27.36183131
              ],
              [
                88.1085948,
                27.36183131
              ],
              [
                88.1085948,
                27.36140147
              ],
              [
                88.1078724,
                27.36140147
              ]
            ]
          ]
        ]
      },
      "geometry_name": "the_geom",
      "properties": {
        "Slide_No": "SK /GYL /78A3 /2023 /12",
        "State": "SIKKIM",
        "District": "GYALSHING",
        "Toposheet": "78A3",
        "Latitude": 27.3616,
        "Longitude": 88.1083,
        "Length": 69.364,
        "Width": 45.537,
        "Height": 21,
        "Area": 2180.99960624,
        "Activity": "Active",
        "Geomorphol": "Highly Dissected Structural Hills and Valleys",
        "Lithology": "BANDED MIGMATITE, GARNET BT GNEISS,MICA SCHIST",
        "LULC": "Evergreen Closed Forest",
        "Triggering": "Rainfall",
        "Year": "2023",
        "Basin": "Brahmaputra Basin",
        "Sub_Basin": "Brahmaputra Lower",
        "Source": "RESOURCESAT-2 LISS IV, 10m CARTODEM, Geomorphology 50K, LULC 10k(2018-2023), India-WRIS"
      }
    },
    {
      "type": "Feature",
      "id": "LS_SIKKIM_2023.85",
      "geometry": {
        "type": "MultiPolygon",
        "coordinates": [
          [
            [
              [
                88.06815319,
                27.36172599
              ],
              [
                88.06815319,
                27.36268645
              ],
              [
                88.070336,
                27.36268645
              ],
              [
                88.070336,
                27.36172599
              ],
              [
                88.06815319,
                27.36172599
              ]
            ]
          ]
        ]
      },
      "geometry_name": "the_geom",
      "properties": {
        "Slide_No": "SK /GYL /78A3 /2023 /13",
        "State": "SIKKIM",
        "District": "GYALSHING",
        "Toposheet": "78A3",
        "Latitude": 27.3623,
        "Longitude": 88.0692,
        "Length": 224.39,
        "Width": 47.497,
        "Height": 149,
        "Area": 4808.9335007,
        "Activity": "Active",
        "Geomorphol": "Highly Dissected Structural Hills and Valleys",
        "Lithology": "BANDED MIGMATITE, GARNET BT GNEISS,MICA SCHIST",
        "LULC": "Evergreen Closed Forest",
        "Triggering": "Rainfall",
        "Year": "2023",
        "Basin": "Brahmaputra Basin",
        "Sub_Basin": "Brahmaputra Lower",
        "Source": "RESOURCESAT-2 LISS IV, 10m CARTODEM, Geomorphology 50K, LULC 10k(2018-2023), India-WRIS"
      }
    },
    {
      "type": "Feature",
      "id": "LS_SIKKIM_2023.86",
      "geometry": {
        "type": "MultiPolygon",
        "coordinates": [
          [
            [
              [
                88.06979463,
                27.3525922
              ],
              [
                88.06979463,
                27.35308232
              ],
              [
                88.07065813,
                27.35308232
              ],
              [
                88.07065813,
                27.3525922
              ],
              [
                88.06979463,
                27.3525922
              ]
            ]
          ]
        ]
      },
      "geometry_name": "the_geom",
      "properties": {
        "Slide_No": "SK /GYL /78A3 /2023 /14",
        "State": "SIKKIM",
        "District": "GYALSHING",
        "Toposheet": "78A3",
        "Latitude": 27.3529,
        "Longitude": 88.0702,
        "Length": 84.514,
        "Width": 53.324,
        "Height": 57,
        "Area": 3164.20775053,
        "Activity": "Active",
        "Geomorphol": "Highly Dissected Structural Hills and Valleys",
        "Lithology": "BANDED MIGMATITE, GARNET BT GNEISS,MICA SCHIST",
        "LULC": "Evergreen Closed Forest",
        "Triggering": "Rainfall",
        "Year": "2023",
        "Basin": "Brahmaputra Basin",
        "Sub_Basin": "Brahmaputra Lower",
        "Source": "RESOURCESAT-2 LISS IV, 10m CARTODEM, Geomorphology 50K, LULC 10k(2018-2023), India-WRIS"
      }
    },
    {
      "type": "Feature",
      "id": "LS_SIKKIM_2023.87",
      "geometry": {
        "type": "MultiPolygon",
        "coordinates": [
          [
            [
              [
                88.07197332,
                27.35376623
              ],
              [
                88.07197332,
                27.35421994
              ],
              [
                88.07286717,
                27.35421994
              ],
              [
                88.07286717,
                27.35376623
              ],
              [
                88.07197332,
                27.35376623
              ]
            ]
          ]
        ]
      },
      "geometry_name": "the_geom",
      "properties": {
        "Slide_No": "SK /GYL /78A3 /2023 /15",
        "State": "SIKKIM",
        "District": "GYALSHING",
        "Toposheet": "78A3",
        "Latitude": 27.354,
        "Longitude": 88.0724,
        "Length": 94.607,
        "Width": 25.977,
        "Height": 36,
        "Area": 1728.68048564,
        "Activity": "Active",
        "Geomorphol": "Highly Dissected Structural Hills and Valleys",
        "Lithology": "BANDED MIGMATITE, GARNET BT GNEISS,MICA SCHIST",
        "LULC": "Evergreen Closed Forest",
        "Triggering": "Rainfall",
        "Year": "2023",
        "Basin": "Brahmaputra Basin",
        "Sub_Basin": "Brahmaputra Lower",
        "Source": "RESOURCESAT-2 LISS IV, 10m CARTODEM, Geomorphology 50K, LULC 10k(2018-2023), India-WRIS"
      }
    },
    {
      "type": "Feature",
      "id": "LS_SIKKIM_2023.88",
      "geometry": {
        "type": "MultiPolygon",
        "coordinates": [
          [
            [
              [
                88.07295563,
                27.35096773
              ],
              [
                88.07295563,
                27.3516673
              ],
              [
                88.07369024,
                27.3516673
              ],
              [
                88.07369024,
                27.35096773
              ],
              [
                88.07295563,
                27.35096773
              ]
            ]
          ]
        ]
      },
      "geometry_name": "the_geom",
      "properties": {
        "Slide_No": "SK /GYL /78A3 /2023 /16",
        "State": "SIKKIM",
        "District": "GYALSHING",
        "Toposheet": "78A3",
        "Latitude": 27.3513,
        "Longitude": 88.0733,
        "Length": 84.346,
        "Width": 58.33,
        "Height": 24,
        "Area": 3124.92681502,
        "Activity": "Active",
        "Geomorphol": "Highly Dissected Structural Hills and Valleys",
        "Lithology": "BANDED MIGMATITE, GARNET BT GNEISS,MICA SCHIST",
        "LULC": "Evergreen Closed Forest",
        "Triggering": "Rainfall",
        "Year": "2023",
        "Basin": "Brahmaputra Basin",
        "Sub_Basin": "Brahmaputra Lower",
        "Source": "RESOURCESAT-2 LISS IV, 10m CARTODEM, Geomorphology 50K, LULC 10k(2018-2023), India-WRIS"
      }
    },
    {
      "type": "Feature",
      "id": "LS_SIKKIM_2023.89",
      "geometry": {
        "type": "MultiPolygon",
        "coordinates": [
          [
            [
              [
                88.08550526,
                27.3518772
              ],
              [
                88.08550526,
                27.35230066
              ],
              [
                88.08643386,
                27.35230066
              ],
              [
                88.08643386,
                27.3518772
              ],
              [
                88.08550526,
                27.3518772
              ]
            ]
          ]
        ]
      },
      "geometry_name": "the_geom",
      "properties": {
        "Slide_No": "SK /GYL /78A3 /2023 /17",
        "State": "SIKKIM",
        "District": "GYALSHING",
        "Toposheet": "78A3",
        "Latitude": 27.3521,
        "Longitude": 88.0859,
        "Length": 93.487,
        "Width": 40.892,
        "Height": 13.1402587891,
        "Area": 2626.57536153,
        "Activity": "Active",
        "Geomorphol": "Highly Dissected Structural Hills and Valleys",
        "Lithology": "BANDED MIGMATITE, GARNET BT GNEISS,MICA SCHIST",
        "LULC": "Evergreen Closed Forest",
        "Triggering": "Rainfall",
        "Year": "2023",
        "Basin": "Brahmaputra Basin",
        "Sub_Basin": "Brahmaputra Lower",
        "Source": "RESOURCESAT-2 LISS IV, 10m CARTODEM, Geomorphology 50K, LULC 10k(2018-2023), India-WRIS"
      }
    },
    {
      "type": "Feature",
      "id": "LS_SIKKIM_2023.90",
      "geometry": {
        "type": "MultiPolygon",
        "coordinates": [
          [
            [
              [
                88.0794481,
                27.35156897
              ],
              [
                88.0794481,
                27.35256334
              ],
              [
                88.08033486,
                27.35256334
              ],
              [
                88.08033486,
                27.35156897
              ],
              [
                88.0794481,
                27.35156897
              ]
            ]
          ]
        ]
      },
      "geometry_name": "the_geom",
      "properties": {
        "Slide_No": "SK /GYL /78A3 /2023 /18",
        "State": "SIKKIM",
        "District": "GYALSHING",
        "Toposheet": "78A3",
        "Latitude": 27.3522,
        "Longitude": 88.0799,
        "Length": 137.731,
        "Width": 32.858,
        "Height": 126.642822266,
        "Area": 2270.24746891,
        "Activity": "Active",
        "Geomorphol": "Highly Dissected Structural Hills and Valleys",
        "Lithology": "BANDED MIGMATITE, GARNET BT GNEISS,MICA SCHIST",
        "LULC": "Evergreen Closed Forest",
        "Triggering": "Rainfall",
        "Year": "2023",
        "Basin": "Brahmaputra Basin",
        "Sub_Basin": "Brahmaputra Lower",
        "Source": "RESOURCESAT-2 LISS IV, 10m CARTODEM, Geomorphology 50K, LULC 10k(2018-2023), India-WRIS"
      }
    },
    {
      "type": "Feature",
      "id": "LS_SIKKIM_2023.91",
      "geometry": {
        "type": "MultiPolygon",
        "coordinates": [
          [
            [
              [
                88.08309632,
                27.35525153
              ],
              [
                88.08309632,
                27.35571791
              ],
              [
                88.08346752,
                27.35571791
              ],
              [
                88.08346752,
                27.35525153
              ],
              [
                88.08309632,
                27.35525153
              ]
            ]
          ]
        ]
      },
      "geometry_name": "the_geom",
      "properties": {
        "Slide_No": "SK /GYL /78A3 /2023 /19",
        "State": "SIKKIM",
        "District": "GYALSHING",
        "Toposheet": "78A3",
        "Latitude": 27.3555,
        "Longitude": 88.0833,
        "Length": 58.384,
        "Width": 21.667,
        "Height": 67.4710693359,
        "Area": 1005.57331826,
        "Activity": "Active",
        "Geomorphol": "Highly Dissected Structural Hills and Valleys",
        "Lithology": "BANDED MIGMATITE, GARNET BT GNEISS,MICA SCHIST",
        "LULC": "Evergreen Closed Forest",
        "Triggering": "Rainfall",
        "Year": "2023",
        "Basin": "Brahmaputra Basin",
        "Sub_Basin": "Brahmaputra Lower",
        "Source": "RESOURCESAT-2 LISS IV, 10m CARTODEM, Geomorphology 50K, LULC 10k(2018-2023), India-WRIS"
      }
    },
    {
      "type": "Feature",
      "id": "LS_SIKKIM_2023.92",
      "geometry": {
        "type": "MultiPolygon",
        "coordinates": [
          [
            [
              [
                88.08227099,
                27.35536575
              ],
              [
                88.08227099,
                27.35564052
              ],
              [
                88.08254429,
                27.35564052
              ],
              [
                88.08254429,
                27.35536575
              ],
              [
                88.08227099,
                27.35536575
              ]
            ]
          ]
        ]
      },
      "geometry_name": "the_geom",
      "properties": {
        "Slide_No": "SK /GYL /78A3 /2023 /20",
        "State": "SIKKIM",
        "District": "GYALSHING",
        "Toposheet": "78A3",
        "Latitude": 27.3555,
        "Longitude": 88.0824,
        "Length": 31.073,
        "Width": 23.617,
        "Height": 6.12915039063,
        "Area": 588.233892209,
        "Activity": "Active",
        "Geomorphol": "Highly Dissected Structural Hills and Valleys",
        "Lithology": "BANDED MIGMATITE, GARNET BT GNEISS,MICA SCHIST",
        "LULC": "Evergreen Closed Forest",
        "Triggering": "Rainfall",
        "Year": "2023",
        "Basin": "Brahmaputra Basin",
        "Sub_Basin": "Brahmaputra Lower",
        "Source": "RESOURCESAT-2 LISS IV, 10m CARTODEM, Geomorphology 50K, LULC 10k(2018-2023), India-WRIS"
      }
    },
    {
      "type": "Feature",
      "id": "LS_SIKKIM_2023.93",
      "geometry": {
        "type": "MultiPolygon",
        "coordinates": [
          [
            [
              [
                88.07881329,
                27.3513968
              ],
              [
                88.07881329,
                27.35179655
              ],
              [
                88.07930822,
                27.35179655
              ],
              [
                88.07930822,
                27.3513968
              ],
              [
                88.07881329,
                27.3513968
              ]
            ]
          ]
        ]
      },
      "geometry_name": "the_geom",
      "properties": {
        "Slide_No": "SK /GYL /78A3 /2023 /21",
        "State": "SIKKIM",
        "District": "GYALSHING",
        "Toposheet": "78A3",
        "Latitude": 27.3516,
        "Longitude": 88.079,
        "Length": 60.414,
        "Width": 22.992,
        "Height": 33.8336181641,
        "Area": 995.18322444,
        "Activity": "Active",
        "Geomorphol": "Highly Dissected Structural Hills and Valleys",
        "Lithology": "BANDED MIGMATITE, GARNET BT GNEISS,MICA SCHIST",
        "LULC": "Evergreen Closed Forest",
        "Triggering": "Rainfall",
        "Year": "2023",
        "Basin": "Brahmaputra Basin",
        "Sub_Basin": "Brahmaputra Lower",
        "Source": "RESOURCESAT-2 LISS IV, 10m CARTODEM, Geomorphology 50K, LULC 10k(2018-2023), India-WRIS"
      }
    },
    {
      "type": "Feature",
      "id": "LS_SIKKIM_2023.94",
      "geometry": {
        "type": "MultiPolygon",
        "coordinates": [
          [
            [
              [
                88.07173202,
                27.34985766
              ],
              [
                88.07173202,
                27.35010313
              ],
              [
                88.07202291,
                27.35010313
              ],
              [
                88.07202291,
                27.34985766
              ],
              [
                88.07173202,
                27.34985766
              ]
            ]
          ]
        ]
      },
      "geometry_name": "the_geom",
      "properties": {
        "Slide_No": "SK /GYL /78A3 /2023 /22",
        "State": "SIKKIM",
        "District": "GYALSHING",
        "Toposheet": "78A3",
        "Latitude": 27.35,
        "Longitude": 88.0719,
        "Length": 30.983,
        "Width": 20.305,
        "Height": 21.9508056641,
        "Area": 515.486704144,
        "Activity": "Active",
        "Geomorphol": "Highly Dissected Structural Hills and Valleys",
        "Lithology": "BANDED MIGMATITE, GARNET BT GNEISS,MICA SCHIST",
        "LULC": "Evergreen Closed Forest",
        "Triggering": "Rainfall",
        "Year": "2023",
        "Basin": "Brahmaputra Basin",
        "Sub_Basin": "Brahmaputra Lower",
        "Source": "RESOURCESAT-2 LISS IV, 10m CARTODEM, Geomorphology 50K, LULC 10k(2018-2023), India-WRIS"
      }
    },
    {
      "type": "Feature",
      "id": "LS_SIKKIM_2023.95",
      "geometry": {
        "type": "MultiPolygon",
        "coordinates": [
          [
            [
              [
                88.07112526,
                27.34096763
              ],
              [
                88.07112526,
                27.34144947
              ],
              [
                88.07146433,
                27.34144947
              ],
              [
                88.07146433,
                27.34096763
              ],
              [
                88.07112526,
                27.34096763
              ]
            ]
          ]
        ]
      },
      "geometry_name": "the_geom",
      "properties": {
        "Slide_No": "SK /GYL /78A3 /2023 /23",
        "State": "SIKKIM",
        "District": "GYALSHING",
        "Toposheet": "78A3",
        "Latitude": 27.3412,
        "Longitude": 88.0713,
        "Length": 58.881,
        "Width": 23.55,
        "Height": 18.6024169922,
        "Area": 1028.85289054,
        "Activity": "Active",
        "Geomorphol": "Highly Dissected Structural Hills and Valleys",
        "Lithology": "BANDED MIGMATITE, GARNET BT GNEISS,MICA SCHIST",
        "LULC": "Evergreen Closed Forest",
        "Triggering": "Rainfall",
        "Year": "2023",
        "Basin": "Brahmaputra Basin",
        "Sub_Basin": "Brahmaputra Lower",
        "Source": "RESOURCESAT-2 LISS IV, 10m CARTODEM, Geomorphology 50K, LULC 10k(2018-2023), India-WRIS"
      }
    },
    {
      "type": "Feature",
      "id": "LS_SIKKIM_2023.96",
      "geometry": {
        "type": "MultiPolygon",
        "coordinates": [
          [
            [
              [
                88.16594226,
                27.4419197
              ],
              [
                88.16594226,
                27.44413951
              ],
              [
                88.16805915,
                27.44413951
              ],
              [
                88.16805915,
                27.4419197
              ],
              [
                88.16594226,
                27.4419197
              ]
            ]
          ]
        ]
      },
      "geometry_name": "the_geom",
      "properties": {
        "Slide_No": "SK /GYL /78A3 /2023 /24",
        "State": "SIKKIM",
        "District": "GYALSHING",
        "Toposheet": "78A3",
        "Latitude": 27.4432,
        "Longitude": 88.1672,
        "Length": 215.308,
        "Width": 214.845,
        "Height": 183,
        "Area": 29187.8312191,
        "Activity": "Active",
        "Geomorphol": "Highly Dissected Structural Hills and Valleys",
        "Lithology": "BANDED MIGMATITE, GARNET BT GNEISS,MICA SCHIST",
        "LULC": "Evergreen Open Forest",
        "Triggering": "Rainfall",
        "Year": "2023",
        "Basin": "Brahmaputra Basin",
        "Sub_Basin": "Brahmaputra Lower",
        "Source": "RESOURCESAT-2 LISS IV, 10m CARTODEM, Geomorphology 50K, LULC 10k(2018-2023), India-WRIS"
      }
    },
    {
      "type": "Feature",
      "id": "LS_SIKKIM_2023.97",
      "geometry": {
        "type": "MultiPolygon",
        "coordinates": [
          [
            [
              [
                88.26076716,
                27.25567315
              ],
              [
                88.26076716,
                27.25586941
              ],
              [
                88.26095613,
                27.25586941
              ],
              [
                88.26095613,
                27.25567315
              ],
              [
                88.26076716,
                27.25567315
              ]
            ]
          ]
        ]
      },
      "geometry_name": "the_geom",
      "properties": {
        "Slide_No": "SK /GYL /78A7 /2023 /22",
        "State": "SIKKIM",
        "District": "GYALSHING",
        "Toposheet": "78A7",
        "Latitude": 27.2558,
        "Longitude": 88.2609,
        "Length": 22.212,
        "Width": 17.334,
        "Height": 16.1110839844,
        "Area": 319.012503769,
        "Activity": "Active",
        "Geomorphol": "Moderately Dissected Structural Hills and Valleys",
        "Lithology": "CHLORITE SERICITE SCHIST AND QUARTZITE",
        "LULC": "Evergreen Closed Forest",
        "Triggering": "Rainfall",
        "Year": "2023",
        "Basin": "Brahmaputra Basin",
        "Sub_Basin": "Brahmaputra Lower",
        "Source": "RESOURCESAT-2 LISS IV, 10m CARTODEM, Geomorphology 50K, LULC 10k(2018-2023), India-WRIS"
      }
    },
    {
      "type": "Feature",
      "id": "LS_SIKKIM_2023.98",
      "geometry": {
        "type": "MultiPolygon",
        "coordinates": [
          [
            [
              [
                88.26894443,
                27.27504562
              ],
              [
                88.26894443,
                27.27520712
              ],
              [
                88.2690975,
                27.27520712
              ],
              [
                88.2690975,
                27.27504562
              ],
              [
                88.26894443,
                27.27504562
              ]
            ]
          ]
        ]
      },
      "geometry_name": "the_geom",
      "properties": {
        "Slide_No": "SK /GYL /78A7 /2023 /23",
        "State": "SIKKIM",
        "District": "GYALSHING",
        "Toposheet": "78A7",
        "Latitude": 27.2751,
        "Longitude": 88.269,
        "Length": 18.875,
        "Width": 12.263,
        "Height": 13,
        "Area": 165.16644148,
        "Activity": "Active",
        "Geomorphol": "Moderately Dissected Structural Hills and Valleys",
        "Lithology": "CHLORITE SERICITE SCHIST AND QUARTZITE",
        "LULC": "Semi- Evergreen Open Forest",
        "Triggering": "Rainfall",
        "Year": "2023",
        "Basin": "Brahmaputra Basin",
        "Sub_Basin": "Brahmaputra Lower",
        "Source": "RESOURCESAT-2 LISS IV, 10m CARTODEM, Geomorphology 50K, LULC 10k(2018-2023), India-WRIS"
      }
    },
    {
      "type": "Feature",
      "id": "LS_SIKKIM_2023.99",
      "geometry": {
        "type": "MultiPolygon",
        "coordinates": [
          [
            [
              [
                88.08852409,
                27.3632813
              ],
              [
                88.08852409,
                27.36377856
              ],
              [
                88.08870468,
                27.36377856
              ],
              [
                88.08870468,
                27.3632813
              ],
              [
                88.08852409,
                27.3632813
              ]
            ]
          ]
        ]
      },
      "geometry_name": "the_geom",
      "properties": {
        "Slide_No": "SK /GYL /78A3 /2023 /25",
        "State": "SIKKIM",
        "District": "GYALSHING",
        "Toposheet": "78A3",
        "Latitude": 27.3635,
        "Longitude": 88.0886,
        "Length": 55.153,
        "Width": 14.588,
        "Height": 3,
        "Area": 585.239231762,
        "Activity": "Active",
        "Geomorphol": "Highly Dissected Structural Hills and Valleys",
        "Lithology": "BANDED MIGMATITE, GARNET BT GNEISS,MICA SCHIST",
        "LULC": "Evergreen Closed Forest",
        "Triggering": "Rainfall",
        "Year": "2023",
        "Basin": "Brahmaputra Basin",
        "Sub_Basin": "Brahmaputra Lower",
        "Source": "RESOURCESAT-2 LISS IV, 10m CARTODEM, Geomorphology 50K, LULC 10k(2018-2023), India-WRIS"
      }
    },
    {
      "type": "Feature",
      "id": "LS_SIKKIM_2023.100",
      "geometry": {
        "type": "MultiPolygon",
        "coordinates": [
          [
            [
              [
                88.08267451,
                27.3553278
              ],
              [
                88.08267451,
                27.35558466
              ],
              [
                88.08293452,
                27.35558466
              ],
              [
                88.08293452,
                27.3553278
              ],
              [
                88.08267451,
                27.3553278
              ]
            ]
          ]
        ]
      },
      "geometry_name": "the_geom",
      "properties": {
        "Slide_No": "SK /GYL /78A3 /2023 /26",
        "State": "SIKKIM",
        "District": "GYALSHING",
        "Toposheet": "78A3",
        "Latitude": 27.3555,
        "Longitude": 88.0828,
        "Length": 27.788,
        "Width": 24.593,
        "Height": 16,
        "Area": 518.497841675,
        "Activity": "Active",
        "Geomorphol": "Highly Dissected Structural Hills and Valleys",
        "Lithology": "BANDED MIGMATITE, GARNET BT GNEISS,MICA SCHIST",
        "LULC": "Evergreen Closed Forest",
        "Triggering": "Rainfall",
        "Year": "2023",
        "Basin": "Brahmaputra Basin",
        "Sub_Basin": "Brahmaputra Lower",
        "Source": "RESOURCESAT-2 LISS IV, 10m CARTODEM, Geomorphology 50K, LULC 10k(2018-2023), India-WRIS"
      }
    },
    {
      "type": "Feature",
      "id": "LS_SIKKIM_2023.101",
      "geometry": {
        "type": "MultiPolygon",
        "coordinates": [
          [
            [
              [
                88.08136408,
                27.35194222
              ],
              [
                88.08136408,
                27.35223455
              ],
              [
                88.08172562,
                27.35223455
              ],
              [
                88.08172562,
                27.35194222
              ],
              [
                88.08136408,
                27.35194222
              ]
            ]
          ]
        ]
      },
      "geometry_name": "the_geom",
      "properties": {
        "Slide_No": "SK /GYL /78A3 /2023 /27",
        "State": "SIKKIM",
        "District": "GYALSHING",
        "Toposheet": "78A3",
        "Latitude": 27.3521,
        "Longitude": 88.0816,
        "Length": 39.431,
        "Width": 22.138,
        "Height": 6.32836914063,
        "Area": 680.838492894,
        "Activity": "Active",
        "Geomorphol": "Highly Dissected Structural Hills and Valleys",
        "Lithology": "BANDED MIGMATITE, GARNET BT GNEISS,MICA SCHIST",
        "LULC": "Evergreen Closed Forest",
        "Triggering": "Rainfall",
        "Year": "2023",
        "Basin": "Brahmaputra Basin",
        "Sub_Basin": "Brahmaputra Lower",
        "Source": "RESOURCESAT-2 LISS IV, 10m CARTODEM, Geomorphology 50K, LULC 10k(2018-2023), India-WRIS"
      }
    },
    {
      "type": "Feature",
      "id": "LS_SIKKIM_2023.102",
      "geometry": {
        "type": "MultiPolygon",
        "coordinates": [
          [
            [
              [
                88.06237884,
                27.26863778
              ],
              [
                88.06237884,
                27.26935417
              ],
              [
                88.06266186,
                27.26935417
              ],
              [
                88.06266186,
                27.26863778
              ],
              [
                88.06237884,
                27.26863778
              ]
            ]
          ]
        ]
      },
      "geometry_name": "the_geom",
      "properties": {
        "Slide_No": "SK /GYL /78A3 /2023 /28",
        "State": "SIKKIM",
        "District": "GYALSHING",
        "Toposheet": "78A3",
        "Latitude": 27.269,
        "Longitude": 88.0625,
        "Length": 79.385,
        "Width": 27.288,
        "Height": 34,
        "Area": 1503.98795127,
        "Activity": "Active",
        "Geomorphol": "Highly Dissected Structural Hills and Valleys",
        "Lithology": "BANDED MIGMATITE, GARNET BT GNEISS,MICA SCHIST",
        "LULC": "Semi- Evergreen Open Forest",
        "Triggering": "Rainfall",
        "Year": "2023",
        "Basin": "Brahmaputra Basin",
        "Sub_Basin": "Brahmaputra Lower",
        "Source": "RESOURCESAT-2 LISS IV, 10m CARTODEM, Geomorphology 50K, LULC 10k(2018-2023), India-WRIS"
      }
    },
    {
      "type": "Feature",
      "id": "LS_SIKKIM_2023.103",
      "geometry": {
        "type": "MultiPolygon",
        "coordinates": [
          [
            [
              [
                88.26372106,
                27.33038521
              ],
              [
                88.26372106,
                27.3314468
              ],
              [
                88.26456745,
                27.3314468
              ],
              [
                88.26456745,
                27.33038521
              ],
              [
                88.26372106,
                27.33038521
              ]
            ]
          ]
        ]
      },
      "geometry_name": "the_geom",
      "properties": {
        "Slide_No": "SK /GYL /78A7 /2023 /24",
        "State": "SIKKIM",
        "District": "GYALSHING",
        "Toposheet": "78A7",
        "Latitude": 27.3309,
        "Longitude": 88.2641,
        "Length": 115.41,
        "Width": 81.773,
        "Height": 68,
        "Area": 7242.40520787,
        "Activity": "Active",
        "Geomorphol": "Moderately Dissected Structural Hills and Valleys",
        "Lithology": "CHLORITE SERICITE SCHIST AND QUARTZITE",
        "LULC": "Semi- Evergreen Open Forest",
        "Triggering": "Rainfall",
        "Year": "2023",
        "Basin": "Brahmaputra Basin",
        "Sub_Basin": "Brahmaputra Lower",
        "Source": "RESOURCESAT-2 LISS IV, 10m CARTODEM, Geomorphology 50K, LULC 10k(2018-2023), India-WRIS"
      }
    },
    {
      "type": "Feature",
      "id": "LS_SIKKIM_2023.104",
      "geometry": {
        "type": "MultiPolygon",
        "coordinates": [
          [
            [
              [
                88.31078641,
                27.38310336
              ],
              [
                88.31078641,
                27.38379112
              ],
              [
                88.31109341,
                27.38379112
              ],
              [
                88.31109341,
                27.38310336
              ],
              [
                88.31078641,
                27.38310336
              ]
            ]
          ]
        ]
      },
      "geometry_name": "the_geom",
      "properties": {
        "Slide_No": "SK /GYL /78A7 /2023 /25",
        "State": "SIKKIM",
        "District": "GYALSHING",
        "Toposheet": "78A7",
        "Latitude": 27.3834,
        "Longitude": 88.311,
        "Length": 76.2,
        "Width": 30.163,
        "Height": 7.68310546875,
        "Area": 1738.91144687,
        "Activity": "Active",
        "Geomorphol": "Moderately Dissected Structural Hills and Valleys",
        "Lithology": "CHLORITE SERICITE SCHIST AND QUARTZITE",
        "LULC": "Agriculture - Single crop Land",
        "Triggering": "Rainfall",
        "Year": "2023",
        "Basin": "Brahmaputra Basin",
        "Sub_Basin": "Brahmaputra Lower",
        "Source": "RESOURCESAT-2 LISS IV, 10m CARTODEM, Geomorphology 50K, LULC 10k(2018-2023), India-WRIS"
      }
    },
    {
      "type": "Feature",
      "id": "LS_SIKKIM_2023.105",
      "geometry": {
        "type": "MultiPolygon",
        "coordinates": [
          [
            [
              [
                88.29622731,
                27.3827478
              ],
              [
                88.29622731,
                27.3843675
              ],
              [
                88.29709424,
                27.3843675
              ],
              [
                88.29709424,
                27.3827478
              ],
              [
                88.29622731,
                27.3827478
              ]
            ]
          ]
        ]
      },
      "geometry_name": "the_geom",
      "properties": {
        "Slide_No": "SK /GYL /78A7 /2023 /26",
        "State": "SIKKIM",
        "District": "GYALSHING",
        "Toposheet": "78A7",
        "Latitude": 27.3834,
        "Longitude": 88.2967,
        "Length": 181.258,
        "Width": 82.188,
        "Height": 12.0103759766,
        "Area": 7755.86298116,
        "Activity": "Reactivated",
        "Geomorphol": "Moderately Dissected Structural Hills and Valleys",
        "Lithology": "CALC GRANULITE WITH /WITHOUT QUARTZITE",
        "LULC": "Evergreen Closed Forest",
        "Triggering": "Rainfall",
        "Year": "2023",
        "Basin": "Brahmaputra Basin",
        "Sub_Basin": "Brahmaputra Lower",
        "Source": "RESOURCESAT-2 LISS IV, 10m CARTODEM, Geomorphology 50K, LULC 10k(2018-2023), India-WRIS"
      }
    },
    {
      "type": "Feature",
      "id": "LS_SIKKIM_2023.106",
      "geometry": {
        "type": "MultiPolygon",
        "coordinates": [
          [
            [
              [
                88.29493287,
                27.38416014
              ],
              [
                88.29493287,
                27.38470885
              ],
              [
                88.29572752,
                27.38470885
              ],
              [
                88.29572752,
                27.38416014
              ],
              [
                88.29493287,
                27.38416014
              ]
            ]
          ]
        ]
      },
      "geometry_name": "the_geom",
      "properties": {
        "Slide_No": "SK /GYL /78A7 /2023 /27",
        "State": "SIKKIM",
        "District": "GYALSHING",
        "Toposheet": "78A7",
        "Latitude": 27.3845,
        "Longitude": 88.2953,
        "Length": 81.125,
        "Width": 42.096,
        "Height": 25.3566894531,
        "Area": 2537.13876739,
        "Activity": "Active",
        "Geomorphol": "Moderately Dissected Structural Hills and Valleys",
        "Lithology": "CALC GRANULITE WITH /WITHOUT QUARTZITE",
        "LULC": "Evergreen Closed Forest",
        "Triggering": "Rainfall",
        "Year": "2023",
        "Basin": "Brahmaputra Basin",
        "Sub_Basin": "Brahmaputra Lower",
        "Source": "RESOURCESAT-2 LISS IV, 10m CARTODEM, Geomorphology 50K, LULC 10k(2018-2023), India-WRIS"
      }
    },
    {
      "type": "Feature",
      "id": "LS_SIKKIM_2023.107",
      "geometry": {
        "type": "MultiPolygon",
        "coordinates": [
          [
            [
              [
                88.30907884,
                27.40902699
              ],
              [
                88.30907884,
                27.40955302
              ],
              [
                88.30957474,
                27.40955302
              ],
              [
                88.30957474,
                27.40902699
              ],
              [
                88.30907884,
                27.40902699
              ]
            ]
          ]
        ]
      },
      "geometry_name": "the_geom",
      "properties": {
        "Slide_No": "SK /GYL /78A7 /2023 /28",
        "State": "SIKKIM",
        "District": "GYALSHING",
        "Toposheet": "78A7",
        "Latitude": 27.4093,
        "Longitude": 88.3093,
        "Length": 66.631,
        "Width": 31.11,
        "Height": 7.11822509766,
        "Area": 1563.33793286,
        "Activity": "Active",
        "Geomorphol": "Highly Dissected Structural Hills and Valleys",
        "Lithology": "CALC GRANULITE WITH /WITHOUT QUARTZITE",
        "LULC": "Semi- Evergreen Open Forest",
        "Triggering": "Rainfall",
        "Year": "2023",
        "Basin": "Brahmaputra Basin",
        "Sub_Basin": "Brahmaputra Lower",
        "Source": "RESOURCESAT-2 LISS IV, 10m CARTODEM, Geomorphology 50K, LULC 10k(2018-2023), India-WRIS"
      }
    },
    {
      "type": "Feature",
      "id": "LS_SIKKIM_2023.108",
      "geometry": {
        "type": "MultiPolygon",
        "coordinates": [
          [
            [
              [
                88.28306377,
                27.40838609
              ],
              [
                88.28306377,
                27.40886866
              ],
              [
                88.28348493,
                27.40886866
              ],
              [
                88.28348493,
                27.40838609
              ],
              [
                88.28306377,
                27.40838609
              ]
            ]
          ]
        ]
      },
      "geometry_name": "the_geom",
      "properties": {
        "Slide_No": "SK /GYL /78A7 /2023 /29",
        "State": "SIKKIM",
        "District": "GYALSHING",
        "Toposheet": "78A7",
        "Latitude": 27.4086,
        "Longitude": 88.2833,
        "Length": 58.567,
        "Width": 32.346,
        "Height": 11.3001098633,
        "Area": 1380.92637312,
        "Activity": "Active",
        "Geomorphol": "Highly Dissected Structural Hills and Valleys",
        "Lithology": "BANDED MIGMATITE, GARNET BT GNEISS,MICA SCHIST",
        "LULC": "Evergreen Closed Forest",
        "Triggering": "Rainfall",
        "Year": "2023",
        "Basin": "Brahmaputra Basin",
        "Sub_Basin": "Brahmaputra Lower",
        "Source": "RESOURCESAT-2 LISS IV, 10m CARTODEM, Geomorphology 50K, LULC 10k(2018-2023), India-WRIS"
      }
    },
    {
      "type": "Feature",
      "id": "LS_SIKKIM_2023.109",
      "geometry": {
        "type": "MultiPolygon",
        "coordinates": [
          [
            [
              [
                88.28422372,
                27.40688035
              ],
              [
                88.28422372,
                27.40716021
              ],
              [
                88.28462516,
                27.40716021
              ],
              [
                88.28462516,
                27.40688035
              ],
              [
                88.28422372,
                27.40688035
              ]
            ]
          ]
        ]
      },
      "geometry_name": "the_geom",
      "properties": {
        "Slide_No": "SK /GYL /78A7 /2023 /30",
        "State": "SIKKIM",
        "District": "GYALSHING",
        "Toposheet": "78A7",
        "Latitude": 27.407,
        "Longitude": 88.2844,
        "Length": 41.021,
        "Width": 29.224,
        "Height": 41,
        "Area": 877.684826817,
        "Activity": "Active",
        "Geomorphol": "Highly Dissected Structural Hills and Valleys",
        "Lithology": "BANDED MIGMATITE, GARNET BT GNEISS,MICA SCHIST",
        "LULC": "Evergreen Closed Forest",
        "Triggering": "Rainfall",
        "Year": "2023",
        "Basin": "Brahmaputra Basin",
        "Sub_Basin": "Brahmaputra Lower",
        "Source": "RESOURCESAT-2 LISS IV, 10m CARTODEM, Geomorphology 50K, LULC 10k(2018-2023), India-WRIS"
      }
    },
    {
      "type": "Feature",
      "id": "LS_SIKKIM_2023.110",
      "geometry": {
        "type": "MultiPolygon",
        "coordinates": [
          [
            [
              [
                88.28164109,
                27.40658682
              ],
              [
                88.28164109,
                27.40710783
              ],
              [
                88.28194516,
                27.40710783
              ],
              [
                88.28194516,
                27.40658682
              ],
              [
                88.28164109,
                27.40658682
              ]
            ]
          ]
        ]
      },
      "geometry_name": "the_geom",
      "properties": {
        "Slide_No": "SK /GYL /78A7 /2023 /31",
        "State": "SIKKIM",
        "District": "GYALSHING",
        "Toposheet": "78A7",
        "Latitude": 27.4068,
        "Longitude": 88.2818,
        "Length": 59.364,
        "Width": 20.902,
        "Height": 29.1368408203,
        "Area": 856.90252112,
        "Activity": "Active",
        "Geomorphol": "Highly Dissected Structural Hills and Valleys",
        "Lithology": "BANDED MIGMATITE, GARNET BT GNEISS,MICA SCHIST",
        "LULC": "Evergreen Closed Forest",
        "Triggering": "Rainfall",
        "Year": "2023",
        "Basin": "Brahmaputra Basin",
        "Sub_Basin": "Brahmaputra Lower",
        "Source": "RESOURCESAT-2 LISS IV, 10m CARTODEM, Geomorphology 50K, LULC 10k(2018-2023), India-WRIS"
      }
    },
    {
      "type": "Feature",
      "id": "LS_SIKKIM_2023.111",
      "geometry": {
        "type": "MultiPolygon",
        "coordinates": [
          [
            [
              [
                88.28499336,
                27.40221612
              ],
              [
                88.28499336,
                27.40272099
              ],
              [
                88.28529154,
                27.40272099
              ],
              [
                88.28529154,
                27.40221612
              ],
              [
                88.28499336,
                27.40221612
              ]
            ]
          ]
        ]
      },
      "geometry_name": "the_geom",
      "properties": {
        "Slide_No": "SK /GYL /78A7 /2023 /32",
        "State": "SIKKIM",
        "District": "GYALSHING",
        "Toposheet": "78A7",
        "Latitude": 27.4024,
        "Longitude": 88.2851,
        "Length": 55.947,
        "Width": 24.416,
        "Height": 32.9211425781,
        "Area": 1005.14987037,
        "Activity": "Active",
        "Geomorphol": "Highly Dissected Structural Hills and Valleys",
        "Lithology": "BANDED MIGMATITE, GARNET BT GNEISS,MICA SCHIST",
        "LULC": "Evergreen Closed Forest",
        "Triggering": "Rainfall",
        "Year": "2023",
        "Basin": "Brahmaputra Basin",
        "Sub_Basin": "Brahmaputra Lower",
        "Source": "RESOURCESAT-2 LISS IV, 10m CARTODEM, Geomorphology 50K, LULC 10k(2018-2023), India-WRIS"
      }
    },
    {
      "type": "Feature",
      "id": "LS_SIKKIM_2023.112",
      "geometry": {
        "type": "MultiPolygon",
        "coordinates": [
          [
            [
              [
                88.28438118,
                27.40281699
              ],
              [
                88.28438118,
                27.40338319
              ],
              [
                88.28478405,
                27.40338319
              ],
              [
                88.28478405,
                27.40281699
              ],
              [
                88.28438118,
                27.40281699
              ]
            ]
          ]
        ]
      },
      "geometry_name": "the_geom",
      "properties": {
        "Slide_No": "SK /GYL /78A7 /2023 /33",
        "State": "SIKKIM",
        "District": "GYALSHING",
        "Toposheet": "78A7",
        "Latitude": 27.4031,
        "Longitude": 88.2846,
        "Length": 70.043,
        "Width": 28.829,
        "Height": 5.85900878906,
        "Area": 1286.40352955,
        "Activity": "Active",
        "Geomorphol": "Highly Dissected Structural Hills and Valleys",
        "Lithology": "BANDED MIGMATITE, GARNET BT GNEISS,MICA SCHIST",
        "LULC": "Evergreen Closed Forest",
        "Triggering": "Rainfall",
        "Year": "2023",
        "Basin": "Brahmaputra Basin",
        "Sub_Basin": "Brahmaputra Lower",
        "Source": "RESOURCESAT-2 LISS IV, 10m CARTODEM, Geomorphology 50K, LULC 10k(2018-2023), India-WRIS"
      }
    },
    {
      "type": "Feature",
      "id": "LS_SIKKIM_2023.113",
      "geometry": {
        "type": "MultiPolygon",
        "coordinates": [
          [
            [
              [
                88.28282079,
                27.4043383
              ],
              [
                88.28282079,
                27.4045427
              ],
              [
                88.2829655,
                27.4045427
              ],
              [
                88.2829655,
                27.4043383
              ],
              [
                88.28282079,
                27.4043383
              ]
            ]
          ]
        ]
      },
      "geometry_name": "the_geom",
      "properties": {
        "Slide_No": "SK /GYL /78A7 /2023 /34",
        "State": "SIKKIM",
        "District": "GYALSHING",
        "Toposheet": "78A7",
        "Latitude": 27.4044,
        "Longitude": 88.2829,
        "Length": 22.741,
        "Width": 14.085,
        "Height": 178.419799805,
        "Area": 262.576310683,
        "Activity": "Active",
        "Geomorphol": "Highly Dissected Structural Hills and Valleys",
        "Lithology": "BANDED MIGMATITE, GARNET BT GNEISS,MICA SCHIST",
        "LULC": "Evergreen Closed Forest",
        "Triggering": "Rainfall",
        "Year": "2023",
        "Basin": "Brahmaputra Basin",
        "Sub_Basin": "Brahmaputra Lower",
        "Source": "RESOURCESAT-2 LISS IV, 10m CARTODEM, Geomorphology 50K, LULC 10k(2018-2023), India-WRIS"
      }
    },
    {
      "type": "Feature",
      "id": "LS_SIKKIM_2023.114",
      "geometry": {
        "type": "MultiPolygon",
        "coordinates": [
          [
            [
              [
                88.27217195,
                27.42003413
              ],
              [
                88.27217195,
                27.42072331
              ],
              [
                88.27267111,
                27.42072331
              ],
              [
                88.27267111,
                27.42003413
              ],
              [
                88.27217195,
                27.42003413
              ]
            ]
          ]
        ]
      },
      "geometry_name": "the_geom",
      "properties": {
        "Slide_No": "SK /GYL /78A7 /2023 /35",
        "State": "SIKKIM",
        "District": "GYALSHING",
        "Toposheet": "78A7",
        "Latitude": 27.4204,
        "Longitude": 88.2724,
        "Length": 81.185,
        "Width": 28.206,
        "Height": 36.1861572266,
        "Area": 1890.69677938,
        "Activity": "Active",
        "Geomorphol": "Highly Dissected Structural Hills and Valleys",
        "Lithology": "BANDED MIGMATITE, GARNET BT GNEISS,MICA SCHIST",
        "LULC": "Evergreen Closed Forest",
        "Triggering": "Rainfall",
        "Year": "2023",
        "Basin": "Brahmaputra Basin",
        "Sub_Basin": "Brahmaputra Lower",
        "Source": "RESOURCESAT-2 LISS IV, 10m CARTODEM, Geomorphology 50K, LULC 10k(2018-2023), India-WRIS"
      }
    },
    {
      "type": "Feature",
      "id": "LS_SIKKIM_2023.115",
      "geometry": {
        "type": "MultiPolygon",
        "coordinates": [
          [
            [
              [
                88.28483125,
                27.41254156
              ],
              [
                88.28483125,
                27.41309318
              ],
              [
                88.28534105,
                27.41309318
              ],
              [
                88.28534105,
                27.41254156
              ],
              [
                88.28483125,
                27.41254156
              ]
            ]
          ]
        ]
      },
      "geometry_name": "the_geom",
      "properties": {
        "Slide_No": "SK /GYL /78A7 /2023 /36",
        "State": "SIKKIM",
        "District": "GYALSHING",
        "Toposheet": "78A7",
        "Latitude": 27.4128,
        "Longitude": 88.2851,
        "Length": 66.326,
        "Width": 35.077,
        "Height": 1.79632568359,
        "Area": 1836.33958599,
        "Activity": "Active",
        "Geomorphol": "Highly Dissected Structural Hills and Valleys",
        "Lithology": "BANDED MIGMATITE, GARNET BT GNEISS,MICA SCHIST",
        "LULC": "Evergreen Closed Forest",
        "Triggering": "Rainfall",
        "Year": "2023",
        "Basin": "Brahmaputra Basin",
        "Sub_Basin": "Brahmaputra Lower",
        "Source": "RESOURCESAT-2 LISS IV, 10m CARTODEM, Geomorphology 50K, LULC 10k(2018-2023), India-WRIS"
      }
    },
    {
      "type": "Feature",
      "id": "LS_SIKKIM_2023.116",
      "geometry": {
        "type": "MultiPolygon",
        "coordinates": [
          [
            [
              [
                88.28411532,
                27.40209789
              ],
              [
                88.28411532,
                27.40261542
              ],
              [
                88.284318,
                27.40261542
              ],
              [
                88.284318,
                27.40209789
              ],
              [
                88.28411532,
                27.40209789
              ]
            ]
          ]
        ]
      },
      "geometry_name": "the_geom",
      "properties": {
        "Slide_No": "SK /GYL /78A7 /2023 /37",
        "State": "SIKKIM",
        "District": "GYALSHING",
        "Toposheet": "78A7",
        "Latitude": 27.4024,
        "Longitude": 88.2842,
        "Length": 56.901,
        "Width": 19.824,
        "Height": 47.7454833984,
        "Area": 906.042107761,
        "Activity": "Active",
        "Geomorphol": "Highly Dissected Structural Hills and Valleys",
        "Lithology": "BANDED MIGMATITE, GARNET BT GNEISS,MICA SCHIST",
        "LULC": "Evergreen Closed Forest",
        "Triggering": "Rainfall",
        "Year": "2023",
        "Basin": "Brahmaputra Basin",
        "Sub_Basin": "Brahmaputra Lower",
        "Source": "RESOURCESAT-2 LISS IV, 10m CARTODEM, Geomorphology 50K, LULC 10k(2018-2023), India-WRIS"
      }
    },
    {
      "type": "Feature",
      "id": "LS_SIKKIM_2023.117",
      "geometry": {
        "type": "MultiPolygon",
        "coordinates": [
          [
            [
              [
                88.27087519,
                27.32750246
              ],
              [
                88.27087519,
                27.32813555
              ],
              [
                88.27147815,
                27.32813555
              ],
              [
                88.27147815,
                27.32750246
              ],
              [
                88.27087519,
                27.32750246
              ]
            ]
          ]
        ]
      },
      "geometry_name": "the_geom",
      "properties": {
        "Slide_No": "SK /GYL /78A7 /2023 /38",
        "State": "SIKKIM",
        "District": "GYALSHING",
        "Toposheet": "78A7",
        "Latitude": 27.3278,
        "Longitude": 88.2712,
        "Length": 63.055,
        "Width": 59.573,
        "Height": 37,
        "Area": 2590.25313628,
        "Activity": "Reactivated",
        "Geomorphol": "Moderately Dissected Structural Hills and Valleys",
        "Lithology": "CHLORITE SERICITE SCHIST AND QUARTZITE",
        "LULC": "Evergreen Open Forest",
        "Triggering": "Rainfall",
        "Year": "2023",
        "Basin": "Brahmaputra Basin",
        "Sub_Basin": "Brahmaputra Lower",
        "Source": "RESOURCESAT-2 LISS IV, 10m CARTODEM, Geomorphology 50K, LULC 10k(2018-2023), India-WRIS"
      }
    },
    {
      "type": "Feature",
      "id": "LS_SIKKIM_2023.118",
      "geometry": {
        "type": "MultiPolygon",
        "coordinates": [
          [
            [
              [
                88.28845694,
                27.40866894
              ],
              [
                88.28845694,
                27.40890268
              ],
              [
                88.28906934,
                27.40890268
              ],
              [
                88.28906934,
                27.40866894
              ],
              [
                88.28845694,
                27.40866894
              ]
            ]
          ]
        ]
      },
      "geometry_name": "the_geom",
      "properties": {
        "Slide_No": "SK /GYL /78A7 /2023 /39",
        "State": "SIKKIM",
        "District": "GYALSHING",
        "Toposheet": "78A7",
        "Latitude": 27.4088,
        "Longitude": 88.2888,
        "Length": 60.203,
        "Width": 25.53,
        "Height": 26.8107910156,
        "Area": 1150.5963298,
        "Activity": "Active",
        "Geomorphol": "Highly Dissected Structural Hills and Valleys",
        "Lithology": "BANDED MIGMATITE, GARNET BT GNEISS,MICA SCHIST",
        "LULC": "Evergreen Closed Forest",
        "Triggering": "Rainfall",
        "Year": "2023",
        "Basin": "Brahmaputra Basin",
        "Sub_Basin": "Brahmaputra Lower",
        "Source": "RESOURCESAT-2 LISS IV, 10m CARTODEM, Geomorphology 50K, LULC 10k(2018-2023), India-WRIS"
      }
    },
    {
      "type": "Feature",
      "id": "LS_SIKKIM_2023.119",
      "geometry": {
        "type": "MultiPolygon",
        "coordinates": [
          [
            [
              [
                88.28403901,
                27.41234787
              ],
              [
                88.28403901,
                27.41298557
              ],
              [
                88.28427219,
                27.41298557
              ],
              [
                88.28427219,
                27.41234787
              ],
              [
                88.28403901,
                27.41234787
              ]
            ]
          ]
        ]
      },
      "geometry_name": "the_geom",
      "properties": {
        "Slide_No": "SK /GYL /78A7 /2023 /40",
        "State": "SIKKIM",
        "District": "GYALSHING",
        "Toposheet": "78A7",
        "Latitude": 27.4126,
        "Longitude": 88.2842,
        "Length": 70.649,
        "Width": 23.055,
        "Height": 62,
        "Area": 1232.41452895,
        "Activity": "Active",
        "Geomorphol": "Highly Dissected Structural Hills and Valleys",
        "Lithology": "BANDED MIGMATITE, GARNET BT GNEISS,MICA SCHIST",
        "LULC": "Evergreen Closed Forest",
        "Triggering": "Rainfall",
        "Year": "2023",
        "Basin": "Brahmaputra Basin",
        "Sub_Basin": "Brahmaputra Lower",
        "Source": "RESOURCESAT-2 LISS IV, 10m CARTODEM, Geomorphology 50K, LULC 10k(2018-2023), India-WRIS"
      }
    },
    {
      "type": "Feature",
      "id": "LS_SIKKIM_2023.120",
      "geometry": {
        "type": "MultiPolygon",
        "coordinates": [
          [
            [
              [
                88.28403425,
                27.41322589
              ],
              [
                88.28403425,
                27.41352149
              ],
              [
                88.28419129,
                27.41352149
              ],
              [
                88.28419129,
                27.41322589
              ],
              [
                88.28403425,
                27.41322589
              ]
            ]
          ]
        ]
      },
      "geometry_name": "the_geom",
      "properties": {
        "Slide_No": "SK /GYL /78A7 /2023 /41",
        "State": "SIKKIM",
        "District": "GYALSHING",
        "Toposheet": "78A7",
        "Latitude": 27.4134,
        "Longitude": 88.2841,
        "Length": 32.834,
        "Width": 15.38,
        "Height": 551.173828125,
        "Area": 374.339967792,
        "Activity": "Active",
        "Geomorphol": "Highly Dissected Structural Hills and Valleys",
        "Lithology": "BANDED MIGMATITE, GARNET BT GNEISS,MICA SCHIST",
        "LULC": "Evergreen Closed Forest",
        "Triggering": "Rainfall",
        "Year": "2023",
        "Basin": "Brahmaputra Basin",
        "Sub_Basin": "Brahmaputra Lower",
        "Source": "RESOURCESAT-2 LISS IV, 10m CARTODEM, Geomorphology 50K, LULC 10k(2018-2023), India-WRIS"
      }
    },
    {
      "type": "Feature",
      "id": "LS_SIKKIM_2023.121",
      "geometry": {
        "type": "MultiPolygon",
        "coordinates": [
          [
            [
              [
                88.27331127,
                27.4196776
              ],
              [
                88.27331127,
                27.42000797
              ],
              [
                88.27353861,
                27.42000797
              ],
              [
                88.27353861,
                27.4196776
              ],
              [
                88.27331127,
                27.4196776
              ]
            ]
          ]
        ]
      },
      "geometry_name": "the_geom",
      "properties": {
        "Slide_No": "SK /GYL /78A7 /2023 /42",
        "State": "SIKKIM",
        "District": "GYALSHING",
        "Toposheet": "78A7",
        "Latitude": 27.4198,
        "Longitude": 88.2734,
        "Length": 36.41,
        "Width": 22.511,
        "Height": 1,
        "Area": 635.999251434,
        "Activity": "Active",
        "Geomorphol": "Highly Dissected Structural Hills and Valleys",
        "Lithology": "BANDED MIGMATITE, GARNET BT GNEISS,MICA SCHIST",
        "LULC": "Evergreen Closed Forest",
        "Triggering": "Rainfall",
        "Year": "2023",
        "Basin": "Brahmaputra Basin",
        "Sub_Basin": "Brahmaputra Lower",
        "Source": "RESOURCESAT-2 LISS IV, 10m CARTODEM, Geomorphology 50K, LULC 10k(2018-2023), India-WRIS"
      }
    },
    {
      "type": "Feature",
      "id": "LS_SIKKIM_2023.122",
      "geometry": {
        "type": "MultiPolygon",
        "coordinates": [
          [
            [
              [
                88.23022773,
                27.31175509
              ],
              [
                88.23022773,
                27.31230713
              ],
              [
                88.23123186,
                27.31230713
              ],
              [
                88.23123186,
                27.31175509
              ],
              [
                88.23022773,
                27.31175509
              ]
            ]
          ]
        ]
      },
      "geometry_name": "the_geom",
      "properties": {
        "Slide_No": "SK /GYL /78A3 /2023 /29",
        "State": "SIKKIM",
        "District": "GYALSHING",
        "Toposheet": "78A3",
        "Latitude": 27.312,
        "Longitude": 88.2307,
        "Length": 106.7,
        "Width": 52.079,
        "Height": 144.152954102,
        "Area": 3401.79012045,
        "Activity": "Active",
        "Geomorphol": "Moderately Dissected Structural Hills and Valleys",
        "Lithology": "MYLONITIC GRANITE GNEISS",
        "LULC": "Evergreen Closed Forest",
        "Triggering": "Rainfall",
        "Year": "2023",
        "Basin": "Brahmaputra Basin",
        "Sub_Basin": "Brahmaputra Lower",
        "Source": "RESOURCESAT-2 LISS IV, 10m CARTODEM, Geomorphology 50K, LULC 10k(2018-2023), India-WRIS"
      }
    },
    {
      "type": "Feature",
      "id": "LS_SIKKIM_2023.123",
      "geometry": {
        "type": "MultiPolygon",
        "coordinates": [
          [
            [
              [
                88.24521196,
                27.26546382
              ],
              [
                88.24521196,
                27.2659238
              ],
              [
                88.24552947,
                27.2659238
              ],
              [
                88.24552947,
                27.26546382
              ],
              [
                88.24521196,
                27.26546382
              ]
            ]
          ]
        ]
      },
      "geometry_name": "the_geom",
      "properties": {
        "Slide_No": "SK /GYL /78A3 /2023 /30",
        "State": "SIKKIM",
        "District": "GYALSHING",
        "Toposheet": "78A3",
        "Latitude": 27.2657,
        "Longitude": 88.2454,
        "Length": 51.196,
        "Width": 31.158,
        "Height": 30.5802001953,
        "Area": 1219.88337691,
        "Activity": "Active",
        "Geomorphol": "Moderately Dissected Structural Hills and Valleys",
        "Lithology": "CHLORITE SERICITE SCHIST AND QUARTZITE",
        "LULC": "Evergreen Closed Forest",
        "Triggering": "Rainfall",
        "Year": "2023",
        "Basin": "Brahmaputra Basin",
        "Sub_Basin": "Brahmaputra Lower",
        "Source": "RESOURCESAT-2 LISS IV, 10m CARTODEM, Geomorphology 50K, LULC 10k(2018-2023), India-WRIS"
      }
    },
    {
      "type": "Feature",
      "id": "LS_SIKKIM_2023.124",
      "geometry": {
        "type": "MultiPolygon",
        "coordinates": [
          [
            [
              [
                88.24498956,
                27.26499269
              ],
              [
                88.24498956,
                27.2653734
              ],
              [
                88.24544619,
                27.2653734
              ],
              [
                88.24544619,
                27.26499269
              ],
              [
                88.24498956,
                27.26499269
              ]
            ]
          ]
        ]
      },
      "geometry_name": "the_geom",
      "properties": {
        "Slide_No": "SK /GYL /78A3 /2023 /31",
        "State": "SIKKIM",
        "District": "GYALSHING",
        "Toposheet": "78A3",
        "Latitude": 27.2652,
        "Longitude": 88.2452,
        "Length": 45.659,
        "Width": 38.531,
        "Height": 12.412109375,
        "Area": 1337.28099718,
        "Activity": "Active",
        "Geomorphol": "Moderately Dissected Structural Hills and Valleys",
        "Lithology": "CHLORITE SERICITE SCHIST AND QUARTZITE",
        "LULC": "Evergreen Closed Forest",
        "Triggering": "Rainfall",
        "Year": "2023",
        "Basin": "Brahmaputra Basin",
        "Sub_Basin": "Brahmaputra Lower",
        "Source": "RESOURCESAT-2 LISS IV, 10m CARTODEM, Geomorphology 50K, LULC 10k(2018-2023), India-WRIS"
      }
    },
    {
      "type": "Feature",
      "id": "LS_SIKKIM_2023.125",
      "geometry": {
        "type": "MultiPolygon",
        "coordinates": [
          [
            [
              [
                88.29789731,
                27.40874737
              ],
              [
                88.29789731,
                27.40919709
              ],
              [
                88.29822925,
                27.40919709
              ],
              [
                88.29822925,
                27.40874737
              ],
              [
                88.29789731,
                27.40874737
              ]
            ]
          ]
        ]
      },
      "geometry_name": "the_geom",
      "properties": {
        "Slide_No": "SK /GYL /78A7 /2023 /43",
        "State": "SIKKIM",
        "District": "GYALSHING",
        "Toposheet": "78A7",
        "Latitude": 27.409,
        "Longitude": 88.2981,
        "Length": 51.563,
        "Width": 24.82,
        "Height": 62.1365966797,
        "Area": 937.974252492,
        "Activity": "Active",
        "Geomorphol": "Moderately Dissected Structural Hills and Valleys",
        "Lithology": "BANDED MIGMATITE, GARNET BT GNEISS,MICA SCHIST",
        "LULC": "Evergreen Closed Forest",
        "Triggering": "Rainfall",
        "Year": "2023",
        "Basin": "Brahmaputra Basin",
        "Sub_Basin": "Brahmaputra Lower",
        "Source": "RESOURCESAT-2 LISS IV, 10m CARTODEM, Geomorphology 50K, LULC 10k(2018-2023), India-WRIS"
      }
    },
    {
      "type": "Feature",
      "id": "LS_SIKKIM_2023.126",
      "geometry": {
        "type": "MultiPolygon",
        "coordinates": [
          [
            [
              [
                88.09844786,
                27.28095952
              ],
              [
                88.09844786,
                27.28196881
              ],
              [
                88.09921127,
                27.28196881
              ],
              [
                88.09921127,
                27.28095952
              ],
              [
                88.09844786,
                27.28095952
              ]
            ]
          ]
        ]
      },
      "geometry_name": "the_geom",
      "properties": {
        "Slide_No": "SK /GYL /78A3 /2023 /32",
        "State": "SIKKIM",
        "District": "GYALSHING",
        "Toposheet": "78A3",
        "Latitude": 27.2814,
        "Longitude": 88.0987,
        "Length": 109.235,
        "Width": 73.223,
        "Height": 37.0515136719,
        "Area": 4259.4435622,
        "Activity": "Active",
        "Geomorphol": "Highly Dissected Structural Hills and Valleys",
        "Lithology": "BANDED MIGMATITE, GARNET BT GNEISS,MICA SCHIST",
        "LULC": "Semi- Evergreen Open Forest",
        "Triggering": "Rainfall",
        "Year": "2023",
        "Basin": "Brahmaputra Basin",
        "Sub_Basin": "Brahmaputra Lower",
        "Source": "RESOURCESAT-2 LISS IV, 10m CARTODEM, Geomorphology 50K, LULC 10k(2018-2023), India-WRIS"
      }
    },
    {
      "type": "Feature",
      "id": "LS_SIKKIM_2023.127",
      "geometry": {
        "type": "MultiPolygon",
        "coordinates": [
          [
            [
              [
                88.15945023,
                27.26522943
              ],
              [
                88.15945023,
                27.26563976
              ],
              [
                88.16007583,
                27.26563976
              ],
              [
                88.16007583,
                27.26522943
              ],
              [
                88.15945023,
                27.26522943
              ]
            ]
          ]
        ]
      },
      "geometry_name": "the_geom",
      "properties": {
        "Slide_No": "SK /GYL /78A3 /2023 /33",
        "State": "SIKKIM",
        "District": "GYALSHING",
        "Toposheet": "78A3",
        "Latitude": 27.2654,
        "Longitude": 88.1598,
        "Length": 61.913,
        "Width": 44.568,
        "Height": 132.635681152,
        "Area": 1969.55317966,
        "Activity": "Active",
        "Geomorphol": "Highly Dissected Structural Hills and Valleys",
        "Lithology": "BANDED MIGMATITE, GARNET BT GNEISS,MICA SCHIST",
        "LULC": "Semi- Evergreen Open Forest",
        "Triggering": "Rainfall",
        "Year": "2023",
        "Basin": "Brahmaputra Basin",
        "Sub_Basin": "Brahmaputra Lower",
        "Source": "RESOURCESAT-2 LISS IV, 10m CARTODEM, Geomorphology 50K, LULC 10k(2018-2023), India-WRIS"
      }
    },
    {
      "type": "Feature",
      "id": "LS_SIKKIM_2023.128",
      "geometry": {
        "type": "MultiPolygon",
        "coordinates": [
          [
            [
              [
                88.09743018,
                27.27913637
              ],
              [
                88.09743018,
                27.27963605
              ],
              [
                88.09781089,
                27.27963605
              ],
              [
                88.09781089,
                27.27913637
              ],
              [
                88.09743018,
                27.27913637
              ]
            ]
          ]
        ]
      },
      "geometry_name": "the_geom",
      "properties": {
        "Slide_No": "SK /GYL /78A3 /2023 /34",
        "State": "SIKKIM",
        "District": "GYALSHING",
        "Toposheet": "78A3",
        "Latitude": 27.2794,
        "Longitude": 88.0976,
        "Length": 56.144,
        "Width": 36.975,
        "Height": 75.408996582,
        "Area": 1530.08011522,
        "Activity": "Active",
        "Geomorphol": "Moderately Dissected Structural Hills and Valleys",
        "Lithology": "BANDED MIGMATITE, GARNET BT GNEISS,MICA SCHIST",
        "LULC": "Evergreen Closed Forest",
        "Triggering": "Rainfall",
        "Year": "2023",
        "Basin": "Brahmaputra Basin",
        "Sub_Basin": "Brahmaputra Lower",
        "Source": "RESOURCESAT-2 LISS IV, 10m CARTODEM, Geomorphology 50K, LULC 10k(2018-2023), India-WRIS"
      }
    },
    {
      "type": "Feature",
      "id": "LS_SIKKIM_2023.129",
      "geometry": {
        "type": "MultiPolygon",
        "coordinates": [
          [
            [
              [
                88.26401786,
                27.24963147
              ],
              [
                88.26401786,
                27.25238317
              ],
              [
                88.2661536,
                27.25238317
              ],
              [
                88.2661536,
                27.24963147
              ],
              [
                88.26401786,
                27.24963147
              ]
            ]
          ]
        ]
      },
      "geometry_name": "the_geom",
      "properties": {
        "Slide_No": "SK /GYL /78A7 /2023 /44",
        "State": "SIKKIM",
        "District": "GYALSHING",
        "Toposheet": "78A7",
        "Latitude": 27.251,
        "Longitude": 88.265,
        "Length": 361.559,
        "Width": 113.427,
        "Height": 30.3862304688,
        "Area": 25410.0802766,
        "Activity": "Active",
        "Geomorphol": "Moderately Dissected Structural Hills and Valleys",
        "Lithology": "CHLORITE SERICITE SCHIST AND QUARTZITE",
        "LULC": "Evergreen Closed Forest",
        "Triggering": "Rainfall",
        "Year": "2023",
        "Basin": "Brahmaputra Basin",
        "Sub_Basin": "Brahmaputra Lower",
        "Source": "RESOURCESAT-2 LISS IV, 10m CARTODEM, Geomorphology 50K, LULC 10k(2018-2023), India-WRIS"
      }
    },
    {
      "type": "Feature",
      "id": "LS_SIKKIM_2023.130",
      "geometry": {
        "type": "MultiPolygon",
        "coordinates": [
          [
            [
              [
                88.21268611,
                27.27006058
              ],
              [
                88.21268611,
                27.27115275
              ],
              [
                88.21397102,
                27.27115275
              ],
              [
                88.21397102,
                27.27006058
              ],
              [
                88.21268611,
                27.27006058
              ]
            ]
          ]
        ]
      },
      "geometry_name": "the_geom",
      "properties": {
        "Slide_No": "SK /GYL /78A3 /2023 /35",
        "State": "SIKKIM",
        "District": "GYALSHING",
        "Toposheet": "78A3",
        "Latitude": 27.2707,
        "Longitude": 88.2133,
        "Length": 133.495,
        "Width": 103.87,
        "Height": 20.3767089844,
        "Area": 7749.73100742,
        "Activity": "Active",
        "Geomorphol": "Moderately Dissected Structural Hills and Valleys",
        "Lithology": "MYLONITIC GRANITE GNEISS",
        "LULC": "Evergreen Closed Forest",
        "Triggering": "Rainfall",
        "Year": "2023",
        "Basin": "Brahmaputra Basin",
        "Sub_Basin": "Brahmaputra Lower",
        "Source": "RESOURCESAT-2 LISS IV, 10m CARTODEM, Geomorphology 50K, LULC 10k(2018-2023), India-WRIS"
      }
    },
    {
      "type": "Feature",
      "id": "LS_SIKKIM_2023.131",
      "geometry": {
        "type": "MultiPolygon",
        "coordinates": [
          [
            [
              [
                88.21217214,
                27.26991781
              ],
              [
                88.21217214,
                27.27038181
              ],
              [
                88.21271466,
                27.27038181
              ],
              [
                88.21271466,
                27.26991781
              ],
              [
                88.21217214,
                27.26991781
              ]
            ]
          ]
        ]
      },
      "geometry_name": "the_geom",
      "properties": {
        "Slide_No": "SK /GYL /78A3 /2023 /36",
        "State": "SIKKIM",
        "District": "GYALSHING",
        "Toposheet": "78A3",
        "Latitude": 27.2702,
        "Longitude": 88.2125,
        "Length": 65.766,
        "Width": 33.46,
        "Height": 36.0274047852,
        "Area": 1547.58872993,
        "Activity": "Active",
        "Geomorphol": "Moderately Dissected Structural Hills and Valleys",
        "Lithology": "MYLONITIC GRANITE GNEISS",
        "LULC": "Evergreen Closed Forest",
        "Triggering": "Rainfall",
        "Year": "2023",
        "Basin": "Brahmaputra Basin",
        "Sub_Basin": "Brahmaputra Lower",
        "Source": "RESOURCESAT-2 LISS IV, 10m CARTODEM, Geomorphology 50K, LULC 10k(2018-2023), India-WRIS"
      }
    },
    {
      "type": "Feature",
      "id": "LS_SIKKIM_2023.132",
      "geometry": {
        "type": "MultiPolygon",
        "coordinates": [
          [
            [
              [
                88.0965948,
                27.27964308
              ],
              [
                88.0965948,
                27.28027154
              ],
              [
                88.09753987,
                27.28027154
              ],
              [
                88.09753987,
                27.27964308
              ],
              [
                88.0965948,
                27.27964308
              ]
            ]
          ]
        ]
      },
      "geometry_name": "the_geom",
      "properties": {
        "Slide_No": "SK /GYL /78A3 /2023 /37",
        "State": "SIKKIM",
        "District": "GYALSHING",
        "Toposheet": "78A3",
        "Latitude": 27.28,
        "Longitude": 88.0971,
        "Length": 101.29,
        "Width": 54.958,
        "Height": 70,
        "Area": 4222.13338611,
        "Activity": "Active",
        "Geomorphol": "Highly Dissected Structural Hills and Valleys",
        "Lithology": "BANDED MIGMATITE, GARNET BT GNEISS,MICA SCHIST",
        "LULC": "Others - Snow Covered",
        "Triggering": "Rainfall",
        "Year": "2023",
        "Basin": "Brahmaputra Basin",
        "Sub_Basin": "Brahmaputra Lower",
        "Source": "RESOURCESAT-2 LISS IV, 10m CARTODEM, Geomorphology 50K, LULC 10k(2018-2023), India-WRIS"
      }
    },
    {
      "type": "Feature",
      "id": "LS_SIKKIM_2023.133",
      "geometry": {
        "type": "MultiPolygon",
        "coordinates": [
          [
            [
              [
                88.09787964,
                27.28018458
              ],
              [
                88.09787964,
                27.28054886
              ],
              [
                88.09830654,
                27.28054886
              ],
              [
                88.09830654,
                27.28018458
              ],
              [
                88.09787964,
                27.28018458
              ]
            ]
          ]
        ]
      },
      "geometry_name": "the_geom",
      "properties": {
        "Slide_No": "SK /GYL /78A3 /2023 /38",
        "State": "SIKKIM",
        "District": "GYALSHING",
        "Toposheet": "78A3",
        "Latitude": 27.2804,
        "Longitude": 88.0981,
        "Length": 47.869,
        "Width": 30.764,
        "Height": 24,
        "Area": 1046.64446304,
        "Activity": "Active",
        "Geomorphol": "Moderately Dissected Structural Hills and Valleys",
        "Lithology": "BANDED MIGMATITE, GARNET BT GNEISS,MICA SCHIST",
        "LULC": "Others - Snow Covered",
        "Triggering": "Rainfall",
        "Year": "2023",
        "Basin": "Brahmaputra Basin",
        "Sub_Basin": "Brahmaputra Lower",
        "Source": "RESOURCESAT-2 LISS IV, 10m CARTODEM, Geomorphology 50K, LULC 10k(2018-2023), India-WRIS"
      }
    },
    {
      "type": "Feature",
      "id": "LS_SIKKIM_2023.134",
      "geometry": {
        "type": "MultiPolygon",
        "coordinates": [
          [
            [
              [
                88.24480687,
                27.2640463
              ],
              [
                88.24480687,
                27.26495795
              ],
              [
                88.24525267,
                27.26495795
              ],
              [
                88.24525267,
                27.2640463
              ],
              [
                88.24480687,
                27.2640463
              ]
            ]
          ]
        ]
      },
      "geometry_name": "the_geom",
      "properties": {
        "Slide_No": "SK /GYL /78A3 /2023 /39",
        "State": "SIKKIM",
        "District": "GYALSHING",
        "Toposheet": "78A3",
        "Latitude": 27.2645,
        "Longitude": 88.245,
        "Length": 102.376,
        "Width": 33.386,
        "Height": 21.3216552734,
        "Area": 1992.62232168,
        "Activity": "Active",
        "Geomorphol": "Moderately Dissected Structural Hills and Valleys",
        "Lithology": "CHLORITE SERICITE SCHIST AND QUARTZITE",
        "LULC": "Evergreen Closed Forest",
        "Triggering": "Rainfall",
        "Year": "2023",
        "Basin": "Brahmaputra Basin",
        "Sub_Basin": "Brahmaputra Lower",
        "Source": "RESOURCESAT-2 LISS IV, 10m CARTODEM, Geomorphology 50K, LULC 10k(2018-2023), India-WRIS"
      }
    },
    {
      "type": "Feature",
      "id": "LS_SIKKIM_2023.135",
      "geometry": {
        "type": "MultiPolygon",
        "coordinates": [
          [
            [
              [
                88.08714857,
                27.35174092
              ],
              [
                88.08714857,
                27.35195484
              ],
              [
                88.08790209,
                27.35195484
              ],
              [
                88.08790209,
                27.35174092
              ],
              [
                88.08714857,
                27.35174092
              ]
            ]
          ]
        ]
      },
      "geometry_name": "the_geom",
      "properties": {
        "Slide_No": "SK /GYL /78A3 /2023 /40",
        "State": "SIKKIM",
        "District": "GYALSHING",
        "Toposheet": "78A3",
        "Latitude": 27.3519,
        "Longitude": 88.0875,
        "Length": 74.654,
        "Width": 20.804,
        "Height": 37.0104370117,
        "Area": 1226.46168707,
        "Activity": "Active",
        "Geomorphol": "Highly Dissected Structural Hills and Valleys",
        "Lithology": "BANDED MIGMATITE, GARNET BT GNEISS,MICA SCHIST",
        "LULC": "Others - Snow Covered",
        "Triggering": "Rainfall",
        "Year": "2023",
        "Basin": "Brahmaputra Basin",
        "Sub_Basin": "Brahmaputra Lower",
        "Source": "RESOURCESAT-2 LISS IV, 10m CARTODEM, Geomorphology 50K, LULC 10k(2018-2023), India-WRIS"
      }
    },
    {
      "type": "Feature",
      "id": "LS_SIKKIM_2023.136",
      "geometry": {
        "type": "MultiPolygon",
        "coordinates": [
          [
            [
              [
                88.26107478,
                27.283473
              ],
              [
                88.26107478,
                27.29131988
              ],
              [
                88.26597705,
                27.29131988
              ],
              [
                88.26597705,
                27.283473
              ],
              [
                88.26107478,
                27.283473
              ]
            ]
          ]
        ]
      },
      "geometry_name": "the_geom",
      "properties": {
        "Slide_No": "SK /GYL /78A7 /2023 /45",
        "State": "SIKKIM",
        "District": "GYALSHING",
        "Toposheet": "78A7",
        "Latitude": 27.2868,
        "Longitude": 88.2633,
        "Length": 892.073,
        "Width": 408.458,
        "Height": 20.8969726563,
        "Area": 215768.344727,
        "Activity": "Reactivated",
        "Geomorphol": "Moderately Dissected Structural Hills and Valleys",
        "Lithology": "CHLORITE SERICITE SCHIST AND QUARTZITE",
        "LULC": "Semi- Evergreen Open Forest",
        "Triggering": "Rainfall",
        "Year": "2023",
        "Basin": "Brahmaputra Basin",
        "Sub_Basin": "Brahmaputra Lower",
        "Source": "RESOURCESAT-2 LISS IV, 10m CARTODEM, Geomorphology 50K, LULC 10k(2018-2023), India-WRIS"
      }
    },
    {
      "type": "Feature",
      "id": "LS_SIKKIM_2023.137",
      "geometry": {
        "type": "MultiPolygon",
        "coordinates": [
          [
            [
              [
                88.32499665,
                27.38381799
              ],
              [
                88.32499665,
                27.38429928
              ],
              [
                88.32528301,
                27.38429928
              ],
              [
                88.32528301,
                27.38381799
              ],
              [
                88.32499665,
                27.38381799
              ]
            ]
          ]
        ]
      },
      "geometry_name": "the_geom",
      "properties": {
        "Slide_No": "SK /GYL /78A7 /2023 /46",
        "State": "SIKKIM",
        "District": "GYALSHING",
        "Toposheet": "78A7",
        "Latitude": 27.3841,
        "Longitude": 88.3251,
        "Length": 54.629,
        "Width": 22.644,
        "Height": 5.53607177734,
        "Area": 932.776563137,
        "Activity": "Active",
        "Geomorphol": "Moderately Dissected Structural Hills and Valleys",
        "Lithology": "CHLORITE SERICITE SCHIST AND QUARTZITE",
        "LULC": "Semi- Evergreen Open Forest",
        "Triggering": "Rainfall",
        "Year": "2023",
        "Basin": "Brahmaputra Basin",
        "Sub_Basin": "Brahmaputra Lower",
        "Source": "RESOURCESAT-2 LISS IV, 10m CARTODEM, Geomorphology 50K, LULC 10k(2018-2023), India-WRIS"
      }
    },
    {
      "type": "Feature",
      "id": "LS_SIKKIM_2023.138",
      "geometry": {
        "type": "MultiPolygon",
        "coordinates": [
          [
            [
              [
                88.26449609,
                27.3299399
              ],
              [
                88.26449609,
                27.33221096
              ],
              [
                88.26615781,
                27.33221096
              ],
              [
                88.26615781,
                27.3299399
              ],
              [
                88.26449609,
                27.3299399
              ]
            ]
          ]
        ]
      },
      "geometry_name": "the_geom",
      "properties": {
        "Slide_No": "SK /GYL /78A7 /2023 /47",
        "State": "SIKKIM",
        "District": "GYALSHING",
        "Toposheet": "78A7",
        "Latitude": 27.3311,
        "Longitude": 88.2654,
        "Length": 263.11,
        "Width": 106.243,
        "Height": 36.7265625,
        "Area": 16956.5191283,
        "Activity": "Reactivated",
        "Geomorphol": "Moderately Dissected Structural Hills and Valleys",
        "Lithology": "CHLORITE SERICITE SCHIST AND QUARTZITE",
        "LULC": "Agriculture - Single crop Land",
        "Triggering": "Rainfall",
        "Year": "2023",
        "Basin": "Brahmaputra Basin",
        "Sub_Basin": "Brahmaputra Lower",
        "Source": "RESOURCESAT-2 LISS IV, 10m CARTODEM, Geomorphology 50K, LULC 10k(2018-2023), India-WRIS"
      }
    },
    {
      "type": "Feature",
      "id": "LS_SIKKIM_2023.139",
      "geometry": {
        "type": "MultiPolygon",
        "coordinates": [
          [
            [
              [
                88.28075295,
                27.39991878
              ],
              [
                88.28075295,
                27.40062349
              ],
              [
                88.28134523,
                27.40062349
              ],
              [
                88.28134523,
                27.39991878
              ],
              [
                88.28075295,
                27.39991878
              ]
            ]
          ]
        ]
      },
      "geometry_name": "the_geom",
      "properties": {
        "Slide_No": "SK /GYL /78A7 /2023 /48",
        "State": "SIKKIM",
        "District": "GYALSHING",
        "Toposheet": "78A7",
        "Latitude": 27.4003,
        "Longitude": 88.281,
        "Length": 78.986,
        "Width": 57.605,
        "Height": 57.6767578125,
        "Area": 3328.29966732,
        "Activity": "Active",
        "Geomorphol": "Moderately Dissected Structural Hills and Valleys",
        "Lithology": "BANDED MIGMATITE, GARNET BT GNEISS,MICA SCHIST",
        "LULC": "Evergreen Closed Forest",
        "Triggering": "Rainfall",
        "Year": "2023",
        "Basin": "Brahmaputra Basin",
        "Sub_Basin": "Brahmaputra Lower",
        "Source": "RESOURCESAT-2 LISS IV, 10m CARTODEM, Geomorphology 50K, LULC 10k(2018-2023), India-WRIS"
      }
    },
    {
      "type": "Feature",
      "id": "LS_SIKKIM_2023.140",
      "geometry": {
        "type": "MultiPolygon",
        "coordinates": [
          [
            [
              [
                88.35653506,
                27.17986982
              ],
              [
                88.35653506,
                27.1804886
              ],
              [
                88.35704773,
                27.1804886
              ],
              [
                88.35704773,
                27.17986982
              ],
              [
                88.35653506,
                27.17986982
              ]
            ]
          ]
        ]
      },
      "geometry_name": "the_geom",
      "properties": {
        "Slide_No": "SK /NAM /78A8 /2023 /10",
        "State": "SIKKIM",
        "District": "NAMCHI",
        "Toposheet": "78A8",
        "Latitude": 27.1802,
        "Longitude": 88.3568,
        "Length": 71.588,
        "Width": 41.384,
        "Height": 5.75805664063,
        "Area": 2342.86355186,
        "Activity": "Active",
        "Geomorphol": "Moderately Dissected Structural Hills and Valleys",
        "Lithology": "DOLIMITIC QUARTZITE, CHERT, PHYLLITE, SLATE",
        "LULC": "Wasteland - Dense Scrub Land",
        "Triggering": "Rainfall",
        "Year": "2023",
        "Basin": "Brahmaputra Basin",
        "Sub_Basin": "Brahmaputra Lower",
        "Source": "RESOURCESAT-2 LISS IV, 10m CARTODEM, Geomorphology 50K, LULC 10k(2018-2023), India-WRIS"
      }
    },
    {
      "type": "Feature",
      "id": "LS_SIKKIM_2023.141",
      "geometry": {
        "type": "MultiPolygon",
        "coordinates": [
          [
            [
              [
                88.32769026,
                27.22164518
              ],
              [
                88.32769026,
                27.22254074
              ],
              [
                88.32837776,
                27.22254074
              ],
              [
                88.32837776,
                27.22164518
              ],
              [
                88.32769026,
                27.22164518
              ]
            ]
          ]
        ]
      },
      "geometry_name": "the_geom",
      "properties": {
        "Slide_No": "SK /NAM /78A8 /2023 /11",
        "State": "SIKKIM",
        "District": "NAMCHI",
        "Toposheet": "78A8",
        "Latitude": 27.2221,
        "Longitude": 88.328,
        "Length": 111.603,
        "Width": 36.465,
        "Height": 78.3241577148,
        "Area": 2593.35187804,
        "Activity": "Active",
        "Geomorphol": "Moderately Dissected Structural Hills and Valleys",
        "Lithology": "DOLIMITIC QUARTZITE, CHERT, PHYLLITE, SLATE",
        "LULC": "Agriculture - Crop Land",
        "Triggering": "Rainfall",
        "Year": "2023",
        "Basin": "Brahmaputra Basin",
        "Sub_Basin": "Brahmaputra Lower",
        "Source": "RESOURCESAT-2 LISS IV, 10m CARTODEM, Geomorphology 50K, LULC 10k(2018-2023), India-WRIS"
      }
    },
    {
      "type": "Feature",
      "id": "LS_SIKKIM_2023.142",
      "geometry": {
        "type": "MultiPolygon",
        "coordinates": [
          [
            [
              [
                88.34024873,
                27.22518272
              ],
              [
                88.34024873,
                27.22611952
              ],
              [
                88.34069434,
                27.22611952
              ],
              [
                88.34069434,
                27.22518272
              ],
              [
                88.34024873,
                27.22518272
              ]
            ]
          ]
        ]
      },
      "geometry_name": "the_geom",
      "properties": {
        "Slide_No": "SK /NAM /78A8 /2023 /12",
        "State": "SIKKIM",
        "District": "NAMCHI",
        "Toposheet": "78A8",
        "Latitude": 27.2257,
        "Longitude": 88.3405,
        "Length": 106.291,
        "Width": 33.555,
        "Height": 194.740112305,
        "Area": 2293.57860314,
        "Activity": "Active",
        "Geomorphol": "Moderately Dissected Structural Hills and Valleys",
        "Lithology": "SANDSTONE,SHALE WITH MINOR COAL",
        "LULC": "Wasteland - Dense Scrub Land",
        "Triggering": "Rainfall",
        "Year": "2023",
        "Basin": "Brahmaputra Basin",
        "Sub_Basin": "Brahmaputra Lower",
        "Source": "RESOURCESAT-2 LISS IV, 10m CARTODEM, Geomorphology 50K, LULC 10k(2018-2023), India-WRIS"
      }
    },
    {
      "type": "Feature",
      "id": "LS_SIKKIM_2023.143",
      "geometry": {
        "type": "MultiPolygon",
        "coordinates": [
          [
            [
              [
                88.39803922,
                27.1117724
              ],
              [
                88.39803922,
                27.11270514
              ],
              [
                88.39981905,
                27.11270514
              ],
              [
                88.39981905,
                27.1117724
              ],
              [
                88.39803922,
                27.1117724
              ]
            ]
          ]
        ]
      },
      "geometry_name": "the_geom",
      "properties": {
        "Slide_No": "SK /NAM /78A8 /2023 /13",
        "State": "SIKKIM",
        "District": "NAMCHI",
        "Toposheet": "78A8",
        "Latitude": 27.1122,
        "Longitude": 88.399,
        "Length": 200.815,
        "Width": 44.84,
        "Height": 8.61407470703,
        "Area": 6151.00524672,
        "Activity": "Active",
        "Geomorphol": "Moderately Dissected Structural Hills and Valleys",
        "Lithology": "CHLORITE SERICITE SCHIST AND QUARTZITE",
        "LULC": "Wasteland - Dense Scrub Land",
        "Triggering": "Rainfall",
        "Year": "2023",
        "Basin": "Brahmaputra Basin",
        "Sub_Basin": "Brahmaputra Lower",
        "Source": "RESOURCESAT-2 LISS IV, 10m CARTODEM, Geomorphology 50K, LULC 10k(2018-2023), India-WRIS"
      }
    },
    {
      "type": "Feature",
      "id": "LS_SIKKIM_2023.144",
      "geometry": {
        "type": "MultiPolygon",
        "coordinates": [
          [
            [
              [
                88.39614516,
                27.11190564
              ],
              [
                88.39614516,
                27.11267659
              ],
              [
                88.39700177,
                27.11267659
              ],
              [
                88.39700177,
                27.11190564
              ],
              [
                88.39614516,
                27.11190564
              ]
            ]
          ]
        ]
      },
      "geometry_name": "the_geom",
      "properties": {
        "Slide_No": "SK /NAM /78A8 /2023 /14",
        "State": "SIKKIM",
        "District": "NAMCHI",
        "Toposheet": "78A8",
        "Latitude": 27.1123,
        "Longitude": 88.3966,
        "Length": 113.936,
        "Width": 32.143,
        "Height": 970.509521484,
        "Area": 2560.59015237,
        "Activity": "Active",
        "Geomorphol": "Moderately Dissected Structural Hills and Valleys",
        "Lithology": "CHLORITE SERICITE SCHIST AND QUARTZITE",
        "LULC": "Wasteland - Sparse Scrub Land",
        "Triggering": "Rainfall",
        "Year": "2023",
        "Basin": "Brahmaputra Basin",
        "Sub_Basin": "Brahmaputra Lower",
        "Source": "RESOURCESAT-2 LISS IV, 10m CARTODEM, Geomorphology 50K, LULC 10k(2018-2023), India-WRIS"
      }
    },
    {
      "type": "Feature",
      "id": "LS_SIKKIM_2023.145",
      "geometry": {
        "type": "MultiPolygon",
        "coordinates": [
          [
            [
              [
                88.39616647,
                27.1243157
              ],
              [
                88.39616647,
                27.12503667
              ],
              [
                88.39651863,
                27.12503667
              ],
              [
                88.39651863,
                27.1243157
              ],
              [
                88.39616647,
                27.1243157
              ]
            ]
          ]
        ]
      },
      "geometry_name": "the_geom",
      "properties": {
        "Slide_No": "SK /NAM /78A8 /2023 /15",
        "State": "SIKKIM",
        "District": "NAMCHI",
        "Toposheet": "78A8",
        "Latitude": 27.1247,
        "Longitude": 88.3963,
        "Length": 82.797,
        "Width": 22.593,
        "Height": 4.87890625,
        "Area": 1313.80475605,
        "Activity": "Active",
        "Geomorphol": "Moderately Dissected Structural Hills and Valleys",
        "Lithology": "CHLORITE SERICITE SCHIST AND QUARTZITE",
        "LULC": "Evergreen Open Forest",
        "Triggering": "Rainfall",
        "Year": "2023",
        "Basin": "Brahmaputra Basin",
        "Sub_Basin": "Brahmaputra Lower",
        "Source": "RESOURCESAT-2 LISS IV, 10m CARTODEM, Geomorphology 50K, LULC 10k(2018-2023), India-WRIS"
      }
    },
    {
      "type": "Feature",
      "id": "LS_SIKKIM_2023.146",
      "geometry": {
        "type": "MultiPolygon",
        "coordinates": [
          [
            [
              [
                88.39483305,
                27.23129854
              ],
              [
                88.39483305,
                27.23201238
              ],
              [
                88.39658909,
                27.23201238
              ],
              [
                88.39658909,
                27.23129854
              ],
              [
                88.39483305,
                27.23129854
              ]
            ]
          ]
        ]
      },
      "geometry_name": "the_geom",
      "properties": {
        "Slide_No": "SK /NAM /78A8 /2023 /16",
        "State": "SIKKIM",
        "District": "NAMCHI",
        "Toposheet": "78A8",
        "Latitude": 27.2316,
        "Longitude": 88.3958,
        "Length": 188.095,
        "Width": 46.349,
        "Height": 43.3146972656,
        "Area": 5276.69992856,
        "Activity": "Reactivated",
        "Geomorphol": "Moderately Dissected Structural Hills and Valleys",
        "Lithology": "CHLORITE SERICITE SCHIST AND QUARTZITE",
        "LULC": "Wasteland - Dense Scrub Land",
        "Triggering": "Rainfall",
        "Year": "2023",
        "Basin": "Brahmaputra Basin",
        "Sub_Basin": "Brahmaputra Lower",
        "Source": "RESOURCESAT-2 LISS IV, 10m CARTODEM, Geomorphology 50K, LULC 10k(2018-2023), India-WRIS"
      }
    },
    {
      "type": "Feature",
      "id": "LS_SIKKIM_2023.147",
      "geometry": {
        "type": "MultiPolygon",
        "coordinates": [
          [
            [
              [
                88.33364945,
                27.19490955
              ],
              [
                88.33364945,
                27.19536832
              ],
              [
                88.3341025,
                27.19536832
              ],
              [
                88.3341025,
                27.19490955
              ],
              [
                88.33364945,
                27.19490955
              ]
            ]
          ]
        ]
      },
      "geometry_name": "the_geom",
      "properties": {
        "Slide_No": "SK /NAM /78A8 /2023 /17",
        "State": "SIKKIM",
        "District": "NAMCHI",
        "Toposheet": "78A8",
        "Latitude": 27.1951,
        "Longitude": 88.3339,
        "Length": 60.178,
        "Width": 21.111,
        "Height": 24.0712890625,
        "Area": 897.899189472,
        "Activity": "Active",
        "Geomorphol": "Moderately Dissected Structural Hills and Valleys",
        "Lithology": "SANDSTONE,SHALE WITH MINOR COAL",
        "LULC": "Wasteland - Dense Scrub Land",
        "Triggering": "Rainfall",
        "Year": "2023",
        "Basin": "Brahmaputra Basin",
        "Sub_Basin": "Brahmaputra Lower",
        "Source": "RESOURCESAT-2 LISS IV, 10m CARTODEM, Geomorphology 50K, LULC 10k(2018-2023), India-WRIS"
      }
    },
    {
      "type": "Feature",
      "id": "LS_SIKKIM_2023.148",
      "geometry": {
        "type": "MultiPolygon",
        "coordinates": [
          [
            [
              [
                88.37104708,
                27.10506935
              ],
              [
                88.37104708,
                27.10558094
              ],
              [
                88.371404,
                27.10558094
              ],
              [
                88.371404,
                27.10506935
              ],
              [
                88.37104708,
                27.10506935
              ]
            ]
          ]
        ]
      },
      "geometry_name": "the_geom",
      "properties": {
        "Slide_No": "SK /NAM /78A8 /2023 /18",
        "State": "SIKKIM",
        "District": "NAMCHI",
        "Toposheet": "78A8",
        "Latitude": 27.1053,
        "Longitude": 88.3712,
        "Length": 58.945,
        "Width": 29.882,
        "Height": 47.5126342773,
        "Area": 1202.04266369,
        "Activity": "Active",
        "Geomorphol": "Moderately Dissected Structural Hills and Valleys",
        "Lithology": "CHLORITE SERICITE SCHIST AND QUARTZITE",
        "LULC": "Wasteland - Dense Scrub Land",
        "Triggering": "Rainfall",
        "Year": "2023",
        "Basin": "Brahmaputra Basin",
        "Sub_Basin": "Brahmaputra Lower",
        "Source": "RESOURCESAT-2 LISS IV, 10m CARTODEM, Geomorphology 50K, LULC 10k(2018-2023), India-WRIS"
      }
    },
    {
      "type": "Feature",
      "id": "LS_SIKKIM_2023.149",
      "geometry": {
        "type": "MultiPolygon",
        "coordinates": [
          [
            [
              [
                88.33124453,
                27.17382537
              ],
              [
                88.33124453,
                27.17418876
              ],
              [
                88.33178509,
                27.17418876
              ],
              [
                88.33178509,
                27.17382537
              ],
              [
                88.33124453,
                27.17382537
              ]
            ]
          ]
        ]
      },
      "geometry_name": "the_geom",
      "properties": {
        "Slide_No": "SK /NAM /78A8 /2023 /19",
        "State": "SIKKIM",
        "District": "NAMCHI",
        "Toposheet": "78A8",
        "Latitude": 27.174,
        "Longitude": 88.3315,
        "Length": 54.246,
        "Width": 37.236,
        "Height": 76.982421875,
        "Area": 1598.22626483,
        "Activity": "Active",
        "Geomorphol": "Moderately Dissected Structural Hills and Valleys",
        "Lithology": "SANDSTONE,SHALE WITH MINOR COAL",
        "LULC": "Wasteland - Dense Scrub Land",
        "Triggering": "Rainfall",
        "Year": "2023",
        "Basin": "Brahmaputra Basin",
        "Sub_Basin": "Brahmaputra Lower",
        "Source": "RESOURCESAT-2 LISS IV, 10m CARTODEM, Geomorphology 50K, LULC 10k(2018-2023), India-WRIS"
      }
    },
    {
      "type": "Feature",
      "id": "LS_SIKKIM_2023.150",
      "geometry": {
        "type": "MultiPolygon",
        "coordinates": [
          [
            [
              [
                88.19145803,
                27.16863444
              ],
              [
                88.19145803,
                27.16935209
              ],
              [
                88.19192763,
                27.16935209
              ],
              [
                88.19192763,
                27.16863444
              ],
              [
                88.19145803,
                27.16863444
              ]
            ]
          ]
        ]
      },
      "geometry_name": "the_geom",
      "properties": {
        "Slide_No": "SK /SRG /78A4 /2023 /1",
        "State": "SIKKIM",
        "District": "SORENG",
        "Toposheet": "78A4",
        "Latitude": 27.1691,
        "Longitude": 88.1916,
        "Length": 80.876,
        "Width": 41.795,
        "Height": 48,
        "Area": 2060.21241991,
        "Activity": "Active",
        "Geomorphol": "Moderately Dissected Structural Hills and Valleys",
        "Lithology": "BANDED MIGMATITE, GARNET BT GNEISS,MICA SCHIST",
        "LULC": "Wasteland - Dense Scrub Land",
        "Triggering": "Rainfall",
        "Year": "2023",
        "Basin": "Brahmaputra Basin",
        "Sub_Basin": "Brahmaputra Lower",
        "Source": "RESOURCESAT-2 LISS IV, 10m CARTODEM, Geomorphology 50K, LULC 10k(2018-2023), India-WRIS"
      }
    },
    {
      "type": "Feature",
      "id": "LS_SIKKIM_2023.151",
      "geometry": {
        "type": "MultiPolygon",
        "coordinates": [
          [
            [
              [
                88.33337436,
                27.18304525
              ],
              [
                88.33337436,
                27.18359508
              ],
              [
                88.33427083,
                27.18359508
              ],
              [
                88.33427083,
                27.18304525
              ],
              [
                88.33337436,
                27.18304525
              ]
            ]
          ]
        ]
      },
      "geometry_name": "the_geom",
      "properties": {
        "Slide_No": "SK /NAM /78A8 /2023 /20",
        "State": "SIKKIM",
        "District": "NAMCHI",
        "Toposheet": "78A8",
        "Latitude": 27.1833,
        "Longitude": 88.3338,
        "Length": 90.946,
        "Width": 54.509,
        "Height": 31.6449584961,
        "Area": 3847.95257902,
        "Activity": "Active",
        "Geomorphol": "Moderately Dissected Structural Hills and Valleys",
        "Lithology": "SANDSTONE,SHALE WITH MINOR COAL",
        "LULC": "Wasteland - Dense Scrub Land",
        "Triggering": "Rainfall",
        "Year": "2023",
        "Basin": "Brahmaputra Basin",
        "Sub_Basin": "Brahmaputra Lower",
        "Source": "RESOURCESAT-2 LISS IV, 10m CARTODEM, Geomorphology 50K, LULC 10k(2018-2023), India-WRIS"
      }
    },
    {
      "type": "Feature",
      "id": "LS_SIKKIM_2023.152",
      "geometry": {
        "type": "MultiPolygon",
        "coordinates": [
          [
            [
              [
                88.30830301,
                27.22775072
              ],
              [
                88.30830301,
                27.22855992
              ],
              [
                88.30888478,
                27.22855992
              ],
              [
                88.30888478,
                27.22775072
              ],
              [
                88.30830301,
                27.22775072
              ]
            ]
          ]
        ]
      },
      "geometry_name": "the_geom",
      "properties": {
        "Slide_No": "SK /NAM /78A8 /2023 /21",
        "State": "SIKKIM",
        "District": "NAMCHI",
        "Toposheet": "78A8",
        "Latitude": 27.2282,
        "Longitude": 88.3086,
        "Length": 93.03,
        "Width": 29.799,
        "Height": 19.51171875,
        "Area": 2176.73729558,
        "Activity": "Active",
        "Geomorphol": "Moderately Dissected Structural Hills and Valleys",
        "Lithology": "SANDSTONE,SHALE WITH MINOR COAL",
        "LULC": "Wasteland - Dense Scrub Land",
        "Triggering": "Rainfall",
        "Year": "2023",
        "Basin": "Brahmaputra Basin",
        "Sub_Basin": "Brahmaputra Lower",
        "Source": "RESOURCESAT-2 LISS IV, 10m CARTODEM, Geomorphology 50K, LULC 10k(2018-2023), India-WRIS"
      }
    },
    {
      "type": "Feature",
      "id": "LS_SIKKIM_2023.153",
      "geometry": {
        "type": "MultiPolygon",
        "coordinates": [
          [
            [
              [
                88.36496727,
                27.19287634
              ],
              [
                88.36496727,
                27.19353958
              ],
              [
                88.36568384,
                27.19353958
              ],
              [
                88.36568384,
                27.19287634
              ],
              [
                88.36496727,
                27.19287634
              ]
            ]
          ]
        ]
      },
      "geometry_name": "the_geom",
      "properties": {
        "Slide_No": "SK /NAM /78A8 /2023 /22",
        "State": "SIKKIM",
        "District": "NAMCHI",
        "Toposheet": "78A8",
        "Latitude": 27.1932,
        "Longitude": 88.3653,
        "Length": 73.428,
        "Width": 60.685,
        "Height": 40,
        "Area": 3241.55672666,
        "Activity": "Active",
        "Geomorphol": "Moderately Dissected Structural Hills and Valleys",
        "Lithology": "QUARTZ ARENITE, BLACK SLATE, CHERTY PHYLLITE",
        "LULC": "Wasteland - Dense Scrub Land",
        "Triggering": "Rainfall",
        "Year": "2023",
        "Basin": "Brahmaputra Basin",
        "Sub_Basin": "Brahmaputra Lower",
        "Source": "RESOURCESAT-2 LISS IV, 10m CARTODEM, Geomorphology 50K, LULC 10k(2018-2023), India-WRIS"
      }
    },
    {
      "type": "Feature",
      "id": "LS_SIKKIM_2023.154",
      "geometry": {
        "type": "MultiPolygon",
        "coordinates": [
          [
            [
              [
                88.48575471,
                27.2186993
              ],
              [
                88.48575471,
                27.21931415
              ],
              [
                88.48632197,
                27.21931415
              ],
              [
                88.48632197,
                27.2186993
              ],
              [
                88.48575471,
                27.2186993
              ]
            ]
          ]
        ]
      },
      "geometry_name": "the_geom",
      "properties": {
        "Slide_No": "SK /NAM /78A8 /2023 /23",
        "State": "SIKKIM",
        "District": "NAMCHI",
        "Toposheet": "78A8",
        "Latitude": 27.219,
        "Longitude": 88.4861,
        "Length": 60.005,
        "Width": 57.889,
        "Height": 28.5040893555,
        "Area": 2480.96213769,
        "Activity": "Active",
        "Geomorphol": "Moderately Dissected Structural Hills and Valleys",
        "Lithology": "CHLORITE SERICITE SCHIST AND QUARTZITE",
        "LULC": "Evergreen Open Forest",
        "Triggering": "Rainfall",
        "Year": "2023",
        "Basin": "Brahmaputra Basin",
        "Sub_Basin": "Brahmaputra Lower",
        "Source": "RESOURCESAT-2 LISS IV, 10m CARTODEM, Geomorphology 50K, LULC 10k(2018-2023), India-WRIS"
      }
    },
    {
      "type": "Feature",
      "id": "LS_SIKKIM_2023.155",
      "geometry": {
        "type": "MultiPolygon",
        "coordinates": [
          [
            [
              [
                88.44832729,
                27.23223807
              ],
              [
                88.44832729,
                27.23323268
              ],
              [
                88.44896785,
                27.23323268
              ],
              [
                88.44896785,
                27.23223807
              ],
              [
                88.44832729,
                27.23223807
              ]
            ]
          ]
        ]
      },
      "geometry_name": "the_geom",
      "properties": {
        "Slide_No": "SK /NAM /78A8 /2023 /24",
        "State": "SIKKIM",
        "District": "NAMCHI",
        "Toposheet": "78A8",
        "Latitude": 27.2328,
        "Longitude": 88.4487,
        "Length": 103.578,
        "Width": 64.057,
        "Height": 8.84896850586,
        "Area": 4553.03112279,
        "Activity": "Active",
        "Geomorphol": "Moderately Dissected Structural Hills and Valleys",
        "Lithology": "CHLORITE SERICITE SCHIST AND QUARTZITE",
        "LULC": "Wasteland - Dense Scrub Land",
        "Triggering": "Rainfall",
        "Year": "2023",
        "Basin": "Brahmaputra Basin",
        "Sub_Basin": "Brahmaputra Lower",
        "Source": "RESOURCESAT-2 LISS IV, 10m CARTODEM, Geomorphology 50K, LULC 10k(2018-2023), India-WRIS"
      }
    },
    {
      "type": "Feature",
      "id": "LS_SIKKIM_2023.156",
      "geometry": {
        "type": "MultiPolygon",
        "coordinates": [
          [
            [
              [
                88.3937437,
                27.24459284
              ],
              [
                88.3937437,
                27.24523886
              ],
              [
                88.39476806,
                27.24523886
              ],
              [
                88.39476806,
                27.24459284
              ],
              [
                88.3937437,
                27.24459284
              ]
            ]
          ]
        ]
      },
      "geometry_name": "the_geom",
      "properties": {
        "Slide_No": "SK /NAM /78A8 /2023 /25",
        "State": "SIKKIM",
        "District": "NAMCHI",
        "Toposheet": "78A8",
        "Latitude": 27.2449,
        "Longitude": 88.3942,
        "Length": 112.259,
        "Width": 46.081,
        "Height": 70.1884765625,
        "Area": 3238.57895032,
        "Activity": "Active",
        "Geomorphol": "Moderately Dissected Structural Hills and Valleys",
        "Lithology": "CHLORITE SERICITE SCHIST AND QUARTZITE",
        "LULC": "Wasteland - Dense Scrub Land",
        "Triggering": "Road Cutting",
        "Year": "2023",
        "Basin": "Brahmaputra Basin",
        "Sub_Basin": "Brahmaputra Lower",
        "Source": "RESOURCESAT-2 LISS IV, 10m CARTODEM, Geomorphology 50K, LULC 10k(2018-2023), India-WRIS"
      }
    },
    {
      "type": "Feature",
      "id": "LS_SIKKIM_2023.157",
      "geometry": {
        "type": "MultiPolygon",
        "coordinates": [
          [
            [
              [
                88.33922759,
                27.11110372
              ],
              [
                88.33922759,
                27.11148919
              ],
              [
                88.33967968,
                27.11148919
              ],
              [
                88.33967968,
                27.11110372
              ],
              [
                88.33922759,
                27.11110372
              ]
            ]
          ]
        ]
      },
      "geometry_name": "the_geom",
      "properties": {
        "Slide_No": "SK /NAM /78A8 /2023 /26",
        "State": "SIKKIM",
        "District": "NAMCHI",
        "Toposheet": "78A8",
        "Latitude": 27.1113,
        "Longitude": 88.3395,
        "Length": 42.493,
        "Width": 41.565,
        "Height": 73.8453063965,
        "Area": 1407.88164804,
        "Activity": "Active",
        "Geomorphol": "Moderately Dissected Structural Hills and Valleys",
        "Lithology": "CHLORITE SERICITE SCHIST AND QUARTZITE",
        "LULC": "Wasteland - Dense Scrub Land",
        "Triggering": "Rainfall",
        "Year": "2023",
        "Basin": "Brahmaputra Basin",
        "Sub_Basin": "Brahmaputra Lower",
        "Source": "RESOURCESAT-2 LISS IV, 10m CARTODEM, Geomorphology 50K, LULC 10k(2018-2023), India-WRIS"
      }
    },
    {
      "type": "Feature",
      "id": "LS_SIKKIM_2023.158",
      "geometry": {
        "type": "MultiPolygon",
        "coordinates": [
          [
            [
              [
                88.30448726,
                27.25961864
              ],
              [
                88.30448726,
                27.26029191
              ],
              [
                88.30520705,
                27.26029191
              ],
              [
                88.30520705,
                27.25961864
              ],
              [
                88.30448726,
                27.25961864
              ]
            ]
          ]
        ]
      },
      "geometry_name": "the_geom",
      "properties": {
        "Slide_No": "SK /NAM /78A7 /2023 /49",
        "State": "SIKKIM",
        "District": "NAMCHI",
        "Toposheet": "78A7",
        "Latitude": 27.26,
        "Longitude": 88.3048,
        "Length": 89.552,
        "Width": 54.847,
        "Height": 39.1117248535,
        "Area": 3577.16577393,
        "Activity": "Active",
        "Geomorphol": "Moderately Dissected Structural Hills and Valleys",
        "Lithology": "SANDSTONE,SHALE WITH MINOR COAL",
        "LULC": "Wasteland - Dense Scrub Land",
        "Triggering": "Rainfall",
        "Year": "2023",
        "Basin": "Brahmaputra Basin",
        "Sub_Basin": "Brahmaputra Lower",
        "Source": "RESOURCESAT-2 LISS IV, 10m CARTODEM, Geomorphology 50K, LULC 10k(2018-2023), India-WRIS"
      }
    },
    {
      "type": "Feature",
      "id": "LS_SIKKIM_2023.159",
      "geometry": {
        "type": "MultiPolygon",
        "coordinates": [
          [
            [
              [
                88.27728193,
                27.27640044
              ],
              [
                88.27728193,
                27.27830969
              ],
              [
                88.27972704,
                27.27830969
              ],
              [
                88.27972704,
                27.27640044
              ],
              [
                88.27728193,
                27.27640044
              ]
            ]
          ]
        ]
      },
      "geometry_name": "the_geom",
      "properties": {
        "Slide_No": "SK /NAM /78A7 /2023 /50",
        "State": "SIKKIM",
        "District": "NAMCHI",
        "Toposheet": "78A7",
        "Latitude": 27.2774,
        "Longitude": 88.2784,
        "Length": 289.253,
        "Width": 126.644,
        "Height": 120.904541016,
        "Area": 24061.6570516,
        "Activity": "Reactivated",
        "Geomorphol": "Moderately Dissected Structural Hills and Valleys",
        "Lithology": "CHLORITE SERICITE SCHIST AND QUARTZITE",
        "LULC": "Wasteland - Dense Scrub Land",
        "Triggering": "Rainfall",
        "Year": "2023",
        "Basin": "Brahmaputra Basin",
        "Sub_Basin": "Brahmaputra Lower",
        "Source": "RESOURCESAT-2 LISS IV, 10m CARTODEM, Geomorphology 50K, LULC 10k(2018-2023), India-WRIS"
      }
    },
    {
      "type": "Feature",
      "id": "LS_SIKKIM_2023.160",
      "geometry": {
        "type": "MultiPolygon",
        "coordinates": [
          [
            [
              [
                88.47463199,
                27.33167699
              ],
              [
                88.47463199,
                27.33227471
              ],
              [
                88.47514405,
                27.33227471
              ],
              [
                88.47514405,
                27.33167699
              ],
              [
                88.47463199,
                27.33167699
              ]
            ]
          ]
        ]
      },
      "geometry_name": "the_geom",
      "properties": {
        "Slide_No": "SK /NAM /78A7 /2023 /51",
        "State": "SIKKIM",
        "District": "NAMCHI",
        "Toposheet": "78A7",
        "Latitude": 27.3319,
        "Longitude": 88.4749,
        "Length": 67.494,
        "Width": 47.098,
        "Height": 7,
        "Area": 2157.78138144,
        "Activity": "Active",
        "Geomorphol": "Moderately Dissected Structural Hills and Valleys",
        "Lithology": "CHLORITE SERICITE SCHIST AND QUARTZITE",
        "LULC": "Evergreen Closed Forest",
        "Triggering": "Rainfall",
        "Year": "2023",
        "Basin": "Brahmaputra Basin",
        "Sub_Basin": "Brahmaputra Lower",
        "Source": "RESOURCESAT-2 LISS IV, 10m CARTODEM, Geomorphology 50K, LULC 10k(2018-2023), India-WRIS"
      }
    },
    {
      "type": "Feature",
      "id": "LS_SIKKIM_2023.161",
      "geometry": {
        "type": "MultiPolygon",
        "coordinates": [
          [
            [
              [
                88.38557263,
                27.29611166
              ],
              [
                88.38557263,
                27.30633599
              ],
              [
                88.39746586,
                27.30633599
              ],
              [
                88.39746586,
                27.29611166
              ],
              [
                88.38557263,
                27.29611166
              ]
            ]
          ]
        ]
      },
      "geometry_name": "the_geom",
      "properties": {
        "Slide_No": "SK /NAM /78A7 /2023 /52",
        "State": "SIKKIM",
        "District": "NAMCHI",
        "Toposheet": "78A7",
        "Latitude": 27.3008,
        "Longitude": 88.3916,
        "Length": 1576.35,
        "Width": 575.204,
        "Height": 22.6553955078,
        "Area": 480139.797263,
        "Activity": "Reactivated",
        "Geomorphol": "Moderately Dissected Structural Hills and Valleys",
        "Lithology": "CHLORITE SERICITE SCHIST AND QUARTZITE",
        "LULC": "Wasteland - Dense Scrub Land",
        "Triggering": "Rainfall",
        "Year": "2023",
        "Basin": "Brahmaputra Basin",
        "Sub_Basin": "Brahmaputra Lower",
        "Source": "RESOURCESAT-2 LISS IV, 10m CARTODEM, Geomorphology 50K, LULC 10k(2018-2023), India-WRIS"
      }
    },
    {
      "type": "Feature",
      "id": "LS_SIKKIM_2023.162",
      "geometry": {
        "type": "MultiPolygon",
        "coordinates": [
          [
            [
              [
                88.33221872,
                27.27914216
              ],
              [
                88.33221872,
                27.27951336
              ],
              [
                88.33277551,
                27.27951336
              ],
              [
                88.33277551,
                27.27914216
              ],
              [
                88.33221872,
                27.27914216
              ]
            ]
          ]
        ]
      },
      "geometry_name": "the_geom",
      "properties": {
        "Slide_No": "SK /NAM /78A7 /2023 /53",
        "State": "SIKKIM",
        "District": "NAMCHI",
        "Toposheet": "78A7",
        "Latitude": 27.2793,
        "Longitude": 88.3325,
        "Length": 59.438,
        "Width": 31.861,
        "Height": 5.70861816406,
        "Area": 1426.14333258,
        "Activity": "Active",
        "Geomorphol": "Moderately Dissected Structural Hills and Valleys",
        "Lithology": "CHLORITE SERICITE SCHIST AND QUARTZITE",
        "LULC": "Wasteland - Dense Scrub Land",
        "Triggering": "Rainfall",
        "Year": "2023",
        "Basin": "Brahmaputra Basin",
        "Sub_Basin": "Brahmaputra Lower",
        "Source": "RESOURCESAT-2 LISS IV, 10m CARTODEM, Geomorphology 50K, LULC 10k(2018-2023), India-WRIS"
      }
    },
    {
      "type": "Feature",
      "id": "LS_SIKKIM_2023.163",
      "geometry": {
        "type": "MultiPolygon",
        "coordinates": [
          [
            [
              [
                88.41254858,
                27.33038647
              ],
              [
                88.41254858,
                27.3317856
              ],
              [
                88.41370143,
                27.3317856
              ],
              [
                88.41370143,
                27.33038647
              ],
              [
                88.41254858,
                27.33038647
              ]
            ]
          ]
        ]
      },
      "geometry_name": "the_geom",
      "properties": {
        "Slide_No": "SK /NAM /78A7 /2023 /54",
        "State": "SIKKIM",
        "District": "NAMCHI",
        "Toposheet": "78A7",
        "Latitude": 27.3311,
        "Longitude": 88.413,
        "Length": 180.467,
        "Width": 50.293,
        "Height": 16.0521850586,
        "Area": 4140.05141375,
        "Activity": "Active",
        "Geomorphol": "Moderately Dissected Structural Hills and Valleys",
        "Lithology": "CHLORITE SERICITE SCHIST AND QUARTZITE",
        "LULC": "Wasteland - Dense Scrub Land",
        "Triggering": "Rainfall",
        "Year": "2023",
        "Basin": "Brahmaputra Basin",
        "Sub_Basin": "Brahmaputra Lower",
        "Source": "RESOURCESAT-2 LISS IV, 10m CARTODEM, Geomorphology 50K, LULC 10k(2018-2023), India-WRIS"
      }
    },
    {
      "type": "Feature",
      "id": "LS_SIKKIM_2023.164",
      "geometry": {
        "type": "MultiPolygon",
        "coordinates": [
          [
            [
              [
                88.41385966,
                27.33124308
              ],
              [
                88.41385966,
                27.33254745
              ],
              [
                88.41446999,
                27.33254745
              ],
              [
                88.41446999,
                27.33124308
              ],
              [
                88.41385966,
                27.33124308
              ]
            ]
          ]
        ]
      },
      "geometry_name": "the_geom",
      "properties": {
        "Slide_No": "SK /NAM /78A7 /2023 /55",
        "State": "SIKKIM",
        "District": "NAMCHI",
        "Toposheet": "78A7",
        "Latitude": 27.3319,
        "Longitude": 88.4142,
        "Length": 148.993,
        "Width": 44.743,
        "Height": 10,
        "Area": 4021.16975519,
        "Activity": "Reactivated",
        "Geomorphol": "Moderately Dissected Structural Hills and Valleys",
        "Lithology": "CHLORITE SERICITE SCHIST AND QUARTZITE",
        "LULC": "Wasteland - Dense Scrub Land",
        "Triggering": "Rainfall",
        "Year": "2023",
        "Basin": "Brahmaputra Basin",
        "Sub_Basin": "Brahmaputra Lower",
        "Source": "RESOURCESAT-2 LISS IV, 10m CARTODEM, Geomorphology 50K, LULC 10k(2018-2023), India-WRIS"
      }
    },
    {
      "type": "Feature",
      "id": "LS_SIKKIM_2023.165",
      "geometry": {
        "type": "MultiPolygon",
        "coordinates": [
          [
            [
              [
                88.39293103,
                27.26978565
              ],
              [
                88.39293103,
                27.27083504
              ],
              [
                88.39376873,
                27.27083504
              ],
              [
                88.39376873,
                27.26978565
              ],
              [
                88.39293103,
                27.26978565
              ]
            ]
          ]
        ]
      },
      "geometry_name": "the_geom",
      "properties": {
        "Slide_No": "SK /NAM /78A7 /2023 /56",
        "State": "SIKKIM",
        "District": "NAMCHI",
        "Toposheet": "78A7",
        "Latitude": 27.2702,
        "Longitude": 88.3934,
        "Length": 96.419,
        "Width": 89.52,
        "Height": 94.8510742188,
        "Area": 3671.31862888,
        "Activity": "Reactivated",
        "Geomorphol": "Moderately Dissected Structural Hills and Valleys",
        "Lithology": "CHLORITE SERICITE SCHIST AND QUARTZITE",
        "LULC": "Evergreen Closed Forest",
        "Triggering": "Rainfall",
        "Year": "2023",
        "Basin": "Brahmaputra Basin",
        "Sub_Basin": "Brahmaputra Lower",
        "Source": "RESOURCESAT-2 LISS IV, 10m CARTODEM, Geomorphology 50K, LULC 10k(2018-2023), India-WRIS"
      }
    },
    {
      "type": "Feature",
      "id": "LS_SIKKIM_2023.166",
      "geometry": {
        "type": "MultiPolygon",
        "coordinates": [
          [
            [
              [
                88.39349351,
                27.28108395
              ],
              [
                88.39349351,
                27.28155824
              ],
              [
                88.39526889,
                27.28155824
              ],
              [
                88.39526889,
                27.28108395
              ],
              [
                88.39349351,
                27.28108395
              ]
            ]
          ]
        ]
      },
      "geometry_name": "the_geom",
      "properties": {
        "Slide_No": "SK /NAM /78A7 /2023 /57",
        "State": "SIKKIM",
        "District": "NAMCHI",
        "Toposheet": "78A7",
        "Latitude": 27.2814,
        "Longitude": 88.3943,
        "Length": 179.136,
        "Width": 29.302,
        "Height": 291.730651855,
        "Area": 3163.43278754,
        "Activity": "Active",
        "Geomorphol": "Moderately Dissected Structural Hills and Valleys",
        "Lithology": "CHLORITE SERICITE SCHIST AND QUARTZITE",
        "LULC": "Agriculture - Crop Land",
        "Triggering": "Rainfall",
        "Year": "2023",
        "Basin": "Brahmaputra Basin",
        "Sub_Basin": "Brahmaputra Lower",
        "Source": "RESOURCESAT-2 LISS IV, 10m CARTODEM, Geomorphology 50K, LULC 10k(2018-2023), India-WRIS"
      }
    },
    {
      "type": "Feature",
      "id": "LS_SIKKIM_2023.167",
      "geometry": {
        "type": "MultiPolygon",
        "coordinates": [
          [
            [
              [
                88.47633281,
                27.13930776
              ],
              [
                88.47633281,
                27.14002569
              ],
              [
                88.47694136,
                27.14002569
              ],
              [
                88.47694136,
                27.13930776
              ],
              [
                88.47633281,
                27.13930776
              ]
            ]
          ]
        ]
      },
      "geometry_name": "the_geom",
      "properties": {
        "Slide_No": "SK /NAM /78A8 /2023 /27",
        "State": "SIKKIM",
        "District": "NAMCHI",
        "Toposheet": "78A8",
        "Latitude": 27.1397,
        "Longitude": 88.4766,
        "Length": 82.833,
        "Width": 46.416,
        "Height": 34.467956543,
        "Area": 2691.87892665,
        "Activity": "Active",
        "Geomorphol": "Highly Dissected Structural Hills and Valleys",
        "Lithology": "CHLORITE SERICITE SCHIST AND QUARTZITE",
        "LULC": "Evergreen Open Forest",
        "Triggering": "Rainfall",
        "Year": "2023",
        "Basin": "Brahmaputra Basin",
        "Sub_Basin": "Brahmaputra Lower",
        "Source": "RESOURCESAT-2 LISS IV, 10m CARTODEM, Geomorphology 50K, LULC 10k(2018-2023), India-WRIS"
      }
    },
    {
      "type": "Feature",
      "id": "LS_SIKKIM_2023.168",
      "geometry": {
        "type": "MultiPolygon",
        "coordinates": [
          [
            [
              [
                88.47703916,
                27.16905632
              ],
              [
                88.47703916,
                27.16965595
              ],
              [
                88.47826339,
                27.16965595
              ],
              [
                88.47826339,
                27.16905632
              ],
              [
                88.47703916,
                27.16905632
              ]
            ]
          ]
        ]
      },
      "geometry_name": "the_geom",
      "properties": {
        "Slide_No": "SK /NAM /78A8 /2023 /28",
        "State": "SIKKIM",
        "District": "NAMCHI",
        "Toposheet": "78A8",
        "Latitude": 27.1694,
        "Longitude": 88.4777,
        "Length": 126.193,
        "Width": 54.015,
        "Height": 101.088867188,
        "Area": 5317.77850034,
        "Activity": "Active",
        "Geomorphol": "Highly Dissected Structural Hills and Valleys",
        "Lithology": "CHLORITE SERICITE SCHIST AND QUARTZITE",
        "LULC": "Wasteland - Dense Scrub Land",
        "Triggering": "Rainfall",
        "Year": "2023",
        "Basin": "Brahmaputra Basin",
        "Sub_Basin": "Brahmaputra Lower",
        "Source": "RESOURCESAT-2 LISS IV, 10m CARTODEM, Geomorphology 50K, LULC 10k(2018-2023), India-WRIS"
      }
    },
    {
      "type": "Feature",
      "id": "LS_SIKKIM_2023.169",
      "geometry": {
        "type": "MultiPolygon",
        "coordinates": [
          [
            [
              [
                88.48223761,
                27.18215351
              ],
              [
                88.48223761,
                27.18267491
              ],
              [
                88.4826235,
                27.18267491
              ],
              [
                88.4826235,
                27.18215351
              ],
              [
                88.48223761,
                27.18215351
              ]
            ]
          ]
        ]
      },
      "geometry_name": "the_geom",
      "properties": {
        "Slide_No": "SK /NAM /78A8 /2023 /29",
        "State": "SIKKIM",
        "District": "NAMCHI",
        "Toposheet": "78A8",
        "Latitude": 27.1824,
        "Longitude": 88.4824,
        "Length": 57.751,
        "Width": 38.242,
        "Height": 225.539672852,
        "Area": 1771.06001186,
        "Activity": "Active",
        "Geomorphol": "Highly Dissected Structural Hills and Valleys",
        "Lithology": "CHLORITE SERICITE SCHIST AND QUARTZITE",
        "LULC": "Wasteland - Dense Scrub Land",
        "Triggering": "Rainfall",
        "Year": "2023",
        "Basin": "Brahmaputra Basin",
        "Sub_Basin": "Brahmaputra Lower",
        "Source": "RESOURCESAT-2 LISS IV, 10m CARTODEM, Geomorphology 50K, LULC 10k(2018-2023), India-WRIS"
      }
    },
    {
      "type": "Feature",
      "id": "LS_SIKKIM_2023.170",
      "geometry": {
        "type": "MultiPolygon",
        "coordinates": [
          [
            [
              [
                88.48118589,
                27.18423041
              ],
              [
                88.48118589,
                27.18461387
              ],
              [
                88.48189595,
                27.18461387
              ],
              [
                88.48189595,
                27.18423041
              ],
              [
                88.48118589,
                27.18423041
              ]
            ]
          ]
        ]
      },
      "geometry_name": "the_geom",
      "properties": {
        "Slide_No": "SK /NAM /78A8 /2023 /30",
        "State": "SIKKIM",
        "District": "NAMCHI",
        "Toposheet": "78A8",
        "Latitude": 27.1844,
        "Longitude": 88.4816,
        "Length": 70.56,
        "Width": 41.874,
        "Height": 28.0977172852,
        "Area": 1903.331224,
        "Activity": "Active",
        "Geomorphol": "Highly Dissected Structural Hills and Valleys",
        "Lithology": "CHLORITE SERICITE SCHIST AND QUARTZITE",
        "LULC": "Wasteland - Dense Scrub Land",
        "Triggering": "Rainfall",
        "Year": "2023",
        "Basin": "Brahmaputra Basin",
        "Sub_Basin": "Brahmaputra Lower",
        "Source": "RESOURCESAT-2 LISS IV, 10m CARTODEM, Geomorphology 50K, LULC 10k(2018-2023), India-WRIS"
      }
    },
    {
      "type": "Feature",
      "id": "LS_SIKKIM_2023.171",
      "geometry": {
        "type": "MultiPolygon",
        "coordinates": [
          [
            [
              [
                88.49639725,
                27.13501233
              ],
              [
                88.49639725,
                27.13572678
              ],
              [
                88.49669386,
                27.13572678
              ],
              [
                88.49669386,
                27.13501233
              ],
              [
                88.49639725,
                27.13501233
              ]
            ]
          ]
        ]
      },
      "geometry_name": "the_geom",
      "properties": {
        "Slide_No": "SK /NAM /78A8 /2023 /31",
        "State": "SIKKIM",
        "District": "NAMCHI",
        "Toposheet": "78A8",
        "Latitude": 27.1354,
        "Longitude": 88.4966,
        "Length": 79.313,
        "Width": 29.271,
        "Height": 12.6601867676,
        "Area": 1749.80976566,
        "Activity": "Active",
        "Geomorphol": "Highly Dissected Structural Hills and Valleys",
        "Lithology": "CHLORITE SERICITE SCHIST AND QUARTZITE",
        "LULC": "Evergreen Closed Forest",
        "Triggering": "Rainfall",
        "Year": "2023",
        "Basin": "Brahmaputra Basin",
        "Sub_Basin": "Brahmaputra Lower",
        "Source": "RESOURCESAT-2 LISS IV, 10m CARTODEM, Geomorphology 50K, LULC 10k(2018-2023), India-WRIS"
      }
    },
    {
      "type": "Feature",
      "id": "LS_SIKKIM_2023.172",
      "geometry": {
        "type": "MultiPolygon",
        "coordinates": [
          [
            [
              [
                88.44936951,
                27.15433219
              ],
              [
                88.44936951,
                27.15551478
              ],
              [
                88.449727,
                27.15551478
              ],
              [
                88.449727,
                27.15433219
              ],
              [
                88.44936951,
                27.15433219
              ]
            ]
          ]
        ]
      },
      "geometry_name": "the_geom",
      "properties": {
        "Slide_No": "SK /NAM /78A8 /2023 /32",
        "State": "SIKKIM",
        "District": "NAMCHI",
        "Toposheet": "78A8",
        "Latitude": 27.1549,
        "Longitude": 88.4495,
        "Length": 131.914,
        "Width": 30.052,
        "Height": 76,
        "Area": 3257.8576203,
        "Activity": "Active",
        "Geomorphol": "Highly Dissected Structural Hills and Valleys",
        "Lithology": "CHLORITE SERICITE SCHIST AND QUARTZITE",
        "LULC": "Wasteland - Sparse Scrub Land",
        "Triggering": "Rainfall",
        "Year": "2023",
        "Basin": "Brahmaputra Basin",
        "Sub_Basin": "Brahmaputra Lower",
        "Source": "RESOURCESAT-2 LISS IV, 10m CARTODEM, Geomorphology 50K, LULC 10k(2018-2023), India-WRIS"
      }
    },
    {
      "type": "Feature",
      "id": "LS_SIKKIM_2023.173",
      "geometry": {
        "type": "MultiPolygon",
        "coordinates": [
          [
            [
              [
                88.44761644,
                27.12690794
              ],
              [
                88.44761644,
                27.12768554
              ],
              [
                88.44943974,
                27.12768554
              ],
              [
                88.44943974,
                27.12690794
              ],
              [
                88.44761644,
                27.12690794
              ]
            ]
          ]
        ]
      },
      "geometry_name": "the_geom",
      "properties": {
        "Slide_No": "SK /NAM /78A8 /2023 /33",
        "State": "SIKKIM",
        "District": "NAMCHI",
        "Toposheet": "78A8",
        "Latitude": 27.1273,
        "Longitude": 88.4485,
        "Length": 180.685,
        "Width": 86.134,
        "Height": 18.0589599609,
        "Area": 11547.7155028,
        "Activity": "Reactivated",
        "Geomorphol": "Highly Dissected Structural Hills and Valleys",
        "Lithology": "CHLORITE SERICITE SCHIST AND QUARTZITE",
        "LULC": "Wasteland - Sparse Scrub Land",
        "Triggering": "Rainfall",
        "Year": "2023",
        "Basin": "Brahmaputra Basin",
        "Sub_Basin": "Brahmaputra Lower",
        "Source": "RESOURCESAT-2 LISS IV, 10m CARTODEM, Geomorphology 50K, LULC 10k(2018-2023), India-WRIS"
      }
    },
    {
      "type": "Feature",
      "id": "LS_SIKKIM_2023.174",
      "geometry": {
        "type": "MultiPolygon",
        "coordinates": [
          [
            [
              [
                88.47496423,
                27.12442932
              ],
              [
                88.47496423,
                27.12472368
              ],
              [
                88.47588116,
                27.12472368
              ],
              [
                88.47588116,
                27.12442932
              ],
              [
                88.47496423,
                27.12442932
              ]
            ]
          ]
        ]
      },
      "geometry_name": "the_geom",
      "properties": {
        "Slide_No": "SK /NAM /78A8 /2023 /34",
        "State": "SIKKIM",
        "District": "NAMCHI",
        "Toposheet": "78A8",
        "Latitude": 27.1246,
        "Longitude": 88.4754,
        "Length": 90.889,
        "Width": 32.534,
        "Height": 184.887023926,
        "Area": 2387.26904036,
        "Activity": "Active",
        "Geomorphol": "Highly Dissected Structural Hills and Valleys",
        "Lithology": "CHLORITE SERICITE SCHIST AND QUARTZITE",
        "LULC": "Wasteland - Sparse Scrub Land",
        "Triggering": "Rainfall",
        "Year": "2023",
        "Basin": "Brahmaputra Basin",
        "Sub_Basin": "Brahmaputra Lower",
        "Source": "RESOURCESAT-2 LISS IV, 10m CARTODEM, Geomorphology 50K, LULC 10k(2018-2023), India-WRIS"
      }
    },
    {
      "type": "Feature",
      "id": "LS_SIKKIM_2023.175",
      "geometry": {
        "type": "MultiPolygon",
        "coordinates": [
          [
            [
              [
                88.42750122,
                27.15357467
              ],
              [
                88.42750122,
                27.15482615
              ],
              [
                88.42797414,
                27.15482615
              ],
              [
                88.42797414,
                27.15357467
              ],
              [
                88.42750122,
                27.15357467
              ]
            ]
          ]
        ]
      },
      "geometry_name": "the_geom",
      "properties": {
        "Slide_No": "SK /NAM /78A8 /2023 /35",
        "State": "SIKKIM",
        "District": "NAMCHI",
        "Toposheet": "78A8",
        "Latitude": 27.1542,
        "Longitude": 88.4277,
        "Length": 139.242,
        "Width": 41.391,
        "Height": 17.957824707,
        "Area": 3096.81195027,
        "Activity": "Active",
        "Geomorphol": "Highly Dissected Structural Hills and Valleys",
        "Lithology": "CHLORITE SERICITE SCHIST AND QUARTZITE",
        "LULC": "Wasteland - Dense Scrub Land",
        "Triggering": "Rainfall",
        "Year": "2023",
        "Basin": "Brahmaputra Basin",
        "Sub_Basin": "Brahmaputra Lower",
        "Source": "RESOURCESAT-2 LISS IV, 10m CARTODEM, Geomorphology 50K, LULC 10k(2018-2023), India-WRIS"
      }
    },
    {
      "type": "Feature",
      "id": "LS_SIKKIM_2023.176",
      "geometry": {
        "type": "MultiPolygon",
        "coordinates": [
          [
            [
              [
                88.41984242,
                27.14063566
              ],
              [
                88.41984242,
                27.1410999
              ],
              [
                88.42016262,
                27.1410999
              ],
              [
                88.42016262,
                27.14063566
              ],
              [
                88.41984242,
                27.14063566
              ]
            ]
          ]
        ]
      },
      "geometry_name": "the_geom",
      "properties": {
        "Slide_No": "SK /NAM /78A8 /2023 /36",
        "State": "SIKKIM",
        "District": "NAMCHI",
        "Toposheet": "78A8",
        "Latitude": 27.1409,
        "Longitude": 88.42,
        "Length": 53.473,
        "Width": 24.749,
        "Height": 48.2906494141,
        "Area": 1075.52080636,
        "Activity": "Reactivated",
        "Geomorphol": "Highly Dissected Structural Hills and Valleys",
        "Lithology": "CHLORITE SERICITE SCHIST AND QUARTZITE",
        "LULC": "Wasteland - Dense Scrub Land",
        "Triggering": "Rainfall",
        "Year": "2023",
        "Basin": "Brahmaputra Basin",
        "Sub_Basin": "Brahmaputra Lower",
        "Source": "RESOURCESAT-2 LISS IV, 10m CARTODEM, Geomorphology 50K, LULC 10k(2018-2023), India-WRIS"
      }
    },
    {
      "type": "Feature",
      "id": "LS_SIKKIM_2023.177",
      "geometry": {
        "type": "MultiPolygon",
        "coordinates": [
          [
            [
              [
                88.39080928,
                27.14404015
              ],
              [
                88.39080928,
                27.14455204
              ],
              [
                88.39129285,
                27.14455204
              ],
              [
                88.39129285,
                27.14404015
              ],
              [
                88.39080928,
                27.14404015
              ]
            ]
          ]
        ]
      },
      "geometry_name": "the_geom",
      "properties": {
        "Slide_No": "SK /NAM /78A8 /2023 /37",
        "State": "SIKKIM",
        "District": "NAMCHI",
        "Toposheet": "78A8",
        "Latitude": 27.1443,
        "Longitude": 88.3911,
        "Length": 59.345,
        "Width": 37.84,
        "Height": 34.8350830078,
        "Area": 1495.93150381,
        "Activity": "Active",
        "Geomorphol": "Highly Dissected Structural Hills and Valleys",
        "Lithology": "CHLORITE SERICITE SCHIST AND QUARTZITE",
        "LULC": "Wasteland - Dense Scrub Land",
        "Triggering": "Rainfall",
        "Year": "2023",
        "Basin": "Brahmaputra Basin",
        "Sub_Basin": "Brahmaputra Lower",
        "Source": "RESOURCESAT-2 LISS IV, 10m CARTODEM, Geomorphology 50K, LULC 10k(2018-2023), India-WRIS"
      }
    },
    {
      "type": "Feature",
      "id": "LS_SIKKIM_2023.178",
      "geometry": {
        "type": "MultiPolygon",
        "coordinates": [
          [
            [
              [
                88.39962454,
                27.14112245
              ],
              [
                88.39962454,
                27.14199953
              ],
              [
                88.40069262,
                27.14199953
              ],
              [
                88.40069262,
                27.14112245
              ],
              [
                88.39962454,
                27.14112245
              ]
            ]
          ]
        ]
      },
      "geometry_name": "the_geom",
      "properties": {
        "Slide_No": "SK /NAM /78A8 /2023 /38",
        "State": "SIKKIM",
        "District": "NAMCHI",
        "Toposheet": "78A8",
        "Latitude": 27.1416,
        "Longitude": 88.4001,
        "Length": 106.041,
        "Width": 96.243,
        "Height": 31.2293701172,
        "Area": 6227.92235077,
        "Activity": "Active",
        "Geomorphol": "Highly Dissected Structural Hills and Valleys",
        "Lithology": "CHLORITE SERICITE SCHIST AND QUARTZITE",
        "LULC": "Wasteland - Dense Scrub Land",
        "Triggering": "Rainfall",
        "Year": "2023",
        "Basin": "Brahmaputra Basin",
        "Sub_Basin": "Brahmaputra Lower",
        "Source": "RESOURCESAT-2 LISS IV, 10m CARTODEM, Geomorphology 50K, LULC 10k(2018-2023), India-WRIS"
      }
    },
    {
      "type": "Feature",
      "id": "LS_SIKKIM_2023.179",
      "geometry": {
        "type": "MultiPolygon",
        "coordinates": [
          [
            [
              [
                88.51241161,
                27.15435962
              ],
              [
                88.51241161,
                27.1549383
              ],
              [
                88.51293739,
                27.1549383
              ],
              [
                88.51293739,
                27.15435962
              ],
              [
                88.51241161,
                27.15435962
              ]
            ]
          ]
        ]
      },
      "geometry_name": "the_geom",
      "properties": {
        "Slide_No": "SK /NAM /78A12 /2023 /1",
        "State": "SIKKIM",
        "District": "NAMCHI",
        "Toposheet": "78A12",
        "Latitude": 27.1546,
        "Longitude": 88.5127,
        "Length": 64.62,
        "Width": 49.492,
        "Height": 27,
        "Area": 2408.09745695,
        "Activity": "Reactivated",
        "Geomorphol": "Highly Dissected Structural Hills and Valleys",
        "Lithology": "CHLORITE SERICITE SCHIST AND QUARTZITE",
        "LULC": "Evergreen Open Forest",
        "Triggering": "Rainfall",
        "Year": "2023",
        "Basin": "Brahmaputra Basin",
        "Sub_Basin": "Brahmaputra Lower",
        "Source": "RESOURCESAT-2 LISS IV, 10m CARTODEM, Geomorphology 50K, LULC 10k(2018-2023), India-WRIS"
      }
    },
    {
      "type": "Feature",
      "id": "LS_SIKKIM_2023.180",
      "geometry": {
        "type": "MultiPolygon",
        "coordinates": [
          [
            [
              [
                88.51743578,
                27.16317333
              ],
              [
                88.51743578,
                27.16346601
              ],
              [
                88.51770276,
                27.16346601
              ],
              [
                88.51770276,
                27.16317333
              ],
              [
                88.51743578,
                27.16317333
              ]
            ]
          ]
        ]
      },
      "geometry_name": "the_geom",
      "properties": {
        "Slide_No": "SK /NAM /78A12 /2023 /2",
        "State": "SIKKIM",
        "District": "NAMCHI",
        "Toposheet": "78A12",
        "Latitude": 27.1633,
        "Longitude": 88.5176,
        "Length": 32.38,
        "Width": 26.321,
        "Height": 18,
        "Area": 654.506391516,
        "Activity": "Active",
        "Geomorphol": "Highly Dissected Structural Hills and Valleys",
        "Lithology": "CHLORITE SERICITE SCHIST AND QUARTZITE",
        "LULC": "Wasteland - Sparse Scrub Land",
        "Triggering": "Rainfall",
        "Year": "2023",
        "Basin": "Brahmaputra Basin",
        "Sub_Basin": "Brahmaputra Lower",
        "Source": "RESOURCESAT-2 LISS IV, 10m CARTODEM, Geomorphology 50K, LULC 10k(2018-2023), India-WRIS"
      }
    },
    {
      "type": "Feature",
      "id": "LS_SIKKIM_2023.182",
      "geometry": {
        "type": "MultiPolygon",
        "coordinates": [
          [
            [
              [
                88.46715703,
                27.14192332
              ],
              [
                88.46715703,
                27.14230029
              ],
              [
                88.46741474,
                27.14230029
              ],
              [
                88.46741474,
                27.14192332
              ],
              [
                88.46715703,
                27.14192332
              ]
            ]
          ]
        ]
      },
      "geometry_name": "the_geom",
      "properties": {
        "Slide_No": "SK /NAM /78A8 /2023 /39",
        "State": "SIKKIM",
        "District": "NAMCHI",
        "Toposheet": "78A8",
        "Latitude": 27.1421,
        "Longitude": 88.4673,
        "Length": 41.804,
        "Width": 25.416,
        "Height": 16.3557128906,
        "Area": 709.994115361,
        "Activity": "Active",
        "Geomorphol": "Highly Dissected Structural Hills and Valleys",
        "Lithology": "CHLORITE SERICITE SCHIST AND QUARTZITE",
        "LULC": "Wasteland - Sparse Scrub Land",
        "Triggering": "Rainfall",
        "Year": "2023",
        "Basin": "Brahmaputra Basin",
        "Sub_Basin": "Brahmaputra Lower",
        "Source": "RESOURCESAT-2 LISS IV, 10m CARTODEM, Geomorphology 50K, LULC 10k(2018-2023), India-WRIS"
      }
    },
    {
      "type": "Feature",
      "id": "LS_SIKKIM_2023.183",
      "geometry": {
        "type": "MultiPolygon",
        "coordinates": [
          [
            [
              [
                88.44986908,
                27.13629456
              ],
              [
                88.44986908,
                27.13652483
              ],
              [
                88.45010649,
                27.13652483
              ],
              [
                88.45010649,
                27.13629456
              ],
              [
                88.44986908,
                27.13629456
              ]
            ]
          ]
        ]
      },
      "geometry_name": "the_geom",
      "properties": {
        "Slide_No": "SK /NAM /78A8 /2023 /40",
        "State": "SIKKIM",
        "District": "NAMCHI",
        "Toposheet": "78A8",
        "Latitude": 27.1364,
        "Longitude": 88.45,
        "Length": 27.122,
        "Width": 20.475,
        "Height": 43.2310791016,
        "Area": 396.871448252,
        "Activity": "Active",
        "Geomorphol": "Highly Dissected Structural Hills and Valleys",
        "Lithology": "CHLORITE SERICITE SCHIST AND QUARTZITE",
        "LULC": "Wasteland - Dense Scrub Land",
        "Triggering": "Rainfall",
        "Year": "2023",
        "Basin": "Brahmaputra Basin",
        "Sub_Basin": "Brahmaputra Lower",
        "Source": "RESOURCESAT-2 LISS IV, 10m CARTODEM, Geomorphology 50K, LULC 10k(2018-2023), India-WRIS"
      }
    },
    {
      "type": "Feature",
      "id": "LS_SIKKIM_2023.184",
      "geometry": {
        "type": "MultiPolygon",
        "coordinates": [
          [
            [
              [
                88.4702992,
                27.13819879
              ],
              [
                88.4702992,
                27.14063297
              ],
              [
                88.47438771,
                27.14063297
              ],
              [
                88.47438771,
                27.13819879
              ],
              [
                88.4702992,
                27.13819879
              ]
            ]
          ]
        ]
      },
      "geometry_name": "the_geom",
      "properties": {
        "Slide_No": "SK /NAM /78A8 /2023 /41",
        "State": "SIKKIM",
        "District": "NAMCHI",
        "Toposheet": "78A8",
        "Latitude": 27.1395,
        "Longitude": 88.4723,
        "Length": 451.08,
        "Width": 192.286,
        "Height": 70.4030761719,
        "Area": 56206.5079054,
        "Activity": "Reactivated",
        "Geomorphol": "Highly Dissected Structural Hills and Valleys",
        "Lithology": "CHLORITE SERICITE SCHIST AND QUARTZITE",
        "LULC": "Wasteland - Sparse Scrub Land",
        "Triggering": "Rainfall",
        "Year": "2023",
        "Basin": "Brahmaputra Basin",
        "Sub_Basin": "Brahmaputra Lower",
        "Source": "RESOURCESAT-2 LISS IV, 10m CARTODEM, Geomorphology 50K, LULC 10k(2018-2023), India-WRIS"
      }
    },
    {
      "type": "Feature",
      "id": "LS_SIKKIM_2023.185",
      "geometry": {
        "type": "MultiPolygon",
        "coordinates": [
          [
            [
              [
                88.46511562,
                27.11402213
              ],
              [
                88.46511562,
                27.11471576
              ],
              [
                88.46567621,
                27.11471576
              ],
              [
                88.46567621,
                27.11402213
              ],
              [
                88.46511562,
                27.11402213
              ]
            ]
          ]
        ]
      },
      "geometry_name": "the_geom",
      "properties": {
        "Slide_No": "SK /NAM /78A8 /2023 /42",
        "State": "SIKKIM",
        "District": "NAMCHI",
        "Toposheet": "78A8",
        "Latitude": 27.1144,
        "Longitude": 88.4654,
        "Length": 64.844,
        "Width": 60.192,
        "Height": 49.8865966797,
        "Area": 2777.39094413,
        "Activity": "Active",
        "Geomorphol": "Moderately Dissected Structural Hills and Valleys",
        "Lithology": "CHLORITE SERICITE SCHIST AND QUARTZITE",
        "LULC": "Wasteland - Sparse Scrub Land",
        "Triggering": "Rainfall",
        "Year": "2023",
        "Basin": "Brahmaputra Basin",
        "Sub_Basin": "Brahmaputra Lower",
        "Source": "RESOURCESAT-2 LISS IV, 10m CARTODEM, Geomorphology 50K, LULC 10k(2018-2023), India-WRIS"
      }
    },
    {
      "type": "Feature",
      "id": "LS_SIKKIM_2023.186",
      "geometry": {
        "type": "MultiPolygon",
        "coordinates": [
          [
            [
              [
                88.3882119,
                27.29273686
              ],
              [
                88.3882119,
                27.29425942
              ],
              [
                88.38963767,
                27.29425942
              ],
              [
                88.38963767,
                27.29273686
              ],
              [
                88.3882119,
                27.29273686
              ]
            ]
          ]
        ]
      },
      "geometry_name": "the_geom",
      "properties": {
        "Slide_No": "SK /NAM /78A7 /2023 /59",
        "State": "SIKKIM",
        "District": "NAMCHI",
        "Toposheet": "78A7",
        "Latitude": 27.2934,
        "Longitude": 88.3889,
        "Length": 215.405,
        "Width": 53.359,
        "Height": 34.5032958984,
        "Area": 5304.12470744,
        "Activity": "Active",
        "Geomorphol": "Moderately Dissected Structural Hills and Valleys",
        "Lithology": "CHLORITE SERICITE SCHIST AND QUARTZITE",
        "LULC": "Wasteland - Dense Scrub Land",
        "Triggering": "Rainfall",
        "Year": "2023",
        "Basin": "Brahmaputra Basin",
        "Sub_Basin": "Brahmaputra Lower",
        "Source": "RESOURCESAT-2 LISS IV, 10m CARTODEM, Geomorphology 50K, LULC 10k(2018-2023), India-WRIS"
      }
    },
    {
      "type": "Feature",
      "id": "LS_SIKKIM_2023.187",
      "geometry": {
        "type": "MultiPolygon",
        "coordinates": [
          [
            [
              [
                88.38660803,
                27.29142117
              ],
              [
                88.38660803,
                27.29441002
              ],
              [
                88.38879307,
                27.29441002
              ],
              [
                88.38879307,
                27.29142117
              ],
              [
                88.38660803,
                27.29142117
              ]
            ]
          ]
        ]
      },
      "geometry_name": "the_geom",
      "properties": {
        "Slide_No": "SK /NAM /78A7 /2023 /60",
        "State": "SIKKIM",
        "District": "NAMCHI",
        "Toposheet": "78A7",
        "Latitude": 27.2929,
        "Longitude": 88.3879,
        "Length": 386.583,
        "Width": 91.018,
        "Height": 181.127807617,
        "Area": 11091.5121651,
        "Activity": "Active",
        "Geomorphol": "Moderately Dissected Structural Hills and Valleys",
        "Lithology": "CHLORITE SERICITE SCHIST AND QUARTZITE",
        "LULC": "Wasteland - Dense Scrub Land",
        "Triggering": "Rainfall",
        "Year": "2023",
        "Basin": "Brahmaputra Basin",
        "Sub_Basin": "Brahmaputra Lower",
        "Source": "RESOURCESAT-2 LISS IV, 10m CARTODEM, Geomorphology 50K, LULC 10k(2018-2023), India-WRIS"
      }
    },
    {
      "type": "Feature",
      "id": "LS_SIKKIM_2023.188",
      "geometry": {
        "type": "MultiPolygon",
        "coordinates": [
          [
            [
              [
                88.47506261,
                27.35570128
              ],
              [
                88.47506261,
                27.35720489
              ],
              [
                88.47591535,
                27.35720489
              ],
              [
                88.47591535,
                27.35570128
              ],
              [
                88.47506261,
                27.35570128
              ]
            ]
          ]
        ]
      },
      "geometry_name": "the_geom",
      "properties": {
        "Slide_No": "SK /NAM /78A7 /2023 /61",
        "State": "SIKKIM",
        "District": "NAMCHI",
        "Toposheet": "78A7",
        "Latitude": 27.3564,
        "Longitude": 88.4755,
        "Length": 167.748,
        "Width": 76.552,
        "Height": 153.856811523,
        "Area": 9075.11759014,
        "Activity": "Active",
        "Geomorphol": "Moderately Dissected Structural Hills and Valleys",
        "Lithology": "CHLORITE SERICITE SCHIST AND QUARTZITE",
        "LULC": "Wasteland - Dense Scrub Land",
        "Triggering": "Rainfall",
        "Year": "2023",
        "Basin": "Brahmaputra Basin",
        "Sub_Basin": "Brahmaputra Lower",
        "Source": "RESOURCESAT-2 LISS IV, 10m CARTODEM, Geomorphology 50K, LULC 10k(2018-2023), India-WRIS"
      }
    },
    {
      "type": "Feature",
      "id": "LS_SIKKIM_2023.189",
      "geometry": {
        "type": "MultiPolygon",
        "coordinates": [
          [
            [
              [
                88.47661325,
                27.36116642
              ],
              [
                88.47661325,
                27.36193736
              ],
              [
                88.47714149,
                27.36193736
              ],
              [
                88.47714149,
                27.36116642
              ],
              [
                88.47661325,
                27.36116642
              ]
            ]
          ]
        ]
      },
      "geometry_name": "the_geom",
      "properties": {
        "Slide_No": "SK /NAM /78A7 /2023 /62",
        "State": "SIKKIM",
        "District": "NAMCHI",
        "Toposheet": "78A7",
        "Latitude": 27.3616,
        "Longitude": 88.4769,
        "Length": 86.764,
        "Width": 46.621,
        "Height": 5,
        "Area": 2341.15411683,
        "Activity": "Active",
        "Geomorphol": "Moderately Dissected Structural Hills and Valleys",
        "Lithology": "CHLORITE SERICITE SCHIST AND QUARTZITE",
        "LULC": "Wasteland - Dense Scrub Land",
        "Triggering": "Rainfall",
        "Year": "2023",
        "Basin": "Brahmaputra Basin",
        "Sub_Basin": "Brahmaputra Lower",
        "Source": "RESOURCESAT-2 LISS IV, 10m CARTODEM, Geomorphology 50K, LULC 10k(2018-2023), India-WRIS"
      }
    },
    {
      "type": "Feature",
      "id": "LS_SIKKIM_2023.190",
      "geometry": {
        "type": "MultiPolygon",
        "coordinates": [
          [
            [
              [
                88.33993258,
                27.22473502
              ],
              [
                88.33993258,
                27.22505519
              ],
              [
                88.34021599,
                27.22505519
              ],
              [
                88.34021599,
                27.22473502
              ],
              [
                88.33993258,
                27.22473502
              ]
            ]
          ]
        ]
      },
      "geometry_name": "the_geom",
      "properties": {
        "Slide_No": "SK /NAM /78A8 /2023 /43",
        "State": "SIKKIM",
        "District": "NAMCHI",
        "Toposheet": "78A8",
        "Latitude": 27.2249,
        "Longitude": 88.3401,
        "Length": 42.315,
        "Width": 18.848,
        "Height": 98.3095703125,
        "Area": 570.286076273,
        "Activity": "Active",
        "Geomorphol": "Moderately Dissected Structural Hills and Valleys",
        "Lithology": "BOULDER SLATE,CONGLOMERATE,PHYLLITE",
        "LULC": "Wasteland - Dense Scrub Land",
        "Triggering": "Rainfall",
        "Year": "2023",
        "Basin": "Brahmaputra Basin",
        "Sub_Basin": "Brahmaputra Lower",
        "Source": "RESOURCESAT-2 LISS IV, 10m CARTODEM, Geomorphology 50K, LULC 10k(2018-2023), India-WRIS"
      }
    },
    {
      "type": "Feature",
      "id": "LS_SIKKIM_2023.191",
      "geometry": {
        "type": "MultiPolygon",
        "coordinates": [
          [
            [
              [
                88.33938025,
                27.22395623
              ],
              [
                88.33938025,
                27.22439066
              ],
              [
                88.33954231,
                27.22439066
              ],
              [
                88.33954231,
                27.22395623
              ],
              [
                88.33938025,
                27.22395623
              ]
            ]
          ]
        ]
      },
      "geometry_name": "the_geom",
      "properties": {
        "Slide_No": "SK /NAM /78A8 /2023 /44",
        "State": "SIKKIM",
        "District": "NAMCHI",
        "Toposheet": "78A8",
        "Latitude": 27.2242,
        "Longitude": 88.3395,
        "Length": 48.154,
        "Width": 15.875,
        "Height": 43.1696777344,
        "Area": 611.578428587,
        "Activity": "Active",
        "Geomorphol": "Moderately Dissected Structural Hills and Valleys",
        "Lithology": "DOLIMITIC QUARTZITE, CHERT, PHYLLITE, SLATE",
        "LULC": "Wasteland - Dense Scrub Land",
        "Triggering": "Rainfall",
        "Year": "2023",
        "Basin": "Brahmaputra Basin",
        "Sub_Basin": "Brahmaputra Lower",
        "Source": "RESOURCESAT-2 LISS IV, 10m CARTODEM, Geomorphology 50K, LULC 10k(2018-2023), India-WRIS"
      }
    },
    {
      "type": "Feature",
      "id": "LS_SIKKIM_2023.192",
      "geometry": {
        "type": "MultiPolygon",
        "coordinates": [
          [
            [
              [
                88.48506928,
                27.21840574
              ],
              [
                88.48506928,
                27.21908004
              ],
              [
                88.48557908,
                27.21908004
              ],
              [
                88.48557908,
                27.21840574
              ],
              [
                88.48506928,
                27.21840574
              ]
            ]
          ]
        ]
      },
      "geometry_name": "the_geom",
      "properties": {
        "Slide_No": "SK /NAM /78A8 /2023 /45",
        "State": "SIKKIM",
        "District": "NAMCHI",
        "Toposheet": "78A8",
        "Latitude": 27.2188,
        "Longitude": 88.4853,
        "Length": 74.161,
        "Width": 49.707,
        "Height": 186.614685059,
        "Area": 2777.19357071,
        "Activity": "Active",
        "Geomorphol": "Moderately Dissected Structural Hills and Valleys",
        "Lithology": "CHLORITE SERICITE SCHIST AND QUARTZITE",
        "LULC": "Evergreen Open Forest",
        "Triggering": "Rainfall",
        "Year": "2023",
        "Basin": "Brahmaputra Basin",
        "Sub_Basin": "Brahmaputra Lower",
        "Source": "RESOURCESAT-2 LISS IV, 10m CARTODEM, Geomorphology 50K, LULC 10k(2018-2023), India-WRIS"
      }
    },
    {
      "type": "Feature",
      "id": "LS_SIKKIM_2023.193",
      "geometry": {
        "type": "MultiPolygon",
        "coordinates": [
          [
            [
              [
                88.47201027,
                27.13667859
              ],
              [
                88.47201027,
                27.13781063
              ],
              [
                88.47500196,
                27.13781063
              ],
              [
                88.47500196,
                27.13667859
              ],
              [
                88.47201027,
                27.13667859
              ]
            ]
          ]
        ]
      },
      "geometry_name": "the_geom",
      "properties": {
        "Slide_No": "SK /NAM /78A8 /2023 /46",
        "State": "SIKKIM",
        "District": "NAMCHI",
        "Toposheet": "78A8",
        "Latitude": 27.1373,
        "Longitude": 88.4732,
        "Length": 299.903,
        "Width": 99.18,
        "Height": 203,
        "Area": 14554.2062379,
        "Activity": "Reactivated",
        "Geomorphol": "Highly Dissected Structural Hills and Valleys",
        "Lithology": "CHLORITE SERICITE SCHIST AND QUARTZITE",
        "LULC": "Wasteland - Gullied Land",
        "Triggering": "Rainfall",
        "Year": "2023",
        "Basin": "Brahmaputra Basin",
        "Sub_Basin": "Brahmaputra Lower",
        "Source": "RESOURCESAT-2 LISS IV, 10m CARTODEM, Geomorphology 50K, LULC 10k(2018-2023), India-WRIS"
      }
    },
    {
      "type": "Feature",
      "id": "LS_SIKKIM_2023.194",
      "geometry": {
        "type": "MultiPolygon",
        "coordinates": [
          [
            [
              [
                88.4749861,
                27.12384693
              ],
              [
                88.4749861,
                27.1245064
              ],
              [
                88.47520983,
                27.1245064
              ],
              [
                88.47520983,
                27.12384693
              ],
              [
                88.4749861,
                27.12384693
              ]
            ]
          ]
        ]
      },
      "geometry_name": "the_geom",
      "properties": {
        "Slide_No": "SK /NAM /78A8 /2023 /47",
        "State": "SIKKIM",
        "District": "NAMCHI",
        "Toposheet": "78A8",
        "Latitude": 27.1242,
        "Longitude": 88.4751,
        "Length": 74.751,
        "Width": 15.989,
        "Height": 56.2102050781,
        "Area": 882.48096129,
        "Activity": "Active",
        "Geomorphol": "Highly Dissected Structural Hills and Valleys",
        "Lithology": "CHLORITE SERICITE SCHIST AND QUARTZITE",
        "LULC": "Wasteland - Sparse Scrub Land",
        "Triggering": "Rainfall",
        "Year": "2023",
        "Basin": "Brahmaputra Basin",
        "Sub_Basin": "Brahmaputra Lower",
        "Source": "RESOURCESAT-2 LISS IV, 10m CARTODEM, Geomorphology 50K, LULC 10k(2018-2023), India-WRIS"
      }
    },
    {
      "type": "Feature",
      "id": "LS_SIKKIM_2023.195",
      "geometry": {
        "type": "MultiPolygon",
        "coordinates": [
          [
            [
              [
                88.68951863,
                27.21205828
              ],
              [
                88.68951863,
                27.21301792
              ],
              [
                88.6898922,
                27.21301792
              ],
              [
                88.6898922,
                27.21205828
              ],
              [
                88.68951863,
                27.21205828
              ]
            ]
          ]
        ]
      },
      "geometry_name": "the_geom",
      "properties": {
        "Slide_No": "SK /PKY /78A12 /2023 /3",
        "State": "SIKKIM",
        "District": "PAKYONG",
        "Toposheet": "78A12",
        "Latitude": 27.2125,
        "Longitude": 88.6897,
        "Length": 106.826,
        "Width": 35.424,
        "Height": 50.1611328125,
        "Area": 3068.44441375,
        "Activity": "Active",
        "Geomorphol": "Highly Dissected Structural Hills and Valleys",
        "Lithology": "BANDED MIGMATITE, GARNET BT GNEISS,MICA SCHIST",
        "LULC": "Evergreen Open Forest",
        "Triggering": "Rainfall",
        "Year": "2023",
        "Basin": "Brahmaputra Basin",
        "Sub_Basin": "Brahmaputra Lower",
        "Source": "RESOURCESAT-2 LISS IV, 10m CARTODEM, Geomorphology 50K, LULC 10k(2018-2023), India-WRIS"
      }
    },
    {
      "type": "Feature",
      "id": "LS_SIKKIM_2023.196",
      "geometry": {
        "type": "MultiPolygon",
        "coordinates": [
          [
            [
              [
                88.74276543,
                27.18657545
              ],
              [
                88.74276543,
                27.18710137
              ],
              [
                88.74322877,
                27.18710137
              ],
              [
                88.74322877,
                27.18657545
              ],
              [
                88.74276543,
                27.18657545
              ]
            ]
          ]
        ]
      },
      "geometry_name": "the_geom",
      "properties": {
        "Slide_No": "SK /PKY /78A12 /2023 /4",
        "State": "SIKKIM",
        "District": "PAKYONG",
        "Toposheet": "78A12",
        "Latitude": 27.1868,
        "Longitude": 88.743,
        "Length": 57.023,
        "Width": 46.441,
        "Height": 91.2353515625,
        "Area": 1993.15176984,
        "Activity": "Active",
        "Geomorphol": "Highly Dissected Structural Hills and Valleys",
        "Lithology": "BANDED MIGMATITE, GARNET BT GNEISS,MICA SCHIST",
        "LULC": "Evergreen Closed Forest",
        "Triggering": "Rainfall",
        "Year": "2023",
        "Basin": "Brahmaputra Basin",
        "Sub_Basin": "Brahmaputra Lower",
        "Source": "RESOURCESAT-2 LISS IV, 10m CARTODEM, Geomorphology 50K, LULC 10k(2018-2023), India-WRIS"
      }
    },
    {
      "type": "Feature",
      "id": "LS_SIKKIM_2023.197",
      "geometry": {
        "type": "MultiPolygon",
        "coordinates": [
          [
            [
              [
                88.73953676,
                27.24041835
              ],
              [
                88.73953676,
                27.24118573
              ],
              [
                88.74056825,
                27.24118573
              ],
              [
                88.74056825,
                27.24041835
              ],
              [
                88.73953676,
                27.24041835
              ]
            ]
          ]
        ]
      },
      "geometry_name": "the_geom",
      "properties": {
        "Slide_No": "SK /PKY /78A12 /2023 /5",
        "State": "SIKKIM",
        "District": "PAKYONG",
        "Toposheet": "78A12",
        "Latitude": 27.2407,
        "Longitude": 88.7401,
        "Length": 127.991,
        "Width": 27.763,
        "Height": 66.2730712891,
        "Area": 2286.21451425,
        "Activity": "Active",
        "Geomorphol": "Highly Dissected Structural Hills and Valleys",
        "Lithology": "BANDED MIGMATITE, GARNET BT GNEISS,MICA SCHIST",
        "LULC": "Wasteland - Sparse Scrub Land",
        "Triggering": "Rainfall",
        "Year": "2023",
        "Basin": "Brahmaputra Basin",
        "Sub_Basin": "Brahmaputra Lower",
        "Source": "RESOURCESAT-2 LISS IV, 10m CARTODEM, Geomorphology 50K, LULC 10k(2018-2023), India-WRIS"
      }
    },
    {
      "type": "Feature",
      "id": "LS_SIKKIM_2023.198",
      "geometry": {
        "type": "MultiPolygon",
        "coordinates": [
          [
            [
              [
                88.7400136,
                27.24018056
              ],
              [
                88.7400136,
                27.24050227
              ],
              [
                88.7403886,
                27.24050227
              ],
              [
                88.7403886,
                27.24018056
              ],
              [
                88.7400136,
                27.24018056
              ]
            ]
          ]
        ]
      },
      "geometry_name": "the_geom",
      "properties": {
        "Slide_No": "SK /PKY /78A12 /2023 /6",
        "State": "SIKKIM",
        "District": "PAKYONG",
        "Toposheet": "78A12",
        "Latitude": 27.2403,
        "Longitude": 88.7402,
        "Length": 45.043,
        "Width": 21.617,
        "Height": 26,
        "Area": 752.362486097,
        "Activity": "Active",
        "Geomorphol": "Highly Dissected Structural Hills and Valleys",
        "Lithology": "BANDED MIGMATITE, GARNET BT GNEISS,MICA SCHIST",
        "LULC": "Wasteland - Sparse Scrub Land",
        "Triggering": "Rainfall",
        "Year": "2023",
        "Basin": "Brahmaputra Basin",
        "Sub_Basin": "Brahmaputra Lower",
        "Source": "RESOURCESAT-2 LISS IV, 10m CARTODEM, Geomorphology 50K, LULC 10k(2018-2023), India-WRIS"
      }
    },
    {
      "type": "Feature",
      "id": "LS_SIKKIM_2023.199",
      "geometry": {
        "type": "MultiPolygon",
        "coordinates": [
          [
            [
              [
                88.71024234,
                27.31040228
              ],
              [
                88.71024234,
                27.31082166
              ],
              [
                88.71058438,
                27.31082166
              ],
              [
                88.71058438,
                27.31040228
              ],
              [
                88.71024234,
                27.31040228
              ]
            ]
          ]
        ]
      },
      "geometry_name": "the_geom",
      "properties": {
        "Slide_No": "SK /PKY /78A11 /2023 /1",
        "State": "SIKKIM",
        "District": "PAKYONG",
        "Toposheet": "78A11",
        "Latitude": 27.3106,
        "Longitude": 88.7104,
        "Length": 49.53,
        "Width": 30.345,
        "Height": 65.6688232422,
        "Area": 962.746700794,
        "Activity": "Active",
        "Geomorphol": "Highly Dissected Structural Hills and Valleys",
        "Lithology": "BANDED MIGMATITE, GARNET BT GNEISS,MICA SCHIST",
        "LULC": "Evergreen Closed Forest",
        "Triggering": "Rainfall",
        "Year": "2023",
        "Basin": "Brahmaputra Basin",
        "Sub_Basin": "Brahmaputra Lower",
        "Source": "RESOURCESAT-2 LISS IV, 10m CARTODEM, Geomorphology 50K, LULC 10k(2018-2023), India-WRIS"
      }
    },
    {
      "type": "Feature",
      "id": "LS_SIKKIM_2023.200",
      "geometry": {
        "type": "MultiPolygon",
        "coordinates": [
          [
            [
              [
                88.69671463,
                27.22763348
              ],
              [
                88.69671463,
                27.2280023
              ],
              [
                88.69715351,
                27.2280023
              ],
              [
                88.69715351,
                27.22763348
              ],
              [
                88.69671463,
                27.22763348
              ]
            ]
          ]
        ]
      },
      "geometry_name": "the_geom",
      "properties": {
        "Slide_No": "SK /PKY /78A12 /2023 /7",
        "State": "SIKKIM",
        "District": "PAKYONG",
        "Toposheet": "78A12",
        "Latitude": 27.2278,
        "Longitude": 88.697,
        "Length": 44.425,
        "Width": 38.999,
        "Height": 47.6743164063,
        "Area": 1199.25313737,
        "Activity": "Active",
        "Geomorphol": "River",
        "Lithology": "BANDED MIGMATITE, GARNET BT GNEISS,MICA SCHIST",
        "LULC": "Evergreen Closed Forest",
        "Triggering": "Rainfall",
        "Year": "2023",
        "Basin": "Brahmaputra Basin",
        "Sub_Basin": "Brahmaputra Lower",
        "Source": "RESOURCESAT-2 LISS IV, 10m CARTODEM, Geomorphology 50K, LULC 10k(2018-2023), India-WRIS"
      }
    },
    {
      "type": "Feature",
      "id": "LS_SIKKIM_2023.201",
      "geometry": {
        "type": "MultiPolygon",
        "coordinates": [
          [
            [
              [
                88.75632928,
                27.23441588
              ],
              [
                88.75632928,
                27.23494698
              ],
              [
                88.75698221,
                27.23494698
              ],
              [
                88.75698221,
                27.23441588
              ],
              [
                88.75632928,
                27.23441588
              ]
            ]
          ]
        ]
      },
      "geometry_name": "the_geom",
      "properties": {
        "Slide_No": "SK /PKY /78A16 /2023 /1",
        "State": "SIKKIM",
        "District": "PAKYONG",
        "Toposheet": "78A16",
        "Latitude": 27.2347,
        "Longitude": 88.7567,
        "Length": 71.385,
        "Width": 45.162,
        "Height": 15.9008789063,
        "Area": 2489.13761826,
        "Activity": "Active",
        "Geomorphol": "River",
        "Lithology": "BANDED MIGMATITE, GARNET BT GNEISS,MICA SCHIST",
        "LULC": "Evergreen Closed Forest",
        "Triggering": "Rainfall",
        "Year": "2023",
        "Basin": "Brahmaputra Basin",
        "Sub_Basin": "Brahmaputra Lower",
        "Source": "RESOURCESAT-2 LISS IV, 10m CARTODEM, Geomorphology 50K, LULC 10k(2018-2023), India-WRIS"
      }
    },
    {
      "type": "Feature",
      "id": "LS_SIKKIM_2023.202",
      "geometry": {
        "type": "MultiPolygon",
        "coordinates": [
          [
            [
              [
                88.61514446,
                27.24264187
              ],
              [
                88.61514446,
                27.24310349
              ],
              [
                88.61607007,
                27.24310349
              ],
              [
                88.61607007,
                27.24264187
              ],
              [
                88.61514446,
                27.24264187
              ]
            ]
          ]
        ]
      },
      "geometry_name": "the_geom",
      "properties": {
        "Slide_No": "SK /PKY /78A12 /2023 /8",
        "State": "SIKKIM",
        "District": "PAKYONG",
        "Toposheet": "78A12",
        "Latitude": 27.2429,
        "Longitude": 88.6156,
        "Length": 96.483,
        "Width": 33.24,
        "Height": 101.992553711,
        "Area": 2586.05819606,
        "Activity": "Active",
        "Geomorphol": "Moderately Dissected Structural Hills and Valleys",
        "Lithology": "CHLORITE SERICITE SCHIST AND QUARTZITE",
        "LULC": "Evergreen Closed Forest",
        "Triggering": "Rainfall",
        "Year": "2023",
        "Basin": "Brahmaputra Basin",
        "Sub_Basin": "Brahmaputra Lower",
        "Source": "RESOURCESAT-2 LISS IV, 10m CARTODEM, Geomorphology 50K, LULC 10k(2018-2023), India-WRIS"
      }
    },
    {
      "type": "Feature",
      "id": "LS_SIKKIM_2023.203",
      "geometry": {
        "type": "MultiPolygon",
        "coordinates": [
          [
            [
              [
                88.70092663,
                27.23399416
              ],
              [
                88.70092663,
                27.23449093
              ],
              [
                88.70166902,
                27.23449093
              ],
              [
                88.70166902,
                27.23399416
              ],
              [
                88.70092663,
                27.23399416
              ]
            ]
          ]
        ]
      },
      "geometry_name": "the_geom",
      "properties": {
        "Slide_No": "SK /PKY /78A12 /2023 /9",
        "State": "SIKKIM",
        "District": "PAKYONG",
        "Toposheet": "78A12",
        "Latitude": 27.2342,
        "Longitude": 88.7013,
        "Length": 84.082,
        "Width": 32.902,
        "Height": 41.2822570801,
        "Area": 1951.14135246,
        "Activity": "Active",
        "Geomorphol": "Moderately Dissected Structural Hills and Valleys",
        "Lithology": "BANDED MIGMATITE, GARNET BT GNEISS,MICA SCHIST",
        "LULC": "Wasteland - Dense Scrub Land",
        "Triggering": "Rainfall",
        "Year": "2023",
        "Basin": "Brahmaputra Basin",
        "Sub_Basin": "Brahmaputra Lower",
        "Source": "RESOURCESAT-2 LISS IV, 10m CARTODEM, Geomorphology 50K, LULC 10k(2018-2023), India-WRIS"
      }
    },
    {
      "type": "Feature",
      "id": "LS_SIKKIM_2023.204",
      "geometry": {
        "type": "MultiPolygon",
        "coordinates": [
          [
            [
              [
                88.70024271,
                27.23458209
              ],
              [
                88.70024271,
                27.23540464
              ],
              [
                88.70094951,
                27.23540464
              ],
              [
                88.70094951,
                27.23458209
              ],
              [
                88.70024271,
                27.23458209
              ]
            ]
          ]
        ]
      },
      "geometry_name": "the_geom",
      "properties": {
        "Slide_No": "SK /PKY /78A12 /2023 /10",
        "State": "SIKKIM",
        "District": "PAKYONG",
        "Toposheet": "78A12",
        "Latitude": 27.2349,
        "Longitude": 88.7006,
        "Length": 109.334,
        "Width": 36.059,
        "Height": 86,
        "Area": 2112.65373031,
        "Activity": "Active",
        "Geomorphol": "Moderately Dissected Structural Hills and Valleys",
        "Lithology": "QUARTZITE,MICA SCHIST, GNEISS,CALCGRANULITE",
        "LULC": "Wasteland - Dense Scrub Land",
        "Triggering": "Rainfall",
        "Year": "2023",
        "Basin": "Brahmaputra Basin",
        "Sub_Basin": "Brahmaputra Lower",
        "Source": "RESOURCESAT-2 LISS IV, 10m CARTODEM, Geomorphology 50K, LULC 10k(2018-2023), India-WRIS"
      }
    },
    {
      "type": "Feature",
      "id": "LS_SIKKIM_2023.205",
      "geometry": {
        "type": "MultiPolygon",
        "coordinates": [
          [
            [
              [
                88.69899687,
                27.23673791
              ],
              [
                88.69899687,
                27.23794429
              ],
              [
                88.69951731,
                27.23794429
              ],
              [
                88.69951731,
                27.23673791
              ],
              [
                88.69899687,
                27.23673791
              ]
            ]
          ]
        ]
      },
      "geometry_name": "the_geom",
      "properties": {
        "Slide_No": "SK /PKY /78A12 /2023 /11",
        "State": "SIKKIM",
        "District": "PAKYONG",
        "Toposheet": "78A12",
        "Latitude": 27.2373,
        "Longitude": 88.6993,
        "Length": 136.856,
        "Width": 32.654,
        "Height": 91,
        "Area": 2527.00872385,
        "Activity": "Active",
        "Geomorphol": "Moderately Dissected Structural Hills and Valleys",
        "Lithology": "QUARTZITE,MICA SCHIST, GNEISS,CALCGRANULITE",
        "LULC": "Wasteland - Dense Scrub Land",
        "Triggering": "Rainfall",
        "Year": "2023",
        "Basin": "Brahmaputra Basin",
        "Sub_Basin": "Brahmaputra Lower",
        "Source": "RESOURCESAT-2 LISS IV, 10m CARTODEM, Geomorphology 50K, LULC 10k(2018-2023), India-WRIS"
      }
    },
    {
      "type": "Feature",
      "id": "LS_SIKKIM_2023.206",
      "geometry": {
        "type": "MultiPolygon",
        "coordinates": [
          [
            [
              [
                88.69529442,
                27.22998448
              ],
              [
                88.69529442,
                27.23201058
              ],
              [
                88.69679234,
                27.23201058
              ],
              [
                88.69679234,
                27.22998448
              ],
              [
                88.69529442,
                27.22998448
              ]
            ]
          ]
        ]
      },
      "geometry_name": "the_geom",
      "properties": {
        "Slide_No": "SK /PKY /78A12 /2023 /12",
        "State": "SIKKIM",
        "District": "PAKYONG",
        "Toposheet": "78A12",
        "Latitude": 27.2312,
        "Longitude": 88.6961,
        "Length": 264.387,
        "Width": 60.901,
        "Height": 4.56030273438,
        "Area": 6037.30120729,
        "Activity": "Active",
        "Geomorphol": "Moderately Dissected Structural Hills and Valleys",
        "Lithology": "BANDED MIGMATITE, GARNET BT GNEISS,MICA SCHIST",
        "LULC": "Wasteland - Dense Scrub Land",
        "Triggering": "Rainfall",
        "Year": "2023",
        "Basin": "Brahmaputra Basin",
        "Sub_Basin": "Brahmaputra Lower",
        "Source": "RESOURCESAT-2 LISS IV, 10m CARTODEM, Geomorphology 50K, LULC 10k(2018-2023), India-WRIS"
      }
    },
    {
      "type": "Feature",
      "id": "LS_SIKKIM_2023.207",
      "geometry": {
        "type": "MultiPolygon",
        "coordinates": [
          [
            [
              [
                88.69415565,
                27.23209387
              ],
              [
                88.69415565,
                27.23316662
              ],
              [
                88.69522109,
                27.23316662
              ],
              [
                88.69522109,
                27.23209387
              ],
              [
                88.69415565,
                27.23209387
              ]
            ]
          ]
        ]
      },
      "geometry_name": "the_geom",
      "properties": {
        "Slide_No": "SK /PKY /78A12 /2023 /13",
        "State": "SIKKIM",
        "District": "PAKYONG",
        "Toposheet": "78A12",
        "Latitude": 27.2326,
        "Longitude": 88.6947,
        "Length": 151.004,
        "Width": 32.276,
        "Height": 38.9739990234,
        "Area": 3114.8553625,
        "Activity": "Active",
        "Geomorphol": "Moderately Dissected Structural Hills and Valleys",
        "Lithology": "BANDED MIGMATITE, GARNET BT GNEISS,MICA SCHIST",
        "LULC": "Evergreen Closed Forest",
        "Triggering": "Rainfall",
        "Year": "2023",
        "Basin": "Brahmaputra Basin",
        "Sub_Basin": "Brahmaputra Lower",
        "Source": "RESOURCESAT-2 LISS IV, 10m CARTODEM, Geomorphology 50K, LULC 10k(2018-2023), India-WRIS"
      }
    },
    {
      "type": "Feature",
      "id": "LS_SIKKIM_2023.208",
      "geometry": {
        "type": "MultiPolygon",
        "coordinates": [
          [
            [
              [
                88.59436708,
                27.20193603
              ],
              [
                88.59436708,
                27.20217398
              ],
              [
                88.5954919,
                27.20217398
              ],
              [
                88.5954919,
                27.20193603
              ],
              [
                88.59436708,
                27.20193603
              ]
            ]
          ]
        ]
      },
      "geometry_name": "the_geom",
      "properties": {
        "Slide_No": "SK /PKY /78A12 /2023 /14",
        "State": "SIKKIM",
        "District": "PAKYONG",
        "Toposheet": "78A12",
        "Latitude": 27.2021,
        "Longitude": 88.5949,
        "Length": 111.103,
        "Width": 21.055,
        "Height": 58.4565429688,
        "Area": 1794.45181903,
        "Activity": "Active",
        "Geomorphol": "Moderately Dissected Structural Hills and Valleys",
        "Lithology": "CHLORITE SERICITE SCHIST AND QUARTZITE",
        "LULC": "Evergreen Open Forest",
        "Triggering": "Rainfall",
        "Year": "2023",
        "Basin": "Brahmaputra Basin",
        "Sub_Basin": "Brahmaputra Lower",
        "Source": "RESOURCESAT-2 LISS IV, 10m CARTODEM, Geomorphology 50K, LULC 10k(2018-2023), India-WRIS"
      }
    },
    {
      "type": "Feature",
      "id": "LS_SIKKIM_2023.209",
      "geometry": {
        "type": "MultiPolygon",
        "coordinates": [
          [
            [
              [
                88.71402867,
                27.27824124
              ],
              [
                88.71402867,
                27.27983059
              ],
              [
                88.7154127,
                27.27983059
              ],
              [
                88.7154127,
                27.27824124
              ],
              [
                88.71402867,
                27.27824124
              ]
            ]
          ]
        ]
      },
      "geometry_name": "the_geom",
      "properties": {
        "Slide_No": "SK /PKY /78A11 /2023 /2",
        "State": "SIKKIM",
        "District": "PAKYONG",
        "Toposheet": "78A11",
        "Latitude": 27.279,
        "Longitude": 88.7147,
        "Length": 182.093,
        "Width": 124.991,
        "Height": 92,
        "Area": 14612.8430698,
        "Activity": "Active",
        "Geomorphol": "Moderately Dissected Structural Hills and Valleys",
        "Lithology": "BANDED MIGMATITE, GARNET BT GNEISS,MICA SCHIST",
        "LULC": "Agriculture - Single crop Land",
        "Triggering": "Rainfall",
        "Year": "2023",
        "Basin": "Brahmaputra Basin",
        "Sub_Basin": "Brahmaputra Lower",
        "Source": "RESOURCESAT-2 LISS IV, 10m CARTODEM, Geomorphology 50K, LULC 10k(2018-2023), India-WRIS"
      }
    },
    {
      "type": "Feature",
      "id": "LS_SIKKIM_2023.210",
      "geometry": {
        "type": "MultiPolygon",
        "coordinates": [
          [
            [
              [
                88.70222302,
                27.25228345
              ],
              [
                88.70222302,
                27.25313292
              ],
              [
                88.70312199,
                27.25313292
              ],
              [
                88.70312199,
                27.25228345
              ],
              [
                88.70222302,
                27.25228345
              ]
            ]
          ]
        ]
      },
      "geometry_name": "the_geom",
      "properties": {
        "Slide_No": "SK /PKY /78A11 /2023 /3",
        "State": "SIKKIM",
        "District": "PAKYONG",
        "Toposheet": "78A11",
        "Latitude": 27.2527,
        "Longitude": 88.7027,
        "Length": 102.286,
        "Width": 72.386,
        "Height": 38.8876953125,
        "Area": 5000.72013659,
        "Activity": "Active",
        "Geomorphol": "Moderately Dissected Structural Hills and Valleys",
        "Lithology": "QUARTZITE,MICA SCHIST, GNEISS,CALCGRANULITE",
        "LULC": "Wasteland - Sparse Scrub Land",
        "Triggering": "Rainfall",
        "Year": "2023",
        "Basin": "Brahmaputra Basin",
        "Sub_Basin": "Brahmaputra Lower",
        "Source": "RESOURCESAT-2 LISS IV, 10m CARTODEM, Geomorphology 50K, LULC 10k(2018-2023), India-WRIS"
      }
    },
    {
      "type": "Feature",
      "id": "LS_SIKKIM_2023.211",
      "geometry": {
        "type": "MultiPolygon",
        "coordinates": [
          [
            [
              [
                88.6373091,
                27.18735784
              ],
              [
                88.6373091,
                27.18971351
              ],
              [
                88.63902231,
                27.18971351
              ],
              [
                88.63902231,
                27.18735784
              ],
              [
                88.6373091,
                27.18735784
              ]
            ]
          ]
        ]
      },
      "geometry_name": "the_geom",
      "properties": {
        "Slide_No": "SK /PKY /78A12 /2023 /15",
        "State": "SIKKIM",
        "District": "PAKYONG",
        "Toposheet": "78A12",
        "Latitude": 27.1884,
        "Longitude": 88.6382,
        "Length": 296.429,
        "Width": 84.684,
        "Height": 26.4576416016,
        "Area": 16365.6609634,
        "Activity": "Active",
        "Geomorphol": "Moderately Dissected Structural Hills and Valleys",
        "Lithology": "CHLORITE SERICITE SCHIST AND QUARTZITE",
        "LULC": "Evergreen Closed Forest",
        "Triggering": "Rainfall",
        "Year": "2023",
        "Basin": "Brahmaputra Basin",
        "Sub_Basin": "Brahmaputra Lower",
        "Source": "RESOURCESAT-2 LISS IV, 10m CARTODEM, Geomorphology 50K, LULC 10k(2018-2023), India-WRIS"
      }
    },
    {
      "type": "Feature",
      "id": "LS_SIKKIM_2023.212",
      "geometry": {
        "type": "MultiPolygon",
        "coordinates": [
          [
            [
              [
                88.50125753,
                27.22113107
              ],
              [
                88.50125753,
                27.2219377
              ],
              [
                88.50175721,
                27.2219377
              ],
              [
                88.50175721,
                27.22113107
              ],
              [
                88.50125753,
                27.22113107
              ]
            ]
          ]
        ]
      },
      "geometry_name": "the_geom",
      "properties": {
        "Slide_No": "SK /PKY /78A12 /2023 /16",
        "State": "SIKKIM",
        "District": "PAKYONG",
        "Toposheet": "78A12",
        "Latitude": 27.2216,
        "Longitude": 88.5015,
        "Length": 93.381,
        "Width": 44.896,
        "Height": 46.0638427734,
        "Area": 2821.63133185,
        "Activity": "Active",
        "Geomorphol": "Highly Dissected Structural Hills and Valleys",
        "Lithology": "CHLORITE SERICITE SCHIST AND QUARTZITE",
        "LULC": "Evergreen Closed Forest",
        "Triggering": "Rainfall",
        "Year": "2023",
        "Basin": "Brahmaputra Basin",
        "Sub_Basin": "Brahmaputra Lower",
        "Source": "RESOURCESAT-2 LISS IV, 10m CARTODEM, Geomorphology 50K, LULC 10k(2018-2023), India-WRIS"
      }
    },
    {
      "type": "Feature",
      "id": "LS_SIKKIM_2023.213",
      "geometry": {
        "type": "MultiPolygon",
        "coordinates": [
          [
            [
              [
                88.52714053,
                27.2064505
              ],
              [
                88.52714053,
                27.20769971
              ],
              [
                88.52784009,
                27.20769971
              ],
              [
                88.52784009,
                27.2064505
              ],
              [
                88.52714053,
                27.2064505
              ]
            ]
          ]
        ]
      },
      "geometry_name": "the_geom",
      "properties": {
        "Slide_No": "SK /PKY /78A12 /2023 /17",
        "State": "SIKKIM",
        "District": "PAKYONG",
        "Toposheet": "78A12",
        "Latitude": 27.2071,
        "Longitude": 88.5275,
        "Length": 141.073,
        "Width": 53.518,
        "Height": 76,
        "Area": 4949.8712906,
        "Activity": "Active",
        "Geomorphol": "Highly Dissected Structural Hills and Valleys",
        "Lithology": "CHLORITE SERICITE SCHIST AND QUARTZITE",
        "LULC": "Agriculture - Fallow Land",
        "Triggering": "Rainfall",
        "Year": "2023",
        "Basin": "Brahmaputra Basin",
        "Sub_Basin": "Brahmaputra Lower",
        "Source": "RESOURCESAT-2 LISS IV, 10m CARTODEM, Geomorphology 50K, LULC 10k(2018-2023), India-WRIS"
      }
    },
    {
      "type": "Feature",
      "id": "LS_SIKKIM_2023.214",
      "geometry": {
        "type": "MultiPolygon",
        "coordinates": [
          [
            [
              [
                88.73258899,
                27.18453434
              ],
              [
                88.73258899,
                27.18533886
              ],
              [
                88.732959,
                27.18533886
              ],
              [
                88.732959,
                27.18453434
              ],
              [
                88.73258899,
                27.18453434
              ]
            ]
          ]
        ]
      },
      "geometry_name": "the_geom",
      "properties": {
        "Slide_No": "SK /PKY /78A12 /2023 /18",
        "State": "SIKKIM",
        "District": "PAKYONG",
        "Toposheet": "78A12",
        "Latitude": 27.1849,
        "Longitude": 88.7328,
        "Length": 89.009,
        "Width": 30.193,
        "Height": 52,
        "Area": 2033.27979429,
        "Activity": "Active",
        "Geomorphol": "Highly Dissected Structural Hills and Valleys",
        "Lithology": "BANDED MIGMATITE, GARNET BT GNEISS,MICA SCHIST",
        "LULC": "Evergreen Closed Forest",
        "Triggering": "Rainfall",
        "Year": "2023",
        "Basin": "Brahmaputra Basin",
        "Sub_Basin": "Brahmaputra Lower",
        "Source": "RESOURCESAT-2 LISS IV, 10m CARTODEM, Geomorphology 50K, LULC 10k(2018-2023), India-WRIS"
      }
    },
    {
      "type": "Feature",
      "id": "LS_SIKKIM_2023.215",
      "geometry": {
        "type": "MultiPolygon",
        "coordinates": [
          [
            [
              [
                88.70182954,
                27.23240023
              ],
              [
                88.70182954,
                27.23369228
              ],
              [
                88.70294234,
                27.23369228
              ],
              [
                88.70294234,
                27.23240023
              ],
              [
                88.70182954,
                27.23240023
              ]
            ]
          ]
        ]
      },
      "geometry_name": "the_geom",
      "properties": {
        "Slide_No": "SK /PKY /78A12 /2023 /19",
        "State": "SIKKIM",
        "District": "PAKYONG",
        "Toposheet": "78A12",
        "Latitude": 27.2331,
        "Longitude": 88.7024,
        "Length": 155.002,
        "Width": 59.054,
        "Height": 31.1700439453,
        "Area": 4657.16018905,
        "Activity": "Active",
        "Geomorphol": "Moderately Dissected Structural Hills and Valleys",
        "Lithology": "BANDED MIGMATITE, GARNET BT GNEISS,MICA SCHIST",
        "LULC": "Wasteland - Dense Scrub Land",
        "Triggering": "Rainfall",
        "Year": "2023",
        "Basin": "Brahmaputra Basin",
        "Sub_Basin": "Brahmaputra Lower",
        "Source": "RESOURCESAT-2 LISS IV, 10m CARTODEM, Geomorphology 50K, LULC 10k(2018-2023), India-WRIS"
      }
    },
    {
      "type": "Feature",
      "id": "LS_SIKKIM_2023.216",
      "geometry": {
        "type": "MultiPolygon",
        "coordinates": [
          [
            [
              [
                88.71499638,
                27.27947997
              ],
              [
                88.71499638,
                27.28081034
              ],
              [
                88.71628755,
                27.28081034
              ],
              [
                88.71628755,
                27.27947997
              ],
              [
                88.71499638,
                27.27947997
              ]
            ]
          ]
        ]
      },
      "geometry_name": "the_geom",
      "properties": {
        "Slide_No": "SK /PKY /78A11 /2023 /4",
        "State": "SIKKIM",
        "District": "PAKYONG",
        "Toposheet": "78A11",
        "Latitude": 27.2802,
        "Longitude": 88.7155,
        "Length": 132.925,
        "Width": 131.749,
        "Height": 19.0487976074,
        "Area": 10825.719734,
        "Activity": "Active",
        "Geomorphol": "Moderately Dissected Structural Hills and Valleys",
        "Lithology": "BANDED MIGMATITE, GARNET BT GNEISS,MICA SCHIST",
        "LULC": "Evergreen Closed Forest",
        "Triggering": "Rainfall",
        "Year": "2023",
        "Basin": "Brahmaputra Basin",
        "Sub_Basin": "Brahmaputra Lower",
        "Source": "RESOURCESAT-2 LISS IV, 10m CARTODEM, Geomorphology 50K, LULC 10k(2018-2023), India-WRIS"
      }
    },
    {
      "type": "Feature",
      "id": "LS_SIKKIM_2023.217",
      "geometry": {
        "type": "MultiPolygon",
        "coordinates": [
          [
            [
              [
                88.6885164,
                27.21323823
              ],
              [
                88.6885164,
                27.21346594
              ],
              [
                88.68882208,
                27.21346594
              ],
              [
                88.68882208,
                27.21323823
              ],
              [
                88.6885164,
                27.21323823
              ]
            ]
          ]
        ]
      },
      "geometry_name": "the_geom",
      "properties": {
        "Slide_No": "SK /PKY /78A12 /2023 /20",
        "State": "SIKKIM",
        "District": "PAKYONG",
        "Toposheet": "78A12",
        "Latitude": 27.2133,
        "Longitude": 88.6886,
        "Length": 33.12,
        "Width": 20.26,
        "Height": 15,
        "Area": 439.553177121,
        "Activity": "Active",
        "Geomorphol": "Highly Dissected Structural Hills and Valleys",
        "Lithology": "BANDED MIGMATITE, GARNET BT GNEISS,MICA SCHIST",
        "LULC": "Agriculture - Single crop Land",
        "Triggering": "Rainfall",
        "Year": "2023",
        "Basin": "Brahmaputra Basin",
        "Sub_Basin": "Brahmaputra Lower",
        "Source": "RESOURCESAT-2 LISS IV, 10m CARTODEM, Geomorphology 50K, LULC 10k(2018-2023), India-WRIS"
      }
    },
    {
      "type": "Feature",
      "id": "LS_SIKKIM_2023.218",
      "geometry": {
        "type": "MultiPolygon",
        "coordinates": [
          [
            [
              [
                88.67528511,
                27.35777869
              ],
              [
                88.67528511,
                27.35883882
              ],
              [
                88.67624531,
                27.35883882
              ],
              [
                88.67624531,
                27.35777869
              ],
              [
                88.67528511,
                27.35777869
              ]
            ]
          ]
        ]
      },
      "geometry_name": "the_geom",
      "properties": {
        "Slide_No": "SK /GTK /78A11 /2023 /5",
        "State": "SIKKIM",
        "District": "GANGTOK",
        "Toposheet": "78A11",
        "Latitude": 27.3583,
        "Longitude": 88.6759,
        "Length": 135.166,
        "Width": 77.88,
        "Height": 204.630615234,
        "Area": 6004.37002224,
        "Activity": "Active",
        "Geomorphol": "Highly Dissected Structural Hills and Valleys",
        "Lithology": "BANDED MIGMATITE, GARNET BT GNEISS,MICA SCHIST",
        "LULC": "Evergreen Open Forest",
        "Triggering": "Rainfall",
        "Year": "2023",
        "Basin": "Brahmaputra Basin",
        "Sub_Basin": "Brahmaputra Lower",
        "Source": "RESOURCESAT-2 LISS IV, 10m CARTODEM, Geomorphology 50K, LULC 10k(2018-2023), India-WRIS"
      }
    },
    {
      "type": "Feature",
      "id": "LS_SIKKIM_2023.219",
      "geometry": {
        "type": "MultiPolygon",
        "coordinates": [
          [
            [
              [
                88.75601276,
                27.34733916
              ],
              [
                88.75601276,
                27.34855626
              ],
              [
                88.75672659,
                27.34855626
              ],
              [
                88.75672659,
                27.34733916
              ],
              [
                88.75601276,
                27.34733916
              ]
            ]
          ]
        ]
      },
      "geometry_name": "the_geom",
      "properties": {
        "Slide_No": "SK /GTK /78A15 /2023 /1",
        "State": "SIKKIM",
        "District": "GANGTOK",
        "Toposheet": "78A15",
        "Latitude": 27.348,
        "Longitude": 88.7563,
        "Length": 137.838,
        "Width": 48.722,
        "Height": 20.1522216797,
        "Area": 3198.58827592,
        "Activity": "Active",
        "Geomorphol": "Highly Dissected Structural Hills and Valleys",
        "Lithology": "BANDED MIGMATITE, GARNET BT GNEISS,MICA SCHIST",
        "LULC": "Evergreen Open Forest",
        "Triggering": "Rainfall",
        "Year": "2023",
        "Basin": "Brahmaputra Basin",
        "Sub_Basin": "Brahmaputra Lower",
        "Source": "RESOURCESAT-2 LISS IV, 10m CARTODEM, Geomorphology 50K, LULC 10k(2018-2023), India-WRIS"
      }
    },
    {
      "type": "Feature",
      "id": "LS_SIKKIM_2023.220",
      "geometry": {
        "type": "MultiPolygon",
        "coordinates": [
          [
            [
              [
                88.49153311,
                27.24639043
              ],
              [
                88.49153311,
                27.24709388
              ],
              [
                88.49229333,
                27.24709388
              ],
              [
                88.49229333,
                27.24639043
              ],
              [
                88.49153311,
                27.24639043
              ]
            ]
          ]
        ]
      },
      "geometry_name": "the_geom",
      "properties": {
        "Slide_No": "SK /GTK /78A8 /2023 /48",
        "State": "SIKKIM",
        "District": "GANGTOK",
        "Toposheet": "78A8",
        "Latitude": 27.2468,
        "Longitude": 88.4919,
        "Length": 86.085,
        "Width": 54.148,
        "Height": 145.534057617,
        "Area": 3553.90548452,
        "Activity": "Active",
        "Geomorphol": "Moderately Dissected Structural Hills and Valleys",
        "Lithology": "CHLORITE SERICITE SCHIST AND QUARTZITE",
        "LULC": "Evergreen Open Forest",
        "Triggering": "Rainfall",
        "Year": "2023",
        "Basin": "Brahmaputra Basin",
        "Sub_Basin": "Brahmaputra Lower",
        "Source": "RESOURCESAT-2 LISS IV, 10m CARTODEM, Geomorphology 50K, LULC 10k(2018-2023), India-WRIS"
      }
    },
    {
      "type": "Feature",
      "id": "LS_SIKKIM_2023.221",
      "geometry": {
        "type": "MultiPolygon",
        "coordinates": [
          [
            [
              [
                88.46563455,
                27.26825494
              ],
              [
                88.46563455,
                27.26971651
              ],
              [
                88.46637422,
                27.26971651
              ],
              [
                88.46637422,
                27.26825494
              ],
              [
                88.46563455,
                27.26825494
              ]
            ]
          ]
        ]
      },
      "geometry_name": "the_geom",
      "properties": {
        "Slide_No": "SK /GTK /78A7 /2023 /63",
        "State": "SIKKIM",
        "District": "GANGTOK",
        "Toposheet": "78A7",
        "Latitude": 27.2691,
        "Longitude": 88.4661,
        "Length": 174.179,
        "Width": 34.278,
        "Height": 268.602905273,
        "Area": 2808.37141693,
        "Activity": "Active",
        "Geomorphol": "Moderately Dissected Structural Hills and Valleys",
        "Lithology": "CHLORITE SERICITE SCHIST AND QUARTZITE",
        "LULC": "Evergreen Closed Forest",
        "Triggering": "Rainfall",
        "Year": "2023",
        "Basin": "Brahmaputra Basin",
        "Sub_Basin": "Brahmaputra Lower",
        "Source": "RESOURCESAT-2 LISS IV, 10m CARTODEM, Geomorphology 50K, LULC 10k(2018-2023), India-WRIS"
      }
    },
    {
      "type": "Feature",
      "id": "LS_SIKKIM_2023.222",
      "geometry": {
        "type": "MultiPolygon",
        "coordinates": [
          [
            [
              [
                88.47879406,
                27.36397013
              ],
              [
                88.47879406,
                27.3654894
              ],
              [
                88.4797904,
                27.3654894
              ],
              [
                88.4797904,
                27.36397013
              ],
              [
                88.47879406,
                27.36397013
              ]
            ]
          ]
        ]
      },
      "geometry_name": "the_geom",
      "properties": {
        "Slide_No": "SK /GTK /78A7 /2023 /64",
        "State": "SIKKIM",
        "District": "GANGTOK",
        "Toposheet": "78A7",
        "Latitude": 27.3648,
        "Longitude": 88.4793,
        "Length": 166.634,
        "Width": 95.096,
        "Height": 127.971435547,
        "Area": 10538.3723313,
        "Activity": "Active",
        "Geomorphol": "Moderately Dissected Structural Hills and Valleys",
        "Lithology": "CHLORITE SERICITE SCHIST AND QUARTZITE",
        "LULC": "Evergreen Closed Forest",
        "Triggering": "Rainfall",
        "Year": "2023",
        "Basin": "Brahmaputra Basin",
        "Sub_Basin": "Brahmaputra Lower",
        "Source": "RESOURCESAT-2 LISS IV, 10m CARTODEM, Geomorphology 50K, LULC 10k(2018-2023), India-WRIS"
      }
    },
    {
      "type": "Feature",
      "id": "LS_SIKKIM_2023.223",
      "geometry": {
        "type": "MultiPolygon",
        "coordinates": [
          [
            [
              [
                88.54913862,
                27.28913765
              ],
              [
                88.54913862,
                27.28994072
              ],
              [
                88.55002199,
                27.28994072
              ],
              [
                88.55002199,
                27.28913765
              ],
              [
                88.54913862,
                27.28913765
              ]
            ]
          ]
        ]
      },
      "geometry_name": "the_geom",
      "properties": {
        "Slide_No": "SK /GTK /78A11 /2023 /6",
        "State": "SIKKIM",
        "District": "GANGTOK",
        "Toposheet": "78A11",
        "Latitude": 27.2896,
        "Longitude": 88.5496,
        "Length": 118.91,
        "Width": 30.736,
        "Height": 26.6151733398,
        "Area": 2108.44894391,
        "Activity": "Reactivated",
        "Geomorphol": "Moderately Dissected Structural Hills and Valleys",
        "Lithology": "CHLORITE SERICITE SCHIST AND QUARTZITE",
        "LULC": "Wasteland - Sparse Scrub Land",
        "Triggering": "Rainfall",
        "Year": "2023",
        "Basin": "Brahmaputra Basin",
        "Sub_Basin": "Brahmaputra Lower",
        "Source": "RESOURCESAT-2 LISS IV, 10m CARTODEM, Geomorphology 50K, LULC 10k(2018-2023), India-WRIS"
      }
    },
    {
      "type": "Feature",
      "id": "LS_SIKKIM_2023.224",
      "geometry": {
        "type": "MultiPolygon",
        "coordinates": [
          [
            [
              [
                88.53180295,
                27.26504543
              ],
              [
                88.53180295,
                27.26571401
              ],
              [
                88.53231216,
                27.26571401
              ],
              [
                88.53231216,
                27.26504543
              ],
              [
                88.53180295,
                27.26504543
              ]
            ]
          ]
        ]
      },
      "geometry_name": "the_geom",
      "properties": {
        "Slide_No": "SK /GTK /78A11 /2023 /7",
        "State": "SIKKIM",
        "District": "GANGTOK",
        "Toposheet": "78A11",
        "Latitude": 27.2654,
        "Longitude": 88.5321,
        "Length": 73.195,
        "Width": 32.66,
        "Height": 63.1723632813,
        "Area": 1677.37003337,
        "Activity": "Active",
        "Geomorphol": "Moderately Dissected Structural Hills and Valleys",
        "Lithology": "CHLORITE SERICITE SCHIST AND QUARTZITE",
        "LULC": "Evergreen Open Forest",
        "Triggering": "Rainfall",
        "Year": "2023",
        "Basin": "Brahmaputra Basin",
        "Sub_Basin": "Brahmaputra Lower",
        "Source": "RESOURCESAT-2 LISS IV, 10m CARTODEM, Geomorphology 50K, LULC 10k(2018-2023), India-WRIS"
      }
    },
    {
      "type": "Feature",
      "id": "LS_SIKKIM_2023.225",
      "geometry": {
        "type": "MultiPolygon",
        "coordinates": [
          [
            [
              [
                88.65159866,
                27.36310425
              ],
              [
                88.65159866,
                27.3639639
              ],
              [
                88.65193013,
                27.3639639
              ],
              [
                88.65193013,
                27.36310425
              ],
              [
                88.65159866,
                27.36310425
              ]
            ]
          ]
        ]
      },
      "geometry_name": "the_geom",
      "properties": {
        "Slide_No": "SK /GTK /78A11 /2023 /8",
        "State": "SIKKIM",
        "District": "GANGTOK",
        "Toposheet": "78A11",
        "Latitude": 27.3636,
        "Longitude": 88.6517,
        "Length": 95.641,
        "Width": 30.883,
        "Height": 343.623535156,
        "Area": 1826.85521605,
        "Activity": "Active",
        "Geomorphol": "Moderately Dissected Structural Hills and Valleys",
        "Lithology": "BANDED MIGMATITE, GARNET BT GNEISS,MICA SCHIST",
        "LULC": "Wasteland - Sparse Scrub Land",
        "Triggering": "Road Cutting",
        "Year": "2023",
        "Basin": "Brahmaputra Basin",
        "Sub_Basin": "Brahmaputra Lower",
        "Source": "RESOURCESAT-2 LISS IV, 10m CARTODEM, Geomorphology 50K, LULC 10k(2018-2023), India-WRIS"
      }
    },
    {
      "type": "Feature",
      "id": "LS_SIKKIM_2023.226",
      "geometry": {
        "type": "MultiPolygon",
        "coordinates": [
          [
            [
              [
                88.65693542,
                27.35716391
              ],
              [
                88.65693542,
                27.35804699
              ],
              [
                88.65765858,
                27.35804699
              ],
              [
                88.65765858,
                27.35716391
              ],
              [
                88.65693542,
                27.35716391
              ]
            ]
          ]
        ]
      },
      "geometry_name": "the_geom",
      "properties": {
        "Slide_No": "SK /GTK /78A11 /2023 /9",
        "State": "SIKKIM",
        "District": "GANGTOK",
        "Toposheet": "78A11",
        "Latitude": 27.3576,
        "Longitude": 88.6573,
        "Length": 100.656,
        "Width": 48.973,
        "Height": 38.4576416016,
        "Area": 3907.46011174,
        "Activity": "Active",
        "Geomorphol": "Moderately Dissected Structural Hills and Valleys",
        "Lithology": "BANDED MIGMATITE, GARNET BT GNEISS,MICA SCHIST",
        "LULC": "Wasteland - Sparse Scrub Land",
        "Triggering": "Rainfall",
        "Year": "2023",
        "Basin": "Brahmaputra Basin",
        "Sub_Basin": "Brahmaputra Lower",
        "Source": "RESOURCESAT-2 LISS IV, 10m CARTODEM, Geomorphology 50K, LULC 10k(2018-2023), India-WRIS"
      }
    },
    {
      "type": "Feature",
      "id": "LS_SIKKIM_2023.227",
      "geometry": {
        "type": "MultiPolygon",
        "coordinates": [
          [
            [
              [
                88.65789744,
                27.35412746
              ],
              [
                88.65789744,
                27.35460494
              ],
              [
                88.65859046,
                27.35460494
              ],
              [
                88.65859046,
                27.35412746
              ],
              [
                88.65789744,
                27.35412746
              ]
            ]
          ]
        ]
      },
      "geometry_name": "the_geom",
      "properties": {
        "Slide_No": "SK /GTK /78A11 /2023 /10",
        "State": "SIKKIM",
        "District": "GANGTOK",
        "Toposheet": "78A11",
        "Latitude": 27.3543,
        "Longitude": 88.6582,
        "Length": 70.608,
        "Width": 49.71,
        "Height": 32.3518066406,
        "Area": 2278.19526135,
        "Activity": "Active",
        "Geomorphol": "Moderately Dissected Structural Hills and Valleys",
        "Lithology": "BANDED MIGMATITE, GARNET BT GNEISS,MICA SCHIST",
        "LULC": "Wasteland - Sparse Scrub Land",
        "Triggering": "Rainfall",
        "Year": "2023",
        "Basin": "Brahmaputra Basin",
        "Sub_Basin": "Brahmaputra Lower",
        "Source": "RESOURCESAT-2 LISS IV, 10m CARTODEM, Geomorphology 50K, LULC 10k(2018-2023), India-WRIS"
      }
    },
    {
      "type": "Feature",
      "id": "LS_SIKKIM_2023.228",
      "geometry": {
        "type": "MultiPolygon",
        "coordinates": [
          [
            [
              [
                88.6638156,
                27.37537476
              ],
              [
                88.6638156,
                27.37577879
              ],
              [
                88.66425049,
                27.37577879
              ],
              [
                88.66425049,
                27.37537476
              ],
              [
                88.6638156,
                27.37537476
              ]
            ]
          ]
        ]
      },
      "geometry_name": "the_geom",
      "properties": {
        "Slide_No": "SK /GTK /78A11 /2023 /11",
        "State": "SIKKIM",
        "District": "GANGTOK",
        "Toposheet": "78A11",
        "Latitude": 27.3756,
        "Longitude": 88.664,
        "Length": 44.727,
        "Width": 42.635,
        "Height": 13.6115722656,
        "Area": 1337.15558326,
        "Activity": "Active",
        "Geomorphol": "Moderately Dissected Structural Hills and Valleys",
        "Lithology": "QUARTZITE,MICA SCHIST, GNEISS,CALCGRANULITE",
        "LULC": "Wasteland - Dense Scrub Land",
        "Triggering": "Rainfall",
        "Year": "2023",
        "Basin": "Brahmaputra Basin",
        "Sub_Basin": "Brahmaputra Lower",
        "Source": "RESOURCESAT-2 LISS IV, 10m CARTODEM, Geomorphology 50K, LULC 10k(2018-2023), India-WRIS"
      }
    },
    {
      "type": "Feature",
      "id": "LS_SIKKIM_2023.229",
      "geometry": {
        "type": "MultiPolygon",
        "coordinates": [
          [
            [
              [
                88.59099062,
                27.35585281
              ],
              [
                88.59099062,
                27.35643459
              ],
              [
                88.59206819,
                27.35643459
              ],
              [
                88.59206819,
                27.35585281
              ],
              [
                88.59099062,
                27.35585281
              ]
            ]
          ]
        ]
      },
      "geometry_name": "the_geom",
      "properties": {
        "Slide_No": "SK /GTK /78A11 /2023 /12",
        "State": "SIKKIM",
        "District": "GANGTOK",
        "Toposheet": "78A11",
        "Latitude": 27.3561,
        "Longitude": 88.5915,
        "Length": 106.991,
        "Width": 59.436,
        "Height": 49.8813476563,
        "Area": 3700.41547079,
        "Activity": "Reactivated",
        "Geomorphol": "Moderately Dissected Structural Hills and Valleys",
        "Lithology": "CHLORITE SERICITE SCHIST AND QUARTZITE",
        "LULC": "Wasteland - Sparse Scrub Land",
        "Triggering": "Rainfall",
        "Year": "2023",
        "Basin": "Brahmaputra Basin",
        "Sub_Basin": "Brahmaputra Lower",
        "Source": "RESOURCESAT-2 LISS IV, 10m CARTODEM, Geomorphology 50K, LULC 10k(2018-2023), India-WRIS"
      }
    },
    {
      "type": "Feature",
      "id": "LS_SIKKIM_2023.230",
      "geometry": {
        "type": "MultiPolygon",
        "coordinates": [
          [
            [
              [
                88.53058297,
                27.38026281
              ],
              [
                88.53058297,
                27.38093501
              ],
              [
                88.53095179,
                27.38093501
              ],
              [
                88.53095179,
                27.38026281
              ],
              [
                88.53058297,
                27.38026281
              ]
            ]
          ]
        ]
      },
      "geometry_name": "the_geom",
      "properties": {
        "Slide_No": "SK /GTK /78A11 /2023 /13",
        "State": "SIKKIM",
        "District": "GANGTOK",
        "Toposheet": "78A11",
        "Latitude": 27.3806,
        "Longitude": 88.5308,
        "Length": 74.285,
        "Width": 36.39,
        "Height": 38.5545654297,
        "Area": 1867.56763256,
        "Activity": "Active",
        "Geomorphol": "Moderately Dissected Structural Hills and Valleys",
        "Lithology": "CHLORITE SERICITE SCHIST AND QUARTZITE",
        "LULC": "Evergreen Closed Forest",
        "Triggering": "Rainfall",
        "Year": "2023",
        "Basin": "Brahmaputra Basin",
        "Sub_Basin": "Brahmaputra Lower",
        "Source": "RESOURCESAT-2 LISS IV, 10m CARTODEM, Geomorphology 50K, LULC 10k(2018-2023), India-WRIS"
      }
    },
    {
      "type": "Feature",
      "id": "LS_SIKKIM_2023.231",
      "geometry": {
        "type": "MultiPolygon",
        "coordinates": [
          [
            [
              [
                88.62283578,
                27.33269535
              ],
              [
                88.62283578,
                27.33341811
              ],
              [
                88.62328193,
                27.33341811
              ],
              [
                88.62328193,
                27.33269535
              ],
              [
                88.62283578,
                27.33269535
              ]
            ]
          ]
        ]
      },
      "geometry_name": "the_geom",
      "properties": {
        "Slide_No": "SK /GTK /78A11 /2023 /14",
        "State": "SIKKIM",
        "District": "GANGTOK",
        "Toposheet": "78A11",
        "Latitude": 27.3331,
        "Longitude": 88.623,
        "Length": 87.037,
        "Width": 22.157,
        "Height": 170.521850586,
        "Area": 1550.44289591,
        "Activity": "Active",
        "Geomorphol": "Moderately Dissected Structural Hills and Valleys",
        "Lithology": "CHLORITE SERICITE SCHIST AND QUARTZITE",
        "LULC": "Evergreen Open Forest",
        "Triggering": "Rainfall",
        "Year": "2023",
        "Basin": "Brahmaputra Basin",
        "Sub_Basin": "Brahmaputra Lower",
        "Source": "RESOURCESAT-2 LISS IV, 10m CARTODEM, Geomorphology 50K, LULC 10k(2018-2023), India-WRIS"
      }
    },
    {
      "type": "Feature",
      "id": "LS_SIKKIM_2023.232",
      "geometry": {
        "type": "MultiPolygon",
        "coordinates": [
          [
            [
              [
                88.61131443,
                27.30780353
              ],
              [
                88.61131443,
                27.30829727
              ],
              [
                88.61167729,
                27.30829727
              ],
              [
                88.61167729,
                27.30780353
              ],
              [
                88.61131443,
                27.30780353
              ]
            ]
          ]
        ]
      },
      "geometry_name": "the_geom",
      "properties": {
        "Slide_No": "SK /GTK /78A11 /2023 /15",
        "State": "SIKKIM",
        "District": "GANGTOK",
        "Toposheet": "78A11",
        "Latitude": 27.308,
        "Longitude": 88.6115,
        "Length": 56.698,
        "Width": 31.549,
        "Height": 49,
        "Area": 1249.1553046,
        "Activity": "Active",
        "Geomorphol": "Moderately Dissected Structural Hills and Valleys",
        "Lithology": "CHLORITE SERICITE SCHIST AND QUARTZITE",
        "LULC": "Evergreen Open Forest",
        "Triggering": "Rainfall",
        "Year": "2023",
        "Basin": "Brahmaputra Basin",
        "Sub_Basin": "Brahmaputra Lower",
        "Source": "RESOURCESAT-2 LISS IV, 10m CARTODEM, Geomorphology 50K, LULC 10k(2018-2023), India-WRIS"
      }
    },
    {
      "type": "Feature",
      "id": "LS_SIKKIM_2023.233",
      "geometry": {
        "type": "MultiPolygon",
        "coordinates": [
          [
            [
              [
                88.54315384,
                27.25553798
              ],
              [
                88.54315384,
                27.25599861
              ],
              [
                88.54349624,
                27.25599861
              ],
              [
                88.54349624,
                27.25553798
              ],
              [
                88.54315384,
                27.25553798
              ]
            ]
          ]
        ]
      },
      "geometry_name": "the_geom",
      "properties": {
        "Slide_No": "SK /GTK /78A11 /2023 /16",
        "State": "SIKKIM",
        "District": "GANGTOK",
        "Toposheet": "78A11",
        "Latitude": 27.2558,
        "Longitude": 88.5433,
        "Length": 53.711,
        "Width": 18.258,
        "Height": 48.8790283203,
        "Area": 645.985460238,
        "Activity": "Active",
        "Geomorphol": "Moderately Dissected Structural Hills and Valleys",
        "Lithology": "CHLORITE SERICITE SCHIST AND QUARTZITE",
        "LULC": "Wasteland - Dense Scrub Land",
        "Triggering": "Rainfall",
        "Year": "2023",
        "Basin": "Brahmaputra Basin",
        "Sub_Basin": "Brahmaputra Lower",
        "Source": "RESOURCESAT-2 LISS IV, 10m CARTODEM, Geomorphology 50K, LULC 10k(2018-2023), India-WRIS"
      }
    },
    {
      "type": "Feature",
      "id": "LS_SIKKIM_2023.234",
      "geometry": {
        "type": "MultiPolygon",
        "coordinates": [
          [
            [
              [
                88.55663843,
                27.26639251
              ],
              [
                88.55663843,
                27.26683271
              ],
              [
                88.55681095,
                27.26683271
              ],
              [
                88.55681095,
                27.26639251
              ],
              [
                88.55663843,
                27.26639251
              ]
            ]
          ]
        ]
      },
      "geometry_name": "the_geom",
      "properties": {
        "Slide_No": "SK /GTK /78A11 /2023 /17",
        "State": "SIKKIM",
        "District": "GANGTOK",
        "Toposheet": "78A11",
        "Latitude": 27.2666,
        "Longitude": 88.5567,
        "Length": 49.841,
        "Width": 12.948,
        "Height": 187.668945313,
        "Area": 473.38826594,
        "Activity": "Active",
        "Geomorphol": "Moderately Dissected Structural Hills and Valleys",
        "Lithology": "CHLORITE SERICITE SCHIST AND QUARTZITE",
        "LULC": "Evergreen Open Forest",
        "Triggering": "Rainfall",
        "Year": "2023",
        "Basin": "Brahmaputra Basin",
        "Sub_Basin": "Brahmaputra Lower",
        "Source": "RESOURCESAT-2 LISS IV, 10m CARTODEM, Geomorphology 50K, LULC 10k(2018-2023), India-WRIS"
      }
    },
    {
      "type": "Feature",
      "id": "LS_SIKKIM_2023.235",
      "geometry": {
        "type": "MultiPolygon",
        "coordinates": [
          [
            [
              [
                88.48038436,
                27.34280549
              ],
              [
                88.48038436,
                27.3433408
              ],
              [
                88.48105438,
                27.3433408
              ],
              [
                88.48105438,
                27.34280549
              ],
              [
                88.48038436,
                27.34280549
              ]
            ]
          ]
        ]
      },
      "geometry_name": "the_geom",
      "properties": {
        "Slide_No": "SK /GTK /78A7 /2023 /65",
        "State": "SIKKIM",
        "District": "GANGTOK",
        "Toposheet": "78A7",
        "Latitude": 27.3431,
        "Longitude": 88.4807,
        "Length": 72.285,
        "Width": 47.21,
        "Height": 43.2359619141,
        "Area": 2350.28661963,
        "Activity": "Active",
        "Geomorphol": "Moderately Dissected Structural Hills and Valleys",
        "Lithology": "CHLORITE SERICITE SCHIST AND QUARTZITE",
        "LULC": "Wasteland - Sparse Scrub Land",
        "Triggering": "Rainfall",
        "Year": "2023",
        "Basin": "Brahmaputra Basin",
        "Sub_Basin": "Brahmaputra Lower",
        "Source": "RESOURCESAT-2 LISS IV, 10m CARTODEM, Geomorphology 50K, LULC 10k(2018-2023), India-WRIS"
      }
    },
    {
      "type": "Feature",
      "id": "LS_SIKKIM_2023.236",
      "geometry": {
        "type": "MultiPolygon",
        "coordinates": [
          [
            [
              [
                88.48037995,
                27.34225373
              ],
              [
                88.48037995,
                27.34272015
              ],
              [
                88.4808577,
                27.34272015
              ],
              [
                88.4808577,
                27.34225373
              ],
              [
                88.48037995,
                27.34225373
              ]
            ]
          ]
        ]
      },
      "geometry_name": "the_geom",
      "properties": {
        "Slide_No": "SK /GTK /78A7 /2023 /66",
        "State": "SIKKIM",
        "District": "GANGTOK",
        "Toposheet": "78A7",
        "Latitude": 27.3425,
        "Longitude": 88.4806,
        "Length": 47.011,
        "Width": 46.323,
        "Height": 873.827758789,
        "Area": 1704.98438613,
        "Activity": "Active",
        "Geomorphol": "Moderately Dissected Structural Hills and Valleys",
        "Lithology": "CHLORITE SERICITE SCHIST AND QUARTZITE",
        "LULC": "Wasteland - Sparse Scrub Land",
        "Triggering": "Rainfall",
        "Year": "2023",
        "Basin": "Brahmaputra Basin",
        "Sub_Basin": "Brahmaputra Lower",
        "Source": "RESOURCESAT-2 LISS IV, 10m CARTODEM, Geomorphology 50K, LULC 10k(2018-2023), India-WRIS"
      }
    },
    {
      "type": "Feature",
      "id": "LS_SIKKIM_2023.237",
      "geometry": {
        "type": "MultiPolygon",
        "coordinates": [
          [
            [
              [
                88.65714362,
                27.35646465
              ],
              [
                88.65714362,
                27.35681413
              ],
              [
                88.65756508,
                27.35681413
              ],
              [
                88.65756508,
                27.35646465
              ],
              [
                88.65714362,
                27.35646465
              ]
            ]
          ]
        ]
      },
      "geometry_name": "the_geom",
      "properties": {
        "Slide_No": "SK /GTK /78A11 /2023 /18",
        "State": "SIKKIM",
        "District": "GANGTOK",
        "Toposheet": "78A11",
        "Latitude": 27.3566,
        "Longitude": 88.6574,
        "Length": 41.697,
        "Width": 38.723,
        "Height": 40.0144042969,
        "Area": 1127.58774146,
        "Activity": "Active",
        "Geomorphol": "Moderately Dissected Structural Hills and Valleys",
        "Lithology": "BANDED MIGMATITE, GARNET BT GNEISS,MICA SCHIST",
        "LULC": "Wasteland - Sparse Scrub Land",
        "Triggering": "Rainfall",
        "Year": "2023",
        "Basin": "Brahmaputra Basin",
        "Sub_Basin": "Brahmaputra Lower",
        "Source": "RESOURCESAT-2 LISS IV, 10m CARTODEM, Geomorphology 50K, LULC 10k(2018-2023), India-WRIS"
      }
    },
    {
      "type": "Feature",
      "id": "LS_SIKKIM_2023.238",
      "geometry": {
        "type": "MultiPolygon",
        "coordinates": [
          [
            [
              [
                88.55091115,
                27.28809217
              ],
              [
                88.55091115,
                27.29028307
              ],
              [
                88.55228426,
                27.29028307
              ],
              [
                88.55228426,
                27.28809217
              ],
              [
                88.55091115,
                27.28809217
              ]
            ]
          ]
        ]
      },
      "geometry_name": "the_geom",
      "properties": {
        "Slide_No": "SK /GTK /78A11 /2023 /19",
        "State": "SIKKIM",
        "District": "GANGTOK",
        "Toposheet": "78A11",
        "Latitude": 27.2895,
        "Longitude": 88.5517,
        "Length": 267.156,
        "Width": 59.316,
        "Height": 103.667602539,
        "Area": 7064.26225419,
        "Activity": "Reactivated",
        "Geomorphol": "Moderately Dissected Structural Hills and Valleys",
        "Lithology": "MYLONITIC GRANITE GNEISS",
        "LULC": "Wasteland - Dense Scrub Land",
        "Triggering": "Rainfall",
        "Year": "2023",
        "Basin": "Brahmaputra Basin",
        "Sub_Basin": "Brahmaputra Lower",
        "Source": "RESOURCESAT-2 LISS IV, 10m CARTODEM, Geomorphology 50K, LULC 10k(2018-2023), India-WRIS"
      }
    },
    {
      "type": "Feature",
      "id": "LS_SIKKIM_2023.239",
      "geometry": {
        "type": "MultiPolygon",
        "coordinates": [
          [
            [
              [
                88.55757576,
                27.2770629
              ],
              [
                88.55757576,
                27.27752095
              ],
              [
                88.55796837,
                27.27752095
              ],
              [
                88.55796837,
                27.2770629
              ],
              [
                88.55757576,
                27.2770629
              ]
            ]
          ]
        ]
      },
      "geometry_name": "the_geom",
      "properties": {
        "Slide_No": "SK /GTK /78A11 /2023 /20",
        "State": "SIKKIM",
        "District": "GANGTOK",
        "Toposheet": "78A11",
        "Latitude": 27.2773,
        "Longitude": 88.5577,
        "Length": 51.066,
        "Width": 37.359,
        "Height": 52.634765625,
        "Area": 1303.10813923,
        "Activity": "Active",
        "Geomorphol": "Moderately Dissected Structural Hills and Valleys",
        "Lithology": "MYLONITIC GRANITE GNEISS",
        "LULC": "Wasteland - Sparse Scrub Land",
        "Triggering": "Rainfall",
        "Year": "2023",
        "Basin": "Brahmaputra Basin",
        "Sub_Basin": "Brahmaputra Lower",
        "Source": "RESOURCESAT-2 LISS IV, 10m CARTODEM, Geomorphology 50K, LULC 10k(2018-2023), India-WRIS"
      }
    },
    {
      "type": "Feature",
      "id": "LS_SIKKIM_2023.275",
      "geometry": {
        "type": "MultiPolygon",
        "coordinates": [
          [
            [
              [
                88.58198117,
                27.42618732
              ],
              [
                88.58198117,
                27.42659574
              ],
              [
                88.58293912,
                27.42659574
              ],
              [
                88.58293912,
                27.42618732
              ],
              [
                88.58198117,
                27.42618732
              ]
            ]
          ]
        ]
      },
      "geometry_name": "the_geom",
      "properties": {
        "Slide_No": "SK /MNG /78A11 /2023 /27",
        "State": "SIKKIM",
        "District": "MANGAN",
        "Toposheet": "78A11",
        "Latitude": 27.4264,
        "Longitude": 88.5825,
        "Length": 94.369,
        "Width": 43.231,
        "Height": 154.672851563,
        "Area": 2855.52947216,
        "Activity": "Active",
        "Geomorphol": "Moderately Dissected Structural Hills and Valleys",
        "Lithology": "CHLORITE SERICITE SCHIST AND QUARTZITE",
        "LULC": "Evergreen Closed Forest",
        "Triggering": "Rainfall",
        "Year": "2023",
        "Basin": "Brahmaputra Basin",
        "Sub_Basin": "Brahmaputra Lower",
        "Source": "RESOURCESAT-2 LISS IV, 10m CARTODEM, Geomorphology 50K, LULC 10k(2018-2023), India-WRIS"
      }
    },
    {
      "type": "Feature",
      "id": "LS_SIKKIM_2023.276",
      "geometry": {
        "type": "MultiPolygon",
        "coordinates": [
          [
            [
              [
                88.56171446,
                27.4045011
              ],
              [
                88.56171446,
                27.40506456
              ],
              [
                88.56213878,
                27.40506456
              ],
              [
                88.56213878,
                27.4045011
              ],
              [
                88.56171446,
                27.4045011
              ]
            ]
          ]
        ]
      },
      "geometry_name": "the_geom",
      "properties": {
        "Slide_No": "SK /MNG /78A11 /2023 /28",
        "State": "SIKKIM",
        "District": "MANGAN",
        "Toposheet": "78A11",
        "Latitude": 27.4047,
        "Longitude": 88.5619,
        "Length": 63.441,
        "Width": 40.428,
        "Height": 23,
        "Area": 1638.82930215,
        "Activity": "Active",
        "Geomorphol": "Moderately Dissected Structural Hills and Valleys",
        "Lithology": "CHLORITE SERICITE SCHIST AND QUARTZITE",
        "LULC": "Evergreen Closed Forest",
        "Triggering": "Rainfall",
        "Year": "2023",
        "Basin": "Brahmaputra Basin",
        "Sub_Basin": "Brahmaputra Lower",
        "Source": "RESOURCESAT-2 LISS IV, 10m CARTODEM, Geomorphology 50K, LULC 10k(2018-2023), India-WRIS"
      }
    },
    {
      "type": "Feature",
      "id": "LS_SIKKIM_2023.307",
      "geometry": {
        "type": "MultiPolygon",
        "coordinates": [
          [
            [
              [
                88.5011571,
                27.4419326
              ],
              [
                88.5011571,
                27.44423098
              ],
              [
                88.50270393,
                27.44423098
              ],
              [
                88.50270393,
                27.4419326
              ],
              [
                88.5011571,
                27.4419326
              ]
            ]
          ]
        ]
      },
      "geometry_name": "the_geom",
      "properties": {
        "Slide_No": "SK /MNG /78A11 /2023 /29",
        "State": "SIKKIM",
        "District": "MANGAN",
        "Toposheet": "78A11",
        "Latitude": 27.443,
        "Longitude": 88.5018,
        "Length": 251.431,
        "Width": 91.94,
        "Height": 79.0521240234,
        "Area": 13909.6244291,
        "Activity": "Reactivated",
        "Geomorphol": "Highly Dissected Structural Hills and Valleys",
        "Lithology": "CHLORITE SERICITE SCHIST AND QUARTZITE",
        "LULC": "Wasteland - Dense Scrub Land",
        "Triggering": "Rainfall",
        "Year": "2023",
        "Basin": "Brahmaputra Basin",
        "Sub_Basin": "Brahmaputra Lower",
        "Source": "RESOURCESAT-2 LISS IV, 10m CARTODEM, Geomorphology 50K, LULC 10k(2018-2023), India-WRIS"
      }
    },
    {
      "type": "Feature",
      "id": "LS_SIKKIM_2023.315",
      "geometry": {
        "type": "MultiPolygon",
        "coordinates": [
          [
            [
              [
                88.62385786,
                27.39553272
              ],
              [
                88.62385786,
                27.39581326
              ],
              [
                88.6241434,
                27.39581326
              ],
              [
                88.6241434,
                27.39553272
              ],
              [
                88.62385786,
                27.39553272
              ]
            ]
          ]
        ]
      },
      "geometry_name": "the_geom",
      "properties": {
        "Slide_No": "SK /MNG /78A11 /2023 /31",
        "State": "SIKKIM",
        "District": "MANGAN",
        "Toposheet": "78A11",
        "Latitude": 27.3957,
        "Longitude": 88.624,
        "Length": 37.457,
        "Width": 20.712,
        "Height": 157.963867188,
        "Area": 579.490797668,
        "Activity": "Active",
        "Geomorphol": "Moderately Dissected Structural Hills and Valleys",
        "Lithology": "BANDED MIGMATITE, GARNET BT GNEISS,MICA SCHIST",
        "LULC": "Evergreen Closed Forest",
        "Triggering": "Rainfall",
        "Year": "2023",
        "Basin": "Brahmaputra Basin",
        "Sub_Basin": "Brahmaputra Lower",
        "Source": "RESOURCESAT-2 LISS IV, 10m CARTODEM, Geomorphology 50K, LULC 10k(2018-2023), India-WRIS"
      }
    },
    {
      "type": "Feature",
      "id": "LS_SIKKIM_2023.316",
      "geometry": {
        "type": "MultiPolygon",
        "coordinates": [
          [
            [
              [
                88.59491218,
                27.4064514
              ],
              [
                88.59491218,
                27.40670553
              ],
              [
                88.59512205,
                27.40670553
              ],
              [
                88.59512205,
                27.4064514
              ],
              [
                88.59491218,
                27.4064514
              ]
            ]
          ]
        ]
      },
      "geometry_name": "the_geom",
      "properties": {
        "Slide_No": "SK /MNG /78A11 /2023 /32",
        "State": "SIKKIM",
        "District": "MANGAN",
        "Toposheet": "78A11",
        "Latitude": 27.4066,
        "Longitude": 88.595,
        "Length": 29.169,
        "Width": 19.985,
        "Height": 142.946533203,
        "Area": 455.592737342,
        "Activity": "Active",
        "Geomorphol": "Moderately Dissected Structural Hills and Valleys",
        "Lithology": "CHLORITE SERICITE SCHIST AND QUARTZITE",
        "LULC": "Evergreen Closed Forest",
        "Triggering": "Rainfall",
        "Year": "2023",
        "Basin": "Brahmaputra Basin",
        "Sub_Basin": "Brahmaputra Lower",
        "Source": "RESOURCESAT-2 LISS IV, 10m CARTODEM, Geomorphology 50K, LULC 10k(2018-2023), India-WRIS"
      }
    }
  ],
  "totalFeatures": "unknown",
  "numberReturned": 243,
  "timeStamp": "2026-09-09T15:39:12.790Z",
  "crs": {
    "type": "name",
    "properties": {
      "name": "urn:ogc:def:crs:EPSG::4326"
    }
  }
}